dataset,n_clusters,seed,n_init,max_iter,tol,n_factuals,solution_type,cf_mode,mask_scenario,alpha_case,alpha,factual_idx,source_cluster,target_cluster,feasible,rank_step,changed_features,weighted_squared_distance,euclidean_distance,rho,tau,positive_tau,runtime_ms,solver_message
Wine,3,42,10,300,0.0001,50,most_parsimonious,Unweighted k-means,All features mutable,α = 1,1.0,62,0,1,True,2.0,2.0,0.9793154221420328,3.568066771775218,1.0000000000000002,2.220446049250313e-16,True,2.1376999999915824,Optimization terminated successfully
Wine,3,42,10,300,0.0001,50,most_parsimonious,Unweighted k-means,All features mutable,α < 1,0.9454695850561792,62,0,1,True,2.0,2.0,1.1591768051209754,3.881919430716289,1.0,0.0,False,2.085699999994972,Optimization terminated successfully
Wine,3,42,10,300,0.0001,50,most_parsimonious,Unweighted k-means,Random 25% immutable,α = 1,1.0,62,0,1,True,2.0,2.0,0.9793154221420328,3.568066771775218,1.0000000000000002,2.220446049250313e-16,True,3.959399999999391,Optimization terminated successfully
Wine,3,42,10,300,0.0001,50,most_parsimonious,Unweighted k-means,Random 25% immutable,α < 1,0.9454695850561792,62,0,1,True,2.0,2.0,1.1591768051209754,3.881919430716289,1.0,0.0,False,2.255900000008637,Optimization terminated successfully
Wine,3,42,10,300,0.0001,50,most_parsimonious,Unweighted k-means,Random 50% immutable,α = 1,1.0,62,0,1,True,2.0,2.0,0.9793154221420328,3.568066771775218,1.0000000000000002,2.220446049250313e-16,True,2.704500000007215,Optimization terminated successfully
Wine,3,42,10,300,0.0001,50,most_parsimonious,Unweighted k-means,Random 50% immutable,α < 1,0.9454695850561792,62,0,1,True,2.0,2.0,1.1591768051209754,3.881919430716289,1.0,0.0,False,2.2756999999984373,Optimization terminated successfully
Wine,3,42,10,300,0.0001,50,most_parsimonious,Unweighted k-means,Random 75% immutable,α = 1,1.0,62,0,1,True,2.0,2.0,1.780168103503934,4.810632530712686,1.0000000000000009,8.881784197001252e-16,True,2.2783000000003995,Optimization terminated successfully
Wine,3,42,10,300,0.0001,50,most_parsimonious,Unweighted k-means,Random 75% immutable,α < 1,0.9454695850561792,62,0,1,False,,,,,,,False,20.106800000007752,No feasible counterfactual found.
Wine,3,42,10,300,0.0001,50,most_parsimonious,Unweighted k-means,All features mutable,α = 1,1.0,74,0,1,True,6.0,6.0,2.522408285767222,5.726369505626919,1.16085425640688,0.16085425640688,True,44.15930000000401,Optimization terminated successfully
Wine,3,42,10,300,0.0001,50,most_parsimonious,Unweighted k-means,All features mutable,α < 1,0.9454695850561792,74,0,1,True,6.0,6.0,2.749621789694533,5.97871919946312,1.0982872087848539,0.09828720878485386,True,21.311600000004205,Optimization terminated successfully
Wine,3,42,10,300,0.0001,50,most_parsimonious,Unweighted k-means,Random 25% immutable,α = 1,1.0,74,0,1,True,4.0,4.0,3.426014146325052,6.673693422852572,1.0,0.0,False,21.229599999998072,Optimization terminated successfully
Wine,3,42,10,300,0.0001,50,most_parsimonious,Unweighted k-means,Random 25% immutable,α < 1,0.9454695850561792,74,0,1,True,4.0,4.0,3.756215289663104,6.987903746161673,1.0,0.0,False,15.602000000001226,Optimization terminated successfully
Wine,3,42,10,300,0.0001,50,most_parsimonious,Unweighted k-means,Random 50% immutable,α = 1,1.0,74,0,1,True,5.0,5.0,3.4544871097006347,6.701367951851939,1.0,0.0,False,12.567399999994677,Optimization terminated successfully
Wine,3,42,10,300,0.0001,50,most_parsimonious,Unweighted k-means,Random 50% immutable,α < 1,0.9454695850561792,74,0,1,True,6.0,6.0,1.5306297733044545,4.4607383977272095,1.0000000000000002,2.220446049250313e-16,True,20.727699999994798,Optimization terminated successfully
Wine,3,42,10,300,0.0001,50,most_parsimonious,Unweighted k-means,Random 75% immutable,α = 1,1.0,74,0,1,False,,,,,,,False,29.878999999993994,No feasible counterfactual found.
Wine,3,42,10,300,0.0001,50,most_parsimonious,Unweighted k-means,Random 75% immutable,α < 1,0.9454695850561792,74,0,1,False,,,,,,,False,16.308099999989167,No feasible counterfactual found.
Wine,3,42,10,300,0.0001,50,most_parsimonious,Unweighted k-means,All features mutable,α = 1,1.0,66,0,1,True,6.0,6.0,3.5416354538692216,6.785371095253367,1.0000000000000004,4.440892098500626e-16,True,60.65230000000099,Optimization terminated successfully
Wine,3,42,10,300,0.0001,50,most_parsimonious,Unweighted k-means,All features mutable,α < 1,0.9454695850561792,66,0,1,True,6.0,6.0,3.9501711946571527,7.1660467156266145,1.0,0.0,False,151.5737999999942,Optimization terminated successfully
Wine,3,42,10,300,0.0001,50,most_parsimonious,Unweighted k-means,Random 25% immutable,α = 1,1.0,66,0,1,True,6.0,6.0,3.5416354538692216,6.785371095253367,1.0000000000000004,4.440892098500626e-16,True,59.10480000000007,Optimization terminated successfully
Wine,3,42,10,300,0.0001,50,most_parsimonious,Unweighted k-means,Random 25% immutable,α < 1,0.9454695850561792,66,0,1,True,6.0,6.0,3.9501711946571527,7.1660467156266145,1.0,0.0,False,147.05229999999858,Optimization terminated successfully
Wine,3,42,10,300,0.0001,50,most_parsimonious,Unweighted k-means,Random 50% immutable,α = 1,1.0,66,0,1,True,7.0,7.0,4.1869954918806185,7.377732808556301,1.0000000000000007,6.661338147750939e-16,True,93.85180000001014,Optimization terminated successfully
Wine,3,42,10,300,0.0001,50,most_parsimonious,Unweighted k-means,Random 50% immutable,α < 1,0.9454695850561792,66,0,1,False,,,,,,,False,178.65369999999814,No feasible counterfactual found.
Wine,3,42,10,300,0.0001,50,most_parsimonious,Unweighted k-means,Random 75% immutable,α = 1,1.0,66,0,1,False,,,,,,,False,23.658299999993915,No feasible counterfactual found.
Wine,3,42,10,300,0.0001,50,most_parsimonious,Unweighted k-means,Random 75% immutable,α < 1,0.9454695850561792,66,0,1,False,,,,,,,False,11.147000000008234,No feasible counterfactual found.
Wine,3,42,10,300,0.0001,50,most_parsimonious,Unweighted k-means,All features mutable,α = 1,1.0,11,2,1,True,4.0,4.0,2.9279621089196484,6.169562984195512,1.0,0.0,False,68.55190000000277,Optimization terminated successfully
Wine,3,42,10,300,0.0001,50,most_parsimonious,Unweighted k-means,All features mutable,α < 1,0.9454695850561792,11,2,1,True,5.0,5.0,3.4127271730459823,6.660739692376348,1.0,0.0,False,89.34109999999862,Optimization terminated successfully
Wine,3,42,10,300,0.0001,50,most_parsimonious,Unweighted k-means,Random 25% immutable,α = 1,1.0,11,2,1,True,5.0,5.0,0.7598252252952438,3.142885287254081,1.0,0.0,False,91.00229999999954,Optimization terminated successfully
Wine,3,42,10,300,0.0001,50,most_parsimonious,Unweighted k-means,Random 25% immutable,α < 1,0.9454695850561792,11,2,1,True,5.0,5.0,0.8770112947550059,3.3765584300904785,1.0000000000000004,4.440892098500626e-16,True,66.21289999999647,Optimization terminated successfully
Wine,3,42,10,300,0.0001,50,most_parsimonious,Unweighted k-means,Random 50% immutable,α = 1,1.0,11,2,1,True,4.0,4.0,1.927871147830193,5.006228612617737,1.0,0.0,False,59.977199999991626,Optimization terminated successfully
Wine,3,42,10,300,0.0001,50,most_parsimonious,Unweighted k-means,Random 50% immutable,α < 1,0.9454695850561792,11,2,1,True,5.0,5.0,1.2566941308844208,4.041908423195344,1.0000000000000002,2.220446049250313e-16,True,76.32800000000373,Optimization terminated successfully
Wine,3,42,10,300,0.0001,50,most_parsimonious,Unweighted k-means,Random 75% immutable,α = 1,1.0,11,2,1,True,3.0,3.0,0.8984788503653448,3.4176344238009837,1.0000000000000002,2.220446049250313e-16,True,14.872799999992026,Optimization terminated successfully
Wine,3,42,10,300,0.0001,50,most_parsimonious,Unweighted k-means,Random 75% immutable,α < 1,0.9454695850561792,11,2,1,True,3.0,3.0,1.0906084022879379,3.7653564545396216,1.0000000000000004,4.440892098500626e-16,True,5.703600000003917,Optimization terminated successfully
Wine,3,42,10,300,0.0001,50,most_parsimonious,Unweighted k-means,All features mutable,α = 1,1.0,138,1,2,True,6.0,6.0,2.1579948387123458,5.296596350795527,1.0000000000000004,4.440892098500626e-16,True,30.566100000001484,Optimization terminated successfully
Wine,3,42,10,300,0.0001,50,most_parsimonious,Unweighted k-means,All features mutable,α < 1,0.9152029201455798,138,1,2,True,6.0,6.0,2.5276977762829302,5.732370460087004,1.0000000000000007,6.661338147750939e-16,True,26.729099999997175,Optimization terminated successfully
Wine,3,42,10,300,0.0001,50,most_parsimonious,Unweighted k-means,Random 25% immutable,α = 1,1.0,138,1,2,True,5.0,5.0,3.453926074644211,6.700823753119816,1.0000000000000036,3.552713678800501e-15,True,36.49289999999894,Optimization terminated successfully
Wine,3,42,10,300,0.0001,50,most_parsimonious,Unweighted k-means,Random 25% immutable,α < 1,0.9152029201455798,138,1,2,True,6.0,6.0,2.4109494894821992,5.598423292612714,1.0,0.0,False,17.363500000001864,Optimization terminated successfully
Wine,3,42,10,300,0.0001,50,most_parsimonious,Unweighted k-means,Random 50% immutable,α = 1,1.0,138,1,2,True,2.0,2.0,2.1248817907450883,5.255802819711385,1.0000000000000002,2.220446049250313e-16,True,2.596100000005208,Optimization terminated successfully
Wine,3,42,10,300,0.0001,50,most_parsimonious,Unweighted k-means,Random 50% immutable,α < 1,0.9152029201455798,138,1,2,True,2.0,2.0,2.485946283054952,5.684830840026322,1.000000000000001,1.1102230246251565e-15,True,2.554200000005835,Optimization terminated successfully
Wine,3,42,10,300,0.0001,50,most_parsimonious,Unweighted k-means,Random 75% immutable,α = 1,1.0,138,1,2,False,,,,,,,False,31.98430000000485,No feasible counterfactual found.
Wine,3,42,10,300,0.0001,50,most_parsimonious,Unweighted k-means,Random 75% immutable,α < 1,0.9152029201455798,138,1,2,False,,,,,,,False,9.222500000007017,No feasible counterfactual found.
Wine,3,42,10,300,0.0001,50,most_parsimonious,Unweighted k-means,All features mutable,α = 1,1.0,173,1,0,True,4.0,4.0,4.064600966167946,7.269099845247917,1.000000000000001,1.1102230246251565e-15,True,12.357000000008611,Optimization terminated successfully
Wine,3,42,10,300,0.0001,50,most_parsimonious,Unweighted k-means,All features mutable,α < 1,0.8911233276631206,173,1,0,True,5.0,5.0,4.455364359366728,7.610501735875728,1.0,0.0,False,18.27819999999747,Optimization terminated successfully
Wine,3,42,10,300,0.0001,50,most_parsimonious,Unweighted k-means,Random 25% immutable,α = 1,1.0,173,1,0,True,5.0,5.0,2.547135598068648,5.754369016225187,1.1741041642195338,0.17410416421953379,True,20.70910000000481,Optimization terminated successfully
Wine,3,42,10,300,0.0001,50,most_parsimonious,Unweighted k-means,Random 25% immutable,α < 1,0.8911233276631206,173,1,0,True,5.0,5.0,2.9002787489427,6.140327657076217,1.100304258711776,0.10030425871177595,True,29.100900000003094,Optimization terminated successfully
Wine,3,42,10,300,0.0001,50,most_parsimonious,Unweighted k-means,Random 50% immutable,α = 1,1.0,173,1,0,True,5.0,5.0,3.7440062366470723,6.97653790044976,1.0,0.0,False,28.80530000000192,Optimization terminated successfully
Wine,3,42,10,300,0.0001,50,most_parsimonious,Unweighted k-means,Random 50% immutable,α < 1,0.8911233276631206,173,1,0,True,6.0,6.0,3.444186274893467,6.691369185272553,1.0,0.0,False,30.877500000002556,Optimization terminated successfully
Wine,3,42,10,300,0.0001,50,most_parsimonious,Unweighted k-means,Random 75% immutable,α = 1,1.0,173,1,0,False,,,,,,,False,19.311299999998255,No feasible counterfactual found.
Wine,3,42,10,300,0.0001,50,most_parsimonious,Unweighted k-means,Random 75% immutable,α < 1,0.8911233276631206,173,1,0,False,,,,,,,False,11.373199999994199,No feasible counterfactual found.
Wine,3,42,10,300,0.0001,50,most_parsimonious,Unweighted k-means,All features mutable,α = 1,1.0,99,0,2,True,1.0,1.0,0.5230699887393343,2.6076636772427815,1.203212300167837,0.20321230016783698,True,1.3332999999988715,Optimization terminated successfully
Wine,3,42,10,300,0.0001,50,most_parsimonious,Unweighted k-means,All features mutable,α < 1,0.9152029201455798,99,0,2,True,1.0,1.0,0.6554347663833402,2.9190155811477645,1.0748736770790739,0.07487367707907389,True,1.5236999999928003,Optimization terminated successfully
Wine,3,42,10,300,0.0001,50,most_parsimonious,Unweighted k-means,Random 25% immutable,α = 1,1.0,99,0,2,True,1.0,1.0,0.5230699887393343,2.6076636772427815,1.203212300167837,0.20321230016783698,True,1.342699999995034,Optimization terminated successfully
Wine,3,42,10,300,0.0001,50,most_parsimonious,Unweighted k-means,Random 25% immutable,α < 1,0.9152029201455798,99,0,2,True,1.0,1.0,0.6554347663833402,2.9190155811477645,1.0748736770790739,0.07487367707907389,True,1.335400000002096,Optimization terminated successfully
Wine,3,42,10,300,0.0001,50,most_parsimonious,Unweighted k-means,Random 50% immutable,α = 1,1.0,99,0,2,True,2.0,2.0,1.4091228487881537,4.280023017957497,1.218276897235969,0.218276897235969,True,6.273300000003701,Optimization terminated successfully
Wine,3,42,10,300,0.0001,50,most_parsimonious,Unweighted k-means,Random 50% immutable,α < 1,0.9152029201455798,99,0,2,True,2.0,2.0,1.765706549953008,4.791052613924116,1.0883314325595703,0.08833143255957032,True,3.4239999999954307,Optimization terminated successfully
Wine,3,42,10,300,0.0001,50,most_parsimonious,Unweighted k-means,Random 75% immutable,α = 1,1.0,99,0,2,True,1.0,1.0,0.5230699887393343,2.6076636772427815,1.203212300167837,0.20321230016783698,True,1.373200000003294,Optimization terminated successfully
Wine,3,42,10,300,0.0001,50,most_parsimonious,Unweighted k-means,Random 75% immutable,α < 1,0.9152029201455798,99,0,2,True,1.0,1.0,0.6554347663833402,2.9190155811477645,1.0748736770790739,0.07487367707907389,True,1.3505000000009204,Optimization terminated successfully
Wine,3,42,10,300,0.0001,50,most_parsimonious,Unweighted k-means,All features mutable,α = 1,1.0,170,1,0,True,3.0,3.0,0.7832260001318738,3.1909149160882304,1.0,0.0,False,12.774500000006128,Optimization terminated successfully
Wine,3,42,10,300,0.0001,50,most_parsimonious,Unweighted k-means,All features mutable,α < 1,0.8911233276631206,170,1,0,True,3.0,3.0,1.287118692010165,4.090543117500675,1.0000000000000002,2.220446049250313e-16,True,18.920300000004886,Optimization terminated successfully
Wine,3,42,10,300,0.0001,50,most_parsimonious,Unweighted k-means,Random 25% immutable,α = 1,1.0,170,1,0,True,3.0,3.0,0.7832260001318738,3.1909149160882304,1.0,0.0,False,12.007599999989793,Optimization terminated successfully
Wine,3,42,10,300,0.0001,50,most_parsimonious,Unweighted k-means,Random 25% immutable,α < 1,0.8911233276631206,170,1,0,True,3.0,3.0,1.287118692010165,4.090543117500675,1.0000000000000002,2.220446049250313e-16,True,20.93460000000391,Optimization terminated successfully
Wine,3,42,10,300,0.0001,50,most_parsimonious,Unweighted k-means,Random 50% immutable,α = 1,1.0,170,1,0,True,4.0,4.0,0.912293652879292,3.443808572994555,1.0000000000000002,2.220446049250313e-16,True,35.739800000001765,Optimization terminated successfully
Wine,3,42,10,300,0.0001,50,most_parsimonious,Unweighted k-means,Random 50% immutable,α < 1,0.8911233276631206,170,1,0,True,4.0,4.0,1.309288229760381,4.125620800180859,1.0000000000000004,4.440892098500626e-16,True,25.832999999991557,Optimization terminated successfully
Wine,3,42,10,300,0.0001,50,most_parsimonious,Unweighted k-means,Random 75% immutable,α = 1,1.0,170,1,0,True,2.0,2.0,0.9994245552194014,3.6045137283484183,1.583483470272024,0.583483470272024,True,3.2397999999886906,Optimization terminated successfully
Wine,3,42,10,300,0.0001,50,most_parsimonious,Unweighted k-means,Random 75% immutable,α < 1,0.8911233276631206,170,1,0,True,2.0,2.0,1.3349265612792665,4.16581868263976,1.3701239409263777,0.3701239409263777,True,9.474299999993718,Optimization terminated successfully
Wine,3,42,10,300,0.0001,50,most_parsimonious,Unweighted k-means,All features mutable,α = 1,1.0,46,2,1,True,6.0,6.0,2.7041944860700586,5.929125426140922,1.0000000000000009,8.881784197001252e-16,True,81.32840000000385,Optimization terminated successfully
Wine,3,42,10,300,0.0001,50,most_parsimonious,Unweighted k-means,All features mutable,α < 1,0.9454695850561792,46,2,1,True,6.0,6.0,3.2894850857654196,6.539365880186737,1.0,0.0,False,62.429199999996854,Optimization terminated successfully
Wine,3,42,10,300,0.0001,50,most_parsimonious,Unweighted k-means,Random 25% immutable,α = 1,1.0,46,2,1,True,6.0,6.0,1.665624051592793,4.653290520771974,1.0,0.0,False,97.27250000000254,Optimization terminated successfully
Wine,3,42,10,300,0.0001,50,most_parsimonious,Unweighted k-means,Random 25% immutable,α < 1,0.9454695850561792,46,2,1,True,6.0,6.0,1.8614808635692777,4.919273444971382,1.0000000000000002,2.220446049250313e-16,True,21.70359999999505,Optimization terminated successfully
Wine,3,42,10,300,0.0001,50,most_parsimonious,Unweighted k-means,Random 50% immutable,α = 1,1.0,46,2,1,True,4.0,4.0,2.3976266534528623,5.582933502638842,1.0,0.0,False,20.544299999997406,Optimization terminated successfully
Wine,3,42,10,300,0.0001,50,most_parsimonious,Unweighted k-means,Random 50% immutable,α < 1,0.9454695850561792,46,2,1,True,4.0,4.0,2.7389803293999826,5.967138701438049,1.0000000000000009,8.881784197001252e-16,True,12.088500000004387,Optimization terminated successfully
Wine,3,42,10,300,0.0001,50,most_parsimonious,Unweighted k-means,Random 75% immutable,α = 1,1.0,46,2,1,False,,,,,,,False,79.79759999999203,No feasible counterfactual found.
Wine,3,42,10,300,0.0001,50,most_parsimonious,Unweighted k-means,Random 75% immutable,α < 1,0.9454695850561792,46,2,1,False,,,,,,,False,26.263400000004822,No feasible counterfactual found.
Wine,3,42,10,300,0.0001,50,most_parsimonious,Unweighted k-means,All features mutable,α = 1,1.0,77,0,2,True,4.0,4.0,1.2481518668540146,4.028147746682362,1.1198534079370996,0.11985340793709964,True,14.034000000009428,Optimization terminated successfully
Wine,3,42,10,300,0.0001,50,most_parsimonious,Unweighted k-means,All features mutable,α < 1,0.9152029201455798,77,0,2,True,4.0,4.0,1.5244591020740277,4.451737674994154,1.0000000000000002,2.220446049250313e-16,True,34.350299999999834,Optimization terminated successfully
Wine,3,42,10,300,0.0001,50,most_parsimonious,Unweighted k-means,Random 25% immutable,α = 1,1.0,77,0,2,True,4.0,4.0,1.1173689465027064,3.8112722684866247,1.1856845896473436,0.18568458964734358,True,82.16960000000029,Optimization terminated successfully
Wine,3,42,10,300,0.0001,50,most_parsimonious,Unweighted k-means,Random 25% immutable,α < 1,0.9152029201455798,77,0,2,True,4.0,4.0,1.2715610793735932,4.0657464298522985,1.1114728559846563,0.11147285598465628,True,24.90490000000989,Optimization terminated successfully
Wine,3,42,10,300,0.0001,50,most_parsimonious,Unweighted k-means,Random 50% immutable,α = 1,1.0,77,0,2,True,3.0,3.0,2.2423666683900114,5.399144996114676,1.000000000000001,1.1102230246251565e-15,True,10.499000000010028,Optimization terminated successfully
Wine,3,42,10,300,0.0001,50,most_parsimonious,Unweighted k-means,Random 50% immutable,α < 1,0.9152029201455798,77,0,2,True,4.0,4.0,1.7331194580449685,4.746635961877063,1.1067254602778194,0.10672546027781937,True,14.439700000011157,Optimization terminated successfully
Wine,3,42,10,300,0.0001,50,most_parsimonious,Unweighted k-means,Random 75% immutable,α = 1,1.0,77,0,2,False,,,,,,,False,23.812199999994732,No feasible counterfactual found.
Wine,3,42,10,300,0.0001,50,most_parsimonious,Unweighted k-means,Random 75% immutable,α < 1,0.9152029201455798,77,0,2,False,,,,,,,False,43.40729999999837,No feasible counterfactual found.
Wine,3,42,10,300,0.0001,50,most_parsimonious,Unweighted k-means,All features mutable,α = 1,1.0,60,0,1,True,1.0,1.0,0.3254154230615586,2.056793742649044,1.5014448695186504,0.5014448695186504,True,1.3146000000006097,Optimization terminated successfully
Wine,3,42,10,300,0.0001,50,most_parsimonious,Unweighted k-means,All features mutable,α < 1,0.9454695850561792,60,0,1,True,1.0,1.0,0.4622209956587239,2.45130025569358,1.259805854213765,0.2598058542137649,True,1.4555999999998903,Optimization terminated successfully
Wine,3,42,10,300,0.0001,50,most_parsimonious,Unweighted k-means,Random 25% immutable,α = 1,1.0,60,0,1,True,1.0,1.0,0.3254154230615586,2.056793742649044,1.5014448695186504,0.5014448695186504,True,1.3651000000010072,Optimization terminated successfully
Wine,3,42,10,300,0.0001,50,most_parsimonious,Unweighted k-means,Random 25% immutable,α < 1,0.9454695850561792,60,0,1,True,1.0,1.0,0.4622209956587239,2.45130025569358,1.259805854213765,0.2598058542137649,True,1.3481000000012955,Optimization terminated successfully
Wine,3,42,10,300,0.0001,50,most_parsimonious,Unweighted k-means,Random 50% immutable,α = 1,1.0,60,0,1,True,1.0,1.0,0.3254154230615586,2.056793742649044,1.5014448695186504,0.5014448695186504,True,1.337800000001721,Optimization terminated successfully
Wine,3,42,10,300,0.0001,50,most_parsimonious,Unweighted k-means,Random 50% immutable,α < 1,0.9454695850561792,60,0,1,True,1.0,1.0,0.4622209956587239,2.45130025569358,1.259805854213765,0.2598058542137649,True,1.338599999996859,Optimization terminated successfully
Wine,3,42,10,300,0.0001,50,most_parsimonious,Unweighted k-means,Random 75% immutable,α = 1,1.0,60,0,1,True,1.0,1.0,0.24181656922485154,1.7730243652931197,2.379559394043395,1.3795593940433948,True,1.4549999999928787,Optimization terminated successfully
Wine,3,42,10,300,0.0001,50,most_parsimonious,Unweighted k-means,Random 75% immutable,α < 1,0.9454695850561792,60,0,1,True,1.0,1.0,0.34347694507627474,2.113102052905058,1.9965986869876138,0.9965986869876138,True,1.4428000000066277,Optimization terminated successfully
Wine,3,42,10,300,0.0001,50,most_parsimonious,Unweighted k-means,All features mutable,α = 1,1.0,176,1,0,True,6.0,6.0,2.2063698753976015,5.3556333313781685,1.0,0.0,False,40.73840000000928,Optimization terminated successfully
Wine,3,42,10,300,0.0001,50,most_parsimonious,Unweighted k-means,All features mutable,α < 1,0.8911233276631206,176,1,0,True,6.0,6.0,2.700582673378187,5.925164533910972,1.0000000000000004,4.440892098500626e-16,True,44.9200999999988,Optimization terminated successfully
Wine,3,42,10,300,0.0001,50,most_parsimonious,Unweighted k-means,Random 25% immutable,α = 1,1.0,176,1,0,True,5.0,5.0,2.0400985014327295,5.149881602389076,1.0000000000000002,2.220446049250313e-16,True,16.22449999999276,Optimization terminated successfully
Wine,3,42,10,300,0.0001,50,most_parsimonious,Unweighted k-means,Random 25% immutable,α < 1,0.8911233276631206,176,1,0,True,5.0,5.0,2.400730575660625,5.586546113976696,1.0000000000000004,4.440892098500626e-16,True,27.84069999999872,Optimization terminated successfully
Wine,3,42,10,300,0.0001,50,most_parsimonious,Unweighted k-means,Random 50% immutable,α = 1,1.0,176,1,0,True,5.0,5.0,2.648830154824673,5.868116564343345,1.0,0.0,False,34.916799999990644,Optimization terminated successfully
Wine,3,42,10,300,0.0001,50,most_parsimonious,Unweighted k-means,Random 50% immutable,α < 1,0.8911233276631206,176,1,0,True,5.0,5.0,3.4223160163810853,6.670090570071302,1.0000000000000002,2.220446049250313e-16,True,28.998099999995475,Optimization terminated successfully
Wine,3,42,10,300,0.0001,50,most_parsimonious,Unweighted k-means,Random 75% immutable,α = 1,1.0,176,1,0,True,3.0,3.0,2.668040210897697,5.8893567341153705,1.0000000000000024,2.4424906541753444e-15,True,10.979000000006067,Optimization terminated successfully
Wine,3,42,10,300,0.0001,50,most_parsimonious,Unweighted k-means,Random 75% immutable,α < 1,0.8911233276631206,176,1,0,False,,,,,,,False,6.439000000000306,No feasible counterfactual found.
Wine,3,42,10,300,0.0001,50,most_parsimonious,Unweighted k-means,All features mutable,α = 1,1.0,132,1,0,True,3.0,3.0,1.0849459570040905,3.7555688571843784,1.0,0.0,False,9.394200000002684,Optimization terminated successfully
Wine,3,42,10,300,0.0001,50,most_parsimonious,Unweighted k-means,All features mutable,α < 1,0.8911233276631206,132,1,0,True,4.0,4.0,1.4748099692473438,4.378644721853495,1.0,0.0,False,13.062400000009688,Optimization terminated successfully
Wine,3,42,10,300,0.0001,50,most_parsimonious,Unweighted k-means,Random 25% immutable,α = 1,1.0,132,1,0,True,4.0,4.0,1.066363937422759,3.7232688845281996,1.0,0.0,False,18.855500000000802,Optimization terminated successfully
Wine,3,42,10,300,0.0001,50,most_parsimonious,Unweighted k-means,Random 25% immutable,α < 1,0.8911233276631206,132,1,0,True,4.0,4.0,1.4349211635548538,4.319024788793541,1.0000000000000002,2.220446049250313e-16,True,19.693000000003735,Optimization terminated successfully
Wine,3,42,10,300,0.0001,50,most_parsimonious,Unweighted k-means,Random 50% immutable,α = 1,1.0,132,1,0,True,3.0,3.0,1.6205768857149943,4.589934587147721,1.0000000000000007,6.661338147750939e-16,True,11.408199999991098,Optimization terminated successfully
Wine,3,42,10,300,0.0001,50,most_parsimonious,Unweighted k-means,Random 50% immutable,α < 1,0.8911233276631206,132,1,0,True,3.0,3.0,2.4313532521834023,5.6220629913212665,1.000000000000001,1.1102230246251565e-15,True,19.274800000005143,Optimization terminated successfully
Wine,3,42,10,300,0.0001,50,most_parsimonious,Unweighted k-means,Random 75% immutable,α = 1,1.0,132,1,0,True,3.0,3.0,0.5129072559856429,2.5822072588801537,1.0056320552813636,0.005632055281363568,True,9.448500000004856,Optimization terminated successfully
Wine,3,42,10,300,0.0001,50,most_parsimonious,Unweighted k-means,Random 75% immutable,α < 1,0.8911233276631206,132,1,0,True,3.0,3.0,0.6737760048300481,2.9595756558653177,1.0,0.0,False,11.763000000001966,Optimization terminated successfully
Wine,3,42,10,300,0.0001,50,most_parsimonious,Unweighted k-means,All features mutable,α = 1,1.0,172,1,0,True,5.0,5.0,3.383139164041254,6.631802856881098,1.0,0.0,False,33.86489999999753,Optimization terminated successfully
Wine,3,42,10,300,0.0001,50,most_parsimonious,Unweighted k-means,All features mutable,α < 1,0.8911233276631206,172,1,0,True,6.0,6.0,2.677344994532951,5.899617354450063,1.0,0.0,False,59.465200000005325,Optimization terminated successfully
Wine,3,42,10,300,0.0001,50,most_parsimonious,Unweighted k-means,Random 25% immutable,α = 1,1.0,172,1,0,True,5.0,5.0,3.383139164041254,6.631802856881098,1.0,0.0,False,33.46670000000529,Optimization terminated successfully
Wine,3,42,10,300,0.0001,50,most_parsimonious,Unweighted k-means,Random 25% immutable,α < 1,0.8911233276631206,172,1,0,True,6.0,6.0,2.677344994532951,5.899617354450063,1.0,0.0,False,53.92530000000306,Optimization terminated successfully
Wine,3,42,10,300,0.0001,50,most_parsimonious,Unweighted k-means,Random 50% immutable,α = 1,1.0,172,1,0,True,6.0,6.0,1.2409420762358756,4.016496855602701,1.0000000000000002,2.220446049250313e-16,True,30.88049999999498,Optimization terminated successfully
Wine,3,42,10,300,0.0001,50,most_parsimonious,Unweighted k-means,Random 50% immutable,α < 1,0.8911233276631206,172,1,0,True,6.0,6.0,1.460715466145606,4.357671518126725,1.0000000000000002,2.220446049250313e-16,True,57.01859999999215,Optimization terminated successfully
Wine,3,42,10,300,0.0001,50,most_parsimonious,Unweighted k-means,Random 75% immutable,α = 1,1.0,172,1,0,True,3.0,3.0,1.7694281424338414,4.796099024378035,1.000000000000002,1.9984014443252818e-15,True,12.283499999995229,Optimization terminated successfully
Wine,3,42,10,300,0.0001,50,most_parsimonious,Unweighted k-means,Random 75% immutable,α < 1,0.8911233276631206,172,1,0,True,3.0,3.0,2.346398874361747,5.5229688906151475,1.0,0.0,False,12.761300000008191,Optimization terminated successfully
Wine,3,42,10,300,0.0001,50,most_parsimonious,Unweighted k-means,All features mutable,α = 1,1.0,113,0,1,True,2.0,2.0,2.0004490343310937,5.099591890171626,1.175952514461734,0.175952514461734,True,8.268700000002127,Optimization terminated successfully
Wine,3,42,10,300,0.0001,50,most_parsimonious,Unweighted k-means,All features mutable,α < 1,0.9454695850561792,113,0,1,True,2.0,2.0,2.2076400443432806,5.357174682280077,1.1194105550059588,0.11941055500595876,True,13.383500000003323,Optimization terminated successfully
Wine,3,42,10,300,0.0001,50,most_parsimonious,Unweighted k-means,Random 25% immutable,α = 1,1.0,113,0,1,True,2.0,2.0,2.0004490343310937,5.099591890171626,1.175952514461734,0.175952514461734,True,9.034799999994902,Optimization terminated successfully
Wine,3,42,10,300,0.0001,50,most_parsimonious,Unweighted k-means,Random 25% immutable,α < 1,0.9454695850561792,113,0,1,True,2.0,2.0,2.2076400443432806,5.357174682280077,1.1194105550059588,0.11941055500595876,True,13.082199999999489,Optimization terminated successfully
Wine,3,42,10,300,0.0001,50,most_parsimonious,Unweighted k-means,Random 50% immutable,α = 1,1.0,113,0,1,True,2.0,2.0,2.0004490343310937,5.099591890171626,1.175952514461734,0.175952514461734,True,9.343699999988075,Optimization terminated successfully
Wine,3,42,10,300,0.0001,50,most_parsimonious,Unweighted k-means,Random 50% immutable,α < 1,0.9454695850561792,113,0,1,True,2.0,2.0,2.2076400443432806,5.357174682280077,1.1194105550059588,0.11941055500595876,True,12.667100000001597,Optimization terminated successfully
Wine,3,42,10,300,0.0001,50,most_parsimonious,Unweighted k-means,Random 75% immutable,α = 1,1.0,113,0,1,True,3.0,3.0,1.1656762261008238,3.892787040066629,1.3088926107643408,0.3088926107643408,True,34.488499999994815,Optimization terminated successfully
Wine,3,42,10,300,0.0001,50,most_parsimonious,Unweighted k-means,Random 75% immutable,α < 1,0.9454695850561792,113,0,1,True,3.0,3.0,1.2864079370757888,4.089413549885271,1.245958641028758,0.24595864102875797,True,15.40770000001146,Optimization terminated successfully
Wine,3,42,10,300,0.0001,50,most_parsimonious,Unweighted k-means,All features mutable,α = 1,1.0,73,2,1,True,7.0,6.0,1.9140836824171799,4.988295086642664,1.0000000000000007,6.661338147750939e-16,True,70.66740000000493,Optimization terminated successfully
Wine,3,42,10,300,0.0001,50,most_parsimonious,Unweighted k-means,All features mutable,α < 1,0.9454695850561792,73,2,1,True,7.0,6.0,2.1180651135892123,5.247365670187257,1.0,0.0,False,125.51900000001126,Optimization terminated successfully
Wine,3,42,10,300,0.0001,50,most_parsimonious,Unweighted k-means,Random 25% immutable,α = 1,1.0,73,2,1,True,7.0,6.0,1.9140836824171799,4.988295086642664,1.0000000000000007,6.661338147750939e-16,True,66.3899999999984,Optimization terminated successfully
Wine,3,42,10,300,0.0001,50,most_parsimonious,Unweighted k-means,Random 25% immutable,α < 1,0.9454695850561792,73,2,1,True,7.0,6.0,2.1180651135892123,5.247365670187257,1.0,0.0,False,129.0389999999917,Optimization terminated successfully
Wine,3,42,10,300,0.0001,50,most_parsimonious,Unweighted k-means,Random 50% immutable,α = 1,1.0,73,2,1,True,6.0,5.0,2.8028681383985763,6.036330491215792,1.0,0.0,False,94.03300000001025,Optimization terminated successfully
Wine,3,42,10,300,0.0001,50,most_parsimonious,Unweighted k-means,Random 50% immutable,α < 1,0.9454695850561792,73,2,1,True,6.0,5.0,3.0949190560335307,6.343023547838672,1.0,0.0,False,105.08130000000904,Optimization terminated successfully
Wine,3,42,10,300,0.0001,50,most_parsimonious,Unweighted k-means,Random 75% immutable,α = 1,1.0,73,2,1,True,3.0,3.0,2.2190399390888174,5.370988662076529,1.0000000000000002,2.220446049250313e-16,True,19.31140000000653,Optimization terminated successfully
Wine,3,42,10,300,0.0001,50,most_parsimonious,Unweighted k-means,Random 75% immutable,α < 1,0.9454695850561792,73,2,1,False,,,,,,,False,46.83969999999249,No feasible counterfactual found.
Wine,3,42,10,300,0.0001,50,most_parsimonious,Unweighted k-means,All features mutable,α = 1,1.0,148,1,2,True,6.0,6.0,2.0110725586521525,5.113114829776267,1.0,0.0,False,140.05589999999302,Optimization terminated successfully
Wine,3,42,10,300,0.0001,50,most_parsimonious,Unweighted k-means,All features mutable,α < 1,0.9152029201455798,148,1,2,True,6.0,6.0,2.4264337847869895,5.616372423747455,1.0,0.0,False,19.799300000002518,Optimization terminated successfully
Wine,3,42,10,300,0.0001,50,most_parsimonious,Unweighted k-means,Random 25% immutable,α = 1,1.0,148,1,2,True,5.0,5.0,3.034075021875858,6.280364263670233,1.0,0.0,False,24.182699999997226,Optimization terminated successfully
Wine,3,42,10,300,0.0001,50,most_parsimonious,Unweighted k-means,Random 25% immutable,α < 1,0.9152029201455798,148,1,2,True,5.0,5.0,4.374486660909354,7.541109108865989,1.0000000000000038,3.774758283725532e-15,True,47.09760000000074,Optimization terminated successfully
Wine,3,42,10,300,0.0001,50,most_parsimonious,Unweighted k-means,Random 50% immutable,α = 1,1.0,148,1,2,True,5.0,5.0,1.9877586526712279,5.083390845166832,1.029620148207195,0.02962014820719494,True,22.157000000007088,Optimization terminated successfully
Wine,3,42,10,300,0.0001,50,most_parsimonious,Unweighted k-means,Random 50% immutable,α < 1,0.9152029201455798,148,1,2,True,5.0,5.0,2.328166851184365,5.501469718665799,1.0000000000000016,1.5543122344752192e-15,True,42.63179999999522,Optimization terminated successfully
Wine,3,42,10,300,0.0001,50,most_parsimonious,Unweighted k-means,Random 75% immutable,α = 1,1.0,148,1,2,False,,,,,,,False,4.446299999997905,No feasible counterfactual found.
Wine,3,42,10,300,0.0001,50,most_parsimonious,Unweighted k-means,Random 75% immutable,α < 1,0.9152029201455798,148,1,2,False,,,,,,,False,4.028699999992114,No feasible counterfactual found.
Wine,3,42,10,300,0.0001,50,most_parsimonious,Unweighted k-means,All features mutable,α = 1,1.0,169,1,2,True,5.0,5.0,2.640051639186061,5.858384701384742,1.0,0.0,False,66.434600000008,Optimization terminated successfully
Wine,3,42,10,300,0.0001,50,most_parsimonious,Unweighted k-means,All features mutable,α < 1,0.9152029201455798,169,1,2,True,5.0,5.0,3.2431591476872255,6.493155544104416,1.0,0.0,False,35.7434000000012,Optimization terminated successfully
Wine,3,42,10,300,0.0001,50,most_parsimonious,Unweighted k-means,Random 25% immutable,α = 1,1.0,169,1,2,True,5.0,5.0,2.640051639186061,5.858384701384742,1.0,0.0,False,69.98040000000572,Optimization terminated successfully
Wine,3,42,10,300,0.0001,50,most_parsimonious,Unweighted k-means,Random 25% immutable,α < 1,0.9152029201455798,169,1,2,True,5.0,5.0,3.2431591476872255,6.493155544104416,1.0,0.0,False,35.338099999989936,Optimization terminated successfully
Wine,3,42,10,300,0.0001,50,most_parsimonious,Unweighted k-means,Random 50% immutable,α = 1,1.0,169,1,2,True,3.0,3.0,1.6581163564215842,4.64279146995432,1.0000000000000004,4.440892098500626e-16,True,13.811799999999153,Optimization terminated successfully
Wine,3,42,10,300,0.0001,50,most_parsimonious,Unweighted k-means,Random 50% immutable,α < 1,0.9152029201455798,169,1,2,True,3.0,3.0,2.1811310696857498,5.324913511590094,1.0000000000000016,1.5543122344752192e-15,True,4.736399999998753,Optimization terminated successfully
Wine,3,42,10,300,0.0001,50,most_parsimonious,Unweighted k-means,Random 75% immutable,α = 1,1.0,169,1,2,True,3.0,3.0,1.1418436826948501,3.8527870269498483,1.0551558257062863,0.0551558257062863,True,7.876800000005346,Optimization terminated successfully
Wine,3,42,10,300,0.0001,50,most_parsimonious,Unweighted k-means,Random 75% immutable,α < 1,0.9152029201455798,169,1,2,True,3.0,3.0,1.376511020348493,4.230206054618428,1.0,0.0,False,4.367700000003083,Optimization terminated successfully
Wine,3,42,10,300,0.0001,50,most_parsimonious,Unweighted k-means,All features mutable,α = 1,1.0,27,2,0,True,1.0,1.0,0.08790227665775423,1.0689853116627959,2.623096351287951,1.623096351287951,True,1.465300000006664,Optimization terminated successfully
Wine,3,42,10,300,0.0001,50,most_parsimonious,Unweighted k-means,All features mutable,α < 1,0.8911233276631206,27,2,0,True,1.0,1.0,0.1659407207124386,1.4687509554930345,1.909140184805409,0.909140184805409,True,1.4429000000006909,Optimization terminated successfully
Wine,3,42,10,300,0.0001,50,most_parsimonious,Unweighted k-means,Random 25% immutable,α = 1,1.0,27,2,0,True,1.0,1.0,0.08790227665775423,1.0689853116627959,2.623096351287951,1.623096351287951,True,1.4292999999980793,Optimization terminated successfully
Wine,3,42,10,300,0.0001,50,most_parsimonious,Unweighted k-means,Random 25% immutable,α < 1,0.8911233276631206,27,2,0,True,1.0,1.0,0.1659407207124386,1.4687509554930345,1.909140184805409,0.909140184805409,True,1.4278999999959296,Optimization terminated successfully
Wine,3,42,10,300,0.0001,50,most_parsimonious,Unweighted k-means,Random 50% immutable,α = 1,1.0,27,2,0,True,1.0,1.0,0.08790227665775423,1.0689853116627959,2.623096351287951,1.623096351287951,True,1.4254000000022415,Optimization terminated successfully
Wine,3,42,10,300,0.0001,50,most_parsimonious,Unweighted k-means,Random 50% immutable,α < 1,0.8911233276631206,27,2,0,True,1.0,1.0,0.1659407207124386,1.4687509554930345,1.909140184805409,0.909140184805409,True,1.3086999999956106,Optimization terminated successfully
Wine,3,42,10,300,0.0001,50,most_parsimonious,Unweighted k-means,Random 75% immutable,α = 1,1.0,27,2,0,True,1.0,1.0,0.3693661936681199,2.1912919745404897,1.3011346474577836,0.3011346474577836,True,1.474899999990953,Optimization terminated successfully
Wine,3,42,10,300,0.0001,50,most_parsimonious,Unweighted k-means,Random 75% immutable,α < 1,0.8911233276631206,27,2,0,True,2.0,2.0,0.2735770331526962,1.8858688795844347,1.1462816282363024,0.14628162823630242,True,6.593999999992661,Optimization terminated successfully
Wine,3,42,10,300,0.0001,50,most_parsimonious,Unweighted k-means,All features mutable,α = 1,1.0,123,0,1,True,4.0,3.0,0.5613091189205404,2.7012994180518057,1.0,0.0,False,9.839700000000562,Optimization terminated successfully
Wine,3,42,10,300,0.0001,50,most_parsimonious,Unweighted k-means,All features mutable,α < 1,0.9454695850561792,123,0,1,True,4.0,3.0,0.73163219901395,3.0840263596768023,1.0,0.0,False,24.498199999996473,Optimization terminated successfully
Wine,3,42,10,300,0.0001,50,most_parsimonious,Unweighted k-means,Random 25% immutable,α = 1,1.0,123,0,1,True,3.0,2.0,1.7021914852802529,4.704092825257947,1.0000000000000009,8.881784197001252e-16,True,8.043200000003026,Optimization terminated successfully
Wine,3,42,10,300,0.0001,50,most_parsimonious,Unweighted k-means,Random 25% immutable,α < 1,0.9454695850561792,123,0,1,True,4.0,3.0,1.641191229742519,4.619035179196273,1.1156897043577567,0.11568970435775672,True,21.80789999999888,Optimization terminated successfully
Wine,3,42,10,300,0.0001,50,most_parsimonious,Unweighted k-means,Random 50% immutable,α = 1,1.0,123,0,1,True,3.0,2.0,1.7021914852802529,4.704092825257947,1.0000000000000009,8.881784197001252e-16,True,8.126300000000697,Optimization terminated successfully
Wine,3,42,10,300,0.0001,50,most_parsimonious,Unweighted k-means,Random 50% immutable,α < 1,0.9454695850561792,123,0,1,True,4.0,3.0,0.591567956677025,2.773154059334123,1.0000000000000002,2.220446049250313e-16,True,22.437400000001162,Optimization terminated successfully
Wine,3,42,10,300,0.0001,50,most_parsimonious,Unweighted k-means,Random 75% immutable,α = 1,1.0,123,0,1,True,2.0,2.0,0.8563267556276843,3.336502333756099,1.0829309944685857,0.08293099446858565,True,8.42559999999537,Optimization terminated successfully
Wine,3,42,10,300,0.0001,50,most_parsimonious,Unweighted k-means,Random 75% immutable,α < 1,0.9454695850561792,123,0,1,True,2.0,2.0,1.074818956934423,3.7380003263974575,1.0000000000000002,2.220446049250313e-16,True,3.6975000000012415,Optimization terminated successfully
Wine,3,42,10,300,0.0001,50,most_parsimonious,Unweighted k-means,All features mutable,α = 1,1.0,89,0,2,True,4.0,4.0,1.7150270478252225,4.721795381179482,1.0,0.0,False,16.049800000004666,Optimization terminated successfully
Wine,3,42,10,300,0.0001,50,most_parsimonious,Unweighted k-means,All features mutable,α < 1,0.9152029201455798,89,0,2,True,4.0,4.0,1.969692847411773,5.060237841875918,1.0000000000000007,6.661338147750939e-16,True,22.698800000000574,Optimization terminated successfully
Wine,3,42,10,300,0.0001,50,most_parsimonious,Unweighted k-means,Random 25% immutable,α = 1,1.0,89,0,2,True,3.0,3.0,2.9667278376713457,6.210270677653873,1.00555908545217,0.005559085452170098,True,6.596599999994623,Optimization terminated successfully
Wine,3,42,10,300,0.0001,50,most_parsimonious,Unweighted k-means,Random 25% immutable,α < 1,0.9152029201455798,89,0,2,True,3.0,3.0,3.3111330031191986,6.560848195206896,1.0,0.0,False,8.941599999999994,Optimization terminated successfully
Wine,3,42,10,300,0.0001,50,most_parsimonious,Unweighted k-means,Random 50% immutable,α = 1,1.0,89,0,2,True,3.0,3.0,4.052092052442176,7.257905805516374,1.0,0.0,False,4.923199999993244,Optimization terminated successfully
Wine,3,42,10,300,0.0001,50,most_parsimonious,Unweighted k-means,Random 50% immutable,α < 1,0.9152029201455798,89,0,2,True,4.0,4.0,3.012600394986598,6.258099163070666,1.0,0.0,False,22.419400000003975,Optimization terminated successfully
Wine,3,42,10,300,0.0001,50,most_parsimonious,Unweighted k-means,Random 75% immutable,α = 1,1.0,89,0,2,False,,,,,,,False,24.373299999993492,No feasible counterfactual found.
Wine,3,42,10,300,0.0001,50,most_parsimonious,Unweighted k-means,Random 75% immutable,α < 1,0.9152029201455798,89,0,2,False,,,,,,,False,45.39090000000101,No feasible counterfactual found.
Wine,3,42,10,300,0.0001,50,most_parsimonious,Unweighted k-means,All features mutable,α = 1,1.0,128,0,2,True,4.0,4.0,1.2456372709672647,4.024088036136193,1.0,0.0,False,13.211400000002982,Optimization terminated successfully
Wine,3,42,10,300,0.0001,50,most_parsimonious,Unweighted k-means,All features mutable,α < 1,0.9152029201455798,128,0,2,True,4.0,4.0,1.4538213416160928,4.347375925890145,1.0,0.0,False,24.74670000000856,Optimization terminated successfully
Wine,3,42,10,300,0.0001,50,most_parsimonious,Unweighted k-means,Random 25% immutable,α = 1,1.0,128,0,2,True,3.0,3.0,3.0995955967891757,6.347814014151587,1.0158508399784754,0.015850839978475362,True,22.649999999998727,Optimization terminated successfully
Wine,3,42,10,300,0.0001,50,most_parsimonious,Unweighted k-means,Random 25% immutable,α < 1,0.9152029201455798,128,0,2,True,3.0,3.0,3.65169881044023,6.889998877773711,1.0000000000000004,4.440892098500626e-16,True,13.395099999996773,Optimization terminated successfully
Wine,3,42,10,300,0.0001,50,most_parsimonious,Unweighted k-means,Random 50% immutable,α = 1,1.0,128,0,2,True,3.0,3.0,1.2488708386878216,4.029307744878974,1.0000000000000007,6.661338147750939e-16,True,16.372699999990914,Optimization terminated successfully
Wine,3,42,10,300,0.0001,50,most_parsimonious,Unweighted k-means,Random 50% immutable,α < 1,0.9152029201455798,128,0,2,True,3.0,3.0,1.4583124122566429,4.3540855939377625,1.0,0.0,False,8.295099999998001,Optimization terminated successfully
Wine,3,42,10,300,0.0001,50,most_parsimonious,Unweighted k-means,Random 75% immutable,α = 1,1.0,128,0,2,True,3.0,3.0,1.2020056572247224,3.952982866636458,1.2224710289789422,0.22247102897894222,True,5.181100000001493,Optimization terminated successfully
Wine,3,42,10,300,0.0001,50,most_parsimonious,Unweighted k-means,Random 75% immutable,α < 1,0.9152029201455798,128,0,2,True,3.0,3.0,1.3635927916865134,4.210309524479723,1.1477557652536243,0.14775576525362433,True,12.459300000003282,Optimization terminated successfully
Wine,3,42,10,300,0.0001,50,most_parsimonious,Unweighted k-means,All features mutable,α = 1,1.0,168,1,2,True,5.0,5.0,2.6997526568022296,5.924253922514546,1.0,0.0,False,32.191500000010365,Optimization terminated successfully
Wine,3,42,10,300,0.0001,50,most_parsimonious,Unweighted k-means,All features mutable,α < 1,0.9152029201455798,168,1,2,True,6.0,6.0,1.3683474489223237,4.217643516940497,1.0000000000000009,8.881784197001252e-16,True,31.947999999999865,Optimization terminated successfully
Wine,3,42,10,300,0.0001,50,most_parsimonious,Unweighted k-means,Random 25% immutable,α = 1,1.0,168,1,2,True,5.0,5.0,2.6997526568022296,5.924253922514546,1.0,0.0,False,30.515300000004686,Optimization terminated successfully
Wine,3,42,10,300,0.0001,50,most_parsimonious,Unweighted k-means,Random 25% immutable,α < 1,0.9152029201455798,168,1,2,True,6.0,6.0,1.147227687805219,3.8618596480799052,1.0537410460075507,0.0537410460075507,True,31.975399999993215,Optimization terminated successfully
Wine,3,42,10,300,0.0001,50,most_parsimonious,Unweighted k-means,Random 50% immutable,α = 1,1.0,168,1,2,True,4.0,4.0,1.1990045467259467,3.94804497282355,1.0,0.0,False,42.973400000008155,Optimization terminated successfully
Wine,3,42,10,300,0.0001,50,most_parsimonious,Unweighted k-means,Random 50% immutable,α < 1,0.9152029201455798,168,1,2,True,4.0,4.0,1.475696798359853,4.3799610019585895,1.0,0.0,False,34.578600000003235,Optimization terminated successfully
Wine,3,42,10,300,0.0001,50,most_parsimonious,Unweighted k-means,Random 75% immutable,α = 1,1.0,168,1,2,False,,,,,,,False,20.578400000005104,No feasible counterfactual found.
Wine,3,42,10,300,0.0001,50,most_parsimonious,Unweighted k-means,Random 75% immutable,α < 1,0.9152029201455798,168,1,2,False,,,,,,,False,13.97869999999557,No feasible counterfactual found.
Wine,3,42,10,300,0.0001,50,most_parsimonious,Unweighted k-means,All features mutable,α = 1,1.0,94,0,1,True,6.0,6.0,2.4126048949653853,5.600344956745969,1.008805571633862,0.008805571633861975,True,24.896600000005265,Optimization terminated successfully
Wine,3,42,10,300,0.0001,50,most_parsimonious,Unweighted k-means,All features mutable,α < 1,0.9454695850561792,94,0,1,True,6.0,6.0,2.594390415121654,5.807501648435539,1.0,0.0,False,44.10280000000455,Optimization terminated successfully
Wine,3,42,10,300,0.0001,50,most_parsimonious,Unweighted k-means,Random 25% immutable,α = 1,1.0,94,0,1,True,5.0,5.0,2.5136952106397024,5.716470741490429,1.0000000000000004,4.440892098500626e-16,True,22.89079999999899,Optimization terminated successfully
Wine,3,42,10,300,0.0001,50,most_parsimonious,Unweighted k-means,Random 25% immutable,α < 1,0.9454695850561792,94,0,1,True,5.0,5.0,2.707436397648121,5.9326784144621865,1.0000000000000004,4.440892098500626e-16,True,43.07490000000769,Optimization terminated successfully
Wine,3,42,10,300,0.0001,50,most_parsimonious,Unweighted k-means,Random 50% immutable,α = 1,1.0,94,0,1,True,6.0,6.0,1.8522798394302562,4.907100764462997,1.0,0.0,False,68.48169999999243,Optimization terminated successfully
Wine,3,42,10,300,0.0001,50,most_parsimonious,Unweighted k-means,Random 50% immutable,α < 1,0.9454695850561792,94,0,1,True,6.0,6.0,2.008984673459153,5.1104599357561735,1.0000000000000002,2.220446049250313e-16,True,52.36149999998929,Optimization terminated successfully
Wine,3,42,10,300,0.0001,50,most_parsimonious,Unweighted k-means,Random 75% immutable,α = 1,1.0,94,0,1,False,,,,,,,False,12.6233999999954,No feasible counterfactual found.
Wine,3,42,10,300,0.0001,50,most_parsimonious,Unweighted k-means,Random 75% immutable,α < 1,0.9454695850561792,94,0,1,False,,,,,,,False,24.315199999989545,No feasible counterfactual found.
Wine,3,42,10,300,0.0001,50,most_parsimonious,Unweighted k-means,All features mutable,α = 1,1.0,144,1,0,True,3.0,3.0,1.365394632325923,4.213090340858714,1.0000000000000002,2.220446049250313e-16,True,25.962300000003324,Optimization terminated successfully
Wine,3,42,10,300,0.0001,50,most_parsimonious,Unweighted k-means,All features mutable,α < 1,0.8911233276631206,144,1,0,True,4.0,4.0,1.7608186102911758,4.784416571932808,1.0000000000000007,6.661338147750939e-16,True,56.65789999999049,Optimization terminated successfully
Wine,3,42,10,300,0.0001,50,most_parsimonious,Unweighted k-means,Random 25% immutable,α = 1,1.0,144,1,0,True,3.0,3.0,1.365394632325923,4.213090340858714,1.0000000000000002,2.220446049250313e-16,True,25.939499999992677,Optimization terminated successfully
Wine,3,42,10,300,0.0001,50,most_parsimonious,Unweighted k-means,Random 25% immutable,α < 1,0.8911233276631206,144,1,0,True,4.0,4.0,1.7608186102911758,4.784416571932808,1.0000000000000007,6.661338147750939e-16,True,55.4932000000008,Optimization terminated successfully
Wine,3,42,10,300,0.0001,50,most_parsimonious,Unweighted k-means,Random 50% immutable,α = 1,1.0,144,1,0,True,4.0,4.0,2.7012426982172064,5.925888547452076,1.0,0.0,False,29.176399999997216,Optimization terminated successfully
Wine,3,42,10,300,0.0001,50,most_parsimonious,Unweighted k-means,Random 50% immutable,α < 1,0.8911233276631206,144,1,0,True,5.0,5.0,0.7662704226075905,3.156186859788038,1.2963248080425307,0.2963248080425307,True,29.63649999999518,Optimization terminated successfully
Wine,3,42,10,300,0.0001,50,most_parsimonious,Unweighted k-means,Random 75% immutable,α = 1,1.0,144,1,0,True,3.0,3.0,0.6232055833324114,2.8463437219213965,1.2074547287097968,0.20745472870979675,True,25.28209999999831,Optimization terminated successfully
Wine,3,42,10,300,0.0001,50,most_parsimonious,Unweighted k-means,Random 75% immutable,α < 1,0.8911233276631206,144,1,0,True,3.0,3.0,0.7836288818573465,3.1917354940761467,1.0767907349903345,0.07679073499033451,True,23.759100000006583,Optimization terminated successfully
Wine,3,42,10,300,0.0001,50,most_parsimonious,Unweighted k-means,All features mutable,α = 1,1.0,157,1,2,True,6.0,6.0,2.865676234288242,6.103588374534045,1.0,0.0,False,58.79330000000493,Optimization terminated successfully
Wine,3,42,10,300,0.0001,50,most_parsimonious,Unweighted k-means,All features mutable,α < 1,0.9152029201455798,157,1,2,True,6.0,6.0,3.4395724479548493,6.686885809060376,1.0,0.0,False,21.000499999999533,Optimization terminated successfully
Wine,3,42,10,300,0.0001,50,most_parsimonious,Unweighted k-means,Random 25% immutable,α = 1,1.0,157,1,2,True,6.0,6.0,2.865676234288242,6.103588374534045,1.0,0.0,False,53.25939999998752,Optimization terminated successfully
Wine,3,42,10,300,0.0001,50,most_parsimonious,Unweighted k-means,Random 25% immutable,α < 1,0.9152029201455798,157,1,2,True,6.0,6.0,3.4395724479548493,6.686885809060376,1.0,0.0,False,13.69449999999972,Optimization terminated successfully
Wine,3,42,10,300,0.0001,50,most_parsimonious,Unweighted k-means,Random 50% immutable,α = 1,1.0,157,1,2,True,6.0,6.0,3.248001151976665,6.498000844544162,1.000000000000001,1.1102230246251565e-15,True,39.27490000000944,Optimization terminated successfully
Wine,3,42,10,300,0.0001,50,most_parsimonious,Unweighted k-means,Random 50% immutable,α < 1,0.9152029201455798,157,1,2,True,7.0,7.0,2.2575922529738097,5.417443981127956,1.0000000000000009,8.881784197001252e-16,True,17.92199999999866,Optimization terminated successfully
Wine,3,42,10,300,0.0001,50,most_parsimonious,Unweighted k-means,Random 75% immutable,α = 1,1.0,157,1,2,False,,,,,,,False,15.872000000001663,No feasible counterfactual found.
Wine,3,42,10,300,0.0001,50,most_parsimonious,Unweighted k-means,Random 75% immutable,α < 1,0.9152029201455798,157,1,2,False,,,,,,,False,19.49310000000537,No feasible counterfactual found.
Wine,3,42,10,300,0.0001,50,most_parsimonious,Unweighted k-means,All features mutable,α = 1,1.0,57,2,1,True,6.0,6.0,1.6735905365575734,4.664405318499718,1.0,0.0,False,45.77519999999424,Optimization terminated successfully
Wine,3,42,10,300,0.0001,50,most_parsimonious,Unweighted k-means,All features mutable,α < 1,0.9454695850561792,57,2,1,True,6.0,6.0,1.8834061497794716,4.9481592483602554,1.0000000000000002,2.220446049250313e-16,True,120.31149999999968,Optimization terminated successfully
Wine,3,42,10,300,0.0001,50,most_parsimonious,Unweighted k-means,Random 25% immutable,α = 1,1.0,57,2,1,True,5.0,5.0,1.5211655772950285,4.446926186124003,1.0,0.0,False,34.72500000000878,Optimization terminated successfully
Wine,3,42,10,300,0.0001,50,most_parsimonious,Unweighted k-means,Random 25% immutable,α < 1,0.9454695850561792,57,2,1,True,5.0,5.0,1.7350345463672165,4.749257742297612,1.0000000000000007,6.661338147750939e-16,True,46.43619999998805,Optimization terminated successfully
Wine,3,42,10,300,0.0001,50,most_parsimonious,Unweighted k-means,Random 50% immutable,α = 1,1.0,57,2,1,True,6.0,6.0,1.309487936556462,4.12593543032777,1.1433395521700176,0.1433395521700176,True,119.62600000001089,Optimization terminated successfully
Wine,3,42,10,300,0.0001,50,most_parsimonious,Unweighted k-means,Random 50% immutable,α < 1,0.9454695850561792,57,2,1,True,6.0,6.0,1.4601447609469238,4.35682015836206,1.082749555206952,0.08274955520695193,True,119.59749999999758,Optimization terminated successfully
Wine,3,42,10,300,0.0001,50,most_parsimonious,Unweighted k-means,Random 75% immutable,α = 1,1.0,57,2,1,True,3.0,3.0,1.80578422729885,4.845120736873855,1.0000000000000084,8.43769498715119e-15,True,17.62300000000039,Optimization terminated successfully
Wine,3,42,10,300,0.0001,50,most_parsimonious,Unweighted k-means,Random 75% immutable,α < 1,0.9454695850561792,57,2,1,True,3.0,3.0,2.040240723299213,5.150061106714149,1.0,0.0,False,41.74969999999689,Optimization terminated successfully
Wine,3,42,10,300,0.0001,50,most_parsimonious,Unweighted k-means,All features mutable,α = 1,1.0,14,2,0,True,4.0,4.0,4.219060520107348,7.40592916259638,1.000000000000002,1.9984014443252818e-15,True,8.581100000000674,Optimization terminated successfully
Wine,3,42,10,300,0.0001,50,most_parsimonious,Unweighted k-means,All features mutable,α < 1,0.8911233276631206,14,2,0,True,5.0,5.0,3.3240044981794306,6.573587945432281,1.0,0.0,False,7.5933999999904245,Optimization terminated successfully
Wine,3,42,10,300,0.0001,50,most_parsimonious,Unweighted k-means,Random 25% immutable,α = 1,1.0,14,2,0,True,4.0,4.0,4.219060520107348,7.40592916259638,1.000000000000002,1.9984014443252818e-15,True,8.935600000000932,Optimization terminated successfully
Wine,3,42,10,300,0.0001,50,most_parsimonious,Unweighted k-means,Random 25% immutable,α < 1,0.8911233276631206,14,2,0,True,5.0,5.0,3.3240044981794306,6.573587945432281,1.0,0.0,False,7.465699999997355,Optimization terminated successfully
Wine,3,42,10,300,0.0001,50,most_parsimonious,Unweighted k-means,Random 50% immutable,α = 1,1.0,14,2,0,True,4.0,4.0,2.700751573744669,5.925349817409998,1.0,0.0,False,11.762300000000891,Optimization terminated successfully
Wine,3,42,10,300,0.0001,50,most_parsimonious,Unweighted k-means,Random 50% immutable,α < 1,0.8911233276631206,14,2,0,True,4.0,4.0,3.0259030129721234,6.271900762020841,1.0,0.0,False,15.095199999990427,Optimization terminated successfully
Wine,3,42,10,300,0.0001,50,most_parsimonious,Unweighted k-means,Random 75% immutable,α = 1,1.0,14,2,0,False,,,,,,,False,21.178000000006136,No feasible counterfactual found.
Wine,3,42,10,300,0.0001,50,most_parsimonious,Unweighted k-means,Random 75% immutable,α < 1,0.8911233276631206,14,2,0,False,,,,,,,False,10.436000000012768,No feasible counterfactual found.
Wine,3,42,10,300,0.0001,50,most_parsimonious,Unweighted k-means,All features mutable,α = 1,1.0,115,0,2,True,3.0,3.0,2.521560103562938,5.725406653358187,1.0,0.0,False,12.597299999995926,Optimization terminated successfully
Wine,3,42,10,300,0.0001,50,most_parsimonious,Unweighted k-means,All features mutable,α < 1,0.9152029201455798,115,0,2,True,3.0,3.0,2.985598102247484,6.22998999431117,1.0,0.0,False,10.135099999999397,Optimization terminated successfully
Wine,3,42,10,300,0.0001,50,most_parsimonious,Unweighted k-means,Random 25% immutable,α = 1,1.0,115,0,2,True,4.0,4.0,3.7974105239511067,7.026118189396217,1.0000000000000016,1.5543122344752192e-15,True,25.066899999998782,Optimization terminated successfully
Wine,3,42,10,300,0.0001,50,most_parsimonious,Unweighted k-means,Random 25% immutable,α < 1,0.9152029201455798,115,0,2,True,4.0,4.0,4.218165244583438,7.405143359826648,1.0,0.0,False,12.441800000004832,Optimization terminated successfully
Wine,3,42,10,300,0.0001,50,most_parsimonious,Unweighted k-means,Random 50% immutable,α = 1,1.0,115,0,2,True,3.0,3.0,2.044447542195099,5.155367886827892,1.0,0.0,False,12.66069999999786,Optimization terminated successfully
Wine,3,42,10,300,0.0001,50,most_parsimonious,Unweighted k-means,Random 50% immutable,α < 1,0.9152029201455798,115,0,2,True,3.0,3.0,2.2532581819383446,5.412241343953397,1.0000000000000004,4.440892098500626e-16,True,9.753900000006865,Optimization terminated successfully
Wine,3,42,10,300,0.0001,50,most_parsimonious,Unweighted k-means,Random 75% immutable,α = 1,1.0,115,0,2,True,3.0,3.0,2.521560103562938,5.725406653358187,1.0,0.0,False,11.905999999996197,Optimization terminated successfully
Wine,3,42,10,300,0.0001,50,most_parsimonious,Unweighted k-means,Random 75% immutable,α < 1,0.9152029201455798,115,0,2,True,3.0,3.0,2.985598102247484,6.22998999431117,1.0,0.0,False,11.748900000000617,Optimization terminated successfully
Wine,3,42,10,300,0.0001,50,most_parsimonious,Unweighted k-means,All features mutable,α = 1,1.0,140,1,2,True,6.0,6.0,1.5434881147418658,4.479435845242596,1.0,0.0,False,38.45619999999883,Optimization terminated successfully
Wine,3,42,10,300,0.0001,50,most_parsimonious,Unweighted k-means,All features mutable,α < 1,0.9152029201455798,140,1,2,True,6.0,6.0,1.8414181420135447,4.892692085772012,1.0000000000000007,6.661338147750939e-16,True,42.75649999999587,Optimization terminated successfully
Wine,3,42,10,300,0.0001,50,most_parsimonious,Unweighted k-means,Random 25% immutable,α = 1,1.0,140,1,2,True,6.0,6.0,1.9066032324624544,4.978538141062284,1.0,0.0,False,45.4376999999937,Optimization terminated successfully
Wine,3,42,10,300,0.0001,50,most_parsimonious,Unweighted k-means,Random 25% immutable,α < 1,0.9152029201455798,140,1,2,True,6.0,6.0,2.2891906656530505,5.4552248948590245,1.0,0.0,False,22.947399999992513,Optimization terminated successfully
Wine,3,42,10,300,0.0001,50,most_parsimonious,Unweighted k-means,Random 50% immutable,α = 1,1.0,140,1,2,True,5.0,5.0,2.082683143626623,5.203352848610797,1.0000000000000009,8.881784197001252e-16,True,22.569900000007692,Optimization terminated successfully
Wine,3,42,10,300,0.0001,50,most_parsimonious,Unweighted k-means,Random 50% immutable,α < 1,0.9152029201455798,140,1,2,True,5.0,5.0,2.5141844568478176,5.717027019266363,1.0000000000000002,2.220446049250313e-16,True,14.275300000008428,Optimization terminated successfully
Wine,3,42,10,300,0.0001,50,most_parsimonious,Unweighted k-means,Random 75% immutable,α = 1,1.0,140,1,2,True,3.0,3.0,2.962238258515491,6.205569865910896,1.0000000000000007,6.661338147750939e-16,True,36.03739999999789,Optimization terminated successfully
Wine,3,42,10,300,0.0001,50,most_parsimonious,Unweighted k-means,Random 75% immutable,α < 1,0.9152029201455798,140,1,2,True,3.0,3.0,3.783141826121599,7.012905513378944,1.0,0.0,False,15.40150000001006,Optimization terminated successfully
Wine,3,42,10,300,0.0001,50,most_parsimonious,Unweighted k-means,All features mutable,α = 1,1.0,106,0,1,True,2.0,2.0,1.724504096408247,4.734823465907383,1.0187445461760358,0.018744546176035826,True,2.787499999996612,Optimization terminated successfully
Wine,3,42,10,300,0.0001,50,most_parsimonious,Unweighted k-means,All features mutable,α < 1,0.9454695850561792,106,0,1,True,3.0,3.0,1.6438525185394932,4.622778681811774,1.126867366805079,0.12686736680507904,True,3.266399999986902,Optimization terminated successfully
Wine,3,42,10,300,0.0001,50,most_parsimonious,Unweighted k-means,Random 25% immutable,α = 1,1.0,106,0,1,True,2.0,2.0,1.724504096408247,4.734823465907383,1.0187445461760358,0.018744546176035826,True,2.795500000004836,Optimization terminated successfully
Wine,3,42,10,300,0.0001,50,most_parsimonious,Unweighted k-means,Random 25% immutable,α < 1,0.9454695850561792,106,0,1,True,3.0,3.0,1.6438525185394932,4.622778681811774,1.126867366805079,0.12686736680507904,True,3.2029999999991787,Optimization terminated successfully
Wine,3,42,10,300,0.0001,50,most_parsimonious,Unweighted k-means,Random 50% immutable,α = 1,1.0,106,0,1,True,5.0,5.0,0.9676083240028535,3.5466756564474706,1.4168056657370145,0.4168056657370145,True,24.894000000003302,Optimization terminated successfully
Wine,3,42,10,300,0.0001,50,most_parsimonious,Unweighted k-means,Random 50% immutable,α < 1,0.9454695850561792,106,0,1,True,5.0,5.0,1.0757512291309632,3.739621100954283,1.3437056943424346,0.3437056943424346,True,37.77279999999905,Optimization terminated successfully
Wine,3,42,10,300,0.0001,50,most_parsimonious,Unweighted k-means,Random 75% immutable,α = 1,1.0,106,0,1,True,2.0,2.0,1.724504096408247,4.734823465907383,1.0187445461760358,0.018744546176035826,True,2.7475999999921896,Optimization terminated successfully
Wine,3,42,10,300,0.0001,50,most_parsimonious,Unweighted k-means,Random 75% immutable,α < 1,0.9454695850561792,106,0,1,True,3.0,3.0,1.8349861502101552,4.884139632804534,1.0094919556231934,0.009491955623193382,True,3.218900000007352,Optimization terminated successfully
Wine,3,42,10,300,0.0001,50,most_parsimonious,Unweighted k-means,All features mutable,α = 1,1.0,85,0,1,True,4.0,4.0,2.7435265776935833,5.9720888732516855,1.0,0.0,False,10.539299999990703,Optimization terminated successfully
Wine,3,42,10,300,0.0001,50,most_parsimonious,Unweighted k-means,All features mutable,α < 1,0.9454695850561792,85,0,1,True,4.0,4.0,3.113839294263421,6.3623824802839755,1.0,0.0,False,46.16649999999822,Optimization terminated successfully
Wine,3,42,10,300,0.0001,50,most_parsimonious,Unweighted k-means,Random 25% immutable,α = 1,1.0,85,0,1,True,4.0,4.0,2.7435265776935833,5.9720888732516855,1.0,0.0,False,10.214799999999968,Optimization terminated successfully
Wine,3,42,10,300,0.0001,50,most_parsimonious,Unweighted k-means,Random 25% immutable,α < 1,0.9454695850561792,85,0,1,True,4.0,4.0,3.113839294263421,6.3623824802839755,1.0,0.0,False,48.14969999999619,Optimization terminated successfully
Wine,3,42,10,300,0.0001,50,most_parsimonious,Unweighted k-means,Random 50% immutable,α = 1,1.0,85,0,1,True,5.0,5.0,3.494172660536671,6.739751077523318,1.0000000000000018,1.7763568394002505e-15,True,45.2949000000018,Optimization terminated successfully
Wine,3,42,10,300,0.0001,50,most_parsimonious,Unweighted k-means,Random 50% immutable,α < 1,0.9454695850561792,85,0,1,True,6.0,6.0,1.4302008510923083,4.311915011245005,1.2437821144603707,0.24378211446037068,True,35.60540000000856,Optimization terminated successfully
Wine,3,42,10,300,0.0001,50,most_parsimonious,Unweighted k-means,Random 75% immutable,α = 1,1.0,85,0,1,False,,,,,,,False,13.726200000007793,No feasible counterfactual found.
Wine,3,42,10,300,0.0001,50,most_parsimonious,Unweighted k-means,Random 75% immutable,α < 1,0.9454695850561792,85,0,1,False,,,,,,,False,6.361600000005296,No feasible counterfactual found.
Wine,3,42,10,300,0.0001,50,most_parsimonious,Unweighted k-means,All features mutable,α = 1,1.0,103,0,1,True,2.0,2.0,1.9689995608613842,5.05934721986918,1.0,0.0,False,2.4470000000036407,Optimization terminated successfully
Wine,3,42,10,300,0.0001,50,most_parsimonious,Unweighted k-means,All features mutable,α < 1,0.9454695850561792,103,0,1,True,3.0,3.0,1.8600934191888217,4.917439826724337,1.061946393044334,0.061946393044334025,True,12.99380000000383,Optimization terminated successfully
Wine,3,42,10,300,0.0001,50,most_parsimonious,Unweighted k-means,Random 25% immutable,α = 1,1.0,103,0,1,True,3.0,3.0,2.9241171737397798,6.165510786513728,1.0000000000000007,6.661338147750939e-16,True,9.48509999999203,Optimization terminated successfully
Wine,3,42,10,300,0.0001,50,most_parsimonious,Unweighted k-means,Random 25% immutable,α < 1,0.9454695850561792,103,0,1,True,3.0,3.0,3.3760406311339515,6.624841749411178,1.0,0.0,False,9.172400000011294,Optimization terminated successfully
Wine,3,42,10,300,0.0001,50,most_parsimonious,Unweighted k-means,Random 50% immutable,α = 1,1.0,103,0,1,True,2.0,2.0,1.9689995608613842,5.05934721986918,1.0,0.0,False,2.4659000000042397,Optimization terminated successfully
Wine,3,42,10,300,0.0001,50,most_parsimonious,Unweighted k-means,Random 50% immutable,α < 1,0.9454695850561792,103,0,1,True,3.0,3.0,2.082358031582416,5.202946704567654,1.0,0.0,False,13.359199999996463,Optimization terminated successfully
Wine,3,42,10,300,0.0001,50,most_parsimonious,Unweighted k-means,Random 75% immutable,α = 1,1.0,103,0,1,True,3.0,3.0,2.6359510408465017,5.85383323395914,1.000000000000001,1.1102230246251565e-15,True,4.531900000003475,Optimization terminated successfully
Wine,3,42,10,300,0.0001,50,most_parsimonious,Unweighted k-means,Random 75% immutable,α < 1,0.9454695850561792,103,0,1,True,3.0,3.0,3.332701808738034,6.582182275932082,1.0000000000000016,1.5543122344752192e-15,True,9.657500000002983,Optimization terminated successfully
Wine,3,42,10,300,0.0001,50,most_parsimonious,Unweighted k-means,All features mutable,α = 1,1.0,71,0,1,True,6.0,6.0,2.3002280525074266,5.46836032852596,1.0000000000000007,6.661338147750939e-16,True,110.04060000000493,Optimization terminated successfully
Wine,3,42,10,300,0.0001,50,most_parsimonious,Unweighted k-means,All features mutable,α < 1,0.9454695850561792,71,0,1,True,7.0,7.0,1.695583757390097,4.69495355100253,1.0,0.0,False,91.85220000000527,Optimization terminated successfully
Wine,3,42,10,300,0.0001,50,most_parsimonious,Unweighted k-means,Random 25% immutable,α = 1,1.0,71,0,1,True,6.0,6.0,2.0151350446595897,5.118276622123375,1.0000000000000004,4.440892098500626e-16,True,77.1727999999996,Optimization terminated successfully
Wine,3,42,10,300,0.0001,50,most_parsimonious,Unweighted k-means,Random 25% immutable,α < 1,0.9454695850561792,71,0,1,True,6.0,6.0,2.2164340487076943,5.36783407280814,1.0,0.0,False,22.518200000007482,Optimization terminated successfully
Wine,3,42,10,300,0.0001,50,most_parsimonious,Unweighted k-means,Random 50% immutable,α = 1,1.0,71,0,1,True,5.0,5.0,1.7200234385961808,4.728668385682204,1.0,0.0,False,40.56169999999781,Optimization terminated successfully
Wine,3,42,10,300,0.0001,50,most_parsimonious,Unweighted k-means,Random 50% immutable,α < 1,0.9454695850561792,71,0,1,True,5.0,5.0,1.9161438857698456,4.990978913500636,1.0,0.0,False,45.884299999997324,Optimization terminated successfully
Wine,3,42,10,300,0.0001,50,most_parsimonious,Unweighted k-means,Random 75% immutable,α = 1,1.0,71,0,1,False,,,,,,,False,5.061699999998837,No feasible counterfactual found.
Wine,3,42,10,300,0.0001,50,most_parsimonious,Unweighted k-means,Random 75% immutable,α < 1,0.9454695850561792,71,0,1,False,,,,,,,False,8.52419999999654,No feasible counterfactual found.
Wine,3,42,10,300,0.0001,50,most_parsimonious,Unweighted k-means,All features mutable,α = 1,1.0,136,1,2,True,6.0,6.0,3.474203340302588,6.720464524415975,1.0,0.0,False,30.55070000000626,Optimization terminated successfully
Wine,3,42,10,300,0.0001,50,most_parsimonious,Unweighted k-means,All features mutable,α < 1,0.9152029201455798,136,1,2,True,6.0,6.0,4.0231944296188225,7.23197950668036,1.0000000000000033,3.3306690738754696e-15,True,99.28570000001002,Optimization terminated successfully
Wine,3,42,10,300,0.0001,50,most_parsimonious,Unweighted k-means,Random 25% immutable,α = 1,1.0,136,1,2,True,5.0,5.0,3.4950670027737902,6.740613550416555,1.0,0.0,False,34.11870000000761,Optimization terminated successfully
Wine,3,42,10,300,0.0001,50,most_parsimonious,Unweighted k-means,Random 25% immutable,α < 1,0.9152029201455798,136,1,2,True,5.0,5.0,4.061341268071958,7.266184451618019,1.0000000000000033,3.3306690738754696e-15,True,41.821299999995176,Optimization terminated successfully
Wine,3,42,10,300,0.0001,50,most_parsimonious,Unweighted k-means,Random 50% immutable,α = 1,1.0,136,1,2,True,5.0,5.0,2.8458631893371393,6.082451928407064,1.0272569408137833,0.02725694081378327,True,31.735799999992764,Optimization terminated successfully
Wine,3,42,10,300,0.0001,50,most_parsimonious,Unweighted k-means,Random 50% immutable,α < 1,0.9152029201455798,136,1,2,True,5.0,5.0,3.2035214924631172,6.453354120302134,1.0,0.0,False,35.39210000000992,Optimization terminated successfully
Wine,3,42,10,300,0.0001,50,most_parsimonious,Unweighted k-means,Random 75% immutable,α = 1,1.0,136,1,2,False,,,,,,,False,12.587899999999763,No feasible counterfactual found.
Wine,3,42,10,300,0.0001,50,most_parsimonious,Unweighted k-means,Random 75% immutable,α < 1,0.9152029201455798,136,1,2,False,,,,,,,False,24.205699999996,No feasible counterfactual found.
Wine,3,42,10,300,0.0001,50,most_parsimonious,Unweighted k-means,All features mutable,α = 1,1.0,102,0,1,True,2.0,2.0,1.0290437464518636,3.6575358786858434,1.0855026844684996,0.08550268446849962,True,11.222599999996419,Optimization terminated successfully
Wine,3,42,10,300,0.0001,50,most_parsimonious,Unweighted k-means,All features mutable,α < 1,0.9454695850561792,102,0,1,True,2.0,2.0,1.1790887851078513,3.915118670794292,1.014085517843711,0.014085517843710926,True,2.955900000003453,Optimization terminated successfully
Wine,3,42,10,300,0.0001,50,most_parsimonious,Unweighted k-means,Random 25% immutable,α = 1,1.0,102,0,1,True,3.0,3.0,1.389289060436386,4.249795028665854,1.0000000000000002,2.220446049250313e-16,True,21.257099999999696,Optimization terminated successfully
Wine,3,42,10,300,0.0001,50,most_parsimonious,Unweighted k-means,Random 25% immutable,α < 1,0.9454695850561792,102,0,1,True,3.0,3.0,1.7163459826846972,4.723610671393343,1.0,0.0,False,20.710100000002285,Optimization terminated successfully
Wine,3,42,10,300,0.0001,50,most_parsimonious,Unweighted k-means,Random 50% immutable,α = 1,1.0,102,0,1,True,3.0,3.0,1.1300737602610538,3.8328786679718547,1.0,0.0,False,12.871500000002811,Optimization terminated successfully
Wine,3,42,10,300,0.0001,50,most_parsimonious,Unweighted k-means,Random 50% immutable,α < 1,0.9454695850561792,102,0,1,True,3.0,3.0,1.312562053195983,4.130775555697475,1.0,0.0,False,30.124300000011317,Optimization terminated successfully
Wine,3,42,10,300,0.0001,50,most_parsimonious,Unweighted k-means,Random 75% immutable,α = 1,1.0,102,0,1,True,2.0,2.0,1.0290437464518636,3.6575358786858434,1.0855026844684996,0.08550268446849962,True,11.18590000000097,Optimization terminated successfully
Wine,3,42,10,300,0.0001,50,most_parsimonious,Unweighted k-means,Random 75% immutable,α < 1,0.9454695850561792,102,0,1,True,2.0,2.0,1.1790887851078513,3.915118670794292,1.014085517843711,0.014085517843710926,True,2.8305000000017344,Optimization terminated successfully
Wine,3,42,10,300,0.0001,50,most_parsimonious,Unweighted k-means,All features mutable,α = 1,1.0,10,2,1,True,7.0,7.0,2.242093813661394,5.398816497863038,1.0000000000000002,2.220446049250313e-16,True,134.30350000000146,Optimization terminated successfully
Wine,3,42,10,300,0.0001,50,most_parsimonious,Unweighted k-means,All features mutable,α < 1,0.9454695850561792,10,2,1,True,7.0,7.0,2.43746448305201,5.629124113010489,1.0,0.0,False,147.17320000001166,Optimization terminated successfully
Wine,3,42,10,300,0.0001,50,most_parsimonious,Unweighted k-means,Random 25% immutable,α = 1,1.0,10,2,1,True,6.0,6.0,3.2209949477542392,6.470929942504794,1.0,0.0,False,19.8861000000079,Optimization terminated successfully
Wine,3,42,10,300,0.0001,50,most_parsimonious,Unweighted k-means,Random 25% immutable,α < 1,0.9454695850561792,10,2,1,True,6.0,6.0,3.5009621663319104,6.746295884581022,1.0000000000000002,2.220446049250313e-16,True,27.488300000001686,Optimization terminated successfully
Wine,3,42,10,300,0.0001,50,most_parsimonious,Unweighted k-means,Random 50% immutable,α = 1,1.0,10,2,1,True,5.0,5.0,2.159987021628752,5.299040600068447,1.0,0.0,False,58.44910000000425,Optimization terminated successfully
Wine,3,42,10,300,0.0001,50,most_parsimonious,Unweighted k-means,Random 50% immutable,α < 1,0.9454695850561792,10,2,1,True,5.0,5.0,2.335071721462097,5.5096217999974595,1.0,0.0,False,107.71959999999581,Optimization terminated successfully
Wine,3,42,10,300,0.0001,50,most_parsimonious,Unweighted k-means,Random 75% immutable,α = 1,1.0,10,2,1,False,,,,,,,False,56.28670000000113,No feasible counterfactual found.
Wine,3,42,10,300,0.0001,50,most_parsimonious,Unweighted k-means,Random 75% immutable,α < 1,0.9454695850561792,10,2,1,False,,,,,,,False,63.409000000007154,No feasible counterfactual found.
Wine,3,42,10,300,0.0001,50,most_parsimonious,Unweighted k-means,All features mutable,α = 1,1.0,108,0,1,True,3.0,3.0,2.1654813471229417,5.305775863396252,1.0050689788743206,0.005068978874320562,True,13.500800000002755,Optimization terminated successfully
Wine,3,42,10,300,0.0001,50,most_parsimonious,Unweighted k-means,All features mutable,α < 1,0.9454695850561792,108,0,1,True,3.0,3.0,2.3680981356547957,5.548448049996714,1.0021583191969343,0.002158319196934322,True,13.19270000000472,Optimization terminated successfully
Wine,3,42,10,300,0.0001,50,most_parsimonious,Unweighted k-means,Random 25% immutable,α = 1,1.0,108,0,1,True,4.0,4.0,3.3261600983638044,6.575719069328423,1.0,0.0,False,16.19060000000161,Optimization terminated successfully
Wine,3,42,10,300,0.0001,50,most_parsimonious,Unweighted k-means,Random 25% immutable,α < 1,0.9454695850561792,108,0,1,True,5.0,5.0,2.590301257622021,5.80292308660784,1.0,0.0,False,28.71369999999729,Optimization terminated successfully
Wine,3,42,10,300,0.0001,50,most_parsimonious,Unweighted k-means,Random 50% immutable,α = 1,1.0,108,0,1,True,3.0,3.0,2.5957401054401315,5.809012082163516,1.0,0.0,False,13.490599999997244,Optimization terminated successfully
Wine,3,42,10,300,0.0001,50,most_parsimonious,Unweighted k-means,Random 50% immutable,α < 1,0.9454695850561792,108,0,1,True,4.0,4.0,2.53973763902012,5.746006378978495,1.0,0.0,False,14.568799999992166,Optimization terminated successfully
Wine,3,42,10,300,0.0001,50,most_parsimonious,Unweighted k-means,Random 75% immutable,α = 1,1.0,108,0,1,True,3.0,3.0,2.0044434914159925,5.104680733249427,1.0000000000000004,4.440892098500626e-16,True,11.395100000001435,Optimization terminated successfully
Wine,3,42,10,300,0.0001,50,most_parsimonious,Unweighted k-means,Random 75% immutable,α < 1,0.9454695850561792,108,0,1,True,3.0,3.0,2.354176215346067,5.532114496239107,1.0,0.0,False,19.117200000010826,Optimization terminated successfully
Wine,3,42,10,300,0.0001,50,most_parsimonious,Unweighted k-means,All features mutable,α = 1,1.0,70,0,1,True,1.0,1.0,0.05002924690869943,0.8064615364746743,3.890542659820873,2.890542659820873,True,1.5152000000000498,Optimization terminated successfully
Wine,3,42,10,300,0.0001,50,most_parsimonious,Unweighted k-means,All features mutable,α < 1,0.9454695850561792,70,0,1,True,1.0,1.0,0.11094801968969063,1.200968049519211,2.6125366219488404,1.6125366219488404,True,1.4786999999927275,Optimization terminated successfully
Wine,3,42,10,300,0.0001,50,most_parsimonious,Unweighted k-means,Random 25% immutable,α = 1,1.0,70,0,1,True,1.0,1.0,0.03717679000751032,0.6951965693943218,5.410280697046611,4.410280697046611,True,1.294299999997861,Optimization terminated successfully
Wine,3,42,10,300,0.0001,50,most_parsimonious,Unweighted k-means,Random 25% immutable,α < 1,0.9454695850561792,70,0,1,True,1.0,1.0,0.08244559901691265,1.0352742570062603,3.633055255255304,2.633055255255304,True,1.3450000000005957,Optimization terminated successfully
Wine,3,42,10,300,0.0001,50,most_parsimonious,Unweighted k-means,Random 50% immutable,α = 1,1.0,70,0,1,True,1.0,1.0,0.05002924690869943,0.8064615364746743,3.890542659820873,2.890542659820873,True,1.2895999999926744,Optimization terminated successfully
Wine,3,42,10,300,0.0001,50,most_parsimonious,Unweighted k-means,Random 50% immutable,α < 1,0.9454695850561792,70,0,1,True,1.0,1.0,0.11094801968969063,1.200968049519211,2.6125366219488404,1.6125366219488404,True,1.5177000000079488,Optimization terminated successfully
Wine,3,42,10,300,0.0001,50,most_parsimonious,Unweighted k-means,Random 75% immutable,α = 1,1.0,70,0,1,True,1.0,1.0,0.47580144963876814,2.487050229750896,1.1590983935474033,0.1590983935474033,True,1.318899999986911,Optimization terminated successfully
Wine,3,42,10,300,0.0001,50,most_parsimonious,Unweighted k-means,Random 75% immutable,α < 1,0.9454695850561792,70,0,1,True,2.0,2.0,0.037478502472356165,0.6980118424071544,6.278701470731413,5.278701470731413,True,4.179300000004105,Optimization terminated successfully
Wine,3,42,10,300,0.0001,50,most_parsimonious,Unweighted k-means,All features mutable,α = 1,1.0,141,1,0,True,2.0,2.0,0.7320419538337366,3.0848898521403605,1.0,0.0,False,7.976200000001654,Optimization terminated successfully
Wine,3,42,10,300,0.0001,50,most_parsimonious,Unweighted k-means,All features mutable,α < 1,0.8911233276631206,141,1,0,True,3.0,3.0,0.8466708346906356,3.3176378420463952,1.0,0.0,False,24.312600000001794,Optimization terminated successfully
Wine,3,42,10,300,0.0001,50,most_parsimonious,Unweighted k-means,Random 25% immutable,α = 1,1.0,141,1,0,True,2.0,2.0,0.7320419538337366,3.0848898521403605,1.0,0.0,False,8.199399999995194,Optimization terminated successfully
Wine,3,42,10,300,0.0001,50,most_parsimonious,Unweighted k-means,Random 25% immutable,α < 1,0.8911233276631206,141,1,0,True,3.0,3.0,1.0451536984093583,3.686054541012878,1.0000000000000004,4.440892098500626e-16,True,23.306000000005156,Optimization terminated successfully
Wine,3,42,10,300,0.0001,50,most_parsimonious,Unweighted k-means,Random 50% immutable,α = 1,1.0,141,1,0,True,2.0,2.0,0.7320419538337366,3.0848898521403605,1.0,0.0,False,7.69780000000253,Optimization terminated successfully
Wine,3,42,10,300,0.0001,50,most_parsimonious,Unweighted k-means,Random 50% immutable,α < 1,0.8911233276631206,141,1,0,True,4.0,4.0,0.5723278483566765,2.727684371153817,1.003156635510787,0.0031566355107870425,True,68.33570000000577,Optimization terminated successfully
Wine,3,42,10,300,0.0001,50,most_parsimonious,Unweighted k-means,Random 75% immutable,α = 1,1.0,141,1,0,True,2.0,2.0,1.4557644888823569,4.350280261715404,1.1441910868857306,0.14419108688573057,True,3.3443000000090706,Optimization terminated successfully
Wine,3,42,10,300,0.0001,50,most_parsimonious,Unweighted k-means,Random 75% immutable,α < 1,0.8911233276631206,141,1,0,True,2.0,2.0,2.0107742377714657,5.112735578047143,1.0,0.0,False,8.126500000003034,Optimization terminated successfully
Wine,3,42,10,300,0.0001,50,most_parsimonious,Unweighted k-means,All features mutable,α = 1,1.0,156,1,2,True,6.0,6.0,2.1764194700446424,5.3191590604700245,1.0,0.0,False,65.80220000000736,Optimization terminated successfully
Wine,3,42,10,300,0.0001,50,most_parsimonious,Unweighted k-means,All features mutable,α < 1,0.9152029201455798,156,1,2,True,6.0,6.0,2.5939624472753398,5.807022629074164,1.0,0.0,False,55.14990000000353,Optimization terminated successfully
Wine,3,42,10,300,0.0001,50,most_parsimonious,Unweighted k-means,Random 25% immutable,α = 1,1.0,156,1,2,True,4.0,4.0,2.184672416770253,5.329234599641236,1.0,0.0,False,11.530699999994454,Optimization terminated successfully
Wine,3,42,10,300,0.0001,50,most_parsimonious,Unweighted k-means,Random 25% immutable,α < 1,0.9152029201455798,156,1,2,True,4.0,4.0,2.716848162841945,5.942981248241095,1.0,0.0,False,9.045900000003826,Optimization terminated successfully
Wine,3,42,10,300,0.0001,50,most_parsimonious,Unweighted k-means,Random 50% immutable,α = 1,1.0,156,1,2,True,5.0,5.0,2.884193479359899,6.123276511123656,1.0,0.0,False,52.755700000005845,Optimization terminated successfully
Wine,3,42,10,300,0.0001,50,most_parsimonious,Unweighted k-means,Random 50% immutable,α < 1,0.9152029201455798,156,1,2,True,5.0,5.0,3.5040780249591155,6.7492973207933655,1.0000000000000018,1.7763568394002505e-15,True,50.98350000000096,Optimization terminated successfully
Wine,3,42,10,300,0.0001,50,most_parsimonious,Unweighted k-means,Random 75% immutable,α = 1,1.0,156,1,2,False,,,,,,,False,9.492499999993242,No feasible counterfactual found.
Wine,3,42,10,300,0.0001,50,most_parsimonious,Unweighted k-means,Random 75% immutable,α < 1,0.9152029201455798,156,1,2,False,,,,,,,False,18.186200000002373,No feasible counterfactual found.
Wine,3,42,10,300,0.0001,50,most_parsimonious,Unweighted k-means,All features mutable,α = 1,1.0,36,2,0,True,1.0,1.0,0.38950144587600316,2.2502263878081337,1.2351406891152348,0.23514068911523478,True,1.4885000000077753,Optimization terminated successfully
Wine,3,42,10,300,0.0001,50,most_parsimonious,Unweighted k-means,All features mutable,α < 1,0.8911233276631206,36,2,0,True,1.0,1.0,0.5401890590574518,2.6499920316383734,1.0488130296694802,0.0488130296694802,True,1.3356000000044332,Optimization terminated successfully
Wine,3,42,10,300,0.0001,50,most_parsimonious,Unweighted k-means,Random 25% immutable,α = 1,1.0,36,2,0,True,1.0,1.0,0.38950144587600316,2.2502263878081337,1.2351406891152348,0.23514068911523478,True,1.3282000000032212,Optimization terminated successfully
Wine,3,42,10,300,0.0001,50,most_parsimonious,Unweighted k-means,Random 25% immutable,α < 1,0.8911233276631206,36,2,0,True,1.0,1.0,0.5401890590574518,2.6499920316383734,1.0488130296694802,0.0488130296694802,True,1.3442000000054577,Optimization terminated successfully
Wine,3,42,10,300,0.0001,50,most_parsimonious,Unweighted k-means,Random 50% immutable,α = 1,1.0,36,2,0,True,1.0,1.0,0.38950144587600316,2.2502263878081337,1.2351406891152348,0.23514068911523478,True,1.328900000004296,Optimization terminated successfully
Wine,3,42,10,300,0.0001,50,most_parsimonious,Unweighted k-means,Random 50% immutable,α < 1,0.8911233276631206,36,2,0,True,1.0,1.0,0.5401890590574518,2.6499920316383734,1.0488130296694802,0.0488130296694802,True,1.3292000000006965,Optimization terminated successfully
Wine,3,42,10,300,0.0001,50,most_parsimonious,Unweighted k-means,Random 75% immutable,α = 1,1.0,36,2,0,True,1.0,1.0,1.636688740743292,4.612694833788899,1.1728294941632456,0.17282949416324556,True,1.3184999999964475,Optimization terminated successfully
Wine,3,42,10,300,0.0001,50,most_parsimonious,Unweighted k-means,Random 75% immutable,α < 1,0.8911233276631206,36,2,0,True,2.0,2.0,2.4410272164036435,5.633236530916074,1.0000000000000089,8.881784197001252e-15,True,3.647000000000844,Optimization terminated successfully
Wine,3,42,10,300,0.0001,50,most_parsimonious,Unweighted k-means,All features mutable,α = 1,1.0,134,1,0,True,3.0,3.0,0.22479551845210707,1.7094858115460894,1.0,0.0,False,26.893299999997566,Optimization terminated successfully
Wine,3,42,10,300,0.0001,50,most_parsimonious,Unweighted k-means,All features mutable,α < 1,0.8911233276631206,134,1,0,True,3.0,3.0,0.4338470766682765,2.374870943164616,1.0,0.0,False,18.035400000002255,Optimization terminated successfully
Wine,3,42,10,300,0.0001,50,most_parsimonious,Unweighted k-means,Random 25% immutable,α = 1,1.0,134,1,0,True,2.0,2.0,0.7613050971102809,3.145944415026059,1.0,0.0,False,2.354500000009807,Optimization terminated successfully
Wine,3,42,10,300,0.0001,50,most_parsimonious,Unweighted k-means,Random 25% immutable,α < 1,0.8911233276631206,134,1,0,True,4.0,4.0,0.9445231062353963,3.5041119247335906,1.0000000000000004,4.440892098500626e-16,True,34.51969999998994,Optimization terminated successfully
Wine,3,42,10,300,0.0001,50,most_parsimonious,Unweighted k-means,Random 50% immutable,α = 1,1.0,134,1,0,True,2.0,2.0,0.5913177845618571,2.772567618526939,1.1668395658021953,0.16683956580219528,True,5.504400000006626,Optimization terminated successfully
Wine,3,42,10,300,0.0001,50,most_parsimonious,Unweighted k-means,Random 50% immutable,α < 1,0.8911233276631206,134,1,0,True,3.0,3.0,0.39244358481036806,2.2587090566371724,2.1822380865314837,1.1822380865314837,True,8.356700000007322,Optimization terminated successfully
Wine,3,42,10,300,0.0001,50,most_parsimonious,Unweighted k-means,Random 75% immutable,α = 1,1.0,134,1,0,True,2.0,2.0,0.144082801177637,1.3686038197043295,1.4051576389560763,0.40515763895607626,True,10.250900000002616,Optimization terminated successfully
Wine,3,42,10,300,0.0001,50,most_parsimonious,Unweighted k-means,Random 75% immutable,α < 1,0.8911233276631206,134,1,0,True,2.0,2.0,0.2508529343066591,1.805848317546789,1.06493113873646,0.06493113873645995,True,6.100200000005884,Optimization terminated successfully
Wine,3,42,10,300,0.0001,50,most_parsimonious,Unweighted k-means,All features mutable,α = 1,1.0,119,0,2,True,3.0,3.0,1.6029214070509008,4.5648634472086576,1.0,0.0,False,8.672000000004232,Optimization terminated successfully
Wine,3,42,10,300,0.0001,50,most_parsimonious,Unweighted k-means,All features mutable,α < 1,0.9152029201455798,119,0,2,True,3.0,3.0,1.9205770385415117,4.996749093264505,1.0000000000000013,1.3322676295501878e-15,True,17.6487000000094,Optimization terminated successfully
Wine,3,42,10,300,0.0001,50,most_parsimonious,Unweighted k-means,Random 25% immutable,α = 1,1.0,119,0,2,True,4.0,4.0,1.195336010547964,3.9420005247492713,1.1103611805215585,0.11036118052155852,True,16.83930000000089,Optimization terminated successfully
Wine,3,42,10,300,0.0001,50,most_parsimonious,Unweighted k-means,Random 25% immutable,α < 1,0.9152029201455798,119,0,2,True,4.0,4.0,1.350899185642569,4.190666941353535,1.0444744082777753,0.04447440827777527,True,36.90290000000118,Optimization terminated successfully
Wine,3,42,10,300,0.0001,50,most_parsimonious,Unweighted k-means,Random 50% immutable,α = 1,1.0,119,0,2,True,3.0,3.0,1.2540221139838221,4.037609129396961,1.058398180404299,0.058398180404299005,True,12.420999999989135,Optimization terminated successfully
Wine,3,42,10,300,0.0001,50,most_parsimonious,Unweighted k-means,Random 50% immutable,α < 1,0.9152029201455798,119,0,2,True,3.0,3.0,1.4172784372728315,4.292390905375092,1.0,0.0,False,8.114599999998973,Optimization terminated successfully
Wine,3,42,10,300,0.0001,50,most_parsimonious,Unweighted k-means,Random 75% immutable,α = 1,1.0,119,0,2,True,2.0,2.0,1.4755483982046425,4.379740765919868,1.0000000000000004,4.440892098500626e-16,True,5.317500000003861,Optimization terminated successfully
Wine,3,42,10,300,0.0001,50,most_parsimonious,Unweighted k-means,Random 75% immutable,α < 1,0.9152029201455798,119,0,2,True,3.0,3.0,1.5589679834802999,4.50184226570011,1.0000000000000004,4.440892098500626e-16,True,13.892699999999536,Optimization terminated successfully
Wine,3,42,10,300,0.0001,50,most_parsimonious,Unweighted k-means,All features mutable,α = 1,1.0,100,0,2,True,1.0,1.0,0.8345945962705928,3.29389279599651,1.0312960573407552,0.031296057340755246,True,1.353399999999283,Optimization terminated successfully
Wine,3,42,10,300,0.0001,50,most_parsimonious,Unweighted k-means,All features mutable,α < 1,0.9152029201455798,100,0,2,True,3.0,3.0,0.8059206741403374,3.236814601398169,1.1689391848874995,0.16893918488749948,True,24.290300000004095,Optimization terminated successfully
Wine,3,42,10,300,0.0001,50,most_parsimonious,Unweighted k-means,Random 25% immutable,α = 1,1.0,100,0,2,True,1.0,1.0,0.8345945962705928,3.29389279599651,1.0312960573407552,0.031296057340755246,True,1.3320000000049959,Optimization terminated successfully
Wine,3,42,10,300,0.0001,50,most_parsimonious,Unweighted k-means,Random 25% immutable,α < 1,0.9152029201455798,100,0,2,True,3.0,3.0,0.8059206741403374,3.236814601398169,1.1689391848874995,0.16893918488749948,True,25.01180000000147,Optimization terminated successfully
Wine,3,42,10,300,0.0001,50,most_parsimonious,Unweighted k-means,Random 50% immutable,α = 1,1.0,100,0,2,True,4.0,4.0,0.9614066566839584,3.535291577351359,1.231799507427762,0.2317995074277619,True,31.952799999999115,Optimization terminated successfully
Wine,3,42,10,300,0.0001,50,most_parsimonious,Unweighted k-means,Random 50% immutable,α < 1,0.9152029201455798,100,0,2,True,4.0,4.0,1.1517486136310024,3.8694614582914544,1.1254203019601403,0.1254203019601403,True,30.83689999999706,Optimization terminated successfully
Wine,3,42,10,300,0.0001,50,most_parsimonious,Unweighted k-means,Random 75% immutable,α = 1,1.0,100,0,2,False,,,,,,,False,34.74119999999914,No feasible counterfactual found.
Wine,3,42,10,300,0.0001,50,most_parsimonious,Unweighted k-means,Random 75% immutable,α < 1,0.9152029201455798,100,0,2,False,,,,,,,False,33.29259999999579,No feasible counterfactual found.
Wine,3,42,10,300,0.0001,50,most_parsimonious,Unweighted k-means,All features mutable,α = 1,1.0,150,1,2,True,6.0,6.0,1.3940329435644823,4.25704454596593,1.1339431832055191,0.13394318320551912,True,35.752500000000964,Optimization terminated successfully
Wine,3,42,10,300,0.0001,50,most_parsimonious,Unweighted k-means,All features mutable,α < 1,0.9152029201455798,150,1,2,True,6.0,6.0,1.6710064499451827,4.660802918949414,1.035711392831455,0.03571139283145497,True,15.675399999992123,Optimization terminated successfully
Wine,3,42,10,300,0.0001,50,most_parsimonious,Unweighted k-means,Random 25% immutable,α = 1,1.0,150,1,2,True,5.0,5.0,1.4888913108820985,4.399498498859533,1.0616988224105448,0.06169882241054481,True,92.98339999999428,Optimization terminated successfully
Wine,3,42,10,300,0.0001,50,most_parsimonious,Unweighted k-means,Random 25% immutable,α < 1,0.9152029201455798,150,1,2,True,5.0,5.0,1.7851445006967013,4.817351814955714,1.0,0.0,False,9.914600000001883,Optimization terminated successfully
Wine,3,42,10,300,0.0001,50,most_parsimonious,Unweighted k-means,Random 50% immutable,α = 1,1.0,150,1,2,True,6.0,6.0,1.2840082546410234,4.085597546300089,1.0,0.0,False,40.305799999998726,Optimization terminated successfully
Wine,3,42,10,300,0.0001,50,most_parsimonious,Unweighted k-means,Random 50% immutable,α < 1,0.9152029201455798,150,1,2,True,6.0,6.0,1.554436855573352,4.495295220834064,1.0,0.0,False,20.820200000002842,Optimization terminated successfully
Wine,3,42,10,300,0.0001,50,most_parsimonious,Unweighted k-means,Random 75% immutable,α = 1,1.0,150,1,2,False,,,,,,,False,23.65790000000345,No feasible counterfactual found.
Wine,3,42,10,300,0.0001,50,most_parsimonious,Unweighted k-means,Random 75% immutable,α < 1,0.9152029201455798,150,1,2,False,,,,,,,False,25.556800000003932,No feasible counterfactual found.
Wine,3,42,10,300,0.0001,50,most_parsimonious,Unweighted k-means,All features mutable,α = 1,1.0,55,2,0,True,3.0,3.0,1.0776130103045767,3.742855745812213,1.0,0.0,False,15.431200000008971,Optimization terminated successfully
Wine,3,42,10,300,0.0001,50,most_parsimonious,Unweighted k-means,All features mutable,α < 1,0.8911233276631206,55,2,0,True,3.0,3.0,1.3869454556494927,4.246209006095131,1.0000000000000009,8.881784197001252e-16,True,10.956699999994157,Optimization terminated successfully
Wine,3,42,10,300,0.0001,50,most_parsimonious,Unweighted k-means,Random 25% immutable,α = 1,1.0,55,2,0,True,3.0,3.0,1.0776130103045767,3.742855745812213,1.0,0.0,False,14.859799999996426,Optimization terminated successfully
Wine,3,42,10,300,0.0001,50,most_parsimonious,Unweighted k-means,Random 25% immutable,α < 1,0.8911233276631206,55,2,0,True,3.0,3.0,1.3869454556494927,4.246209006095131,1.0000000000000009,8.881784197001252e-16,True,11.498400000007791,Optimization terminated successfully
Wine,3,42,10,300,0.0001,50,most_parsimonious,Unweighted k-means,Random 50% immutable,α = 1,1.0,55,2,0,True,4.0,4.0,1.4504193239881928,4.3422864037102045,1.1668167893660555,0.16681678936605548,True,6.763300000002914,Optimization terminated successfully
Wine,3,42,10,300,0.0001,50,most_parsimonious,Unweighted k-means,Random 50% immutable,α < 1,0.8911233276631206,55,2,0,True,4.0,4.0,1.7443884189387306,4.762042570809662,1.0639662726765537,0.06396627267655375,True,23.12670000000594,Optimization terminated successfully
Wine,3,42,10,300,0.0001,50,most_parsimonious,Unweighted k-means,Random 75% immutable,α = 1,1.0,55,2,0,False,,,,,,,False,37.582200000002786,No feasible counterfactual found.
Wine,3,42,10,300,0.0001,50,most_parsimonious,Unweighted k-means,Random 75% immutable,α < 1,0.8911233276631206,55,2,0,False,,,,,,,False,6.637900000001196,No feasible counterfactual found.
Wine,3,42,10,300,0.0001,50,most_parsimonious,Unweighted k-means,All features mutable,α = 1,1.0,18,2,1,True,6.0,6.0,4.052692039265205,7.258443118909706,1.0,0.0,False,34.85500000000741,Optimization terminated successfully
Wine,3,42,10,300,0.0001,50,most_parsimonious,Unweighted k-means,All features mutable,α < 1,0.9454695850561792,18,2,1,True,6.0,6.0,4.4262590106252,7.585602621949532,1.0000000000000016,1.5543122344752192e-15,True,42.75879999998722,Optimization terminated successfully
Wine,3,42,10,300,0.0001,50,most_parsimonious,Unweighted k-means,Random 25% immutable,α = 1,1.0,18,2,1,True,6.0,6.0,3.974403355598594,7.187993017719321,1.0000000000000002,2.220446049250313e-16,True,22.444200000009573,Optimization terminated successfully
Wine,3,42,10,300,0.0001,50,most_parsimonious,Unweighted k-means,Random 25% immutable,α < 1,0.9454695850561792,18,2,1,True,7.0,7.0,3.150691298210355,6.399920849255451,1.0,0.0,False,44.57209999999634,Optimization terminated successfully
Wine,3,42,10,300,0.0001,50,most_parsimonious,Unweighted k-means,Random 50% immutable,α = 1,1.0,18,2,1,True,5.0,5.0,2.9286879265818877,6.170327628705347,1.0,0.0,False,124.22379999999578,Optimization terminated successfully
Wine,3,42,10,300,0.0001,50,most_parsimonious,Unweighted k-means,Random 50% immutable,α < 1,0.9454695850561792,18,2,1,True,5.0,5.0,3.2644896478782073,6.514473533787415,1.0000000000000002,2.220446049250313e-16,True,7.601199999996311,Optimization terminated successfully
Wine,3,42,10,300,0.0001,50,most_parsimonious,Unweighted k-means,Random 75% immutable,α = 1,1.0,18,2,1,False,,,,,,,False,19.65419999999085,No feasible counterfactual found.
Wine,3,42,10,300,0.0001,50,most_parsimonious,Unweighted k-means,Random 75% immutable,α < 1,0.9454695850561792,18,2,1,False,,,,,,,False,29.430300000001353,No feasible counterfactual found.
Wine,3,42,10,300,0.0001,50,most_parsimonious,Unweighted k-means,All features mutable,α = 1,1.0,12,2,1,True,6.0,6.0,1.7089606286923607,4.713436980909015,1.0,0.0,False,75.0759999999957,Optimization terminated successfully
Wine,3,42,10,300,0.0001,50,most_parsimonious,Unweighted k-means,All features mutable,α < 1,0.9454695850561792,12,2,1,True,6.0,6.0,1.9596023901922783,5.047259758770061,1.0,0.0,False,38.758900000004815,Optimization terminated successfully
Wine,3,42,10,300,0.0001,50,most_parsimonious,Unweighted k-means,Random 25% immutable,α = 1,1.0,12,2,1,True,5.0,5.0,1.7929026132263162,4.827808402571721,1.0000000000000002,2.220446049250313e-16,True,51.27250000001027,Optimization terminated successfully
Wine,3,42,10,300,0.0001,50,most_parsimonious,Unweighted k-means,Random 25% immutable,α < 1,0.9454695850561792,12,2,1,True,5.0,5.0,2.058545718823749,5.173112635996701,1.0000000000000002,2.220446049250313e-16,True,37.49900000001105,Optimization terminated successfully
Wine,3,42,10,300,0.0001,50,most_parsimonious,Unweighted k-means,Random 50% immutable,α = 1,1.0,12,2,1,True,4.0,4.0,1.0637447128826072,3.7186934893150165,1.0,0.0,False,75.25110000000268,Optimization terminated successfully
Wine,3,42,10,300,0.0001,50,most_parsimonious,Unweighted k-means,Random 50% immutable,α < 1,0.9454695850561792,12,2,1,True,4.0,4.0,1.2080636841736947,3.9629317296993682,1.0000000000000004,4.440892098500626e-16,True,74.43609999999978,Optimization terminated successfully
Wine,3,42,10,300,0.0001,50,most_parsimonious,Unweighted k-means,Random 75% immutable,α = 1,1.0,12,2,1,False,,,,,,,False,29.85060000000317,No feasible counterfactual found.
Wine,3,42,10,300,0.0001,50,most_parsimonious,Unweighted k-means,Random 75% immutable,α < 1,0.9454695850561792,12,2,1,False,,,,,,,False,21.093800000002716,No feasible counterfactual found.
Wine,3,42,10,300,0.0001,50,most_parsimonious,Unweighted k-means,All features mutable,α = 1,1.0,137,1,0,True,3.0,3.0,2.043940304889146,5.1547283113233915,1.0,0.0,False,33.741199999994365,Optimization terminated successfully
Wine,3,42,10,300,0.0001,50,most_parsimonious,Unweighted k-means,All features mutable,α < 1,0.8911233276631206,137,1,0,True,3.0,3.0,2.5926840814786014,5.80559153396291,1.0,0.0,False,12.273600000000329,Optimization terminated successfully
Wine,3,42,10,300,0.0001,50,most_parsimonious,Unweighted k-means,Random 25% immutable,α = 1,1.0,137,1,0,True,4.0,4.0,3.1002622672285964,6.348496631012082,1.000000000000003,3.1086244689504383e-15,True,17.797499999986144,Optimization terminated successfully
Wine,3,42,10,300,0.0001,50,most_parsimonious,Unweighted k-means,Random 25% immutable,α < 1,0.8911233276631206,137,1,0,True,5.0,5.0,1.848668359586462,4.90231462419784,1.0,0.0,False,51.8924999999939,Optimization terminated successfully
Wine,3,42,10,300,0.0001,50,most_parsimonious,Unweighted k-means,Random 50% immutable,α = 1,1.0,137,1,0,True,4.0,4.0,2.496913574789855,5.697356972515247,1.0,0.0,False,15.513200000000893,Optimization terminated successfully
Wine,3,42,10,300,0.0001,50,most_parsimonious,Unweighted k-means,Random 50% immutable,α < 1,0.8911233276631206,137,1,0,True,4.0,4.0,3.0991202826551554,6.347327285914679,1.0,0.0,False,46.99949999999831,Optimization terminated successfully
Wine,3,42,10,300,0.0001,50,most_parsimonious,Unweighted k-means,Random 75% immutable,α = 1,1.0,137,1,0,True,3.0,3.0,2.738365695094298,5.966469143155428,1.0,0.0,False,20.71049999999275,Optimization terminated successfully
Wine,3,42,10,300,0.0001,50,most_parsimonious,Unweighted k-means,Random 75% immutable,α < 1,0.8911233276631206,137,1,0,True,3.0,3.0,3.8976137439296457,7.118214570458338,1.000000000000003,3.1086244689504383e-15,True,15.011299999997618,Optimization terminated successfully
Wine,3,42,10,300,0.0001,50,most_parsimonious,Ranked k-means,All features mutable,α = 1,1.0,62,0,1,True,4.0,4.0,0.4729862265413992,2.4796816217083575,1.0000000000000004,4.440892098500626e-16,True,55.52400000000546,Optimization terminated successfully
Wine,3,42,10,300,0.0001,50,most_parsimonious,Ranked k-means,All features mutable,α < 1,0.9454695850561792,62,0,1,True,4.0,4.0,0.5504594905134341,2.675065116342898,1.0000000000000004,4.440892098500626e-16,True,24.811300000010306,Optimization terminated successfully
Wine,3,42,10,300,0.0001,50,most_parsimonious,Ranked k-means,Random 25% immutable,α = 1,1.0,62,0,1,True,4.0,4.0,0.39035802790397195,2.2526993502799337,1.2075077284057623,0.20750772840576226,True,29.395000000008054,Optimization terminated successfully
Wine,3,42,10,300,0.0001,50,most_parsimonious,Ranked k-means,Random 25% immutable,α < 1,0.9454695850561792,62,0,1,True,4.0,4.0,0.4515472836535033,2.4228319560992135,1.1227158624569697,0.12271586245696975,True,10.954100000006406,Optimization terminated successfully
Wine,3,42,10,300,0.0001,50,most_parsimonious,Ranked k-means,Random 50% immutable,α = 1,1.0,62,0,1,True,3.0,3.0,0.5006754916067557,2.551231347974508,1.031179764781769,0.031179764781769093,True,18.317999999993617,Optimization terminated successfully
Wine,3,42,10,300,0.0001,50,most_parsimonious,Ranked k-means,Random 50% immutable,α < 1,0.9454695850561792,62,0,1,True,3.0,3.0,0.5795917001995579,2.7449393622800216,1.0,0.0,False,10.815399999998476,Optimization terminated successfully
Wine,3,42,10,300,0.0001,50,most_parsimonious,Ranked k-means,Random 75% immutable,α = 1,1.0,62,0,1,True,3.0,3.0,0.40844501493914775,2.3042971150025164,1.2640292543313607,0.2640292543313607,True,16.340200000001914,Optimization terminated successfully
Wine,3,42,10,300,0.0001,50,most_parsimonious,Ranked k-means,Random 75% immutable,α < 1,0.9454695850561792,62,0,1,True,3.0,3.0,0.47246943532299357,2.4783265844514752,1.1752684190705738,0.17526841907057378,True,12.018999999995117,Optimization terminated successfully
Wine,3,42,10,300,0.0001,50,most_parsimonious,Ranked k-means,All features mutable,α = 1,1.0,74,0,1,True,5.0,5.0,1.7340943283538337,4.7479707527110815,1.0000000000000002,2.220446049250313e-16,True,68.22069999999769,Optimization terminated successfully
Wine,3,42,10,300,0.0001,50,most_parsimonious,Ranked k-means,All features mutable,α < 1,0.9454695850561792,74,0,1,True,5.0,5.0,1.9038423744736743,4.974932247594711,1.0,0.0,False,18.694300000007047,Optimization terminated successfully
Wine,3,42,10,300,0.0001,50,most_parsimonious,Ranked k-means,Random 25% immutable,α = 1,1.0,74,0,1,True,4.0,4.0,1.4478065056981326,4.338373494073064,1.0000000000000004,4.440892098500626e-16,True,27.155699999994454,Optimization terminated successfully
Wine,3,42,10,300,0.0001,50,most_parsimonious,Ranked k-means,Random 25% immutable,α < 1,0.9454695850561792,74,0,1,True,4.0,4.0,1.57782136068435,4.528981970475987,1.0,0.0,False,9.667999999990684,Optimization terminated successfully
Wine,3,42,10,300,0.0001,50,most_parsimonious,Ranked k-means,Random 50% immutable,α = 1,1.0,74,0,1,True,4.0,4.0,1.3766447387526175,4.230411517073017,1.0,0.0,False,29.937799999999015,Optimization terminated successfully
Wine,3,42,10,300,0.0001,50,most_parsimonious,Ranked k-means,Random 50% immutable,α < 1,0.9454695850561792,74,0,1,True,4.0,4.0,1.515043188758455,4.437968167287809,1.0000000000000013,1.3322676295501878e-15,True,9.069599999989464,Optimization terminated successfully
Wine,3,42,10,300,0.0001,50,most_parsimonious,Ranked k-means,Random 75% immutable,α = 1,1.0,74,0,1,False,,,,,,,False,24.06440000000032,No feasible counterfactual found.
Wine,3,42,10,300,0.0001,50,most_parsimonious,Ranked k-means,Random 75% immutable,α < 1,0.9454695850561792,74,0,1,False,,,,,,,False,21.83499999999583,No feasible counterfactual found.
Wine,3,42,10,300,0.0001,50,most_parsimonious,Ranked k-means,All features mutable,α = 1,1.0,66,0,2,True,2.0,2.0,0.19457259315567405,1.5904224945038228,1.3581774286114292,0.3581774286114292,True,2.466999999995778,Optimization terminated successfully
Wine,3,42,10,300,0.0001,50,most_parsimonious,Ranked k-means,All features mutable,α < 1,0.9152029201455798,66,0,2,True,2.0,2.0,0.33808500135290764,2.0964505759945307,1.0303490887041291,0.030349088704129112,True,4.6753999999964435,Optimization terminated successfully
Wine,3,42,10,300,0.0001,50,most_parsimonious,Ranked k-means,Random 25% immutable,α = 1,1.0,66,0,2,True,2.0,2.0,0.19457259315567405,1.5904224945038228,1.3581774286114292,0.3581774286114292,True,2.4674000000004526,Optimization terminated successfully
Wine,3,42,10,300,0.0001,50,most_parsimonious,Ranked k-means,Random 25% immutable,α < 1,0.9152029201455798,66,0,2,True,2.0,2.0,0.33808500135290764,2.0964505759945307,1.0303490887041291,0.030349088704129112,True,5.448699999988094,Optimization terminated successfully
Wine,3,42,10,300,0.0001,50,most_parsimonious,Ranked k-means,Random 50% immutable,α = 1,1.0,66,0,2,True,1.0,1.0,0.24950190835082292,1.800978847338496,1.0591666722018027,0.05916667220180272,True,1.4789000000092756,Optimization terminated successfully
Wine,3,42,10,300,0.0001,50,most_parsimonious,Ranked k-means,Random 50% immutable,α < 1,0.9152029201455798,66,0,2,True,2.0,2.0,0.21581231846711874,1.6749806387157267,1.214921869208763,0.2149218692087631,True,2.727600000000052,Optimization terminated successfully
Wine,3,42,10,300,0.0001,50,most_parsimonious,Ranked k-means,Random 75% immutable,α = 1,1.0,66,0,2,True,1.0,1.0,0.19848279226008247,1.6063238463588443,2.0735475454443217,1.0735475454443217,True,1.3974000000018805,Optimization terminated successfully
Wine,3,42,10,300,0.0001,50,most_parsimonious,Ranked k-means,Random 75% immutable,α < 1,0.9152029201455798,66,0,2,True,1.0,1.0,0.34487927616861297,2.1174112945273453,1.573047653715086,0.5730476537150859,True,1.401200000003655,Optimization terminated successfully
Wine,3,42,10,300,0.0001,50,most_parsimonious,Ranked k-means,All features mutable,α = 1,1.0,11,2,0,True,3.0,3.0,0.40911474983021284,2.3061855406260716,1.5972312019052253,0.5972312019052253,True,11.920800000012832,Optimization terminated successfully
Wine,3,42,10,300,0.0001,50,most_parsimonious,Ranked k-means,All features mutable,α < 1,0.8911233276631206,11,2,0,True,3.0,3.0,0.5323881170372673,2.6307880039038634,1.4001551893452977,0.4001551893452977,True,10.485199999990868,Optimization terminated successfully
Wine,3,42,10,300,0.0001,50,most_parsimonious,Ranked k-means,Random 25% immutable,α = 1,1.0,11,2,0,True,2.0,2.0,0.5079961812575854,2.5698152377843453,1.2863302133464967,0.28633021334649666,True,5.592500000005884,Optimization terminated successfully
Wine,3,42,10,300,0.0001,50,most_parsimonious,Ranked k-means,Random 25% immutable,α < 1,0.8911233276631206,11,2,0,True,2.0,2.0,0.6610642381241165,2.9315243638103223,1.1276150450386073,0.12761504503860732,True,3.3284000000008973,Optimization terminated successfully
Wine,3,42,10,300,0.0001,50,most_parsimonious,Ranked k-means,Random 50% immutable,α = 1,1.0,11,2,0,True,3.0,3.0,0.40911474983021284,2.3061855406260716,1.5972312019052253,0.5972312019052253,True,11.45400000000052,Optimization terminated successfully
Wine,3,42,10,300,0.0001,50,most_parsimonious,Ranked k-means,Random 50% immutable,α < 1,0.8911233276631206,11,2,0,True,3.0,3.0,0.5323881170372673,2.6307880039038634,1.4001551893452977,0.4001551893452977,True,9.90940000001217,Optimization terminated successfully
Wine,3,42,10,300,0.0001,50,most_parsimonious,Ranked k-means,Random 75% immutable,α = 1,1.0,11,2,0,False,,,,,,,False,20.978499999998235,No feasible counterfactual found.
Wine,3,42,10,300,0.0001,50,most_parsimonious,Ranked k-means,Random 75% immutable,α < 1,0.8911233276631206,11,2,0,False,,,,,,,False,14.488499999998794,No feasible counterfactual found.
Wine,3,42,10,300,0.0001,50,most_parsimonious,Ranked k-means,All features mutable,α = 1,1.0,138,1,2,True,3.0,3.0,1.3284673949400991,4.155728111200405,1.2101776214500297,0.21017762145002972,True,6.956900000005817,Optimization terminated successfully
Wine,3,42,10,300,0.0001,50,most_parsimonious,Ranked k-means,All features mutable,α < 1,0.9152029201455798,138,1,2,True,3.0,3.0,1.5387956785185588,4.4726215825555,1.124434302018159,0.12443430201815908,True,17.53519999999753,Optimization terminated successfully
Wine,3,42,10,300,0.0001,50,most_parsimonious,Ranked k-means,Random 25% immutable,α = 1,1.0,138,1,2,True,2.0,2.0,2.1250516847557077,5.2560129282398265,1.071881024973912,0.07188102497391191,True,6.3164999999969496,Optimization terminated successfully
Wine,3,42,10,300,0.0001,50,most_parsimonious,Ranked k-means,Random 25% immutable,α < 1,0.9152029201455798,138,1,2,True,2.0,2.0,2.461581654489931,5.6569038800715985,1.0000000000000007,6.661338147750939e-16,True,6.16619999999557,Optimization terminated successfully
Wine,3,42,10,300,0.0001,50,most_parsimonious,Ranked k-means,Random 50% immutable,α = 1,1.0,138,1,2,True,2.0,2.0,2.1250516847557077,5.2560129282398265,1.071881024973912,0.07188102497391191,True,6.528199999991102,Optimization terminated successfully
Wine,3,42,10,300,0.0001,50,most_parsimonious,Ranked k-means,Random 50% immutable,α < 1,0.9152029201455798,138,1,2,True,2.0,2.0,2.461581654489931,5.6569038800715985,1.0000000000000007,6.661338147750939e-16,True,6.253299999997353,Optimization terminated successfully
Wine,3,42,10,300,0.0001,50,most_parsimonious,Ranked k-means,Random 75% immutable,α = 1,1.0,138,1,2,False,,,,,,,False,13.250499999998056,No feasible counterfactual found.
Wine,3,42,10,300,0.0001,50,most_parsimonious,Ranked k-means,Random 75% immutable,α < 1,0.9152029201455798,138,1,2,False,,,,,,,False,10.719399999999268,No feasible counterfactual found.
Wine,3,42,10,300,0.0001,50,most_parsimonious,Ranked k-means,All features mutable,α = 1,1.0,173,1,0,True,4.0,4.0,2.442143627016249,5.634524571888141,1.0,0.0,False,6.5359000000029255,Optimization terminated successfully
Wine,3,42,10,300,0.0001,50,most_parsimonious,Ranked k-means,All features mutable,α < 1,0.8911233276631206,173,1,0,True,4.0,4.0,2.8266091876389026,6.061841258174428,1.0000000000000004,4.440892098500626e-16,True,14.841300000000501,Optimization terminated successfully
Wine,3,42,10,300,0.0001,50,most_parsimonious,Ranked k-means,Random 25% immutable,α = 1,1.0,173,1,0,True,4.0,4.0,2.442143627016249,5.634524571888141,1.0,0.0,False,6.607700000003547,Optimization terminated successfully
Wine,3,42,10,300,0.0001,50,most_parsimonious,Ranked k-means,Random 25% immutable,α < 1,0.8911233276631206,173,1,0,True,4.0,4.0,2.8266091876389026,6.061841258174428,1.0000000000000004,4.440892098500626e-16,True,15.798000000003753,Optimization terminated successfully
Wine,3,42,10,300,0.0001,50,most_parsimonious,Ranked k-means,Random 50% immutable,α = 1,1.0,173,1,0,True,4.0,4.0,3.1679932162016824,6.417469268381568,1.000000000000002,1.9984014443252818e-15,True,16.942299999996635,Optimization terminated successfully
Wine,3,42,10,300,0.0001,50,most_parsimonious,Ranked k-means,Random 50% immutable,α < 1,0.8911233276631206,173,1,0,True,4.0,4.0,3.7003338337404865,6.935729221835749,1.0,0.0,False,34.39790000000187,Optimization terminated successfully
Wine,3,42,10,300,0.0001,50,most_parsimonious,Ranked k-means,Random 75% immutable,α = 1,1.0,173,1,0,False,,,,,,,False,4.582800000008547,No feasible counterfactual found.
Wine,3,42,10,300,0.0001,50,most_parsimonious,Ranked k-means,Random 75% immutable,α < 1,0.8911233276631206,173,1,0,False,,,,,,,False,14.84549999999274,No feasible counterfactual found.
Wine,3,42,10,300,0.0001,50,most_parsimonious,Ranked k-means,All features mutable,α = 1,1.0,99,0,1,True,5.0,5.0,2.4770489854423956,5.674648606808279,1.0,0.0,False,13.389199999991774,Optimization terminated successfully
Wine,3,42,10,300,0.0001,50,most_parsimonious,Ranked k-means,All features mutable,α < 1,0.9454695850561792,99,0,1,True,5.0,5.0,2.8251594602572525,6.060286543006385,1.0,0.0,False,21.583100000000854,Optimization terminated successfully
Wine,3,42,10,300,0.0001,50,most_parsimonious,Ranked k-means,Random 25% immutable,α = 1,1.0,99,0,1,True,5.0,5.0,1.729023733136403,4.7410239960132285,1.0,0.0,False,34.19839999999397,Optimization terminated successfully
Wine,3,42,10,300,0.0001,50,most_parsimonious,Ranked k-means,Random 25% immutable,α < 1,0.9454695850561792,99,0,1,True,5.0,5.0,1.864468317065818,4.923219284356084,1.0,0.0,False,15.583599999999365,Optimization terminated successfully
Wine,3,42,10,300,0.0001,50,most_parsimonious,Ranked k-means,Random 50% immutable,α = 1,1.0,99,0,1,True,4.0,4.0,2.2626607620939287,5.423521909905138,1.0,0.0,False,17.163800000005835,Optimization terminated successfully
Wine,3,42,10,300,0.0001,50,most_parsimonious,Ranked k-means,Random 50% immutable,α < 1,0.9454695850561792,99,0,1,True,5.0,5.0,1.4873749212244758,4.397257551692666,1.0,0.0,False,35.60069999998916,Optimization terminated successfully
Wine,3,42,10,300,0.0001,50,most_parsimonious,Ranked k-means,Random 75% immutable,α = 1,1.0,99,0,1,False,,,,,,,False,21.895899999989865,No feasible counterfactual found.
Wine,3,42,10,300,0.0001,50,most_parsimonious,Ranked k-means,Random 75% immutable,α < 1,0.9454695850561792,99,0,1,False,,,,,,,False,16.528399999998555,No feasible counterfactual found.
Wine,3,42,10,300,0.0001,50,most_parsimonious,Ranked k-means,All features mutable,α = 1,1.0,170,1,0,True,2.0,2.0,0.5898561139485734,2.7691387616606455,1.411067780383439,0.41106778038343905,True,3.998600000002739,Optimization terminated successfully
Wine,3,42,10,300,0.0001,50,most_parsimonious,Ranked k-means,All features mutable,α < 1,0.8911233276631206,170,1,0,True,2.0,2.0,0.7878679683531111,3.20035679082668,1.2209396462104016,0.22093964621040163,True,2.4468999999953667,Optimization terminated successfully
Wine,3,42,10,300,0.0001,50,most_parsimonious,Ranked k-means,Random 25% immutable,α = 1,1.0,170,1,0,True,2.0,2.0,0.6497790858343824,2.906394349679164,1.0000000000000002,2.220446049250313e-16,True,4.15319999999042,Optimization terminated successfully
Wine,3,42,10,300,0.0001,50,most_parsimonious,Ranked k-means,Random 25% immutable,α < 1,0.8911233276631206,170,1,0,True,3.0,3.0,0.7046311704926915,3.026583092598812,1.0000000000000002,2.220446049250313e-16,True,8.66039999999657,Optimization terminated successfully
Wine,3,42,10,300,0.0001,50,most_parsimonious,Ranked k-means,Random 50% immutable,α = 1,1.0,170,1,0,True,2.0,2.0,0.5898561139485734,2.7691387616606455,1.411067780383439,0.41106778038343905,True,4.081300000009946,Optimization terminated successfully
Wine,3,42,10,300,0.0001,50,most_parsimonious,Ranked k-means,Random 50% immutable,α < 1,0.8911233276631206,170,1,0,True,2.0,2.0,0.7878679683531111,3.20035679082668,1.2209396462104016,0.22093964621040163,True,2.5884000000075957,Optimization terminated successfully
Wine,3,42,10,300,0.0001,50,most_parsimonious,Ranked k-means,Random 75% immutable,α = 1,1.0,170,1,0,True,2.0,2.0,0.46028399651520746,2.4461586119255836,1.8082900678906306,0.8082900678906306,True,4.3063999999901625,Optimization terminated successfully
Wine,3,42,10,300,0.0001,50,most_parsimonious,Ranked k-means,Random 75% immutable,α < 1,0.8911233276631206,170,1,0,True,2.0,2.0,0.6147991156221242,2.827081269275366,1.5646399600389687,0.5646399600389687,True,2.914599999996881,Optimization terminated successfully
Wine,3,42,10,300,0.0001,50,most_parsimonious,Ranked k-means,All features mutable,α = 1,1.0,46,2,0,True,3.0,3.0,1.3222782590348652,4.146036344203129,1.0,0.0,False,12.339999999994689,Optimization terminated successfully
Wine,3,42,10,300,0.0001,50,most_parsimonious,Ranked k-means,All features mutable,α < 1,0.8911233276631206,46,2,0,True,4.0,4.0,0.796062731683469,3.2169574930180684,1.1584787796830038,0.15847877968300383,True,26.227899999994975,Optimization terminated successfully
Wine,3,42,10,300,0.0001,50,most_parsimonious,Ranked k-means,Random 25% immutable,α = 1,1.0,46,2,0,True,3.0,3.0,1.3222782590348652,4.146036344203129,1.0,0.0,False,12.001900000001342,Optimization terminated successfully
Wine,3,42,10,300,0.0001,50,most_parsimonious,Ranked k-means,Random 25% immutable,α < 1,0.8911233276631206,46,2,0,True,4.0,4.0,0.796062731683469,3.2169574930180684,1.1584787796830038,0.15847877968300383,True,25.595500000008542,Optimization terminated successfully
Wine,3,42,10,300,0.0001,50,most_parsimonious,Ranked k-means,Random 50% immutable,α = 1,1.0,46,2,0,True,3.0,3.0,1.3222782590348652,4.146036344203129,1.0,0.0,False,12.347800000000575,Optimization terminated successfully
Wine,3,42,10,300,0.0001,50,most_parsimonious,Ranked k-means,Random 50% immutable,α < 1,0.8911233276631206,46,2,0,True,4.0,4.0,0.796062731683469,3.2169574930180684,1.1584787796830038,0.15847877968300383,True,26.07270000000028,Optimization terminated successfully
Wine,3,42,10,300,0.0001,50,most_parsimonious,Ranked k-means,Random 75% immutable,α = 1,1.0,46,2,0,False,,,,,,,False,18.833800000010115,No feasible counterfactual found.
Wine,3,42,10,300,0.0001,50,most_parsimonious,Ranked k-means,Random 75% immutable,α < 1,0.8911233276631206,46,2,0,False,,,,,,,False,34.55810000001236,No feasible counterfactual found.
Wine,3,42,10,300,0.0001,50,most_parsimonious,Ranked k-means,All features mutable,α = 1,1.0,77,0,1,True,2.0,2.0,0.1503781444234137,1.3981830629443264,1.1345184053983317,0.1345184053983317,True,2.1732000000014295,Optimization terminated successfully
Wine,3,42,10,300,0.0001,50,most_parsimonious,Ranked k-means,All features mutable,α < 1,0.9454695850561792,77,0,1,True,2.0,2.0,0.20046065450203898,1.6143074392836412,1.0,0.0,False,5.343800000005672,Optimization terminated successfully
Wine,3,42,10,300,0.0001,50,most_parsimonious,Ranked k-means,Random 25% immutable,α = 1,1.0,77,0,1,True,3.0,3.0,0.219186001261254,1.6880219241456262,1.0,0.0,False,29.501500000009173,Optimization terminated successfully
Wine,3,42,10,300,0.0001,50,most_parsimonious,Ranked k-means,Random 25% immutable,α < 1,0.9454695850561792,77,0,1,True,3.0,3.0,0.3093974901726905,2.0055341862568627,1.0000000000000002,2.220446049250313e-16,True,11.213800000007268,Optimization terminated successfully
Wine,3,42,10,300,0.0001,50,most_parsimonious,Ranked k-means,Random 50% immutable,α = 1,1.0,77,0,1,True,2.0,2.0,0.1503781444234137,1.3981830629443264,1.1345184053983317,0.1345184053983317,True,2.0951000000053455,Optimization terminated successfully
Wine,3,42,10,300,0.0001,50,most_parsimonious,Ranked k-means,Random 50% immutable,α < 1,0.9454695850561792,77,0,1,True,2.0,2.0,0.20046065450203898,1.6143074392836412,1.0,0.0,False,5.65029999999922,Optimization terminated successfully
Wine,3,42,10,300,0.0001,50,most_parsimonious,Ranked k-means,Random 75% immutable,α = 1,1.0,77,0,1,True,1.0,1.0,0.22571839467015795,1.7129912815633515,1.229383130086459,0.22938313008645905,True,1.1913000000021157,Optimization terminated successfully
Wine,3,42,10,300,0.0001,50,most_parsimonious,Ranked k-means,Random 75% immutable,α < 1,0.9454695850561792,77,0,1,True,1.0,1.0,0.3008363428710958,1.9775925913403511,1.064892027185356,0.06489202718535592,True,1.0434000000003607,Optimization terminated successfully
Wine,3,42,10,300,0.0001,50,most_parsimonious,Ranked k-means,All features mutable,α = 1,1.0,60,0,2,True,3.0,3.0,0.9896977323709089,3.586930515192874,1.02487604931669,0.024876049316689963,True,18.960700000008046,Optimization terminated successfully
Wine,3,42,10,300,0.0001,50,most_parsimonious,Ranked k-means,All features mutable,α < 1,0.9152029201455798,60,0,2,True,3.0,3.0,1.140313316730892,3.850204295553886,1.0,0.0,False,5.470099999996592,Optimization terminated successfully
Wine,3,42,10,300,0.0001,50,most_parsimonious,Ranked k-means,Random 25% immutable,α = 1,1.0,60,0,2,True,4.0,4.0,1.5567823970492176,4.498685492634468,1.1727901884443863,0.17279018844438632,True,7.3995999999993955,Optimization terminated successfully
Wine,3,42,10,300,0.0001,50,most_parsimonious,Ranked k-means,Random 25% immutable,α < 1,0.9152029201455798,60,0,2,True,4.0,4.0,1.7839645255242733,4.815759424204614,1.0955726933956522,0.09557269339565222,True,9.89219999999591,Optimization terminated successfully
Wine,3,42,10,300,0.0001,50,most_parsimonious,Ranked k-means,Random 50% immutable,α = 1,1.0,60,0,2,True,2.0,2.0,1.0488645340245917,3.692592441946402,1.0,0.0,False,2.6243000000079064,Optimization terminated successfully
Wine,3,42,10,300,0.0001,50,most_parsimonious,Ranked k-means,Random 50% immutable,α < 1,0.9152029201455798,60,0,2,True,2.0,2.0,1.237970337357638,4.0116847315871285,1.0000000000000009,8.881784197001252e-16,True,11.381499999998823,Optimization terminated successfully
Wine,3,42,10,300,0.0001,50,most_parsimonious,Ranked k-means,Random 75% immutable,α = 1,1.0,60,0,2,True,2.0,2.0,1.0488645340245917,3.692592441946402,1.0,0.0,False,2.7733000000012,Optimization terminated successfully
Wine,3,42,10,300,0.0001,50,most_parsimonious,Ranked k-means,Random 75% immutable,α < 1,0.9152029201455798,60,0,2,True,2.0,2.0,1.237970337357638,4.0116847315871285,1.0000000000000009,8.881784197001252e-16,True,11.97499999999252,Optimization terminated successfully
Wine,3,42,10,300,0.0001,50,most_parsimonious,Ranked k-means,All features mutable,α = 1,1.0,176,1,2,True,2.0,2.0,1.1085940194424344,3.796277420414852,1.2895070146681717,0.28950701466817175,True,7.261400000004414,Optimization terminated successfully
Wine,3,42,10,300,0.0001,50,most_parsimonious,Ranked k-means,All features mutable,α < 1,0.9152029201455798,176,1,2,True,2.0,2.0,1.3258950412619348,4.151702727364419,1.1791129301287129,0.17911293012871288,True,5.615099999999984,Optimization terminated successfully
Wine,3,42,10,300,0.0001,50,most_parsimonious,Ranked k-means,Random 25% immutable,α = 1,1.0,176,1,2,True,2.0,2.0,1.1085940194424344,3.796277420414852,1.2895070146681717,0.28950701466817175,True,7.205999999996493,Optimization terminated successfully
Wine,3,42,10,300,0.0001,50,most_parsimonious,Ranked k-means,Random 25% immutable,α < 1,0.9152029201455798,176,1,2,True,2.0,2.0,1.3258950412619348,4.151702727364419,1.1791129301287129,0.17911293012871288,True,5.848999999997773,Optimization terminated successfully
Wine,3,42,10,300,0.0001,50,most_parsimonious,Ranked k-means,Random 50% immutable,α = 1,1.0,176,1,2,True,2.0,2.0,1.409681558678103,4.280871437314526,1.0910108762324982,0.09101087623249815,True,4.489699999993491,Optimization terminated successfully
Wine,3,42,10,300,0.0001,50,most_parsimonious,Ranked k-means,Random 50% immutable,α < 1,0.9152029201455798,176,1,2,True,2.0,2.0,1.6860049465730538,4.681673237791132,1.0,0.0,False,2.5996000000105823,Optimization terminated successfully
Wine,3,42,10,300,0.0001,50,most_parsimonious,Ranked k-means,Random 75% immutable,α = 1,1.0,176,1,2,False,,,,,,,False,53.150400000006925,No feasible counterfactual found.
Wine,3,42,10,300,0.0001,50,most_parsimonious,Ranked k-means,Random 75% immutable,α < 1,0.9152029201455798,176,1,2,False,,,,,,,False,11.925599999997871,No feasible counterfactual found.
Wine,3,42,10,300,0.0001,50,most_parsimonious,Ranked k-means,All features mutable,α = 1,1.0,132,1,2,True,3.0,3.0,1.2710995151445994,4.0650084497919305,1.562388960454109,0.562388960454109,True,17.557400000001167,Optimization terminated successfully
Wine,3,42,10,300,0.0001,50,most_parsimonious,Ranked k-means,All features mutable,α < 1,0.9152029201455798,132,1,2,True,3.0,3.0,1.4754233525755311,4.379555181006617,1.4453958900917285,0.44539589009172853,True,7.271799999998052,Optimization terminated successfully
Wine,3,42,10,300,0.0001,50,most_parsimonious,Ranked k-means,Random 25% immutable,α = 1,1.0,132,1,2,True,3.0,3.0,1.2710995151445994,4.0650084497919305,1.562388960454109,0.562388960454109,True,17.76259999999752,Optimization terminated successfully
Wine,3,42,10,300,0.0001,50,most_parsimonious,Ranked k-means,Random 25% immutable,α < 1,0.9152029201455798,132,1,2,True,3.0,3.0,1.4754233525755311,4.379555181006617,1.4453958900917285,0.44539589009172853,True,6.90020000000402,Optimization terminated successfully
Wine,3,42,10,300,0.0001,50,most_parsimonious,Ranked k-means,Random 50% immutable,α = 1,1.0,132,1,2,True,3.0,3.0,1.6964092939936015,4.696096338653714,1.406862442586835,0.406862442586835,True,10.14560000000131,Optimization terminated successfully
Wine,3,42,10,300,0.0001,50,most_parsimonious,Ranked k-means,Random 50% immutable,α < 1,0.9152029201455798,132,1,2,True,3.0,3.0,1.9719457502749627,5.06313092400093,1.3187374541200185,0.3187374541200185,True,16.74810000000093,Optimization terminated successfully
Wine,3,42,10,300,0.0001,50,most_parsimonious,Ranked k-means,Random 75% immutable,α = 1,1.0,132,1,2,False,,,,,,,False,13.852300000010587,No feasible counterfactual found.
Wine,3,42,10,300,0.0001,50,most_parsimonious,Ranked k-means,Random 75% immutable,α < 1,0.9152029201455798,132,1,2,False,,,,,,,False,4.384300000012331,No feasible counterfactual found.
Wine,3,42,10,300,0.0001,50,most_parsimonious,Ranked k-means,All features mutable,α = 1,1.0,172,1,0,True,4.0,4.0,1.6382083615603762,4.614835717583551,1.0304690130016423,0.030469013001642287,True,32.16510000000028,Optimization terminated successfully
Wine,3,42,10,300,0.0001,50,most_parsimonious,Ranked k-means,All features mutable,α < 1,0.8911233276631206,172,1,0,True,4.0,4.0,1.918038817762567,4.9934461678197115,1.0,0.0,False,37.75320000001159,Optimization terminated successfully
Wine,3,42,10,300,0.0001,50,most_parsimonious,Ranked k-means,Random 25% immutable,α = 1,1.0,172,1,0,True,5.0,5.0,1.1982627778808046,3.9468235471642834,1.0,0.0,False,51.86449999999354,Optimization terminated successfully
Wine,3,42,10,300,0.0001,50,most_parsimonious,Ranked k-means,Random 25% immutable,α < 1,0.8911233276631206,172,1,0,True,5.0,5.0,1.5307983392032718,4.46098401808867,1.0,0.0,False,37.29239999999834,Optimization terminated successfully
Wine,3,42,10,300,0.0001,50,most_parsimonious,Ranked k-means,Random 50% immutable,α = 1,1.0,172,1,0,True,3.0,3.0,1.9857092652402302,5.080769670839546,1.0000000000000004,4.440892098500626e-16,True,16.904699999997774,Optimization terminated successfully
Wine,3,42,10,300,0.0001,50,most_parsimonious,Ranked k-means,Random 50% immutable,α < 1,0.8911233276631206,172,1,0,True,3.0,3.0,2.3797397803974025,5.562069502007883,1.0,0.0,False,18.00360000000012,Optimization terminated successfully
Wine,3,42,10,300,0.0001,50,most_parsimonious,Ranked k-means,Random 75% immutable,α = 1,1.0,172,1,0,False,,,,,,,False,18.71359999999811,No feasible counterfactual found.
Wine,3,42,10,300,0.0001,50,most_parsimonious,Ranked k-means,Random 75% immutable,α < 1,0.8911233276631206,172,1,0,False,,,,,,,False,20.317899999994893,No feasible counterfactual found.
Wine,3,42,10,300,0.0001,50,most_parsimonious,Ranked k-means,All features mutable,α = 1,1.0,113,0,2,True,3.0,3.0,1.3226453320370428,4.1466117875298565,1.104635418047629,0.10463541804762899,True,3.8231999999993604,Optimization terminated successfully
Wine,3,42,10,300,0.0001,50,most_parsimonious,Ranked k-means,All features mutable,α < 1,0.9152029201455798,113,0,2,True,3.0,3.0,1.4888408160647182,4.3994238951073275,1.0411577433728016,0.04115774337280165,True,5.529600000002688,Optimization terminated successfully
Wine,3,42,10,300,0.0001,50,most_parsimonious,Ranked k-means,Random 25% immutable,α = 1,1.0,113,0,2,True,3.0,3.0,1.455190332618916,4.3494222977363215,1.140433877034242,0.14043387703424193,True,3.893700000006106,Optimization terminated successfully
Wine,3,42,10,300,0.0001,50,most_parsimonious,Ranked k-means,Random 25% immutable,α < 1,0.9152029201455798,113,0,2,True,3.0,3.0,1.6380406068564661,4.614599428892399,1.0748990478770253,0.07489904787702528,True,5.664500000008843,Optimization terminated successfully
Wine,3,42,10,300,0.0001,50,most_parsimonious,Ranked k-means,Random 50% immutable,α = 1,1.0,113,0,2,True,5.0,5.0,2.137577719996116,5.27148085076191,1.0,0.0,False,27.678699999995615,Optimization terminated successfully
Wine,3,42,10,300,0.0001,50,most_parsimonious,Ranked k-means,Random 50% immutable,α < 1,0.9152029201455798,113,0,2,True,5.0,5.0,2.4454650480444067,5.638354868627664,1.0000000000000009,8.881784197001252e-16,True,19.26280000000702,Optimization terminated successfully
Wine,3,42,10,300,0.0001,50,most_parsimonious,Ranked k-means,Random 75% immutable,α = 1,1.0,113,0,2,False,,,,,,,False,29.770599999991987,No feasible counterfactual found.
Wine,3,42,10,300,0.0001,50,most_parsimonious,Ranked k-means,Random 75% immutable,α < 1,0.9152029201455798,113,0,2,False,,,,,,,False,16.395100000011098,No feasible counterfactual found.
Wine,3,42,10,300,0.0001,50,most_parsimonious,Ranked k-means,All features mutable,α = 1,1.0,73,2,0,True,3.0,3.0,0.3048197160852557,1.9906421851021654,1.3056311964405751,0.3056311964405751,True,9.994899999995255,Optimization terminated successfully
Wine,3,42,10,300,0.0001,50,most_parsimonious,Ranked k-means,All features mutable,α < 1,0.8911233276631206,73,2,0,True,3.0,3.0,0.4123352139886166,2.3152446483799536,1.1225787900881345,0.12257879008813455,True,6.806299999993826,Optimization terminated successfully
Wine,3,42,10,300,0.0001,50,most_parsimonious,Ranked k-means,Random 25% immutable,α = 1,1.0,73,2,0,True,3.0,3.0,0.683500342776007,2.980856329326875,1.300000333489457,0.300000333489457,True,9.418300000007207,Optimization terminated successfully
Wine,3,42,10,300,0.0001,50,most_parsimonious,Ranked k-means,Random 25% immutable,α < 1,0.8911233276631206,73,2,0,True,3.0,3.0,0.9245834348228721,3.4669272638313795,1.1177373902338383,0.11773739023383833,True,6.842199999994136,Optimization terminated successfully
Wine,3,42,10,300,0.0001,50,most_parsimonious,Ranked k-means,Random 50% immutable,α = 1,1.0,73,2,0,True,2.0,2.0,0.3784934466615893,2.218200803940135,1.0514901481290728,0.05149014812907282,True,2.4518000000028906,Optimization terminated successfully
Wine,3,42,10,300,0.0001,50,most_parsimonious,Ranked k-means,Random 50% immutable,α < 1,0.8911233276631206,73,2,0,True,2.0,2.0,0.5763378442894368,2.737223406257275,1.0000000000000002,2.220446049250313e-16,True,3.282900000002087,Optimization terminated successfully
Wine,3,42,10,300,0.0001,50,most_parsimonious,Ranked k-means,Random 75% immutable,α = 1,1.0,73,2,0,False,,,,,,,False,10.914200000001983,No feasible counterfactual found.
Wine,3,42,10,300,0.0001,50,most_parsimonious,Ranked k-means,Random 75% immutable,α < 1,0.8911233276631206,73,2,0,False,,,,,,,False,9.06100000000265,No feasible counterfactual found.
Wine,3,42,10,300,0.0001,50,most_parsimonious,Ranked k-means,All features mutable,α = 1,1.0,148,1,0,True,3.0,3.0,1.7181423872764723,4.7260819961776095,1.0000000000000004,4.440892098500626e-16,True,13.457899999991696,Optimization terminated successfully
Wine,3,42,10,300,0.0001,50,most_parsimonious,Ranked k-means,All features mutable,α < 1,0.8911233276631206,148,1,0,True,3.0,3.0,2.0950243189514475,5.2187466068366275,1.0,0.0,False,11.033199999999965,Optimization terminated successfully
Wine,3,42,10,300,0.0001,50,most_parsimonious,Ranked k-means,Random 25% immutable,α = 1,1.0,148,1,0,True,3.0,3.0,1.7181423872764723,4.7260819961776095,1.0000000000000004,4.440892098500626e-16,True,13.707699999997658,Optimization terminated successfully
Wine,3,42,10,300,0.0001,50,most_parsimonious,Ranked k-means,Random 25% immutable,α < 1,0.8911233276631206,148,1,0,True,3.0,3.0,2.0950243189514475,5.2187466068366275,1.0,0.0,False,12.331900000006613,Optimization terminated successfully
Wine,3,42,10,300,0.0001,50,most_parsimonious,Ranked k-means,Random 50% immutable,α = 1,1.0,148,1,0,True,3.0,3.0,1.5665371619005035,4.512757815871193,1.005235462238835,0.005235462238835087,True,37.425400000003606,Optimization terminated successfully
Wine,3,42,10,300,0.0001,50,most_parsimonious,Ranked k-means,Random 50% immutable,α < 1,0.8911233276631206,148,1,0,True,3.0,3.0,1.8759299874573552,4.938328648130419,1.0,0.0,False,8.034899999998402,Optimization terminated successfully
Wine,3,42,10,300,0.0001,50,most_parsimonious,Ranked k-means,Random 75% immutable,α = 1,1.0,148,1,0,True,3.0,3.0,1.046995484769202,3.6893009232101988,1.171780543413206,0.17178054341320603,True,13.67949999999496,Optimization terminated successfully
Wine,3,42,10,300,0.0001,50,most_parsimonious,Ranked k-means,Random 75% immutable,α < 1,0.8911233276631206,148,1,0,True,3.0,3.0,1.2445570975116276,4.022342882904335,1.0747594535127494,0.07475945351274937,True,26.512900000000172,Optimization terminated successfully
Wine,3,42,10,300,0.0001,50,most_parsimonious,Ranked k-means,All features mutable,α = 1,1.0,169,1,2,True,2.0,2.0,1.0309884074358824,3.66099020712518,1.1686096602091085,0.1686096602091085,True,9.341800000001399,Optimization terminated successfully
Wine,3,42,10,300,0.0001,50,most_parsimonious,Ranked k-means,All features mutable,α < 1,0.9152029201455798,169,1,2,True,2.0,2.0,1.2408918139769483,4.016415514074749,1.065195696602766,0.06519569660276603,True,11.892400000007797,Optimization terminated successfully
Wine,3,42,10,300,0.0001,50,most_parsimonious,Ranked k-means,Random 25% immutable,α = 1,1.0,169,1,2,True,2.0,2.0,1.0309884074358824,3.66099020712518,1.1686096602091085,0.1686096602091085,True,9.118299999997248,Optimization terminated successfully
Wine,3,42,10,300,0.0001,50,most_parsimonious,Ranked k-means,Random 25% immutable,α < 1,0.9152029201455798,169,1,2,True,2.0,2.0,1.2408918139769483,4.016415514074749,1.065195696602766,0.06519569660276603,True,11.597100000003024,Optimization terminated successfully
Wine,3,42,10,300,0.0001,50,most_parsimonious,Ranked k-means,Random 50% immutable,α = 1,1.0,169,1,2,True,2.0,2.0,1.0309884074358824,3.66099020712518,1.1686096602091085,0.1686096602091085,True,8.681400000000394,Optimization terminated successfully
Wine,3,42,10,300,0.0001,50,most_parsimonious,Ranked k-means,Random 50% immutable,α < 1,0.9152029201455798,169,1,2,True,2.0,2.0,1.2408918139769483,4.016415514074749,1.065195696602766,0.06519569660276603,True,11.56559999999729,Optimization terminated successfully
Wine,3,42,10,300,0.0001,50,most_parsimonious,Ranked k-means,Random 75% immutable,α = 1,1.0,169,1,2,False,,,,,,,False,13.320899999996527,No feasible counterfactual found.
Wine,3,42,10,300,0.0001,50,most_parsimonious,Ranked k-means,Random 75% immutable,α < 1,0.9152029201455798,169,1,2,False,,,,,,,False,34.03339999999844,No feasible counterfactual found.
Wine,3,42,10,300,0.0001,50,most_parsimonious,Ranked k-means,All features mutable,α = 1,1.0,27,2,1,True,3.0,3.0,0.6140973422342662,2.8254672974652277,1.0,0.0,False,10.729699999998843,Optimization terminated successfully
Wine,3,42,10,300,0.0001,50,most_parsimonious,Ranked k-means,All features mutable,α < 1,0.9454695850561792,27,2,1,True,4.0,4.0,0.6292373177965489,2.8600848119164466,1.0100808027110248,0.01008080271102485,True,21.72060000000897,Optimization terminated successfully
Wine,3,42,10,300,0.0001,50,most_parsimonious,Ranked k-means,Random 25% immutable,α = 1,1.0,27,2,1,True,3.0,3.0,0.6140973422342662,2.8254672974652277,1.0,0.0,False,11.542099999999778,Optimization terminated successfully
Wine,3,42,10,300,0.0001,50,most_parsimonious,Ranked k-means,Random 25% immutable,α < 1,0.9454695850561792,27,2,1,True,4.0,4.0,0.6292373177965489,2.8600848119164466,1.0100808027110248,0.01008080271102485,True,22.70240000000001,Optimization terminated successfully
Wine,3,42,10,300,0.0001,50,most_parsimonious,Ranked k-means,Random 50% immutable,α = 1,1.0,27,2,1,True,4.0,4.0,0.8584707145424578,3.3406764717721398,1.0000000000000004,4.440892098500626e-16,True,37.53930000000594,Optimization terminated successfully
Wine,3,42,10,300,0.0001,50,most_parsimonious,Ranked k-means,Random 50% immutable,α < 1,0.9454695850561792,27,2,1,True,4.0,4.0,1.0174233050060335,3.636825946492138,1.0,0.0,False,35.193700000007766,Optimization terminated successfully
Wine,3,42,10,300,0.0001,50,most_parsimonious,Ranked k-means,Random 75% immutable,α = 1,1.0,27,2,1,False,,,,,,,False,57.66989999999339,No feasible counterfactual found.
Wine,3,42,10,300,0.0001,50,most_parsimonious,Ranked k-means,Random 75% immutable,α < 1,0.9454695850561792,27,2,1,False,,,,,,,False,83.6247999999955,No feasible counterfactual found.
Wine,3,42,10,300,0.0001,50,most_parsimonious,Ranked k-means,All features mutable,α = 1,1.0,123,0,2,True,3.0,3.0,0.34315061078912384,2.112097994946875,2.2626823655616954,1.2626823655616954,True,12.208000000001107,Optimization terminated successfully
Wine,3,42,10,300,0.0001,50,most_parsimonious,Ranked k-means,All features mutable,α < 1,0.9152029201455798,123,0,2,True,3.0,3.0,0.43021536869397836,2.3649101025243473,2.020798544274182,1.0207985442741818,True,8.320300000008274,Optimization terminated successfully
Wine,3,42,10,300,0.0001,50,most_parsimonious,Ranked k-means,Random 25% immutable,α = 1,1.0,123,0,2,True,2.0,2.0,0.42608876836982196,2.353540734469596,1.822251361643732,0.8222513616437319,True,3.4080999999872574,Optimization terminated successfully
Wine,3,42,10,300,0.0001,50,most_parsimonious,Ranked k-means,Random 25% immutable,α < 1,0.9152029201455798,123,0,2,True,2.0,2.0,0.5341967369926527,2.6352528495202288,1.6274502110885305,0.6274502110885305,True,7.037100000005125,Optimization terminated successfully
Wine,3,42,10,300,0.0001,50,most_parsimonious,Ranked k-means,Random 50% immutable,α = 1,1.0,123,0,2,True,4.0,4.0,0.6941921239493484,3.004080160605161,1.2691589308904765,0.2691589308904765,True,24.454500000004487,Optimization terminated successfully
Wine,3,42,10,300,0.0001,50,most_parsimonious,Ranked k-means,Random 50% immutable,α < 1,0.9152029201455798,123,0,2,True,4.0,4.0,0.870323732959505,3.3636599900218163,1.133484116098192,0.1334841160981921,True,10.056000000005838,Optimization terminated successfully
Wine,3,42,10,300,0.0001,50,most_parsimonious,Ranked k-means,Random 75% immutable,α = 1,1.0,123,0,2,True,1.0,1.0,0.4572909323444411,2.4381923879131717,1.6979143568449446,0.6979143568449446,True,1.3868999999999687,Optimization terminated successfully
Wine,3,42,10,300,0.0001,50,most_parsimonious,Ranked k-means,Random 75% immutable,α < 1,0.9152029201455798,123,0,2,True,1.0,1.0,0.5733155671982045,2.730037064506022,1.5164050019727124,0.5164050019727124,True,1.4072999999967806,Optimization terminated successfully
Wine,3,42,10,300,0.0001,50,most_parsimonious,Ranked k-means,All features mutable,α = 1,1.0,89,0,2,True,3.0,3.0,1.681107930366966,4.674869313122085,1.0,0.0,False,7.375899999999547,Optimization terminated successfully
Wine,3,42,10,300,0.0001,50,most_parsimonious,Ranked k-means,All features mutable,α < 1,0.9152029201455798,89,0,2,True,4.0,4.0,1.055557773232248,3.7043556864884377,1.34864750078741,0.3486475007874099,True,9.74159999999813,Optimization terminated successfully
Wine,3,42,10,300,0.0001,50,most_parsimonious,Ranked k-means,Random 25% immutable,α = 1,1.0,89,0,2,True,3.0,3.0,1.681107930366966,4.674869313122085,1.0,0.0,False,6.749099999993291,Optimization terminated successfully
Wine,3,42,10,300,0.0001,50,most_parsimonious,Ranked k-means,Random 25% immutable,α < 1,0.9152029201455798,89,0,2,True,4.0,4.0,1.055557773232248,3.7043556864884377,1.34864750078741,0.3486475007874099,True,9.560299999989752,Optimization terminated successfully
Wine,3,42,10,300,0.0001,50,most_parsimonious,Ranked k-means,Random 50% immutable,α = 1,1.0,89,0,2,True,5.0,5.0,2.519723989905009,5.723321751287893,1.0,0.0,False,11.618800000007923,Optimization terminated successfully
Wine,3,42,10,300,0.0001,50,most_parsimonious,Ranked k-means,Random 50% immutable,α < 1,0.9152029201455798,89,0,2,True,5.0,5.0,2.8293698498155306,6.064800742613222,1.0000000000000009,8.881784197001252e-16,True,16.076999999995678,Optimization terminated successfully
Wine,3,42,10,300,0.0001,50,most_parsimonious,Ranked k-means,Random 75% immutable,α = 1,1.0,89,0,2,True,3.0,3.0,3.191343887753849,6.441076815315901,1.0000000000000004,4.440892098500626e-16,True,6.455800000011891,Optimization terminated successfully
Wine,3,42,10,300,0.0001,50,most_parsimonious,Ranked k-means,Random 75% immutable,α < 1,0.9152029201455798,89,0,2,True,3.0,3.0,3.65485628710154,6.892976986202697,1.0000000000000022,2.220446049250313e-15,True,8.449499999997556,Optimization terminated successfully
Wine,3,42,10,300,0.0001,50,most_parsimonious,Ranked k-means,All features mutable,α = 1,1.0,128,0,2,True,3.0,3.0,1.1601995459172225,3.8836315603985776,1.266520982711435,0.266520982711435,True,13.787199999995892,Optimization terminated successfully
Wine,3,42,10,300,0.0001,50,most_parsimonious,Ranked k-means,All features mutable,α < 1,0.9152029201455798,128,0,2,True,3.0,3.0,1.3161666321799328,4.136443667976046,1.1891134618009507,0.18911346180095068,True,6.427000000002181,Optimization terminated successfully
Wine,3,42,10,300,0.0001,50,most_parsimonious,Ranked k-means,Random 25% immutable,α = 1,1.0,128,0,2,True,3.0,3.0,1.1601995459172225,3.8836315603985776,1.266520982711435,0.266520982711435,True,13.491099999995981,Optimization terminated successfully
Wine,3,42,10,300,0.0001,50,most_parsimonious,Ranked k-means,Random 25% immutable,α < 1,0.9152029201455798,128,0,2,True,3.0,3.0,1.3161666321799328,4.136443667976046,1.1891134618009507,0.18911346180095068,True,6.5202000000113,Optimization terminated successfully
Wine,3,42,10,300,0.0001,50,most_parsimonious,Ranked k-means,Random 50% immutable,α = 1,1.0,128,0,2,True,2.0,2.0,0.8230037925220168,3.2709401252218324,1.3584439413781424,0.3584439413781424,True,4.82700000000591,Optimization terminated successfully
Wine,3,42,10,300,0.0001,50,most_parsimonious,Ranked k-means,Random 50% immutable,α < 1,0.9152029201455798,128,0,2,True,2.0,2.0,0.933641228947957,3.483867961953128,1.2754182555513491,0.27541825555134913,True,7.605499999996823,Optimization terminated successfully
Wine,3,42,10,300,0.0001,50,most_parsimonious,Ranked k-means,Random 75% immutable,α = 1,1.0,128,0,2,False,,,,,,,False,21.61289999999383,No feasible counterfactual found.
Wine,3,42,10,300,0.0001,50,most_parsimonious,Ranked k-means,Random 75% immutable,α < 1,0.9152029201455798,128,0,2,False,,,,,,,False,10.49679999999853,No feasible counterfactual found.
Wine,3,42,10,300,0.0001,50,most_parsimonious,Ranked k-means,All features mutable,α = 1,1.0,168,1,2,True,2.0,2.0,0.8640400550385317,3.351495295461551,1.3501709583558743,0.3501709583558743,True,7.162300000004507,Optimization terminated successfully
Wine,3,42,10,300,0.0001,50,most_parsimonious,Ranked k-means,All features mutable,α < 1,0.9152029201455798,168,1,2,True,2.0,2.0,1.0570200271215402,3.7069206024111203,1.2207144709546682,0.22071447095466823,True,11.11469999999315,Optimization terminated successfully
Wine,3,42,10,300,0.0001,50,most_parsimonious,Ranked k-means,Random 25% immutable,α = 1,1.0,168,1,2,True,2.0,2.0,0.8640400550385317,3.351495295461551,1.3501709583558743,0.3501709583558743,True,7.894899999996596,Optimization terminated successfully
Wine,3,42,10,300,0.0001,50,most_parsimonious,Ranked k-means,Random 25% immutable,α < 1,0.9152029201455798,168,1,2,True,2.0,2.0,1.0570200271215402,3.7069206024111203,1.2207144709546682,0.22071447095466823,True,10.848199999998087,Optimization terminated successfully
Wine,3,42,10,300,0.0001,50,most_parsimonious,Ranked k-means,Random 50% immutable,α = 1,1.0,168,1,2,True,2.0,2.0,1.0987081927066824,3.7793129673509274,1.3682078314141903,0.36820783141419033,True,3.858100000002196,Optimization terminated successfully
Wine,3,42,10,300,0.0001,50,most_parsimonious,Ranked k-means,Random 50% immutable,α < 1,0.9152029201455798,168,1,2,True,2.0,2.0,1.344100376922555,4.180108240224554,1.2370219310014214,0.23702193100142144,True,13.143700000000536,Optimization terminated successfully
Wine,3,42,10,300,0.0001,50,most_parsimonious,Ranked k-means,Random 75% immutable,α = 1,1.0,168,1,2,False,,,,,,,False,64.02300000000594,No feasible counterfactual found.
Wine,3,42,10,300,0.0001,50,most_parsimonious,Ranked k-means,Random 75% immutable,α < 1,0.9152029201455798,168,1,2,False,,,,,,,False,29.809599999992997,No feasible counterfactual found.
Wine,3,42,10,300,0.0001,50,most_parsimonious,Ranked k-means,All features mutable,α = 1,1.0,94,0,1,True,5.0,5.0,1.8561845011593219,4.912270199721426,1.0000000000000009,8.881784197001252e-16,True,63.36149999999918,Optimization terminated successfully
Wine,3,42,10,300,0.0001,50,most_parsimonious,Ranked k-means,All features mutable,α < 1,0.9454695850561792,94,0,1,True,5.0,5.0,2.0370779703060844,5.146067781712469,1.0,0.0,False,19.487400000002708,Optimization terminated successfully
Wine,3,42,10,300,0.0001,50,most_parsimonious,Ranked k-means,Random 25% immutable,α = 1,1.0,94,0,1,True,3.0,3.0,1.7537467418455028,4.77479922551635,1.0,0.0,False,26.876099999995517,Optimization terminated successfully
Wine,3,42,10,300,0.0001,50,most_parsimonious,Ranked k-means,Random 25% immutable,α < 1,0.9454695850561792,94,0,1,True,3.0,3.0,1.939519849425639,5.0213303060576795,1.0,0.0,False,10.802100000006476,Optimization terminated successfully
Wine,3,42,10,300,0.0001,50,most_parsimonious,Ranked k-means,Random 50% immutable,α = 1,1.0,94,0,1,True,4.0,4.0,1.4904475313894165,4.4017971225469275,1.0,0.0,False,33.456400000005715,Optimization terminated successfully
Wine,3,42,10,300,0.0001,50,most_parsimonious,Ranked k-means,Random 50% immutable,α < 1,0.9454695850561792,94,0,1,True,4.0,4.0,1.6070492568850843,4.570737395596699,1.0,0.0,False,21.39259999999865,Optimization terminated successfully
Wine,3,42,10,300,0.0001,50,most_parsimonious,Ranked k-means,Random 75% immutable,α = 1,1.0,94,0,1,False,,,,,,,False,21.157999999999788,No feasible counterfactual found.
Wine,3,42,10,300,0.0001,50,most_parsimonious,Ranked k-means,Random 75% immutable,α < 1,0.9454695850561792,94,0,1,False,,,,,,,False,20.543899999992732,No feasible counterfactual found.
Wine,3,42,10,300,0.0001,50,most_parsimonious,Ranked k-means,All features mutable,α = 1,1.0,144,1,0,True,3.0,3.0,0.9428598549344652,3.5010252947026888,1.0441060849117294,0.044106084911729404,True,12.433999999998946,Optimization terminated successfully
Wine,3,42,10,300,0.0001,50,most_parsimonious,Ranked k-means,All features mutable,α < 1,0.8911233276631206,144,1,0,True,3.0,3.0,1.1939073423244095,3.939644076590844,1.0,0.0,False,3.85399999998981,Optimization terminated successfully
Wine,3,42,10,300,0.0001,50,most_parsimonious,Ranked k-means,Random 25% immutable,α = 1,1.0,144,1,0,True,4.0,4.0,0.8476586897541994,3.3195727084678524,1.0,0.0,False,24.81280000000652,Optimization terminated successfully
Wine,3,42,10,300,0.0001,50,most_parsimonious,Ranked k-means,Random 25% immutable,α < 1,0.8911233276631206,144,1,0,True,4.0,4.0,1.0792953216152077,3.7457761787108557,1.0,0.0,False,14.30080000000089,Optimization terminated successfully
Wine,3,42,10,300,0.0001,50,most_parsimonious,Ranked k-means,Random 50% immutable,α = 1,1.0,144,1,0,True,3.0,3.0,0.5830003248540223,2.752999132419458,1.5951105868096453,0.5951105868096453,True,12.42110000001162,Optimization terminated successfully
Wine,3,42,10,300,0.0001,50,most_parsimonious,Ranked k-means,Random 50% immutable,α < 1,0.8911233276631206,144,1,0,True,3.0,3.0,0.733074133009082,3.087063933435468,1.1287814960374445,0.1287814960374445,True,3.604899999999134,Optimization terminated successfully
Wine,3,42,10,300,0.0001,50,most_parsimonious,Ranked k-means,Random 75% immutable,α = 1,1.0,144,1,0,False,,,,,,,False,28.036700000001247,No feasible counterfactual found.
Wine,3,42,10,300,0.0001,50,most_parsimonious,Ranked k-means,Random 75% immutable,α < 1,0.8911233276631206,144,1,0,False,,,,,,,False,15.910300000001598,No feasible counterfactual found.
Wine,3,42,10,300,0.0001,50,most_parsimonious,Ranked k-means,All features mutable,α = 1,1.0,157,1,0,True,2.0,2.0,1.776886551569048,4.806196538885778,1.0,0.0,False,4.5292000000074495,Optimization terminated successfully
Wine,3,42,10,300,0.0001,50,most_parsimonious,Ranked k-means,All features mutable,α < 1,0.8911233276631206,157,1,0,True,3.0,3.0,2.09442568365417,5.218000947441865,1.0,0.0,False,13.1152999999955,Optimization terminated successfully
Wine,3,42,10,300,0.0001,50,most_parsimonious,Ranked k-means,Random 25% immutable,α = 1,1.0,157,1,0,True,2.0,2.0,1.776886551569048,4.806196538885778,1.0,0.0,False,4.839900000007447,Optimization terminated successfully
Wine,3,42,10,300,0.0001,50,most_parsimonious,Ranked k-means,Random 25% immutable,α < 1,0.8911233276631206,157,1,0,True,3.0,3.0,1.599683047154996,4.5602499507170595,1.0,0.0,False,13.682099999996922,Optimization terminated successfully
Wine,3,42,10,300,0.0001,50,most_parsimonious,Ranked k-means,Random 50% immutable,α = 1,1.0,157,1,0,True,4.0,4.0,1.4523214381853558,4.345132759353807,1.0000000000000002,2.220446049250313e-16,True,7.653399999995258,Optimization terminated successfully
Wine,3,42,10,300,0.0001,50,most_parsimonious,Ranked k-means,Random 50% immutable,α < 1,0.8911233276631206,157,1,0,True,4.0,4.0,1.7458700874082762,4.764064560468046,1.0000000000000013,1.3322676295501878e-15,True,9.53450000000089,Optimization terminated successfully
Wine,3,42,10,300,0.0001,50,most_parsimonious,Ranked k-means,Random 75% immutable,α = 1,1.0,157,1,0,True,3.0,3.0,2.9275594256435156,6.169138718927115,1.0,0.0,False,6.747300000000678,Optimization terminated successfully
Wine,3,42,10,300,0.0001,50,most_parsimonious,Ranked k-means,Random 75% immutable,α < 1,0.8911233276631206,157,1,0,False,,,,,,,False,18.350499999996828,No feasible counterfactual found.
Wine,3,42,10,300,0.0001,50,most_parsimonious,Ranked k-means,All features mutable,α = 1,1.0,57,2,1,True,3.0,3.0,1.020143165444224,3.641683834543426,1.0000000000000002,2.220446049250313e-16,True,8.047900000008212,Optimization terminated successfully
Wine,3,42,10,300,0.0001,50,most_parsimonious,Ranked k-means,All features mutable,α < 1,0.9454695850561792,57,2,1,True,3.0,3.0,1.1397951009792278,3.8493293328487703,1.0000000000000002,2.220446049250313e-16,True,7.901000000003933,Optimization terminated successfully
Wine,3,42,10,300,0.0001,50,most_parsimonious,Ranked k-means,Random 25% immutable,α = 1,1.0,57,2,1,True,4.0,4.0,1.1306694908755834,3.8338888066012795,1.03314179009805,0.03314179009804996,True,22.058600000008255,Optimization terminated successfully
Wine,3,42,10,300,0.0001,50,most_parsimonious,Ranked k-means,Random 25% immutable,α < 1,0.9454695850561792,57,2,1,True,4.0,4.0,1.276862071239584,4.074212430165441,1.0,0.0,False,17.77789999999868,Optimization terminated successfully
Wine,3,42,10,300,0.0001,50,most_parsimonious,Ranked k-means,Random 50% immutable,α = 1,1.0,57,2,1,True,5.0,5.0,2.057365281002666,5.171629206839432,1.0000000000000002,2.220446049250313e-16,True,41.201700000002006,Optimization terminated successfully
Wine,3,42,10,300,0.0001,50,most_parsimonious,Ranked k-means,Random 50% immutable,α < 1,0.9454695850561792,57,2,1,True,5.0,5.0,2.333042897533664,5.5072277661213205,1.0000000000000002,2.220446049250313e-16,True,74.87479999998925,Optimization terminated successfully
Wine,3,42,10,300,0.0001,50,most_parsimonious,Ranked k-means,Random 75% immutable,α = 1,1.0,57,2,1,True,3.0,3.0,2.099776705005021,5.224662397233458,1.0000000000000002,2.220446049250313e-16,True,14.407800000000748,Optimization terminated successfully
Wine,3,42,10,300,0.0001,50,most_parsimonious,Ranked k-means,Random 75% immutable,α < 1,0.9454695850561792,57,2,1,True,3.0,3.0,2.4322491313150754,5.623098674849658,1.0000000000000004,4.440892098500626e-16,True,16.141399999995087,Optimization terminated successfully
Wine,3,42,10,300,0.0001,50,most_parsimonious,Ranked k-means,All features mutable,α = 1,1.0,14,2,1,True,5.0,5.0,2.481519373587005,5.679766884004225,1.0,0.0,False,42.609200000001124,Optimization terminated successfully
Wine,3,42,10,300,0.0001,50,most_parsimonious,Ranked k-means,All features mutable,α < 1,0.9454695850561792,14,2,1,True,5.0,5.0,2.6530787523032964,5.872820768586664,1.0,0.0,False,67.38380000000177,Optimization terminated successfully
Wine,3,42,10,300,0.0001,50,most_parsimonious,Ranked k-means,Random 25% immutable,α = 1,1.0,14,2,1,True,5.0,5.0,2.481519373587005,5.679766884004225,1.0,0.0,False,42.635799999999335,Optimization terminated successfully
Wine,3,42,10,300,0.0001,50,most_parsimonious,Ranked k-means,Random 25% immutable,α < 1,0.9454695850561792,14,2,1,True,5.0,5.0,2.6530787523032964,5.872820768586664,1.0,0.0,False,64.48279999999329,Optimization terminated successfully
Wine,3,42,10,300,0.0001,50,most_parsimonious,Ranked k-means,Random 50% immutable,α = 1,1.0,14,2,1,True,4.0,4.0,2.5028553661302864,5.704131814719372,1.0,0.0,False,17.252200000001494,Optimization terminated successfully
Wine,3,42,10,300,0.0001,50,most_parsimonious,Ranked k-means,Random 50% immutable,α < 1,0.9454695850561792,14,2,1,True,4.0,4.0,2.6775223682055946,5.899812775560995,1.0,0.0,False,15.722699999997758,Optimization terminated successfully
Wine,3,42,10,300,0.0001,50,most_parsimonious,Ranked k-means,Random 75% immutable,α = 1,1.0,14,2,1,False,,,,,,,False,11.329500000002213,No feasible counterfactual found.
Wine,3,42,10,300,0.0001,50,most_parsimonious,Ranked k-means,Random 75% immutable,α < 1,0.9454695850561792,14,2,1,False,,,,,,,False,7.763500000010026,No feasible counterfactual found.
Wine,3,42,10,300,0.0001,50,most_parsimonious,Ranked k-means,All features mutable,α = 1,1.0,115,0,2,True,3.0,3.0,2.058464966382653,5.173011169809561,1.0,0.0,False,9.686700000003157,Optimization terminated successfully
Wine,3,42,10,300,0.0001,50,most_parsimonious,Ranked k-means,All features mutable,α < 1,0.9152029201455798,115,0,2,True,4.0,4.0,1.3367982431884315,4.168738077817988,1.4460471638242534,0.44604716382425336,True,31.29430000001321,Optimization terminated successfully
Wine,3,42,10,300,0.0001,50,most_parsimonious,Ranked k-means,Random 25% immutable,α = 1,1.0,115,0,2,True,3.0,3.0,2.2160758792137516,5.367400341858129,1.0268220586742984,0.026822058674298432,True,8.632300000002147,Optimization terminated successfully
Wine,3,42,10,300,0.0001,50,most_parsimonious,Ranked k-means,Random 25% immutable,α < 1,0.9152029201455798,115,0,2,True,3.0,3.0,2.4434414383606184,5.636021531070303,1.0000000000000007,6.661338147750939e-16,True,10.43239999999912,Optimization terminated successfully
Wine,3,42,10,300,0.0001,50,most_parsimonious,Ranked k-means,Random 50% immutable,α = 1,1.0,115,0,2,True,4.0,3.0,1.8305056618791997,4.878173183111644,1.1041224187200367,0.10412241872003669,True,22.863299999997366,Optimization terminated successfully
Wine,3,42,10,300,0.0001,50,most_parsimonious,Ranked k-means,Random 50% immutable,α < 1,0.9152029201455798,115,0,2,True,4.0,3.0,2.0158464368479447,5.11917998111253,1.05214124246245,0.05214124246245011,True,29.906199999999217,Optimization terminated successfully
Wine,3,42,10,300,0.0001,50,most_parsimonious,Ranked k-means,Random 75% immutable,α = 1,1.0,115,0,2,False,,,,,,,False,11.116799999996374,No feasible counterfactual found.
Wine,3,42,10,300,0.0001,50,most_parsimonious,Ranked k-means,Random 75% immutable,α < 1,0.9152029201455798,115,0,2,False,,,,,,,False,20.73230000000592,No feasible counterfactual found.
Wine,3,42,10,300,0.0001,50,most_parsimonious,Ranked k-means,All features mutable,α = 1,1.0,140,1,0,True,2.0,2.0,0.540457399391975,2.650650145171119,1.1480667933581925,0.1480667933581925,True,6.470399999997767,Optimization terminated successfully
Wine,3,42,10,300,0.0001,50,most_parsimonious,Ranked k-means,All features mutable,α < 1,0.8911233276631206,140,1,0,True,2.0,2.0,0.7307932520110498,3.0822576589480066,1.0000000000000002,2.220446049250313e-16,True,8.950499999997419,Optimization terminated successfully
Wine,3,42,10,300,0.0001,50,most_parsimonious,Ranked k-means,Random 25% immutable,α = 1,1.0,140,1,0,True,2.0,2.0,0.540457399391975,2.650650145171119,1.1480667933581925,0.1480667933581925,True,6.640200000006757,Optimization terminated successfully
Wine,3,42,10,300,0.0001,50,most_parsimonious,Ranked k-means,Random 25% immutable,α < 1,0.8911233276631206,140,1,0,True,2.0,2.0,0.7307932520110498,3.0822576589480066,1.0000000000000002,2.220446049250313e-16,True,8.849600000004898,Optimization terminated successfully
Wine,3,42,10,300,0.0001,50,most_parsimonious,Ranked k-means,Random 50% immutable,α = 1,1.0,140,1,0,True,1.0,1.0,1.4048237904640841,4.273489122021149,1.0759750304761027,0.07597503047610266,True,1.4008999999930438,Optimization terminated successfully
Wine,3,42,10,300,0.0001,50,most_parsimonious,Ranked k-means,Random 50% immutable,α < 1,0.8911233276631206,140,1,0,True,3.0,3.0,0.7285144735596645,3.0774483190259487,1.0,0.0,False,23.037900000005607,Optimization terminated successfully
Wine,3,42,10,300,0.0001,50,most_parsimonious,Ranked k-means,Random 75% immutable,α = 1,1.0,140,1,0,True,1.0,1.0,1.4048237904640841,4.273489122021149,1.0759750304761027,0.07597503047610266,True,1.4168999999952803,Optimization terminated successfully
Wine,3,42,10,300,0.0001,50,most_parsimonious,Ranked k-means,Random 75% immutable,α < 1,0.8911233276631206,140,1,0,True,2.0,2.0,0.9887793965061007,3.585265981008844,1.0000000000000002,2.220446049250313e-16,True,9.681899999989696,Optimization terminated successfully
Wine,3,42,10,300,0.0001,50,most_parsimonious,Ranked k-means,All features mutable,α = 1,1.0,106,0,1,True,4.0,4.0,0.9141545995609206,3.4473192185076167,1.0000000000000002,2.220446049250313e-16,True,15.899500000003286,Optimization terminated successfully
Wine,3,42,10,300,0.0001,50,most_parsimonious,Ranked k-means,All features mutable,α < 1,0.9454695850561792,106,0,1,True,4.0,4.0,1.020505511364379,3.6423305242299095,1.0000000000000047,4.6629367034256575e-15,True,23.313000000001693,Optimization terminated successfully
Wine,3,42,10,300,0.0001,50,most_parsimonious,Ranked k-means,Random 25% immutable,α = 1,1.0,106,0,1,True,4.0,4.0,1.1339280097894937,3.839409346144719,1.0000000000000022,2.220446049250313e-15,True,16.16299999999171,Optimization terminated successfully
Wine,3,42,10,300,0.0001,50,most_parsimonious,Ranked k-means,Random 25% immutable,α < 1,0.9454695850561792,106,0,1,True,4.0,4.0,1.6100763861237137,4.575040220545419,1.0,0.0,False,23.659700000010275,Optimization terminated successfully
Wine,3,42,10,300,0.0001,50,most_parsimonious,Ranked k-means,Random 50% immutable,α = 1,1.0,106,0,1,True,3.0,3.0,1.1175854864151973,3.8116415523232985,1.0000000000000004,4.440892098500626e-16,True,4.303500000006011,Optimization terminated successfully
Wine,3,42,10,300,0.0001,50,most_parsimonious,Ranked k-means,Random 50% immutable,α < 1,0.9454695850561792,106,0,1,True,3.0,3.0,1.2720898429077394,4.066591688109419,1.0,0.0,False,4.4642000000010285,Optimization terminated successfully
Wine,3,42,10,300,0.0001,50,most_parsimonious,Ranked k-means,Random 75% immutable,α = 1,1.0,106,0,1,False,,,,,,,False,8.500000000012164,No feasible counterfactual found.
Wine,3,42,10,300,0.0001,50,most_parsimonious,Ranked k-means,Random 75% immutable,α < 1,0.9454695850561792,106,0,1,False,,,,,,,False,9.93540000000337,No feasible counterfactual found.
Wine,3,42,10,300,0.0001,50,most_parsimonious,Ranked k-means,All features mutable,α = 1,1.0,85,0,1,True,5.0,5.0,1.4668303401728582,4.366783074787109,1.0,0.0,False,34.491299999999114,Optimization terminated successfully
Wine,3,42,10,300,0.0001,50,most_parsimonious,Ranked k-means,All features mutable,α < 1,0.9454695850561792,85,0,1,True,5.0,5.0,1.614367172201837,4.581132309661431,1.0000000000000002,2.220446049250313e-16,True,29.05870000000732,Optimization terminated successfully
Wine,3,42,10,300,0.0001,50,most_parsimonious,Ranked k-means,Random 25% immutable,α = 1,1.0,85,0,1,True,5.0,5.0,1.0946760371496957,3.7723717318082595,1.0,0.0,False,35.45040000000199,Optimization terminated successfully
Wine,3,42,10,300,0.0001,50,most_parsimonious,Ranked k-means,Random 25% immutable,α < 1,0.9454695850561792,85,0,1,True,5.0,5.0,1.18624245737199,3.9269774567516773,1.0000000000000002,2.220446049250313e-16,True,29.080899999996745,Optimization terminated successfully
Wine,3,42,10,300,0.0001,50,most_parsimonious,Ranked k-means,Random 50% immutable,α = 1,1.0,85,0,1,True,4.0,4.0,1.5103723338160835,4.431121792459454,1.0,0.0,False,21.877000000003477,Optimization terminated successfully
Wine,3,42,10,300,0.0001,50,most_parsimonious,Ranked k-means,Random 50% immutable,α < 1,0.9454695850561792,85,0,1,True,5.0,5.0,1.0893363219156935,3.763159867040466,1.0141150806230272,0.014115080623027243,True,33.14370000001077,Optimization terminated successfully
Wine,3,42,10,300,0.0001,50,most_parsimonious,Ranked k-means,Random 75% immutable,α = 1,1.0,85,0,1,False,,,,,,,False,5.477600000006078,No feasible counterfactual found.
Wine,3,42,10,300,0.0001,50,most_parsimonious,Ranked k-means,Random 75% immutable,α < 1,0.9454695850561792,85,0,1,False,,,,,,,False,9.915199999994684,No feasible counterfactual found.
Wine,3,42,10,300,0.0001,50,most_parsimonious,Ranked k-means,All features mutable,α = 1,1.0,103,0,1,True,4.0,4.0,1.3997064788406213,4.265698562360926,1.0,0.0,False,15.056899999990492,Optimization terminated successfully
Wine,3,42,10,300,0.0001,50,most_parsimonious,Ranked k-means,All features mutable,α < 1,0.9454695850561792,103,0,1,True,4.0,4.0,1.6509975603535942,4.632814294205708,1.0,0.0,False,49.94899999999802,Optimization terminated successfully
Wine,3,42,10,300,0.0001,50,most_parsimonious,Ranked k-means,Random 25% immutable,α = 1,1.0,103,0,1,True,4.0,4.0,1.3997064788406213,4.265698562360926,1.0,0.0,False,13.0952000000093,Optimization terminated successfully
Wine,3,42,10,300,0.0001,50,most_parsimonious,Ranked k-means,Random 25% immutable,α < 1,0.9454695850561792,103,0,1,True,4.0,4.0,1.6509975603535942,4.632814294205708,1.0,0.0,False,50.61739999999304,Optimization terminated successfully
Wine,3,42,10,300,0.0001,50,most_parsimonious,Ranked k-means,Random 50% immutable,α = 1,1.0,103,0,1,True,4.0,4.0,1.8610887073065179,4.918755248534403,1.0000000000000007,6.661338147750939e-16,True,25.057600000010893,Optimization terminated successfully
Wine,3,42,10,300,0.0001,50,most_parsimonious,Ranked k-means,Random 50% immutable,α < 1,0.9454695850561792,103,0,1,True,4.0,4.0,2.295348902745852,5.462557618524135,1.0000000000000007,6.661338147750939e-16,True,21.1972999999972,Optimization terminated successfully
Wine,3,42,10,300,0.0001,50,most_parsimonious,Ranked k-means,Random 75% immutable,α = 1,1.0,103,0,1,True,3.0,3.0,1.150860099579099,3.8679686263629756,1.000000000000001,1.1102230246251565e-15,True,12.142600000004222,Optimization terminated successfully
Wine,3,42,10,300,0.0001,50,most_parsimonious,Ranked k-means,Random 75% immutable,α < 1,0.9454695850561792,103,0,1,True,3.0,3.0,1.283441450692684,4.084695687441709,1.0,0.0,False,3.6458000000010315,Optimization terminated successfully
Wine,3,42,10,300,0.0001,50,most_parsimonious,Ranked k-means,All features mutable,α = 1,1.0,71,0,1,True,5.0,5.0,1.5196984207211324,4.444781149772699,1.0000000000000002,2.220446049250313e-16,True,16.01630000000398,Optimization terminated successfully
Wine,3,42,10,300,0.0001,50,most_parsimonious,Ranked k-means,All features mutable,α < 1,0.9454695850561792,71,0,1,True,5.0,5.0,1.6847365875778149,4.679911926362674,1.0000000000000004,4.440892098500626e-16,True,18.656999999990376,Optimization terminated successfully
Wine,3,42,10,300,0.0001,50,most_parsimonious,Ranked k-means,Random 25% immutable,α = 1,1.0,71,0,1,True,5.0,5.0,1.1232647201276287,3.82131408832867,1.0000000000000004,4.440892098500626e-16,True,16.23159999999757,Optimization terminated successfully
Wine,3,42,10,300,0.0001,50,most_parsimonious,Ranked k-means,Random 25% immutable,α < 1,0.9454695850561792,71,0,1,True,5.0,5.0,1.2179453954362263,3.9791067013427703,1.0,0.0,False,18.475300000005745,Optimization terminated successfully
Wine,3,42,10,300,0.0001,50,most_parsimonious,Ranked k-means,Random 50% immutable,α = 1,1.0,71,0,1,True,5.0,5.0,1.5196984207211324,4.444781149772699,1.0000000000000002,2.220446049250313e-16,True,16.889399999996613,Optimization terminated successfully
Wine,3,42,10,300,0.0001,50,most_parsimonious,Ranked k-means,Random 50% immutable,α < 1,0.9454695850561792,71,0,1,True,5.0,5.0,1.6847365875778149,4.679911926362674,1.0000000000000004,4.440892098500626e-16,True,19.15580000000716,Optimization terminated successfully
Wine,3,42,10,300,0.0001,50,most_parsimonious,Ranked k-means,Random 75% immutable,α = 1,1.0,71,0,1,False,,,,,,,False,14.379200000007586,No feasible counterfactual found.
Wine,3,42,10,300,0.0001,50,most_parsimonious,Ranked k-means,Random 75% immutable,α < 1,0.9454695850561792,71,0,1,False,,,,,,,False,9.630999999998835,No feasible counterfactual found.
Wine,3,42,10,300,0.0001,50,most_parsimonious,Ranked k-means,All features mutable,α = 1,1.0,136,1,2,True,3.0,3.0,2.101165401651237,5.226389788512342,1.2001600154444367,0.20016001544443673,True,12.335300000003713,Optimization terminated successfully
Wine,3,42,10,300,0.0001,50,most_parsimonious,Ranked k-means,All features mutable,α < 1,0.9152029201455798,136,1,2,True,3.0,3.0,2.3630671775109637,5.5425511551669535,1.1410547761039707,0.14105477610397066,True,14.537799999999379,Optimization terminated successfully
Wine,3,42,10,300,0.0001,50,most_parsimonious,Ranked k-means,Random 25% immutable,α = 1,1.0,136,1,2,True,3.0,3.0,2.594962500905456,5.808141915601833,1.0882989650005244,0.08829896500052437,True,17.28289999999788,Optimization terminated successfully
Wine,3,42,10,300,0.0001,50,most_parsimonious,Ranked k-means,Random 25% immutable,α < 1,0.9152029201455798,136,1,2,True,3.0,3.0,2.9159549247261762,6.156899708574136,1.0243952097228328,0.024395209722832822,True,18.075200000012615,Optimization terminated successfully
Wine,3,42,10,300,0.0001,50,most_parsimonious,Ranked k-means,Random 50% immutable,α = 1,1.0,136,1,2,True,3.0,3.0,2.3741646657545594,5.555550436708254,1.0656089414242669,0.06560894142426688,True,22.243199999991248,Optimization terminated successfully
Wine,3,42,10,300,0.0001,50,most_parsimonious,Ranked k-means,Random 50% immutable,α < 1,0.9152029201455798,136,1,2,True,3.0,3.0,2.6710478340694173,5.892675270444013,1.0046445709660679,0.004644570966067851,True,26.727199999996287,Optimization terminated successfully
Wine,3,42,10,300,0.0001,50,most_parsimonious,Ranked k-means,Random 75% immutable,α = 1,1.0,136,1,2,False,,,,,,,False,20.481799999998884,No feasible counterfactual found.
Wine,3,42,10,300,0.0001,50,most_parsimonious,Ranked k-means,Random 75% immutable,α < 1,0.9152029201455798,136,1,2,False,,,,,,,False,14.084400000001551,No feasible counterfactual found.
Wine,3,42,10,300,0.0001,50,most_parsimonious,Ranked k-means,All features mutable,α = 1,1.0,102,0,2,True,3.0,3.0,0.4285699235982364,2.360383233031677,1.58267473657644,0.58267473657644,True,14.039499999995542,Optimization terminated successfully
Wine,3,42,10,300,0.0001,50,most_parsimonious,Ranked k-means,All features mutable,α < 1,0.9152029201455798,102,0,2,True,3.0,3.0,0.5252915298601045,2.6131953406091473,1.4295596823667307,0.4295596823667307,True,17.215300000003708,Optimization terminated successfully
Wine,3,42,10,300,0.0001,50,most_parsimonious,Ranked k-means,Random 25% immutable,α = 1,1.0,102,0,2,True,3.0,3.0,0.4285699235982364,2.360383233031677,1.58267473657644,0.58267473657644,True,14.023699999995642,Optimization terminated successfully
Wine,3,42,10,300,0.0001,50,most_parsimonious,Ranked k-means,Random 25% immutable,α < 1,0.9152029201455798,102,0,2,True,3.0,3.0,0.5252915298601045,2.6131953406091473,1.4295596823667307,0.4295596823667307,True,16.580900000008114,Optimization terminated successfully
Wine,3,42,10,300,0.0001,50,most_parsimonious,Ranked k-means,Random 50% immutable,α = 1,1.0,102,0,2,True,2.0,2.0,0.5321535942669194,2.630208494676791,1.2746071743574248,0.27460717435742477,True,10.370199999996998,Optimization terminated successfully
Wine,3,42,10,300,0.0001,50,most_parsimonious,Ranked k-means,Random 50% immutable,α < 1,0.9152029201455798,102,0,2,True,2.0,2.0,0.6522524336427171,2.911920609727422,1.1512959599529806,0.15129595995298062,True,12.280300000000466,Optimization terminated successfully
Wine,3,42,10,300,0.0001,50,most_parsimonious,Ranked k-means,Random 75% immutable,α = 1,1.0,102,0,2,True,3.0,3.0,1.1501901531901133,3.8668426385710957,1.3695832418789002,0.36958324187890024,True,10.000899999994317,Optimization terminated successfully
Wine,3,42,10,300,0.0001,50,most_parsimonious,Ranked k-means,Random 75% immutable,α < 1,0.9152029201455798,102,0,2,True,3.0,3.0,1.4097702893534283,4.281006162293459,1.237083698613375,0.23708369861337508,True,15.412300000008372,Optimization terminated successfully
Wine,3,42,10,300,0.0001,50,most_parsimonious,Ranked k-means,All features mutable,α = 1,1.0,10,2,0,True,3.0,3.0,1.7540685178147233,4.775237243487637,1.0,0.0,False,8.697299999994357,Optimization terminated successfully
Wine,3,42,10,300,0.0001,50,most_parsimonious,Ranked k-means,All features mutable,α < 1,0.8911233276631206,10,2,0,True,3.0,3.0,2.0586499134863185,5.173243554610796,1.0,0.0,False,16.232500000000982,Optimization terminated successfully
Wine,3,42,10,300,0.0001,50,most_parsimonious,Ranked k-means,Random 25% immutable,α = 1,1.0,10,2,0,True,3.0,3.0,1.9754135598632487,5.067580909884146,1.0,0.0,False,8.628299999998035,Optimization terminated successfully
Wine,3,42,10,300,0.0001,50,most_parsimonious,Ranked k-means,Random 25% immutable,α < 1,0.8911233276631206,10,2,0,True,4.0,4.0,1.7982934010615557,4.835060931756726,1.0155165464265377,0.015516546426537658,True,30.464499999993677,Optimization terminated successfully
Wine,3,42,10,300,0.0001,50,most_parsimonious,Ranked k-means,Random 50% immutable,α = 1,1.0,10,2,0,True,3.0,3.0,1.9694734583363687,5.059956023363522,1.0,0.0,False,10.522600000001603,Optimization terminated successfully
Wine,3,42,10,300,0.0001,50,most_parsimonious,Ranked k-means,Random 50% immutable,α < 1,0.8911233276631206,10,2,0,True,3.0,3.0,2.385394627891201,5.568674003978471,1.0000000000000004,4.440892098500626e-16,True,20.807299999987094,Optimization terminated successfully
Wine,3,42,10,300,0.0001,50,most_parsimonious,Ranked k-means,Random 75% immutable,α = 1,1.0,10,2,0,False,,,,,,,False,16.5955000000082,No feasible counterfactual found.
Wine,3,42,10,300,0.0001,50,most_parsimonious,Ranked k-means,Random 75% immutable,α < 1,0.8911233276631206,10,2,0,False,,,,,,,False,19.963199999992298,No feasible counterfactual found.
Wine,3,42,10,300,0.0001,50,most_parsimonious,Ranked k-means,All features mutable,α = 1,1.0,108,0,1,True,4.0,4.0,1.4551626310424939,4.349380898881176,1.0,0.0,False,24.267699999995784,Optimization terminated successfully
Wine,3,42,10,300,0.0001,50,most_parsimonious,Ranked k-means,All features mutable,α < 1,0.9454695850561792,108,0,1,True,4.0,4.0,1.662596149917773,4.649059039088561,1.0,0.0,False,11.99789999999723,Optimization terminated successfully
Wine,3,42,10,300,0.0001,50,most_parsimonious,Ranked k-means,Random 25% immutable,α = 1,1.0,108,0,1,True,4.0,4.0,0.9709883906206253,3.552864911317081,1.0000000000000002,2.220446049250313e-16,True,12.192999999996346,Optimization terminated successfully
Wine,3,42,10,300,0.0001,50,most_parsimonious,Ranked k-means,Random 25% immutable,α < 1,0.9454695850561792,108,0,1,True,4.0,4.0,1.071970648439514,3.7330441237298118,1.0000000000000002,2.220446049250313e-16,True,19.131299999997964,Optimization terminated successfully
Wine,3,42,10,300,0.0001,50,most_parsimonious,Ranked k-means,Random 50% immutable,α = 1,1.0,108,0,1,True,4.0,4.0,0.844687306272913,3.3137493842395305,1.0000000000000002,2.220446049250313e-16,True,184.46540000000766,Optimization terminated successfully
Wine,3,42,10,300,0.0001,50,most_parsimonious,Ranked k-means,Random 50% immutable,α < 1,0.9454695850561792,108,0,1,True,4.0,4.0,0.9263027473072456,3.470149235262684,1.0000000000000002,2.220446049250313e-16,True,32.5035999999983,Optimization terminated successfully
Wine,3,42,10,300,0.0001,50,most_parsimonious,Ranked k-means,Random 75% immutable,α = 1,1.0,108,0,1,False,,,,,,,False,16.706999999996697,No feasible counterfactual found.
Wine,3,42,10,300,0.0001,50,most_parsimonious,Ranked k-means,Random 75% immutable,α < 1,0.9454695850561792,108,0,1,False,,,,,,,False,24.067600000009293,No feasible counterfactual found.
Wine,3,42,10,300,0.0001,50,most_parsimonious,Ranked k-means,All features mutable,α = 1,1.0,70,0,2,True,3.0,3.0,0.8951877477238857,3.411369332161282,1.0,0.0,False,20.24269999999717,Optimization terminated successfully
Wine,3,42,10,300,0.0001,50,most_parsimonious,Ranked k-means,All features mutable,α < 1,0.9152029201455798,70,0,2,True,3.0,3.0,1.0886839994148465,3.7620329600354387,1.0000000000000002,2.220446049250313e-16,True,15.137499999994475,Optimization terminated successfully
Wine,3,42,10,300,0.0001,50,most_parsimonious,Ranked k-means,Random 25% immutable,α = 1,1.0,70,0,2,True,2.0,2.0,1.0034186134228087,3.6117090102189175,1.0000000000000002,2.220446049250313e-16,True,7.957900000008067,Optimization terminated successfully
Wine,3,42,10,300,0.0001,50,most_parsimonious,Ranked k-means,Random 25% immutable,α < 1,0.9152029201455798,70,0,2,True,2.0,2.0,1.251540320969753,4.0336118024181244,1.0000000000000007,6.661338147750939e-16,True,2.4362999999993917,Optimization terminated successfully
Wine,3,42,10,300,0.0001,50,most_parsimonious,Ranked k-means,Random 50% immutable,α = 1,1.0,70,0,2,True,2.0,2.0,2.2074867194758765,5.356988645982591,1.078438946804202,0.07843894680420194,True,7.4629000000072665,Optimization terminated successfully
Wine,3,42,10,300,0.0001,50,most_parsimonious,Ranked k-means,Random 50% immutable,α < 1,0.9152029201455798,70,0,2,True,2.0,2.0,2.553261875649785,5.761284959403345,1.0027597983535341,0.0027597983535341264,True,2.8082999999980984,Optimization terminated successfully
Wine,3,42,10,300,0.0001,50,most_parsimonious,Ranked k-means,Random 75% immutable,α = 1,1.0,70,0,2,True,3.0,3.0,1.3860698790799426,4.24486848183065,1.000000000000001,1.1102230246251565e-15,True,11.809400000004189,Optimization terminated successfully
Wine,3,42,10,300,0.0001,50,most_parsimonious,Ranked k-means,Random 75% immutable,α < 1,0.9152029201455798,70,0,2,True,3.0,3.0,1.9844638224858446,5.07917608400378,1.0000000000000004,4.440892098500626e-16,True,7.353199999997173,Optimization terminated successfully
Wine,3,42,10,300,0.0001,50,most_parsimonious,Ranked k-means,All features mutable,α = 1,1.0,141,1,0,True,2.0,2.0,0.46933697030510785,2.4700972883606025,1.1153476119122692,0.11534761191226917,True,7.40310000000477,Optimization terminated successfully
Wine,3,42,10,300,0.0001,50,most_parsimonious,Ranked k-means,All features mutable,α < 1,0.8911233276631206,141,1,0,True,2.0,2.0,0.6501431676194368,2.907208485652977,1.0,0.0,False,8.0726999999996,Optimization terminated successfully
Wine,3,42,10,300,0.0001,50,most_parsimonious,Ranked k-means,Random 25% immutable,α = 1,1.0,141,1,0,True,2.0,2.0,0.46933697030510785,2.4700972883606025,1.1153476119122692,0.11534761191226917,True,7.167400000000157,Optimization terminated successfully
Wine,3,42,10,300,0.0001,50,most_parsimonious,Ranked k-means,Random 25% immutable,α < 1,0.8911233276631206,141,1,0,True,2.0,2.0,0.6501431676194368,2.907208485652977,1.0,0.0,False,8.605500000001598,Optimization terminated successfully
Wine,3,42,10,300,0.0001,50,most_parsimonious,Ranked k-means,Random 50% immutable,α = 1,1.0,141,1,0,True,2.0,2.0,0.46933697030510785,2.4700972883606025,1.1153476119122692,0.11534761191226917,True,8.860999999996011,Optimization terminated successfully
Wine,3,42,10,300,0.0001,50,most_parsimonious,Ranked k-means,Random 50% immutable,α < 1,0.8911233276631206,141,1,0,True,2.0,2.0,0.6501431676194368,2.907208485652977,1.0,0.0,False,9.905400000008058,Optimization terminated successfully
Wine,3,42,10,300,0.0001,50,most_parsimonious,Ranked k-means,Random 75% immutable,α = 1,1.0,141,1,0,True,1.0,1.0,0.7044772889226467,3.0262525928934627,1.4642571850312376,0.4642571850312376,True,1.328000000000884,Optimization terminated successfully
Wine,3,42,10,300,0.0001,50,most_parsimonious,Ranked k-means,Random 75% immutable,α < 1,0.8911233276631206,141,1,0,True,1.0,1.0,0.9719160202429871,3.554561613358085,1.2466268937950373,0.24662689379503733,True,1.3366000000019085,Optimization terminated successfully
Wine,3,42,10,300,0.0001,50,most_parsimonious,Ranked k-means,All features mutable,α = 1,1.0,156,1,2,True,2.0,2.0,1.6656464557141553,4.653321816109866,1.0431664866700212,0.04316648667002121,True,4.06390000000556,Optimization terminated successfully
Wine,3,42,10,300,0.0001,50,most_parsimonious,Ranked k-means,All features mutable,α < 1,0.9152029201455798,156,1,2,True,2.0,2.0,1.931451092092191,5.010874594040294,1.0,0.0,False,4.9086999999872205,Optimization terminated successfully
Wine,3,42,10,300,0.0001,50,most_parsimonious,Ranked k-means,Random 25% immutable,α = 1,1.0,156,1,2,True,2.0,2.0,1.6656464557141553,4.653321816109866,1.0431664866700212,0.04316648667002121,True,4.195999999993205,Optimization terminated successfully
Wine,3,42,10,300,0.0001,50,most_parsimonious,Ranked k-means,Random 25% immutable,α < 1,0.9152029201455798,156,1,2,True,2.0,2.0,1.931451092092191,5.010874594040294,1.0,0.0,False,5.016700000012975,Optimization terminated successfully
Wine,3,42,10,300,0.0001,50,most_parsimonious,Ranked k-means,Random 50% immutable,α = 1,1.0,156,1,2,True,4.0,4.0,1.6959770405059162,4.695498006237135,1.0245106508569481,0.024510650856948146,True,14.548699999991754,Optimization terminated successfully
Wine,3,42,10,300,0.0001,50,most_parsimonious,Ranked k-means,Random 50% immutable,α < 1,0.9152029201455798,156,1,2,True,4.0,4.0,1.9691667298941782,5.059561985846631,1.0000000000000002,2.220446049250313e-16,True,19.119500000002176,Optimization terminated successfully
Wine,3,42,10,300,0.0001,50,most_parsimonious,Ranked k-means,Random 75% immutable,α = 1,1.0,156,1,2,False,,,,,,,False,11.35599999999215,No feasible counterfactual found.
Wine,3,42,10,300,0.0001,50,most_parsimonious,Ranked k-means,Random 75% immutable,α < 1,0.9152029201455798,156,1,2,False,,,,,,,False,52.26119999998957,No feasible counterfactual found.
Wine,3,42,10,300,0.0001,50,most_parsimonious,Ranked k-means,All features mutable,α = 1,1.0,36,2,1,True,2.0,2.0,0.6360917425162808,2.8756203944039016,1.0800655055292787,0.08006550552927871,True,10.67369999999812,Optimization terminated successfully
Wine,3,42,10,300,0.0001,50,most_parsimonious,Ranked k-means,All features mutable,α < 1,0.9454695850561792,36,2,1,True,2.0,2.0,0.7412273544764878,3.1041835654797123,1.0005395373419643,0.0005395373419643246,True,3.3976999999936197,Optimization terminated successfully
Wine,3,42,10,300,0.0001,50,most_parsimonious,Ranked k-means,Random 25% immutable,α = 1,1.0,36,2,1,True,4.0,4.0,0.9627609808015434,3.5377807663025225,1.0,0.0,False,105.1265999999913,Optimization terminated successfully
Wine,3,42,10,300,0.0001,50,most_parsimonious,Ranked k-means,Random 25% immutable,α < 1,0.9454695850561792,36,2,1,True,4.0,4.0,1.1412668645736548,3.8518137597056157,1.0000000000000002,2.220446049250313e-16,True,67.8998000000064,Optimization terminated successfully
Wine,3,42,10,300,0.0001,50,most_parsimonious,Ranked k-means,Random 50% immutable,α = 1,1.0,36,2,1,True,3.0,3.0,0.7101077372012381,3.038322001305341,1.0,0.0,False,12.696100000013644,Optimization terminated successfully
Wine,3,42,10,300,0.0001,50,most_parsimonious,Ranked k-means,Random 50% immutable,α < 1,0.9454695850561792,36,2,1,True,3.0,3.0,0.8453033562439531,3.3149575609909987,1.0,0.0,False,8.764499999998066,Optimization terminated successfully
Wine,3,42,10,300,0.0001,50,most_parsimonious,Ranked k-means,Random 75% immutable,α = 1,1.0,36,2,1,True,2.0,2.0,1.115708984772303,3.8084402059163196,1.0000000000000004,4.440892098500626e-16,True,9.75320000000579,Optimization terminated successfully
Wine,3,42,10,300,0.0001,50,most_parsimonious,Ranked k-means,Random 75% immutable,α < 1,0.9454695850561792,36,2,1,True,2.0,2.0,1.4127269497797807,4.285493010977517,1.0,0.0,False,2.391200000005256,Optimization terminated successfully
Wine,3,42,10,300,0.0001,50,most_parsimonious,Ranked k-means,All features mutable,α = 1,1.0,134,1,2,True,3.0,3.0,1.0515244479209584,3.6972716728653388,1.0598965073158666,0.0598965073158666,True,9.990900000005354,Optimization terminated successfully
Wine,3,42,10,300,0.0001,50,most_parsimonious,Ranked k-means,All features mutable,α < 1,0.9152029201455798,134,1,2,True,3.0,3.0,1.2094239273176994,3.9651621726141406,1.0165545537844887,0.016554553784488668,True,20.883099999991828,Optimization terminated successfully
Wine,3,42,10,300,0.0001,50,most_parsimonious,Ranked k-means,Random 25% immutable,α = 1,1.0,134,1,2,True,3.0,3.0,1.0515244479209584,3.6972716728653388,1.0598965073158666,0.0598965073158666,True,9.200199999995107,Optimization terminated successfully
Wine,3,42,10,300,0.0001,50,most_parsimonious,Ranked k-means,Random 25% immutable,α < 1,0.9152029201455798,134,1,2,True,3.0,3.0,1.2094239273176994,3.9651621726141406,1.0165545537844887,0.016554553784488668,True,19.532200000000444,Optimization terminated successfully
Wine,3,42,10,300,0.0001,50,most_parsimonious,Ranked k-means,Random 50% immutable,α = 1,1.0,134,1,2,True,4.0,4.0,3.5326700407626754,6.776777296762435,1.0,0.0,False,23.904900000005114,Optimization terminated successfully
Wine,3,42,10,300,0.0001,50,most_parsimonious,Ranked k-means,Random 50% immutable,α < 1,0.9152029201455798,134,1,2,True,5.0,5.0,2.8883093856186646,6.127644083417594,1.0000000000000018,1.7763568394002505e-15,True,35.38969999999608,Optimization terminated successfully
Wine,3,42,10,300,0.0001,50,most_parsimonious,Ranked k-means,Random 75% immutable,α = 1,1.0,134,1,2,False,,,,,,,False,28.962000000007038,No feasible counterfactual found.
Wine,3,42,10,300,0.0001,50,most_parsimonious,Ranked k-means,Random 75% immutable,α < 1,0.9152029201455798,134,1,2,False,,,,,,,False,7.699799999997481,No feasible counterfactual found.
Wine,3,42,10,300,0.0001,50,most_parsimonious,Ranked k-means,All features mutable,α = 1,1.0,119,0,2,True,3.0,3.0,1.235524806607671,4.007720360242182,1.0236726299650523,0.02367262996505226,True,9.204100000005155,Optimization terminated successfully
Wine,3,42,10,300,0.0001,50,most_parsimonious,Ranked k-means,All features mutable,α < 1,0.9152029201455798,119,0,2,True,3.0,3.0,1.4020869542065317,4.269324349904199,1.0,0.0,False,4.6886000000085915,Optimization terminated successfully
Wine,3,42,10,300,0.0001,50,most_parsimonious,Ranked k-means,Random 25% immutable,α = 1,1.0,119,0,2,True,4.0,4.0,1.2883723918969656,4.092534800665787,1.0301793984290906,0.030179398429090565,True,13.790899999989392,Optimization terminated successfully
Wine,3,42,10,300,0.0001,50,most_parsimonious,Ranked k-means,Random 25% immutable,α < 1,0.9152029201455798,119,0,2,True,4.0,4.0,1.4591120649037836,4.355279192399632,1.0,0.0,False,24.046999999995933,Optimization terminated successfully
Wine,3,42,10,300,0.0001,50,most_parsimonious,Ranked k-means,Random 50% immutable,α = 1,1.0,119,0,2,True,4.0,4.0,1.7889524494664675,4.822487101389083,1.0000000000000013,1.3322676295501878e-15,True,16.99670000000708,Optimization terminated successfully
Wine,3,42,10,300,0.0001,50,most_parsimonious,Ranked k-means,Random 50% immutable,α < 1,0.9152029201455798,119,0,2,True,4.0,4.0,2.022646229023473,5.1278066439078165,1.0,0.0,False,15.855200000004288,Optimization terminated successfully
Wine,3,42,10,300,0.0001,50,most_parsimonious,Ranked k-means,Random 75% immutable,α = 1,1.0,119,0,2,True,3.0,3.0,1.3761223749190046,4.229608832261804,1.0000000000000004,4.440892098500626e-16,True,19.334799999995766,Optimization terminated successfully
Wine,3,42,10,300,0.0001,50,most_parsimonious,Ranked k-means,Random 75% immutable,α < 1,0.9152029201455798,119,0,2,True,3.0,3.0,1.6813125399088167,4.675153796273938,1.0,0.0,False,7.596300000002998,Optimization terminated successfully
Wine,3,42,10,300,0.0001,50,most_parsimonious,Ranked k-means,All features mutable,α = 1,1.0,100,0,1,True,5.0,5.0,1.649996422372233,4.6314094497074025,1.0,0.0,False,13.151299999989874,Optimization terminated successfully
Wine,3,42,10,300,0.0001,50,most_parsimonious,Ranked k-means,All features mutable,α < 1,0.9454695850561792,100,0,1,True,5.0,5.0,1.8281606808390656,4.875047574219953,1.000000000000001,1.1102230246251565e-15,True,11.555599999994115,Optimization terminated successfully
Wine,3,42,10,300,0.0001,50,most_parsimonious,Ranked k-means,Random 25% immutable,α = 1,1.0,100,0,1,True,4.0,4.0,1.280242079250842,4.079601332270219,1.0,0.0,False,12.686899999991397,Optimization terminated successfully
Wine,3,42,10,300,0.0001,50,most_parsimonious,Ranked k-means,Random 25% immutable,α < 1,0.9454695850561792,100,0,1,True,4.0,4.0,1.382547153597149,4.239470839239602,1.0,0.0,False,18.16889999999205,Optimization terminated successfully
Wine,3,42,10,300,0.0001,50,most_parsimonious,Ranked k-means,Random 50% immutable,α = 1,1.0,100,0,1,True,3.0,3.0,1.1211822437925294,3.8177701828820028,1.165288392957186,0.165288392957186,True,12.964199999998982,Optimization terminated successfully
Wine,3,42,10,300,0.0001,50,most_parsimonious,Ranked k-means,Random 50% immutable,α < 1,0.9454695850561792,100,0,1,True,3.0,3.0,1.2096319034722756,3.9655030885298252,1.121876135490603,0.12187613549060305,True,16.705600000008758,Optimization terminated successfully
Wine,3,42,10,300,0.0001,50,most_parsimonious,Ranked k-means,Random 75% immutable,α = 1,1.0,100,0,1,False,,,,,,,False,18.689100000003123,No feasible counterfactual found.
Wine,3,42,10,300,0.0001,50,most_parsimonious,Ranked k-means,Random 75% immutable,α < 1,0.9454695850561792,100,0,1,False,,,,,,,False,12.929599999992547,No feasible counterfactual found.
Wine,3,42,10,300,0.0001,50,most_parsimonious,Ranked k-means,All features mutable,α = 1,1.0,150,1,2,True,2.0,2.0,1.0802559026899172,3.74744269268643,1.2935747761107206,0.2935747761107206,True,13.443499999993946,Optimization terminated successfully
Wine,3,42,10,300,0.0001,50,most_parsimonious,Ranked k-means,All features mutable,α < 1,0.9152029201455798,150,1,2,True,2.0,2.0,1.2948866017259295,4.102867999635997,1.1815143358803306,0.1815143358803306,True,6.958299999993756,Optimization terminated successfully
Wine,3,42,10,300,0.0001,50,most_parsimonious,Ranked k-means,Random 25% immutable,α = 1,1.0,150,1,2,True,2.0,2.0,1.0802559026899172,3.74744269268643,1.2935747761107206,0.2935747761107206,True,12.328799999991702,Optimization terminated successfully
Wine,3,42,10,300,0.0001,50,most_parsimonious,Ranked k-means,Random 25% immutable,α < 1,0.9152029201455798,150,1,2,True,2.0,2.0,1.2948866017259295,4.102867999635997,1.1815143358803306,0.1815143358803306,True,7.008499999997753,Optimization terminated successfully
Wine,3,42,10,300,0.0001,50,most_parsimonious,Ranked k-means,Random 50% immutable,α = 1,1.0,150,1,2,True,2.0,2.0,1.3736469780353344,4.225802966828831,1.0172859523917126,0.0172859523917126,True,2.407099999999218,Optimization terminated successfully
Wine,3,42,10,300,0.0001,50,most_parsimonious,Ranked k-means,Random 50% immutable,α < 1,0.9152029201455798,150,1,2,True,2.0,2.0,1.66349666144111,4.650317902975497,1.0000000000000002,2.220446049250313e-16,True,9.32829999999285,Optimization terminated successfully
Wine,3,42,10,300,0.0001,50,most_parsimonious,Ranked k-means,Random 75% immutable,α = 1,1.0,150,1,2,False,,,,,,,False,12.05550000000244,No feasible counterfactual found.
Wine,3,42,10,300,0.0001,50,most_parsimonious,Ranked k-means,Random 75% immutable,α < 1,0.9152029201455798,150,1,2,False,,,,,,,False,30.60949999999707,No feasible counterfactual found.
Wine,3,42,10,300,0.0001,50,most_parsimonious,Ranked k-means,All features mutable,α = 1,1.0,55,2,0,True,3.0,3.0,0.8833166778785013,3.388674787054744,1.0,0.0,False,15.761999999995169,Optimization terminated successfully
Wine,3,42,10,300,0.0001,50,most_parsimonious,Ranked k-means,All features mutable,α < 1,0.8911233276631206,55,2,0,True,3.0,3.0,1.1229088113494567,3.820708644681368,1.0,0.0,False,13.655700000001048,Optimization terminated successfully
Wine,3,42,10,300,0.0001,50,most_parsimonious,Ranked k-means,Random 25% immutable,α = 1,1.0,55,2,0,True,3.0,3.0,0.8833166778785013,3.388674787054744,1.0,0.0,False,15.506399999992482,Optimization terminated successfully
Wine,3,42,10,300,0.0001,50,most_parsimonious,Ranked k-means,Random 25% immutable,α < 1,0.8911233276631206,55,2,0,True,3.0,3.0,1.1229088113494567,3.820708644681368,1.0,0.0,False,11.484999999993306,Optimization terminated successfully
Wine,3,42,10,300,0.0001,50,most_parsimonious,Ranked k-means,Random 50% immutable,α = 1,1.0,55,2,0,True,2.0,2.0,0.9765544547296812,3.5630335265733684,1.0000000000000009,8.881784197001252e-16,True,9.203700000000481,Optimization terminated successfully
Wine,3,42,10,300,0.0001,50,most_parsimonious,Ranked k-means,Random 50% immutable,α < 1,0.8911233276631206,55,2,0,True,3.0,3.0,0.6502043789373846,2.907345340028597,1.3485316872257185,0.3485316872257185,True,19.397799999993026,Optimization terminated successfully
Wine,3,42,10,300,0.0001,50,most_parsimonious,Ranked k-means,Random 75% immutable,α = 1,1.0,55,2,0,False,,,,,,,False,15.928900000005797,No feasible counterfactual found.
Wine,3,42,10,300,0.0001,50,most_parsimonious,Ranked k-means,Random 75% immutable,α < 1,0.8911233276631206,55,2,0,False,,,,,,,False,21.07809999999688,No feasible counterfactual found.
Wine,3,42,10,300,0.0001,50,most_parsimonious,Ranked k-means,All features mutable,α = 1,1.0,18,2,0,True,4.0,4.0,1.9233089937742927,5.000301682805329,1.2384231359559936,0.23842313595599363,True,30.27050000000031,Optimization terminated successfully
Wine,3,42,10,300,0.0001,50,most_parsimonious,Ranked k-means,All features mutable,α < 1,0.8911233276631206,18,2,0,True,4.0,4.0,2.1220456266632772,5.252294084171468,1.1790065828226994,0.17900658282269943,True,49.99580000000492,Optimization terminated successfully
Wine,3,42,10,300,0.0001,50,most_parsimonious,Ranked k-means,Random 25% immutable,α = 1,1.0,18,2,0,True,3.0,3.0,2.1789115321979136,5.322203483386639,1.0931468768054458,0.09314687680544576,True,17.62560000000235,Optimization terminated successfully
Wine,3,42,10,300,0.0001,50,most_parsimonious,Ranked k-means,Random 25% immutable,α < 1,0.8911233276631206,18,2,0,True,3.0,3.0,2.404059723504496,5.5904182674964895,1.0407003571909303,0.04070035719093035,True,7.449699999995119,Optimization terminated successfully
Wine,3,42,10,300,0.0001,50,most_parsimonious,Ranked k-means,Random 50% immutable,α = 1,1.0,18,2,0,True,4.0,4.0,2.832420451107237,6.0680693687856,1.0000000000000002,2.220446049250313e-16,True,26.70780000001116,Optimization terminated successfully
Wine,3,42,10,300,0.0001,50,most_parsimonious,Ranked k-means,Random 50% immutable,α < 1,0.8911233276631206,18,2,0,True,4.0,4.0,3.199275502245295,6.449076021352891,1.0000000000000027,2.6645352591003757e-15,True,14.998399999996082,Optimization terminated successfully
Wine,3,42,10,300,0.0001,50,most_parsimonious,Ranked k-means,Random 75% immutable,α = 1,1.0,18,2,0,False,,,,,,,False,29.682199999996328,No feasible counterfactual found.
Wine,3,42,10,300,0.0001,50,most_parsimonious,Ranked k-means,Random 75% immutable,α < 1,0.8911233276631206,18,2,0,False,,,,,,,False,5.774699999989252,No feasible counterfactual found.
Wine,3,42,10,300,0.0001,50,most_parsimonious,Ranked k-means,All features mutable,α = 1,1.0,12,2,0,True,3.0,3.0,0.5569218467247852,2.6907218376157367,1.4236171825628687,0.42361718256286873,True,7.960900000000493,Optimization terminated successfully
Wine,3,42,10,300,0.0001,50,most_parsimonious,Ranked k-means,All features mutable,α < 1,0.8911233276631206,12,2,0,True,3.0,3.0,0.69939851073531,3.0153243008935258,1.2703634701661781,0.2703634701661781,True,17.496299999990583,Optimization terminated successfully
Wine,3,42,10,300,0.0001,50,most_parsimonious,Ranked k-means,Random 25% immutable,α = 1,1.0,12,2,0,True,1.0,1.0,0.742167731964989,3.106152043211159,1.0682807632935634,0.06828076329356336,True,1.3969000000031428,Optimization terminated successfully
Wine,3,42,10,300,0.0001,50,most_parsimonious,Ranked k-means,Random 25% immutable,α < 1,0.8911233276631206,12,2,0,True,2.0,2.0,0.4961281262736166,2.5396191922327676,1.7908485177911337,0.7908485177911337,True,7.542799999995964,Optimization terminated successfully
Wine,3,42,10,300,0.0001,50,most_parsimonious,Ranked k-means,Random 50% immutable,α = 1,1.0,12,2,0,True,1.0,1.0,0.742167731964989,3.106152043211159,1.0682807632935634,0.06828076329356336,True,1.3019000000014103,Optimization terminated successfully
Wine,3,42,10,300,0.0001,50,most_parsimonious,Ranked k-means,Random 50% immutable,α < 1,0.8911233276631206,12,2,0,True,2.0,2.0,0.4961281262736166,2.5396191922327676,1.7908485177911337,0.7908485177911337,True,7.62800000001107,Optimization terminated successfully
Wine,3,42,10,300,0.0001,50,most_parsimonious,Ranked k-means,Random 75% immutable,α = 1,1.0,12,2,0,False,,,,,,,False,6.85330000000306,No feasible counterfactual found.
Wine,3,42,10,300,0.0001,50,most_parsimonious,Ranked k-means,Random 75% immutable,α < 1,0.8911233276631206,12,2,0,False,,,,,,,False,7.150999999993246,No feasible counterfactual found.
Wine,3,42,10,300,0.0001,50,most_parsimonious,Ranked k-means,All features mutable,α = 1,1.0,137,1,2,True,3.0,3.0,2.1076819368961677,5.2344880532531715,1.0180697090566895,0.018069709056689476,True,11.594099999996388,Optimization terminated successfully
Wine,3,42,10,300,0.0001,50,most_parsimonious,Ranked k-means,All features mutable,α < 1,0.9152029201455798,137,1,2,True,3.0,3.0,2.3728823701246946,5.554049946806477,1.0000000000000004,4.440892098500626e-16,True,6.59450000000561,Optimization terminated successfully
Wine,3,42,10,300,0.0001,50,most_parsimonious,Ranked k-means,Random 25% immutable,α = 1,1.0,137,1,2,True,4.0,4.0,2.3445862025994337,5.520835139160798,1.1917829008994425,0.1917829008994425,True,9.687700000000632,Optimization terminated successfully
Wine,3,42,10,300,0.0001,50,most_parsimonious,Ranked k-means,Random 25% immutable,α < 1,0.9152029201455798,137,1,2,True,4.0,4.0,2.6370595094523877,5.855063929871393,1.1237515107608333,0.12375151076083335,True,23.808599999995295,Optimization terminated successfully
Wine,3,42,10,300,0.0001,50,most_parsimonious,Ranked k-means,Random 50% immutable,α = 1,1.0,137,1,2,True,5.0,5.0,3.170130290897154,6.419633461628709,1.0000000000000004,4.440892098500626e-16,True,16.787799999988806,Optimization terminated successfully
Wine,3,42,10,300,0.0001,50,most_parsimonious,Ranked k-means,Random 50% immutable,α < 1,0.9152029201455798,137,1,2,True,5.0,5.0,3.6321756240924854,6.871556091105005,1.0,0.0,False,26.37439999999458,Optimization terminated successfully
Wine,3,42,10,300,0.0001,50,most_parsimonious,Ranked k-means,Random 75% immutable,α = 1,1.0,137,1,2,True,3.0,3.0,2.8826681215043966,6.121657094248024,1.000000000000001,1.1102230246251565e-15,True,14.800800000003278,Optimization terminated successfully
Wine,3,42,10,300,0.0001,50,most_parsimonious,Ranked k-means,Random 75% immutable,α < 1,0.9152029201455798,137,1,2,True,3.0,3.0,3.710317566880969,6.9450794357914,1.0000000000000022,2.220446049250313e-15,True,6.314599999996062,Optimization terminated successfully
Wine,3,42,10,300,0.0001,50,most_parsimonious,Ranked + weighted SHARK,All features mutable,α = 1,1.0,62,2,1,True,1.0,1.0,0.15362401008693224,1.0132513206187,1.65882532404449,0.6588253240444899,True,1.3506000000091944,Optimization terminated successfully
Wine,3,42,10,300,0.0001,50,most_parsimonious,Ranked + weighted SHARK,All features mutable,α < 1,0.9959923504523763,62,2,1,True,1.0,1.0,0.15691717091740898,1.0240540147135264,1.641326459458312,0.6413264594583119,True,1.0221000000001368,Optimization terminated successfully
Wine,3,42,10,300,0.0001,50,most_parsimonious,Ranked + weighted SHARK,Random 25% immutable,α = 1,1.0,62,2,1,True,1.0,1.0,0.15362401008693224,1.0132513206187,1.65882532404449,0.6588253240444899,True,1.3497999999998456,Optimization terminated successfully
Wine,3,42,10,300,0.0001,50,most_parsimonious,Ranked + weighted SHARK,Random 25% immutable,α < 1,0.9959923504523763,62,2,1,True,1.0,1.0,0.15691717091740898,1.0240540147135264,1.641326459458312,0.6413264594583119,True,1.0292000000049484,Optimization terminated successfully
Wine,3,42,10,300,0.0001,50,most_parsimonious,Ranked + weighted SHARK,Random 50% immutable,α = 1,1.0,62,2,1,True,1.0,1.0,0.15362401008693224,1.0132513206187,1.65882532404449,0.6588253240444899,True,1.3598999999970829,Optimization terminated successfully
Wine,3,42,10,300,0.0001,50,most_parsimonious,Ranked + weighted SHARK,Random 50% immutable,α < 1,0.9959923504523763,62,2,1,True,1.0,1.0,0.15691717091740898,1.0240540147135264,1.641326459458312,0.6413264594583119,True,1.015800000004674,Optimization terminated successfully
Wine,3,42,10,300,0.0001,50,most_parsimonious,Ranked + weighted SHARK,Random 75% immutable,α = 1,1.0,62,2,1,True,1.0,1.0,0.15362401008693224,1.0132513206187,1.65882532404449,0.6588253240444899,True,1.3354999999961592,Optimization terminated successfully
Wine,3,42,10,300,0.0001,50,most_parsimonious,Ranked + weighted SHARK,Random 75% immutable,α < 1,0.9959923504523763,62,2,1,True,1.0,1.0,0.15691717091740898,1.0240540147135264,1.641326459458312,0.6413264594583119,True,1.0137999999955127,Optimization terminated successfully
Wine,3,42,10,300,0.0001,50,most_parsimonious,Ranked + weighted SHARK,All features mutable,α = 1,1.0,74,2,0,True,2.0,2.0,0.12835632832710273,0.9372831827700365,3.113240646826353,2.113240646826353,True,6.9550000000049295,Optimization terminated successfully
Wine,3,42,10,300,0.0001,50,most_parsimonious,Ranked + weighted SHARK,All features mutable,α < 1,0.9609577164831223,74,2,0,True,2.0,2.0,0.1820810523766162,1.1163350460054606,2.6138995652172214,1.6138995652172214,True,5.0031999999902155,Optimization terminated successfully
Wine,3,42,10,300,0.0001,50,most_parsimonious,Ranked + weighted SHARK,Random 25% immutable,α = 1,1.0,74,2,0,True,2.0,2.0,0.026867221305673566,0.44970987871216295,5.719844173052769,4.719844173052769,True,7.140599999999608,Optimization terminated successfully
Wine,3,42,10,300,0.0001,50,most_parsimonious,Ranked + weighted SHARK,Random 25% immutable,α < 1,0.9609577164831223,74,2,0,True,2.0,2.0,0.03811274436110683,0.535619232503181,4.802423533825876,3.802423533825876,True,4.648700000004169,Optimization terminated successfully
Wine,3,42,10,300,0.0001,50,most_parsimonious,Ranked + weighted SHARK,Random 50% immutable,α = 1,1.0,74,2,0,True,1.0,1.0,0.15684186195640074,1.0387834263813953,2.841460586211442,1.8414605862114422,True,1.4654999999947904,Optimization terminated successfully
Wine,3,42,10,300,0.0001,50,most_parsimonious,Ranked + weighted SHARK,Random 50% immutable,α < 1,0.9609577164831223,74,2,0,True,1.0,1.0,0.2224894686061173,1.2372251697728505,2.385711377189589,1.385711377189589,True,1.3792000000023563,Optimization terminated successfully
Wine,3,42,10,300,0.0001,50,most_parsimonious,Ranked + weighted SHARK,Random 75% immutable,α = 1,1.0,74,2,0,False,,,,,,,False,19.95169999999291,No feasible counterfactual found.
Wine,3,42,10,300,0.0001,50,most_parsimonious,Ranked + weighted SHARK,Random 75% immutable,α < 1,0.9609577164831223,74,2,0,False,,,,,,,False,13.319300000006251,No feasible counterfactual found.
Wine,3,42,10,300,0.0001,50,most_parsimonious,Ranked + weighted SHARK,All features mutable,α = 1,1.0,66,2,0,True,2.0,2.0,0.14927736056723553,1.0107858546987987,2.0806751574510827,1.0806751574510827,True,4.627499999998008,Optimization terminated successfully
Wine,3,42,10,300,0.0001,50,most_parsimonious,Ranked + weighted SHARK,All features mutable,α < 1,0.9609577164831223,66,2,0,True,2.0,2.0,0.20684789269435244,1.1898377196337828,1.7675662091600175,0.7675662091600175,True,5.4258000000118045,Optimization terminated successfully
Wine,3,42,10,300,0.0001,50,most_parsimonious,Ranked + weighted SHARK,Random 25% immutable,α = 1,1.0,66,2,0,True,2.0,2.0,0.14927736056723553,1.0107858546987987,2.0806751574510827,1.0806751574510827,True,4.609900000005496,Optimization terminated successfully
Wine,3,42,10,300,0.0001,50,most_parsimonious,Ranked + weighted SHARK,Random 25% immutable,α < 1,0.9609577164831223,66,2,0,True,2.0,2.0,0.20684789269435244,1.1898377196337828,1.7675662091600175,0.7675662091600175,True,5.13100000000577,Optimization terminated successfully
Wine,3,42,10,300,0.0001,50,most_parsimonious,Ranked + weighted SHARK,Random 50% immutable,α = 1,1.0,66,2,0,True,2.0,2.0,0.031246358731975905,0.4849765719454561,7.869019984459335,6.869019984459335,True,4.509699999999839,Optimization terminated successfully
Wine,3,42,10,300,0.0001,50,most_parsimonious,Ranked + weighted SHARK,Random 50% immutable,α < 1,0.9609577164831223,66,2,0,True,2.0,2.0,0.04329687659154675,0.5708859252951916,6.684856239227378,5.684856239227378,True,5.086000000005697,Optimization terminated successfully
Wine,3,42,10,300,0.0001,50,most_parsimonious,Ranked + weighted SHARK,Random 75% immutable,α = 1,1.0,66,2,0,True,1.0,1.0,0.23459118114605304,1.8978893512670028,1.7549963419007952,0.7549963419007952,True,1.299200000005385,Optimization terminated successfully
Wine,3,42,10,300,0.0001,50,most_parsimonious,Ranked + weighted SHARK,Random 75% immutable,α < 1,0.9609577164831223,66,2,0,True,1.0,1.0,0.32506397005113224,2.234083832420818,1.4908969934207315,0.49089699342073145,True,1.3129000000020596,Optimization terminated successfully
Wine,3,42,10,300,0.0001,50,most_parsimonious,Ranked + weighted SHARK,All features mutable,α = 1,1.0,11,0,1,True,2.0,2.0,0.6457467350888346,2.0931320737457466,1.385648932120813,0.38564893212081297,True,2.8201000000080967,Optimization terminated successfully
Wine,3,42,10,300,0.0001,50,most_parsimonious,Ranked + weighted SHARK,All features mutable,α < 1,0.9959923504523763,11,0,1,True,2.0,2.0,0.652680620006121,2.104339860931023,1.3782689161322814,0.3782689161322814,True,3.495599999993715,Optimization terminated successfully
Wine,3,42,10,300,0.0001,50,most_parsimonious,Ranked + weighted SHARK,Random 25% immutable,α = 1,1.0,11,0,1,True,2.0,2.0,0.6457467350888346,2.0931320737457466,1.385648932120813,0.38564893212081297,True,3.241000000002714,Optimization terminated successfully
Wine,3,42,10,300,0.0001,50,most_parsimonious,Ranked + weighted SHARK,Random 25% immutable,α < 1,0.9959923504523763,11,0,1,True,2.0,2.0,0.652680620006121,2.104339860931023,1.3782689161322814,0.3782689161322814,True,3.509700000009275,Optimization terminated successfully
Wine,3,42,10,300,0.0001,50,most_parsimonious,Ranked + weighted SHARK,Random 50% immutable,α = 1,1.0,11,0,1,True,2.0,2.0,0.6457467350888346,2.0931320737457466,1.385648932120813,0.38564893212081297,True,3.505599999996889,Optimization terminated successfully
Wine,3,42,10,300,0.0001,50,most_parsimonious,Ranked + weighted SHARK,Random 50% immutable,α < 1,0.9959923504523763,11,0,1,True,2.0,2.0,0.652680620006121,2.104339860931023,1.3782689161322814,0.3782689161322814,True,3.4831000000110635,Optimization terminated successfully
Wine,3,42,10,300,0.0001,50,most_parsimonious,Ranked + weighted SHARK,Random 75% immutable,α = 1,1.0,11,0,1,True,2.0,2.0,0.6457467350888346,2.0931320737457466,1.385648932120813,0.38564893212081297,True,3.0621999999880245,Optimization terminated successfully
Wine,3,42,10,300,0.0001,50,most_parsimonious,Ranked + weighted SHARK,Random 75% immutable,α < 1,0.9959923504523763,11,0,1,True,2.0,2.0,0.652680620006121,2.104339860931023,1.3782689161322814,0.3782689161322814,True,3.648699999999394,Optimization terminated successfully
Wine,3,42,10,300,0.0001,50,most_parsimonious,Ranked + weighted SHARK,All features mutable,α = 1,1.0,138,1,0,True,2.0,2.0,3.740935243892346,5.060020510065289,1.006272000153788,0.006272000153787927,True,6.0979000000003225,Optimization terminated successfully
Wine,3,42,10,300,0.0001,50,most_parsimonious,Ranked + weighted SHARK,All features mutable,α < 1,0.9609577164831223,138,1,0,True,2.0,2.0,4.024657686038405,5.244761954207852,1.0000000000000027,2.6645352591003757e-15,True,3.963200000001166,Optimization terminated successfully
Wine,3,42,10,300,0.0001,50,most_parsimonious,Ranked + weighted SHARK,Random 25% immutable,α = 1,1.0,138,1,0,True,2.0,2.0,3.740935243892346,5.060020510065289,1.006272000153788,0.006272000153787927,True,8.21480000000463,Optimization terminated successfully
Wine,3,42,10,300,0.0001,50,most_parsimonious,Ranked + weighted SHARK,Random 25% immutable,α < 1,0.9609577164831223,138,1,0,True,2.0,2.0,4.024657686038405,5.244761954207852,1.0000000000000027,2.6645352591003757e-15,True,6.332999999997924,Optimization terminated successfully
Wine,3,42,10,300,0.0001,50,most_parsimonious,Ranked + weighted SHARK,Random 50% immutable,α = 1,1.0,138,1,0,True,4.0,4.0,2.9068916807293834,5.858528144798279,1.0000000000000016,1.5543122344752192e-15,True,29.096200000012118,Optimization terminated successfully
Wine,3,42,10,300,0.0001,50,most_parsimonious,Ranked + weighted SHARK,Random 50% immutable,α < 1,0.9609577164831223,138,1,0,True,4.0,4.0,3.1416890045695545,6.1940442532072755,1.0000000000000007,6.661338147750939e-16,True,13.705599999994433,Optimization terminated successfully
Wine,3,42,10,300,0.0001,50,most_parsimonious,Ranked + weighted SHARK,Random 75% immutable,α = 1,1.0,138,1,0,False,,,,,,,False,17.593800000000215,No feasible counterfactual found.
Wine,3,42,10,300,0.0001,50,most_parsimonious,Ranked + weighted SHARK,Random 75% immutable,α < 1,0.9609577164831223,138,1,0,False,,,,,,,False,9.501599999993005,No feasible counterfactual found.
Wine,3,42,10,300,0.0001,50,most_parsimonious,Ranked + weighted SHARK,All features mutable,α = 1,1.0,173,1,0,True,2.0,2.0,1.4268875182902963,3.111432560361018,1.4860747940768393,0.4860747940768393,True,8.173100000007594,Optimization terminated successfully
Wine,3,42,10,300,0.0001,50,most_parsimonious,Ranked + weighted SHARK,All features mutable,α < 1,0.9609577164831223,173,1,0,True,2.0,2.0,1.5287885748497136,3.2206181533676967,1.435693710489238,0.435693710489238,True,5.014200000005076,Optimization terminated successfully
Wine,3,42,10,300,0.0001,50,most_parsimonious,Ranked + weighted SHARK,Random 25% immutable,α = 1,1.0,173,1,0,True,2.0,2.0,1.4268875182902963,3.111432560361018,1.4860747940768393,0.4860747940768393,True,8.342900000002373,Optimization terminated successfully
Wine,3,42,10,300,0.0001,50,most_parsimonious,Ranked + weighted SHARK,Random 25% immutable,α < 1,0.9609577164831223,173,1,0,True,2.0,2.0,1.5287885748497136,3.2206181533676967,1.435693710489238,0.435693710489238,True,4.998699999987366,Optimization terminated successfully
Wine,3,42,10,300,0.0001,50,most_parsimonious,Ranked + weighted SHARK,Random 50% immutable,α = 1,1.0,173,1,0,True,2.0,2.0,1.4268875182902963,3.111432560361018,1.4860747940768393,0.4860747940768393,True,8.548900000008075,Optimization terminated successfully
Wine,3,42,10,300,0.0001,50,most_parsimonious,Ranked + weighted SHARK,Random 50% immutable,α < 1,0.9609577164831223,173,1,0,True,2.0,2.0,1.5287885748497136,3.2206181533676967,1.435693710489238,0.435693710489238,True,5.0214000000039505,Optimization terminated successfully
Wine,3,42,10,300,0.0001,50,most_parsimonious,Ranked + weighted SHARK,Random 75% immutable,α = 1,1.0,173,1,0,False,,,,,,,False,29.56330000000662,No feasible counterfactual found.
Wine,3,42,10,300,0.0001,50,most_parsimonious,Ranked + weighted SHARK,Random 75% immutable,α < 1,0.9609577164831223,173,1,0,False,,,,,,,False,9.097900000000436,No feasible counterfactual found.
Wine,3,42,10,300,0.0001,50,most_parsimonious,Ranked + weighted SHARK,All features mutable,α = 1,1.0,99,2,0,True,3.0,3.0,0.3799796698204294,1.6805550665627593,2.641183890717551,1.641183890717551,True,17.84399999999664,Optimization terminated successfully
Wine,3,42,10,300,0.0001,50,most_parsimonious,Ranked + weighted SHARK,All features mutable,α < 1,0.9609577164831223,99,2,0,True,3.0,3.0,0.4164861107982486,1.7594333862038047,2.522775210504639,1.5227752105046388,True,7.858999999996286,Optimization terminated successfully
Wine,3,42,10,300,0.0001,50,most_parsimonious,Ranked + weighted SHARK,Random 25% immutable,α = 1,1.0,99,2,0,True,4.0,4.0,0.9829269647327907,3.245559207707662,1.0000000000000002,2.220446049250313e-16,True,27.376699999990706,Optimization terminated successfully
Wine,3,42,10,300,0.0001,50,most_parsimonious,Ranked + weighted SHARK,Random 25% immutable,α < 1,0.9609577164831223,99,2,0,True,4.0,4.0,1.0796369519122835,3.3934655128843247,1.0,0.0,False,15.814499999990517,Optimization terminated successfully
Wine,3,42,10,300,0.0001,50,most_parsimonious,Ranked + weighted SHARK,Random 50% immutable,α = 1,1.0,99,2,0,True,2.0,2.0,0.7674692922746948,2.963056872973249,1.079774820326331,0.0797748203263311,True,3.217899999995666,Optimization terminated successfully
Wine,3,42,10,300,0.0001,50,most_parsimonious,Ranked + weighted SHARK,Random 50% immutable,α < 1,0.9609577164831223,99,2,0,True,2.0,2.0,0.8412036908398435,3.102130537303258,1.0313667198082737,0.03136671980827366,True,5.768500000002064,Optimization terminated successfully
Wine,3,42,10,300,0.0001,50,most_parsimonious,Ranked + weighted SHARK,Random 75% immutable,α = 1,1.0,99,2,0,True,2.0,2.0,0.7674692922746948,2.963056872973249,1.079774820326331,0.0797748203263311,True,3.520299999991039,Optimization terminated successfully
Wine,3,42,10,300,0.0001,50,most_parsimonious,Ranked + weighted SHARK,Random 75% immutable,α < 1,0.9609577164831223,99,2,0,True,2.0,2.0,0.8412036908398435,3.102130537303258,1.0313667198082737,0.03136671980827366,True,5.503300000000877,Optimization terminated successfully
Wine,3,42,10,300,0.0001,50,most_parsimonious,Ranked + weighted SHARK,All features mutable,α = 1,1.0,170,1,0,True,3.0,3.0,1.603073506280798,3.3900913328015,1.5387738930955304,0.5387738930955304,True,19.99260000000902,Optimization terminated successfully
Wine,3,42,10,300,0.0001,50,most_parsimonious,Ranked + weighted SHARK,All features mutable,α < 1,0.9609577164831223,170,1,0,True,3.0,3.0,1.6950557654668739,3.4844152489714038,1.5092126802556312,0.5092126802556312,True,24.429900000001226,Optimization terminated successfully
Wine,3,42,10,300,0.0001,50,most_parsimonious,Ranked + weighted SHARK,Random 25% immutable,α = 1,1.0,170,1,0,True,3.0,3.0,1.603073506280798,3.3900913328015,1.5387738930955304,0.5387738930955304,True,18.823400000002266,Optimization terminated successfully
Wine,3,42,10,300,0.0001,50,most_parsimonious,Ranked + weighted SHARK,Random 25% immutable,α < 1,0.9609577164831223,170,1,0,True,3.0,3.0,1.6950557654668739,3.4844152489714038,1.5092126802556312,0.5092126802556312,True,21.60050000000524,Optimization terminated successfully
Wine,3,42,10,300,0.0001,50,most_parsimonious,Ranked + weighted SHARK,Random 50% immutable,α = 1,1.0,170,1,0,True,2.0,2.0,2.3658558511404957,4.099879619905407,1.3957343429711062,0.3957343429711062,True,6.403399999996395,Optimization terminated successfully
Wine,3,42,10,300,0.0001,50,most_parsimonious,Ranked + weighted SHARK,Random 50% immutable,α < 1,0.9609577164831223,170,1,0,True,2.0,2.0,2.5150208287884137,4.227150967105555,1.3537114842090423,0.3537114842090423,True,4.7469000000006645,Optimization terminated successfully
Wine,3,42,10,300,0.0001,50,most_parsimonious,Ranked + weighted SHARK,Random 75% immutable,α = 1,1.0,170,1,0,False,,,,,,,False,15.667199999995773,No feasible counterfactual found.
Wine,3,42,10,300,0.0001,50,most_parsimonious,Ranked + weighted SHARK,Random 75% immutable,α < 1,0.9609577164831223,170,1,0,False,,,,,,,False,29.709499999995614,No feasible counterfactual found.
Wine,3,42,10,300,0.0001,50,most_parsimonious,Ranked + weighted SHARK,All features mutable,α = 1,1.0,46,0,1,True,2.0,2.0,1.7134326239650366,3.4095655022414957,1.1518369304031901,0.15183693040319013,True,5.933599999991657,Optimization terminated successfully
Wine,3,42,10,300,0.0001,50,most_parsimonious,Ranked + weighted SHARK,All features mutable,α < 1,0.9959923504523763,46,0,1,True,2.0,2.0,1.7247157924857626,3.420773291996736,1.148063004679282,0.1480630046792819,True,13.548600000007127,Optimization terminated successfully
Wine,3,42,10,300,0.0001,50,most_parsimonious,Ranked + weighted SHARK,Random 25% immutable,α = 1,1.0,46,0,1,True,2.0,2.0,1.7134326239650366,3.4095655022414957,1.1518369304031901,0.15183693040319013,True,5.699899999996205,Optimization terminated successfully
Wine,3,42,10,300,0.0001,50,most_parsimonious,Ranked + weighted SHARK,Random 25% immutable,α < 1,0.9959923504523763,46,0,1,True,2.0,2.0,1.7247157924857626,3.420773291996736,1.148063004679282,0.1480630046792819,True,13.620000000003074,Optimization terminated successfully
Wine,3,42,10,300,0.0001,50,most_parsimonious,Ranked + weighted SHARK,Random 50% immutable,α = 1,1.0,46,0,1,True,2.0,2.0,1.7134326239650366,3.4095655022414957,1.1518369304031901,0.15183693040319013,True,6.5721999999937,Optimization terminated successfully
Wine,3,42,10,300,0.0001,50,most_parsimonious,Ranked + weighted SHARK,Random 50% immutable,α < 1,0.9959923504523763,46,0,1,True,2.0,2.0,1.7247157924857626,3.420773291996736,1.148063004679282,0.1480630046792819,True,14.700799999999958,Optimization terminated successfully
Wine,3,42,10,300,0.0001,50,most_parsimonious,Ranked + weighted SHARK,Random 75% immutable,α = 1,1.0,46,0,1,False,,,,,,,False,103.53539999999839,No feasible counterfactual found.
Wine,3,42,10,300,0.0001,50,most_parsimonious,Ranked + weighted SHARK,Random 75% immutable,α < 1,0.9959923504523763,46,0,1,False,,,,,,,False,88.49429999999359,No feasible counterfactual found.
Wine,3,42,10,300,0.0001,50,most_parsimonious,Ranked + weighted SHARK,All features mutable,α = 1,1.0,77,2,0,True,3.0,3.0,1.0884713418899485,2.8443371052823028,1.4453828519242955,0.4453828519242955,True,13.946700000005308,Optimization terminated successfully
Wine,3,42,10,300,0.0001,50,most_parsimonious,Ranked + weighted SHARK,All features mutable,α < 1,0.9609577164831223,77,2,0,True,3.0,3.0,1.1496787612768171,2.9232154209789574,1.4063815087074865,0.40638150870748646,True,17.754799999991633,Optimization terminated successfully
Wine,3,42,10,300,0.0001,50,most_parsimonious,Ranked + weighted SHARK,Random 25% immutable,α = 1,1.0,77,2,0,True,3.0,3.0,1.0884713418899485,2.8443371052823028,1.4453828519242955,0.4453828519242955,True,13.671999999999684,Optimization terminated successfully
Wine,3,42,10,300,0.0001,50,most_parsimonious,Ranked + weighted SHARK,Random 25% immutable,α < 1,0.9609577164831223,77,2,0,True,3.0,3.0,1.1496787612768171,2.9232154209789574,1.4063815087074865,0.40638150870748646,True,17.405899999999974,Optimization terminated successfully
Wine,3,42,10,300,0.0001,50,most_parsimonious,Ranked + weighted SHARK,Random 50% immutable,α = 1,1.0,77,2,0,True,2.0,2.0,1.820602595936593,4.265637980745756,1.0,0.0,False,3.2774999999958254,Optimization terminated successfully
Wine,3,42,10,300,0.0001,50,most_parsimonious,Ranked + weighted SHARK,Random 50% immutable,α < 1,0.9609577164831223,77,2,0,True,2.0,2.0,1.9494321765054599,4.368296472648914,1.0000000000000002,2.220446049250313e-16,True,7.54439999998624,Optimization terminated successfully
Wine,3,42,10,300,0.0001,50,most_parsimonious,Ranked + weighted SHARK,Random 75% immutable,α = 1,1.0,77,2,0,True,2.0,2.0,1.1249841813753525,2.896537663395603,1.3984710132395344,0.3984710132395344,True,2.7604999999937263,Optimization terminated successfully
Wine,3,42,10,300,0.0001,50,most_parsimonious,Ranked + weighted SHARK,Random 75% immutable,α < 1,0.9609577164831223,77,2,0,True,2.0,2.0,1.1882448081743573,2.976863584418259,1.3607355504242349,0.3607355504242349,True,7.793800000001738,Optimization terminated successfully
Wine,3,42,10,300,0.0001,50,most_parsimonious,Ranked + weighted SHARK,All features mutable,α = 1,1.0,60,1,2,True,1.0,1.0,0.05605083336050599,0.6120383938282815,5.377100183495359,4.377100183495359,True,1.065900000000397,Optimization terminated successfully
Wine,3,42,10,300,0.0001,50,most_parsimonious,Ranked + weighted SHARK,All features mutable,α < 1,0.940144547490798,60,1,2,True,1.0,1.0,0.08949741293974145,0.7733798819472658,4.255336654832533,3.255336654832533,True,1.3241000000050462,Optimization terminated successfully
Wine,3,42,10,300,0.0001,50,most_parsimonious,Ranked + weighted SHARK,Random 25% immutable,α = 1,1.0,60,1,2,True,1.0,1.0,0.05605083336050599,0.6120383938282815,5.377100183495359,4.377100183495359,True,0.949899999994841,Optimization terminated successfully
Wine,3,42,10,300,0.0001,50,most_parsimonious,Ranked + weighted SHARK,Random 25% immutable,α < 1,0.940144547490798,60,1,2,True,1.0,1.0,0.08949741293974145,0.7733798819472658,4.255336654832533,3.255336654832533,True,1.006700000004912,Optimization terminated successfully
Wine,3,42,10,300,0.0001,50,most_parsimonious,Ranked + weighted SHARK,Random 50% immutable,α = 1,1.0,60,1,2,True,1.0,1.0,0.05605083336050599,0.6120383938282815,5.377100183495359,4.377100183495359,True,1.05920000000026,Optimization terminated successfully
Wine,3,42,10,300,0.0001,50,most_parsimonious,Ranked + weighted SHARK,Random 50% immutable,α < 1,0.940144547490798,60,1,2,True,1.0,1.0,0.08949741293974145,0.7733798819472658,4.255336654832533,3.255336654832533,True,1.0424999999969486,Optimization terminated successfully
Wine,3,42,10,300,0.0001,50,most_parsimonious,Ranked + weighted SHARK,Random 75% immutable,α = 1,1.0,60,1,2,True,1.0,1.0,0.05605083336050599,0.6120383938282815,5.377100183495359,4.377100183495359,True,1.0443000000037728,Optimization terminated successfully
Wine,3,42,10,300,0.0001,50,most_parsimonious,Ranked + weighted SHARK,Random 75% immutable,α < 1,0.940144547490798,60,1,2,True,1.0,1.0,0.08949741293974145,0.7733798819472658,4.255336654832533,3.255336654832533,True,1.0227000000071484,Optimization terminated successfully
Wine,3,42,10,300,0.0001,50,most_parsimonious,Ranked + weighted SHARK,All features mutable,α = 1,1.0,176,1,2,True,3.0,3.0,1.2886050861405445,2.9562972056593466,1.1837802589680493,0.18378025896804928,True,8.155099999996196,Optimization terminated successfully
Wine,3,42,10,300,0.0001,50,most_parsimonious,Ranked + weighted SHARK,All features mutable,α < 1,0.940144547490798,176,1,2,True,3.0,3.0,1.40039648399972,3.0822856123441236,1.0000000003190943,3.190943065334295e-10,True,10.195699999997032,Optimization terminated successfully
Wine,3,42,10,300,0.0001,50,most_parsimonious,Ranked + weighted SHARK,Random 25% immutable,α = 1,1.0,176,1,2,True,3.0,3.0,1.2886050861405445,2.9562972056593466,1.1837802589680493,0.18378025896804928,True,8.20099999999968,Optimization terminated successfully
Wine,3,42,10,300,0.0001,50,most_parsimonious,Ranked + weighted SHARK,Random 25% immutable,α < 1,0.940144547490798,176,1,2,True,3.0,3.0,1.40039648399972,3.0822856123441236,1.0000000003190943,3.190943065334295e-10,True,10.93980000000272,Optimization terminated successfully
Wine,3,42,10,300,0.0001,50,most_parsimonious,Ranked + weighted SHARK,Random 50% immutable,α = 1,1.0,176,1,2,True,3.0,3.0,1.0556811338428238,2.998380736303587,1.5468767082991055,0.5468767082991055,True,9.370500000002835,Optimization terminated successfully
Wine,3,42,10,300,0.0001,50,most_parsimonious,Ranked + weighted SHARK,Random 50% immutable,α < 1,0.940144547490798,176,1,2,True,3.0,3.0,1.147193171425465,3.1256388559297585,1.2605751564176415,0.2605751564176415,True,13.118600000012748,Optimization terminated successfully
Wine,3,42,10,300,0.0001,50,most_parsimonious,Ranked + weighted SHARK,Random 75% immutable,α = 1,1.0,176,1,2,True,3.0,3.0,1.7627897948368378,4.327774536181126,1.141386584089059,0.1413865840890589,True,17.13709999999935,Optimization terminated successfully
Wine,3,42,10,300,0.0001,50,most_parsimonious,Ranked + weighted SHARK,Random 75% immutable,α < 1,0.940144547490798,176,1,2,True,3.0,3.0,1.9166707245506567,4.5434453574117475,1.0,0.0,False,10.29399999998759,Optimization terminated successfully
Wine,3,42,10,300,0.0001,50,most_parsimonious,Ranked + weighted SHARK,All features mutable,α = 1,1.0,132,1,2,True,1.0,1.0,1.1266910077703698,2.7440375106815598,1.3588914211278016,0.3588914211278016,True,1.4988000000073498,Optimization terminated successfully
Wine,3,42,10,300,0.0001,50,most_parsimonious,Ranked + weighted SHARK,All features mutable,α < 1,0.940144547490798,132,1,2,True,1.0,1.0,1.26307845307321,2.9053789991726657,1.2834294711911542,0.28342947119115425,True,1.41179999999963,Optimization terminated successfully
Wine,3,42,10,300,0.0001,50,most_parsimonious,Ranked + weighted SHARK,Random 25% immutable,α = 1,1.0,132,1,2,True,1.0,1.0,1.1266910077703698,2.7440375106815598,1.3588914211278016,0.3588914211278016,True,1.4359999999982165,Optimization terminated successfully
Wine,3,42,10,300,0.0001,50,most_parsimonious,Ranked + weighted SHARK,Random 25% immutable,α < 1,0.940144547490798,132,1,2,True,1.0,1.0,1.26307845307321,2.9053789991726657,1.2834294711911542,0.28342947119115425,True,1.4228000000002794,Optimization terminated successfully
Wine,3,42,10,300,0.0001,50,most_parsimonious,Ranked + weighted SHARK,Random 50% immutable,α = 1,1.0,132,1,2,True,1.0,1.0,1.7895361708152167,3.508845594685056,1.1416367902294071,0.14163679022940712,True,1.545699999994099,Optimization terminated successfully
Wine,3,42,10,300,0.0001,50,most_parsimonious,Ranked + weighted SHARK,Random 50% immutable,α < 1,0.940144547490798,132,1,2,True,1.0,1.0,2.0061619048729584,3.7151555918801487,1.0782394231030286,0.07823942310302856,True,1.3740999999924952,Optimization terminated successfully
Wine,3,42,10,300,0.0001,50,most_parsimonious,Ranked + weighted SHARK,Random 75% immutable,α = 1,1.0,132,1,2,False,,,,,,,False,19.299799999998868,No feasible counterfactual found.
Wine,3,42,10,300,0.0001,50,most_parsimonious,Ranked + weighted SHARK,Random 75% immutable,α < 1,0.940144547490798,132,1,2,False,,,,,,,False,22.547199999991108,No feasible counterfactual found.
Wine,3,42,10,300,0.0001,50,most_parsimonious,Ranked + weighted SHARK,All features mutable,α = 1,1.0,172,1,0,True,2.0,2.0,1.1174775264290595,2.753498990064148,1.701543972475287,0.701543972475287,True,6.6510000000050695,Optimization terminated successfully
Wine,3,42,10,300,0.0001,50,most_parsimonious,Ranked + weighted SHARK,All features mutable,α < 1,0.9609577164831223,172,1,0,True,2.0,2.0,1.2078582049627367,2.8626845869797175,1.6366454699956783,0.6366454699956783,True,14.955899999989697,Optimization terminated successfully
Wine,3,42,10,300,0.0001,50,most_parsimonious,Ranked + weighted SHARK,Random 25% immutable,α = 1,1.0,172,1,0,True,2.0,2.0,1.1174775264290595,2.753498990064148,1.701543972475287,0.701543972475287,True,5.783199999996214,Optimization terminated successfully
Wine,3,42,10,300,0.0001,50,most_parsimonious,Ranked + weighted SHARK,Random 25% immutable,α < 1,0.9609577164831223,172,1,0,True,2.0,2.0,1.2078582049627367,2.8626845869797175,1.6366454699956783,0.6366454699956783,True,14.877099999992538,Optimization terminated successfully
Wine,3,42,10,300,0.0001,50,most_parsimonious,Ranked + weighted SHARK,Random 50% immutable,α = 1,1.0,172,1,0,True,2.0,2.0,1.1174775264290595,2.753498990064148,1.701543972475287,0.701543972475287,True,7.9820999999924425,Optimization terminated successfully
Wine,3,42,10,300,0.0001,50,most_parsimonious,Ranked + weighted SHARK,Random 50% immutable,α < 1,0.9609577164831223,172,1,0,True,2.0,2.0,1.2078582049627367,2.8626845869797175,1.6366454699956783,0.6366454699956783,True,16.577499999996803,Optimization terminated successfully
Wine,3,42,10,300,0.0001,50,most_parsimonious,Ranked + weighted SHARK,Random 75% immutable,α = 1,1.0,172,1,0,False,,,,,,,False,8.135500000008733,No feasible counterfactual found.
Wine,3,42,10,300,0.0001,50,most_parsimonious,Ranked + weighted SHARK,Random 75% immutable,α < 1,0.9609577164831223,172,1,0,False,,,,,,,False,4.706299999995167,No feasible counterfactual found.
Wine,3,42,10,300,0.0001,50,most_parsimonious,Ranked + weighted SHARK,All features mutable,α = 1,1.0,113,2,0,True,3.0,3.0,1.1985570073257905,2.9847084507783115,1.4544475958695136,0.45444759586951355,True,8.891000000005533,Optimization terminated successfully
Wine,3,42,10,300,0.0001,50,most_parsimonious,Ranked + weighted SHARK,All features mutable,α < 1,0.9609577164831223,113,2,0,True,3.0,3.0,1.2627437728669726,3.0635867700263235,1.4169998671262654,0.41699986712626536,True,15.61030000000585,Optimization terminated successfully
Wine,3,42,10,300,0.0001,50,most_parsimonious,Ranked + weighted SHARK,Random 25% immutable,α = 1,1.0,113,2,0,True,2.0,2.0,1.2387626780958316,3.0394851544035806,1.407241640700215,0.40724164070021507,True,12.1091999999976,Optimization terminated successfully
Wine,3,42,10,300,0.0001,50,most_parsimonious,Ranked + weighted SHARK,Random 25% immutable,α < 1,0.9609577164831223,113,2,0,True,2.0,2.0,1.3051025927477826,3.1198110865774766,1.3710093028883845,0.3710093028883845,True,3.2448999999985517,Optimization terminated successfully
Wine,3,42,10,300,0.0001,50,most_parsimonious,Ranked + weighted SHARK,Random 50% immutable,α = 1,1.0,113,2,0,True,3.0,3.0,1.8687856492139319,4.408564199456169,1.0604159736961947,0.06041597369619467,True,21.712500000006685,Optimization terminated successfully
Wine,3,42,10,300,0.0001,50,most_parsimonious,Ranked + weighted SHARK,Random 50% immutable,α < 1,0.9609577164831223,113,2,0,True,3.0,3.0,1.9688654164396038,4.525071514713623,1.0331133383189919,0.03311333831899188,True,14.929899999998497,Optimization terminated successfully
Wine,3,42,10,300,0.0001,50,most_parsimonious,Ranked + weighted SHARK,Random 75% immutable,α = 1,1.0,113,2,0,False,,,,,,,False,12.616399999998862,No feasible counterfactual found.
Wine,3,42,10,300,0.0001,50,most_parsimonious,Ranked + weighted SHARK,Random 75% immutable,α < 1,0.9609577164831223,113,2,0,False,,,,,,,False,14.296599999994442,No feasible counterfactual found.
Wine,3,42,10,300,0.0001,50,most_parsimonious,Ranked + weighted SHARK,All features mutable,α = 1,1.0,73,0,1,True,2.0,2.0,1.6870677085830437,3.3768528149864694,1.1974635462450225,0.1974635462450225,True,8.543099999997139,Optimization terminated successfully
Wine,3,42,10,300,0.0001,50,most_parsimonious,Ranked + weighted SHARK,All features mutable,α < 1,0.9959923504523763,73,0,1,True,2.0,2.0,1.6955819744260494,3.385363213174257,1.194453252209581,0.19445325220958098,True,12.24200000000053,Optimization terminated successfully
Wine,3,42,10,300,0.0001,50,most_parsimonious,Ranked + weighted SHARK,Random 25% immutable,α = 1,1.0,73,0,1,True,5.0,5.0,2.2294479797120346,4.883597020696554,1.0,0.0,False,27.04479999999876,Optimization terminated successfully
Wine,3,42,10,300,0.0001,50,most_parsimonious,Ranked + weighted SHARK,Random 25% immutable,α < 1,0.9959923504523763,73,0,1,True,5.0,5.0,2.244786306158594,4.904257950424156,1.0,0.0,False,21.627100000003452,Optimization terminated successfully
Wine,3,42,10,300,0.0001,50,most_parsimonious,Ranked + weighted SHARK,Random 50% immutable,α = 1,1.0,73,0,1,True,2.0,2.0,1.6870677085830437,3.3768528149864694,1.1974635462450225,0.1974635462450225,True,8.181299999989733,Optimization terminated successfully
Wine,3,42,10,300,0.0001,50,most_parsimonious,Ranked + weighted SHARK,Random 50% immutable,α < 1,0.9959923504523763,73,0,1,True,2.0,2.0,1.6955819744260494,3.385363213174257,1.194453252209581,0.19445325220958098,True,13.530500000001666,Optimization terminated successfully
Wine,3,42,10,300,0.0001,50,most_parsimonious,Ranked + weighted SHARK,Random 75% immutable,α = 1,1.0,73,0,1,False,,,,,,,False,7.251999999994041,No feasible counterfactual found.
Wine,3,42,10,300,0.0001,50,most_parsimonious,Ranked + weighted SHARK,Random 75% immutable,α < 1,0.9959923504523763,73,0,1,False,,,,,,,False,22.06189999999708,No feasible counterfactual found.
Wine,3,42,10,300,0.0001,50,most_parsimonious,Ranked + weighted SHARK,All features mutable,α = 1,1.0,148,1,2,True,2.0,2.0,1.0795823230636161,2.701305838831269,1.441677790649455,0.4416777906494549,True,12.292500000000928,Optimization terminated successfully
Wine,3,42,10,300,0.0001,50,most_parsimonious,Ranked + weighted SHARK,All features mutable,α < 1,0.940144547490798,148,1,2,True,2.0,2.0,1.1835683596033597,2.8284111990986713,1.2692660977978023,0.2692660977978023,True,4.382499999991296,Optimization terminated successfully
Wine,3,42,10,300,0.0001,50,most_parsimonious,Ranked + weighted SHARK,Random 25% immutable,α = 1,1.0,148,1,2,True,2.0,2.0,1.0795823230636161,2.701305838831269,1.441677790649455,0.4416777906494549,True,12.346199999996088,Optimization terminated successfully
Wine,3,42,10,300,0.0001,50,most_parsimonious,Ranked + weighted SHARK,Random 25% immutable,α < 1,0.940144547490798,148,1,2,True,2.0,2.0,1.1835683596033597,2.8284111990986713,1.2692660977978023,0.2692660977978023,True,3.8076000000017984,Optimization terminated successfully
Wine,3,42,10,300,0.0001,50,most_parsimonious,Ranked + weighted SHARK,Random 50% immutable,α = 1,1.0,148,1,2,True,2.0,2.0,1.0795823230636161,2.701305838831269,1.441677790649455,0.4416777906494549,True,12.354200000004312,Optimization terminated successfully
Wine,3,42,10,300,0.0001,50,most_parsimonious,Ranked + weighted SHARK,Random 50% immutable,α < 1,0.940144547490798,148,1,2,True,2.0,2.0,1.1835683596033597,2.8284111990986713,1.2692660977978023,0.2692660977978023,True,3.868199999999433,Optimization terminated successfully
Wine,3,42,10,300,0.0001,50,most_parsimonious,Ranked + weighted SHARK,Random 75% immutable,α = 1,1.0,148,1,2,False,,,,,,,False,9.6025999999938,No feasible counterfactual found.
Wine,3,42,10,300,0.0001,50,most_parsimonious,Ranked + weighted SHARK,Random 75% immutable,α < 1,0.940144547490798,148,1,2,False,,,,,,,False,9.942999999992708,No feasible counterfactual found.
Wine,3,42,10,300,0.0001,50,most_parsimonious,Ranked + weighted SHARK,All features mutable,α = 1,1.0,169,1,2,True,1.0,1.0,1.28116609237227,2.9261079746810155,1.004023460974159,0.004023460974158954,True,1.450299999987692,Optimization terminated successfully
Wine,3,42,10,300,0.0001,50,most_parsimonious,Ranked + weighted SHARK,All features mutable,α < 1,0.940144547490798,169,1,2,True,2.0,2.0,0.8895188268527365,2.4477763781268935,1.0000000000000013,1.3322676295501878e-15,True,2.666000000004942,Optimization terminated successfully
Wine,3,42,10,300,0.0001,50,most_parsimonious,Ranked + weighted SHARK,Random 25% immutable,α = 1,1.0,169,1,2,True,1.0,1.0,1.28116609237227,2.9261079746810155,1.004023460974159,0.004023460974158954,True,1.5247999999985495,Optimization terminated successfully
Wine,3,42,10,300,0.0001,50,most_parsimonious,Ranked + weighted SHARK,Random 25% immutable,α < 1,0.940144547490798,169,1,2,True,2.0,2.0,0.8895188268527365,2.4477763781268935,1.0000000000000013,1.3322676295501878e-15,True,2.6578999999884445,Optimization terminated successfully
Wine,3,42,10,300,0.0001,50,most_parsimonious,Ranked + weighted SHARK,Random 50% immutable,α = 1,1.0,169,1,2,True,1.0,1.0,1.28116609237227,2.9261079746810155,1.004023460974159,0.004023460974158954,True,1.3744000000031065,Optimization terminated successfully
Wine,3,42,10,300,0.0001,50,most_parsimonious,Ranked + weighted SHARK,Random 50% immutable,α < 1,0.940144547490798,169,1,2,True,2.0,2.0,1.3605812021010026,3.0254712916599056,1.0,0.0,False,2.5864999999924976,Optimization terminated successfully
Wine,3,42,10,300,0.0001,50,most_parsimonious,Ranked + weighted SHARK,Random 75% immutable,α = 1,1.0,169,1,2,False,,,,,,,False,22.735499999996023,No feasible counterfactual found.
Wine,3,42,10,300,0.0001,50,most_parsimonious,Ranked + weighted SHARK,Random 75% immutable,α < 1,0.940144547490798,169,1,2,False,,,,,,,False,3.4047999999984313,No feasible counterfactual found.
Wine,3,42,10,300,0.0001,50,most_parsimonious,Ranked + weighted SHARK,All features mutable,α = 1,1.0,27,0,1,True,2.0,2.0,0.3708688210937655,1.5862647908622889,1.6184512505927755,0.6184512505927755,True,6.065499999991175,Optimization terminated successfully
Wine,3,42,10,300,0.0001,50,most_parsimonious,Ranked + weighted SHARK,All features mutable,α < 1,0.9959923504523763,27,0,1,True,2.0,2.0,0.37612809836252725,1.5974725769580316,1.6070963546520036,0.6070963546520036,True,14.204000000006545,Optimization terminated successfully
Wine,3,42,10,300,0.0001,50,most_parsimonious,Ranked + weighted SHARK,Random 25% immutable,α = 1,1.0,27,0,1,True,2.0,2.0,0.3708688210937655,1.5862647908622889,1.6184512505927755,0.6184512505927755,True,6.109099999989098,Optimization terminated successfully
Wine,3,42,10,300,0.0001,50,most_parsimonious,Ranked + weighted SHARK,Random 25% immutable,α < 1,0.9959923504523763,27,0,1,True,2.0,2.0,0.37612809836252725,1.5974725769580316,1.6070963546520036,0.6070963546520036,True,14.547300000003816,Optimization terminated successfully
Wine,3,42,10,300,0.0001,50,most_parsimonious,Ranked + weighted SHARK,Random 50% immutable,α = 1,1.0,27,0,1,True,3.0,3.0,0.4865874123796106,2.0531418134687645,1.2225441300373656,0.22254413003736562,True,8.256699999989792,Optimization terminated successfully
Wine,3,42,10,300,0.0001,50,most_parsimonious,Ranked + weighted SHARK,Random 50% immutable,α < 1,0.9959923504523763,27,0,1,True,3.0,3.0,0.49350972975519025,2.067558150563657,1.2137318868883409,0.21373188688834088,True,13.392100000004348,Optimization terminated successfully
Wine,3,42,10,300,0.0001,50,most_parsimonious,Ranked + weighted SHARK,Random 75% immutable,α = 1,1.0,27,0,1,True,3.0,3.0,2.044934010675781,5.73871576403521,1.0000000000000007,6.661338147750939e-16,True,55.73769999999456,Optimization terminated successfully
Wine,3,42,10,300,0.0001,50,most_parsimonious,Ranked + weighted SHARK,Random 75% immutable,α < 1,0.9959923504523763,27,0,1,False,,,,,,,False,43.094000000010624,No feasible counterfactual found.
Wine,3,42,10,300,0.0001,50,most_parsimonious,Ranked + weighted SHARK,All features mutable,α = 1,1.0,123,2,1,True,1.0,1.0,0.8132142796874855,2.3312568634820936,1.1087454122175224,0.10874541221752243,True,1.3774999999895954,Optimization terminated successfully
Wine,3,42,10,300,0.0001,50,most_parsimonious,Ranked + weighted SHARK,All features mutable,α < 1,0.9959923504523763,123,2,1,True,1.0,1.0,0.8207683670986101,2.3420595575769165,1.103631350331916,0.10363135033191595,True,1.3868999999999687,Optimization terminated successfully
Wine,3,42,10,300,0.0001,50,most_parsimonious,Ranked + weighted SHARK,Random 25% immutable,α = 1,1.0,123,2,1,True,1.0,1.0,0.8132142796874855,2.3312568634820936,1.1087454122175224,0.10874541221752243,True,1.3571000000069944,Optimization terminated successfully
Wine,3,42,10,300,0.0001,50,most_parsimonious,Ranked + weighted SHARK,Random 25% immutable,α < 1,0.9959923504523763,123,2,1,True,1.0,1.0,0.8207683670986101,2.3420595575769165,1.103631350331916,0.10363135033191595,True,1.6175000000089312,Optimization terminated successfully
Wine,3,42,10,300,0.0001,50,most_parsimonious,Ranked + weighted SHARK,Random 50% immutable,α = 1,1.0,123,2,1,True,4.0,4.0,0.9104397288591635,3.5828852116610213,1.0,0.0,False,18.699999999995498,Optimization terminated successfully
Wine,3,42,10,300,0.0001,50,most_parsimonious,Ranked + weighted SHARK,Random 50% immutable,α < 1,0.9959923504523763,123,2,1,True,4.0,4.0,0.9199331632544343,3.601447906372027,1.0,0.0,False,33.90670000000284,Optimization terminated successfully
Wine,3,42,10,300,0.0001,50,most_parsimonious,Ranked + weighted SHARK,Random 75% immutable,α = 1,1.0,123,2,1,True,1.0,1.0,0.8132142796874855,2.3312568634820936,1.1087454122175224,0.10874541221752243,True,1.6706000000112908,Optimization terminated successfully
Wine,3,42,10,300,0.0001,50,most_parsimonious,Ranked + weighted SHARK,Random 75% immutable,α < 1,0.9959923504523763,123,2,1,True,1.0,1.0,0.8207683670986101,2.3420595575769165,1.103631350331916,0.10363135033191595,True,1.3296999999994341,Optimization terminated successfully
Wine,3,42,10,300,0.0001,50,most_parsimonious,Ranked + weighted SHARK,All features mutable,α = 1,1.0,89,2,0,True,3.0,3.0,0.8762149586511234,2.551983721362693,1.4403117569990216,0.4403117569990216,True,8.993000000003804,Optimization terminated successfully
Wine,3,42,10,300,0.0001,50,most_parsimonious,Ranked + weighted SHARK,All features mutable,α < 1,0.9609577164831223,89,2,0,True,3.0,3.0,0.93121725153729,2.6308620351000056,1.3971284624703355,0.3971284624703355,True,14.636400000000549,Optimization terminated successfully
Wine,3,42,10,300,0.0001,50,most_parsimonious,Ranked + weighted SHARK,Random 25% immutable,α = 1,1.0,89,2,0,True,2.0,2.0,0.9056076444385638,2.59881886948265,1.39356457058038,0.3935645705803801,True,8.277199999994878,Optimization terminated successfully
Wine,3,42,10,300,0.0001,50,most_parsimonious,Ranked + weighted SHARK,Random 25% immutable,α < 1,0.9609577164831223,89,2,0,True,2.0,2.0,0.9624549930291345,2.679144797386283,1.3517828273610724,0.35178282736107236,True,3.711800000004928,Optimization terminated successfully
Wine,3,42,10,300,0.0001,50,most_parsimonious,Ranked + weighted SHARK,Random 50% immutable,α = 1,1.0,89,2,0,True,4.0,4.0,1.3052847276428239,4.04224394104141,1.0437896837058072,0.04378968370580716,True,27.157399999993004,Optimization terminated successfully
Wine,3,42,10,300,0.0001,50,most_parsimonious,Ranked + weighted SHARK,Random 50% immutable,α < 1,0.9609577164831223,89,2,0,True,4.0,4.0,1.38722084621897,4.167184311293204,1.012495375860769,0.012495375860769098,True,28.03989999999601,Optimization terminated successfully
Wine,3,42,10,300,0.0001,50,most_parsimonious,Ranked + weighted SHARK,Random 75% immutable,α = 1,1.0,89,2,0,False,,,,,,,False,27.567399999995246,No feasible counterfactual found.
Wine,3,42,10,300,0.0001,50,most_parsimonious,Ranked + weighted SHARK,Random 75% immutable,α < 1,0.9609577164831223,89,2,0,False,,,,,,,False,22.54529999999022,No feasible counterfactual found.
Wine,3,42,10,300,0.0001,50,most_parsimonious,Ranked + weighted SHARK,All features mutable,α = 1,1.0,128,2,0,True,3.0,3.0,0.956278499045893,2.6660283500285913,1.7485308560265969,0.7485308560265969,True,7.787899999996739,Optimization terminated successfully
Wine,3,42,10,300,0.0001,50,most_parsimonious,Ranked + weighted SHARK,All features mutable,α < 1,0.9609577164831223,128,2,0,True,3.0,3.0,1.013701360296573,2.7449066726952154,1.6982846109160055,0.6982846109160055,True,7.432999999991807,Optimization terminated successfully
Wine,3,42,10,300,0.0001,50,most_parsimonious,Ranked + weighted SHARK,Random 25% immutable,α = 1,1.0,128,2,0,True,2.0,2.0,1.1200902885009778,2.9036720714793267,1.4928104557240127,0.4928104557240127,True,5.520200000006525,Optimization terminated successfully
Wine,3,42,10,300,0.0001,50,most_parsimonious,Ranked + weighted SHARK,Random 25% immutable,α < 1,0.9609577164831223,128,2,0,True,2.0,2.0,1.1873497627909195,2.9895814244210785,1.4499126851442756,0.4499126851442756,True,5.425399999992919,Optimization terminated successfully
Wine,3,42,10,300,0.0001,50,most_parsimonious,Ranked + weighted SHARK,Random 50% immutable,α = 1,1.0,128,2,0,True,2.0,2.0,1.1200902885009778,2.9036720714793267,1.4928104557240127,0.4928104557240127,True,5.14599999999632,Optimization terminated successfully
Wine,3,42,10,300,0.0001,50,most_parsimonious,Ranked + weighted SHARK,Random 50% immutable,α < 1,0.9609577164831223,128,2,0,True,2.0,2.0,1.1873497627909195,2.9895814244210785,1.4499126851442756,0.4499126851442756,True,5.500499999996578,Optimization terminated successfully
Wine,3,42,10,300,0.0001,50,most_parsimonious,Ranked + weighted SHARK,Random 75% immutable,α = 1,1.0,128,2,0,True,3.0,3.0,2.8736119815081755,6.42509591721954,1.0,0.0,False,5.030300000001375,Optimization terminated successfully
Wine,3,42,10,300,0.0001,50,most_parsimonious,Ranked + weighted SHARK,Random 75% immutable,α < 1,0.9609577164831223,128,2,0,True,3.0,3.0,3.0595879966752975,6.686698806746348,1.0,0.0,False,14.686499999996272,Optimization terminated successfully
Wine,3,42,10,300,0.0001,50,most_parsimonious,Ranked + weighted SHARK,All features mutable,α = 1,1.0,168,1,0,True,2.0,2.0,0.8231781250600834,2.3632650552436227,1.9045960132414186,0.9045960132414186,True,10.532700000013051,Optimization terminated successfully
Wine,3,42,10,300,0.0001,50,most_parsimonious,Ranked + weighted SHARK,All features mutable,α < 1,0.9609577164831223,168,1,0,True,2.0,2.0,0.9009988124931951,2.4724506494866025,1.820487303695663,0.820487303695663,True,3.997899999987453,Optimization terminated successfully
Wine,3,42,10,300,0.0001,50,most_parsimonious,Ranked + weighted SHARK,Random 25% immutable,α = 1,1.0,168,1,0,True,2.0,2.0,0.8231781250600834,2.3632650552436227,1.9045960132414186,0.9045960132414186,True,10.316500000001838,Optimization terminated successfully
Wine,3,42,10,300,0.0001,50,most_parsimonious,Ranked + weighted SHARK,Random 25% immutable,α < 1,0.9609577164831223,168,1,0,True,2.0,2.0,0.9009988124931951,2.4724506494866025,1.820487303695663,0.820487303695663,True,3.907600000005118,Optimization terminated successfully
Wine,3,42,10,300,0.0001,50,most_parsimonious,Ranked + weighted SHARK,Random 50% immutable,α = 1,1.0,168,1,0,True,2.0,2.0,1.5708825458336022,3.3376710127403224,1.0,0.0,False,9.838299999998412,Optimization terminated successfully
Wine,3,42,10,300,0.0001,50,most_parsimonious,Ranked + weighted SHARK,Random 50% immutable,α < 1,0.9609577164831223,168,1,0,True,3.0,3.0,1.232953683991581,3.2708625231074873,1.330347886441855,0.330347886441855,True,10.288700000003814,Optimization terminated successfully
Wine,3,42,10,300,0.0001,50,most_parsimonious,Ranked + weighted SHARK,Random 75% immutable,α = 1,1.0,168,1,0,True,1.0,1.0,1.5948481826126437,3.312483251874399,1.2850839020250053,0.28508390202500533,True,1.609900000005382,Optimization terminated successfully
Wine,3,42,10,300,0.0001,50,most_parsimonious,Ranked + weighted SHARK,Random 75% immutable,α < 1,0.9609577164831223,168,1,0,True,1.0,1.0,1.7456201457443343,3.465523832812133,1.2283334664753969,0.22833346647539687,True,1.3785999999953447,Optimization terminated successfully
Wine,3,42,10,300,0.0001,50,most_parsimonious,Ranked + weighted SHARK,All features mutable,α = 1,1.0,94,2,0,True,3.0,3.0,0.7016260868242846,2.283628375255236,2.0367503364255217,1.0367503364255217,True,15.020500000005654,Optimization terminated successfully
Wine,3,42,10,300,0.0001,50,most_parsimonious,Ranked + weighted SHARK,All features mutable,α < 1,0.9609577164831223,94,2,0,True,3.0,3.0,0.7509326057745938,2.362506693573174,1.9687482334208908,0.9687482334208908,True,21.686500000001274,Optimization terminated successfully
Wine,3,42,10,300,0.0001,50,most_parsimonious,Ranked + weighted SHARK,Random 25% immutable,α = 1,1.0,94,2,0,True,2.0,2.0,0.8218155764451434,2.487185836019696,1.7388781544570038,0.7388781544570038,True,4.986599999995178,Optimization terminated successfully
Wine,3,42,10,300,0.0001,50,most_parsimonious,Ranked + weighted SHARK,Random 25% immutable,α < 1,0.9609577164831223,94,2,0,True,2.0,2.0,0.879568368216414,2.573095189703217,1.680821264765039,0.6808212647650389,True,14.582599999997115,Optimization terminated successfully
Wine,3,42,10,300,0.0001,50,most_parsimonious,Ranked + weighted SHARK,Random 50% immutable,α = 1,1.0,94,2,0,True,6.0,6.0,2.489941781567235,6.556743118637675,1.0,0.0,False,139.77199999999357,Optimization terminated successfully
Wine,3,42,10,300,0.0001,50,most_parsimonious,Ranked + weighted SHARK,Random 50% immutable,α < 1,0.9609577164831223,94,2,0,True,7.0,7.0,2.3679747966537508,6.57909256431338,1.0,0.0,False,122.38380000000859,Optimization terminated successfully
Wine,3,42,10,300,0.0001,50,most_parsimonious,Ranked + weighted SHARK,Random 75% immutable,α = 1,1.0,94,2,0,False,,,,,,,False,33.41220000000078,No feasible counterfactual found.
Wine,3,42,10,300,0.0001,50,most_parsimonious,Ranked + weighted SHARK,Random 75% immutable,α < 1,0.9609577164831223,94,2,0,False,,,,,,,False,42.23730000001069,No feasible counterfactual found.
Wine,3,42,10,300,0.0001,50,most_parsimonious,Ranked + weighted SHARK,All features mutable,α = 1,1.0,144,1,0,True,2.0,2.0,1.4924913122812171,3.1960832875116645,1.489224547733374,0.4892245477333741,True,24.09159999999133,Optimization terminated successfully
Wine,3,42,10,300,0.0001,50,most_parsimonious,Ranked + weighted SHARK,All features mutable,α < 1,0.9609577164831223,144,1,0,True,2.0,2.0,1.6644010144004113,3.3751351480732668,1.4102208412243151,0.4102208412243151,True,4.626399999992259,Optimization terminated successfully
Wine,3,42,10,300,0.0001,50,most_parsimonious,Ranked + weighted SHARK,Random 25% immutable,α = 1,1.0,144,1,0,True,2.0,2.0,1.4924913122812171,3.1960832875116645,1.489224547733374,0.4892245477333741,True,24.187200000000075,Optimization terminated successfully
Wine,3,42,10,300,0.0001,50,most_parsimonious,Ranked + weighted SHARK,Random 25% immutable,α < 1,0.9609577164831223,144,1,0,True,2.0,2.0,1.6644010144004113,3.3751351480732668,1.4102208412243151,0.4102208412243151,True,4.705399999991755,Optimization terminated successfully
Wine,3,42,10,300,0.0001,50,most_parsimonious,Ranked + weighted SHARK,Random 50% immutable,α = 1,1.0,144,1,0,True,2.0,2.0,1.1453242882106467,2.828569571284501,1.261372459760752,0.2613724597607521,True,22.142199999990453,Optimization terminated successfully
Wine,3,42,10,300,0.0001,50,most_parsimonious,Ranked + weighted SHARK,Random 50% immutable,α < 1,0.9609577164831223,144,1,0,True,2.0,2.0,1.2521142134101817,2.9574989701095054,1.2063840923156766,0.20638409231567656,True,4.879700000003595,Optimization terminated successfully
Wine,3,42,10,300,0.0001,50,most_parsimonious,Ranked + weighted SHARK,Random 75% immutable,α = 1,1.0,144,1,0,False,,,,,,,False,39.32039999999404,No feasible counterfactual found.
Wine,3,42,10,300,0.0001,50,most_parsimonious,Ranked + weighted SHARK,Random 75% immutable,α < 1,0.9609577164831223,144,1,0,False,,,,,,,False,17.70159999999521,No feasible counterfactual found.
Wine,3,42,10,300,0.0001,50,most_parsimonious,Ranked + weighted SHARK,All features mutable,α = 1,1.0,157,1,2,True,1.0,1.0,1.5298447338126195,3.1975055551955176,1.0027332667584186,0.002733266758418562,True,1.3924999999943566,Optimization terminated successfully
Wine,3,42,10,300,0.0001,50,most_parsimonious,Ranked + weighted SHARK,All features mutable,α < 1,0.940144547490798,157,1,2,True,2.0,2.0,1.035915479538986,2.6461108689824706,1.5555622423288762,0.5555622423288762,True,8.934800000005794,Optimization terminated successfully
Wine,3,42,10,300,0.0001,50,most_parsimonious,Ranked + weighted SHARK,Random 25% immutable,α = 1,1.0,157,1,2,True,1.0,1.0,2.4298698294455785,4.088702591584501,1.104959372642505,0.1049593726425051,True,1.368300000009981,Optimization terminated successfully
Wine,3,42,10,300,0.0001,50,most_parsimonious,Ranked + weighted SHARK,Random 25% immutable,α < 1,0.940144547490798,157,1,2,True,1.0,1.0,2.6812718445026946,4.295012588779604,1.008415770318954,0.008415770318954019,True,1.486499999998614,Optimization terminated successfully
Wine,3,42,10,300,0.0001,50,most_parsimonious,Ranked + weighted SHARK,Random 50% immutable,α = 1,1.0,157,1,2,True,1.0,1.0,1.5298447338126195,3.1975055551955176,1.0027332667584186,0.002733266758418562,True,1.3423000000045704,Optimization terminated successfully
Wine,3,42,10,300,0.0001,50,most_parsimonious,Ranked + weighted SHARK,Random 50% immutable,α < 1,0.940144547490798,157,1,2,True,2.0,2.0,1.035915479538986,2.6461108689824706,1.5555622423288762,0.5555622423288762,True,8.148800000000733,Optimization terminated successfully
Wine,3,42,10,300,0.0001,50,most_parsimonious,Ranked + weighted SHARK,Random 75% immutable,α = 1,1.0,157,1,2,False,,,,,,,False,18.749599999992483,No feasible counterfactual found.
Wine,3,42,10,300,0.0001,50,most_parsimonious,Ranked + weighted SHARK,Random 75% immutable,α < 1,0.940144547490798,157,1,2,False,,,,,,,False,5.422100000004093,No feasible counterfactual found.
Wine,3,42,10,300,0.0001,50,most_parsimonious,Ranked + weighted SHARK,All features mutable,α = 1,1.0,57,0,2,True,3.0,3.0,0.7017458095197102,2.2838231971571767,1.5133213704497912,0.5133213704497912,True,14.999799999998231,Optimization terminated successfully
Wine,3,42,10,300,0.0001,50,most_parsimonious,Ranked + weighted SHARK,All features mutable,α < 1,0.940144547490798,57,0,2,True,3.0,3.0,0.7780277640958619,2.4047510032431125,1.4372208732946332,0.4372208732946332,True,7.0790999999985615,Optimization terminated successfully
Wine,3,42,10,300,0.0001,50,most_parsimonious,Ranked + weighted SHARK,Random 25% immutable,α = 1,1.0,57,0,2,True,3.0,3.0,0.7017458095197102,2.2838231971571767,1.5133213704497912,0.5133213704497912,True,14.475799999999595,Optimization terminated successfully
Wine,3,42,10,300,0.0001,50,most_parsimonious,Ranked + weighted SHARK,Random 25% immutable,α < 1,0.940144547490798,57,0,2,True,3.0,3.0,0.7780277640958619,2.4047510032431125,1.4372208732946332,0.4372208732946332,True,7.64100000000667,Optimization terminated successfully
Wine,3,42,10,300,0.0001,50,most_parsimonious,Ranked + weighted SHARK,Random 50% immutable,α = 1,1.0,57,0,2,True,5.0,5.0,2.863853826539841,6.069320059557819,1.0000000000000004,4.440892098500626e-16,True,36.00120000000118,Optimization terminated successfully
Wine,3,42,10,300,0.0001,50,most_parsimonious,Ranked + weighted SHARK,Random 50% immutable,α < 1,0.940144547490798,57,0,2,True,6.0,6.0,3.458566145140814,6.634634765276479,1.0,0.0,False,18.973099999996634,Optimization terminated successfully
Wine,3,42,10,300,0.0001,50,most_parsimonious,Ranked + weighted SHARK,Random 75% immutable,α = 1,1.0,57,0,2,False,,,,,,,False,10.99659999999858,No feasible counterfactual found.
Wine,3,42,10,300,0.0001,50,most_parsimonious,Ranked + weighted SHARK,Random 75% immutable,α < 1,0.940144547490798,57,0,2,False,,,,,,,False,8.63689999999906,No feasible counterfactual found.
Wine,3,42,10,300,0.0001,50,most_parsimonious,Ranked + weighted SHARK,All features mutable,α = 1,1.0,14,0,2,True,3.0,3.0,2.835832351307757,4.577843283478086,1.000000000000001,1.1102230246251565e-15,True,6.418899999999894,Optimization terminated successfully
Wine,3,42,10,300,0.0001,50,most_parsimonious,Ranked + weighted SHARK,All features mutable,α < 1,0.940144547490798,14,0,2,True,3.0,3.0,3.01936799936463,4.713046642247801,1.0,0.0,False,18.07909999999424,Optimization terminated successfully
Wine,3,42,10,300,0.0001,50,most_parsimonious,Ranked + weighted SHARK,Random 25% immutable,α = 1,1.0,14,0,2,True,5.0,5.0,3.367278249073972,6.096713156005112,1.0,0.0,False,31.364899999999807,Optimization terminated successfully
Wine,3,42,10,300,0.0001,50,most_parsimonious,Ranked + weighted SHARK,Random 25% immutable,α < 1,0.940144547490798,14,0,2,True,5.0,5.0,3.5782196417375487,6.248533035092022,1.0,0.0,False,37.54650000000481,Optimization terminated successfully
Wine,3,42,10,300,0.0001,50,most_parsimonious,Ranked + weighted SHARK,Random 50% immutable,α = 1,1.0,14,0,2,True,3.0,3.0,2.835832351307757,4.577843283478086,1.000000000000001,1.1102230246251565e-15,True,6.298600000008037,Optimization terminated successfully
Wine,3,42,10,300,0.0001,50,most_parsimonious,Ranked + weighted SHARK,Random 50% immutable,α < 1,0.940144547490798,14,0,2,True,3.0,3.0,3.01936799936463,4.713046642247801,1.0,0.0,False,18.367900000001214,Optimization terminated successfully
Wine,3,42,10,300,0.0001,50,most_parsimonious,Ranked + weighted SHARK,Random 75% immutable,α = 1,1.0,14,0,2,False,,,,,,,False,8.194600000010155,No feasible counterfactual found.
Wine,3,42,10,300,0.0001,50,most_parsimonious,Ranked + weighted SHARK,Random 75% immutable,α < 1,0.940144547490798,14,0,2,False,,,,,,,False,6.334700000010685,No feasible counterfactual found.
Wine,3,42,10,300,0.0001,50,most_parsimonious,Ranked + weighted SHARK,All features mutable,α = 1,1.0,115,2,1,True,4.0,4.0,1.783254331841259,3.78341042649198,1.0,0.0,False,20.246999999997684,Optimization terminated successfully
Wine,3,42,10,300,0.0001,50,most_parsimonious,Ranked + weighted SHARK,All features mutable,α < 1,0.9959923504523763,115,2,1,True,4.0,4.0,1.7948688742758643,3.800311499152767,1.0000000000000009,8.881784197001252e-16,True,48.05650000000128,Optimization terminated successfully
Wine,3,42,10,300,0.0001,50,most_parsimonious,Ranked + weighted SHARK,Random 25% immutable,α = 1,1.0,115,2,1,True,4.0,4.0,1.783254331841259,3.78341042649198,1.0,0.0,False,23.187800000002312,Optimization terminated successfully
Wine,3,42,10,300,0.0001,50,most_parsimonious,Ranked + weighted SHARK,Random 25% immutable,α < 1,0.9959923504523763,115,2,1,True,4.0,4.0,1.7948688742758643,3.800311499152767,1.0000000000000009,8.881784197001252e-16,True,41.81400000000224,Optimization terminated successfully
Wine,3,42,10,300,0.0001,50,most_parsimonious,Ranked + weighted SHARK,Random 50% immutable,α = 1,1.0,115,2,1,True,5.0,5.0,2.9212027244437437,6.668937603119233,1.0000000000000009,8.881784197001252e-16,True,27.747399999995537,Optimization terminated successfully
Wine,3,42,10,300,0.0001,50,most_parsimonious,Ranked + weighted SHARK,Random 50% immutable,α < 1,0.9959923504523763,115,2,1,True,5.0,5.0,2.9383326683006787,6.689970528541097,1.0,0.0,False,24.35370000000603,Optimization terminated successfully
Wine,3,42,10,300,0.0001,50,most_parsimonious,Ranked + weighted SHARK,Random 75% immutable,α = 1,1.0,115,2,1,False,,,,,,,False,11.149599999995985,No feasible counterfactual found.
Wine,3,42,10,300,0.0001,50,most_parsimonious,Ranked + weighted SHARK,Random 75% immutable,α < 1,0.9959923504523763,115,2,1,False,,,,,,,False,34.60590000000252,No feasible counterfactual found.
Wine,3,42,10,300,0.0001,50,most_parsimonious,Ranked + weighted SHARK,All features mutable,α = 1,1.0,140,1,0,True,3.0,3.0,0.8767458537824135,2.5029867325575745,1.9820013752624441,0.9820013752624441,True,9.818800000005012,Optimization terminated successfully
Wine,3,42,10,300,0.0001,50,most_parsimonious,Ranked + weighted SHARK,All features mutable,α < 1,0.9609577164831223,140,1,0,True,3.0,3.0,0.945734198761332,2.598173382405201,1.9292714488255165,0.9292714488255165,True,8.000600000002578,Optimization terminated successfully
Wine,3,42,10,300,0.0001,50,most_parsimonious,Ranked + weighted SHARK,Random 25% immutable,α = 1,1.0,140,1,0,True,3.0,3.0,0.8767458537824135,2.5029867325575745,1.9820013752624441,0.9820013752624441,True,9.75149999999303,Optimization terminated successfully
Wine,3,42,10,300,0.0001,50,most_parsimonious,Ranked + weighted SHARK,Random 25% immutable,α < 1,0.9609577164831223,140,1,0,True,3.0,3.0,0.945734198761332,2.598173382405201,1.9292714488255165,0.9292714488255165,True,7.239999999995916,Optimization terminated successfully
Wine,3,42,10,300,0.0001,50,most_parsimonious,Ranked + weighted SHARK,Random 50% immutable,α = 1,1.0,140,1,0,True,3.0,3.0,2.676931938837555,4.876994141919456,1.0913586600206302,0.0913586600206302,True,12.820800000000077,Optimization terminated successfully
Wine,3,42,10,300,0.0001,50,most_parsimonious,Ranked + weighted SHARK,Random 50% immutable,α < 1,0.9609577164831223,140,1,0,True,3.0,3.0,2.861107374365177,5.04197450041605,1.055647921462441,0.05564792146244102,True,9.033099999996352,Optimization terminated successfully
Wine,3,42,10,300,0.0001,50,most_parsimonious,Ranked + weighted SHARK,Random 75% immutable,α = 1,1.0,140,1,0,True,2.0,2.0,3.007232515570757,5.083293430949389,1.131698131876221,0.13169813187622093,True,8.885499999990998,Optimization terminated successfully
Wine,3,42,10,300,0.0001,50,most_parsimonious,Ranked + weighted SHARK,Random 75% immutable,α < 1,0.9609577164831223,140,1,0,True,2.0,2.0,3.226661097753023,5.250302134622706,1.0885645651724067,0.08856456517240674,True,3.287000000000262,Optimization terminated successfully
Wine,3,42,10,300,0.0001,50,most_parsimonious,Ranked + weighted SHARK,All features mutable,α = 1,1.0,106,2,0,True,3.0,3.0,0.7301948373945206,2.329656799709432,1.749749474430688,0.7497494744306881,True,5.721100000002366,Optimization terminated successfully
Wine,3,42,10,300,0.0001,50,most_parsimonious,Ranked + weighted SHARK,All features mutable,α < 1,0.9609577164831223,106,2,0,True,3.0,3.0,0.7804782979017705,2.4085351206848884,1.6924460338418712,0.6924460338418712,True,15.470999999990909,Optimization terminated successfully
Wine,3,42,10,300,0.0001,50,most_parsimonious,Ranked + weighted SHARK,Random 25% immutable,α = 1,1.0,106,2,0,True,3.0,3.0,0.7301948373945206,2.329656799709432,1.749749474430688,0.7497494744306881,True,5.502800000002139,Optimization terminated successfully
Wine,3,42,10,300,0.0001,50,most_parsimonious,Ranked + weighted SHARK,Random 25% immutable,α < 1,0.9609577164831223,106,2,0,True,3.0,3.0,0.7804782979017705,2.4085351206848884,1.6924460338418712,0.6924460338418712,True,15.335500000006164,Optimization terminated successfully
Wine,3,42,10,300,0.0001,50,most_parsimonious,Ranked + weighted SHARK,Random 50% immutable,α = 1,1.0,106,2,0,True,4.0,4.0,2.499854214140021,5.06714460646866,1.0,0.0,False,9.007299999993279,Optimization terminated successfully
Wine,3,42,10,300,0.0001,50,most_parsimonious,Ranked + weighted SHARK,Random 50% immutable,α < 1,0.9609577164831223,106,2,0,True,4.0,4.0,2.675094413384206,5.266797085502191,1.0000000000000004,4.440892098500626e-16,True,16.572100000004752,Optimization terminated successfully
Wine,3,42,10,300,0.0001,50,most_parsimonious,Ranked + weighted SHARK,Random 75% immutable,α = 1,1.0,106,2,0,False,,,,,,,False,38.948199999992994,No feasible counterfactual found.
Wine,3,42,10,300,0.0001,50,most_parsimonious,Ranked + weighted SHARK,Random 75% immutable,α < 1,0.9609577164831223,106,2,0,False,,,,,,,False,13.153599999995436,No feasible counterfactual found.
Wine,3,42,10,300,0.0001,50,most_parsimonious,Ranked + weighted SHARK,All features mutable,α = 1,1.0,85,2,0,True,3.0,3.0,0.43467399030490594,1.7974399660959108,2.3841450662826764,1.3841450662826764,True,7.818200000002662,Optimization terminated successfully
Wine,3,42,10,300,0.0001,50,most_parsimonious,Ranked + weighted SHARK,All features mutable,α < 1,0.9609577164831223,85,2,0,True,3.0,3.0,0.47366128361409665,1.8763182872719855,2.2839182362817465,1.2839182362817465,True,6.829499999994937,Optimization terminated successfully
Wine,3,42,10,300,0.0001,50,most_parsimonious,Ranked + weighted SHARK,Random 25% immutable,α = 1,1.0,85,2,0,True,2.0,2.0,0.5091342278325514,1.9576596925242142,2.0354668480514966,1.0354668480514966,True,4.792399999999475,Optimization terminated successfully
Wine,3,42,10,300,0.0001,50,most_parsimonious,Ranked + weighted SHARK,Random 25% immutable,α < 1,0.9609577164831223,85,2,0,True,2.0,2.0,0.5548000967756919,2.0435690467552527,1.9498980942548212,0.9498980942548212,True,4.417300000000068,Optimization terminated successfully
Wine,3,42,10,300,0.0001,50,most_parsimonious,Ranked + weighted SHARK,Random 50% immutable,α = 1,1.0,85,2,0,True,2.0,2.0,0.4492551567987836,1.8304273934649242,2.3067644866499575,1.3067644866499575,True,5.523999999994089,Optimization terminated successfully
Wine,3,42,10,300,0.0001,50,most_parsimonious,Ranked + weighted SHARK,Random 50% immutable,α < 1,0.9609577164831223,85,2,0,True,2.0,2.0,0.4895502813276158,1.9107533225606501,2.20979069190003,1.20979069190003,True,4.5216000000039,Optimization terminated successfully
Wine,3,42,10,300,0.0001,50,most_parsimonious,Ranked + weighted SHARK,Random 75% immutable,α = 1,1.0,85,2,0,True,3.0,3.0,2.080718879630604,4.729252478175305,1.0,0.0,False,6.700399999999718,Optimization terminated successfully
Wine,3,42,10,300,0.0001,50,most_parsimonious,Ranked + weighted SHARK,Random 75% immutable,α < 1,0.9609577164831223,85,2,0,False,,,,,,,False,21.687599999992813,No feasible counterfactual found.
Wine,3,42,10,300,0.0001,50,most_parsimonious,Ranked + weighted SHARK,All features mutable,α = 1,1.0,103,2,1,True,2.0,2.0,0.3612229576889081,1.5625486466119383,1.331954078491055,0.33195407849105507,True,8.924300000003882,Optimization terminated successfully
Wine,3,42,10,300,0.0001,50,most_parsimonious,Ranked + weighted SHARK,All features mutable,α < 1,0.9959923504523763,103,2,1,True,2.0,2.0,0.36516846420655036,1.571059044861397,1.3247389173096105,0.32473891730961046,True,4.860300000004258,Optimization terminated successfully
Wine,3,42,10,300,0.0001,50,most_parsimonious,Ranked + weighted SHARK,Random 25% immutable,α = 1,1.0,103,2,1,True,2.0,2.0,0.3612229576889081,1.5625486466119383,1.331954078491055,0.33195407849105507,True,9.016599999995378,Optimization terminated successfully
Wine,3,42,10,300,0.0001,50,most_parsimonious,Ranked + weighted SHARK,Random 25% immutable,α < 1,0.9959923504523763,103,2,1,True,2.0,2.0,0.36516846420655036,1.571059044861397,1.3247389173096105,0.32473891730961046,True,4.8470999999921105,Optimization terminated successfully
Wine,3,42,10,300,0.0001,50,most_parsimonious,Ranked + weighted SHARK,Random 50% immutable,α = 1,1.0,103,2,1,True,3.0,3.0,0.5966575596147774,2.5119833909606055,1.0,0.0,False,8.297400000003563,Optimization terminated successfully
Wine,3,42,10,300,0.0001,50,most_parsimonious,Ranked + weighted SHARK,Random 50% immutable,α < 1,0.9959923504523763,103,2,1,True,3.0,3.0,0.6071043736319287,2.527656214705427,1.0,0.0,False,6.188199999996868,Optimization terminated successfully
Wine,3,42,10,300,0.0001,50,most_parsimonious,Ranked + weighted SHARK,Random 75% immutable,α = 1,1.0,103,2,1,False,,,,,,,False,22.495199999994497,No feasible counterfactual found.
Wine,3,42,10,300,0.0001,50,most_parsimonious,Ranked + weighted SHARK,Random 75% immutable,α < 1,0.9959923504523763,103,2,1,False,,,,,,,False,12.39680000000476,No feasible counterfactual found.
Wine,3,42,10,300,0.0001,50,most_parsimonious,Ranked + weighted SHARK,All features mutable,α = 1,1.0,71,2,1,True,2.0,2.0,1.4269097137137852,3.1055900181728844,1.103537850456711,0.10353785045671104,True,3.1192000000004327,Optimization terminated successfully
Wine,3,42,10,300,0.0001,50,most_parsimonious,Ranked + weighted SHARK,All features mutable,α < 1,0.9959923504523763,71,2,1,True,2.0,2.0,1.4347408883148653,3.114100418123743,1.1005220690056667,0.10052206900566674,True,15.515199999995843,Optimization terminated successfully
Wine,3,42,10,300,0.0001,50,most_parsimonious,Ranked + weighted SHARK,Random 25% immutable,α = 1,1.0,71,2,1,True,2.0,2.0,1.4269097137137852,3.1055900181728844,1.103537850456711,0.10353785045671104,True,2.8420000000011214,Optimization terminated successfully
Wine,3,42,10,300,0.0001,50,most_parsimonious,Ranked + weighted SHARK,Random 25% immutable,α < 1,0.9959923504523763,71,2,1,True,2.0,2.0,1.4347408883148653,3.114100418123743,1.1005220690056667,0.10052206900566674,True,14.990499999996132,Optimization terminated successfully
Wine,3,42,10,300,0.0001,50,most_parsimonious,Ranked + weighted SHARK,Random 50% immutable,α = 1,1.0,71,2,1,True,3.0,3.0,1.8624992643771583,4.389298197703229,1.0,0.0,False,7.929899999993495,Optimization terminated successfully
Wine,3,42,10,300,0.0001,50,most_parsimonious,Ranked + weighted SHARK,Random 50% immutable,α < 1,0.9959923504523763,71,2,1,True,3.0,3.0,1.8760738606992886,4.412812790379999,1.0000000000000009,8.881784197001252e-16,True,18.90520000000606,Optimization terminated successfully
Wine,3,42,10,300,0.0001,50,most_parsimonious,Ranked + weighted SHARK,Random 75% immutable,α = 1,1.0,71,2,1,False,,,,,,,False,25.393500000006952,No feasible counterfactual found.
Wine,3,42,10,300,0.0001,50,most_parsimonious,Ranked + weighted SHARK,Random 75% immutable,α < 1,0.9959923504523763,71,2,1,False,,,,,,,False,9.841399999999112,No feasible counterfactual found.
Wine,3,42,10,300,0.0001,50,most_parsimonious,Ranked + weighted SHARK,All features mutable,α = 1,1.0,136,1,2,True,1.0,1.0,1.6698143450094807,3.3405788223539448,1.1542816652301717,0.15428166523017173,True,1.4362999999946169,Optimization terminated successfully
Wine,3,42,10,300,0.0001,50,most_parsimonious,Ranked + weighted SHARK,All features mutable,α < 1,0.940144547490798,136,1,2,True,1.0,1.0,1.835005028797104,3.5019203108450503,1.1011012654850707,0.1011012654850707,True,1.3332999999988715,Optimization terminated successfully
Wine,3,42,10,300,0.0001,50,most_parsimonious,Ranked + weighted SHARK,Random 25% immutable,α = 1,1.0,136,1,2,True,1.0,1.0,1.6698143450094807,3.3405788223539448,1.1542816652301717,0.15428166523017173,True,1.4137000000005173,Optimization terminated successfully
Wine,3,42,10,300,0.0001,50,most_parsimonious,Ranked + weighted SHARK,Random 25% immutable,α < 1,0.940144547490798,136,1,2,True,1.0,1.0,1.835005028797104,3.5019203108450503,1.1011012654850707,0.1011012654850707,True,1.452099999994516,Optimization terminated successfully
Wine,3,42,10,300,0.0001,50,most_parsimonious,Ranked + weighted SHARK,Random 50% immutable,α = 1,1.0,136,1,2,True,1.0,1.0,2.6521851584259766,4.271652715710667,1.0834884991829505,0.08348849918295054,True,1.6022000000077696,Optimization terminated successfully
Wine,3,42,10,300,0.0001,50,most_parsimonious,Ranked + weighted SHARK,Random 50% immutable,α < 1,0.940144547490798,136,1,2,True,1.0,1.0,2.914559404497797,4.477962712905761,1.0335697027215351,0.033569702721535144,True,1.3253999999989219,Optimization terminated successfully
Wine,3,42,10,300,0.0001,50,most_parsimonious,Ranked + weighted SHARK,Random 75% immutable,α = 1,1.0,136,1,2,False,,,,,,,False,14.697400000002858,No feasible counterfactual found.
Wine,3,42,10,300,0.0001,50,most_parsimonious,Ranked + weighted SHARK,Random 75% immutable,α < 1,0.940144547490798,136,1,2,False,,,,,,,False,18.162500000002524,No feasible counterfactual found.
Wine,3,42,10,300,0.0001,50,most_parsimonious,Ranked + weighted SHARK,All features mutable,α = 1,1.0,102,2,1,True,1.0,1.0,1.1216700171707956,2.737916413328493,1.0885118062317498,0.08851180623174981,True,1.3926000000026306,Optimization terminated successfully
Wine,3,42,10,300,0.0001,50,most_parsimonious,Ranked + weighted SHARK,All features mutable,α < 1,0.9959923504523763,102,2,1,True,1.0,1.0,1.1305387777216525,2.748719107423321,1.0842338645426286,0.0842338645426286,True,1.414099999990981,Optimization terminated successfully
Wine,3,42,10,300,0.0001,50,most_parsimonious,Ranked + weighted SHARK,Random 25% immutable,α = 1,1.0,102,2,1,True,1.0,1.0,1.1216700171707956,2.737916413328493,1.0885118062317498,0.08851180623174981,True,1.4378000000050406,Optimization terminated successfully
Wine,3,42,10,300,0.0001,50,most_parsimonious,Ranked + weighted SHARK,Random 25% immutable,α < 1,0.9959923504523763,102,2,1,True,1.0,1.0,1.1305387777216525,2.748719107423321,1.0842338645426286,0.0842338645426286,True,1.5044999999958009,Optimization terminated successfully
Wine,3,42,10,300,0.0001,50,most_parsimonious,Ranked + weighted SHARK,Random 50% immutable,α = 1,1.0,102,2,1,True,3.0,3.0,1.979094763177587,4.154198764796364,1.0000000000000018,1.7763568394002505e-15,True,3.6022999999971717,Optimization terminated successfully
Wine,3,42,10,300,0.0001,50,most_parsimonious,Ranked + weighted SHARK,Random 50% immutable,α < 1,0.9959923504523763,102,2,1,True,3.0,3.0,2.0177463997708394,4.189224437218848,1.0,0.0,False,11.413099999998622,Optimization terminated successfully
Wine,3,42,10,300,0.0001,50,most_parsimonious,Ranked + weighted SHARK,Random 75% immutable,α = 1,1.0,102,2,1,True,2.0,2.0,1.1085903551073302,3.6238188758160956,1.0,0.0,False,2.728300000001127,Optimization terminated successfully
Wine,3,42,10,300,0.0001,50,most_parsimonious,Ranked + weighted SHARK,Random 75% immutable,α < 1,0.9959923504523763,102,2,1,True,2.0,2.0,1.1190420487984145,3.64589381532846,1.0000000000000002,2.220446049250313e-16,True,2.4544000000048527,Optimization terminated successfully
Wine,3,42,10,300,0.0001,50,most_parsimonious,Ranked + weighted SHARK,All features mutable,α = 1,1.0,10,0,1,True,3.0,3.0,1.9838799693038747,3.7111217929314964,1.1867778126263375,0.18677781262633752,True,8.822699999996075,Optimization terminated successfully
Wine,3,42,10,300,0.0001,50,most_parsimonious,Ranked + weighted SHARK,All features mutable,α < 1,0.9959923504523763,10,0,1,True,3.0,3.0,1.9947164302196034,3.72124354352477,1.1835498529631658,0.18354985296316584,True,10.625199999992674,Optimization terminated successfully
Wine,3,42,10,300,0.0001,50,most_parsimonious,Ranked + weighted SHARK,Random 25% immutable,α = 1,1.0,10,0,1,True,3.0,3.0,2.3932647536890688,4.088832060102605,1.0,0.0,False,8.49139999999693,Optimization terminated successfully
Wine,3,42,10,300,0.0001,50,most_parsimonious,Ranked + weighted SHARK,Random 25% immutable,α < 1,0.9959923504523763,10,0,1,True,3.0,3.0,2.406531675131746,4.100550502752174,1.0000000000000016,1.5543122344752192e-15,True,10.472699999994006,Optimization terminated successfully
Wine,3,42,10,300,0.0001,50,most_parsimonious,Ranked + weighted SHARK,Random 50% immutable,α = 1,1.0,10,0,1,False,,,,,,,False,62.30140000000972,No feasible counterfactual found.
Wine,3,42,10,300,0.0001,50,most_parsimonious,Ranked + weighted SHARK,Random 50% immutable,α < 1,0.9959923504523763,10,0,1,False,,,,,,,False,62.487699999991264,No feasible counterfactual found.
Wine,3,42,10,300,0.0001,50,most_parsimonious,Ranked + weighted SHARK,Random 75% immutable,α = 1,1.0,10,0,1,False,,,,,,,False,8.440600000000131,No feasible counterfactual found.
Wine,3,42,10,300,0.0001,50,most_parsimonious,Ranked + weighted SHARK,Random 75% immutable,α < 1,0.9959923504523763,10,0,1,False,,,,,,,False,48.01960000000349,No feasible counterfactual found.
Wine,3,42,10,300,0.0001,50,most_parsimonious,Ranked + weighted SHARK,All features mutable,α = 1,1.0,108,2,1,True,2.0,2.0,0.7868604421346473,2.306188121997027,1.1801403383899276,0.1801403383899276,True,7.1315999999939095,Optimization terminated successfully
Wine,3,42,10,300,0.0001,50,most_parsimonious,Ranked + weighted SHARK,All features mutable,α < 1,0.9959923504523763,108,2,1,True,2.0,2.0,0.7926785725557657,2.3146985212135576,1.1758013031248262,0.17580130312482622,True,10.871000000008735,Optimization terminated successfully
Wine,3,42,10,300,0.0001,50,most_parsimonious,Ranked + weighted SHARK,Random 25% immutable,α = 1,1.0,108,2,1,True,2.0,2.0,0.7868604421346473,2.306188121997027,1.1801403383899276,0.1801403383899276,True,6.525699999997414,Optimization terminated successfully
Wine,3,42,10,300,0.0001,50,most_parsimonious,Ranked + weighted SHARK,Random 25% immutable,α < 1,0.9959923504523763,108,2,1,True,2.0,2.0,0.7926785725557657,2.3146985212135576,1.1758013031248262,0.17580130312482622,True,11.456199999997807,Optimization terminated successfully
Wine,3,42,10,300,0.0001,50,most_parsimonious,Ranked + weighted SHARK,Random 50% immutable,α = 1,1.0,108,2,1,True,2.0,2.0,0.7868604421346473,2.306188121997027,1.1801403383899276,0.1801403383899276,True,6.675000000001319,Optimization terminated successfully
Wine,3,42,10,300,0.0001,50,most_parsimonious,Ranked + weighted SHARK,Random 50% immutable,α < 1,0.9959923504523763,108,2,1,True,2.0,2.0,0.7926785725557657,2.3146985212135576,1.1758013031248262,0.17580130312482622,True,10.884100000012609,Optimization terminated successfully
Wine,3,42,10,300,0.0001,50,most_parsimonious,Ranked + weighted SHARK,Random 75% immutable,α = 1,1.0,108,2,1,False,,,,,,,False,9.934399999991683,No feasible counterfactual found.
Wine,3,42,10,300,0.0001,50,most_parsimonious,Ranked + weighted SHARK,Random 75% immutable,α < 1,0.9959923504523763,108,2,1,False,,,,,,,False,20.10389999999518,No feasible counterfactual found.
Wine,3,42,10,300,0.0001,50,most_parsimonious,Ranked + weighted SHARK,All features mutable,α = 1,1.0,70,1,0,True,2.0,2.0,3.3213388021321992,4.761542176528584,1.0,0.0,False,4.647200000007956,Optimization terminated successfully
Wine,3,42,10,300,0.0001,50,most_parsimonious,Ranked + weighted SHARK,All features mutable,α < 1,0.9609577164831223,70,1,0,True,2.0,2.0,3.6529247237321827,4.988816692775244,1.0,0.0,False,5.622799999997596,Optimization terminated successfully
Wine,3,42,10,300,0.0001,50,most_parsimonious,Ranked + weighted SHARK,Random 25% immutable,α = 1,1.0,70,1,0,True,2.0,2.0,2.4354597122503736,4.72888481380982,1.2760587326986874,0.2760587326986874,True,11.160099999997897,Optimization terminated successfully
Wine,3,42,10,300,0.0001,50,most_parsimonious,Ranked + weighted SHARK,Random 25% immutable,α < 1,0.9609577164831223,70,1,0,True,2.0,2.0,2.622960579117218,4.907543354720992,1.22960394286866,0.22960394286866004,True,7.717899999988731,Optimization terminated successfully
Wine,3,42,10,300,0.0001,50,most_parsimonious,Ranked + weighted SHARK,Random 50% immutable,α = 1,1.0,70,1,0,True,3.0,3.0,2.4401377179536343,5.617782454693801,1.0622648384164415,0.06226483841644148,True,10.736800000003655,Optimization terminated successfully
Wine,3,42,10,300,0.0001,50,most_parsimonious,Ranked + weighted SHARK,Random 50% immutable,α < 1,0.9609577164831223,70,1,0,True,3.0,3.0,2.630888667135597,5.817645046336158,1.035206997143686,0.035206997143685914,True,12.749499999998193,Optimization terminated successfully
Wine,3,42,10,300,0.0001,50,most_parsimonious,Ranked + weighted SHARK,Random 75% immutable,α = 1,1.0,70,1,0,False,,,,,,,False,27.122599999998442,No feasible counterfactual found.
Wine,3,42,10,300,0.0001,50,most_parsimonious,Ranked + weighted SHARK,Random 75% immutable,α < 1,0.9609577164831223,70,1,0,False,,,,,,,False,14.118499999995038,No feasible counterfactual found.
Wine,3,42,10,300,0.0001,50,most_parsimonious,Ranked + weighted SHARK,All features mutable,α = 1,1.0,141,1,0,True,2.0,2.0,1.7016994195090864,3.412743177449366,1.4854967676143807,0.48549676761438065,True,4.333500000001322,Optimization terminated successfully
Wine,3,42,10,300,0.0001,50,most_parsimonious,Ranked + weighted SHARK,All features mutable,α < 1,0.9609577164831223,141,1,0,True,2.0,2.0,1.884945203610723,3.5917950450034373,1.4114443260911795,0.41144432609117954,True,8.242000000009853,Optimization terminated successfully
Wine,3,42,10,300,0.0001,50,most_parsimonious,Ranked + weighted SHARK,Random 25% immutable,α = 1,1.0,141,1,0,True,2.0,2.0,1.7016994195090864,3.412743177449366,1.4854967676143807,0.48549676761438065,True,4.252699999995002,Optimization terminated successfully
Wine,3,42,10,300,0.0001,50,most_parsimonious,Ranked + weighted SHARK,Random 25% immutable,α < 1,0.9609577164831223,141,1,0,True,2.0,2.0,1.884945203610723,3.5917950450034373,1.4114443260911795,0.41144432609117954,True,7.595399999999586,Optimization terminated successfully
Wine,3,42,10,300,0.0001,50,most_parsimonious,Ranked + weighted SHARK,Random 50% immutable,α = 1,1.0,141,1,0,True,2.0,2.0,0.9119632670294959,2.5240113329412184,1.0813849406857454,0.08138494068574542,True,4.548899999988976,Optimization terminated successfully
Wine,3,42,10,300,0.0001,50,most_parsimonious,Ranked + weighted SHARK,Random 50% immutable,α < 1,0.9609577164831223,141,1,0,True,2.0,2.0,1.0075111023635372,2.652940750564796,1.0288311466139992,0.028831146613999215,True,7.653499999989322,Optimization terminated successfully
Wine,3,42,10,300,0.0001,50,most_parsimonious,Ranked + weighted SHARK,Random 75% immutable,α = 1,1.0,141,1,0,False,,,,,,,False,21.81969999999467,No feasible counterfactual found.
Wine,3,42,10,300,0.0001,50,most_parsimonious,Ranked + weighted SHARK,Random 75% immutable,α < 1,0.9609577164831223,141,1,0,False,,,,,,,False,31.289399999991474,No feasible counterfactual found.
Wine,3,42,10,300,0.0001,50,most_parsimonious,Ranked + weighted SHARK,All features mutable,α = 1,1.0,156,1,2,True,2.0,2.0,1.2202293742327937,2.8718821387159266,1.3730040922589857,0.3730040922589857,True,7.473000000004504,Optimization terminated successfully
Wine,3,42,10,300,0.0001,50,most_parsimonious,Ranked + weighted SHARK,All features mutable,α < 1,0.940144547490798,156,1,2,True,2.0,2.0,1.330630767374494,2.998987498345316,1.2133094151481625,0.21330941514816248,True,5.248899999998002,Optimization terminated successfully
Wine,3,42,10,300,0.0001,50,most_parsimonious,Ranked + weighted SHARK,Random 25% immutable,α = 1,1.0,156,1,2,True,2.0,2.0,1.2202293742327937,2.8718821387159266,1.3730040922589857,0.3730040922589857,True,6.916699999990783,Optimization terminated successfully
Wine,3,42,10,300,0.0001,50,most_parsimonious,Ranked + weighted SHARK,Random 25% immutable,α < 1,0.940144547490798,156,1,2,True,2.0,2.0,1.330630767374494,2.998987498345316,1.2133094151481625,0.21330941514816248,True,5.23330000000044,Optimization terminated successfully
Wine,3,42,10,300,0.0001,50,most_parsimonious,Ranked + weighted SHARK,Random 50% immutable,α = 1,1.0,156,1,2,True,4.0,4.0,2.382834961981893,5.577769788802737,1.0,0.0,False,26.113699999996243,Optimization terminated successfully
Wine,3,42,10,300,0.0001,50,most_parsimonious,Ranked + weighted SHARK,Random 50% immutable,α < 1,0.940144547490798,156,1,2,True,4.0,4.0,2.640240361295895,5.854056787346558,1.0,0.0,False,15.399000000002161,Optimization terminated successfully
Wine,3,42,10,300,0.0001,50,most_parsimonious,Ranked + weighted SHARK,Random 75% immutable,α = 1,1.0,156,1,2,True,2.0,2.0,1.4687169135245601,3.5867297282772523,1.2379933840955122,0.23799338409551218,True,7.578399999999874,Optimization terminated successfully
Wine,3,42,10,300,0.0001,50,most_parsimonious,Ranked + weighted SHARK,Random 75% immutable,α < 1,0.940144547490798,156,1,2,True,2.0,2.0,1.6016004496268184,3.74547321912833,1.1855238134320716,0.18552381343207158,True,5.77630000000795,Optimization terminated successfully
Wine,3,42,10,300,0.0001,50,most_parsimonious,Ranked + weighted SHARK,All features mutable,α = 1,1.0,36,0,1,True,2.0,2.0,0.3709898416864046,1.586523581396498,1.9472559102815339,0.9472559102815339,True,9.72129999999538,Optimization terminated successfully
Wine,3,42,10,300,0.0001,50,most_parsimonious,Ranked + weighted SHARK,All features mutable,α < 1,0.9959923504523763,36,0,1,True,2.0,2.0,0.3762499739369142,1.5977313676815956,1.9335961960514099,0.9335961960514099,True,7.448299999992969,Optimization terminated successfully
Wine,3,42,10,300,0.0001,50,most_parsimonious,Ranked + weighted SHARK,Random 25% immutable,α = 1,1.0,36,0,1,True,2.0,2.0,0.3709898416864046,1.586523581396498,1.9472559102815339,0.9472559102815339,True,9.445299999995882,Optimization terminated successfully
Wine,3,42,10,300,0.0001,50,most_parsimonious,Ranked + weighted SHARK,Random 25% immutable,α < 1,0.9959923504523763,36,0,1,True,2.0,2.0,0.3762499739369142,1.5977313676815956,1.9335961960514099,0.9335961960514099,True,7.168300000003569,Optimization terminated successfully
Wine,3,42,10,300,0.0001,50,most_parsimonious,Ranked + weighted SHARK,Random 50% immutable,α = 1,1.0,36,0,1,True,5.0,5.0,1.7273830639280305,5.217890388957754,1.0756549577196046,0.07565495771960462,True,103.69970000000706,Optimization terminated successfully
Wine,3,42,10,300,0.0001,50,most_parsimonious,Ranked + weighted SHARK,Random 50% immutable,α < 1,0.9959923504523763,36,0,1,True,5.0,5.0,1.7500620711790265,5.2516006373451205,1.0690375915328478,0.06903759153284783,True,78.52060000000449,Optimization terminated successfully
Wine,3,42,10,300,0.0001,50,most_parsimonious,Ranked + weighted SHARK,Random 75% immutable,α = 1,1.0,36,0,1,False,,,,,,,False,20.917400000001862,No feasible counterfactual found.
Wine,3,42,10,300,0.0001,50,most_parsimonious,Ranked + weighted SHARK,Random 75% immutable,α < 1,0.9959923504523763,36,0,1,False,,,,,,,False,73.48309999999003,No feasible counterfactual found.
Wine,3,42,10,300,0.0001,50,most_parsimonious,Ranked + weighted SHARK,All features mutable,α = 1,1.0,134,1,0,True,3.0,3.0,1.0567257930318792,2.7396709992581134,1.8329776710126178,0.8329776710126178,True,4.664099999999394,Optimization terminated successfully
Wine,3,42,10,300,0.0001,50,most_parsimonious,Ranked + weighted SHARK,All features mutable,α < 1,0.9609577164831223,134,1,0,True,3.0,3.0,1.133349082439109,2.836132601767675,1.7856516118001102,0.7856516118001102,True,22.4060000000037,Optimization terminated successfully
Wine,3,42,10,300,0.0001,50,most_parsimonious,Ranked + weighted SHARK,Random 25% immutable,α = 1,1.0,134,1,0,True,3.0,3.0,1.0567257930318792,2.7396709992581134,1.8329776710126178,0.8329776710126178,True,4.2718999999920015,Optimization terminated successfully
Wine,3,42,10,300,0.0001,50,most_parsimonious,Ranked + weighted SHARK,Random 25% immutable,α < 1,0.9609577164831223,134,1,0,True,3.0,3.0,1.133349082439109,2.836132601767675,1.7856516118001102,0.7856516118001102,True,21.794099999993932,Optimization terminated successfully
Wine,3,42,10,300,0.0001,50,most_parsimonious,Ranked + weighted SHARK,Random 50% immutable,α = 1,1.0,134,1,0,True,2.0,2.0,3.5155908920621357,5.40999747864883,1.008652381383731,0.008652381383730923,True,3.0570999999923743,Optimization terminated successfully
Wine,3,42,10,300,0.0001,50,most_parsimonious,Ranked + weighted SHARK,Random 50% immutable,α < 1,0.9609577164831223,134,1,0,True,3.0,3.0,3.420238879239302,5.730590734321705,1.002298922270154,0.002298922270153936,True,18.556700000004867,Optimization terminated successfully
Wine,3,42,10,300,0.0001,50,most_parsimonious,Ranked + weighted SHARK,Random 75% immutable,α = 1,1.0,134,1,0,False,,,,,,,False,3.812099999990437,No feasible counterfactual found.
Wine,3,42,10,300,0.0001,50,most_parsimonious,Ranked + weighted SHARK,Random 75% immutable,α < 1,0.9609577164831223,134,1,0,False,,,,,,,False,15.763599999999656,No feasible counterfactual found.
Wine,3,42,10,300,0.0001,50,most_parsimonious,Ranked + weighted SHARK,All features mutable,α = 1,1.0,119,2,1,True,1.0,1.0,0.8611569475770362,2.3989919164698206,1.0480019520110053,0.04800195201100532,True,1.3821000000007189,Optimization terminated successfully
Wine,3,42,10,300,0.0001,50,most_parsimonious,Ranked + weighted SHARK,All features mutable,α < 1,0.9959923504523763,119,2,1,True,1.0,1.0,0.8689300128894923,2.409794610564646,1.0433039398033581,0.043303939803358116,True,1.3452999999969961,Optimization terminated successfully
Wine,3,42,10,300,0.0001,50,most_parsimonious,Ranked + weighted SHARK,Random 25% immutable,α = 1,1.0,119,2,1,True,1.0,1.0,0.8611569475770362,2.3989919164698206,1.0480019520110053,0.04800195201100532,True,1.338800000013407,Optimization terminated successfully
Wine,3,42,10,300,0.0001,50,most_parsimonious,Ranked + weighted SHARK,Random 25% immutable,α < 1,0.9959923504523763,119,2,1,True,1.0,1.0,0.8689300128894923,2.409794610564646,1.0433039398033581,0.043303939803358116,True,1.364100000003532,Optimization terminated successfully
Wine,3,42,10,300,0.0001,50,most_parsimonious,Ranked + weighted SHARK,Random 50% immutable,α = 1,1.0,119,2,1,True,4.0,4.0,0.7393947967819671,2.86752049293536,1.0,0.0,False,18.038499999988744,Optimization terminated successfully
Wine,3,42,10,300,0.0001,50,most_parsimonious,Ranked + weighted SHARK,Random 50% immutable,α < 1,0.9959923504523763,119,2,1,True,4.0,4.0,0.7478009907509339,2.8845251134004526,1.0,0.0,False,16.93229999999346,Optimization terminated successfully
Wine,3,42,10,300,0.0001,50,most_parsimonious,Ranked + weighted SHARK,Random 75% immutable,α = 1,1.0,119,2,1,True,1.0,1.0,0.8611569475770362,2.3989919164698206,1.0480019520110053,0.04800195201100532,True,1.338700000005133,Optimization terminated successfully
Wine,3,42,10,300,0.0001,50,most_parsimonious,Ranked + weighted SHARK,Random 75% immutable,α < 1,0.9959923504523763,119,2,1,True,1.0,1.0,0.8689300128894923,2.409794610564646,1.0433039398033581,0.043303939803358116,True,1.447900000002278,Optimization terminated successfully
Wine,3,42,10,300,0.0001,50,most_parsimonious,Ranked + weighted SHARK,All features mutable,α = 1,1.0,100,2,1,True,2.0,2.0,0.9053290670318845,2.4737118365354864,1.1843537036173857,0.18435370361738568,True,10.143800000008696,Optimization terminated successfully
Wine,3,42,10,300,0.0001,50,most_parsimonious,Ranked + weighted SHARK,All features mutable,α < 1,0.9959923504523763,100,2,1,True,2.0,2.0,0.9115690536402884,2.4822222354872845,1.180293072861882,0.1802930728618819,True,3.020799999987389,Optimization terminated successfully
Wine,3,42,10,300,0.0001,50,most_parsimonious,Ranked + weighted SHARK,Random 25% immutable,α = 1,1.0,100,2,1,True,3.0,3.0,1.159302404494675,3.0137444072542707,1.0000000000000004,4.440892098500626e-16,True,15.24360000000513,Optimization terminated successfully
Wine,3,42,10,300,0.0001,50,most_parsimonious,Ranked + weighted SHARK,Random 25% immutable,α < 1,0.9959923504523763,100,2,1,True,3.0,3.0,1.1681660632442301,3.029929175149184,1.0,0.0,False,8.845100000002049,Optimization terminated successfully
Wine,3,42,10,300,0.0001,50,most_parsimonious,Ranked + weighted SHARK,Random 50% immutable,α = 1,1.0,100,2,1,True,3.0,3.0,1.5855271851467219,4.07079936215761,1.0,0.0,False,6.901099999993221,Optimization terminated successfully
Wine,3,42,10,300,0.0001,50,most_parsimonious,Ranked + weighted SHARK,Random 50% immutable,α < 1,0.9959923504523763,100,2,1,True,3.0,3.0,1.6010572737006499,4.093195715702386,1.0,0.0,False,6.7968000000036,Optimization terminated successfully
Wine,3,42,10,300,0.0001,50,most_parsimonious,Ranked + weighted SHARK,Random 75% immutable,α = 1,1.0,100,2,1,True,3.0,3.0,1.4198232407360425,4.109931559194755,1.0,0.0,False,10.34399999998925,Optimization terminated successfully
Wine,3,42,10,300,0.0001,50,most_parsimonious,Ranked + weighted SHARK,Random 75% immutable,α < 1,0.9959923504523763,100,2,1,True,3.0,3.0,1.4316475315422803,4.130802936078029,1.0000000000000007,6.661338147750939e-16,True,12.930999999994697,Optimization terminated successfully
Wine,3,42,10,300,0.0001,50,most_parsimonious,Ranked + weighted SHARK,All features mutable,α = 1,1.0,150,1,0,True,2.0,2.0,1.3320923193413623,3.019460442014709,1.2867304999812412,0.2867304999812412,True,7.225300000001766,Optimization terminated successfully
Wine,3,42,10,300,0.0001,50,most_parsimonious,Ranked + weighted SHARK,All features mutable,α < 1,0.9609577164831223,150,1,0,True,2.0,2.0,1.494760757454773,3.1985123049797104,1.2146996887183799,0.21469968871837986,True,5.845100000001935,Optimization terminated successfully
Wine,3,42,10,300,0.0001,50,most_parsimonious,Ranked + weighted SHARK,Random 25% immutable,α = 1,1.0,150,1,0,True,2.0,2.0,1.3320923193413623,3.019460442014709,1.2867304999812412,0.2867304999812412,True,7.047499999998763,Optimization terminated successfully
Wine,3,42,10,300,0.0001,50,most_parsimonious,Ranked + weighted SHARK,Random 25% immutable,α < 1,0.9609577164831223,150,1,0,True,2.0,2.0,1.494760757454773,3.1985123049797104,1.2146996887183799,0.21469968871837986,True,5.998700000006352,Optimization terminated successfully
Wine,3,42,10,300,0.0001,50,most_parsimonious,Ranked + weighted SHARK,Random 50% immutable,α = 1,1.0,150,1,0,True,2.0,2.0,1.5023727759492023,3.2671255041622143,1.3393759116625767,0.33937591166257675,True,3.867099999993684,Optimization terminated successfully
Wine,3,42,10,300,0.0001,50,most_parsimonious,Ranked + weighted SHARK,Random 50% immutable,α < 1,0.9609577164831223,150,1,0,True,2.0,2.0,1.6217029285884395,3.394396851835445,1.2891566390542857,0.2891566390542857,True,3.914199999996981,Optimization terminated successfully
Wine,3,42,10,300,0.0001,50,most_parsimonious,Ranked + weighted SHARK,Random 75% immutable,α = 1,1.0,150,1,0,True,3.0,3.0,1.9482213814784899,3.991681503775859,1.032861033503083,0.032861033503083004,True,13.769499999995105,Optimization terminated successfully
Wine,3,42,10,300,0.0001,50,most_parsimonious,Ranked + weighted SHARK,Random 75% immutable,α < 1,0.9609577164831223,150,1,0,True,3.0,3.0,2.1034419461943847,4.173480517251721,1.0000000000000009,8.881784197001252e-16,True,10.002600000007078,Optimization terminated successfully
Wine,3,42,10,300,0.0001,50,most_parsimonious,Ranked + weighted SHARK,All features mutable,α = 1,1.0,55,0,2,True,3.0,3.0,0.5400835321615097,2.0035631488718053,1.4641683304077076,0.46416833040770755,True,8.18429999999637,Optimization terminated successfully
Wine,3,42,10,300,0.0001,50,most_parsimonious,Ranked + weighted SHARK,All features mutable,α < 1,0.940144547490798,55,0,2,True,3.0,3.0,0.6072459617008766,2.124490944597765,1.3808266790096881,0.38082667900968814,True,20.217099999996435,Optimization terminated successfully
Wine,3,42,10,300,0.0001,50,most_parsimonious,Ranked + weighted SHARK,Random 25% immutable,α = 1,1.0,55,0,2,True,3.0,3.0,0.5400835321615097,2.0035631488718053,1.4641683304077076,0.46416833040770755,True,8.346600000010085,Optimization terminated successfully
Wine,3,42,10,300,0.0001,50,most_parsimonious,Ranked + weighted SHARK,Random 25% immutable,α < 1,0.940144547490798,55,0,2,True,3.0,3.0,0.6072459617008766,2.124490944597765,1.3808266790096881,0.38082667900968814,True,21.50079999999832,Optimization terminated successfully
Wine,3,42,10,300,0.0001,50,most_parsimonious,Ranked + weighted SHARK,Random 50% immutable,α = 1,1.0,55,0,2,True,2.0,2.0,1.2397788822865863,3.5367251777841946,1.0,0.0,False,3.5373000000049615,Optimization terminated successfully
Wine,3,42,10,300,0.0001,50,most_parsimonious,Ranked + weighted SHARK,Random 50% immutable,α < 1,0.940144547490798,55,0,2,True,2.0,2.0,1.6157779200465106,3.8757255488061646,1.000000000000002,1.9984014443252818e-15,True,9.774600000000078,Optimization terminated successfully
Wine,3,42,10,300,0.0001,50,most_parsimonious,Ranked + weighted SHARK,Random 75% immutable,α = 1,1.0,55,0,2,True,3.0,3.0,0.997688762133897,3.6559399177442,1.0,0.0,False,5.241900000001465,Optimization terminated successfully
Wine,3,42,10,300,0.0001,50,most_parsimonious,Ranked + weighted SHARK,Random 75% immutable,α < 1,0.940144547490798,55,0,2,True,3.0,3.0,1.1517848590849724,4.082240792437187,1.0000000000000007,6.661338147750939e-16,True,11.052899999995702,Optimization terminated successfully
Wine,3,42,10,300,0.0001,50,most_parsimonious,Ranked + weighted SHARK,All features mutable,α = 1,1.0,18,0,1,True,3.0,3.0,2.265679363827163,3.9742653940028294,1.0,0.0,False,8.22469999999953,Optimization terminated successfully
Wine,3,42,10,300,0.0001,50,most_parsimonious,Ranked + weighted SHARK,All features mutable,α < 1,0.9959923504523763,18,0,1,True,3.0,3.0,2.2779015183521842,3.985175268591625,1.0000000000000002,2.220446049250313e-16,True,6.666199999997957,Optimization terminated successfully
Wine,3,42,10,300,0.0001,50,most_parsimonious,Ranked + weighted SHARK,Random 25% immutable,α = 1,1.0,18,0,1,True,3.0,3.0,2.265679363827163,3.9742653940028294,1.0,0.0,False,8.476900000005116,Optimization terminated successfully
Wine,3,42,10,300,0.0001,50,most_parsimonious,Ranked + weighted SHARK,Random 25% immutable,α < 1,0.9959923504523763,18,0,1,True,3.0,3.0,2.2779015183521842,3.985175268591625,1.0000000000000002,2.220446049250313e-16,True,6.266699999997627,Optimization terminated successfully
Wine,3,42,10,300,0.0001,50,most_parsimonious,Ranked + weighted SHARK,Random 50% immutable,α = 1,1.0,18,0,1,True,3.0,3.0,4.18602925503658,6.410572087423931,1.0,0.0,False,11.143399999994585,Optimization terminated successfully
Wine,3,42,10,300,0.0001,50,most_parsimonious,Ranked + weighted SHARK,Random 50% immutable,α < 1,0.9959923504523763,18,0,1,True,3.0,3.0,4.233772660041161,6.454265423031338,1.0,0.0,False,16.309499999991317,Optimization terminated successfully
Wine,3,42,10,300,0.0001,50,most_parsimonious,Ranked + weighted SHARK,Random 75% immutable,α = 1,1.0,18,0,1,False,,,,,,,False,39.75320000000693,No feasible counterfactual found.
Wine,3,42,10,300,0.0001,50,most_parsimonious,Ranked + weighted SHARK,Random 75% immutable,α < 1,0.9959923504523763,18,0,1,False,,,,,,,False,11.887299999997936,No feasible counterfactual found.
Wine,3,42,10,300,0.0001,50,most_parsimonious,Ranked + weighted SHARK,All features mutable,α = 1,1.0,12,0,1,True,2.0,2.0,0.985751042196613,2.5861228105589102,1.2895288576947002,0.28952885769470016,True,3.2398999999969647,Optimization terminated successfully
Wine,3,42,10,300,0.0001,50,most_parsimonious,Ranked + weighted SHARK,All features mutable,α < 1,0.9959923504523763,12,0,1,True,2.0,2.0,0.9943136888316029,2.5973305993913853,1.2839644545558118,0.28396445455581176,True,2.929499999993368,Optimization terminated successfully
Wine,3,42,10,300,0.0001,50,most_parsimonious,Ranked + weighted SHARK,Random 25% immutable,α = 1,1.0,12,0,1,True,2.0,2.0,0.985751042196613,2.5861228105589102,1.2895288576947002,0.28952885769470016,True,3.2142000000021653,Optimization terminated successfully
Wine,3,42,10,300,0.0001,50,most_parsimonious,Ranked + weighted SHARK,Random 25% immutable,α < 1,0.9959923504523763,12,0,1,True,2.0,2.0,0.9943136888316029,2.5973305993913853,1.2839644545558118,0.28396445455581176,True,3.1250000000113687,Optimization terminated successfully
Wine,3,42,10,300,0.0001,50,most_parsimonious,Ranked + weighted SHARK,Random 50% immutable,α = 1,1.0,12,0,1,True,2.0,2.0,0.985751042196613,2.5861228105589102,1.2895288576947002,0.28952885769470016,True,3.282099999992738,Optimization terminated successfully
Wine,3,42,10,300,0.0001,50,most_parsimonious,Ranked + weighted SHARK,Random 50% immutable,α < 1,0.9959923504523763,12,0,1,True,2.0,2.0,0.9943136888316029,2.5973305993913853,1.2839644545558118,0.28396445455581176,True,2.7845999999982496,Optimization terminated successfully
Wine,3,42,10,300,0.0001,50,most_parsimonious,Ranked + weighted SHARK,Random 75% immutable,α = 1,1.0,12,0,1,False,,,,,,,False,8.3202,No feasible counterfactual found.
Wine,3,42,10,300,0.0001,50,most_parsimonious,Ranked + weighted SHARK,Random 75% immutable,α < 1,0.9959923504523763,12,0,1,False,,,,,,,False,21.824199999997518,No feasible counterfactual found.
Wine,3,42,10,300,0.0001,50,most_parsimonious,Ranked + weighted SHARK,All features mutable,α = 1,1.0,137,1,0,True,3.0,3.0,1.6115804671629181,3.3810343864193197,1.7044077227190386,0.7044077227190386,True,7.408900000001495,Optimization terminated successfully
Wine,3,42,10,300,0.0001,50,most_parsimonious,Ranked + weighted SHARK,All features mutable,α < 1,0.9609577164831223,137,1,0,True,3.0,3.0,1.7061210966748142,3.477734114230287,1.6680628256455174,0.6680628256455174,True,11.897900000008121,Optimization terminated successfully
Wine,3,42,10,300,0.0001,50,most_parsimonious,Ranked + weighted SHARK,Random 25% immutable,α = 1,1.0,137,1,0,True,2.0,2.0,2.6239477453696747,4.2942864030743015,1.0,0.0,False,2.5356000000016365,Optimization terminated successfully
Wine,3,42,10,300,0.0001,50,most_parsimonious,Ranked + weighted SHARK,Random 25% immutable,α < 1,0.9609577164831223,137,1,0,True,2.0,2.0,2.7995711955414904,4.4462045120446785,1.0000000000000002,2.220446049250313e-16,True,2.493200000003526,Optimization terminated successfully
Wine,3,42,10,300,0.0001,50,most_parsimonious,Ranked + weighted SHARK,Random 50% immutable,α = 1,1.0,137,1,0,True,2.0,2.0,2.507720653232461,4.221011568507854,1.323191300781087,0.32319130078108693,True,8.697299999994357,Optimization terminated successfully
Wine,3,42,10,300,0.0001,50,most_parsimonious,Ranked + weighted SHARK,Random 50% immutable,α < 1,0.9609577164831223,137,1,0,True,2.0,2.0,2.661225388236343,4.348282916645773,1.2844623827140365,0.28446238271403645,True,7.800199999991264,Optimization terminated successfully
Wine,3,42,10,300,0.0001,50,most_parsimonious,Ranked + weighted SHARK,Random 75% immutable,α = 1,1.0,137,1,0,False,,,,,,,False,11.067999999994527,No feasible counterfactual found.
Wine,3,42,10,300,0.0001,50,most_parsimonious,Ranked + weighted SHARK,Random 75% immutable,α < 1,0.9609577164831223,137,1,0,False,,,,,,,False,20.459500000001185,No feasible counterfactual found.
