dataset,n_clusters,seed,n_init,max_iter,tol,n_factuals,solution_type,cf_mode,mask_scenario,alpha_case,alpha,factual_idx,source_cluster,target_cluster,feasible,rank_step,changed_features,weighted_squared_distance,euclidean_distance,rho,tau,positive_tau,runtime_ms,solver_message
Diabetes,3,42,10,300,0.0001,50,least_cost,Unweighted k-means,All features mutable,α = 1,1.0,102075,0,1,True,,10.0,0.15713869725972684,1.7727870557950656,2.7256398271426607,1.7256398271426607,True,3.7561000000323475,Optimization terminated successfully
Diabetes,3,42,10,300,0.0001,50,least_cost,Unweighted k-means,All features mutable,α < 1,0.999985952854013,102075,0,1,True,,10.0,0.15714500109826557,1.7728226143541015,2.725585163895392,1.725585163895392,True,3.431900000009591,Optimization terminated successfully
Diabetes,3,42,10,300,0.0001,50,least_cost,Unweighted k-means,Random 25% immutable,α = 1,1.0,102075,0,1,True,,9.0,0.17742513983132885,1.8837470097193458,2.4139955192747613,1.4139955192747613,True,3.354899999976624,Optimization terminated successfully
Diabetes,3,42,10,300,0.0001,50,least_cost,Unweighted k-means,Random 25% immutable,α < 1,0.999985952854013,102075,0,1,True,,9.0,0.17743225748887412,1.883784793912904,2.413947098106174,1.4139470981061741,True,3.3693999999968582,Optimization terminated successfully
Diabetes,3,42,10,300,0.0001,50,least_cost,Unweighted k-means,Random 50% immutable,α = 1,1.0,102075,0,1,True,,5.0,0.20893623168339115,2.0441929051994636,2.049924482923726,1.0499244829237262,True,2.3298999999497028,Optimization terminated successfully
Diabetes,3,42,10,300,0.0001,50,least_cost,Unweighted k-means,Random 50% immutable,α < 1,0.999985952854013,102075,0,1,True,,5.0,0.20894461345244225,2.044233907616456,2.049883365672726,1.0498833656727262,True,2.6139000000284796,Optimization terminated successfully
Diabetes,3,42,10,300,0.0001,50,least_cost,Unweighted k-means,Random 75% immutable,α = 1,1.0,102075,0,1,False,,,,,,,False,8.152700000096047,Positive directional derivative for linesearch
Diabetes,3,42,10,300,0.0001,50,least_cost,Unweighted k-means,Random 75% immutable,α < 1,0.999985952854013,102075,0,1,False,,,,,,,False,29.47099999994407,Positive directional derivative for linesearch
Diabetes,3,42,10,300,0.0001,50,least_cost,Unweighted k-means,All features mutable,α = 1,1.0,130178,1,2,True,,19.0,0.41083469951309143,2.866477627727422,1.7801088483929632,0.7801088483929632,True,3.5177999999405074,Optimization terminated successfully
Diabetes,3,42,10,300,0.0001,50,least_cost,Unweighted k-means,All features mutable,α < 1,0.9954269128149522,130178,1,2,True,,19.0,0.4141916619394094,2.878164908199005,1.7728804072258564,0.7728804072258564,True,3.629499999988184,Optimization terminated successfully
Diabetes,3,42,10,300,0.0001,50,least_cost,Unweighted k-means,Random 25% immutable,α = 1,1.0,130178,1,2,True,,14.0,0.4416015295131645,2.971873245995409,1.656086854534743,0.6560868545347429,True,3.205200000024888,Optimization terminated successfully
Diabetes,3,42,10,300,0.0001,50,least_cost,Unweighted k-means,Random 25% immutable,α < 1,0.9954269128149522,130178,1,2,True,,14.0,0.44520989011108214,2.983990248345602,1.649362019395573,0.6493620193955729,True,3.0558999999357184,Optimization terminated successfully
Diabetes,3,42,10,300,0.0001,50,least_cost,Unweighted k-means,Random 50% immutable,α = 1,1.0,130178,1,2,True,,9.0,0.4443750695397542,2.98119127041441,1.6457504888963985,0.6457504888963985,True,2.5302000000237967,Optimization terminated successfully
Diabetes,3,42,10,300,0.0001,50,least_cost,Unweighted k-means,Random 50% immutable,α < 1,0.9954269128149522,130178,1,2,True,,9.0,0.4480060929499118,2.9933462644669486,1.639067625892167,0.639067625892167,True,2.540899999985413,Optimization terminated successfully
Diabetes,3,42,10,300,0.0001,50,least_cost,Unweighted k-means,Random 75% immutable,α = 1,1.0,130178,1,2,False,,,,,,,False,29.269499999941218,Positive directional derivative for linesearch
Diabetes,3,42,10,300,0.0001,50,least_cost,Unweighted k-means,Random 75% immutable,α < 1,0.9954269128149522,130178,1,2,False,,,,,,,False,9.892899999954352,Positive directional derivative for linesearch
Diabetes,3,42,10,300,0.0001,50,least_cost,Unweighted k-means,All features mutable,α = 1,1.0,114240,0,1,True,,11.0,0.1455754793728383,1.7063146214742362,2.0492490917819133,1.0492490917819133,True,3.987399999914487,Optimization terminated successfully
Diabetes,3,42,10,300,0.0001,50,least_cost,Unweighted k-means,All features mutable,α < 1,0.999985952854013,114240,0,1,True,,11.0,0.14558054813789326,1.7063443271385366,2.0492134085165894,1.0492134085165894,True,3.4826999999495456,Optimization terminated successfully
Diabetes,3,42,10,300,0.0001,50,least_cost,Unweighted k-means,Random 25% immutable,α = 1,1.0,114240,0,1,True,,9.0,0.15330810027526892,1.7510459746978029,1.9458881718217633,0.9458881718217633,True,3.053000000022621,Optimization terminated successfully
Diabetes,3,42,10,300,0.0001,50,least_cost,Unweighted k-means,Random 25% immutable,α < 1,0.999985952854013,114240,0,1,True,,9.0,0.15331343828098717,1.7510764591015848,1.945854284611208,0.9458542846112079,True,8.553500000061831,Optimization terminated successfully
Diabetes,3,42,10,300,0.0001,50,least_cost,Unweighted k-means,Random 50% immutable,α = 1,1.0,114240,0,1,True,,3.0,0.4100596515921836,2.863772517474751,1.0,0.0,False,2.9577999999901294,Optimization terminated successfully
Diabetes,3,42,10,300,0.0001,50,least_cost,Unweighted k-means,Random 50% immutable,α < 1,0.999985952854013,114240,0,1,True,,3.0,0.41007714543577967,2.863833603531391,1.0,0.0,False,2.69700000001194,Optimization terminated successfully
Diabetes,3,42,10,300,0.0001,50,least_cost,Unweighted k-means,Random 75% immutable,α = 1,1.0,114240,0,1,False,,,,,,,False,31.405699999936587,Positive directional derivative for linesearch
Diabetes,3,42,10,300,0.0001,50,least_cost,Unweighted k-means,Random 75% immutable,α < 1,0.999985952854013,114240,0,1,False,,,,,,,False,12.218599999982871,Positive directional derivative for linesearch
Diabetes,3,42,10,300,0.0001,50,least_cost,Unweighted k-means,All features mutable,α = 1,1.0,22636,1,2,True,,17.0,0.37942196318605387,2.7547121925386464,1.8521205262769778,0.8521205262769778,True,3.7783000000217726,Optimization terminated successfully
Diabetes,3,42,10,300,0.0001,50,least_cost,Unweighted k-means,All features mutable,α < 1,0.9954269128149522,22636,1,2,True,,17.0,0.38264867174710354,2.766400808802309,1.8442949721159843,0.8442949721159843,True,3.546499999970365,Optimization terminated successfully
Diabetes,3,42,10,300,0.0001,50,least_cost,Unweighted k-means,Random 25% immutable,α = 1,1.0,22636,1,2,True,,13.0,0.38776814052332403,2.784845204040339,1.8122561775338926,0.8122561775338926,True,2.9600000000300497,Optimization terminated successfully
Diabetes,3,42,10,300,0.0001,50,least_cost,Unweighted k-means,Random 25% immutable,α < 1,0.9954269128149522,22636,1,2,True,,13.0,0.3910658272682408,2.7966616787457177,1.8045990505882632,0.8045990505882632,True,2.8880999999501,Optimization terminated successfully
Diabetes,3,42,10,300,0.0001,50,least_cost,Unweighted k-means,Random 50% immutable,α = 1,1.0,22636,1,2,True,,8.0,0.4469103691865974,2.9896834922332407,1.5724298715699325,0.5724298715699325,True,2.449100000035287,Optimization terminated successfully
Diabetes,3,42,10,300,0.0001,50,least_cost,Unweighted k-means,Random 50% immutable,α < 1,0.9954269128149522,22636,1,2,True,,8.0,0.4507110176840306,3.002369123489084,1.565786032294087,0.5657860322940871,True,2.2918999999319567,Optimization terminated successfully
Diabetes,3,42,10,300,0.0001,50,least_cost,Unweighted k-means,Random 75% immutable,α = 1,1.0,22636,1,2,False,,,,,,,False,3.198999999995067,Positive directional derivative for linesearch
Diabetes,3,42,10,300,0.0001,50,least_cost,Unweighted k-means,Random 75% immutable,α < 1,0.9954269128149522,22636,1,2,False,,,,,,,False,7.004800000004252,Positive directional derivative for linesearch
Diabetes,3,42,10,300,0.0001,50,least_cost,Unweighted k-means,All features mutable,α = 1,1.0,197460,1,0,True,,12.0,0.0004813836426407799,0.09812070552546796,43.75281221213762,42.75281221213762,True,2.512300000034884,Optimization terminated successfully
Diabetes,3,42,10,300,0.0001,50,least_cost,Unweighted k-means,All features mutable,α < 1,0.9999667010862864,197460,1,0,True,,12.0,0.0004820044457694537,0.09818395447011224,43.72462716680227,42.72462716680227,True,2.401500000019041,Optimization terminated successfully
Diabetes,3,42,10,300,0.0001,50,least_cost,Unweighted k-means,Random 25% immutable,α = 1,1.0,197460,1,0,True,,8.0,0.0010629012368721937,0.14580131939541519,19.81547043295412,18.81547043295412,True,2.0202999999128224,Optimization terminated successfully
Diabetes,3,42,10,300,0.0001,50,least_cost,Unweighted k-means,Random 25% immutable,α < 1,0.9999667010862864,197460,1,0,True,,8.0,0.0010642719781165403,0.14589530342794044,19.802705540779765,18.802705540779765,True,2.007699999921897,Optimization terminated successfully
Diabetes,3,42,10,300,0.0001,50,least_cost,Unweighted k-means,Random 50% immutable,α = 1,1.0,197460,1,0,True,,5.0,0.0015198861440255868,0.1743494275313565,22.077039075290553,21.077039075290553,True,1.8405999999231426,Optimization terminated successfully
Diabetes,3,42,10,300,0.0001,50,least_cost,Unweighted k-means,Random 50% immutable,α < 1,0.9999667010862864,197460,1,0,True,,5.0,0.001521846223242784,0.17446181377268685,22.062817307436912,21.062817307436912,True,1.9926999999597683,Optimization terminated successfully
Diabetes,3,42,10,300,0.0001,50,least_cost,Unweighted k-means,Random 75% immutable,α = 1,1.0,197460,1,0,True,,3.0,0.0013145647736278593,0.1621459079735199,16.021947755839772,15.021947755839772,True,1.5007999999170352,Optimization terminated successfully
Diabetes,3,42,10,300,0.0001,50,least_cost,Unweighted k-means,Random 75% immutable,α < 1,0.9999667010862864,197460,1,0,True,,3.0,0.001316260065806539,0.1622504277841226,16.011626606154497,15.011626606154497,True,1.404999999977008,Optimization terminated successfully
Diabetes,3,42,10,300,0.0001,50,least_cost,Unweighted k-means,All features mutable,α = 1,1.0,246242,1,0,True,,15.0,0.1964110073380898,1.9819738007253769,3.0648933473249613,2.0648933473249613,True,3.504300000031435,Optimization terminated successfully
Diabetes,3,42,10,300,0.0001,50,least_cost,Unweighted k-means,All features mutable,α < 1,0.9999667010862864,246242,1,0,True,,15.0,0.19642275232797474,1.9820330588967212,3.0648017998375,2.0648017998375,True,3.5501999999496547,Optimization terminated successfully
Diabetes,3,42,10,300,0.0001,50,least_cost,Unweighted k-means,Random 25% immutable,α = 1,1.0,246242,1,0,True,,11.0,0.27283858774238945,2.3359734062800865,2.2063550277371147,1.2063550277371147,True,3.1056999999918844,Optimization terminated successfully
Diabetes,3,42,10,300,0.0001,50,least_cost,Unweighted k-means,Random 25% immutable,α < 1,0.9999667010862864,246242,1,0,True,,11.0,0.27285490295046644,2.336043248531441,2.206289101839458,1.2062891018394581,True,3.0956000000514905,Optimization terminated successfully
Diabetes,3,42,10,300,0.0001,50,least_cost,Unweighted k-means,Random 50% immutable,α = 1,1.0,246242,1,0,True,,7.0,0.28409899564895635,2.3836903978870927,2.1189050359191457,1.1189050359191457,True,2.3269999999229185,Optimization terminated successfully
Diabetes,3,42,10,300,0.0001,50,least_cost,Unweighted k-means,Random 50% immutable,α < 1,0.9999667010862864,246242,1,0,True,,7.0,0.2841159842071611,2.383761666807993,2.1188417323565294,1.1188417323565294,True,2.5967000000264306,Optimization terminated successfully
Diabetes,3,42,10,300,0.0001,50,least_cost,Unweighted k-means,Random 75% immutable,α = 1,1.0,246242,1,0,True,,4.0,0.7094588910390397,3.7668525084984137,1.0000000000000002,2.220446049250313e-16,True,2.0603000000392058,Optimization terminated successfully
Diabetes,3,42,10,300,0.0001,50,least_cost,Unweighted k-means,Random 75% immutable,α < 1,0.9999667010862864,246242,1,0,True,,4.0,0.7095107040790753,3.7669900559440697,1.0,0.0,False,1.9173000000591855,Optimization terminated successfully
Diabetes,3,42,10,300,0.0001,50,least_cost,Unweighted k-means,All features mutable,α = 1,1.0,163320,0,2,True,,14.0,0.07114428821953879,1.1928477540703908,1.5568656393603084,0.5568656393603084,True,2.86710000000312,Optimization terminated successfully
Diabetes,3,42,10,300,0.0001,50,least_cost,Unweighted k-means,All features mutable,α < 1,0.9954269128149522,163320,0,2,True,,14.0,0.07272563694401497,1.206031815036527,1.539846344203767,0.5398463442037671,True,2.43159999990894,Optimization terminated successfully
Diabetes,3,42,10,300,0.0001,50,least_cost,Unweighted k-means,Random 25% immutable,α = 1,1.0,163320,0,2,True,,10.0,0.07497998610940741,1.2245814477559867,1.477222169827541,0.47722216982754095,True,2.3514000000659507,Optimization terminated successfully
Diabetes,3,42,10,300,0.0001,50,least_cost,Unweighted k-means,Random 25% immutable,α < 1,0.9954269128149522,163320,0,2,True,,10.0,0.07664659221880421,1.2381162483289216,1.461073518661788,0.46107351866178803,True,2.003199999990102,Optimization terminated successfully
Diabetes,3,42,10,300,0.0001,50,least_cost,Unweighted k-means,Random 50% immutable,α = 1,1.0,163320,0,2,False,,,,,,,False,26.646000000027925,Positive directional derivative for linesearch
Diabetes,3,42,10,300,0.0001,50,least_cost,Unweighted k-means,Random 50% immutable,α < 1,0.9954269128149522,163320,0,2,False,,,,,,,False,60.97769999996672,Positive directional derivative for linesearch
Diabetes,3,42,10,300,0.0001,50,least_cost,Unweighted k-means,Random 75% immutable,α = 1,1.0,163320,0,2,False,,,,,,,False,19.221899999934067,Positive directional derivative for linesearch
Diabetes,3,42,10,300,0.0001,50,least_cost,Unweighted k-means,Random 75% immutable,α < 1,0.9954269128149522,163320,0,2,False,,,,,,,False,1.3718999999809967,Positive directional derivative for linesearch
Diabetes,3,42,10,300,0.0001,50,least_cost,Unweighted k-means,All features mutable,α = 1,1.0,177703,1,0,True,,15.0,0.07913467227170748,1.2580514478486757,3.550945545488296,2.550945545488296,True,3.6312999999381645,Optimization terminated successfully
Diabetes,3,42,10,300,0.0001,50,least_cost,Unweighted k-means,All features mutable,α < 1,0.9999667010862864,177703,1,0,True,,15.0,0.0791423191889214,1.2581122301998449,3.550773987789761,2.550773987789761,True,4.09079999997175,Optimization terminated successfully
Diabetes,3,42,10,300,0.0001,50,least_cost,Unweighted k-means,Random 25% immutable,α = 1,1.0,177703,1,0,True,,10.0,0.10743433796555524,1.4658399501006596,2.6155782046642715,1.6155782046642715,True,5.763200000046709,Optimization terminated successfully
Diabetes,3,42,10,300,0.0001,50,least_cost,Unweighted k-means,Random 25% immutable,α < 1,0.9999667010862864,177703,1,0,True,,10.0,0.10744471952732541,1.4659107716864994,2.6154518384899346,1.6154518384899346,True,2.8788000000758984,Optimization terminated successfully
Diabetes,3,42,10,300,0.0001,50,least_cost,Unweighted k-means,Random 50% immutable,α = 1,1.0,177703,1,0,True,,8.0,0.15171800396555665,1.7419414683941399,1.8521395386064192,0.8521395386064192,True,2.3641000000225176,Optimization terminated successfully
Diabetes,3,42,10,300,0.0001,50,least_cost,Unweighted k-means,Random 50% immutable,α < 1,0.9999667010862864,177703,1,0,True,,8.0,0.1517326647328649,1.7420256297360546,1.8520500537495468,0.8520500537495468,True,2.5657999999566528,Optimization terminated successfully
Diabetes,3,42,10,300,0.0001,50,least_cost,Unweighted k-means,Random 75% immutable,α = 1,1.0,177703,1,0,True,,5.0,0.1900079558035909,1.9493996809458591,1.9605622980600381,0.9605622980600381,True,2.036699999962366,Optimization terminated successfully
Diabetes,3,42,10,300,0.0001,50,least_cost,Unweighted k-means,Random 75% immutable,α < 1,0.9999667010862864,177703,1,0,True,,5.0,0.19002631659370106,1.9494938655646035,1.960467577225139,0.960467577225139,True,1.8202999999630265,Optimization terminated successfully
Diabetes,3,42,10,300,0.0001,50,least_cost,Unweighted k-means,All features mutable,α = 1,1.0,70205,0,1,True,,11.0,0.18805612683154396,1.9393613733986967,1.921131758693193,0.9211317586931931,True,3.615399999944202,Optimization terminated successfully
Diabetes,3,42,10,300,0.0001,50,least_cost,Unweighted k-means,All features mutable,α < 1,0.999985952854013,70205,0,1,True,,11.0,0.18806208927448714,1.9393921175176883,1.9211012977243258,0.9211012977243258,True,3.886399999942114,Optimization terminated successfully
Diabetes,3,42,10,300,0.0001,50,least_cost,Unweighted k-means,Random 25% immutable,α = 1,1.0,70205,0,1,True,,7.0,0.4857859059091079,3.117004670863064,1.0,0.0,False,2.9299999999921056,Optimization terminated successfully
Diabetes,3,42,10,300,0.0001,50,least_cost,Unweighted k-means,Random 25% immutable,α < 1,0.999985952854013,70205,0,1,True,,7.0,0.4858018548341754,3.1170558379155655,1.0,0.0,False,3.173500000002605,Optimization terminated successfully
Diabetes,3,42,10,300,0.0001,50,least_cost,Unweighted k-means,Random 50% immutable,α = 1,1.0,70205,0,1,True,,5.0,0.5521942282282812,3.323234052029081,1.0,0.0,False,2.3884000000862216,Optimization terminated successfully
Diabetes,3,42,10,300,0.0001,50,least_cost,Unweighted k-means,Random 50% immutable,α < 1,0.999985952854013,70205,0,1,True,,5.0,0.5522137160013846,3.3232926925005706,1.0000000000000002,2.220446049250313e-16,True,2.3999000000003434,Optimization terminated successfully
Diabetes,3,42,10,300,0.0001,50,least_cost,Unweighted k-means,Random 75% immutable,α = 1,1.0,70205,0,1,False,,,,,,,False,18.883699999946657,Positive directional derivative for linesearch
Diabetes,3,42,10,300,0.0001,50,least_cost,Unweighted k-means,Random 75% immutable,α < 1,0.999985952854013,70205,0,1,False,,,,,,,False,8.929599999987659,Positive directional derivative for linesearch
Diabetes,3,42,10,300,0.0001,50,least_cost,Unweighted k-means,All features mutable,α = 1,1.0,113060,1,0,True,,16.0,0.09453853157955039,1.3750529559224283,3.322693243831127,2.322693243831127,True,2.535500000021784,Optimization terminated successfully
Diabetes,3,42,10,300,0.0001,50,least_cost,Unweighted k-means,All features mutable,α < 1,0.9999667010862864,113060,1,0,True,,16.0,0.09454670378075186,1.3751123865397465,3.3225496389701776,2.3225496389701776,True,2.5632999999061212,Optimization terminated successfully
Diabetes,3,42,10,300,0.0001,50,least_cost,Unweighted k-means,Random 25% immutable,α = 1,1.0,113060,1,0,True,,12.0,0.10477552146976785,1.4475877967831023,2.9980527507100665,1.9980527507100665,True,2.5203999999803273,Optimization terminated successfully
Diabetes,3,42,10,300,0.0001,50,least_cost,Unweighted k-means,Random 25% immutable,α < 1,0.9999667010862864,113060,1,0,True,,12.0,0.1047845785878353,1.44765036239995,2.9979231880630346,1.9979231880630346,True,2.053699999919445,Optimization terminated successfully
Diabetes,3,42,10,300,0.0001,50,least_cost,Unweighted k-means,Random 50% immutable,α = 1,1.0,113060,1,0,True,,8.0,0.20625707213115071,2.0310444216272114,1.5229661430346753,0.5229661430346753,True,2.52079999995658,Optimization terminated successfully
Diabetes,3,42,10,300,0.0001,50,least_cost,Unweighted k-means,Random 50% immutable,α < 1,0.9999667010862864,113060,1,0,True,,8.0,0.20627490162632595,2.0311322045909566,1.5229003207990968,0.5229003207990968,True,2.6139000000284796,Optimization terminated successfully
Diabetes,3,42,10,300,0.0001,50,least_cost,Unweighted k-means,Random 75% immutable,α = 1,1.0,113060,1,0,True,,5.0,0.3572328484895011,2.672949114702714,1.8521979226457177,0.8521979226457177,True,1.981999999998152,Optimization terminated successfully
Diabetes,3,42,10,300,0.0001,50,least_cost,Unweighted k-means,Random 75% immutable,α < 1,0.9999667010862864,113060,1,0,True,,5.0,0.3572637287947573,2.6730646411740864,1.8521178777870484,0.8521178777870484,True,1.8139000000019223,Optimization terminated successfully
Diabetes,3,42,10,300,0.0001,50,least_cost,Unweighted k-means,All features mutable,α = 1,1.0,89934,0,2,True,,15.0,0.47939900767118493,3.0964463750279445,1.5183449886481046,0.5183449886481046,True,3.613699999959863,Optimization terminated successfully
Diabetes,3,42,10,300,0.0001,50,least_cost,Unweighted k-means,All features mutable,α < 1,0.9954269128149522,89934,0,2,True,,15.0,0.48335600379722704,3.109199266040139,1.5121172770528768,0.5121172770528768,True,3.824099999974351,Optimization terminated successfully
Diabetes,3,42,10,300,0.0001,50,least_cost,Unweighted k-means,Random 25% immutable,α = 1,1.0,89934,0,2,True,,11.0,0.5256441851207053,3.242357738192087,1.3847638375198261,0.3847638375198261,True,3.0450999998947736,Optimization terminated successfully
Diabetes,3,42,10,300,0.0001,50,least_cost,Unweighted k-means,Random 25% immutable,α < 1,0.9954269128149522,89934,0,2,True,,11.0,0.5299828924832907,3.255711573476037,1.379084058871603,0.3790840588716029,True,3.1580999999505366,Optimization terminated successfully
Diabetes,3,42,10,300,0.0001,50,least_cost,Unweighted k-means,Random 50% immutable,α = 1,1.0,89934,0,2,False,,,,,,,False,11.597100000017235,Positive directional derivative for linesearch
Diabetes,3,42,10,300,0.0001,50,least_cost,Unweighted k-means,Random 50% immutable,α < 1,0.9954269128149522,89934,0,2,False,,,,,,,False,4.384899999990921,Positive directional derivative for linesearch
Diabetes,3,42,10,300,0.0001,50,least_cost,Unweighted k-means,Random 75% immutable,α = 1,1.0,89934,0,2,False,,,,,,,False,23.308199999974022,Positive directional derivative for linesearch
Diabetes,3,42,10,300,0.0001,50,least_cost,Unweighted k-means,Random 75% immutable,α < 1,0.9954269128149522,89934,0,2,False,,,,,,,False,14.649999999960528,Positive directional derivative for linesearch
Diabetes,3,42,10,300,0.0001,50,least_cost,Unweighted k-means,All features mutable,α = 1,1.0,171973,1,0,True,,17.0,0.45246672927492654,3.0082111936329423,2.0591802472281775,1.0591802472281775,True,3.8197999999738386,Optimization terminated successfully
Diabetes,3,42,10,300,0.0001,50,least_cost,Unweighted k-means,All features mutable,α < 1,0.9999667010862864,171973,1,0,True,,17.0,0.45248421047995113,3.008269304699801,2.0591404409386946,1.0591404409386946,True,3.70969999994486,Optimization terminated successfully
Diabetes,3,42,10,300,0.0001,50,least_cost,Unweighted k-means,Random 25% immutable,α = 1,1.0,171973,1,0,True,,12.0,1.0125977918509144,4.5002173099771845,1.2874382369305561,0.28743823693055615,True,3.0219999999872016,Optimization terminated successfully
Diabetes,3,42,10,300,0.0001,50,least_cost,Unweighted k-means,Random 25% immutable,α < 1,0.9999667010862864,171973,1,0,True,,12.0,1.012636913908876,4.500304242845979,1.2874133400658776,0.2874133400658776,True,3.1400000000303407,Optimization terminated successfully
Diabetes,3,42,10,300,0.0001,50,least_cost,Unweighted k-means,Random 50% immutable,α = 1,1.0,171973,1,0,True,,9.0,0.9883620674203899,4.446036588739211,1.3190076262610262,0.3190076262610262,True,2.5057999999944514,Optimization terminated successfully
Diabetes,3,42,10,300,0.0001,50,least_cost,Unweighted k-means,Random 50% immutable,α < 1,0.9999667010862864,171973,1,0,True,,9.0,0.9884002531229451,4.4461224749728725,1.3189821230422603,0.31898212304226026,True,2.4949999999535066,Optimization terminated successfully
Diabetes,3,42,10,300,0.0001,50,least_cost,Unweighted k-means,Random 75% immutable,α = 1,1.0,171973,1,0,True,,5.0,1.6786153870066802,5.7941615217504605,1.0000000000000002,2.220446049250313e-16,True,2.0042999999532185,Optimization terminated successfully
Diabetes,3,42,10,300,0.0001,50,least_cost,Unweighted k-means,Random 75% immutable,α < 1,0.9999667010862864,171973,1,0,True,,5.0,1.6786827008457221,5.794277695874995,1.0,0.0,False,1.9596999999293985,Optimization terminated successfully
Diabetes,3,42,10,300,0.0001,50,least_cost,Unweighted k-means,All features mutable,α = 1,1.0,109827,1,0,True,,18.0,0.5322491658350446,3.2626650635179963,1.8998446336453747,0.8998446336453747,True,3.6489999999957945,Optimization terminated successfully
Diabetes,3,42,10,300,0.0001,50,least_cost,Unweighted k-means,All features mutable,α < 1,0.9999667010862864,109827,1,0,True,,18.0,0.5322681131342585,3.2627231360759326,1.899810801355996,0.899810801355996,True,3.715400000032787,Optimization terminated successfully
Diabetes,3,42,10,300,0.0001,50,least_cost,Unweighted k-means,Random 25% immutable,α = 1,1.0,109827,1,0,True,,13.0,0.7797578992165717,3.949070521569782,1.882067367377769,0.882067367377769,True,3.1160999999428896,Optimization terminated successfully
Diabetes,3,42,10,300,0.0001,50,least_cost,Unweighted k-means,Random 25% immutable,α < 1,0.9999667010862864,109827,1,0,True,,13.0,0.7797856574681187,3.949140811538932,1.8820338665070386,0.8820338665070386,True,2.9862999999750173,Optimization terminated successfully
Diabetes,3,42,10,300,0.0001,50,least_cost,Unweighted k-means,Random 50% immutable,α = 1,1.0,109827,1,0,True,,8.0,2.30745547553909,6.79331358843251,1.0,0.0,False,2.4951999999984764,Optimization terminated successfully
Diabetes,3,42,10,300,0.0001,50,least_cost,Unweighted k-means,Random 50% immutable,α < 1,0.9999667010862864,109827,1,0,True,,8.0,2.3075570035854334,6.793463039695489,1.0000000000000007,6.661338147750939e-16,True,2.60409999998501,Optimization terminated successfully
Diabetes,3,42,10,300,0.0001,50,least_cost,Unweighted k-means,Random 75% immutable,α = 1,1.0,109827,1,0,False,,,,,,,False,2.4149999999281135,Positive directional derivative for linesearch
Diabetes,3,42,10,300,0.0001,50,least_cost,Unweighted k-means,Random 75% immutable,α < 1,0.9999667010862864,109827,1,0,False,,,,,,,False,19.421599999986938,Positive directional derivative for linesearch
Diabetes,3,42,10,300,0.0001,50,least_cost,Unweighted k-means,All features mutable,α = 1,1.0,17229,1,0,True,,16.0,0.1844805724146344,1.9208361325976477,2.3192309958187938,1.3192309958187938,True,3.7562999999636304,Optimization terminated successfully
Diabetes,3,42,10,300,0.0001,50,least_cost,Unweighted k-means,All features mutable,α < 1,0.9999667010862864,17229,1,0,True,,16.0,0.18449176391537705,1.9208943954073947,2.3191606574609804,1.3191606574609804,True,3.710899999987305,Optimization terminated successfully
Diabetes,3,42,10,300,0.0001,50,least_cost,Unweighted k-means,Random 25% immutable,α = 1,1.0,17229,1,0,True,,11.0,0.2547866953163456,2.2573732315075663,1.67925983229117,0.67925983229117,True,3.1387999999878957,Optimization terminated successfully
Diabetes,3,42,10,300,0.0001,50,least_cost,Unweighted k-means,Random 25% immutable,α < 1,0.9999667010862864,17229,1,0,True,,11.0,0.2548021519330098,2.257441702162028,1.679208899697635,0.6792088996976351,True,2.9423000000861066,Optimization terminated successfully
Diabetes,3,42,10,300,0.0001,50,least_cost,Unweighted k-means,Random 50% immutable,α = 1,1.0,17229,1,0,True,,9.0,0.2602334465991234,2.2813743515658422,1.644112517101942,0.644112517101942,True,1.8231999999898107,Optimization terminated successfully
Diabetes,3,42,10,300,0.0001,50,least_cost,Unweighted k-means,Random 50% immutable,α < 1,0.9999667010862864,17229,1,0,True,,9.0,0.2602492336425648,2.2814435502223795,1.6440626493867332,0.6440626493867332,True,1.7855999999483174,Optimization terminated successfully
Diabetes,3,42,10,300,0.0001,50,least_cost,Unweighted k-means,Random 75% immutable,α = 1,1.0,17229,1,0,True,,3.0,0.7370705306246966,3.839454468084487,1.0,0.0,False,2.8671999999687614,Optimization terminated successfully
Diabetes,3,42,10,300,0.0001,50,least_cost,Unweighted k-means,Random 75% immutable,α < 1,0.9999667010862864,17229,1,0,True,,3.0,0.737120910621042,3.839585682390854,1.0,0.0,False,2.010799999993651,Optimization terminated successfully
Diabetes,3,42,10,300,0.0001,50,least_cost,Unweighted k-means,All features mutable,α = 1,1.0,199382,0,1,True,,11.0,0.4299480425695582,2.9323984810034203,1.2605397482252882,0.26053974822528825,True,3.6861999999473483,Optimization terminated successfully
Diabetes,3,42,10,300,0.0001,50,least_cost,Unweighted k-means,All features mutable,α < 1,0.999985952854013,199382,0,1,True,,11.0,0.42995628278683456,2.932426581474239,1.2605276739213485,0.26052767392134846,True,3.5038999999414955,Optimization terminated successfully
Diabetes,3,42,10,300,0.0001,50,least_cost,Unweighted k-means,Random 25% immutable,α = 1,1.0,199382,0,1,True,,9.0,0.4999017339393489,3.161966900330707,1.084146267562536,0.08414626756253596,True,2.0775000000412547,Optimization terminated successfully
Diabetes,3,42,10,300,0.0001,50,least_cost,Unweighted k-means,Random 25% immutable,α < 1,0.999985952854013,199382,0,1,True,,9.0,0.49991131486191487,3.1619972007005788,1.0841358785486201,0.08413587854862015,True,2.0493999999189327,Optimization terminated successfully
Diabetes,3,42,10,300,0.0001,50,least_cost,Unweighted k-means,Random 50% immutable,α = 1,1.0,199382,0,1,True,,6.0,0.752868541250953,3.880382819390254,1.0,0.0,False,2.641999999923428,Optimization terminated successfully
Diabetes,3,42,10,300,0.0001,50,least_cost,Unweighted k-means,Random 50% immutable,α < 1,0.999985952854013,199382,0,1,True,,6.0,0.752883394448356,3.880421096861411,1.0000000000000002,2.220446049250313e-16,True,2.606399999990572,Optimization terminated successfully
Diabetes,3,42,10,300,0.0001,50,least_cost,Unweighted k-means,Random 75% immutable,α = 1,1.0,199382,0,1,False,,,,,,,False,1.3539000000264423,Positive directional derivative for linesearch
Diabetes,3,42,10,300,0.0001,50,least_cost,Unweighted k-means,Random 75% immutable,α < 1,0.999985952854013,199382,0,1,False,,,,,,,False,1.4007000000901826,Positive directional derivative for linesearch
Diabetes,3,42,10,300,0.0001,50,least_cost,Unweighted k-means,All features mutable,α = 1,1.0,133536,1,0,True,,15.0,0.14905303271845124,1.7265748331216415,3.507099147113864,2.507099147113864,True,3.564699999969889,Optimization terminated successfully
Diabetes,3,42,10,300,0.0001,50,least_cost,Unweighted k-means,All features mutable,α < 1,0.9999667010862864,133536,1,0,True,,15.0,0.14906329682063552,1.7266342798672538,3.506978175123498,2.506978175123498,True,3.4997000000203116,Optimization terminated successfully
Diabetes,3,42,10,300,0.0001,50,least_cost,Unweighted k-means,Random 25% immutable,α = 1,1.0,133536,1,0,True,,13.0,0.15441993782803565,1.7573840663215063,3.3852089944075616,2.3852089944075616,True,4.6806000000287895,Optimization terminated successfully
Diabetes,3,42,10,300,0.0001,50,least_cost,Unweighted k-means,Random 25% immutable,α < 1,0.9999667010862864,133536,1,0,True,,13.0,0.1544305715064806,1.7574445738428317,3.3850922221216972,2.3850922221216972,True,2.948000000060347,Optimization terminated successfully
Diabetes,3,42,10,300,0.0001,50,least_cost,Unweighted k-means,Random 50% immutable,α = 1,1.0,133536,1,0,True,,7.0,0.3492076433140505,2.64275478739156,1.6937712816070316,0.6937712816070316,True,2.5285000000394575,Optimization terminated successfully
Diabetes,3,42,10,300,0.0001,50,least_cost,Unweighted k-means,Random 50% immutable,α < 1,0.9999667010862864,133536,1,0,True,,7.0,0.3492316904794738,2.642845778623769,1.6937129049896362,0.6937129049896362,True,2.786399999990863,Optimization terminated successfully
Diabetes,3,42,10,300,0.0001,50,least_cost,Unweighted k-means,Random 75% immutable,α = 1,1.0,133536,1,0,True,,4.0,0.36877958280276996,2.7158040533247974,1.6038791385993847,0.6038791385993847,True,2.0349999999780266,Optimization terminated successfully
Diabetes,3,42,10,300,0.0001,50,least_cost,Unweighted k-means,Random 75% immutable,α < 1,0.9999667010862864,133536,1,0,True,,4.0,0.36880497773269805,2.7158975596759833,1.6038238664482931,0.6038238664482931,True,2.1831000000247514,Optimization terminated successfully
Diabetes,3,42,10,300,0.0001,50,least_cost,Unweighted k-means,All features mutable,α = 1,1.0,126914,0,1,True,,14.0,1.2021728238264524,4.903412737729616,1.0,0.0,False,3.5215999999991254,Optimization terminated successfully
Diabetes,3,42,10,300,0.0001,50,least_cost,Unweighted k-means,All features mutable,α < 1,0.999985952854013,126914,0,1,True,,14.0,1.2021857924717736,4.903439185860825,1.0,0.0,False,3.6225999999714986,Optimization terminated successfully
Diabetes,3,42,10,300,0.0001,50,least_cost,Unweighted k-means,Random 25% immutable,α = 1,1.0,126914,0,1,True,,12.0,1.4369064478511462,5.360795552623036,1.0,0.0,False,3.047800000103962,Optimization terminated successfully
Diabetes,3,42,10,300,0.0001,50,least_cost,Unweighted k-means,Random 25% immutable,α < 1,0.999985952854013,126914,0,1,True,,12.0,1.4369221942043426,5.360824925707503,1.0,0.0,False,3.2186999999339605,Optimization terminated successfully
Diabetes,3,42,10,300,0.0001,50,least_cost,Unweighted k-means,Random 50% immutable,α = 1,1.0,126914,0,1,True,,7.0,1.9613439578301084,6.263136527060716,1.0,0.0,False,2.381600000035178,Optimization terminated successfully
Diabetes,3,42,10,300,0.0001,50,least_cost,Unweighted k-means,Random 50% immutable,α < 1,0.999985952854013,126914,0,1,True,,7.0,1.9613683657603274,6.263175497717316,1.0,0.0,False,2.439399999957459,Optimization terminated successfully
Diabetes,3,42,10,300,0.0001,50,least_cost,Unweighted k-means,Random 75% immutable,α = 1,1.0,126914,0,1,False,,,,,,,False,2.236499999980879,Positive directional derivative for linesearch
Diabetes,3,42,10,300,0.0001,50,least_cost,Unweighted k-means,Random 75% immutable,α < 1,0.999985952854013,126914,0,1,False,,,,,,,False,39.508700000055796,Positive directional derivative for linesearch
Diabetes,3,42,10,300,0.0001,50,least_cost,Unweighted k-means,All features mutable,α = 1,1.0,192305,0,2,True,,14.0,0.4972515983167634,3.1535744745186007,1.0351653574332182,0.03516535743321825,True,3.858299999933479,Optimization terminated successfully
Diabetes,3,42,10,300,0.0001,50,least_cost,Unweighted k-means,All features mutable,α < 1,0.9954269128149522,192305,0,2,True,,14.0,0.5012014813067357,3.1660747979374575,1.031078294940274,0.03107829494027392,True,3.58070000004318,Optimization terminated successfully
Diabetes,3,42,10,300,0.0001,50,least_cost,Unweighted k-means,Random 25% immutable,α = 1,1.0,192305,0,2,False,,,,,,,False,36.066799999957766,Positive directional derivative for linesearch
Diabetes,3,42,10,300,0.0001,50,least_cost,Unweighted k-means,Random 25% immutable,α < 1,0.9954269128149522,192305,0,2,False,,,,,,,False,8.475900000007641,Positive directional derivative for linesearch
Diabetes,3,42,10,300,0.0001,50,least_cost,Unweighted k-means,Random 50% immutable,α = 1,1.0,192305,0,2,False,,,,,,,False,34.7329000001082,Positive directional derivative for linesearch
Diabetes,3,42,10,300,0.0001,50,least_cost,Unweighted k-means,Random 50% immutable,α < 1,0.9954269128149522,192305,0,2,False,,,,,,,False,10.268799999948897,Positive directional derivative for linesearch
Diabetes,3,42,10,300,0.0001,50,least_cost,Unweighted k-means,Random 75% immutable,α = 1,1.0,192305,0,2,False,,,,,,,False,2.64300000003459,Positive directional derivative for linesearch
Diabetes,3,42,10,300,0.0001,50,least_cost,Unweighted k-means,Random 75% immutable,α < 1,0.9954269128149522,192305,0,2,False,,,,,,,False,3.327599999920494,Positive directional derivative for linesearch
Diabetes,3,42,10,300,0.0001,50,least_cost,Unweighted k-means,All features mutable,α = 1,1.0,51100,1,2,True,,18.0,0.3704263619325681,2.721860988120327,1.876070083458621,0.876070083458621,True,3.5965999999234555,Optimization terminated successfully
Diabetes,3,42,10,300,0.0001,50,least_cost,Unweighted k-means,All features mutable,α < 1,0.9954269128149522,51100,1,2,True,,18.0,0.37361195457931995,2.733539663437573,1.8680548144959677,0.8680548144959677,True,3.737099999966631,Optimization terminated successfully
Diabetes,3,42,10,300,0.0001,50,least_cost,Unweighted k-means,Random 25% immutable,α = 1,1.0,51100,1,2,True,,13.0,0.3760230310178728,2.7423458243550276,1.8481469420843526,0.8481469420843526,True,3.0373000000736283,Optimization terminated successfully
Diabetes,3,42,10,300,0.0001,50,least_cost,Unweighted k-means,Random 25% immutable,α < 1,0.9954269128149522,51100,1,2,True,,13.0,0.37925675389971836,2.75411239385657,1.8402509780897822,0.8402509780897822,True,2.9332999999951426,Optimization terminated successfully
Diabetes,3,42,10,300,0.0001,50,least_cost,Unweighted k-means,Random 50% immutable,α = 1,1.0,51100,1,2,True,,7.0,3.430752520535882,8.283420212129627,1.0000000000000004,4.440892098500626e-16,True,2.5391000000354325,Optimization terminated successfully
Diabetes,3,42,10,300,0.0001,50,least_cost,Unweighted k-means,Random 50% immutable,α < 1,0.9954269128149522,51100,1,2,True,,7.0,3.4845025111390124,8.348056673428868,1.0000000000000004,4.440892098500626e-16,True,2.515200000061668,Optimization terminated successfully
Diabetes,3,42,10,300,0.0001,50,least_cost,Unweighted k-means,Random 75% immutable,α = 1,1.0,51100,1,2,False,,,,,,,False,1.374800000007781,Positive directional derivative for linesearch
Diabetes,3,42,10,300,0.0001,50,least_cost,Unweighted k-means,Random 75% immutable,α < 1,0.9954269128149522,51100,1,2,False,,,,,,,False,1.408299999980045,Positive directional derivative for linesearch
Diabetes,3,42,10,300,0.0001,50,least_cost,Unweighted k-means,All features mutable,α = 1,1.0,213001,1,0,True,,17.0,0.45532231460139383,3.017688899145814,2.052712938229942,1.0527129382299418,True,3.6921999999321997,Optimization terminated successfully
Diabetes,3,42,10,300,0.0001,50,least_cost,Unweighted k-means,All features mutable,α < 1,0.9999667010862864,213001,1,0,True,,17.0,0.4553398508823762,3.0177470102126724,2.0526733831863546,1.0526733831863546,True,3.4709000000248125,Optimization terminated successfully
Diabetes,3,42,10,300,0.0001,50,least_cost,Unweighted k-means,Random 25% immutable,α = 1,1.0,213001,1,0,True,,12.0,0.7473630646108401,3.8661688132073073,1.7498381978664634,0.7498381978664634,True,4.740599999990991,Optimization terminated successfully
Diabetes,3,42,10,300,0.0001,50,least_cost,Unweighted k-means,Random 25% immutable,α < 1,0.9999667010862864,213001,1,0,True,,12.0,0.747391848547573,3.866243263292089,1.749804480168908,0.7498044801689081,True,3.0864000000292435,Optimization terminated successfully
Diabetes,3,42,10,300,0.0001,50,least_cost,Unweighted k-means,Random 50% immutable,α = 1,1.0,213001,1,0,True,,7.0,2.5401675391628107,7.127646931719907,1.0,0.0,False,2.54789999996774,Optimization terminated successfully
Diabetes,3,42,10,300,0.0001,50,least_cost,Unweighted k-means,Random 50% immutable,α < 1,0.9999667010862864,213001,1,0,True,,7.0,2.5403048457635515,7.12783956856992,1.0,0.0,False,2.528799999936382,Optimization terminated successfully
Diabetes,3,42,10,300,0.0001,50,least_cost,Unweighted k-means,Random 75% immutable,α = 1,1.0,213001,1,0,False,,,,,,,False,8.163100000047052,Positive directional derivative for linesearch
Diabetes,3,42,10,300,0.0001,50,least_cost,Unweighted k-means,Random 75% immutable,α < 1,0.9999667010862864,213001,1,0,False,,,,,,,False,44.71720000003643,Positive directional derivative for linesearch
Diabetes,3,42,10,300,0.0001,50,least_cost,Unweighted k-means,All features mutable,α = 1,1.0,140678,0,2,True,,15.0,0.29798506185712886,2.4412499333625344,2.104418354205092,1.1044183542050918,True,4.180599999926926,Optimization terminated successfully
Diabetes,3,42,10,300,0.0001,50,least_cost,Unweighted k-means,All features mutable,α < 1,0.9954269128149522,140678,0,2,True,,15.0,0.30113532761600526,2.4541203214838725,2.0933819437582075,1.0933819437582075,True,3.488899999979367,Optimization terminated successfully
Diabetes,3,42,10,300,0.0001,50,least_cost,Unweighted k-means,Random 25% immutable,α = 1,1.0,140678,0,2,True,,12.0,0.29841982975558573,2.443030207572496,2.1013524268427495,1.1013524268427495,True,3.1304999999974825,Optimization terminated successfully
Diabetes,3,42,10,300,0.0001,50,least_cost,Unweighted k-means,Random 25% immutable,α < 1,0.9954269128149522,140678,0,2,True,,12.0,0.3015746918335366,2.455909981385868,2.090332096167398,1.0903320961673981,True,8.225100000004204,Optimization terminated successfully
Diabetes,3,42,10,300,0.0001,50,least_cost,Unweighted k-means,Random 50% immutable,α = 1,1.0,140678,0,2,False,,,,,,,False,41.680699999915305,Positive directional derivative for linesearch
Diabetes,3,42,10,300,0.0001,50,least_cost,Unweighted k-means,Random 50% immutable,α < 1,0.9954269128149522,140678,0,2,False,,,,,,,False,8.671499999991283,Positive directional derivative for linesearch
Diabetes,3,42,10,300,0.0001,50,least_cost,Unweighted k-means,Random 75% immutable,α = 1,1.0,140678,0,2,False,,,,,,,False,2.3289000000659144,Positive directional derivative for linesearch
Diabetes,3,42,10,300,0.0001,50,least_cost,Unweighted k-means,Random 75% immutable,α < 1,0.9954269128149522,140678,0,2,False,,,,,,,False,1.3553999999658117,Positive directional derivative for linesearch
Diabetes,3,42,10,300,0.0001,50,least_cost,Unweighted k-means,All features mutable,α = 1,1.0,208700,1,2,True,,19.0,0.4235853886472618,2.910619826247536,1.754577218635456,0.754577218635456,True,3.80700000005163,Optimization terminated successfully
Diabetes,3,42,10,300,0.0001,50,least_cost,Unweighted k-means,All features mutable,α < 1,0.9954269128149522,208700,1,2,True,,19.0,0.42699108895691623,2.922297346119714,1.7475659150875131,0.7475659150875131,True,3.5701999998991596,Optimization terminated successfully
Diabetes,3,42,10,300,0.0001,50,least_cost,Unweighted k-means,Random 25% immutable,α = 1,1.0,208700,1,2,False,,,,,,,False,11.947800000029929,Positive directional derivative for linesearch
Diabetes,3,42,10,300,0.0001,50,least_cost,Unweighted k-means,Random 25% immutable,α < 1,0.9954269128149522,208700,1,2,False,,,,,,,False,17.50219999996716,Positive directional derivative for linesearch
Diabetes,3,42,10,300,0.0001,50,least_cost,Unweighted k-means,Random 50% immutable,α = 1,1.0,208700,1,2,False,,,,,,,False,10.52479999998468,Positive directional derivative for linesearch
Diabetes,3,42,10,300,0.0001,50,least_cost,Unweighted k-means,Random 50% immutable,α < 1,0.9954269128149522,208700,1,2,False,,,,,,,False,3.915199999937613,Positive directional derivative for linesearch
Diabetes,3,42,10,300,0.0001,50,least_cost,Unweighted k-means,Random 75% immutable,α = 1,1.0,208700,1,2,False,,,,,,,False,27.977899999996225,Positive directional derivative for linesearch
Diabetes,3,42,10,300,0.0001,50,least_cost,Unweighted k-means,Random 75% immutable,α < 1,0.9954269128149522,208700,1,2,False,,,,,,,False,1.5611999999691761,Positive directional derivative for linesearch
Diabetes,3,42,10,300,0.0001,50,least_cost,Unweighted k-means,All features mutable,α = 1,1.0,41913,1,2,True,,17.0,0.34406928543630466,2.623239544671072,1.9446626554245332,0.9446626554245332,True,3.6625000000185537,Optimization terminated successfully
Diabetes,3,42,10,300,0.0001,50,least_cost,Unweighted k-means,All features mutable,α < 1,0.9954269128149522,41913,1,2,True,,17.0,0.34714276926393617,2.634929863445842,1.936034849698212,0.936034849698212,True,3.5342000001037377,Optimization terminated successfully
Diabetes,3,42,10,300,0.0001,50,least_cost,Unweighted k-means,Random 25% immutable,α = 1,1.0,41913,1,2,True,,10.0,3.3841684323020087,8.226990254402892,1.0,0.0,False,4.831899999999223,Optimization terminated successfully
Diabetes,3,42,10,300,0.0001,50,least_cost,Unweighted k-means,Random 25% immutable,α < 1,0.9954269128149522,41913,1,2,True,,9.0,3.4304932019423564,8.283107148820854,1.0,0.0,False,3.076099999930193,Optimization terminated successfully
Diabetes,3,42,10,300,0.0001,50,least_cost,Unweighted k-means,Random 50% immutable,α = 1,1.0,41913,1,2,True,,7.0,0.37952661803873206,2.7550920784566606,1.7629822567242877,0.7629822567242877,True,2.5911999999834734,Optimization terminated successfully
Diabetes,3,42,10,300,0.0001,50,least_cost,Unweighted k-means,Random 50% immutable,α < 1,0.9954269128149522,41913,1,2,True,,7.0,0.3829168332426799,2.767369990596414,1.755160501494102,0.7551605014941021,True,2.3354999999583015,Optimization terminated successfully
Diabetes,3,42,10,300,0.0001,50,least_cost,Unweighted k-means,Random 75% immutable,α = 1,1.0,41913,1,2,True,,5.0,0.40256801447993285,2.8374919012393067,1.662076151029845,0.662076151029845,True,2.087700000060977,Optimization terminated successfully
Diabetes,3,42,10,300,0.0001,50,least_cost,Unweighted k-means,Random 75% immutable,α < 1,0.9954269128149522,41913,1,2,True,,5.0,0.40616405264549293,2.8501370235323527,1.6547020689074046,0.6547020689074046,True,1.8155999999862615,Optimization terminated successfully
Diabetes,3,42,10,300,0.0001,50,least_cost,Unweighted k-means,All features mutable,α = 1,1.0,176879,0,2,True,,14.0,0.548605973799565,3.3124189765172067,1.5833499105773703,0.5833499105773703,True,3.5576999999875625,Optimization terminated successfully
Diabetes,3,42,10,300,0.0001,50,least_cost,Unweighted k-means,All features mutable,α < 1,0.9954269128149522,176879,0,2,True,,14.0,0.552789906940889,3.325026035810514,1.5773465322717624,0.5773465322717624,True,3.7565000000086,Optimization terminated successfully
Diabetes,3,42,10,300,0.0001,50,least_cost,Unweighted k-means,Random 25% immutable,α = 1,1.0,176879,0,2,True,,11.0,0.5761903933955684,3.3946734552695004,1.507548938770708,0.507548938770708,True,3.152799999952549,Optimization terminated successfully
Diabetes,3,42,10,300,0.0001,50,least_cost,Unweighted k-means,Random 25% immutable,α < 1,0.9954269128149522,176879,0,2,True,,11.0,0.5805846985941499,3.4075935749268864,1.501832967629911,0.5018329676299109,True,3.1167999999297535,Optimization terminated successfully
Diabetes,3,42,10,300,0.0001,50,least_cost,Unweighted k-means,Random 50% immutable,α = 1,1.0,176879,0,2,True,,8.0,0.592846151501948,3.4433883066013573,1.4651950144882993,0.46519501448829925,True,3.985300000067582,Optimization terminated successfully
Diabetes,3,42,10,300,0.0001,50,least_cost,Unweighted k-means,Random 50% immutable,α < 1,0.9954269128149522,176879,0,2,True,,8.0,0.5973674815264762,3.456493834875093,1.4596396307972261,0.45963963079722614,True,2.386599999908867,Optimization terminated successfully
Diabetes,3,42,10,300,0.0001,50,least_cost,Unweighted k-means,Random 75% immutable,α = 1,1.0,176879,0,2,False,,,,,,,False,2.9177000000117914,Positive directional derivative for linesearch
Diabetes,3,42,10,300,0.0001,50,least_cost,Unweighted k-means,Random 75% immutable,α < 1,0.9954269128149522,176879,0,2,False,,,,,,,False,18.883200000004763,Positive directional derivative for linesearch
Diabetes,3,42,10,300,0.0001,50,least_cost,Unweighted k-means,All features mutable,α = 1,1.0,225226,0,1,True,,11.0,0.4969542549108349,3.1526314561357625,1.0,0.0,False,3.7612999999510066,Optimization terminated successfully
Diabetes,3,42,10,300,0.0001,50,least_cost,Unweighted k-means,All features mutable,α < 1,0.999985952854013,225226,0,1,True,,11.0,0.4969630897696893,3.152659479771608,1.0,0.0,False,3.465399999981855,Optimization terminated successfully
Diabetes,3,42,10,300,0.0001,50,least_cost,Unweighted k-means,Random 25% immutable,α = 1,1.0,225226,0,1,True,,9.0,0.585022942610931,3.4205933479761406,1.0,0.0,False,3.026599999998325,Optimization terminated successfully
Diabetes,3,42,10,300,0.0001,50,least_cost,Unweighted k-means,Random 25% immutable,α < 1,0.999985952854013,225226,0,1,True,,9.0,0.5850335052560794,3.420624227406686,1.0,0.0,False,2.9048000000102547,Optimization terminated successfully
Diabetes,3,42,10,300,0.0001,50,least_cost,Unweighted k-means,Random 50% immutable,α = 1,1.0,225226,0,1,False,,,,,,,False,11.245000000030814,Positive directional derivative for linesearch
Diabetes,3,42,10,300,0.0001,50,least_cost,Unweighted k-means,Random 50% immutable,α < 1,0.999985952854013,225226,0,1,False,,,,,,,False,9.54490000003716,Positive directional derivative for linesearch
Diabetes,3,42,10,300,0.0001,50,least_cost,Unweighted k-means,Random 75% immutable,α = 1,1.0,225226,0,1,False,,,,,,,False,2.4621999999681066,Positive directional derivative for linesearch
Diabetes,3,42,10,300,0.0001,50,least_cost,Unweighted k-means,Random 75% immutable,α < 1,0.999985952854013,225226,0,1,False,,,,,,,False,5.6648000000905085,Positive directional derivative for linesearch
Diabetes,3,42,10,300,0.0001,50,least_cost,Unweighted k-means,All features mutable,α = 1,1.0,226565,1,0,True,,16.0,0.3080288339448725,2.4820509017539205,2.461183901498295,1.4611839014982948,True,3.7037000000736953,Optimization terminated successfully
Diabetes,3,42,10,300,0.0001,50,least_cost,Unweighted k-means,All features mutable,α < 1,0.9999667010862864,226565,1,0,True,,16.0,0.30804345984566134,2.4821098277298743,2.4611253402171838,1.4611253402171838,True,3.38679999993019,Optimization terminated successfully
Diabetes,3,42,10,300,0.0001,50,least_cost,Unweighted k-means,Random 25% immutable,α = 1,1.0,226565,1,0,True,,12.0,0.43663573322340726,2.9551166921913836,1.7362656139432775,0.7362656139432775,True,3.2441999999264226,Optimization terminated successfully
Diabetes,3,42,10,300,0.0001,50,least_cost,Unweighted k-means,Random 25% immutable,α < 1,0.9999667010862864,226565,1,0,True,,12.0,0.43665646566859107,2.9551868491470756,1.7362243053992752,0.7362243053992752,True,3.185599999937949,Optimization terminated successfully
Diabetes,3,42,10,300,0.0001,50,least_cost,Unweighted k-means,Random 50% immutable,α = 1,1.0,226565,1,0,True,,7.0,0.6075695673731016,3.485884586078838,1.2477840313662443,0.24778403136624427,True,2.3895000000493383,Optimization terminated successfully
Diabetes,3,42,10,300,0.0001,50,least_cost,Unweighted k-means,Random 50% immutable,α < 1,0.9999667010862864,226565,1,0,True,,7.0,0.6075984161406034,3.4859673439107355,1.2477543364762549,0.2477543364762549,True,2.372400000012931,Optimization terminated successfully
Diabetes,3,42,10,300,0.0001,50,least_cost,Unweighted k-means,Random 75% immutable,α = 1,1.0,226565,1,0,True,,4.0,1.3081941132122774,5.11506424830085,1.0000000000000002,2.220446049250313e-16,True,1.9184999999879437,Optimization terminated successfully
Diabetes,3,42,10,300,0.0001,50,least_cost,Unweighted k-means,Random 75% immutable,α < 1,0.9999667010862864,226565,1,0,True,,4.0,1.3082795177794124,5.115231212329336,1.0,0.0,False,2.0074000000249725,Optimization terminated successfully
Diabetes,3,42,10,300,0.0001,50,least_cost,Unweighted k-means,All features mutable,α = 1,1.0,111314,1,2,True,,18.0,0.39035686404093867,2.794125494822803,1.8273238194508337,0.8273238194508337,True,3.749099999936334,Optimization terminated successfully
Diabetes,3,42,10,300,0.0001,50,least_cost,Unweighted k-means,All features mutable,α < 1,0.9954269128149522,111314,1,2,True,,18.0,0.3936272563449934,2.805805611032216,1.819716935932521,0.8197169359325209,True,3.7241999999650943,Optimization terminated successfully
Diabetes,3,42,10,300,0.0001,50,least_cost,Unweighted k-means,Random 25% immutable,α = 1,1.0,111314,1,2,True,,13.0,0.42564155228544376,2.9176756237986563,1.6758429511138169,0.6758429511138169,True,3.113900000016656,Optimization terminated successfully
Diabetes,3,42,10,300,0.0001,50,least_cost,Unweighted k-means,Random 25% immutable,α < 1,0.9954269128149522,111314,1,2,True,,13.0,0.42920755812550904,2.929872209245683,1.6688666549918059,0.6688666549918059,True,2.7855999999246706,Optimization terminated successfully
Diabetes,3,42,10,300,0.0001,50,least_cost,Unweighted k-means,Random 50% immutable,α = 1,1.0,111314,1,2,True,,9.0,0.4316960718207077,2.938353524750579,1.6523393175451986,0.6523393175451986,True,2.847800000040479,Optimization terminated successfully
Diabetes,3,42,10,300,0.0001,50,least_cost,Unweighted k-means,Random 50% immutable,α < 1,0.9954269128149522,111314,1,2,True,,9.0,0.43531280215396667,2.950636548794062,1.645460878159277,0.645460878159277,True,2.4174000000130036,Optimization terminated successfully
Diabetes,3,42,10,300,0.0001,50,least_cost,Unweighted k-means,Random 75% immutable,α = 1,1.0,111314,1,2,False,,,,,,,False,1.3926999999966938,Positive directional derivative for linesearch
Diabetes,3,42,10,300,0.0001,50,least_cost,Unweighted k-means,Random 75% immutable,α < 1,0.9954269128149522,111314,1,2,False,,,,,,,False,7.545300000060706,Positive directional derivative for linesearch
Diabetes,3,42,10,300,0.0001,50,least_cost,Unweighted k-means,All features mutable,α = 1,1.0,23371,1,0,True,,15.0,0.27991111411006575,2.3660562719853715,2.227603132913821,1.227603132913821,True,3.910300000029565,Optimization terminated successfully
Diabetes,3,42,10,300,0.0001,50,least_cost,Unweighted k-means,All features mutable,α < 1,0.9999667010862864,23371,1,0,True,,15.0,0.2799251856715761,2.366115743878883,2.2275470056776365,1.2275470056776365,True,3.8862999999764725,Optimization terminated successfully
Diabetes,3,42,10,300,0.0001,50,least_cost,Unweighted k-means,Random 25% immutable,α = 1,1.0,23371,1,0,True,,11.0,0.48266831481708233,3.106986690724897,1.2918413392665067,0.2918413392665067,True,3.288899999915884,Optimization terminated successfully
Diabetes,3,42,10,300,0.0001,50,least_cost,Unweighted k-means,Random 25% immutable,α < 1,0.9999667010862864,23371,1,0,True,,11.0,0.48269257929440695,3.1070647862392793,1.2918087605603918,0.29180876056039184,True,3.053000000022621,Optimization terminated successfully
Diabetes,3,42,10,300,0.0001,50,least_cost,Unweighted k-means,Random 50% immutable,α = 1,1.0,23371,1,0,True,,6.0,0.9097655364442627,4.265596175083297,1.1759760091380327,0.17597600913803269,True,2.470799999969131,Optimization terminated successfully
Diabetes,3,42,10,300,0.0001,50,least_cost,Unweighted k-means,Random 50% immutable,α < 1,0.9999667010862864,23371,1,0,True,,6.0,0.9098112717547268,4.265703392770591,1.1759464334261327,0.1759464334261327,True,2.4559999999382853,Optimization terminated successfully
Diabetes,3,42,10,300,0.0001,50,least_cost,Unweighted k-means,Random 75% immutable,α = 1,1.0,23371,1,0,True,,5.0,0.9097308156576402,4.265514777040727,1.1874636404105694,0.1874636404105694,True,1.9968000000289976,Optimization terminated successfully
Diabetes,3,42,10,300,0.0001,50,least_cost,Unweighted k-means,Random 75% immutable,α < 1,0.9999667010862864,23371,1,0,True,,5.0,0.9097765492226422,4.265621992682057,1.1874337089502445,0.18743370895024447,True,1.8542999999908716,Optimization terminated successfully
Diabetes,3,42,10,300,0.0001,50,least_cost,Unweighted k-means,All features mutable,α = 1,1.0,217771,1,2,True,,17.0,0.33605434802558315,2.592505922946303,1.9676046466954582,0.9676046466954582,True,3.8061000000197964,Optimization terminated successfully
Diabetes,3,42,10,300,0.0001,50,least_cost,Unweighted k-means,All features mutable,α < 1,0.9954269128149522,217771,1,2,True,,17.0,0.3390920759310003,2.604196904732821,1.9587715230890832,0.9587715230890832,True,3.387800000041352,Optimization terminated successfully
Diabetes,3,42,10,300,0.0001,50,least_cost,Unweighted k-means,Random 25% immutable,α = 1,1.0,217771,1,2,False,,,,,,,False,14.846700000020974,Positive directional derivative for linesearch
Diabetes,3,42,10,300,0.0001,50,least_cost,Unweighted k-means,Random 25% immutable,α < 1,0.9954269128149522,217771,1,2,False,,,,,,,False,16.657499999951142,Positive directional derivative for linesearch
Diabetes,3,42,10,300,0.0001,50,least_cost,Unweighted k-means,Random 50% immutable,α = 1,1.0,217771,1,2,False,,,,,,,False,12.519399999973757,Positive directional derivative for linesearch
Diabetes,3,42,10,300,0.0001,50,least_cost,Unweighted k-means,Random 50% immutable,α < 1,0.9954269128149522,217771,1,2,False,,,,,,,False,13.318000000026586,Positive directional derivative for linesearch
Diabetes,3,42,10,300,0.0001,50,least_cost,Unweighted k-means,Random 75% immutable,α = 1,1.0,217771,1,2,False,,,,,,,False,6.1185999999224805,Positive directional derivative for linesearch
Diabetes,3,42,10,300,0.0001,50,least_cost,Unweighted k-means,Random 75% immutable,α < 1,0.9954269128149522,217771,1,2,False,,,,,,,False,19.747700000039003,Positive directional derivative for linesearch
Diabetes,3,42,10,300,0.0001,50,least_cost,Unweighted k-means,All features mutable,α = 1,1.0,235077,1,0,True,,14.0,1.8865362064296089e-06,0.006142534015257235,365.35059046006126,364.35059046006126,True,2.6718999999957305,Optimization terminated successfully
Diabetes,3,42,10,300,0.0001,50,least_cost,Unweighted k-means,All features mutable,α < 1,0.9999667010862864,235077,1,0,True,,14.0,1.9238795774237717e-06,0.006203030835686329,361.7874049332685,360.7874049332685,True,2.3821999999427135,Optimization terminated successfully
Diabetes,3,42,10,300,0.0001,50,least_cost,Unweighted k-means,Random 25% immutable,α = 1,1.0,235077,1,0,True,,12.0,2.0549899773829192e-06,0.006410912536266454,335.4017011527673,334.4017011527673,True,1.9671000000016647,Optimization terminated successfully
Diabetes,3,42,10,300,0.0001,50,least_cost,Unweighted k-means,Random 25% immutable,α < 1,0.9999667010862864,235077,1,0,True,,12.0,2.0956678360177715e-06,0.006474052573184391,332.13060060396987,331.13060060396987,True,1.962000000048647,Optimization terminated successfully
Diabetes,3,42,10,300,0.0001,50,least_cost,Unweighted k-means,Random 50% immutable,α = 1,1.0,235077,1,0,True,,7.0,4.222537119818533e-06,0.009189708504428781,163.23056402188945,162.23056402188945,True,1.8045000000483924,Optimization terminated successfully
Diabetes,3,42,10,300,0.0001,50,least_cost,Unweighted k-means,Random 50% immutable,α < 1,0.9999667010862864,235077,1,0,True,,7.0,4.306120869584166e-06,0.009280216451768962,161.63861153192053,160.63861153192053,True,1.8612999999731983,Optimization terminated successfully
Diabetes,3,42,10,300,0.0001,50,least_cost,Unweighted k-means,Random 75% immutable,α = 1,1.0,235077,1,0,True,,3.0,7.654863037255217e-06,0.012373247784842278,90.04041986959759,89.04041986959759,True,1.3591000000587883,Optimization terminated successfully
Diabetes,3,42,10,300,0.0001,50,least_cost,Unweighted k-means,Random 75% immutable,α < 1,0.9999667010862864,235077,1,0,True,,3.0,7.806388562890798e-06,0.012495109893787087,89.16227511455605,88.16227511455605,True,1.3901999999461623,Optimization terminated successfully
Diabetes,3,42,10,300,0.0001,50,least_cost,Unweighted k-means,All features mutable,α = 1,1.0,160234,1,2,True,,19.0,0.32250532044933666,2.5397059690024615,2.0107585235074703,1.0107585235074703,True,3.4792000000152257,Optimization terminated successfully
Diabetes,3,42,10,300,0.0001,50,least_cost,Unweighted k-means,All features mutable,α < 1,0.9954269128149522,160234,1,2,True,,19.0,0.32547798558017715,2.551383881661782,2.0015551116571806,1.0015551116571806,True,3.6145999999916967,Optimization terminated successfully
Diabetes,3,42,10,300,0.0001,50,least_cost,Unweighted k-means,Random 25% immutable,α = 1,1.0,160234,1,2,True,,15.0,0.3397545345856533,2.6067394752282143,1.9086730390866262,0.9086730390866262,True,2.9283000000077664,Optimization terminated successfully
Diabetes,3,42,10,300,0.0001,50,least_cost,Unweighted k-means,Random 25% immutable,α < 1,0.9954269128149522,160234,1,2,True,,15.0,0.3428861928683776,2.6187256170449684,1.89993688211426,0.8999368821142599,True,3.0453000000534303,Optimization terminated successfully
Diabetes,3,42,10,300,0.0001,50,least_cost,Unweighted k-means,Random 50% immutable,α = 1,1.0,160234,1,2,False,,,,,,,False,7.268199999998615,Positive directional derivative for linesearch
Diabetes,3,42,10,300,0.0001,50,least_cost,Unweighted k-means,Random 50% immutable,α < 1,0.9954269128149522,160234,1,2,False,,,,,,,False,4.341399999930218,Positive directional derivative for linesearch
Diabetes,3,42,10,300,0.0001,50,least_cost,Unweighted k-means,Random 75% immutable,α = 1,1.0,160234,1,2,False,,,,,,,False,4.163100000027953,Positive directional derivative for linesearch
Diabetes,3,42,10,300,0.0001,50,least_cost,Unweighted k-means,Random 75% immutable,α < 1,0.9954269128149522,160234,1,2,False,,,,,,,False,3.5658000000466927,Positive directional derivative for linesearch
Diabetes,3,42,10,300,0.0001,50,least_cost,Unweighted k-means,All features mutable,α = 1,1.0,166020,0,2,True,,16.0,0.34150448357045093,2.6134440249236293,1.0,0.0,False,3.5802999999532403,Optimization terminated successfully
Diabetes,3,42,10,300,0.0001,50,least_cost,Unweighted k-means,All features mutable,α < 1,0.9954269128149522,166020,0,2,True,,16.0,0.3448752029550698,2.62630997011042,1.0000000000000002,2.220446049250313e-16,True,3.445499999997992,Optimization terminated successfully
Diabetes,3,42,10,300,0.0001,50,least_cost,Unweighted k-means,Random 25% immutable,α = 1,1.0,166020,0,2,False,,,,,,,False,21.235300000057578,Positive directional derivative for linesearch
Diabetes,3,42,10,300,0.0001,50,least_cost,Unweighted k-means,Random 25% immutable,α < 1,0.9954269128149522,166020,0,2,False,,,,,,,False,2.590200000099685,Positive directional derivative for linesearch
Diabetes,3,42,10,300,0.0001,50,least_cost,Unweighted k-means,Random 50% immutable,α = 1,1.0,166020,0,2,True,,8.0,0.37952858288617264,2.7550992101417062,1.7809558900140363,0.7809558900140363,True,2.728599999954895,Optimization terminated successfully
Diabetes,3,42,10,300,0.0001,50,least_cost,Unweighted k-means,Random 50% immutable,α < 1,0.9954269128149522,166020,0,2,True,,8.0,0.38325030208363936,2.7685747310977153,1.7722874195000933,0.7722874195000933,True,2.41039999991699,Optimization terminated successfully
Diabetes,3,42,10,300,0.0001,50,least_cost,Unweighted k-means,Random 75% immutable,α = 1,1.0,166020,0,2,False,,,,,,,False,1.4114999999037536,Positive directional derivative for linesearch
Diabetes,3,42,10,300,0.0001,50,least_cost,Unweighted k-means,Random 75% immutable,α < 1,0.9954269128149522,166020,0,2,False,,,,,,,False,7.285899999942558,Positive directional derivative for linesearch
Diabetes,3,42,10,300,0.0001,50,least_cost,Unweighted k-means,All features mutable,α = 1,1.0,186618,1,0,True,,15.0,0.07990056318420638,1.2641247025844116,2.15157574508482,1.1515757450848199,True,3.6387999999760723,Optimization terminated successfully
Diabetes,3,42,10,300,0.0001,50,least_cost,Unweighted k-means,All features mutable,α < 1,0.9999667010862864,186618,1,0,True,,15.0,0.0799080624618272,1.2641840250677683,2.1514747799306013,1.1514747799306013,True,3.5992000000533153,Optimization terminated successfully
Diabetes,3,42,10,300,0.0001,50,least_cost,Unweighted k-means,Random 25% immutable,α = 1,1.0,186618,1,0,True,,13.0,0.08235920686351549,1.2834267167510225,2.0873454289598214,1.0873454289598214,True,3.1525999999075793,Optimization terminated successfully
Diabetes,3,42,10,300,0.0001,50,least_cost,Unweighted k-means,Random 25% immutable,α < 1,0.9999667010862864,186618,1,0,True,,13.0,0.08236693690360891,1.2834869450337927,2.0872474812975916,1.0872474812975916,True,3.0362000001105116,Optimization terminated successfully
Diabetes,3,42,10,300,0.0001,50,least_cost,Unweighted k-means,Random 50% immutable,α = 1,1.0,186618,1,0,True,,7.0,0.26858232159353024,2.3176812619233482,1.0,0.0,False,2.5633999999854495,Optimization terminated successfully
Diabetes,3,42,10,300,0.0001,50,least_cost,Unweighted k-means,Random 50% immutable,α < 1,0.9999667010862864,186618,1,0,True,,7.0,0.26861160623595864,2.3178076116708164,1.0,0.0,False,2.348400000073525,Optimization terminated successfully
Diabetes,3,42,10,300,0.0001,50,least_cost,Unweighted k-means,Random 75% immutable,α = 1,1.0,186618,1,0,True,,3.0,0.8033165273551828,4.008282742909194,1.0,0.0,False,1.86949999999797,Optimization terminated successfully
Diabetes,3,42,10,300,0.0001,50,least_cost,Unweighted k-means,Random 75% immutable,α < 1,0.9999667010862864,186618,1,0,True,,3.0,0.8034185472464642,4.008537257520414,1.0,0.0,False,1.8691999999873588,Optimization terminated successfully
Diabetes,3,42,10,300,0.0001,50,least_cost,Unweighted k-means,All features mutable,α = 1,1.0,114264,1,2,True,,15.0,0.3001519112309977,2.4501098392969967,2.0767304279870245,1.0767304279870245,True,4.009099999962018,Optimization terminated successfully
Diabetes,3,42,10,300,0.0001,50,least_cost,Unweighted k-means,All features mutable,α < 1,0.9954269128149522,114264,1,2,True,,15.0,0.3030304094763868,2.461830251972653,2.066843395003956,1.0668433950039562,True,3.2800999999835767,Optimization terminated successfully
Diabetes,3,42,10,300,0.0001,50,least_cost,Unweighted k-means,Random 25% immutable,α = 1,1.0,114264,1,2,True,,10.0,2.4594915205972816,7.013546208013862,1.0,0.0,False,3.0347000000574553,Optimization terminated successfully
Diabetes,3,42,10,300,0.0001,50,least_cost,Unweighted k-means,Random 25% immutable,α < 1,0.9954269128149522,114264,1,2,True,,10.0,2.496298744663736,7.065831507563332,1.0,0.0,False,3.133899999966161,Optimization terminated successfully
Diabetes,3,42,10,300,0.0001,50,least_cost,Unweighted k-means,Random 50% immutable,α = 1,1.0,114264,1,2,True,,7.0,2.5521967534681544,7.144503836471997,1.0,0.0,False,2.356400000053327,Optimization terminated successfully
Diabetes,3,42,10,300,0.0001,50,least_cost,Unweighted k-means,Random 50% immutable,α < 1,0.9954269128149522,114264,1,2,True,,7.0,2.595290854087479,7.204569180856658,1.0,0.0,False,2.5137999999742533,Optimization terminated successfully
Diabetes,3,42,10,300,0.0001,50,least_cost,Unweighted k-means,Random 75% immutable,α = 1,1.0,114264,1,2,False,,,,,,,False,5.1886999999624095,Positive directional derivative for linesearch
Diabetes,3,42,10,300,0.0001,50,least_cost,Unweighted k-means,Random 75% immutable,α < 1,0.9954269128149522,114264,1,2,False,,,,,,,False,8.051399999999376,Positive directional derivative for linesearch
Diabetes,3,42,10,300,0.0001,50,least_cost,Unweighted k-means,All features mutable,α = 1,1.0,247458,0,2,True,,14.0,0.30848304132680476,2.483880195689014,2.04666388541869,1.04666388541869,True,3.5262999999758904,Optimization terminated successfully
Diabetes,3,42,10,300,0.0001,50,least_cost,Unweighted k-means,All features mutable,α < 1,0.9954269128149522,247458,0,2,True,,14.0,0.31172214622003647,2.4968866462858754,2.0360026747909794,1.0360026747909794,True,3.5038999999414955,Optimization terminated successfully
Diabetes,3,42,10,300,0.0001,50,least_cost,Unweighted k-means,Random 25% immutable,α = 1,1.0,247458,0,2,True,,10.0,0.32015887535306187,2.5304500601792634,1.9720243569459808,0.9720243569459808,True,3.1576000000086424,Optimization terminated successfully
Diabetes,3,42,10,300,0.0001,50,least_cost,Unweighted k-means,Random 25% immutable,α < 1,0.9954269128149522,247458,0,2,True,,10.0,0.32352057775105203,2.543700366596082,1.9617519498023397,0.9617519498023397,True,3.2126000000971544,Optimization terminated successfully
Diabetes,3,42,10,300,0.0001,50,least_cost,Unweighted k-means,Random 50% immutable,α = 1,1.0,247458,0,2,True,,7.0,0.3492683211082301,2.642984377964539,1.8076678101101284,0.8076678101101284,True,2.5738000000501415,Optimization terminated successfully
Diabetes,3,42,10,300,0.0001,50,least_cost,Unweighted k-means,Random 50% immutable,α < 1,0.9954269128149522,247458,0,2,True,,7.0,0.35293567579679447,2.6568239527556,1.7982515459943273,0.7982515459943273,True,2.6035000000774744,Optimization terminated successfully
Diabetes,3,42,10,300,0.0001,50,least_cost,Unweighted k-means,Random 75% immutable,α = 1,1.0,247458,0,2,True,,5.0,0.35113999895377423,2.6500565992211347,1.7980324140534472,0.7980324140534472,True,1.8934000000854212,Optimization terminated successfully
Diabetes,3,42,10,300,0.0001,50,least_cost,Unweighted k-means,Random 75% immutable,α < 1,0.9954269128149522,247458,0,2,True,,5.0,0.35482700645969284,2.663933206593937,1.7886663431320742,0.7886663431320742,True,1.9645000000991786,Optimization terminated successfully
Diabetes,3,42,10,300,0.0001,50,least_cost,Unweighted k-means,All features mutable,α = 1,1.0,181984,1,0,True,,14.0,0.07543617226612753,1.2283010401862202,4.852384645653297,3.852384645653297,True,12.226700000042001,Optimization terminated successfully
Diabetes,3,42,10,300,0.0001,50,least_cost,Unweighted k-means,All features mutable,α < 1,0.9999667010862864,181984,1,0,True,,14.0,0.07544359078112495,1.2283614352553156,4.8521460614926815,3.8521460614926815,True,3.710899999987305,Optimization terminated successfully
Diabetes,3,42,10,300,0.0001,50,least_cost,Unweighted k-means,Random 25% immutable,α = 1,1.0,181984,1,0,True,,13.0,0.07633268460512763,1.2355782824663732,4.795394347491845,3.795394347491845,True,3.2099999999672946,Optimization terminated successfully
Diabetes,3,42,10,300,0.0001,50,least_cost,Unweighted k-means,Random 25% immutable,α < 1,0.9999667010862864,181984,1,0,True,,13.0,0.07634019128459617,1.23563903535455,4.795158567595232,3.795158567595232,True,3.161800000043513,Optimization terminated successfully
Diabetes,3,42,10,300,0.0001,50,least_cost,Unweighted k-means,Random 50% immutable,α = 1,1.0,181984,1,0,True,,8.0,0.09576498231903721,1.3839435127131252,3.8223295590247175,2.8223295590247175,True,1.7751000000316708,Optimization terminated successfully
Diabetes,3,42,10,300,0.0001,50,least_cost,Unweighted k-means,Random 50% immutable,α < 1,0.9999667010862864,181984,1,0,True,,8.0,0.09577440000204276,1.384011560660118,3.8221416261055325,2.8221416261055325,True,1.8819000000576125,Optimization terminated successfully
Diabetes,3,42,10,300,0.0001,50,least_cost,Unweighted k-means,Random 75% immutable,α = 1,1.0,181984,1,0,True,,4.0,0.5079710076344435,3.1873845316636755,1.0458220913848737,0.0458220913848737,True,2.0444000000452434,Optimization terminated successfully
Diabetes,3,42,10,300,0.0001,50,least_cost,Unweighted k-means,Random 75% immutable,α < 1,0.9999667010862864,181984,1,0,True,,4.0,0.5080209623236218,3.187541254081653,1.045770666340889,0.045770666340889,True,1.9692000000759435,Optimization terminated successfully
Diabetes,3,42,10,300,0.0001,50,least_cost,Unweighted k-means,All features mutable,α = 1,1.0,16188,1,0,True,,15.0,0.4291875124653644,2.9298037902404466,2.0898592642985205,1.0898592642985205,True,3.741799999943396,Optimization terminated successfully
Diabetes,3,42,10,300,0.0001,50,least_cost,Unweighted k-means,All features mutable,α < 1,0.9999667010862864,16188,1,0,True,,15.0,0.42920473705361467,2.9298625805781904,2.0898172275689646,1.0898172275689646,True,3.388900000004469,Optimization terminated successfully
Diabetes,3,42,10,300,0.0001,50,least_cost,Unweighted k-means,Random 25% immutable,α = 1,1.0,16188,1,0,True,,12.0,0.5211777693444416,3.2285531414069726,1.7209895502296306,0.7209895502296306,True,3.578599999968901,Optimization terminated successfully
Diabetes,3,42,10,300,0.0001,50,least_cost,Unweighted k-means,Random 25% immutable,α < 1,0.9999667010862864,16188,1,0,True,,12.0,0.5211986857789163,3.2286179265404455,1.7209549473957795,0.7209549473957795,True,3.140099999995982,Optimization terminated successfully
Diabetes,3,42,10,300,0.0001,50,least_cost,Unweighted k-means,Random 50% immutable,α = 1,1.0,16188,1,0,True,,8.0,0.9405000164215239,4.33704972630364,1.424913190026446,0.424913190026446,True,2.412299999946299,Optimization terminated successfully
Diabetes,3,42,10,300,0.0001,50,least_cost,Unweighted k-means,Random 50% immutable,α < 1,0.9999667010862864,16188,1,0,True,,8.0,0.9405377615214231,4.337136754868177,1.4248846649192628,0.4248846649192628,True,2.6450000000295404,Optimization terminated successfully
Diabetes,3,42,10,300,0.0001,50,least_cost,Unweighted k-means,Random 75% immutable,α = 1,1.0,16188,1,0,False,,,,,,,False,8.891300000072988,Positive directional derivative for linesearch
Diabetes,3,42,10,300,0.0001,50,least_cost,Unweighted k-means,Random 75% immutable,α < 1,0.9999667010862864,16188,1,0,False,,,,,,,False,21.544700000049488,Positive directional derivative for linesearch
Diabetes,3,42,10,300,0.0001,50,least_cost,Unweighted k-means,All features mutable,α = 1,1.0,193058,0,2,True,,13.0,0.22090611794293613,2.1019330053212264,2.4211541620000006,1.4211541620000006,True,3.606699999977536,Optimization terminated successfully
Diabetes,3,42,10,300,0.0001,50,least_cost,Unweighted k-means,All features mutable,α < 1,0.9954269128149522,193058,0,2,True,,13.0,0.22364550685208964,2.114925563002583,2.4062803603565035,1.4062803603565035,True,3.657400000065536,Optimization terminated successfully
Diabetes,3,42,10,300,0.0001,50,least_cost,Unweighted k-means,Random 25% immutable,α = 1,1.0,193058,0,2,False,,,,,,,False,33.014099999945756,Positive directional derivative for linesearch
Diabetes,3,42,10,300,0.0001,50,least_cost,Unweighted k-means,Random 25% immutable,α < 1,0.9954269128149522,193058,0,2,False,,,,,,,False,7.399299999974573,Positive directional derivative for linesearch
Diabetes,3,42,10,300,0.0001,50,least_cost,Unweighted k-means,Random 50% immutable,α = 1,1.0,193058,0,2,True,,5.0,0.2520806953943684,2.245353849148808,2.12173236100436,1.12173236100436,True,2.354800000034629,Optimization terminated successfully
Diabetes,3,42,10,300,0.0001,50,least_cost,Unweighted k-means,Random 50% immutable,α < 1,0.9954269128149522,193058,0,2,True,,5.0,0.2552066706620771,2.2592329258492896,2.108697987872762,1.108697987872762,True,2.680100000020502,Optimization terminated successfully
Diabetes,3,42,10,300,0.0001,50,least_cost,Unweighted k-means,Random 75% immutable,α = 1,1.0,193058,0,2,False,,,,,,,False,12.816299999940384,Positive directional derivative for linesearch
Diabetes,3,42,10,300,0.0001,50,least_cost,Unweighted k-means,Random 75% immutable,α < 1,0.9954269128149522,193058,0,2,False,,,,,,,False,3.346500000020569,Positive directional derivative for linesearch
Diabetes,3,42,10,300,0.0001,50,least_cost,Unweighted k-means,All features mutable,α = 1,1.0,112476,1,2,True,,20.0,0.34744693781354913,2.6360839812629226,1.93733760712936,0.93733760712936,True,3.5056000000395215,Optimization terminated successfully
Diabetes,3,42,10,300,0.0001,50,least_cost,Unweighted k-means,All features mutable,α < 1,0.9954269128149522,112476,1,2,True,,20.0,0.3505320014946146,2.6477613241930045,1.928793426849164,0.928793426849164,True,3.463899999928799,Optimization terminated successfully
Diabetes,3,42,10,300,0.0001,50,least_cost,Unweighted k-means,Random 25% immutable,α = 1,1.0,112476,1,2,True,,15.0,0.35504020145262205,2.664733387986956,1.8959036618832623,0.8959036618832623,True,3.248099999950682,Optimization terminated successfully
Diabetes,3,42,10,300,0.0001,50,least_cost,Unweighted k-means,Random 25% immutable,α < 1,0.9954269128149522,112476,1,2,True,,15.0,0.35819268752060207,2.676537642255763,1.887542217904138,0.8875422179041379,True,2.797999999984313,Optimization terminated successfully
Diabetes,3,42,10,300,0.0001,50,least_cost,Unweighted k-means,Random 50% immutable,α = 1,1.0,112476,1,2,True,,10.0,0.38895013630130165,2.789086360446021,1.730612627843718,0.7306126278437179,True,2.406199999995806,Optimization terminated successfully
Diabetes,3,42,10,300,0.0001,50,least_cost,Unweighted k-means,Random 50% immutable,α < 1,0.9954269128149522,112476,1,2,True,,10.0,0.3924037167150468,2.801441474366533,1.7229801589692333,0.7229801589692333,True,2.4723000000221873,Optimization terminated successfully
Diabetes,3,42,10,300,0.0001,50,least_cost,Unweighted k-means,Random 75% immutable,α = 1,1.0,112476,1,2,False,,,,,,,False,19.381699999939883,Positive directional derivative for linesearch
Diabetes,3,42,10,300,0.0001,50,least_cost,Unweighted k-means,Random 75% immutable,α < 1,0.9954269128149522,112476,1,2,False,,,,,,,False,11.020599999937986,Positive directional derivative for linesearch
Diabetes,3,42,10,300,0.0001,50,least_cost,Unweighted k-means,All features mutable,α = 1,1.0,217720,1,2,True,,17.0,0.43466767450393773,2.9484493365290767,1.730421153986104,0.7304211539861041,True,3.763499999990927,Optimization terminated successfully
Diabetes,3,42,10,300,0.0001,50,least_cost,Unweighted k-means,All features mutable,α < 1,0.9954269128149522,217720,1,2,True,,17.0,0.4381208349781998,2.9601379527927403,1.7235882552806454,0.7235882552806454,True,3.36230000004889,Optimization terminated successfully
Diabetes,3,42,10,300,0.0001,50,least_cost,Unweighted k-means,Random 25% immutable,α = 1,1.0,217720,1,2,True,,13.0,0.44689151294254836,2.9896204205301653,1.6830888822515084,0.6830888822515084,True,3.5947000000078333,Optimization terminated successfully
Diabetes,3,42,10,300,0.0001,50,least_cost,Unweighted k-means,Random 25% immutable,α < 1,0.9954269128149522,217720,1,2,True,,13.0,0.45044178410209024,3.0014722524191035,1.6764428972387928,0.6764428972387928,True,3.4213999999792577,Optimization terminated successfully
Diabetes,3,42,10,300,0.0001,50,least_cost,Unweighted k-means,Random 50% immutable,α = 1,1.0,217720,1,2,True,,7.0,0.45751301327557226,3.0249397127069235,1.6440147357460164,0.6440147357460164,True,2.571800000055191,Optimization terminated successfully
Diabetes,3,42,10,300,0.0001,50,least_cost,Unweighted k-means,Random 50% immutable,α < 1,0.9954269128149522,217720,1,2,True,,7.0,0.4611476655549411,3.0369315618068873,1.637523051594346,0.637523051594346,True,2.538999999956104,Optimization terminated successfully
Diabetes,3,42,10,300,0.0001,50,least_cost,Unweighted k-means,Random 75% immutable,α = 1,1.0,217720,1,2,False,,,,,,,False,10.202999999933127,Positive directional derivative for linesearch
Diabetes,3,42,10,300,0.0001,50,least_cost,Unweighted k-means,Random 75% immutable,α < 1,0.9954269128149522,217720,1,2,False,,,,,,,False,3.752899999994952,Positive directional derivative for linesearch
Diabetes,3,42,10,300,0.0001,50,least_cost,Unweighted k-means,All features mutable,α = 1,1.0,138353,1,0,True,,15.0,0.018770069939841875,0.6127000887847475,7.022085294241847,6.022085294241847,True,2.659499999936088,Optimization terminated successfully
Diabetes,3,42,10,300,0.0001,50,least_cost,Unweighted k-means,All features mutable,α < 1,0.9999667010862864,138353,1,0,True,,15.0,0.018773766357392616,0.6127604157807948,7.021393961547695,6.021393961547695,True,2.8375000000551154,Optimization terminated successfully
Diabetes,3,42,10,300,0.0001,50,least_cost,Unweighted k-means,Random 25% immutable,α = 1,1.0,138353,1,0,True,,10.0,0.03741616568669354,0.865056826881258,3.522676098685623,2.522676098685623,True,2.225399999929323,Optimization terminated successfully
Diabetes,3,42,10,300,0.0001,50,least_cost,Unweighted k-means,Random 25% immutable,α < 1,0.9999667010862864,138353,1,0,True,,10.0,0.03742353410737445,0.8651420011463371,3.522329287010084,2.522329287010084,True,2.140999999937776,Optimization terminated successfully
Diabetes,3,42,10,300,0.0001,50,least_cost,Unweighted k-means,Random 50% immutable,α = 1,1.0,138353,1,0,True,,8.0,0.029410483147996328,0.7669482791948402,4.481566380019848,3.4815663800198484,True,1.7902000000731277,Optimization terminated successfully
Diabetes,3,42,10,300,0.0001,50,least_cost,Unweighted k-means,Random 50% immutable,α < 1,0.9999667010862864,138353,1,0,True,,8.0,0.02941627499781009,0.7670237936049975,4.481125164449385,3.4811251644493852,True,2.5359999999636784,Optimization terminated successfully
Diabetes,3,42,10,300,0.0001,50,least_cost,Unweighted k-means,Random 75% immutable,α = 1,1.0,138353,1,0,True,,3.0,0.07581494227351476,1.2313808693780715,2.4110874337331913,1.4110874337331913,True,1.5419000000065353,Optimization terminated successfully
Diabetes,3,42,10,300,0.0001,50,least_cost,Unweighted k-means,Random 75% immutable,α < 1,0.9999667010862864,138353,1,0,True,,3.0,0.07582987262189009,1.2315021122344052,2.410850060493818,1.410850060493818,True,1.6705000000456494,Optimization terminated successfully
Diabetes,3,42,10,300,0.0001,50,least_cost,Unweighted k-means,All features mutable,α = 1,1.0,57641,1,0,True,,14.0,0.0058666274363370075,0.3425383901502723,12.573514767726115,11.573514767726115,True,2.712799999926574,Optimization terminated successfully
Diabetes,3,42,10,300,0.0001,50,least_cost,Unweighted k-means,All features mutable,α < 1,0.9999667010862864,57641,1,0,True,,14.0,0.005868787184827175,0.34260143563117695,12.571200990835623,11.571200990835623,True,2.5563000000374814,Optimization terminated successfully
Diabetes,3,42,10,300,0.0001,50,least_cost,Unweighted k-means,Random 25% immutable,α = 1,1.0,57641,1,0,True,,13.0,0.005942683405468646,0.3447516034906479,12.412595739674911,11.412595739674911,True,2.1179999999958454,Optimization terminated successfully
Diabetes,3,42,10,300,0.0001,50,least_cost,Unweighted k-means,Random 25% immutable,α < 1,0.9999667010862864,57641,1,0,True,,13.0,0.005944871153310444,0.34481505632180404,12.410311575086947,11.410311575086947,True,2.060299999925519,Optimization terminated successfully
Diabetes,3,42,10,300,0.0001,50,least_cost,Unweighted k-means,Random 50% immutable,α = 1,1.0,57641,1,0,True,,6.0,0.010769663841169048,0.4641048123251697,6.849250618441108,5.849250618441108,True,1.7030000000204382,Optimization terminated successfully
Diabetes,3,42,10,300,0.0001,50,least_cost,Unweighted k-means,Random 50% immutable,α < 1,0.9999667010862864,57641,1,0,True,,6.0,0.010773628600389398,0.4641902325639651,6.847990220048572,5.847990220048572,True,1.673500000038075,Optimization terminated successfully
Diabetes,3,42,10,300,0.0001,50,least_cost,Unweighted k-means,Random 75% immutable,α = 1,1.0,57641,1,0,True,,4.0,0.028534290653739226,0.7554374977950091,4.795149243604467,3.7951492436044667,True,1.4952000000221233,Optimization terminated successfully
Diabetes,3,42,10,300,0.0001,50,least_cost,Unweighted k-means,Random 75% immutable,α < 1,0.9999667010862864,57641,1,0,True,,4.0,0.028544795307703708,0.7555765389118921,4.794266840734527,3.794266840734527,True,1.3944999999466745,Optimization terminated successfully
Diabetes,3,42,10,300,0.0001,50,least_cost,Unweighted k-means,All features mutable,α = 1,1.0,21798,1,2,True,,18.0,0.4693102496274502,3.0636913996923716,1.6668042030625414,0.6668042030625414,True,2.7972000000318076,Optimization terminated successfully
Diabetes,3,42,10,300,0.0001,50,least_cost,Unweighted k-means,All features mutable,α < 1,0.9954269128149522,21798,1,2,True,,18.0,0.47289493374077546,3.0753696810002387,1.6604747530167345,0.6604747530167345,True,3.3194000000094093,Optimization terminated successfully
Diabetes,3,42,10,300,0.0001,50,least_cost,Unweighted k-means,Random 25% immutable,α = 1,1.0,21798,1,2,True,,13.0,0.5026868052324152,3.1707627007785213,1.556134533794787,0.556134533794787,True,2.181799999902978,Optimization terminated successfully
Diabetes,3,42,10,300,0.0001,50,least_cost,Unweighted k-means,Random 25% immutable,α < 1,0.9954269128149522,21798,1,2,True,,13.0,0.5065264264293847,3.1828491212414853,1.5502253373601773,0.5502253373601773,True,3.0242999999927633,Optimization terminated successfully
Diabetes,3,42,10,300,0.0001,50,least_cost,Unweighted k-means,Random 50% immutable,α = 1,1.0,21798,1,2,False,,,,,,,False,26.907100000016726,Inequality constraints incompatible
Diabetes,3,42,10,300,0.0001,50,least_cost,Unweighted k-means,Random 50% immutable,α < 1,0.9954269128149522,21798,1,2,False,,,,,,,False,39.3891999999596,Positive directional derivative for linesearch
Diabetes,3,42,10,300,0.0001,50,least_cost,Unweighted k-means,Random 75% immutable,α = 1,1.0,21798,1,2,False,,,,,,,False,6.277800000020761,Positive directional derivative for linesearch
Diabetes,3,42,10,300,0.0001,50,least_cost,Unweighted k-means,Random 75% immutable,α < 1,0.9954269128149522,21798,1,2,False,,,,,,,False,4.684799999949973,Positive directional derivative for linesearch
Diabetes,3,42,10,300,0.0001,50,least_cost,Unweighted k-means,All features mutable,α = 1,1.0,198248,1,0,True,,14.0,0.003651498276838055,0.2702405697462191,16.260628564380212,15.260628564380212,True,2.5774000000637898,Optimization terminated successfully
Diabetes,3,42,10,300,0.0001,50,least_cost,Unweighted k-means,All features mutable,α < 1,0.9999667010862864,198248,1,0,True,,14.0,0.003653168337461726,0.2703023617159763,16.256911333562087,15.256911333562087,True,2.2846000000527056,Optimization terminated successfully
Diabetes,3,42,10,300,0.0001,50,least_cost,Unweighted k-means,Random 25% immutable,α = 1,1.0,198248,1,0,True,,11.0,0.004589817248347342,0.30297911638749436,12.936388074495532,11.936388074495532,True,1.964299999940522,Optimization terminated successfully
Diabetes,3,42,10,300,0.0001,50,least_cost,Unweighted k-means,Random 25% immutable,α < 1,0.9999667010862864,198248,1,0,True,,11.0,0.004591916461458012,0.3030483942032365,12.933430775509171,11.933430775509171,True,2.0753000000013344,Optimization terminated successfully
Diabetes,3,42,10,300,0.0001,50,least_cost,Unweighted k-means,Random 50% immutable,α = 1,1.0,198248,1,0,True,,7.0,0.008987742906279584,0.4239750678112944,8.757888051072744,7.757888051072744,True,1.7050000000153887,Optimization terminated successfully
Diabetes,3,42,10,300,0.0001,50,least_cost,Unweighted k-means,Random 50% immutable,α < 1,0.9999667010862864,198248,1,0,True,,7.0,0.008991853568365517,0.42407201200658173,8.755885970331166,7.755885970331166,True,1.7114999999421343,Optimization terminated successfully
Diabetes,3,42,10,300,0.0001,50,least_cost,Unweighted k-means,Random 75% immutable,α = 1,1.0,198248,1,0,True,,4.0,0.03362081501568118,0.8200099391553883,2.718276712877671,1.718276712877671,True,2.0539000000781016,Optimization terminated successfully
Diabetes,3,42,10,300,0.0001,50,least_cost,Unweighted k-means,Random 75% immutable,α < 1,0.9999667010862864,198248,1,0,True,,4.0,0.033636191936341285,0.820197438868731,2.717655310692287,1.7176553106922872,True,2.0087999999987005,Optimization terminated successfully
Diabetes,3,42,10,300,0.0001,50,least_cost,Unweighted k-means,All features mutable,α = 1,1.0,196300,0,2,True,,14.0,0.10529520668632844,1.4511733644628984,1.0000000000000016,1.5543122344752192e-15,True,2.5369999999611537,Optimization terminated successfully
Diabetes,3,42,10,300,0.0001,50,least_cost,Unweighted k-means,All features mutable,α < 1,0.9954269128149522,196300,0,2,True,,14.0,0.10719229859496011,1.464187819884868,1.0000000000000018,1.7763568394002505e-15,True,2.31090000011136,Optimization terminated successfully
Diabetes,3,42,10,300,0.0001,50,least_cost,Unweighted k-means,Random 25% immutable,α = 1,1.0,196300,0,2,True,,9.0,2.1857145744569486,6.611678416948223,1.0000000000000002,2.220446049250313e-16,True,3.0609000000367814,Optimization terminated successfully
Diabetes,3,42,10,300,0.0001,50,least_cost,Unweighted k-means,Random 25% immutable,α < 1,0.9954269128149522,196300,0,2,True,,9.0,2.238798771056297,6.691485292603275,1.0,0.0,False,3.1182000000171683,Optimization terminated successfully
Diabetes,3,42,10,300,0.0001,50,least_cost,Unweighted k-means,Random 50% immutable,α = 1,1.0,196300,0,2,True,,6.0,0.11788613993109096,1.5354878047779534,3.1396828305688387,2.1396828305688387,True,1.762900000016998,Optimization terminated successfully
Diabetes,3,42,10,300,0.0001,50,least_cost,Unweighted k-means,Random 50% immutable,α < 1,0.9954269128149522,196300,0,2,True,,6.0,0.12000150569415136,1.5492030576664335,3.111886897817343,2.111886897817343,True,1.74729999991996,Optimization terminated successfully
Diabetes,3,42,10,300,0.0001,50,least_cost,Unweighted k-means,Random 75% immutable,α = 1,1.0,196300,0,2,False,,,,,,,False,5.605500000001484,Positive directional derivative for linesearch
Diabetes,3,42,10,300,0.0001,50,least_cost,Unweighted k-means,Random 75% immutable,α < 1,0.9954269128149522,196300,0,2,False,,,,,,,False,1.404999999977008,Positive directional derivative for linesearch
Diabetes,3,42,10,300,0.0001,50,least_cost,Unweighted k-means,All features mutable,α = 1,1.0,46304,1,2,True,,19.0,0.362797626841577,2.6936875351145573,1.7887113377894812,0.7887113377894812,True,2.5170999999772903,Optimization terminated successfully
Diabetes,3,42,10,300,0.0001,50,least_cost,Unweighted k-means,All features mutable,α < 1,0.9954269128149522,46304,1,2,True,,19.0,0.3659501107042019,2.705365449266335,1.7809902021880382,0.7809902021880382,True,3.3637999999882595,Optimization terminated successfully
Diabetes,3,42,10,300,0.0001,50,least_cost,Unweighted k-means,Random 25% immutable,α = 1,1.0,46304,1,2,True,,12.0,2.836316296055971,7.531688118949126,1.0,0.0,False,3.20729999998548,Optimization terminated successfully
Diabetes,3,42,10,300,0.0001,50,least_cost,Unweighted k-means,Random 25% immutable,α < 1,0.9954269128149522,46304,1,2,True,,12.0,2.8771855228633094,7.585757078714436,1.0,0.0,False,3.2707999999956883,Optimization terminated successfully
Diabetes,3,42,10,300,0.0001,50,least_cost,Unweighted k-means,Random 50% immutable,α = 1,1.0,46304,1,2,False,,,,,,,False,16.639400000030946,Positive directional derivative for linesearch
Diabetes,3,42,10,300,0.0001,50,least_cost,Unweighted k-means,Random 50% immutable,α < 1,0.9954269128149522,46304,1,2,False,,,,,,,False,2.9277999999521853,Positive directional derivative for linesearch
Diabetes,3,42,10,300,0.0001,50,least_cost,Unweighted k-means,Random 75% immutable,α = 1,1.0,46304,1,2,False,,,,,,,False,35.66430000000764,Positive directional derivative for linesearch
Diabetes,3,42,10,300,0.0001,50,least_cost,Unweighted k-means,Random 75% immutable,α < 1,0.9954269128149522,46304,1,2,False,,,,,,,False,2.5388999999904627,Positive directional derivative for linesearch
Diabetes,3,42,10,300,0.0001,50,least_cost,Unweighted k-means,All features mutable,α = 1,1.0,94053,0,2,True,,13.0,0.607318680031531,3.4851647881600405,1.5104588815580033,0.5104588815580033,True,3.4623999999894295,Optimization terminated successfully
Diabetes,3,42,10,300,0.0001,50,least_cost,Unweighted k-means,All features mutable,α < 1,0.9954269128149522,94053,0,2,True,,13.0,0.6117040774565837,3.497725196342856,1.5050347920592804,0.5050347920592804,True,3.6524999999301144,Optimization terminated successfully
Diabetes,3,42,10,300,0.0001,50,least_cost,Unweighted k-means,Random 25% immutable,α = 1,1.0,94053,0,2,True,,9.0,0.6431421353495481,3.58648054602154,1.426325279202266,0.42632527920226604,True,3.035999999951855,Optimization terminated successfully
Diabetes,3,42,10,300,0.0001,50,least_cost,Unweighted k-means,Random 25% immutable,α < 1,0.9954269128149522,94053,0,2,True,,9.0,0.6477862109511062,3.5994060925411184,1.4212033148049987,0.42120331480499873,True,3.315100000008897,Optimization terminated successfully
Diabetes,3,42,10,300,0.0001,50,least_cost,Unweighted k-means,Random 50% immutable,α = 1,1.0,94053,0,2,True,,6.0,0.703501980785389,3.7510051473848685,1.3039478427392281,0.30394784273922815,True,2.5692999998909727,Optimization terminated successfully
Diabetes,3,42,10,300,0.0001,50,least_cost,Unweighted k-means,Random 50% immutable,α < 1,0.9954269128149522,94053,0,2,True,,6.0,0.7085819097855897,3.7645236346331776,1.2992653366001279,0.2992653366001279,True,2.4019999999609354,Optimization terminated successfully
Diabetes,3,42,10,300,0.0001,50,least_cost,Unweighted k-means,Random 75% immutable,α = 1,1.0,94053,0,2,False,,,,,,,False,1.3769999999340143,Positive directional derivative for linesearch
Diabetes,3,42,10,300,0.0001,50,least_cost,Unweighted k-means,Random 75% immutable,α < 1,0.9954269128149522,94053,0,2,False,,,,,,,False,9.097499999938918,Positive directional derivative for linesearch
Diabetes,3,42,10,300,0.0001,50,least_cost,Unweighted k-means,All features mutable,α = 1,1.0,32495,0,2,True,,14.0,0.4571200279339847,3.0236402826195605,1.0000000000000004,4.440892098500626e-16,True,3.6013000000139073,Optimization terminated successfully
Diabetes,3,42,10,300,0.0001,50,least_cost,Unweighted k-means,All features mutable,α < 1,0.9954269128149522,32495,0,2,True,,14.0,0.46098610502056414,3.0363995291152452,1.0,0.0,False,3.393399999936264,Optimization terminated successfully
Diabetes,3,42,10,300,0.0001,50,least_cost,Unweighted k-means,Random 25% immutable,α = 1,1.0,32495,0,2,True,,11.0,0.48592254995329687,3.1174430225853267,1.0000000000000002,2.220446049250313e-16,True,3.235799999970368,Optimization terminated successfully
Diabetes,3,42,10,300,0.0001,50,least_cost,Unweighted k-means,Random 25% immutable,α < 1,0.9954269128149522,32495,0,2,True,,11.0,0.49003796482801854,3.1306164403453147,1.0,0.0,False,2.9584999999769934,Optimization terminated successfully
Diabetes,3,42,10,300,0.0001,50,least_cost,Unweighted k-means,Random 50% immutable,α = 1,1.0,32495,0,2,True,,6.0,0.5123994198319336,3.2012479436367736,1.5354556964442898,0.5354556964442898,True,2.5124000000005253,Optimization terminated successfully
Diabetes,3,42,10,300,0.0001,50,least_cost,Unweighted k-means,Random 50% immutable,α < 1,0.9954269128149522,32495,0,2,True,,6.0,0.5167147118133388,3.2146997116786467,1.529030649467835,0.529030649467835,True,2.6556000000255153,Optimization terminated successfully
Diabetes,3,42,10,300,0.0001,50,least_cost,Unweighted k-means,Random 75% immutable,α = 1,1.0,32495,0,2,False,,,,,,,False,11.33849999996528,Positive directional derivative for linesearch
Diabetes,3,42,10,300,0.0001,50,least_cost,Unweighted k-means,Random 75% immutable,α < 1,0.9954269128149522,32495,0,2,False,,,,,,,False,12.921699999992597,Positive directional derivative for linesearch
Diabetes,3,42,10,300,0.0001,50,least_cost,Unweighted k-means,All features mutable,α = 1,1.0,23887,1,0,True,,15.0,0.20718453707198708,2.035605743124081,2.9159186429879993,1.9159186429879993,True,3.6350999999967826,Optimization terminated successfully
Diabetes,3,42,10,300,0.0001,50,least_cost,Unweighted k-means,All features mutable,α < 1,0.9999667010862864,23887,1,0,True,,15.0,0.2071968821148401,2.0356663877700596,2.9158315072820353,1.9158315072820353,True,3.7269999999125503,Optimization terminated successfully
Diabetes,3,42,10,300,0.0001,50,least_cost,Unweighted k-means,Random 25% immutable,α = 1,1.0,23887,1,0,True,,13.0,0.2523222400006145,2.246429344540417,2.3942925167814213,1.3942925167814213,True,3.293099999950755,Optimization terminated successfully
Diabetes,3,42,10,300,0.0001,50,least_cost,Unweighted k-means,Random 25% immutable,α < 1,0.9999667010862864,23887,1,0,True,,13.0,0.25233727456308513,2.246496270030667,2.3942209774983056,1.3942209774983056,True,3.094499999974687,Optimization terminated successfully
Diabetes,3,42,10,300,0.0001,50,least_cost,Unweighted k-means,Random 50% immutable,α = 1,1.0,23887,1,0,True,,7.0,0.8605134082307717,4.148526023133449,1.5963254927107637,0.5963254927107637,True,2.3423000000093452,Optimization terminated successfully
Diabetes,3,42,10,300,0.0001,50,least_cost,Unweighted k-means,Random 50% immutable,α < 1,0.9999667010862864,23887,1,0,True,,7.0,0.8605646817237216,4.148649615775527,1.5962779833534244,0.5962779833534244,True,2.5180999999747655,Optimization terminated successfully
Diabetes,3,42,10,300,0.0001,50,least_cost,Unweighted k-means,Random 75% immutable,α = 1,1.0,23887,1,0,True,,3.0,0.9780369823894088,4.4227524967816345,1.0,0.0,False,2.01029999993807,Optimization terminated successfully
Diabetes,3,42,10,300,0.0001,50,least_cost,Unweighted k-means,Random 75% immutable,α < 1,0.9999667010862864,23887,1,0,True,,3.0,0.9780975718057449,4.422889489475732,1.0000000000000002,2.220446049250313e-16,True,1.9230000000334257,Optimization terminated successfully
Diabetes,3,42,10,300,0.0001,50,least_cost,Unweighted k-means,All features mutable,α = 1,1.0,209943,1,2,True,,18.0,0.43068268807347115,2.9349026834751135,1.739552313112476,0.7395523131124759,True,3.430199999911565,Optimization terminated successfully
Diabetes,3,42,10,300,0.0001,50,least_cost,Unweighted k-means,All features mutable,α < 1,0.9954269128149522,209943,1,2,True,,18.0,0.43411774929022595,2.946583612559555,1.7326563224936318,0.7326563224936318,True,4.029800000012074,Optimization terminated successfully
Diabetes,3,42,10,300,0.0001,50,least_cost,Unweighted k-means,Random 25% immutable,α = 1,1.0,209943,1,2,True,,13.0,0.4690096415374527,3.062710046796636,1.5973980014653772,0.5973980014653772,True,3.116500000032829,Optimization terminated successfully
Diabetes,3,42,10,300,0.0001,50,least_cost,Unweighted k-means,Random 25% immutable,α < 1,0.9954269128149522,209943,1,2,True,,13.0,0.4727503928482059,3.0748996499014587,1.5910655435482732,0.5910655435482732,True,2.931800000055773,Optimization terminated successfully
Diabetes,3,42,10,300,0.0001,50,least_cost,Unweighted k-means,Random 50% immutable,α = 1,1.0,209943,1,2,True,,9.0,0.4992949402177848,3.1600472788165206,1.5005060210958863,0.5005060210958863,True,2.5927000000365297,Optimization terminated successfully
Diabetes,3,42,10,300,0.0001,50,least_cost,Unweighted k-means,Random 50% immutable,α < 1,0.9954269128149522,209943,1,2,True,,9.0,0.5032772425771768,3.172624284648835,1.49455766580171,0.4945576658017099,True,2.6833999999098523,Optimization terminated successfully
Diabetes,3,42,10,300,0.0001,50,least_cost,Unweighted k-means,Random 75% immutable,α = 1,1.0,209943,1,2,True,,5.0,0.5074373099631831,3.1857096853391496,1.4764288088496413,0.47642880884964134,True,1.884400000108144,Optimization terminated successfully
Diabetes,3,42,10,300,0.0001,50,least_cost,Unweighted k-means,Random 75% immutable,α < 1,0.9954269128149522,209943,1,2,True,,5.0,0.5114845546555248,3.1983888276928587,1.4705759010544674,0.47057590105446745,True,1.8966999999747713,Optimization terminated successfully
Diabetes,3,42,10,300,0.0001,50,least_cost,Ranked k-means,All features mutable,α = 1,1.0,102075,0,2,True,,12.0,0.24489662606073204,2.2131273169916454,2.2770014287276106,1.2770014287276106,True,3.9480000000367,Optimization terminated successfully
Diabetes,3,42,10,300,0.0001,50,least_cost,Ranked k-means,All features mutable,α < 1,0.9954269128149522,102075,0,2,True,,12.0,0.24780907394201737,2.226248296763042,2.2635813214804594,1.2635813214804594,True,3.725800000097479,Optimization terminated successfully
Diabetes,3,42,10,300,0.0001,50,least_cost,Ranked k-means,Random 25% immutable,α = 1,1.0,102075,0,2,True,,8.0,0.2594046485308844,2.277738565028412,2.149652952029268,1.149652952029268,True,3.3501000000342174,Optimization terminated successfully
Diabetes,3,42,10,300,0.0001,50,least_cost,Ranked k-means,Random 25% immutable,α < 1,0.9954269128149522,102075,0,2,True,,8.0,0.26248963394355396,2.291242605851916,2.1369834069932887,1.1369834069932887,True,3.0744000000595406,Optimization terminated successfully
Diabetes,3,42,10,300,0.0001,50,least_cost,Ranked k-means,Random 50% immutable,α = 1,1.0,102075,0,2,True,,4.0,0.2607490442124753,2.2836332639566943,2.1385695634058752,1.1385695634058752,True,2.42240000000038,Optimization terminated successfully
Diabetes,3,42,10,300,0.0001,50,least_cost,Ranked k-means,Random 50% immutable,α < 1,0.9954269128149522,102075,0,2,True,,4.0,0.2638500179317925,2.29717225271329,2.125965340878557,1.1259653408785568,True,2.4398000000473985,Optimization terminated successfully
Diabetes,3,42,10,300,0.0001,50,least_cost,Ranked k-means,Random 75% immutable,α = 1,1.0,102075,0,2,False,,,,,,,False,5.845900000053916,Positive directional derivative for linesearch
Diabetes,3,42,10,300,0.0001,50,least_cost,Ranked k-means,Random 75% immutable,α < 1,0.9954269128149522,102075,0,2,False,,,,,,,False,6.531399999971654,Positive directional derivative for linesearch
Diabetes,3,42,10,300,0.0001,50,least_cost,Ranked k-means,All features mutable,α = 1,1.0,130178,1,0,True,,15.0,0.32905421553180336,2.565362413117505,2.374878241608769,1.3748782416087688,True,3.560000000106811,Optimization terminated successfully
Diabetes,3,42,10,300,0.0001,50,least_cost,Ranked k-means,All features mutable,α < 1,0.9999667010862864,130178,1,0,True,,15.0,0.3290693729475343,2.5654214973276193,2.3748236758464656,1.3748236758464656,True,3.6221000000296044,Optimization terminated successfully
Diabetes,3,42,10,300,0.0001,50,least_cost,Ranked k-means,Random 25% immutable,α = 1,1.0,130178,1,0,True,,11.0,0.40451676325919084,2.844351466535705,1.931845038206558,0.931845038206558,True,2.862899999968249,Optimization terminated successfully
Diabetes,3,42,10,300,0.0001,50,least_cost,Ranked k-means,Random 25% immutable,α < 1,0.9999667010862864,130178,1,0,True,,11.0,0.40453539675015115,2.8444169762893456,1.931800626701469,0.9318006267014689,True,2.8857000000925837,Optimization terminated successfully
Diabetes,3,42,10,300,0.0001,50,least_cost,Ranked k-means,Random 50% immutable,α = 1,1.0,130178,1,0,True,,8.0,0.5330857950826964,3.265228307738056,1.4659248466397905,0.4659248466397905,True,2.396499999917978,Optimization terminated successfully
Diabetes,3,42,10,300,0.0001,50,least_cost,Ranked k-means,Random 50% immutable,α < 1,0.9999667010862864,130178,1,0,True,,8.0,0.5331103509237549,3.2653035109274446,1.4658911119650702,0.46589111196507016,True,2.4763999999777297,Optimization terminated successfully
Diabetes,3,42,10,300,0.0001,50,least_cost,Ranked k-means,Random 75% immutable,α = 1,1.0,130178,1,0,True,,3.0,0.8441863053240692,4.108981151877115,1.0000000000000002,2.220446049250313e-16,True,2.059199999962402,Optimization terminated successfully
Diabetes,3,42,10,300,0.0001,50,least_cost,Ranked k-means,Random 75% immutable,α < 1,0.9999667010862864,130178,1,0,True,,3.0,0.8442276261947796,4.109081712973787,1.0000000000000002,2.220446049250313e-16,True,1.9543000000794564,Optimization terminated successfully
Diabetes,3,42,10,300,0.0001,50,least_cost,Ranked k-means,All features mutable,α = 1,1.0,114240,0,1,True,,11.0,0.1455754793728383,1.7063146214742362,2.0492490917819133,1.0492490917819133,True,3.786200000035933,Optimization terminated successfully
Diabetes,3,42,10,300,0.0001,50,least_cost,Ranked k-means,All features mutable,α < 1,0.999985952854013,114240,0,1,True,,11.0,0.14558054813789326,1.7063443271385366,2.0492134085165894,1.0492134085165894,True,3.7323000000242246,Optimization terminated successfully
Diabetes,3,42,10,300,0.0001,50,least_cost,Ranked k-means,Random 25% immutable,α = 1,1.0,114240,0,1,True,,8.0,0.24246617076330595,2.202117938546008,1.7292636537190378,0.7292636537190378,True,2.2268000000167376,Optimization terminated successfully
Diabetes,3,42,10,300,0.0001,50,least_cost,Ranked k-means,Random 25% immutable,α < 1,0.999985952854013,114240,0,1,True,,8.0,0.2424746131470002,2.2021562757760864,1.72923355119906,0.72923355119906,True,2.246200000058707,Optimization terminated successfully
Diabetes,3,42,10,300,0.0001,50,least_cost,Ranked k-means,Random 50% immutable,α = 1,1.0,114240,0,1,True,,6.0,0.2832258198621953,2.3800244530768806,1.0532952762199475,0.05329527621994745,True,2.5224999999409192,Optimization terminated successfully
Diabetes,3,42,10,300,0.0001,50,least_cost,Ranked k-means,Random 50% immutable,α < 1,0.999985952854013,114240,0,1,True,,6.0,0.2832356814483949,2.380065887526624,1.0532769450093216,0.053276945009321564,True,2.548400000023321,Optimization terminated successfully
Diabetes,3,42,10,300,0.0001,50,least_cost,Ranked k-means,Random 75% immutable,α = 1,1.0,114240,0,1,False,,,,,,,False,15.693599999963226,Positive directional derivative for linesearch
Diabetes,3,42,10,300,0.0001,50,least_cost,Ranked k-means,Random 75% immutable,α < 1,0.999985952854013,114240,0,1,False,,,,,,,False,2.8826000000208296,Positive directional derivative for linesearch
Diabetes,3,42,10,300,0.0001,50,least_cost,Ranked k-means,All features mutable,α = 1,1.0,22636,1,0,True,,17.0,0.313035597605369,2.5021414732399485,2.4708569708280606,1.4708569708280606,True,3.5540999999739142,Optimization terminated successfully
Diabetes,3,42,10,300,0.0001,50,least_cost,Ranked k-means,All features mutable,α < 1,0.9999667010862864,22636,1,0,True,,17.0,0.31305016624302656,2.5021996972385177,2.470799698782421,1.4707996987824208,True,4.371499999933803,Optimization terminated successfully
Diabetes,3,42,10,300,0.0001,50,least_cost,Ranked k-means,Random 25% immutable,α = 1,1.0,22636,1,0,True,,13.0,0.4405829960701952,2.968444023626503,1.9863843412639297,0.9863843412639297,True,2.961700000014389,Optimization terminated successfully
Diabetes,3,42,10,300,0.0001,50,least_cost,Ranked k-means,Random 25% immutable,α < 1,0.9999667010862864,22636,1,0,True,,13.0,0.4406035007478645,2.9685130983300865,1.98633814326388,0.98633814326388,True,3.0378000000155225,Optimization terminated successfully
Diabetes,3,42,10,300,0.0001,50,least_cost,Ranked k-means,Random 50% immutable,α = 1,1.0,22636,1,0,True,,8.0,1.1686790531854958,4.834623156328724,1.1134919875381268,0.11349198753812684,True,2.601300000037554,Optimization terminated successfully
Diabetes,3,42,10,300,0.0001,50,least_cost,Ranked k-means,Random 50% immutable,α < 1,0.9999667010862864,22636,1,0,True,,8.0,1.1687334433628278,4.83473565639907,1.113466180012657,0.11346618001265707,True,2.8118000000176835,Optimization terminated successfully
Diabetes,3,42,10,300,0.0001,50,least_cost,Ranked k-means,Random 75% immutable,α = 1,1.0,22636,1,0,False,,,,,,,False,12.480399999958536,Positive directional derivative for linesearch
Diabetes,3,42,10,300,0.0001,50,least_cost,Ranked k-means,Random 75% immutable,α < 1,0.9999667010862864,22636,1,0,False,,,,,,,False,14.798100000007253,Positive directional derivative for linesearch
Diabetes,3,42,10,300,0.0001,50,least_cost,Ranked k-means,All features mutable,α = 1,1.0,197460,1,0,True,,12.0,0.0004813836426407799,0.09812070552546796,43.75281221213762,42.75281221213762,True,2.500300000065181,Optimization terminated successfully
Diabetes,3,42,10,300,0.0001,50,least_cost,Ranked k-means,All features mutable,α < 1,0.9999667010862864,197460,1,0,True,,12.0,0.0004820044457694537,0.09818395447011224,43.72462716680227,42.72462716680227,True,2.579599999990023,Optimization terminated successfully
Diabetes,3,42,10,300,0.0001,50,least_cost,Ranked k-means,Random 25% immutable,α = 1,1.0,197460,1,0,True,,9.0,0.0005391756584957868,0.10384369586024823,39.0631285694419,38.0631285694419,True,2.3273000000472166,Optimization terminated successfully
Diabetes,3,42,10,300,0.0001,50,least_cost,Ranked k-means,Random 25% immutable,α < 1,0.9999667010862864,197460,1,0,True,,9.0,0.0005398709915026636,0.10391063386416846,39.037964563028666,38.037964563028666,True,2.196700000013152,Optimization terminated successfully
Diabetes,3,42,10,300,0.0001,50,least_cost,Ranked k-means,Random 50% immutable,α = 1,1.0,197460,1,0,True,,5.0,0.0014102687943205801,0.1679445619435521,29.581494976316062,28.581494976316062,True,1.734299999952782,Optimization terminated successfully
Diabetes,3,42,10,300,0.0001,50,least_cost,Ranked k-means,Random 50% immutable,α < 1,0.9999667010862864,197460,1,0,True,,5.0,0.0014120875085481407,0.16805281958647053,29.56243892636177,28.56243892636177,True,1.870000000053551,Optimization terminated successfully
Diabetes,3,42,10,300,0.0001,50,least_cost,Ranked k-means,Random 75% immutable,α = 1,1.0,197460,1,0,True,,3.0,0.002235165845882817,0.21143158921423338,15.01212361455028,14.01212361455028,True,1.6019999999343781,Optimization terminated successfully
Diabetes,3,42,10,300,0.0001,50,least_cost,Ranked k-means,Random 75% immutable,α < 1,0.9999667010862864,197460,1,0,True,,3.0,0.002238048365825987,0.2115678787446708,15.002452981749867,14.002452981749867,True,1.3775000001032822,Optimization terminated successfully
Diabetes,3,42,10,300,0.0001,50,least_cost,Ranked k-means,All features mutable,α = 1,1.0,246242,1,0,True,,15.0,0.1964110073380898,1.9819738007253769,3.0648933473249613,2.0648933473249613,True,3.7146000000802815,Optimization terminated successfully
Diabetes,3,42,10,300,0.0001,50,least_cost,Ranked k-means,All features mutable,α < 1,0.9999667010862864,246242,1,0,True,,15.0,0.19642275232797474,1.9820330588967212,3.0648017998375,2.0648017998375,True,3.6556000000018685,Optimization terminated successfully
Diabetes,3,42,10,300,0.0001,50,least_cost,Ranked k-means,Random 25% immutable,α = 1,1.0,246242,1,0,True,,10.0,0.23866957516701334,2.184809260173589,2.5222267644285434,1.5222267644285434,True,3.0875999999580017,Optimization terminated successfully
Diabetes,3,42,10,300,0.0001,50,least_cost,Ranked k-means,Random 25% immutable,α < 1,0.9999667010862864,246242,1,0,True,,10.0,0.23868384713569868,2.1848745828339835,2.5221514095542985,1.5221514095542985,True,3.089100000011058,Optimization terminated successfully
Diabetes,3,42,10,300,0.0001,50,least_cost,Ranked k-means,Random 50% immutable,α = 1,1.0,246242,1,0,True,,8.0,0.2476827648702047,2.2256808615352055,2.430442783275468,1.4304427832754678,True,3.84699999995064,Optimization terminated successfully
Diabetes,3,42,10,300,0.0001,50,least_cost,Ranked k-means,Random 50% immutable,α < 1,0.9999667010862864,246242,1,0,True,,8.0,0.2476975758098131,2.2257474061978058,2.4303701932712767,1.4303701932712767,True,2.51140000000305,Optimization terminated successfully
Diabetes,3,42,10,300,0.0001,50,least_cost,Ranked k-means,Random 75% immutable,α = 1,1.0,246242,1,0,True,,5.0,0.5005296943823628,3.1639522574854473,1.796943633565163,0.796943633565163,True,1.8360999999913474,Optimization terminated successfully
Diabetes,3,42,10,300,0.0001,50,least_cost,Ranked k-means,Random 75% immutable,α < 1,0.9999667010862864,246242,1,0,True,,5.0,0.5005596250684141,3.1640468551158154,1.7968898997396106,0.7968898997396106,True,1.8086999999695763,Optimization terminated successfully
Diabetes,3,42,10,300,0.0001,50,least_cost,Ranked k-means,All features mutable,α = 1,1.0,163320,0,1,True,,14.0,0.04261520916640491,0.9232032188679252,1.0,0.0,False,2.5928999999678126,Optimization terminated successfully
Diabetes,3,42,10,300,0.0001,50,least_cost,Ranked k-means,All features mutable,α < 1,0.999985952854013,163320,0,1,True,,14.0,0.04261816147553751,0.9232351972876414,1.0,0.0,False,2.4068000000170287,Optimization terminated successfully
Diabetes,3,42,10,300,0.0001,50,least_cost,Ranked k-means,Random 25% immutable,α = 1,1.0,163320,0,1,True,,10.0,0.06340245242806328,1.1260768395457148,1.0,0.0,False,2.020499999957792,Optimization terminated successfully
Diabetes,3,42,10,300,0.0001,50,least_cost,Ranked k-means,Random 25% immutable,α < 1,0.999985952854013,163320,0,1,True,,10.0,0.06340707721217326,1.1261179086771798,1.0000000000000002,2.220446049250313e-16,True,2.043900000103349,Optimization terminated successfully
Diabetes,3,42,10,300,0.0001,50,least_cost,Ranked k-means,Random 50% immutable,α = 1,1.0,163320,0,1,True,,5.0,0.13699771929887583,1.6552807574479673,1.602603957977636,0.6026039579776361,True,2.8615999999601627,Optimization terminated successfully
Diabetes,3,42,10,300,0.0001,50,least_cost,Ranked k-means,Random 50% immutable,α < 1,0.999985952854013,163320,0,1,True,,5.0,0.13700682898719252,1.6553357906309674,1.602550676896792,0.6025506768967921,True,2.4911999998948886,Optimization terminated successfully
Diabetes,3,42,10,300,0.0001,50,least_cost,Ranked k-means,Random 75% immutable,α = 1,1.0,163320,0,1,False,,,,,,,False,6.619699999987461,Positive directional derivative for linesearch
Diabetes,3,42,10,300,0.0001,50,least_cost,Ranked k-means,Random 75% immutable,α < 1,0.999985952854013,163320,0,1,False,,,,,,,False,40.50540000002911,Positive directional derivative for linesearch
Diabetes,3,42,10,300,0.0001,50,least_cost,Ranked k-means,All features mutable,α = 1,1.0,177703,1,0,True,,15.0,0.07913467227170748,1.2580514478486757,3.550945545488296,2.550945545488296,True,3.9083000000346146,Optimization terminated successfully
Diabetes,3,42,10,300,0.0001,50,least_cost,Ranked k-means,All features mutable,α < 1,0.9999667010862864,177703,1,0,True,,15.0,0.0791423191889214,1.2581122301998449,3.550773987789761,2.550773987789761,True,3.727599999933773,Optimization terminated successfully
Diabetes,3,42,10,300,0.0001,50,least_cost,Ranked k-means,Random 25% immutable,α = 1,1.0,177703,1,0,True,,11.0,0.08579994836474575,1.309961437331235,3.275094192536743,2.275094192536743,True,2.9786000000058266,Optimization terminated successfully
Diabetes,3,42,10,300,0.0001,50,least_cost,Ranked k-means,Random 25% immutable,α < 1,0.9999667010862864,177703,1,0,True,,11.0,0.08580823935886088,1.3100247276968542,3.2749359577719446,2.2749359577719446,True,2.984400000059395,Optimization terminated successfully
Diabetes,3,42,10,300,0.0001,50,least_cost,Ranked k-means,Random 50% immutable,α = 1,1.0,177703,1,0,True,,7.0,0.15774691395194337,1.7762145926207416,2.361519632038266,1.361519632038266,True,2.4310999999670457,Optimization terminated successfully
Diabetes,3,42,10,300,0.0001,50,least_cost,Ranked k-means,Random 50% immutable,α < 1,0.9999667010862864,177703,1,0,True,,7.0,0.15776215730301962,1.7763004098576323,2.361405539250222,1.3614055392502218,True,2.5388999999904627,Optimization terminated successfully
Diabetes,3,42,10,300,0.0001,50,least_cost,Ranked k-means,Random 75% immutable,α = 1,1.0,177703,1,0,True,,3.0,0.29805469323277456,2.4415351450789093,1.2498459029497067,0.24984590294970666,True,2.006999999935033,Optimization terminated successfully
Diabetes,3,42,10,300,0.0001,50,least_cost,Ranked k-means,Random 75% immutable,α < 1,0.9999667010862864,177703,1,0,True,,3.0,0.2980834947618507,2.441653107064354,1.2497855198728651,0.24978551987286512,True,1.934599999913189,Optimization terminated successfully
Diabetes,3,42,10,300,0.0001,50,least_cost,Ranked k-means,All features mutable,α = 1,1.0,70205,0,1,True,,11.0,0.18805612683154396,1.9393613733986967,1.921131758693193,0.9211317586931931,True,3.688500000066597,Optimization terminated successfully
Diabetes,3,42,10,300,0.0001,50,least_cost,Ranked k-means,All features mutable,α < 1,0.999985952854013,70205,0,1,True,,11.0,0.18806208927448714,1.9393921175176883,1.9211012977243258,0.9211012977243258,True,3.6976000000095155,Optimization terminated successfully
Diabetes,3,42,10,300,0.0001,50,least_cost,Ranked k-means,Random 25% immutable,α = 1,1.0,70205,0,1,True,,9.0,0.252103420656564,2.245455057027702,1.8264613445606113,0.8264613445606113,True,2.8728999999430016,Optimization terminated successfully
Diabetes,3,42,10,300,0.0001,50,least_cost,Ranked k-means,Random 25% immutable,α < 1,0.999985952854013,70205,0,1,True,,9.0,0.25211141376099916,2.2454906535588126,1.8264324018670768,0.8264324018670768,True,2.9382000000168773,Optimization terminated successfully
Diabetes,3,42,10,300,0.0001,50,least_cost,Ranked k-means,Random 50% immutable,α = 1,1.0,70205,0,1,True,,6.0,0.2944183059087172,2.426595581916019,1.2270996427353231,0.22709964273532313,True,2.55620000007184,Optimization terminated successfully
Diabetes,3,42,10,300,0.0001,50,least_cost,Ranked k-means,Random 50% immutable,α < 1,0.999985952854013,70205,0,1,True,,6.0,0.29442764063436516,2.4266340500139907,1.227080189344984,0.22708018934498408,True,2.521800000067742,Optimization terminated successfully
Diabetes,3,42,10,300,0.0001,50,least_cost,Ranked k-means,Random 75% immutable,α = 1,1.0,70205,0,1,True,,3.0,0.4751968821064865,3.0828457052096736,1.378847519925021,0.37884751992502097,True,1.9678999999541702,Optimization terminated successfully
Diabetes,3,42,10,300,0.0001,50,least_cost,Ranked k-means,Random 75% immutable,α < 1,0.999985952854013,70205,0,1,True,,3.0,0.4752119485355579,3.082894576645649,1.378825662120981,0.3788256621209809,True,2.016200000070967,Optimization terminated successfully
Diabetes,3,42,10,300,0.0001,50,least_cost,Ranked k-means,All features mutable,α = 1,1.0,113060,1,0,True,,16.0,0.09453853157955039,1.3750529559224283,3.322693243831127,2.322693243831127,True,2.7004999999462598,Optimization terminated successfully
Diabetes,3,42,10,300,0.0001,50,least_cost,Ranked k-means,All features mutable,α < 1,0.9999667010862864,113060,1,0,True,,16.0,0.09454670378075186,1.3751123865397465,3.3225496389701776,2.3225496389701776,True,2.722800000015013,Optimization terminated successfully
Diabetes,3,42,10,300,0.0001,50,least_cost,Ranked k-means,Random 25% immutable,α = 1,1.0,113060,1,0,True,,12.0,0.12620410548088865,1.5887360100462797,2.489004139034307,1.4890041390343072,True,2.164200000038363,Optimization terminated successfully
Diabetes,3,42,10,300,0.0001,50,least_cost,Ranked k-means,Random 25% immutable,α < 1,0.9999667010862864,113060,1,0,True,,12.0,0.12621501495161144,1.5888046761739558,2.488896567791664,1.488896567791664,True,2.274999999940519,Optimization terminated successfully
Diabetes,3,42,10,300,0.0001,50,least_cost,Ranked k-means,Random 50% immutable,α = 1,1.0,113060,1,0,True,,9.0,0.37133206987020306,2.7251864885552437,1.7818712646828603,0.7818712646828603,True,2.447399999937261,Optimization terminated successfully
Diabetes,3,42,10,300,0.0001,50,least_cost,Ranked k-means,Random 50% immutable,α < 1,0.9999667010862864,113060,1,0,True,,9.0,0.3713641689554844,2.7253042727573904,1.7817942573119745,0.7817942573119745,True,2.3188000000118336,Optimization terminated successfully
Diabetes,3,42,10,300,0.0001,50,least_cost,Ranked k-means,Random 75% immutable,α = 1,1.0,113060,1,0,True,,4.0,0.4976740321893799,3.154913730007145,1.1707876174086194,0.17078761740861936,True,1.7942000000630287,Optimization terminated successfully
Diabetes,3,42,10,300,0.0001,50,least_cost,Ranked k-means,Random 75% immutable,α < 1,0.9999667010862864,113060,1,0,True,,4.0,0.4977170526621529,3.1550500872796072,1.170737018126281,0.17073701812628106,True,2.0111000000042623,Optimization terminated successfully
Diabetes,3,42,10,300,0.0001,50,least_cost,Ranked k-means,All features mutable,α = 1,1.0,89934,0,1,True,,13.0,0.09940113837235895,1.4099726123039336,1.0,0.0,False,3.7670000000389336,Optimization terminated successfully
Diabetes,3,42,10,300,0.0001,50,least_cost,Ranked k-means,All features mutable,α < 1,0.999985952854013,89934,0,1,True,,13.0,0.09940572679773738,1.41000515458446,1.0,0.0,False,3.6156999999548134,Optimization terminated successfully
Diabetes,3,42,10,300,0.0001,50,least_cost,Ranked k-means,Random 25% immutable,α = 1,1.0,89934,0,1,True,,10.0,0.1523296988581925,1.7454495057617252,1.0000000000000002,2.220446049250313e-16,True,3.1735999999682463,Optimization terminated successfully
Diabetes,3,42,10,300,0.0001,50,least_cost,Ranked k-means,Random 25% immutable,α < 1,0.999985952854013,89934,0,1,True,,10.0,0.1523369213121178,1.7454908840330148,1.0,0.0,False,3.268100000013874,Optimization terminated successfully
Diabetes,3,42,10,300,0.0001,50,least_cost,Ranked k-means,Random 50% immutable,α = 1,1.0,89934,0,1,True,,8.0,0.1286350438053097,1.6039641130979814,1.0,0.0,False,1.8158999999968728,Optimization terminated successfully
Diabetes,3,42,10,300,0.0001,50,least_cost,Ranked k-means,Random 50% immutable,α < 1,0.999985952854013,89934,0,1,True,,8.0,0.12864104973076446,1.60400155692421,1.0,0.0,False,1.7713999999386942,Optimization terminated successfully
Diabetes,3,42,10,300,0.0001,50,least_cost,Ranked k-means,Random 75% immutable,α = 1,1.0,89934,0,1,True,,4.0,0.3510953445212023,2.6498880901698554,1.109476386288386,0.10947638628838607,True,1.9803000000138127,Optimization terminated successfully
Diabetes,3,42,10,300,0.0001,50,least_cost,Ranked k-means,Random 75% immutable,α < 1,0.999985952854013,89934,0,1,True,,4.0,0.3511108311156766,2.649946531972585,1.1094519175615423,0.10945191756154227,True,2.0173000000340835,Optimization terminated successfully
Diabetes,3,42,10,300,0.0001,50,least_cost,Ranked k-means,All features mutable,α = 1,1.0,171973,1,0,True,,17.0,0.45246672927492654,3.0082111936329423,2.0591802472281775,1.0591802472281775,True,4.404999999906067,Optimization terminated successfully
Diabetes,3,42,10,300,0.0001,50,least_cost,Ranked k-means,All features mutable,α < 1,0.9999667010862864,171973,1,0,True,,17.0,0.45248421047995113,3.008269304699801,2.0591404409386946,1.0591404409386946,True,3.4220999999661217,Optimization terminated successfully
Diabetes,3,42,10,300,0.0001,50,least_cost,Ranked k-means,Random 25% immutable,α = 1,1.0,171973,1,0,True,,12.0,0.6270519356610308,3.54133290064922,1.485858667552897,0.4858586675528971,True,3.0362999999624662,Optimization terminated successfully
Diabetes,3,42,10,300,0.0001,50,least_cost,Ranked k-means,Random 25% immutable,α < 1,0.9999667010862864,171973,1,0,True,,12.0,0.6270761620245153,3.541401310285281,1.4858299587126333,0.48582995871263335,True,3.100000000017644,Optimization terminated successfully
Diabetes,3,42,10,300,0.0001,50,least_cost,Ranked k-means,Random 50% immutable,α = 1,1.0,171973,1,0,True,,8.0,1.2914114886603594,5.082148145539166,1.0094823467396943,0.00948234673969428,True,2.6099000000385786,Optimization terminated successfully
Diabetes,3,42,10,300,0.0001,50,least_cost,Ranked k-means,Random 50% immutable,α < 1,0.9999667010862864,171973,1,0,True,,8.0,1.291461382779739,5.0822463198466465,1.0094628142064068,0.009462814206406822,True,2.476499999943371,Optimization terminated successfully
Diabetes,3,42,10,300,0.0001,50,least_cost,Ranked k-means,Random 75% immutable,α = 1,1.0,171973,1,0,True,,4.0,0.9347364429131834,4.323740146940339,1.0,0.0,False,1.9452000000228509,Optimization terminated successfully
Diabetes,3,42,10,300,0.0001,50,least_cost,Ranked k-means,Random 75% immutable,α < 1,0.9999667010862864,171973,1,0,True,,4.0,0.9347726297206589,4.323823839428842,1.0,0.0,False,1.8596999999545005,Optimization terminated successfully
Diabetes,3,42,10,300,0.0001,50,least_cost,Ranked k-means,All features mutable,α = 1,1.0,109827,1,2,True,,18.0,0.4783719908318496,3.0931278370990416,1.6508861660809775,0.6508861660809775,True,4.366399999980786,Optimization terminated successfully
Diabetes,3,42,10,300,0.0001,50,least_cost,Ranked k-means,All features mutable,α < 1,0.9954269128149522,109827,1,2,True,,18.0,0.4819911739771297,3.104806512416288,1.6446763877305388,0.6446763877305388,True,3.469399999971756,Optimization terminated successfully
Diabetes,3,42,10,300,0.0001,50,least_cost,Ranked k-means,Random 25% immutable,α = 1,1.0,109827,1,2,True,,13.0,0.4831135094854827,3.10841924291265,1.6346835414583514,0.6346835414583514,True,3.1781999999793697,Optimization terminated successfully
Diabetes,3,42,10,300,0.0001,50,least_cost,Ranked k-means,Random 25% immutable,α < 1,0.9954269128149522,109827,1,2,True,,13.0,0.48676856518334405,3.1201556537562163,1.6285347067451996,0.6285347067451996,True,3.442899999981819,Optimization terminated successfully
Diabetes,3,42,10,300,0.0001,50,least_cost,Ranked k-means,Random 50% immutable,α = 1,1.0,109827,1,2,True,,10.0,0.5131236038322413,3.2035093376865356,1.5390788801781157,0.5390788801781157,True,2.311100000042643,Optimization terminated successfully
Diabetes,3,42,10,300,0.0001,50,least_cost,Ranked k-means,Random 50% immutable,α < 1,0.9954269128149522,109827,1,2,True,,10.0,0.5170057046534154,3.215604778741988,1.533289665597262,0.5332896655972621,True,2.4125999999569103,Optimization terminated successfully
Diabetes,3,42,10,300,0.0001,50,least_cost,Ranked k-means,Random 75% immutable,α = 1,1.0,109827,1,2,False,,,,,,,False,1.639699999941513,Positive directional derivative for linesearch
Diabetes,3,42,10,300,0.0001,50,least_cost,Ranked k-means,Random 75% immutable,α < 1,0.9954269128149522,109827,1,2,False,,,,,,,False,5.963800000017727,Positive directional derivative for linesearch
Diabetes,3,42,10,300,0.0001,50,least_cost,Ranked k-means,All features mutable,α = 1,1.0,17229,1,0,True,,16.0,0.1844805724146344,1.9208361325976477,2.3192309958187938,1.3192309958187938,True,3.4837000000607077,Optimization terminated successfully
Diabetes,3,42,10,300,0.0001,50,least_cost,Ranked k-means,All features mutable,α < 1,0.9999667010862864,17229,1,0,True,,16.0,0.18449176391537705,1.9208943954073947,2.3191606574609804,1.3191606574609804,True,3.5325000000057116,Optimization terminated successfully
Diabetes,3,42,10,300,0.0001,50,least_cost,Ranked k-means,Random 25% immutable,α = 1,1.0,17229,1,0,True,,11.0,0.2176922644464249,2.08658699529363,1.9654031500399922,0.9654031500399922,True,3.1777000000374755,Optimization terminated successfully
Diabetes,3,42,10,300,0.0001,50,least_cost,Ranked k-means,Random 25% immutable,α < 1,0.9999667010862864,17229,1,0,True,,11.0,0.21770547073209123,2.086650285659249,1.9653435483464847,0.9653435483464847,True,2.8542000000015832,Optimization terminated successfully
Diabetes,3,42,10,300,0.0001,50,least_cost,Ranked k-means,Random 50% immutable,α = 1,1.0,17229,1,0,True,,9.0,0.2854167324085257,2.389212139633171,1.49904688205533,0.49904688205533,True,2.3301000001083594,Optimization terminated successfully
Diabetes,3,42,10,300,0.0001,50,least_cost,Ranked k-means,Random 50% immutable,α < 1,0.9999667010862864,17229,1,0,True,,9.0,0.28543404719420135,2.3892846092259554,1.49900142389788,0.49900142389787994,True,2.510599999936858,Optimization terminated successfully
Diabetes,3,42,10,300,0.0001,50,least_cost,Ranked k-means,Random 75% immutable,α = 1,1.0,17229,1,0,True,,4.0,0.8155798291359483,4.038761763550676,1.0870438150641895,0.08704381506418946,True,1.8671999999924083,Optimization terminated successfully
Diabetes,3,42,10,300,0.0001,50,least_cost,Ranked k-means,Random 75% immutable,α < 1,0.9999667010862864,17229,1,0,True,,4.0,0.8156293062280016,4.038884267289672,1.0870108398368263,0.08701083983682634,True,1.9021000000520871,Optimization terminated successfully
Diabetes,3,42,10,300,0.0001,50,least_cost,Ranked k-means,All features mutable,α = 1,1.0,199382,0,1,True,,11.0,0.4299480425695582,2.9323984810034203,1.2605397482252882,0.26053974822528825,True,3.492300000061732,Optimization terminated successfully
Diabetes,3,42,10,300,0.0001,50,least_cost,Ranked k-means,All features mutable,α < 1,0.999985952854013,199382,0,1,True,,11.0,0.42995628278683456,2.932426581474239,1.2605276739213485,0.26052767392134846,True,3.5984999999527645,Optimization terminated successfully
Diabetes,3,42,10,300,0.0001,50,least_cost,Ranked k-means,Random 25% immutable,α = 1,1.0,199382,0,1,True,,10.0,0.4305400396361114,2.9344166017663933,1.2588064965129502,0.2588064965129502,True,2.9875000000174623,Optimization terminated successfully
Diabetes,3,42,10,300,0.0001,50,least_cost,Ranked k-means,Random 25% immutable,α < 1,0.999985952854013,199382,0,1,True,,10.0,0.430548291199374,2.93444472157638,1.258794432851995,0.2587944328519951,True,2.9155999999375126,Optimization terminated successfully
Diabetes,3,42,10,300,0.0001,50,least_cost,Ranked k-means,Random 50% immutable,α = 1,1.0,199382,0,1,True,,5.0,0.748531596167864,3.8691900862269972,1.0,0.0,False,2.548400000023321,Optimization terminated successfully
Diabetes,3,42,10,300,0.0001,50,least_cost,Ranked k-means,Random 50% immutable,α < 1,0.999985952854013,199382,0,1,True,,5.0,0.7485475225840234,3.8692312481525923,1.0,0.0,False,2.3279999999203937,Optimization terminated successfully
Diabetes,3,42,10,300,0.0001,50,least_cost,Ranked k-means,Random 75% immutable,α = 1,1.0,199382,0,1,False,,,,,,,False,14.648899999997411,Positive directional derivative for linesearch
Diabetes,3,42,10,300,0.0001,50,least_cost,Ranked k-means,Random 75% immutable,α < 1,0.999985952854013,199382,0,1,False,,,,,,,False,3.164299999980358,Positive directional derivative for linesearch
Diabetes,3,42,10,300,0.0001,50,least_cost,Ranked k-means,All features mutable,α = 1,1.0,133536,1,2,True,,13.0,0.09682853612485921,1.3916072443391432,3.5597652244859717,2.5597652244859717,True,3.7755999999262713,Optimization terminated successfully
Diabetes,3,42,10,300,0.0001,50,least_cost,Ranked k-means,All features mutable,α < 1,0.9954269128149522,133536,1,2,True,,13.0,0.0985110616612086,1.4036456936222088,3.529234691932046,2.529234691932046,True,3.5037000000102125,Optimization terminated successfully
Diabetes,3,42,10,300,0.0001,50,least_cost,Ranked k-means,Random 25% immutable,α = 1,1.0,133536,1,2,True,,10.0,0.09851032160864387,1.4036404212521372,3.4989922845650105,2.4989922845650105,True,3.3804999999347274,Optimization terminated successfully
Diabetes,3,42,10,300,0.0001,50,least_cost,Ranked k-means,Random 25% immutable,α < 1,0.9954269128149522,133536,1,2,True,,10.0,0.10022207042086187,1.4157829665655812,3.4689829716498415,2.4689829716498415,True,2.8324999999540523,Optimization terminated successfully
Diabetes,3,42,10,300,0.0001,50,least_cost,Ranked k-means,Random 50% immutable,α = 1,1.0,133536,1,2,False,,,,,,,False,8.934800000020005,Positive directional derivative for linesearch
Diabetes,3,42,10,300,0.0001,50,least_cost,Ranked k-means,Random 50% immutable,α < 1,0.9954269128149522,133536,1,2,False,,,,,,,False,7.547799999997551,Positive directional derivative for linesearch
Diabetes,3,42,10,300,0.0001,50,least_cost,Ranked k-means,Random 75% immutable,α = 1,1.0,133536,1,2,False,,,,,,,False,19.2459999999528,Positive directional derivative for linesearch
Diabetes,3,42,10,300,0.0001,50,least_cost,Ranked k-means,Random 75% immutable,α < 1,0.9954269128149522,133536,1,2,False,,,,,,,False,11.862500000006548,Positive directional derivative for linesearch
Diabetes,3,42,10,300,0.0001,50,least_cost,Ranked k-means,All features mutable,α = 1,1.0,126914,0,1,True,,14.0,1.2021728238264524,4.903412737729616,1.0,0.0,False,3.677899999956935,Optimization terminated successfully
Diabetes,3,42,10,300,0.0001,50,least_cost,Ranked k-means,All features mutable,α < 1,0.999985952854013,126914,0,1,True,,14.0,1.2021857924717736,4.903439185860825,1.0,0.0,False,3.648399999974572,Optimization terminated successfully
Diabetes,3,42,10,300,0.0001,50,least_cost,Ranked k-means,Random 25% immutable,α = 1,1.0,126914,0,1,True,,10.0,2.370650700307027,6.885710856995125,1.0,0.0,False,3.171599999973296,Optimization terminated successfully
Diabetes,3,42,10,300,0.0001,50,least_cost,Ranked k-means,Random 25% immutable,α < 1,0.999985952854013,126914,0,1,True,,10.0,2.3706916506806657,6.8857703282649005,1.0000000000000009,8.881784197001252e-16,True,3.148799999962648,Optimization terminated successfully
Diabetes,3,42,10,300,0.0001,50,least_cost,Ranked k-means,Random 50% immutable,α = 1,1.0,126914,0,1,True,,7.0,1.8772991533546306,6.127477708412541,1.0,0.0,False,2.4247000000059415,Optimization terminated successfully
Diabetes,3,42,10,300,0.0001,50,least_cost,Ranked k-means,Random 50% immutable,α < 1,0.999985952854013,126914,0,1,True,,7.0,1.8773209467338519,6.127513274949067,1.0,0.0,False,2.340800000069976,Optimization terminated successfully
Diabetes,3,42,10,300,0.0001,50,least_cost,Ranked k-means,Random 75% immutable,α = 1,1.0,126914,0,1,False,,,,,,,False,2.6937999999745443,Positive directional derivative for linesearch
Diabetes,3,42,10,300,0.0001,50,least_cost,Ranked k-means,Random 75% immutable,α < 1,0.999985952854013,126914,0,1,False,,,,,,,False,6.344799999965289,Positive directional derivative for linesearch
Diabetes,3,42,10,300,0.0001,50,least_cost,Ranked k-means,All features mutable,α = 1,1.0,192305,0,1,True,,12.0,0.47644382129251706,3.0868878220386207,1.0000000000000002,2.220446049250313e-16,True,3.411599999935788,Optimization terminated successfully
Diabetes,3,42,10,300,0.0001,50,least_cost,Ranked k-means,All features mutable,α < 1,0.999985952854013,192305,0,1,True,,12.0,0.4764528131457287,3.0869169510880226,1.0000000000000002,2.220446049250313e-16,True,3.4580999999889173,Optimization terminated successfully
Diabetes,3,42,10,300,0.0001,50,least_cost,Ranked k-means,Random 25% immutable,α = 1,1.0,192305,0,1,True,,9.0,0.6870748943273233,3.7069526415300293,1.0,0.0,False,2.9920000000629443,Optimization terminated successfully
Diabetes,3,42,10,300,0.0001,50,least_cost,Ranked k-means,Random 25% immutable,α < 1,0.999985952854013,192305,0,1,True,,9.0,0.6870880035200531,3.7069880051601274,1.0,0.0,False,3.0281000000513814,Optimization terminated successfully
Diabetes,3,42,10,300,0.0001,50,least_cost,Ranked k-means,Random 50% immutable,α = 1,1.0,192305,0,1,True,,8.0,0.6223926902447897,3.528151613082379,1.3542563862223587,0.35425638622235867,True,2.5681000000759013,Optimization terminated successfully
Diabetes,3,42,10,300,0.0001,50,least_cost,Ranked k-means,Random 50% immutable,α < 1,0.999985952854013,192305,0,1,True,,8.0,0.6224039032137977,3.5281833943654277,1.3542441849776836,0.3542441849776836,True,2.4970999999140986,Optimization terminated successfully
Diabetes,3,42,10,300,0.0001,50,least_cost,Ranked k-means,Random 75% immutable,α = 1,1.0,192305,0,1,False,,,,,,,False,10.95569999995405,Positive directional derivative for linesearch
Diabetes,3,42,10,300,0.0001,50,least_cost,Ranked k-means,Random 75% immutable,α < 1,0.999985952854013,192305,0,1,False,,,,,,,False,3.5039000000551823,Positive directional derivative for linesearch
Diabetes,3,42,10,300,0.0001,50,least_cost,Ranked k-means,All features mutable,α = 1,1.0,51100,1,0,True,,18.0,0.34033493960720435,2.608965080667828,2.3758678918497247,1.3758678918497247,True,3.5394999999880383,Optimization terminated successfully
Diabetes,3,42,10,300,0.0001,50,least_cost,Ranked k-means,All features mutable,α < 1,0.9999667010862864,51100,1,0,True,,18.0,0.34035009070340516,2.609023153225763,2.3758151395504736,1.3758151395504736,True,3.7093999999342486,Optimization terminated successfully
Diabetes,3,42,10,300,0.0001,50,least_cost,Ranked k-means,Random 25% immutable,α = 1,1.0,51100,1,0,True,,13.0,0.46011944115947623,3.0335439379032447,1.757349885400494,0.7573498854004941,True,3.1308999999737352,Optimization terminated successfully
Diabetes,3,42,10,300,0.0001,50,least_cost,Ranked k-means,Random 25% immutable,α < 1,0.9999667010862864,51100,1,0,True,,13.0,0.4601399248451213,3.0336114610975526,1.757310884485929,0.7573108844859291,True,3.1321999999818217,Optimization terminated successfully
Diabetes,3,42,10,300,0.0001,50,least_cost,Ranked k-means,Random 50% immutable,α = 1,1.0,51100,1,0,True,,9.0,0.5241096143599292,3.2376213934304587,1.5427895840504477,0.5427895840504477,True,2.6026000000456406,Optimization terminated successfully
Diabetes,3,42,10,300,0.0001,50,least_cost,Ranked k-means,Random 50% immutable,α < 1,0.9999667010862864,51100,1,0,True,,9.0,0.5241329467723934,3.2376934591538875,1.5427553309299855,0.5427553309299855,True,2.422900000055961,Optimization terminated successfully
Diabetes,3,42,10,300,0.0001,50,least_cost,Ranked k-means,Random 75% immutable,α = 1,1.0,51100,1,0,False,,,,,,,False,29.942800000071657,Positive directional derivative for linesearch
Diabetes,3,42,10,300,0.0001,50,least_cost,Ranked k-means,Random 75% immutable,α < 1,0.9999667010862864,51100,1,0,False,,,,,,,False,3.3826999999746477,Positive directional derivative for linesearch
Diabetes,3,42,10,300,0.0001,50,least_cost,Ranked k-means,All features mutable,α = 1,1.0,213001,1,2,True,,19.0,0.373930158753745,2.7347034894252973,1.2733567140200832,0.2733567140200832,True,3.813299999933406,Optimization terminated successfully
Diabetes,3,42,10,300,0.0001,50,least_cost,Ranked k-means,All features mutable,α < 1,0.9954269128149522,213001,1,2,True,,19.0,0.377130540285814,2.74638140208462,1.2679422273539125,0.2679422273539125,True,3.635899999949288,Optimization terminated successfully
Diabetes,3,42,10,300,0.0001,50,least_cost,Ranked k-means,Random 25% immutable,α = 1,1.0,213001,1,2,True,,15.0,0.37940406046732594,2.754647202337628,1.254985157012743,0.25498515701274305,True,3.0506000000514177,Optimization terminated successfully
Diabetes,3,42,10,300,0.0001,50,least_cost,Ranked k-means,Random 25% immutable,α < 1,0.9954269128149522,213001,1,2,True,,15.0,0.3826512918550223,2.766410279965798,1.2496488471459157,0.24964884714591573,True,3.151200000047538,Optimization terminated successfully
Diabetes,3,42,10,300,0.0001,50,least_cost,Ranked k-means,Random 50% immutable,α = 1,1.0,213001,1,2,True,,10.0,0.39565054246803844,2.8130074385541124,1.2034520710654737,0.2034520710654737,True,2.4611999999706313,Optimization terminated successfully
Diabetes,3,42,10,300,0.0001,50,least_cost,Ranked k-means,Random 50% immutable,α < 1,0.9954269128149522,213001,1,2,True,,10.0,0.39903682372838917,2.825019729943099,1.1983348540859413,0.19833485408594131,True,2.329300000042167,Optimization terminated successfully
Diabetes,3,42,10,300,0.0001,50,least_cost,Ranked k-means,Random 75% immutable,α = 1,1.0,213001,1,2,False,,,,,,,False,5.834299999946779,Positive directional derivative for linesearch
Diabetes,3,42,10,300,0.0001,50,least_cost,Ranked k-means,Random 75% immutable,α < 1,0.9954269128149522,213001,1,2,False,,,,,,,False,13.365900000053443,Positive directional derivative for linesearch
Diabetes,3,42,10,300,0.0001,50,least_cost,Ranked k-means,All features mutable,α = 1,1.0,140678,0,1,True,,13.0,0.1949258758583692,1.9744663879558406,1.2494306654733407,0.2494306654733407,True,3.622199999995246,Optimization terminated successfully
Diabetes,3,42,10,300,0.0001,50,least_cost,Ranked k-means,All features mutable,α < 1,0.999985952854013,140678,0,1,True,,13.0,0.1949317181552247,1.974495976978554,1.2494119410954714,0.24941194109547138,True,3.573400000050242,Optimization terminated successfully
Diabetes,3,42,10,300,0.0001,50,least_cost,Ranked k-means,Random 25% immutable,α = 1,1.0,140678,0,1,True,,10.0,0.2835715224062513,2.381476526889364,1.0,0.0,False,2.2568000000546817,Optimization terminated successfully
Diabetes,3,42,10,300,0.0001,50,least_cost,Ranked k-means,Random 25% immutable,α < 1,0.999985952854013,140678,0,1,True,,10.0,0.2835803056246313,2.3815134080018585,1.0000000000000022,2.220446049250313e-15,True,2.036999999972977,Optimization terminated successfully
Diabetes,3,42,10,300,0.0001,50,least_cost,Ranked k-means,Random 50% immutable,α = 1,1.0,140678,0,1,True,,6.0,0.2848324845141748,2.3867655289708485,1.0,0.0,False,2.4811000000681815,Optimization terminated successfully
Diabetes,3,42,10,300,0.0001,50,least_cost,Ranked k-means,Random 50% immutable,α < 1,0.999985952854013,140678,0,1,True,,6.0,0.2848413144741889,2.3868025241908426,1.0000000000000002,2.220446049250313e-16,True,2.4304000000938686,Optimization terminated successfully
Diabetes,3,42,10,300,0.0001,50,least_cost,Ranked k-means,Random 75% immutable,α = 1,1.0,140678,0,1,False,,,,,,,False,2.2232000000030894,Positive directional derivative for linesearch
Diabetes,3,42,10,300,0.0001,50,least_cost,Ranked k-means,Random 75% immutable,α < 1,0.999985952854013,140678,0,1,False,,,,,,,False,6.8616999999449035,Positive directional derivative for linesearch
Diabetes,3,42,10,300,0.0001,50,least_cost,Ranked k-means,All features mutable,α = 1,1.0,208700,1,0,True,,15.0,0.057429859649306664,1.071726267750368,1.607596555500609,0.6075965555006091,True,2.7096000000028653,Optimization terminated successfully
Diabetes,3,42,10,300,0.0001,50,least_cost,Ranked k-means,All features mutable,α < 1,0.9999667010862864,208700,1,0,True,,15.0,0.057436359279204825,1.071786912396348,1.6075056088332988,0.6075056088332988,True,2.55949999996119,Optimization terminated successfully
Diabetes,3,42,10,300,0.0001,50,least_cost,Ranked k-means,Random 25% immutable,α = 1,1.0,208700,1,0,True,,13.0,0.06046686884311428,1.0996987664184612,3.9679286199213673,2.9679286199213673,True,2.1621000000777713,Optimization terminated successfully
Diabetes,3,42,10,300,0.0001,50,least_cost,Ranked k-means,Random 25% immutable,α < 1,0.9999667010862864,208700,1,0,True,,13.0,0.06047371218682041,1.0997609939147726,3.9677041036265503,2.9677041036265503,True,1.9660999998905027,Optimization terminated successfully
Diabetes,3,42,10,300,0.0001,50,least_cost,Ranked k-means,Random 50% immutable,α = 1,1.0,208700,1,0,True,,9.0,0.08924510577115191,1.3360022887042664,2.688418777613961,1.6884187776139612,True,1.727699999946708,Optimization terminated successfully
Diabetes,3,42,10,300,0.0001,50,least_cost,Ranked k-means,Random 50% immutable,α < 1,0.9999667010862864,208700,1,0,True,,9.0,0.08925520609459471,1.336077887659209,2.688266665857407,1.688266665857407,True,1.767099999938182,Optimization terminated successfully
Diabetes,3,42,10,300,0.0001,50,least_cost,Ranked k-means,Random 75% immutable,α = 1,1.0,208700,1,0,True,,3.0,0.2055589470510014,2.0276042367829152,1.5473428436043397,0.5473428436043397,True,2.0195999999259584,Optimization terminated successfully
Diabetes,3,42,10,300,0.0001,50,least_cost,Ranked k-means,Random 75% immutable,α < 1,0.9999667010862864,208700,1,0,True,,3.0,0.20558221120463602,2.0277189706891634,1.5472552918945175,0.5472552918945175,True,1.8449999998892963,Optimization terminated successfully
Diabetes,3,42,10,300,0.0001,50,least_cost,Ranked k-means,All features mutable,α = 1,1.0,41913,1,2,True,,17.0,0.34406928543630466,2.623239544671072,1.9446626554245332,0.9446626554245332,True,3.9176999999881446,Optimization terminated successfully
Diabetes,3,42,10,300,0.0001,50,least_cost,Ranked k-means,All features mutable,α < 1,0.9954269128149522,41913,1,2,True,,17.0,0.34714276926393617,2.634929863445842,1.936034849698212,0.936034849698212,True,3.5968999999340667,Optimization terminated successfully
Diabetes,3,42,10,300,0.0001,50,least_cost,Ranked k-means,Random 25% immutable,α = 1,1.0,41913,1,2,True,,14.0,0.3496309046040244,2.644355893611994,1.9137286823611743,0.9137286823611743,True,3.13010000002123,Optimization terminated successfully
Diabetes,3,42,10,300,0.0001,50,least_cost,Ranked k-means,Random 25% immutable,α < 1,0.9954269128149522,41913,1,2,True,,14.0,0.35275406896778916,2.6561403162024,1.905238123304938,0.905238123304938,True,2.9084999999895444,Optimization terminated successfully
Diabetes,3,42,10,300,0.0001,50,least_cost,Ranked k-means,Random 50% immutable,α = 1,1.0,41913,1,2,False,,,,,,,False,8.20839999994405,Positive directional derivative for linesearch
Diabetes,3,42,10,300,0.0001,50,least_cost,Ranked k-means,Random 50% immutable,α < 1,0.9954269128149522,41913,1,2,False,,,,,,,False,6.070100000101775,Positive directional derivative for linesearch
Diabetes,3,42,10,300,0.0001,50,least_cost,Ranked k-means,Random 75% immutable,α = 1,1.0,41913,1,2,True,,4.0,0.4091867391160532,2.8607227727134035,1.6351915404958624,0.6351915404958624,True,1.9763000000239117,Optimization terminated successfully
Diabetes,3,42,10,300,0.0001,50,least_cost,Ranked k-means,Random 75% immutable,α < 1,0.9954269128149522,41913,1,2,True,,4.0,0.41284190067329535,2.873471422072248,1.6279367448284672,0.6279367448284672,True,2.0124000000123488,Optimization terminated successfully
Diabetes,3,42,10,300,0.0001,50,least_cost,Ranked k-means,All features mutable,α = 1,1.0,176879,0,2,True,,14.0,0.548605973799565,3.3124189765172067,1.5833499105773703,0.5833499105773703,True,3.8610999999946216,Optimization terminated successfully
Diabetes,3,42,10,300,0.0001,50,least_cost,Ranked k-means,All features mutable,α < 1,0.9954269128149522,176879,0,2,True,,14.0,0.552789906940889,3.325026035810514,1.5773465322717624,0.5773465322717624,True,3.681700000015553,Optimization terminated successfully
Diabetes,3,42,10,300,0.0001,50,least_cost,Ranked k-means,Random 25% immutable,α = 1,1.0,176879,0,2,True,,10.0,0.5728643054828232,3.384861313208631,1.5163018769492773,0.5163018769492773,True,3.034600000091814,Optimization terminated successfully
Diabetes,3,42,10,300,0.0001,50,least_cost,Ranked k-means,Random 25% immutable,α < 1,0.9954269128149522,176879,0,2,True,,10.0,0.5772332443344931,3.3977440878750507,1.5105527181070713,0.5105527181070713,True,3.1142000000272674,Optimization terminated successfully
Diabetes,3,42,10,300,0.0001,50,least_cost,Ranked k-means,Random 50% immutable,α = 1,1.0,176879,0,2,False,,,,,,,False,7.57310000005873,Positive directional derivative for linesearch
Diabetes,3,42,10,300,0.0001,50,least_cost,Ranked k-means,Random 50% immutable,α < 1,0.9954269128149522,176879,0,2,False,,,,,,,False,3.1622999999854073,Positive directional derivative for linesearch
Diabetes,3,42,10,300,0.0001,50,least_cost,Ranked k-means,Random 75% immutable,α = 1,1.0,176879,0,2,False,,,,,,,False,2.029899999911322,Positive directional derivative for linesearch
Diabetes,3,42,10,300,0.0001,50,least_cost,Ranked k-means,Random 75% immutable,α < 1,0.9954269128149522,176879,0,2,False,,,,,,,False,8.268899999961832,Positive directional derivative for linesearch
Diabetes,3,42,10,300,0.0001,50,least_cost,Ranked k-means,All features mutable,α = 1,1.0,225226,0,2,True,,13.0,0.8009161182465758,4.002289640309846,1.3345496219973756,0.3345496219973756,True,3.8714999999456268,Optimization terminated successfully
Diabetes,3,42,10,300,0.0001,50,least_cost,Ranked k-means,All features mutable,α < 1,0.9954269128149522,225226,0,2,True,,13.0,0.8058782966394691,4.014668844722984,1.3304345463230223,0.33043454632302227,True,3.7569999999504944,Optimization terminated successfully
Diabetes,3,42,10,300,0.0001,50,least_cost,Ranked k-means,Random 25% immutable,α = 1,1.0,225226,0,2,True,,9.0,0.8468200625875627,4.115385917717955,1.2622071046795766,0.26220710467957664,True,3.1301999999868713,Optimization terminated successfully
Diabetes,3,42,10,300,0.0001,50,least_cost,Ranked k-means,Random 25% immutable,α < 1,0.9954269128149522,225226,0,2,True,,9.0,0.8520666447470497,4.1281149323802735,1.258315098174692,0.258315098174692,True,3.0782999999701133,Optimization terminated successfully
Diabetes,3,42,10,300,0.0001,50,least_cost,Ranked k-means,Random 50% immutable,α = 1,1.0,225226,0,2,True,,7.0,0.9453264896794312,4.348163956613023,1.130680569393498,0.13068056939349804,True,2.788799999962066,Optimization terminated successfully
Diabetes,3,42,10,300,0.0001,50,least_cost,Ranked k-means,Random 50% immutable,α < 1,0.9954269128149522,225226,0,2,True,,7.0,0.951183381024794,4.361612960877647,1.1271941233523246,0.1271941233523246,True,2.512299999921197,Optimization terminated successfully
Diabetes,3,42,10,300,0.0001,50,least_cost,Ranked k-means,Random 75% immutable,α = 1,1.0,225226,0,2,False,,,,,,,False,5.690999999956148,Positive directional derivative for linesearch
Diabetes,3,42,10,300,0.0001,50,least_cost,Ranked k-means,Random 75% immutable,α < 1,0.9954269128149522,225226,0,2,False,,,,,,,False,4.188100000078521,Positive directional derivative for linesearch
Diabetes,3,42,10,300,0.0001,50,least_cost,Ranked k-means,All features mutable,α = 1,1.0,226565,1,2,True,,20.0,0.4162211883823133,2.885207751210693,1.7700578555326938,0.7700578555326938,True,3.5785000000032596,Optimization terminated successfully
Diabetes,3,42,10,300,0.0001,50,least_cost,Ranked k-means,All features mutable,α < 1,0.9954269128149522,226565,1,2,True,,20.0,0.41959716243275097,2.896885094140777,1.7629227495338309,0.7629227495338309,True,3.586299999938092,Optimization terminated successfully
Diabetes,3,42,10,300,0.0001,50,least_cost,Ranked k-means,Random 25% immutable,α = 1,1.0,226565,1,2,True,,15.0,0.43558205054325877,2.9515489172407725,1.6913818709110309,0.6913818709110309,True,3.2295999999405467,Optimization terminated successfully
Diabetes,3,42,10,300,0.0001,50,least_cost,Ranked k-means,Random 25% immutable,α < 1,0.9954269128149522,226565,1,2,True,,15.0,0.43911506073234935,2.9634947637286264,1.6845639063546676,0.6845639063546676,True,2.849900000001071,Optimization terminated successfully
Diabetes,3,42,10,300,0.0001,50,least_cost,Ranked k-means,Random 50% immutable,α = 1,1.0,226565,1,2,True,,10.0,0.43657259938303294,2.9549030420067353,1.6875442602951922,0.6875442602951922,True,2.384699999993245,Optimization terminated successfully
Diabetes,3,42,10,300,0.0001,50,least_cost,Ranked k-means,Random 50% immutable,α < 1,0.9954269128149522,226565,1,2,True,,10.0,0.4401136439232616,2.966862463692112,1.6807417652365215,0.6807417652365215,True,2.4584000000231754,Optimization terminated successfully
Diabetes,3,42,10,300,0.0001,50,least_cost,Ranked k-means,Random 75% immutable,α = 1,1.0,226565,1,2,False,,,,,,,False,5.859800000052928,Positive directional derivative for linesearch
Diabetes,3,42,10,300,0.0001,50,least_cost,Ranked k-means,Random 75% immutable,α < 1,0.9954269128149522,226565,1,2,False,,,,,,,False,1.477199999953882,Positive directional derivative for linesearch
Diabetes,3,42,10,300,0.0001,50,least_cost,Ranked k-means,All features mutable,α = 1,1.0,111314,1,2,True,,18.0,0.39035686404093867,2.794125494822803,1.8273238194508337,0.8273238194508337,True,4.174000000034539,Optimization terminated successfully
Diabetes,3,42,10,300,0.0001,50,least_cost,Ranked k-means,All features mutable,α < 1,0.9954269128149522,111314,1,2,True,,18.0,0.3936272563449934,2.805805611032216,1.819716935932521,0.8197169359325209,True,3.821999999900072,Optimization terminated successfully
Diabetes,3,42,10,300,0.0001,50,least_cost,Ranked k-means,Random 25% immutable,α = 1,1.0,111314,1,2,True,,14.0,0.3946860710540733,2.809576733438947,1.8072803865330862,0.8072803865330862,True,3.638300000034178,Optimization terminated successfully
Diabetes,3,42,10,300,0.0001,50,least_cost,Ranked k-means,Random 25% immutable,α < 1,0.9954269128149522,111314,1,2,True,,14.0,0.39799273326036944,2.821321439539881,1.7997569445792094,0.7997569445792094,True,2.8270999999904234,Optimization terminated successfully
Diabetes,3,42,10,300,0.0001,50,least_cost,Ranked k-means,Random 50% immutable,α = 1,1.0,111314,1,2,False,,,,,,,False,5.635900000015681,Positive directional derivative for linesearch
Diabetes,3,42,10,300,0.0001,50,least_cost,Ranked k-means,Random 50% immutable,α < 1,0.9954269128149522,111314,1,2,False,,,,,,,False,4.271900000048845,Positive directional derivative for linesearch
Diabetes,3,42,10,300,0.0001,50,least_cost,Ranked k-means,Random 75% immutable,α = 1,1.0,111314,1,2,False,,,,,,,False,6.382299999927454,Positive directional derivative for linesearch
Diabetes,3,42,10,300,0.0001,50,least_cost,Ranked k-means,Random 75% immutable,α < 1,0.9954269128149522,111314,1,2,False,,,,,,,False,13.151699999980337,Positive directional derivative for linesearch
Diabetes,3,42,10,300,0.0001,50,least_cost,Ranked k-means,All features mutable,α = 1,1.0,23371,1,0,True,,15.0,0.27991111411006575,2.3660562719853715,2.227603132913821,1.227603132913821,True,3.6783000000468746,Optimization terminated successfully
Diabetes,3,42,10,300,0.0001,50,least_cost,Ranked k-means,All features mutable,α < 1,0.9999667010862864,23371,1,0,True,,15.0,0.2799251856715761,2.366115743878883,2.2275470056776365,1.2275470056776365,True,3.6082000000305925,Optimization terminated successfully
Diabetes,3,42,10,300,0.0001,50,least_cost,Ranked k-means,Random 25% immutable,α = 1,1.0,23371,1,0,True,,12.0,0.3176489791296383,2.520511769977035,1.962955682190779,0.962955682190779,True,3.064499999936743,Optimization terminated successfully
Diabetes,3,42,10,300,0.0001,50,least_cost,Ranked k-means,Random 25% immutable,α < 1,0.9999667010862864,23371,1,0,True,,12.0,0.3176649478315699,2.5205751241792806,1.9629062624752085,0.9629062624752085,True,2.938100000051236,Optimization terminated successfully
Diabetes,3,42,10,300,0.0001,50,least_cost,Ranked k-means,Random 50% immutable,α = 1,1.0,23371,1,0,True,,8.0,0.4595517318686025,3.0316719211306573,2.24700823632293,1.2470082363229298,True,2.426199999945311,Optimization terminated successfully
Diabetes,3,42,10,300,0.0001,50,least_cost,Ranked k-means,Random 50% immutable,α < 1,0.9999667010862864,23371,1,0,True,,8.0,0.4595748342398064,3.0317481235742734,2.2469516080032,1.2469516080032,True,2.606000000014319,Optimization terminated successfully
Diabetes,3,42,10,300,0.0001,50,least_cost,Ranked k-means,Random 75% immutable,α = 1,1.0,23371,1,0,False,,,,,,,False,13.332800000057432,Positive directional derivative for linesearch
Diabetes,3,42,10,300,0.0001,50,least_cost,Ranked k-means,Random 75% immutable,α < 1,0.9999667010862864,23371,1,0,False,,,,,,,False,2.4892999999792664,Positive directional derivative for linesearch
Diabetes,3,42,10,300,0.0001,50,least_cost,Ranked k-means,All features mutable,α = 1,1.0,217771,1,0,True,,15.0,0.06728075468368018,1.1600065058755504,3.8352959785429244,2.8352959785429244,True,3.776199999947494,Optimization terminated successfully
Diabetes,3,42,10,300,0.0001,50,least_cost,Ranked k-means,All features mutable,α < 1,0.9999667010862864,217771,1,0,True,,15.0,0.06728783467051781,1.1600675382969547,3.8350941889574437,2.8350941889574437,True,3.6340999999993073,Optimization terminated successfully
Diabetes,3,42,10,300,0.0001,50,least_cost,Ranked k-means,Random 25% immutable,α = 1,1.0,217771,1,0,True,,11.0,0.09454053278192734,1.375067509484006,2.7294283164205475,1.7294283164205475,True,3.0428000000028987,Optimization terminated successfully
Diabetes,3,42,10,300,0.0001,50,least_cost,Ranked k-means,Random 25% immutable,α < 1,0.9999667010862864,217771,1,0,True,,11.0,0.09455048132859373,1.3751398570952245,2.7292847277787633,1.7292847277787633,True,3.101399999991372,Optimization terminated successfully
Diabetes,3,42,10,300,0.0001,50,least_cost,Ranked k-means,Random 50% immutable,α = 1,1.0,217771,1,0,True,,8.0,0.11704719072367378,1.5300143183883854,2.2045946420361724,1.2045946420361724,True,2.4684999999635693,Optimization terminated successfully
Diabetes,3,42,10,300,0.0001,50,least_cost,Ranked k-means,Random 50% immutable,α < 1,0.9999667010862864,217771,1,0,True,,8.0,0.11705950765700193,1.530094818349516,2.204478645372881,1.2044786453728809,True,2.5826999999480904,Optimization terminated successfully
Diabetes,3,42,10,300,0.0001,50,least_cost,Ranked k-means,Random 75% immutable,α = 1,1.0,217771,1,0,True,,5.0,0.39116710255588305,2.7970237845105395,2.131789081326589,1.131789081326589,True,1.9527000000607586,Optimization terminated successfully
Diabetes,3,42,10,300,0.0001,50,least_cost,Ranked k-means,Random 75% immutable,α < 1,0.9999667010862864,217771,1,0,True,,5.0,0.3912082652620752,2.797170946731984,2.1316769239921203,1.1316769239921203,True,1.9446000000016284,Optimization terminated successfully
Diabetes,3,42,10,300,0.0001,50,least_cost,Ranked k-means,All features mutable,α = 1,1.0,235077,1,0,True,,14.0,1.8865362064296089e-06,0.006142534015257235,365.35059046006126,364.35059046006126,True,2.4536999999327236,Optimization terminated successfully
Diabetes,3,42,10,300,0.0001,50,least_cost,Ranked k-means,All features mutable,α < 1,0.9999667010862864,235077,1,0,True,,14.0,1.9238795774237717e-06,0.006203030835686329,361.7874049332685,360.7874049332685,True,2.3337999999739623,Optimization terminated successfully
Diabetes,3,42,10,300,0.0001,50,least_cost,Ranked k-means,Random 25% immutable,α = 1,1.0,235077,1,0,True,,10.0,2.2215144647600886e-06,0.006665604945929647,310.2600133639647,309.2600133639647,True,2.0688999999265434,Optimization terminated successfully
Diabetes,3,42,10,300,0.0001,50,least_cost,Ranked k-means,Random 25% immutable,α < 1,0.9999667010862864,235077,1,0,True,,10.0,2.2654886214943567e-06,0.006731253407047393,307.2341143971258,306.2341143971258,True,2.2440000000187865,Optimization terminated successfully
Diabetes,3,42,10,300,0.0001,50,least_cost,Ranked k-means,Random 50% immutable,α = 1,1.0,235077,1,0,True,,7.0,3.991822504350478e-06,0.008935124514353986,330.0953725736483,329.0953725736483,True,1.8079999999827123,Optimization terminated successfully
Diabetes,3,42,10,300,0.0001,50,least_cost,Ranked k-means,Random 50% immutable,α < 1,0.9999667010862864,235077,1,0,True,,7.0,4.070839333295903e-06,0.00902312510530127,326.87602455874827,325.87602455874827,True,1.7643999999563675,Optimization terminated successfully
Diabetes,3,42,10,300,0.0001,50,least_cost,Ranked k-means,Random 75% immutable,α = 1,1.0,235077,1,0,True,,3.0,6.8193569633758846e-06,0.01167849045328709,267.9804476371352,266.9804476371352,True,1.546299999972689,Optimization terminated successfully
Diabetes,3,42,10,300,0.0001,50,least_cost,Ranked k-means,Random 75% immutable,α < 1,0.9999667010862864,235077,1,0,True,,3.0,6.954343917857434e-06,0.011793510010049963,265.36689225394906,264.36689225394906,True,1.7198000000462343,Optimization terminated successfully
Diabetes,3,42,10,300,0.0001,50,least_cost,Ranked k-means,All features mutable,α = 1,1.0,160234,1,2,True,,19.0,0.32250532044933666,2.5397059690024615,2.0107585235074703,1.0107585235074703,True,3.7931000000526183,Optimization terminated successfully
Diabetes,3,42,10,300,0.0001,50,least_cost,Ranked k-means,All features mutable,α < 1,0.9954269128149522,160234,1,2,True,,19.0,0.32547798558017715,2.551383881661782,2.0015551116571806,1.0015551116571806,True,3.6129000000073574,Optimization terminated successfully
Diabetes,3,42,10,300,0.0001,50,least_cost,Ranked k-means,Random 25% immutable,α = 1,1.0,160234,1,2,True,,14.0,0.3302264322803256,2.569927751047977,1.9637444477199837,0.9637444477199837,True,3.0742999999802123,Optimization terminated successfully
Diabetes,3,42,10,300,0.0001,50,least_cost,Ranked k-means,Random 25% immutable,α < 1,0.9954269128149522,160234,1,2,True,,14.0,0.3332702660972503,2.5817446275619527,1.9547562218523802,0.9547562218523802,True,3.050700000017059,Optimization terminated successfully
Diabetes,3,42,10,300,0.0001,50,least_cost,Ranked k-means,Random 50% immutable,α = 1,1.0,160234,1,2,False,,,,,,,False,1.8168000000287066,Positive directional derivative for linesearch
Diabetes,3,42,10,300,0.0001,50,least_cost,Ranked k-means,Random 50% immutable,α < 1,0.9954269128149522,160234,1,2,False,,,,,,,False,30.35109999996166,Positive directional derivative for linesearch
Diabetes,3,42,10,300,0.0001,50,least_cost,Ranked k-means,Random 75% immutable,α = 1,1.0,160234,1,2,False,,,,,,,False,2.5617000000011103,Positive directional derivative for linesearch
Diabetes,3,42,10,300,0.0001,50,least_cost,Ranked k-means,Random 75% immutable,α < 1,0.9954269128149522,160234,1,2,False,,,,,,,False,3.528100000039558,Positive directional derivative for linesearch
Diabetes,3,42,10,300,0.0001,50,least_cost,Ranked k-means,All features mutable,α = 1,1.0,166020,0,1,True,,14.0,0.11630265376910129,1.5251403461262265,1.0,0.0,False,2.6713999999401494,Optimization terminated successfully
Diabetes,3,42,10,300,0.0001,50,least_cost,Ranked k-means,All features mutable,α < 1,0.999985952854013,166020,0,1,True,,14.0,0.11630747086772025,1.5251719304243718,1.0,0.0,False,2.607099999977436,Optimization terminated successfully
Diabetes,3,42,10,300,0.0001,50,least_cost,Ranked k-means,Random 25% immutable,α = 1,1.0,166020,0,1,True,,11.0,0.14391694373445918,1.6965667905181874,1.0000000000000002,2.220446049250313e-16,True,3.167399999938425,Optimization terminated successfully
Diabetes,3,42,10,300,0.0001,50,least_cost,Ranked k-means,Random 25% immutable,α < 1,0.999985952854013,166020,0,1,True,,11.0,0.14392296593006465,1.6966022865130452,1.0,0.0,False,3.027100000053906,Optimization terminated successfully
Diabetes,3,42,10,300,0.0001,50,least_cost,Ranked k-means,Random 50% immutable,α = 1,1.0,166020,0,1,True,,7.0,0.14287244164864582,1.6903990159050957,1.0000000000000002,2.220446049250313e-16,True,2.5738000000501415,Optimization terminated successfully
Diabetes,3,42,10,300,0.0001,50,least_cost,Ranked k-means,Random 50% immutable,α < 1,0.999985952854013,166020,0,1,True,,7.0,0.14287841826182593,1.6904343717626302,1.0,0.0,False,2.447500000016589,Optimization terminated successfully
Diabetes,3,42,10,300,0.0001,50,least_cost,Ranked k-means,Random 75% immutable,α = 1,1.0,166020,0,1,True,,4.0,0.433418026992382,2.9442079647755253,1.2234129486827874,0.22341294868278738,True,1.8382999999175809,Optimization terminated successfully
Diabetes,3,42,10,300,0.0001,50,least_cost,Ranked k-means,Random 75% immutable,α < 1,0.999985952854013,166020,0,1,True,,4.0,0.43343500764187415,2.9442656389730666,1.2233889833543616,0.22338898335436164,True,1.852299999995921,Optimization terminated successfully
Diabetes,3,42,10,300,0.0001,50,least_cost,Ranked k-means,All features mutable,α = 1,1.0,186618,1,2,True,,19.0,0.3713759494592829,2.72534749879454,1.8718486370109308,0.8718486370109308,True,3.507599999920785,Optimization terminated successfully
Diabetes,3,42,10,300,0.0001,50,least_cost,Ranked k-means,All features mutable,α < 1,0.9954269128149522,186618,1,2,True,,19.0,0.3745687239288618,2.7370375369324473,1.8638538657820904,0.8638538657820904,True,2.320600000075501,Optimization terminated successfully
Diabetes,3,42,10,300,0.0001,50,least_cost,Ranked k-means,Random 25% immutable,α = 1,1.0,186618,1,2,True,,10.0,3.75353407917879,8.664333879968835,1.0,0.0,False,3.073999999969601,Optimization terminated successfully
Diabetes,3,42,10,300,0.0001,50,least_cost,Ranked k-means,Random 25% immutable,α < 1,0.9954269128149522,186618,1,2,True,,10.0,3.841019934238678,8.764724678207157,1.0,0.0,False,3.088400000024194,Optimization terminated successfully
Diabetes,3,42,10,300,0.0001,50,least_cost,Ranked k-means,Random 50% immutable,α = 1,1.0,186618,1,2,False,,,,,,,False,26.56569999999192,Positive directional derivative for linesearch
Diabetes,3,42,10,300,0.0001,50,least_cost,Ranked k-means,Random 50% immutable,α < 1,0.9954269128149522,186618,1,2,False,,,,,,,False,4.801499999985026,Positive directional derivative for linesearch
Diabetes,3,42,10,300,0.0001,50,least_cost,Ranked k-means,Random 75% immutable,α = 1,1.0,186618,1,2,False,,,,,,,False,2.620100000058301,Positive directional derivative for linesearch
Diabetes,3,42,10,300,0.0001,50,least_cost,Ranked k-means,Random 75% immutable,α < 1,0.9954269128149522,186618,1,2,False,,,,,,,False,1.5648999999484658,Positive directional derivative for linesearch
Diabetes,3,42,10,300,0.0001,50,least_cost,Ranked k-means,All features mutable,α = 1,1.0,114264,1,2,True,,15.0,0.3001519112309977,2.4501098392969967,2.0767304279870245,1.0767304279870245,True,3.8024999998924613,Optimization terminated successfully
Diabetes,3,42,10,300,0.0001,50,least_cost,Ranked k-means,All features mutable,α < 1,0.9954269128149522,114264,1,2,True,,15.0,0.3030304094763868,2.461830251972653,2.066843395003956,1.0668433950039562,True,3.3537000000478656,Optimization terminated successfully
Diabetes,3,42,10,300,0.0001,50,least_cost,Ranked k-means,Random 25% immutable,α = 1,1.0,114264,1,2,True,,12.0,0.30657120576346664,2.4761712612962237,2.03324576982382,1.0332457698238202,True,2.9170000000249274,Optimization terminated successfully
Diabetes,3,42,10,300,0.0001,50,least_cost,Ranked k-means,Random 25% immutable,α < 1,0.9954269128149522,114264,1,2,True,,12.0,0.30951126592919487,2.488016342105473,2.0235657623636154,1.0235657623636154,True,3.271199999971941,Optimization terminated successfully
Diabetes,3,42,10,300,0.0001,50,least_cost,Ranked k-means,Random 50% immutable,α = 1,1.0,114264,1,2,True,,9.0,0.3097748638021271,2.489075586647087,2.012218156269562,1.012218156269562,True,2.7468999999200605,Optimization terminated successfully
Diabetes,3,42,10,300,0.0001,50,least_cost,Ranked k-means,Random 50% immutable,α < 1,0.9954269128149522,114264,1,2,True,,9.0,0.3127456474905046,2.5009823969412683,2.0026382723058815,1.0026382723058815,True,2.5321000000531058,Optimization terminated successfully
Diabetes,3,42,10,300,0.0001,50,least_cost,Ranked k-means,Random 75% immutable,α = 1,1.0,114264,1,2,False,,,,,,,False,1.3817999999901076,Positive directional derivative for linesearch
Diabetes,3,42,10,300,0.0001,50,least_cost,Ranked k-means,Random 75% immutable,α < 1,0.9954269128149522,114264,1,2,False,,,,,,,False,1.3913000000229658,Positive directional derivative for linesearch
Diabetes,3,42,10,300,0.0001,50,least_cost,Ranked k-means,All features mutable,α = 1,1.0,247458,0,1,True,,12.0,0.045075762736794055,0.9494815715620188,3.550515471238182,2.550515471238182,True,2.5130999999873893,Optimization terminated successfully
Diabetes,3,42,10,300,0.0001,50,least_cost,Ranked k-means,All features mutable,α < 1,0.999985952854013,247458,0,1,True,,12.0,0.045078988959171166,0.9495155497322955,3.5503884137016675,2.5503884137016675,True,2.4007000000665357,Optimization terminated successfully
Diabetes,3,42,10,300,0.0001,50,least_cost,Ranked k-means,Random 25% immutable,α = 1,1.0,247458,0,1,True,,11.0,0.04519094403542307,0.9506938943258557,3.5414660294309526,2.5414660294309526,True,2.129899999999907,Optimization terminated successfully
Diabetes,3,42,10,300,0.0001,50,least_cost,Ranked k-means,Random 25% immutable,α < 1,0.999985952854013,247458,0,1,True,,11.0,0.045194178501709155,0.9507279158803442,3.541339283138115,2.541339283138115,True,2.409199999988232,Optimization terminated successfully
Diabetes,3,42,10,300,0.0001,50,least_cost,Ranked k-means,Random 50% immutable,α = 1,1.0,247458,0,1,True,,6.0,0.1103066981692753,1.4853060167472243,1.8491714991173018,0.8491714991173018,True,1.8238000000110333,Optimization terminated successfully
Diabetes,3,42,10,300,0.0001,50,least_cost,Ranked k-means,Random 50% immutable,α < 1,0.999985952854013,247458,0,1,True,,6.0,0.11031459318682717,1.4853591699439375,1.8491053269897755,0.8491053269897755,True,1.8426999999974214,Optimization terminated successfully
Diabetes,3,42,10,300,0.0001,50,least_cost,Ranked k-means,Random 75% immutable,α = 1,1.0,247458,0,1,False,,,,,,,False,9.250400000041736,Positive directional derivative for linesearch
Diabetes,3,42,10,300,0.0001,50,least_cost,Ranked k-means,Random 75% immutable,α < 1,0.999985952854013,247458,0,1,False,,,,,,,False,42.90200000002642,Positive directional derivative for linesearch
Diabetes,3,42,10,300,0.0001,50,least_cost,Ranked k-means,All features mutable,α = 1,1.0,181984,1,0,True,,14.0,0.07543617226612753,1.2283010401862202,4.852384645653297,3.852384645653297,True,3.529299999968316,Optimization terminated successfully
Diabetes,3,42,10,300,0.0001,50,least_cost,Ranked k-means,All features mutable,α < 1,0.9999667010862864,181984,1,0,True,,14.0,0.07544359078112495,1.2283614352553156,4.8521460614926815,3.8521460614926815,True,3.6816000000499116,Optimization terminated successfully
Diabetes,3,42,10,300,0.0001,50,least_cost,Ranked k-means,Random 25% immutable,α = 1,1.0,181984,1,0,True,,11.0,0.10359870798593837,1.4394353614243216,3.5333001029988353,2.5333001029988353,True,3.1468000000813845,Optimization terminated successfully
Diabetes,3,42,10,300,0.0001,50,least_cost,Ranked k-means,Random 25% immutable,α < 1,0.9999667010862864,181984,1,0,True,,11.0,0.10360889605017626,1.4395061378832412,3.5331263723071986,2.5331263723071986,True,2.920500000072934,Optimization terminated successfully
Diabetes,3,42,10,300,0.0001,50,least_cost,Ranked k-means,Random 50% immutable,α = 1,1.0,181984,1,0,True,,7.0,0.21272446978700094,2.0626413638197065,2.407685782937443,1.4076857829374432,True,2.3824999999533247,Optimization terminated successfully
Diabetes,3,42,10,300,0.0001,50,least_cost,Ranked k-means,Random 50% immutable,α < 1,0.9999667010862864,181984,1,0,True,,7.0,0.21274538945487412,2.0627427830676037,2.4075674106976663,1.4075674106976663,True,2.4703999999928783,Optimization terminated successfully
Diabetes,3,42,10,300,0.0001,50,least_cost,Ranked k-means,Random 75% immutable,α = 1,1.0,181984,1,0,True,,3.0,0.17291533832644523,1.8596523240995626,2.395250770161831,1.395250770161831,True,1.428600000053848,Optimization terminated successfully
Diabetes,3,42,10,300,0.0001,50,least_cost,Ranked k-means,Random 75% immutable,α < 1,0.9999667010862864,181984,1,0,True,,3.0,0.17293234310004554,1.8597437624578583,2.3951330018966686,1.3951330018966686,True,1.506399999925634,Optimization terminated successfully
Diabetes,3,42,10,300,0.0001,50,least_cost,Ranked k-means,All features mutable,α = 1,1.0,16188,1,0,True,,15.0,0.4291875124653644,2.9298037902404466,2.0898592642985205,1.0898592642985205,True,3.4285000000409127,Optimization terminated successfully
Diabetes,3,42,10,300,0.0001,50,least_cost,Ranked k-means,All features mutable,α < 1,0.9999667010862864,16188,1,0,True,,15.0,0.42920473705361467,2.9298625805781904,2.0898172275689646,1.0898172275689646,True,3.3296000000291315,Optimization terminated successfully
Diabetes,3,42,10,300,0.0001,50,least_cost,Ranked k-means,Random 25% immutable,α = 1,1.0,16188,1,0,True,,12.0,0.5796020892876259,3.404708766657219,2.3121567266864953,1.3121567266864953,True,2.93859999999313,Optimization terminated successfully
Diabetes,3,42,10,300,0.0001,50,least_cost,Ranked k-means,Random 25% immutable,α < 1,0.9999667010862864,16188,1,0,True,,12.0,0.5796253504661245,3.404777086583274,2.312110423079983,1.3121104230799832,True,3.1827999999904932,Optimization terminated successfully
Diabetes,3,42,10,300,0.0001,50,least_cost,Ranked k-means,Random 50% immutable,α = 1,1.0,16188,1,0,True,,8.0,1.0067582413426128,4.487222395519555,1.2465832753541473,0.24658327535414726,True,2.5248999999121224,Optimization terminated successfully
Diabetes,3,42,10,300,0.0001,50,least_cost,Ranked k-means,Random 50% immutable,α < 1,0.9999667010862864,16188,1,0,True,,8.0,1.0067986455847433,4.487312437494727,1.246558343738569,0.246558343738569,True,2.4172999999336753,Optimization terminated successfully
Diabetes,3,42,10,300,0.0001,50,least_cost,Ranked k-means,Random 75% immutable,α = 1,1.0,16188,1,0,True,,3.0,2.1343331170242537,6.53350306807038,1.0,0.0,False,1.9086999999444743,Optimization terminated successfully
Diabetes,3,42,10,300,0.0001,50,least_cost,Ranked k-means,Random 75% immutable,α < 1,0.9999667010862864,16188,1,0,True,,3.0,2.1344748174025074,6.533719947170229,1.0000000000000007,6.661338147750939e-16,True,1.8791999999621112,Optimization terminated successfully
Diabetes,3,42,10,300,0.0001,50,least_cost,Ranked k-means,All features mutable,α = 1,1.0,193058,0,2,True,,13.0,0.22090611794293613,2.1019330053212264,2.4211541620000006,1.4211541620000006,True,3.631500000096821,Optimization terminated successfully
Diabetes,3,42,10,300,0.0001,50,least_cost,Ranked k-means,All features mutable,α < 1,0.9954269128149522,193058,0,2,True,,13.0,0.22364550685208964,2.114925563002583,2.4062803603565035,1.4062803603565035,True,3.4726000000091517,Optimization terminated successfully
Diabetes,3,42,10,300,0.0001,50,least_cost,Ranked k-means,Random 25% immutable,α = 1,1.0,193058,0,2,True,,11.0,2.6001745202480215,7.211344562906452,1.0,0.0,False,5.332800000019233,Optimization terminated successfully
Diabetes,3,42,10,300,0.0001,50,least_cost,Ranked k-means,Random 25% immutable,α < 1,0.9954269128149522,193058,0,2,True,,11.0,2.650991968461862,7.281472335265529,1.0000000000000013,1.3322676295501878e-15,True,3.1298000000106185,Optimization terminated successfully
Diabetes,3,42,10,300,0.0001,50,least_cost,Ranked k-means,Random 50% immutable,α = 1,1.0,193058,0,2,True,,7.0,0.23917446242672807,2.1871189379031404,2.2362243959191663,1.2362243959191663,True,2.7545000000372966,Optimization terminated successfully
Diabetes,3,42,10,300,0.0001,50,least_cost,Ranked k-means,Random 50% immutable,α < 1,0.9954269128149522,193058,0,2,True,,7.0,0.24214039146402974,2.2006380504936733,2.2224866674668378,1.2224866674668378,True,3.06060000002617,Optimization terminated successfully
Diabetes,3,42,10,300,0.0001,50,least_cost,Ranked k-means,Random 75% immutable,α = 1,1.0,193058,0,2,False,,,,,,,False,1.3838999999506996,Positive directional derivative for linesearch
Diabetes,3,42,10,300,0.0001,50,least_cost,Ranked k-means,Random 75% immutable,α < 1,0.9954269128149522,193058,0,2,False,,,,,,,False,6.698099999994156,Positive directional derivative for linesearch
Diabetes,3,42,10,300,0.0001,50,least_cost,Ranked k-means,All features mutable,α = 1,1.0,112476,1,2,True,,20.0,0.34744693781354913,2.6360839812629226,1.93733760712936,0.93733760712936,True,3.519200000027922,Optimization terminated successfully
Diabetes,3,42,10,300,0.0001,50,least_cost,Ranked k-means,All features mutable,α < 1,0.9954269128149522,112476,1,2,True,,20.0,0.3505320014946146,2.6477613241930045,1.928793426849164,0.928793426849164,True,3.5417999999936,Optimization terminated successfully
Diabetes,3,42,10,300,0.0001,50,least_cost,Ranked k-means,Random 25% immutable,α = 1,1.0,112476,1,2,True,,15.0,0.3546612937049256,2.6633110734757426,1.897929176063469,0.8979291760634689,True,3.0949000000646265,Optimization terminated successfully
Diabetes,3,42,10,300,0.0001,50,least_cost,Ranked k-means,Random 25% immutable,α < 1,0.9954269128149522,112476,1,2,True,,15.0,0.3578104153612394,2.675109027165956,1.889558799293517,0.889558799293517,True,3.051099999993312,Optimization terminated successfully
Diabetes,3,42,10,300,0.0001,50,least_cost,Ranked k-means,Random 50% immutable,α = 1,1.0,112476,1,2,True,,10.0,0.3854109137384913,2.776367820511149,1.7465048165473398,0.7465048165473398,True,2.53239999995003,Optimization terminated successfully
Diabetes,3,42,10,300,0.0001,50,least_cost,Ranked k-means,Random 50% immutable,α < 1,0.9954269128149522,112476,1,2,True,,10.0,0.3888330685565573,2.7886665937560813,1.7388022623296377,0.7388022623296377,True,2.487600000108614,Optimization terminated successfully
Diabetes,3,42,10,300,0.0001,50,least_cost,Ranked k-means,Random 75% immutable,α = 1,1.0,112476,1,2,False,,,,,,,False,18.877500000030523,Positive directional derivative for linesearch
Diabetes,3,42,10,300,0.0001,50,least_cost,Ranked k-means,Random 75% immutable,α < 1,0.9954269128149522,112476,1,2,False,,,,,,,False,5.562499999996362,Positive directional derivative for linesearch
Diabetes,3,42,10,300,0.0001,50,least_cost,Ranked k-means,All features mutable,α = 1,1.0,217720,1,0,True,,17.0,0.5250767279404661,3.24060712811802,1.907801229185724,0.907801229185724,True,3.5884000000123706,Optimization terminated successfully
Diabetes,3,42,10,300,0.0001,50,least_cost,Ranked k-means,All features mutable,α < 1,0.9999667010862864,217720,1,0,True,,17.0,0.5250955962204478,3.240665352116592,1.9077668306003797,0.9077668306003797,True,3.623199999992721,Optimization terminated successfully
Diabetes,3,42,10,300,0.0001,50,least_cost,Ranked k-means,Random 25% immutable,α = 1,1.0,217720,1,0,True,,13.0,0.6200142201618914,3.521403754646409,1.6156758821237656,0.6156758821237656,True,3.590599999938604,Optimization terminated successfully
Diabetes,3,42,10,300,0.0001,50,least_cost,Ranked k-means,Random 25% immutable,α < 1,0.9999667010862864,217720,1,0,True,,13.0,0.6200364999569699,3.5214670237188637,1.6156467621365074,0.6156467621365074,True,3.203499999926862,Optimization terminated successfully
Diabetes,3,42,10,300,0.0001,50,least_cost,Ranked k-means,Random 50% immutable,α = 1,1.0,217720,1,0,True,,8.0,1.2490839867977093,4.99816763784031,1.1221388909958188,0.12213889099581876,True,2.4997000000439584,Optimization terminated successfully
Diabetes,3,42,10,300,0.0001,50,least_cost,Ranked k-means,Random 50% immutable,α < 1,0.9999667010862864,217720,1,0,True,,8.0,1.2491288717928508,4.998257439934143,1.122118834580409,0.12211883458040895,True,2.503100000012637,Optimization terminated successfully
Diabetes,3,42,10,300,0.0001,50,least_cost,Ranked k-means,Random 75% immutable,α = 1,1.0,217720,1,0,True,,5.0,1.7067306263665962,5.842483421228675,1.0,0.0,False,1.8472000000429034,Optimization terminated successfully
Diabetes,3,42,10,300,0.0001,50,least_cost,Ranked k-means,Random 75% immutable,α < 1,0.9999667010862864,217720,1,0,True,,5.0,1.7068065665825911,5.842613399126441,1.0,0.0,False,1.8432000000530024,Optimization terminated successfully
Diabetes,3,42,10,300,0.0001,50,least_cost,Ranked k-means,All features mutable,α = 1,1.0,138353,1,0,True,,15.0,0.018770069939841875,0.6127000887847475,7.022085294241847,6.022085294241847,True,2.652900000043701,Optimization terminated successfully
Diabetes,3,42,10,300,0.0001,50,least_cost,Ranked k-means,All features mutable,α < 1,0.9999667010862864,138353,1,0,True,,15.0,0.018773766357392616,0.6127604157807948,7.021393961547695,6.021393961547695,True,2.44559999998728,Optimization terminated successfully
Diabetes,3,42,10,300,0.0001,50,least_cost,Ranked k-means,Random 25% immutable,α = 1,1.0,138353,1,0,True,,10.0,0.034314057956933854,0.8284208828480105,3.8411380145906113,2.8411380145906113,True,2.2016000000348868,Optimization terminated successfully
Diabetes,3,42,10,300,0.0001,50,least_cost,Ranked k-means,Random 25% immutable,α < 1,0.9999667010862864,138353,1,0,True,,10.0,0.03432081547496531,0.828502449905434,3.8407598499588578,2.8407598499588578,True,2.1176000000195927,Optimization terminated successfully
Diabetes,3,42,10,300,0.0001,50,least_cost,Ranked k-means,Random 50% immutable,α = 1,1.0,138353,1,0,True,,6.0,0.03429170110921244,0.8281509658173736,3.84364228822498,2.84364228822498,True,1.7810000000508808,Optimization terminated successfully
Diabetes,3,42,10,300,0.0001,50,least_cost,Ranked k-means,Random 50% immutable,α < 1,0.9999667010862864,138353,1,0,True,,6.0,0.03429845422447686,0.8282325062985255,3.843263877044307,2.843263877044307,True,1.7828000000008615,Optimization terminated successfully
Diabetes,3,42,10,300,0.0001,50,least_cost,Ranked k-means,Random 75% immutable,α = 1,1.0,138353,1,0,True,,2.0,0.08043764056588237,1.2683661976407472,1.7142211001109402,0.7142211001109402,True,1.9251999999596592,Optimization terminated successfully
Diabetes,3,42,10,300,0.0001,50,least_cost,Ranked k-means,Random 75% immutable,α < 1,0.9999667010862864,138353,1,0,True,,2.0,0.08045348126904883,1.268491082105419,1.71405233467681,0.71405233467681,True,1.8703000000641623,Optimization terminated successfully
Diabetes,3,42,10,300,0.0001,50,least_cost,Ranked k-means,All features mutable,α = 1,1.0,57641,1,0,True,,14.0,0.0058666274363370075,0.3425383901502723,12.573514767726115,11.573514767726115,True,2.620600000000195,Optimization terminated successfully
Diabetes,3,42,10,300,0.0001,50,least_cost,Ranked k-means,All features mutable,α < 1,0.9999667010862864,57641,1,0,True,,14.0,0.005868787184827175,0.34260143563117695,12.571200990835623,11.571200990835623,True,2.397699999960423,Optimization terminated successfully
Diabetes,3,42,10,300,0.0001,50,least_cost,Ranked k-means,Random 25% immutable,α = 1,1.0,57641,1,0,True,,11.0,0.006438637114586974,0.35884919157180706,11.456481449826212,10.456481449826212,True,2.2518000000673055,Optimization terminated successfully
Diabetes,3,42,10,300,0.0001,50,least_cost,Ranked k-means,Random 25% immutable,α < 1,0.9999667010862864,57641,1,0,True,,11.0,0.006441007443526031,0.3589152391171495,11.454373229292843,10.454373229292843,True,2.184599999964121,Optimization terminated successfully
Diabetes,3,42,10,300,0.0001,50,least_cost,Ranked k-means,Random 50% immutable,α = 1,1.0,57641,1,0,True,,6.0,0.015299309008941036,0.5531601758793023,6.391679595229223,5.391679595229223,True,1.8121999999038962,Optimization terminated successfully
Diabetes,3,42,10,300,0.0001,50,least_cost,Ranked k-means,Random 50% immutable,α < 1,0.9999667010862864,57641,1,0,True,,6.0,0.015304941318115477,0.553261987093194,6.390503399009584,5.390503399009584,True,1.7980999999736014,Optimization terminated successfully
Diabetes,3,42,10,300,0.0001,50,least_cost,Ranked k-means,Random 75% immutable,α = 1,1.0,57641,1,0,True,,2.0,0.032964405403330954,0.811965583055476,4.432254390188882,3.4322543901888816,True,1.3585000000375658,Optimization terminated successfully
Diabetes,3,42,10,300,0.0001,50,least_cost,Ranked k-means,Random 75% immutable,α < 1,0.9999667010862864,57641,1,0,True,,2.0,0.032976540965981176,0.8121150283793691,4.431438767192572,3.4314387671925717,True,1.320100000043567,Optimization terminated successfully
Diabetes,3,42,10,300,0.0001,50,least_cost,Ranked k-means,All features mutable,α = 1,1.0,21798,1,2,True,,18.0,0.4693102496274502,3.0636913996923716,1.6668042030625414,0.6668042030625414,True,2.422900000055961,Optimization terminated successfully
Diabetes,3,42,10,300,0.0001,50,least_cost,Ranked k-means,All features mutable,α < 1,0.9954269128149522,21798,1,2,True,,18.0,0.47289493374077546,3.0753696810002387,1.6604747530167345,0.6604747530167345,True,3.464700000108678,Optimization terminated successfully
Diabetes,3,42,10,300,0.0001,50,least_cost,Ranked k-means,Random 25% immutable,α = 1,1.0,21798,1,2,False,,,,,,,False,46.63690000006682,Positive directional derivative for linesearch
Diabetes,3,42,10,300,0.0001,50,least_cost,Ranked k-means,Random 25% immutable,α < 1,0.9954269128149522,21798,1,2,False,,,,,,,False,66.388800000027,Inequality constraints incompatible
Diabetes,3,42,10,300,0.0001,50,least_cost,Ranked k-means,Random 50% immutable,α = 1,1.0,21798,1,2,True,,8.0,0.4934672578041802,3.141551393194707,1.5852081120313257,0.5852081120313257,True,2.6027999999769236,Optimization terminated successfully
Diabetes,3,42,10,300,0.0001,50,least_cost,Ranked k-means,Random 50% immutable,α < 1,0.9954269128149522,21798,1,2,True,,8.0,0.4972364582752364,3.1535264650078214,1.5791885154835008,0.5791885154835008,True,2.5286999999707405,Optimization terminated successfully
Diabetes,3,42,10,300,0.0001,50,least_cost,Ranked k-means,Random 75% immutable,α = 1,1.0,21798,1,2,True,,4.0,0.5447931224523895,3.300888130344285,1.435863029279333,0.43586302927933307,True,1.900900000009642,Optimization terminated successfully
Diabetes,3,42,10,300,0.0001,50,least_cost,Ranked k-means,Random 75% immutable,α < 1,0.9954269128149522,21798,1,2,True,,4.0,0.5489543600244892,3.3134705673190736,1.4304105430563563,0.4304105430563563,True,1.849699999979748,Optimization terminated successfully
Diabetes,3,42,10,300,0.0001,50,least_cost,Ranked k-means,All features mutable,α = 1,1.0,198248,1,0,True,,14.0,0.003651498276838055,0.2702405697462191,16.260628564380212,15.260628564380212,True,2.618700000084573,Optimization terminated successfully
Diabetes,3,42,10,300,0.0001,50,least_cost,Ranked k-means,All features mutable,α < 1,0.9999667010862864,198248,1,0,True,,14.0,0.003653168337461726,0.2703023617159763,16.256911333562087,15.256911333562087,True,2.4938000000247484,Optimization terminated successfully
Diabetes,3,42,10,300,0.0001,50,least_cost,Ranked k-means,Random 25% immutable,α = 1,1.0,198248,1,0,True,,10.0,0.0057924550788698344,0.34036612871641136,13.58899554480994,12.58899554480994,True,2.1486999999069667,Optimization terminated successfully
Diabetes,3,42,10,300,0.0001,50,least_cost,Ranked k-means,Random 25% immutable,α < 1,0.9999667010862864,198248,1,0,True,,10.0,0.005795104334164019,0.34044395527499144,13.585889057705044,12.585889057705044,True,2.15000000002874,Optimization terminated successfully
Diabetes,3,42,10,300,0.0001,50,least_cost,Ranked k-means,Random 50% immutable,α = 1,1.0,198248,1,0,True,,8.0,0.007306910311390779,0.3822802718265953,8.125959484846803,7.125959484846803,True,1.8784999999752472,Optimization terminated successfully
Diabetes,3,42,10,300,0.0001,50,least_cost,Ranked k-means,Random 50% immutable,α < 1,0.9999667010862864,198248,1,0,True,,8.0,0.007310252222646537,0.382367682280983,8.124101864959153,7.124101864959153,True,1.8112999999857493,Optimization terminated successfully
Diabetes,3,42,10,300,0.0001,50,least_cost,Ranked k-means,Random 75% immutable,α = 1,1.0,198248,1,0,True,,3.0,0.042142318514999305,0.9180666480708174,2.168620145906859,1.1686201459068588,True,1.4707000000271364,Optimization terminated successfully
Diabetes,3,42,10,300,0.0001,50,least_cost,Ranked k-means,Random 75% immutable,α < 1,0.9999667010862864,198248,1,0,True,,3.0,0.04216159285703816,0.9182765689816784,2.168124392523012,1.168124392523012,True,1.4057999999295134,Optimization terminated successfully
Diabetes,3,42,10,300,0.0001,50,least_cost,Ranked k-means,All features mutable,α = 1,1.0,196300,0,1,True,,14.0,0.08748095341099876,1.3227316690168023,1.0,0.0,False,3.7970000000768778,Optimization terminated successfully
Diabetes,3,42,10,300,0.0001,50,least_cost,Ranked k-means,All features mutable,α < 1,0.999985952854013,196300,0,1,True,,14.0,0.08748528706518462,1.3227644315235016,1.0,0.0,False,3.357800000003408,Optimization terminated successfully
Diabetes,3,42,10,300,0.0001,50,least_cost,Ranked k-means,Random 25% immutable,α = 1,1.0,196300,0,1,True,,10.0,0.10012556484768213,1.415101161385165,1.0000000000000002,2.220446049250313e-16,True,3.152300000010655,Optimization terminated successfully
Diabetes,3,42,10,300,0.0001,50,least_cost,Ranked k-means,Random 25% immutable,α < 1,0.999985952854013,196300,0,1,True,,10.0,0.10013054432065595,1.4151363490537294,1.0,0.0,False,3.3935000000155924,Optimization terminated successfully
Diabetes,3,42,10,300,0.0001,50,least_cost,Ranked k-means,Random 50% immutable,α = 1,1.0,196300,0,1,True,,8.0,0.18022856769597267,1.898570871450274,1.2951834382498792,0.29518343824987925,True,2.284400000007736,Optimization terminated successfully
Diabetes,3,42,10,300,0.0001,50,least_cost,Ranked k-means,Random 50% immutable,α < 1,0.999985952854013,196300,0,1,True,,8.0,0.18023702160490895,1.8986153986782524,1.2951530593322267,0.2951530593322267,True,2.352799999925992,Optimization terminated successfully
Diabetes,3,42,10,300,0.0001,50,least_cost,Ranked k-means,Random 75% immutable,α = 1,1.0,196300,0,1,False,,,,,,,False,10.774900000001253,Positive directional derivative for linesearch
Diabetes,3,42,10,300,0.0001,50,least_cost,Ranked k-means,Random 75% immutable,α < 1,0.999985952854013,196300,0,1,False,,,,,,,False,1.4178999999785447,Positive directional derivative for linesearch
Diabetes,3,42,10,300,0.0001,50,least_cost,Ranked k-means,All features mutable,α = 1,1.0,46304,1,0,True,,17.0,0.262048746128339,2.2893175669982484,1.3006774762201585,0.3006774762201585,True,3.709299999968607,Optimization terminated successfully
Diabetes,3,42,10,300,0.0001,50,least_cost,Ranked k-means,All features mutable,α < 1,0.9999667010862864,46304,1,0,True,,17.0,0.2620620497658029,2.2893756780651047,1.3006444456645785,0.3006444456645785,True,3.4133999999994558,Optimization terminated successfully
Diabetes,3,42,10,300,0.0001,50,least_cost,Ranked k-means,Random 25% immutable,α = 1,1.0,46304,1,0,True,,13.0,0.3293115710591366,2.566365410689353,1.874929149945956,0.8749291499459559,True,3.159599999889906,Optimization terminated successfully
Diabetes,3,42,10,300,0.0001,50,least_cost,Ranked k-means,Random 25% immutable,α < 1,0.9999667010862864,46304,1,0,True,,13.0,0.32932828948202064,2.5664305542212538,1.8748815489130324,0.8748815489130324,True,3.1245999999782725,Optimization terminated successfully
Diabetes,3,42,10,300,0.0001,50,least_cost,Ranked k-means,Random 50% immutable,α = 1,1.0,46304,1,0,True,,8.0,0.4333151684340526,2.943858585034453,1.0,0.0,False,2.507299999933821,Optimization terminated successfully
Diabetes,3,42,10,300,0.0001,50,least_cost,Ranked k-means,Random 50% immutable,α < 1,0.9999667010862864,46304,1,0,True,,8.0,0.4333379108991563,2.943935837952846,1.0,0.0,False,2.3737000000210173,Optimization terminated successfully
Diabetes,3,42,10,300,0.0001,50,least_cost,Ranked k-means,Random 75% immutable,α = 1,1.0,46304,1,0,True,,5.0,1.6848554872876094,5.804921166196159,1.0,0.0,False,1.9866999999749169,Optimization terminated successfully
Diabetes,3,42,10,300,0.0001,50,least_cost,Ranked k-means,Random 75% immutable,α < 1,0.9999667010862864,46304,1,0,True,,5.0,1.6849682560982948,5.805115427100989,1.0000000000000009,8.881784197001252e-16,True,1.9277999999758322,Optimization terminated successfully
Diabetes,3,42,10,300,0.0001,50,least_cost,Ranked k-means,All features mutable,α = 1,1.0,94053,0,2,True,,13.0,0.607318680031531,3.4851647881600405,1.5104588815580033,0.5104588815580033,True,3.7952999999788517,Optimization terminated successfully
Diabetes,3,42,10,300,0.0001,50,least_cost,Ranked k-means,All features mutable,α < 1,0.9954269128149522,94053,0,2,True,,13.0,0.6117040774565837,3.497725196342856,1.5050347920592804,0.5050347920592804,True,3.472699999974793,Optimization terminated successfully
Diabetes,3,42,10,300,0.0001,50,least_cost,Ranked k-means,Random 25% immutable,α = 1,1.0,94053,0,2,True,,11.0,0.6392301515134634,3.5755563245835282,1.4350541762147833,0.43505417621478326,True,2.9678999999305233,Optimization terminated successfully
Diabetes,3,42,10,300,0.0001,50,least_cost,Ranked k-means,Random 25% immutable,α < 1,0.9954269128149522,94053,0,2,True,,11.0,0.6438459790067315,3.5884425006031,1.4299008656914471,0.42990086569144714,True,3.1219999999620995,Optimization terminated successfully
Diabetes,3,42,10,300,0.0001,50,least_cost,Ranked k-means,Random 50% immutable,α = 1,1.0,94053,0,2,True,,6.0,0.6892968004164456,3.712941692018461,1.3308198683236023,0.33081986832360233,True,2.5694999999359425,Optimization terminated successfully
Diabetes,3,42,10,300,0.0001,50,least_cost,Ranked k-means,Random 50% immutable,α < 1,0.9954269128149522,94053,0,2,True,,6.0,0.6942741549965601,3.726322999946623,1.326040865333503,0.32604086533350296,True,2.396699999962948,Optimization terminated successfully
Diabetes,3,42,10,300,0.0001,50,least_cost,Ranked k-means,Random 75% immutable,α = 1,1.0,94053,0,2,True,,4.0,0.7154795191102625,3.782801922147821,1.2821189951530145,0.28211899515301453,True,1.9927000000734552,Optimization terminated successfully
Diabetes,3,42,10,300,0.0001,50,least_cost,Ranked k-means,Random 75% immutable,α < 1,0.9954269128149522,94053,0,2,True,,4.0,0.7206459369135496,3.79643500382543,1.2775148782121688,0.2775148782121688,True,1.878500000088934,Optimization terminated successfully
Diabetes,3,42,10,300,0.0001,50,least_cost,Ranked k-means,All features mutable,α = 1,1.0,32495,0,1,True,,12.0,0.07158386006408517,1.1965271418909404,1.0,0.0,False,3.7233000000469474,Optimization terminated successfully
Diabetes,3,42,10,300,0.0001,50,least_cost,Ranked k-means,All features mutable,α < 1,0.999985952854013,32495,0,1,True,,12.0,0.07158766115975851,1.1965589092038762,1.0,0.0,False,3.642700000000332,Optimization terminated successfully
Diabetes,3,42,10,300,0.0001,50,least_cost,Ranked k-means,Random 25% immutable,α = 1,1.0,32495,0,1,True,,10.0,0.0769734215159947,1.2407531705862749,1.0,0.0,False,2.8178999999681764,Optimization terminated successfully
Diabetes,3,42,10,300,0.0001,50,least_cost,Ranked k-means,Random 25% immutable,α < 1,0.999985952854013,32495,0,1,True,,10.0,0.07697763729715235,1.2407871477183534,1.0,0.0,False,3.333199999929093,Optimization terminated successfully
Diabetes,3,42,10,300,0.0001,50,least_cost,Ranked k-means,Random 50% immutable,α = 1,1.0,32495,0,1,True,,6.0,0.26888065165918285,2.3189680966291144,1.0,0.0,False,2.32030000006489,Optimization terminated successfully
Diabetes,3,42,10,300,0.0001,50,least_cost,Ranked k-means,Random 50% immutable,α < 1,0.999985952854013,32495,0,1,True,,6.0,0.2688966089407183,2.319036907600732,1.0,0.0,False,2.2845999999390187,Optimization terminated successfully
Diabetes,3,42,10,300,0.0001,50,least_cost,Ranked k-means,Random 75% immutable,α = 1,1.0,32495,0,1,False,,,,,,,False,7.4294999999438005,Positive directional derivative for linesearch
Diabetes,3,42,10,300,0.0001,50,least_cost,Ranked k-means,Random 75% immutable,α < 1,0.999985952854013,32495,0,1,False,,,,,,,False,6.807500000036271,Positive directional derivative for linesearch
Diabetes,3,42,10,300,0.0001,50,least_cost,Ranked k-means,All features mutable,α = 1,1.0,23887,1,2,True,,19.0,0.46687345305847605,3.055727255690455,1.6712575435516088,0.6712575435516088,True,3.5965999999234555,Optimization terminated successfully
Diabetes,3,42,10,300,0.0001,50,least_cost,Ranked k-means,All features mutable,α < 1,0.9954269128149522,23887,1,2,True,,19.0,0.4704486028572228,3.0674047755626344,1.6648951140177777,0.6648951140177777,True,3.6557999999331514,Optimization terminated successfully
Diabetes,3,42,10,300,0.0001,50,least_cost,Ranked k-means,Random 25% immutable,α = 1,1.0,23887,1,2,False,,,,,,,False,2.4517999999034146,Positive directional derivative for linesearch
Diabetes,3,42,10,300,0.0001,50,least_cost,Ranked k-means,Random 25% immutable,α < 1,0.9954269128149522,23887,1,2,False,,,,,,,False,7.7092999999877065,Positive directional derivative for linesearch
Diabetes,3,42,10,300,0.0001,50,least_cost,Ranked k-means,Random 50% immutable,α = 1,1.0,23887,1,2,False,,,,,,,False,12.705299999993258,Positive directional derivative for linesearch
Diabetes,3,42,10,300,0.0001,50,least_cost,Ranked k-means,Random 50% immutable,α < 1,0.9954269128149522,23887,1,2,False,,,,,,,False,1.9768999999314474,Positive directional derivative for linesearch
Diabetes,3,42,10,300,0.0001,50,least_cost,Ranked k-means,Random 75% immutable,α = 1,1.0,23887,1,2,False,,,,,,,False,19.885100000010425,Positive directional derivative for linesearch
Diabetes,3,42,10,300,0.0001,50,least_cost,Ranked k-means,Random 75% immutable,α < 1,0.9954269128149522,23887,1,2,False,,,,,,,False,6.552499999997963,Positive directional derivative for linesearch
Diabetes,3,42,10,300,0.0001,50,least_cost,Ranked k-means,All features mutable,α = 1,1.0,209943,1,2,True,,18.0,0.43068268807347115,2.9349026834751135,1.739552313112476,0.7395523131124759,True,3.806699999927332,Optimization terminated successfully
Diabetes,3,42,10,300,0.0001,50,least_cost,Ranked k-means,All features mutable,α < 1,0.9954269128149522,209943,1,2,True,,18.0,0.43411774929022595,2.946583612559555,1.7326563224936318,0.7326563224936318,True,3.3171000000038475,Optimization terminated successfully
Diabetes,3,42,10,300,0.0001,50,least_cost,Ranked k-means,Random 25% immutable,α = 1,1.0,209943,1,2,True,,14.0,0.4390593265999636,2.963306688818974,1.7063640825220372,0.7063640825220372,True,3.223299999945084,Optimization terminated successfully
Diabetes,3,42,10,300,0.0001,50,least_cost,Ranked k-means,Random 25% immutable,α < 1,0.9954269128149522,209943,1,2,True,,14.0,0.442561198642708,2.975100666003448,1.6995996594959344,0.6995996594959344,True,3.1875999999328997,Optimization terminated successfully
Diabetes,3,42,10,300,0.0001,50,least_cost,Ranked k-means,Random 50% immutable,α = 1,1.0,209943,1,2,False,,,,,,,False,33.25309999991077,Positive directional derivative for linesearch
Diabetes,3,42,10,300,0.0001,50,least_cost,Ranked k-means,Random 50% immutable,α < 1,0.9954269128149522,209943,1,2,False,,,,,,,False,54.34089999994285,Positive directional derivative for linesearch
Diabetes,3,42,10,300,0.0001,50,least_cost,Ranked k-means,Random 75% immutable,α = 1,1.0,209943,1,2,False,,,,,,,False,18.00750000006701,Positive directional derivative for linesearch
Diabetes,3,42,10,300,0.0001,50,least_cost,Ranked k-means,Random 75% immutable,α < 1,0.9954269128149522,209943,1,2,False,,,,,,,False,5.722599999899103,Positive directional derivative for linesearch
Diabetes,3,42,10,300,0.0001,50,least_cost,Ranked + weighted SHARK,All features mutable,α = 1,1.0,102075,1,2,True,,1.0,6.422639222950592,2.5342926474562075,2.000000000000493,1.000000000000493,True,4.977399999916088,Optimization terminated successfully
Diabetes,3,42,10,300,0.0001,50,least_cost,Ranked + weighted SHARK,All features mutable,α < 1,0.01,102075,1,2,True,,1.0,25.43429358680603,5.0432423684377925,1.0050251256284006,0.0050251256284006285,True,4.821699999979501,Optimization terminated successfully
Diabetes,3,42,10,300,0.0001,50,least_cost,Ranked + weighted SHARK,Random 25% immutable,α = 1,1.0,102075,1,2,True,,1.0,6.422639222950592,2.5342926474562075,2.000000000000493,1.000000000000493,True,4.079100000012659,Optimization terminated successfully
Diabetes,3,42,10,300,0.0001,50,least_cost,Ranked + weighted SHARK,Random 25% immutable,α < 1,0.01,102075,1,2,True,,1.0,25.43429358680603,5.0432423684377925,1.0050251256284006,0.0050251256284006285,True,4.24160000000029,Optimization terminated successfully
Diabetes,3,42,10,300,0.0001,50,least_cost,Ranked + weighted SHARK,Random 50% immutable,α = 1,1.0,102075,1,2,False,,,,,,,False,1.2496000000510321,Positive directional derivative for linesearch
Diabetes,3,42,10,300,0.0001,50,least_cost,Ranked + weighted SHARK,Random 50% immutable,α < 1,0.01,102075,1,2,False,,,,,,,False,1.1547999999947933,Positive directional derivative for linesearch
Diabetes,3,42,10,300,0.0001,50,least_cost,Ranked + weighted SHARK,Random 75% immutable,α = 1,1.0,102075,1,2,False,,,,,,,False,1.2712999999848762,Positive directional derivative for linesearch
Diabetes,3,42,10,300,0.0001,50,least_cost,Ranked + weighted SHARK,Random 75% immutable,α < 1,0.01,102075,1,2,False,,,,,,,False,1.3231000000359927,Positive directional derivative for linesearch
Diabetes,3,42,10,300,0.0001,50,least_cost,Ranked + weighted SHARK,All features mutable,α = 1,1.0,130178,1,2,True,,1.0,6.422639222950592,2.5342926474562075,2.000000000000493,1.000000000000493,True,5.596600000103535,Optimization terminated successfully
Diabetes,3,42,10,300,0.0001,50,least_cost,Ranked + weighted SHARK,All features mutable,α < 1,0.01,130178,1,2,True,,1.0,25.43429358680603,5.0432423684377925,1.0050251256284006,0.0050251256284006285,True,5.5284000000028755,Optimization terminated successfully
Diabetes,3,42,10,300,0.0001,50,least_cost,Ranked + weighted SHARK,Random 25% immutable,α = 1,1.0,130178,1,2,True,,1.0,6.422639222950592,2.5342926474562075,2.000000000000493,1.000000000000493,True,4.334200000016608,Optimization terminated successfully
Diabetes,3,42,10,300,0.0001,50,least_cost,Ranked + weighted SHARK,Random 25% immutable,α < 1,0.01,130178,1,2,True,,1.0,25.43429358680603,5.0432423684377925,1.0050251256284006,0.0050251256284006285,True,7.433200000036777,Optimization terminated successfully
Diabetes,3,42,10,300,0.0001,50,least_cost,Ranked + weighted SHARK,Random 50% immutable,α = 1,1.0,130178,1,2,True,,1.0,6.422639222950592,2.5342926474562075,2.000000000000493,1.000000000000493,True,3.4487000000353873,Optimization terminated successfully
Diabetes,3,42,10,300,0.0001,50,least_cost,Ranked + weighted SHARK,Random 50% immutable,α < 1,0.01,130178,1,2,True,,1.0,25.43429358680662,5.043242368437851,1.0050251256283889,0.00502512562838886,True,3.616099999931066,Optimization terminated successfully
Diabetes,3,42,10,300,0.0001,50,least_cost,Ranked + weighted SHARK,Random 75% immutable,α = 1,1.0,130178,1,2,True,,1.0,6.422639222950592,2.5342926474562075,2.000000000000493,1.000000000000493,True,3.0455999999503547,Optimization terminated successfully
Diabetes,3,42,10,300,0.0001,50,least_cost,Ranked + weighted SHARK,Random 75% immutable,α < 1,0.01,130178,1,2,True,,1.0,25.43429358680603,5.0432423684377925,1.0050251256284006,0.0050251256284006285,True,3.033400000049369,Optimization terminated successfully
Diabetes,3,42,10,300,0.0001,50,least_cost,Ranked + weighted SHARK,All features mutable,α = 1,1.0,114240,0,1,True,,12.0,1.019753810237519e-16,1.3711579976137853,1.9529523970536378,0.9529523970536378,True,7.352900000000773,Optimization terminated successfully
Diabetes,3,42,10,300,0.0001,50,least_cost,Ranked + weighted SHARK,All features mutable,α < 1,0.01,114240,0,1,True,,12.0,4.027318437503088e-16,3.1867768707452457,1.0000000000324962,3.249622793077833e-11,True,12.270400000033987,Optimization terminated successfully
Diabetes,3,42,10,300,0.0001,50,least_cost,Ranked + weighted SHARK,Random 25% immutable,α = 1,1.0,114240,0,1,True,,11.0,1.0213881972332e-16,1.3717300646487494,1.9513237915474444,0.9513237915474444,True,5.379600000082974,Optimization terminated successfully
Diabetes,3,42,10,300,0.0001,50,least_cost,Ranked + weighted SHARK,Random 25% immutable,α < 1,0.01,114240,0,1,True,,10.0,4.077076455273211e-16,3.340291405428555,1.0,0.0,False,8.64179999996395,Optimization terminated successfully
Diabetes,3,42,10,300,0.0001,50,least_cost,Ranked + weighted SHARK,Random 50% immutable,α = 1,1.0,114240,0,1,True,,6.0,1.0250983985671162e-16,1.3730326783017044,1.947623051710351,0.947623051710351,True,1.0101999999960753,Optimization terminated successfully
Diabetes,3,42,10,300,0.0001,50,least_cost,Ranked + weighted SHARK,Random 50% immutable,α < 1,0.01,114240,0,1,True,,6.0,4.611098487758152e-16,4.961747337569793,1.0,0.0,False,1.2953000000379689,Optimization terminated successfully
Diabetes,3,42,10,300,0.0001,50,least_cost,Ranked + weighted SHARK,Random 75% immutable,α = 1,1.0,114240,0,1,True,,4.0,2.0558865063149376e-16,7.212528073324064,1.0,0.0,False,0.8788000000095053,Optimization terminated successfully
Diabetes,3,42,10,300,0.0001,50,least_cost,Ranked + weighted SHARK,Random 75% immutable,α < 1,0.01,114240,0,1,True,,4.0,2.0558865063149376e-16,7.212528073324064,1.0,0.0,False,0.8523999999852094,Optimization terminated successfully
Diabetes,3,42,10,300,0.0001,50,least_cost,Ranked + weighted SHARK,All features mutable,α = 1,1.0,22636,1,2,True,,1.0,6.422639222950592,2.5342926474562075,2.000000000000493,1.000000000000493,True,5.0019000000247615,Optimization terminated successfully
Diabetes,3,42,10,300,0.0001,50,least_cost,Ranked + weighted SHARK,All features mutable,α < 1,0.01,22636,1,2,True,,1.0,25.43429358680603,5.0432423684377925,1.0050251256284006,0.0050251256284006285,True,4.998699999987366,Optimization terminated successfully
Diabetes,3,42,10,300,0.0001,50,least_cost,Ranked + weighted SHARK,Random 25% immutable,α = 1,1.0,22636,1,2,True,,1.0,6.422639222950592,2.5342926474562075,2.000000000000493,1.000000000000493,True,3.84329999997135,Optimization terminated successfully
Diabetes,3,42,10,300,0.0001,50,least_cost,Ranked + weighted SHARK,Random 25% immutable,α < 1,0.01,22636,1,2,True,,1.0,25.43429358680603,5.0432423684377925,1.0050251256284006,0.0050251256284006285,True,3.8154999999733263,Optimization terminated successfully
Diabetes,3,42,10,300,0.0001,50,least_cost,Ranked + weighted SHARK,Random 50% immutable,α = 1,1.0,22636,1,2,True,,1.0,6.422639222950592,2.5342926474562075,2.000000000000493,1.000000000000493,True,3.1838000001016553,Optimization terminated successfully
Diabetes,3,42,10,300,0.0001,50,least_cost,Ranked + weighted SHARK,Random 50% immutable,α < 1,0.01,22636,1,2,True,,1.0,25.43429358680603,5.0432423684377925,1.0050251256284006,0.0050251256284006285,True,3.1592999999929816,Optimization terminated successfully
Diabetes,3,42,10,300,0.0001,50,least_cost,Ranked + weighted SHARK,Random 75% immutable,α = 1,1.0,22636,1,2,True,,1.0,6.422639222950592,2.5342926474562075,2.000000000000493,1.000000000000493,True,2.5735000000395303,Optimization terminated successfully
Diabetes,3,42,10,300,0.0001,50,least_cost,Ranked + weighted SHARK,Random 75% immutable,α < 1,0.01,22636,1,2,True,,1.0,25.43429358680603,5.0432423684377925,1.0050251256284006,0.0050251256284006285,True,2.645900000061374,Optimization terminated successfully
Diabetes,3,42,10,300,0.0001,50,least_cost,Ranked + weighted SHARK,All features mutable,α = 1,1.0,197460,1,0,True,,10.0,9.353127648957266e-17,1.3143029362451197,2.0393856203254237,1.0393856203254237,True,1.5194000000064989,Optimization terminated successfully
Diabetes,3,42,10,300,0.0001,50,least_cost,Ranked + weighted SHARK,All features mutable,α < 1,0.01,197460,1,0,True,,10.0,3.947962149907765e-16,2.8982315072771585,1.0,0.0,False,1.3821000000007189,Optimization terminated successfully
Diabetes,3,42,10,300,0.0001,50,least_cost,Ranked + weighted SHARK,Random 25% immutable,α = 1,1.0,197460,1,0,True,,9.0,9.386483686395828e-17,1.315530277727502,2.0355820515309286,1.0355820515309286,True,1.2530000000197106,Optimization terminated successfully
Diabetes,3,42,10,300,0.0001,50,least_cost,Ranked + weighted SHARK,Random 25% immutable,α < 1,0.01,197460,1,0,True,,9.0,3.9779535767400173e-16,3.015187335258907,1.0000000000000102,1.021405182655144e-14,True,1.1956000000736822,Optimization terminated successfully
Diabetes,3,42,10,300,0.0001,50,least_cost,Ranked + weighted SHARK,Random 50% immutable,α = 1,1.0,197460,1,0,True,,3.0,9.439695704132757e-17,1.3174744792145021,2.0295786539613156,1.0295786539613156,True,1.049500000021908,Optimization terminated successfully
Diabetes,3,42,10,300,0.0001,50,least_cost,Ranked + weighted SHARK,Random 50% immutable,α < 1,0.01,197460,1,0,True,,3.0,4.521802418122594e-16,4.7160723640287925,1.0,0.0,False,1.1005999999724736,Optimization terminated successfully
Diabetes,3,42,10,300,0.0001,50,least_cost,Ranked + weighted SHARK,Random 75% immutable,α = 1,1.0,197460,1,0,True,,3.0,1.2986746699848305e-16,5.557861712709461,1.0,0.0,False,0.9269999999332867,Optimization terminated successfully
Diabetes,3,42,10,300,0.0001,50,least_cost,Ranked + weighted SHARK,Random 75% immutable,α < 1,0.01,197460,1,0,True,,3.0,1.2986744749999408e-16,5.557861712709461,1.0,0.0,False,0.8828999999650478,Optimization terminated successfully
Diabetes,3,42,10,300,0.0001,50,least_cost,Ranked + weighted SHARK,All features mutable,α = 1,1.0,246242,1,0,True,,13.0,1.1288512603197315e-16,1.4443236891983113,1.8563944525713862,0.8563944525713862,True,1.624900000024354,Optimization terminated successfully
Diabetes,3,42,10,300,0.0001,50,least_cost,Ranked + weighted SHARK,All features mutable,α < 1,0.01,246242,1,0,True,,13.0,4.245590567929157e-16,3.8400828066593102,1.0,0.0,False,1.4863000000104876,Optimization terminated successfully
Diabetes,3,42,10,300,0.0001,50,least_cost,Ranked + weighted SHARK,Random 25% immutable,α = 1,1.0,246242,1,0,True,,10.0,1.134302759973375e-16,1.4461453971189684,1.8517204018784803,0.8517204018784803,True,1.270800000042982,Optimization terminated successfully
Diabetes,3,42,10,300,0.0001,50,least_cost,Ranked + weighted SHARK,Random 25% immutable,α < 1,0.01,246242,1,0,True,,10.0,4.500935386429167e-16,4.5198037685632615,1.0,0.0,False,1.291100000003098,Optimization terminated successfully
Diabetes,3,42,10,300,0.0001,50,least_cost,Ranked + weighted SHARK,Random 50% immutable,α = 1,1.0,246242,1,0,True,,7.0,1.138238786715641e-16,1.447457827098768,1.8483639633667346,0.8483639633667346,True,1.0283999999955995,Optimization terminated successfully
Diabetes,3,42,10,300,0.0001,50,least_cost,Ranked + weighted SHARK,Random 50% immutable,α < 1,0.01,246242,1,0,True,,7.0,5.1137186029798385e-16,6.000588027999326,1.0,0.0,False,1.0264999999662905,Optimization terminated successfully
Diabetes,3,42,10,300,0.0001,50,least_cost,Ranked + weighted SHARK,Random 75% immutable,α = 1,1.0,246242,1,0,True,,2.0,9.996240867366877e-17,4.8108416040624995,1.0000000000024138,2.4138469001400154e-12,True,0.8449999999129432,Optimization terminated successfully
Diabetes,3,42,10,300,0.0001,50,least_cost,Ranked + weighted SHARK,Random 75% immutable,α < 1,0.01,246242,1,0,True,,2.0,9.996240867385667e-17,4.81084160406702,1.0000000000014886,1.4885870314174099e-12,True,0.8880000000317523,Optimization terminated successfully
Diabetes,3,42,10,300,0.0001,50,least_cost,Ranked + weighted SHARK,All features mutable,α = 1,1.0,163320,1,0,True,,10.0,8.301465932810569e-17,1.238353970412739,2.1647345077092646,1.1647345077092646,True,1.5738000000737884,Optimization terminated successfully
Diabetes,3,42,10,300,0.0001,50,least_cost,Ranked + weighted SHARK,All features mutable,α < 1,0.01,163320,1,0,True,,10.0,3.862721133841341e-16,2.671247226845807,1.0035415476175369,0.0035415476175368887,True,1.4569999999594074,Optimization terminated successfully
Diabetes,3,42,10,300,0.0001,50,least_cost,Ranked + weighted SHARK,Random 25% immutable,α = 1,1.0,163320,1,0,True,,6.0,8.33882755559235e-17,1.2398088538794572,2.1596569692736503,1.1596569692736503,True,1.2201999999206237,Optimization terminated successfully
Diabetes,3,42,10,300,0.0001,50,least_cost,Ranked + weighted SHARK,Random 25% immutable,α < 1,0.01,163320,1,0,True,,6.0,3.880105728843124e-16,2.6743855508123024,1.0011876681658591,0.0011876681658591348,True,1.2449999999262218,Optimization terminated successfully
Diabetes,3,42,10,300,0.0001,50,least_cost,Ranked + weighted SHARK,Random 50% immutable,α = 1,1.0,163320,1,0,True,,5.0,1.4624428628345695e-16,5.722446003604935,1.0,0.0,False,1.109899999960362,Optimization terminated successfully
Diabetes,3,42,10,300,0.0001,50,least_cost,Ranked + weighted SHARK,Random 50% immutable,α < 1,0.01,163320,1,0,True,,5.0,1.4624426600978484e-16,5.722446003600426,1.0,0.0,False,1.0680999999976848,Optimization terminated successfully
Diabetes,3,42,10,300,0.0001,50,least_cost,Ranked + weighted SHARK,Random 75% immutable,α = 1,1.0,163320,1,0,True,,5.0,1.0356487928862493e-16,4.920465931612216,1.0,0.0,False,0.933899999949972,Optimization terminated successfully
Diabetes,3,42,10,300,0.0001,50,least_cost,Ranked + weighted SHARK,Random 75% immutable,α < 1,0.01,163320,1,0,True,,5.0,1.0356487928862493e-16,4.920465931612216,1.0,0.0,False,0.8866999999099789,Optimization terminated successfully
Diabetes,3,42,10,300,0.0001,50,least_cost,Ranked + weighted SHARK,All features mutable,α = 1,1.0,177703,1,0,True,,13.0,1.0368725955712964e-16,1.3840964612387734,1.9369673564457748,0.9369673564457748,True,1.482399999986228,Optimization terminated successfully
Diabetes,3,42,10,300,0.0001,50,least_cost,Ranked + weighted SHARK,All features mutable,α < 1,0.01,177703,1,0,True,,13.0,4.078201379961296e-16,3.3424269741807806,1.0,0.0,False,1.5353000000004613,Optimization terminated successfully
Diabetes,3,42,10,300,0.0001,50,least_cost,Ranked + weighted SHARK,Random 25% immutable,α = 1,1.0,177703,1,0,True,,10.0,1.040355191533166e-16,1.3853127374781482,1.9335676141378833,0.9335676141378833,True,1.310399999965739,Optimization terminated successfully
Diabetes,3,42,10,300,0.0001,50,least_cost,Ranked + weighted SHARK,Random 25% immutable,α < 1,0.01,177703,1,0,True,,10.0,4.1574052199933245e-16,3.6020389917458373,1.0,0.0,False,1.3153999999531152,Optimization terminated successfully
Diabetes,3,42,10,300,0.0001,50,least_cost,Ranked + weighted SHARK,Random 50% immutable,α = 1,1.0,177703,1,0,True,,7.0,1.0427780437766974e-16,1.3861517750581716,1.9312275458696637,0.9312275458696637,True,1.0368999999172956,Optimization terminated successfully
Diabetes,3,42,10,300,0.0001,50,least_cost,Ranked + weighted SHARK,Random 50% immutable,α < 1,0.01,177703,1,0,True,,7.0,4.2897017267364575e-16,3.9461689757920797,1.0000000000000087,8.659739592076221e-15,True,1.074100000096223,Optimization terminated successfully
Diabetes,3,42,10,300,0.0001,50,least_cost,Ranked + weighted SHARK,Random 75% immutable,α = 1,1.0,177703,1,0,True,,4.0,1.0439477139697882e-16,1.386555757945024,1.930102356033248,0.930102356033248,True,0.9828999999399457,Optimization terminated successfully
Diabetes,3,42,10,300,0.0001,50,least_cost,Ranked + weighted SHARK,Random 75% immutable,α < 1,0.01,177703,1,0,True,,4.0,4.4172164778012935e-16,4.227348767785564,1.0000000000000524,5.240252676230739e-14,True,0.8657999999286403,Optimization terminated successfully
Diabetes,3,42,10,300,0.0001,50,least_cost,Ranked + weighted SHARK,All features mutable,α = 1,1.0,70205,1,0,True,,11.0,6.8722810248685e-17,1.1256731371084587,2.3789789216342347,1.3789789216342347,True,1.5226000000438944,Optimization terminated successfully
Diabetes,3,42,10,300,0.0001,50,least_cost,Ranked + weighted SHARK,All features mutable,α < 1,0.01,70205,1,0,True,,11.0,3.5544300015451716e-16,2.5600404654793314,1.0460587255113882,0.04605872551138823,True,1.366800000027979,Optimization terminated successfully
Diabetes,3,42,10,300,0.0001,50,least_cost,Ranked + weighted SHARK,Random 25% immutable,α = 1,1.0,70205,1,0,True,,8.0,6.877733506915845e-17,1.1259051459055034,2.377998577647278,1.3779985776472778,True,1.243899999963105,Optimization terminated successfully
Diabetes,3,42,10,300,0.0001,50,least_cost,Ranked + weighted SHARK,Random 25% immutable,α < 1,0.01,70205,1,0,True,,8.0,3.5572500963922854e-16,2.5605681075250444,1.045627658908495,0.04562765890849496,True,1.3106000000107088,Optimization terminated successfully
Diabetes,3,42,10,300,0.0001,50,least_cost,Ranked + weighted SHARK,Random 50% immutable,α = 1,1.0,70205,1,0,True,,6.0,6.899017689416321e-17,1.12681744698411,2.3741495558719747,1.3741495558719747,True,1.0022999999819149,Optimization terminated successfully
Diabetes,3,42,10,300,0.0001,50,least_cost,Ranked + weighted SHARK,Random 50% immutable,α < 1,0.01,70205,1,0,True,,6.0,3.5682585413415305e-16,2.562642890433798,1.0439352091475504,0.04393520914755045,True,1.0565000000042346,Optimization terminated successfully
Diabetes,3,42,10,300,0.0001,50,least_cost,Ranked + weighted SHARK,Random 75% immutable,α = 1,1.0,70205,1,0,True,,3.0,1.3195647837189554e-16,5.672333484403312,1.0000000000036253,3.625322264610986e-12,True,0.8630999999468258,Optimization terminated successfully
Diabetes,3,42,10,300,0.0001,50,least_cost,Ranked + weighted SHARK,Random 75% immutable,α < 1,0.01,70205,1,0,True,,3.0,1.3195647837267173e-16,5.672333484419995,1.0000000000006952,6.95221658020273e-13,True,0.8762999999589738,Optimization terminated successfully
Diabetes,3,42,10,300,0.0001,50,least_cost,Ranked + weighted SHARK,All features mutable,α = 1,1.0,113060,1,0,True,,14.0,1.07102511350792e-16,1.4068570027528138,1.9058516914589647,0.9058516914589647,True,1.709099999970931,Optimization terminated successfully
Diabetes,3,42,10,300,0.0001,50,least_cost,Ranked + weighted SHARK,All features mutable,α < 1,0.01,113060,1,0,True,,14.0,4.1292881085772837e-16,3.5036761956451374,1.0000000000000002,2.220446049250313e-16,True,1.5044000000443702,Optimization terminated successfully
Diabetes,3,42,10,300,0.0001,50,least_cost,Ranked + weighted SHARK,Random 25% immutable,α = 1,1.0,113060,1,0,True,,10.0,3.1103759755859576e-16,8.492220213937799,1.0,0.0,False,1.4127000000598855,Optimization terminated successfully
Diabetes,3,42,10,300,0.0001,50,least_cost,Ranked + weighted SHARK,Random 25% immutable,α < 1,0.01,113060,1,0,True,,10.0,3.1103760462469465e-16,8.492220213937799,1.0,0.0,False,1.3476000000309796,Optimization terminated successfully
Diabetes,3,42,10,300,0.0001,50,least_cost,Ranked + weighted SHARK,Random 50% immutable,α = 1,1.0,113060,1,0,True,,7.0,2.497322250537061e-16,7.58090801764441,1.000000000000651,6.510347816401918e-13,True,1.1074999999891588,Optimization terminated successfully
Diabetes,3,42,10,300,0.0001,50,least_cost,Ranked + weighted SHARK,Random 50% immutable,α < 1,0.01,113060,1,0,True,,7.0,2.497322250535754e-16,7.5809080176424395,1.0000000000009028,9.028333636251773e-13,True,1.111799999989671,Optimization terminated successfully
Diabetes,3,42,10,300,0.0001,50,least_cost,Ranked + weighted SHARK,Random 75% immutable,α = 1,1.0,113060,1,0,True,,3.0,8.641117873662195e-17,4.534060216871396,1.0,0.0,False,0.9092999999893436,Optimization terminated successfully
Diabetes,3,42,10,300,0.0001,50,least_cost,Ranked + weighted SHARK,Random 75% immutable,α < 1,0.01,113060,1,0,True,,3.0,8.64111787364799e-17,4.534060216867673,1.000000000000592,5.919709167301335e-13,True,0.9340000000293003,Optimization terminated successfully
Diabetes,3,42,10,300,0.0001,50,least_cost,Ranked + weighted SHARK,All features mutable,α = 1,1.0,89934,2,0,True,,12.0,22.2197889618604,10.851452898036644,1.0,0.0,False,33.337100000039754,Optimization terminated successfully
Diabetes,3,42,10,300,0.0001,50,least_cost,Ranked + weighted SHARK,All features mutable,α < 1,0.01,89934,2,0,True,,12.0,25.43429358683262,6.0848687567907485,1.0000000000000013,1.3322676295501878e-15,True,6.452699999954348,Optimization terminated successfully
Diabetes,3,42,10,300,0.0001,50,least_cost,Ranked + weighted SHARK,Random 25% immutable,α = 1,1.0,89934,2,0,True,,8.0,25.69055689181504,9.146550881794008,1.0,0.0,False,2.178999999955522,Optimization terminated successfully
Diabetes,3,42,10,300,0.0001,50,least_cost,Ranked + weighted SHARK,Random 25% immutable,α < 1,0.01,89934,2,0,True,,8.0,25.690556891471747,9.146550881734223,1.000000000006305,6.304956556846264e-12,True,2.2603000001026885,Optimization terminated successfully
Diabetes,3,42,10,300,0.0001,50,least_cost,Ranked + weighted SHARK,Random 50% immutable,α = 1,1.0,89934,2,0,False,,,,,,,False,1.045500000032007,Positive directional derivative for linesearch
Diabetes,3,42,10,300,0.0001,50,least_cost,Ranked + weighted SHARK,Random 50% immutable,α < 1,0.01,89934,2,0,False,,,,,,,False,1.0653000000502288,Positive directional derivative for linesearch
Diabetes,3,42,10,300,0.0001,50,least_cost,Ranked + weighted SHARK,Random 75% immutable,α = 1,1.0,89934,2,0,False,,,,,,,False,0.8341000000200438,Positive directional derivative for linesearch
Diabetes,3,42,10,300,0.0001,50,least_cost,Ranked + weighted SHARK,Random 75% immutable,α < 1,0.01,89934,2,0,False,,,,,,,False,0.8258000000296306,Positive directional derivative for linesearch
Diabetes,3,42,10,300,0.0001,50,least_cost,Ranked + weighted SHARK,All features mutable,α = 1,1.0,171973,1,2,True,,1.0,6.422639222950592,2.5342926474562075,2.000000000000493,1.000000000000493,True,5.019899999979316,Optimization terminated successfully
Diabetes,3,42,10,300,0.0001,50,least_cost,Ranked + weighted SHARK,All features mutable,α < 1,0.01,171973,1,2,True,,1.0,25.43429358680603,5.0432423684377925,1.0050251256284006,0.0050251256284006285,True,5.406500000049164,Optimization terminated successfully
Diabetes,3,42,10,300,0.0001,50,least_cost,Ranked + weighted SHARK,Random 25% immutable,α = 1,1.0,171973,1,2,True,,1.0,6.422639222950592,2.5342926474562075,2.000000000000493,1.000000000000493,True,4.064099999936843,Optimization terminated successfully
Diabetes,3,42,10,300,0.0001,50,least_cost,Ranked + weighted SHARK,Random 25% immutable,α < 1,0.01,171973,1,2,True,,1.0,25.43429358680603,5.0432423684377925,1.0050251256284006,0.0050251256284006285,True,4.186000000004242,Optimization terminated successfully
Diabetes,3,42,10,300,0.0001,50,least_cost,Ranked + weighted SHARK,Random 50% immutable,α = 1,1.0,171973,1,2,True,,1.0,6.422639222950592,2.5342926474562075,2.000000000000493,1.000000000000493,True,3.0824000000393426,Optimization terminated successfully
Diabetes,3,42,10,300,0.0001,50,least_cost,Ranked + weighted SHARK,Random 50% immutable,α < 1,0.01,171973,1,2,True,,1.0,25.43429358680603,5.0432423684377925,1.0050251256284006,0.0050251256284006285,True,3.3809999999903084,Optimization terminated successfully
Diabetes,3,42,10,300,0.0001,50,least_cost,Ranked + weighted SHARK,Random 75% immutable,α = 1,1.0,171973,1,2,True,,1.0,6.422639222950592,2.5342926474562075,2.000000000000493,1.000000000000493,True,2.7315999999473206,Optimization terminated successfully
Diabetes,3,42,10,300,0.0001,50,least_cost,Ranked + weighted SHARK,Random 75% immutable,α < 1,0.01,171973,1,2,True,,1.0,25.43429358680603,5.0432423684377925,1.0050251256284006,0.0050251256284006285,True,2.595400000018344,Optimization terminated successfully
Diabetes,3,42,10,300,0.0001,50,least_cost,Ranked + weighted SHARK,All features mutable,α = 1,1.0,109827,1,0,True,,16.0,1.3120322654659886e-16,1.5572531803005338,1.7219464285873165,0.7219464285873165,True,1.5889999999672,Optimization terminated successfully
Diabetes,3,42,10,300,0.0001,50,least_cost,Ranked + weighted SHARK,All features mutable,α < 1,0.01,109827,1,0,True,,16.0,4.697915801523498e-16,4.944711952777336,1.000000000000068,6.794564910705958e-14,True,1.4553999999407097,Optimization terminated successfully
Diabetes,3,42,10,300,0.0001,50,least_cost,Ranked + weighted SHARK,Random 25% immutable,α = 1,1.0,109827,1,0,True,,12.0,1.3151839441242234e-16,1.5582260293704608,1.7197969701492646,0.7197969701492646,True,1.364399999943089,Optimization terminated successfully
Diabetes,3,42,10,300,0.0001,50,least_cost,Ranked + weighted SHARK,Random 25% immutable,α < 1,0.01,109827,1,0,True,,12.0,4.928974705826213e-16,5.377194936846566,1.0,0.0,False,1.3043999999808875,Optimization terminated successfully
Diabetes,3,42,10,300,0.0001,50,least_cost,Ranked + weighted SHARK,Random 50% immutable,α = 1,1.0,109827,1,0,True,,9.0,1.3229777729376443e-16,1.5606428791947873,1.7144744551285453,0.7144744551285453,True,1.1101000000053318,Optimization terminated successfully
Diabetes,3,42,10,300,0.0001,50,least_cost,Ranked + weighted SHARK,Random 50% immutable,α < 1,0.01,109827,1,0,True,,9.0,4.987168623126494e-16,5.749083012021074,1.0000000000000147,1.4654943925052066e-14,True,1.1200999999800842,Optimization terminated successfully
Diabetes,3,42,10,300,0.0001,50,least_cost,Ranked + weighted SHARK,Random 75% immutable,α = 1,1.0,109827,1,0,True,,4.0,1.6225790681588235e-16,6.0025642254109846,1.0,0.0,False,0.8852000000842963,Optimization terminated successfully
Diabetes,3,42,10,300,0.0001,50,least_cost,Ranked + weighted SHARK,Random 75% immutable,α < 1,0.01,109827,1,0,True,,4.0,1.622579068155239e-16,6.002564225404266,1.0000000000009868,9.867662242868391e-13,True,1.1134000000083688,Optimization terminated successfully
Diabetes,3,42,10,300,0.0001,50,least_cost,Ranked + weighted SHARK,All features mutable,α = 1,1.0,17229,1,0,True,,14.0,1.1448739003720937e-16,1.454648030831055,1.843369701342534,0.8433697013425341,True,1.5331999999261825,Optimization terminated successfully
Diabetes,3,42,10,300,0.0001,50,least_cost,Ranked + weighted SHARK,All features mutable,α < 1,0.01,17229,1,0,True,,14.0,4.26961468248673e-16,3.9100749310512475,1.0000000000000464,4.6407322429331543e-14,True,1.3959999999997308,Optimization terminated successfully
Diabetes,3,42,10,300,0.0001,50,least_cost,Ranked + weighted SHARK,Random 25% immutable,α = 1,1.0,17229,1,0,True,,10.0,3.418918427712898e-16,8.98711048634098,1.0,0.0,False,1.280199999996512,Optimization terminated successfully
Diabetes,3,42,10,300,0.0001,50,least_cost,Ranked + weighted SHARK,Random 25% immutable,α < 1,0.01,17229,1,0,True,,10.0,3.418918572647321e-16,8.987110486350511,1.0,0.0,False,1.2927999999874373,Optimization terminated successfully
Diabetes,3,42,10,300,0.0001,50,least_cost,Ranked + weighted SHARK,Random 50% immutable,α = 1,1.0,17229,1,0,True,,5.0,1.1532796770255218e-16,1.4574295649269908,1.8363401982649517,0.8363401982649517,True,1.0794999999461652,Optimization terminated successfully
Diabetes,3,42,10,300,0.0001,50,least_cost,Ranked + weighted SHARK,Random 50% immutable,α < 1,0.01,17229,1,0,True,,5.0,5.127563714934412e-16,5.944911374162701,1.0000000000000906,9.059419880941277e-14,True,1.0958000000300672,Optimization terminated successfully
Diabetes,3,42,10,300,0.0001,50,least_cost,Ranked + weighted SHARK,Random 75% immutable,α = 1,1.0,17229,1,0,True,,4.0,1.1066185649374613e-16,5.027895949633437,1.0,0.0,False,0.9753000000500833,Optimization terminated successfully
Diabetes,3,42,10,300,0.0001,50,least_cost,Ranked + weighted SHARK,Random 75% immutable,α < 1,0.01,17229,1,0,True,,4.0,1.1066185649286157e-16,5.027895949613305,1.0000000000038145,3.814504268007113e-12,True,1.1217999999644235,Optimization terminated successfully
Diabetes,3,42,10,300,0.0001,50,least_cost,Ranked + weighted SHARK,All features mutable,α = 1,1.0,199382,0,1,True,,14.0,1.238348013961364e-16,1.51208482401823,1.77235714228315,0.7723571422831501,True,7.280999999920823,Optimization terminated successfully
Diabetes,3,42,10,300,0.0001,50,least_cost,Ranked + weighted SHARK,All features mutable,α < 1,0.01,199382,0,1,True,,12.0,4.471344295735949e-16,4.410625195262216,1.0,0.0,False,15.5074000000468,Optimization terminated successfully
Diabetes,3,42,10,300,0.0001,50,least_cost,Ranked + weighted SHARK,Random 25% immutable,α = 1,1.0,199382,0,1,True,,8.0,1.239489018806357e-16,1.512446777914344,1.7715089335426104,0.7715089335426104,True,5.858699999976125,Optimization terminated successfully
Diabetes,3,42,10,300,0.0001,50,least_cost,Ranked + weighted SHARK,Random 25% immutable,α < 1,0.01,199382,0,1,True,,8.0,4.56646058173136e-16,4.609827208135761,1.0,0.0,False,13.174800000001596,Optimization terminated successfully
Diabetes,3,42,10,300,0.0001,50,least_cost,Ranked + weighted SHARK,Random 50% immutable,α = 1,1.0,199382,0,1,True,,5.0,1.77683373971095e-16,6.366694425788262,1.0,0.0,False,1.147899999978108,Optimization terminated successfully
Diabetes,3,42,10,300,0.0001,50,least_cost,Ranked + weighted SHARK,Random 50% immutable,α < 1,0.01,199382,0,1,True,,5.0,1.77683373971095e-16,6.366694425788262,1.0,0.0,False,1.0876000000052954,Optimization terminated successfully
Diabetes,3,42,10,300,0.0001,50,least_cost,Ranked + weighted SHARK,Random 75% immutable,α = 1,1.0,199382,0,1,True,,4.0,1.4949226607078628e-16,5.66295295227674,1.0,0.0,False,0.8978000000752218,Optimization terminated successfully
Diabetes,3,42,10,300,0.0001,50,least_cost,Ranked + weighted SHARK,Random 75% immutable,α < 1,0.01,199382,0,1,True,,4.0,1.4949226607078628e-16,5.66295295227674,1.0,0.0,False,0.9029000000282394,Optimization terminated successfully
Diabetes,3,42,10,300,0.0001,50,least_cost,Ranked + weighted SHARK,All features mutable,α = 1,1.0,133536,1,0,True,,13.0,1.1335156175161643e-16,1.4473154359821054,1.852572219340372,0.852572219340372,True,1.5376999999716645,Optimization terminated successfully
Diabetes,3,42,10,300,0.0001,50,least_cost,Ranked + weighted SHARK,All features mutable,α < 1,0.01,133536,1,0,True,,13.0,4.254697990955914e-16,3.865489767880498,1.0000000000000047,4.6629367034256575e-15,True,1.4371999999411855,Optimization terminated successfully
Diabetes,3,42,10,300,0.0001,50,least_cost,Ranked + weighted SHARK,Random 25% immutable,α = 1,1.0,133536,1,0,True,,11.0,1.1344841046986083e-16,1.447636758414515,1.8517499040132015,0.8517499040132015,True,1.1720999999624837,Optimization terminated successfully
Diabetes,3,42,10,300,0.0001,50,least_cost,Ranked + weighted SHARK,Random 25% immutable,α < 1,0.01,133536,1,0,True,,11.0,4.2883912185370785e-16,3.9466488489049745,1.0,0.0,False,1.184200000011515,Optimization terminated successfully
Diabetes,3,42,10,300,0.0001,50,least_cost,Ranked + weighted SHARK,Random 50% immutable,α = 1,1.0,133536,1,0,True,,8.0,1.1388813712806165e-16,1.4491049849622604,1.8479994358758576,0.8479994358758576,True,1.0686000000532658,Optimization terminated successfully
Diabetes,3,42,10,300,0.0001,50,least_cost,Ranked + weighted SHARK,Random 50% immutable,α < 1,0.01,133536,1,0,True,,8.0,4.505959896373363e-16,4.532870409585553,1.0,0.0,False,1.1089999999285283,Optimization terminated successfully
Diabetes,3,42,10,300,0.0001,50,least_cost,Ranked + weighted SHARK,Random 75% immutable,α = 1,1.0,133536,1,0,True,,2.0,4.2214929227920847e-17,3.1499674563009266,1.0,0.0,False,0.9477999999489839,Optimization terminated successfully
Diabetes,3,42,10,300,0.0001,50,least_cost,Ranked + weighted SHARK,Random 75% immutable,α < 1,0.01,133536,1,0,True,,2.0,4.221492922794711e-17,3.149967456301957,1.0,0.0,False,1.035799999954179,Optimization terminated successfully
Diabetes,3,42,10,300,0.0001,50,least_cost,Ranked + weighted SHARK,All features mutable,α = 1,1.0,126914,0,1,True,,15.0,1.5484042736022636e-16,1.6914409832674764,1.5850528242756197,0.5850528242756197,True,10.002100000065184,Optimization terminated successfully
Diabetes,3,42,10,300,0.0001,50,least_cost,Ranked + weighted SHARK,All features mutable,α < 1,0.01,126914,0,1,True,,15.0,5.3637617453396765e-16,6.193166668349111,1.0,0.0,False,12.359000000060405,Optimization terminated successfully
Diabetes,3,42,10,300,0.0001,50,least_cost,Ranked + weighted SHARK,Random 25% immutable,α = 1,1.0,126914,0,1,True,,14.0,1.5484389400082104e-16,1.6914508066977487,1.5850344089053041,0.5850344089053041,True,1.2776000000940257,Optimization terminated successfully
Diabetes,3,42,10,300,0.0001,50,least_cost,Ranked + weighted SHARK,Random 25% immutable,α < 1,0.01,126914,0,1,True,,14.0,5.367365993427381e-16,6.198416184642425,1.0000000000000866,8.659739592076221e-14,True,1.1971000000130516,Optimization terminated successfully
Diabetes,3,42,10,300,0.0001,50,least_cost,Ranked + weighted SHARK,Random 50% immutable,α = 1,1.0,126914,0,1,True,,9.0,1.5604047935964522e-16,1.6948638713878446,1.578657049643173,0.5786570496431731,True,1.0431999999127584,Optimization terminated successfully
Diabetes,3,42,10,300,0.0001,50,least_cost,Ranked + weighted SHARK,Random 50% immutable,α < 1,0.01,126914,0,1,True,,9.0,5.171385533319671e-16,6.120586283996851,1.0,0.0,False,1.0969999999588254,Optimization terminated successfully
Diabetes,3,42,10,300,0.0001,50,least_cost,Ranked + weighted SHARK,Random 75% immutable,α = 1,1.0,126914,0,1,True,,2.0,8.457547313973367e-17,4.532935696339876,1.000000000000981,9.809930645587883e-13,True,1.0102999999617168,Optimization terminated successfully
Diabetes,3,42,10,300,0.0001,50,least_cost,Ranked + weighted SHARK,Random 75% immutable,α < 1,0.01,126914,0,1,True,,2.0,8.457547313995937e-17,4.53293569634593,1.0,0.0,False,0.8850000000393266,Optimization terminated successfully
Diabetes,3,42,10,300,0.0001,50,least_cost,Ranked + weighted SHARK,All features mutable,α = 1,1.0,192305,0,1,True,,14.0,1.2294391786854772e-16,1.5069733070576428,1.7788003193617359,0.7788003193617359,True,6.978300000014315,Optimization terminated successfully
Diabetes,3,42,10,300,0.0001,50,least_cost,Ranked + weighted SHARK,All features mutable,α < 1,0.01,192305,0,1,True,,13.0,4.488946620692894e-16,4.493978883963272,1.0,0.0,False,10.035899999934372,Optimization terminated successfully
Diabetes,3,42,10,300,0.0001,50,least_cost,Ranked + weighted SHARK,Random 25% immutable,α = 1,1.0,192305,0,1,True,,8.0,1.2350490466460522e-16,1.5087698461456123,1.774566716740493,0.774566716740493,True,5.535899999927096,Optimization terminated successfully
Diabetes,3,42,10,300,0.0001,50,least_cost,Ranked + weighted SHARK,Random 25% immutable,α < 1,0.01,192305,0,1,True,,8.0,4.751071274399706e-16,5.101178518938926,1.0,0.0,False,14.915799999926094,Optimization terminated successfully
Diabetes,3,42,10,300,0.0001,50,least_cost,Ranked + weighted SHARK,Random 50% immutable,α = 1,1.0,192305,0,1,True,,8.0,1.2399614316578386e-16,1.5103388603962329,1.7708815908768547,0.7708815908768547,True,1.0975999999800479,Optimization terminated successfully
Diabetes,3,42,10,300,0.0001,50,least_cost,Ranked + weighted SHARK,Random 50% immutable,α < 1,0.01,192305,0,1,True,,8.0,4.552240869341965e-16,4.816112839030052,1.0000000000000515,5.1514348342607263e-14,True,1.3107999999419917,Optimization terminated successfully
Diabetes,3,42,10,300,0.0001,50,least_cost,Ranked + weighted SHARK,Random 75% immutable,α = 1,1.0,192305,0,1,True,,4.0,0.05875410361751887,6.869611747106383,1.0,0.0,False,11.720500000024003,Optimization terminated successfully
Diabetes,3,42,10,300,0.0001,50,least_cost,Ranked + weighted SHARK,Random 75% immutable,α < 1,0.01,192305,0,1,False,,,,,,,False,1.4532000000144762,Positive directional derivative for linesearch
Diabetes,3,42,10,300,0.0001,50,least_cost,Ranked + weighted SHARK,All features mutable,α = 1,1.0,51100,1,0,True,,16.0,1.20906797493816e-16,1.494900642522958,1.79376908465673,0.79376908465673,True,1.521999999908985,Optimization terminated successfully
Diabetes,3,42,10,300,0.0001,50,least_cost,Ranked + weighted SHARK,All features mutable,α < 1,0.01,51100,1,0,True,,16.0,4.4166849203351195e-16,4.294170033858042,1.0000000000000036,3.552713678800501e-15,True,1.3991999999234395,Optimization terminated successfully
Diabetes,3,42,10,300,0.0001,50,least_cost,Ranked + weighted SHARK,Random 25% immutable,α = 1,1.0,51100,1,0,True,,12.0,1.2145144888787052e-16,1.4966595310167605,1.7895554531368996,0.7895554531368996,True,1.5382000000272456,Optimization terminated successfully
Diabetes,3,42,10,300,0.0001,50,least_cost,Ranked + weighted SHARK,Random 25% immutable,α < 1,0.01,51100,1,0,True,,12.0,4.7332914130563185e-16,5.053434672697141,1.000000000000024,2.398081733190338e-14,True,1.4411000000791319,Optimization terminated successfully
Diabetes,3,42,10,300,0.0001,50,least_cost,Ranked + weighted SHARK,Random 50% immutable,α = 1,1.0,51100,1,0,True,,9.0,1.2119577047758233e-16,1.4958287828659695,1.7915437591933432,0.7915437591933432,True,1.0649000000739761,Optimization terminated successfully
Diabetes,3,42,10,300,0.0001,50,least_cost,Ranked + weighted SHARK,Random 50% immutable,α < 1,0.01,51100,1,0,True,,9.0,4.570610941190194e-16,4.61853310440145,1.0,0.0,False,1.093599999990147,Optimization terminated successfully
Diabetes,3,42,10,300,0.0001,50,least_cost,Ranked + weighted SHARK,Random 75% immutable,α = 1,1.0,51100,1,0,True,,4.0,2.233533970260332e-16,7.198333052923074,1.0000000000026628,2.6627589022609754e-12,True,0.9086999999681211,Optimization terminated successfully
Diabetes,3,42,10,300,0.0001,50,least_cost,Ranked + weighted SHARK,Random 75% immutable,α < 1,0.01,51100,1,0,True,,4.0,2.2335339702726583e-16,7.198333052942985,1.0,0.0,False,0.928499999986343,Optimization terminated successfully
Diabetes,3,42,10,300,0.0001,50,least_cost,Ranked + weighted SHARK,All features mutable,α = 1,1.0,213001,1,0,True,,15.0,1.2612238063633138e-16,1.5267836987073646,1.7562865551249334,0.7562865551249334,True,1.5179000000671294,Optimization terminated successfully
Diabetes,3,42,10,300,0.0001,50,least_cost,Ranked + weighted SHARK,All features mutable,α < 1,0.01,213001,1,0,True,,15.0,4.556407557180383e-16,4.627743484213722,1.0,0.0,False,1.4203999999153893,Optimization terminated successfully
Diabetes,3,42,10,300,0.0001,50,least_cost,Ranked + weighted SHARK,Random 25% immutable,α = 1,1.0,213001,1,0,True,,11.0,5.014053276526172e-16,10.908548039483653,1.0,0.0,False,1.2868999999682273,Optimization terminated successfully
Diabetes,3,42,10,300,0.0001,50,least_cost,Ranked + weighted SHARK,Random 25% immutable,α < 1,0.01,213001,1,0,True,,11.0,5.014053382421385e-16,10.908548039483653,1.0,0.0,False,1.3204000000541782,Optimization terminated successfully
Diabetes,3,42,10,300,0.0001,50,least_cost,Ranked + weighted SHARK,Random 50% immutable,α = 1,1.0,213001,1,0,True,,7.0,1.2727430312293729e-16,1.5304191238960643,1.7479525440608212,0.7479525440608212,True,1.0608000000047468,Optimization terminated successfully
Diabetes,3,42,10,300,0.0001,50,least_cost,Ranked + weighted SHARK,Random 50% immutable,α < 1,0.01,213001,1,0,True,,7.0,4.777673358126428e-16,5.31151486493729,1.0,0.0,False,1.074800000083087,Optimization terminated successfully
Diabetes,3,42,10,300,0.0001,50,least_cost,Ranked + weighted SHARK,Random 75% immutable,α = 1,1.0,213001,1,0,True,,3.0,1.3831795744162094e-16,5.779467092318517,1.0000000000044367,4.4366732510070506e-12,True,0.930400000015652,Optimization terminated successfully
Diabetes,3,42,10,300,0.0001,50,least_cost,Ranked + weighted SHARK,Random 75% immutable,α < 1,0.01,213001,1,0,True,,3.0,1.3831793450551948e-16,5.7794670923298455,1.0000000000025644,2.5643931422791866e-12,True,0.9044000000812957,Optimization terminated successfully
Diabetes,3,42,10,300,0.0001,50,least_cost,Ranked + weighted SHARK,All features mutable,α = 1,1.0,140678,1,0,True,,10.0,7.112734437875252e-17,1.146012556521587,2.3385982253182003,1.3385982253182003,True,1.4833000000180618,Optimization terminated successfully
Diabetes,3,42,10,300,0.0001,50,least_cost,Ranked + weighted SHARK,All features mutable,α < 1,0.01,140678,1,0,True,,10.0,3.602839202677888e-16,2.579250473344995,1.039085951070684,0.03908595107068402,True,1.5123000000585307,Optimization terminated successfully
Diabetes,3,42,10,300,0.0001,50,least_cost,Ranked + weighted SHARK,Random 25% immutable,α = 1,1.0,140678,1,0,True,,7.0,7.127548567525325e-17,1.1466334012982202,2.336066442407066,1.3360664424070658,True,1.2376000000813292,Optimization terminated successfully
Diabetes,3,42,10,300,0.0001,50,least_cost,Ranked + weighted SHARK,Random 25% immutable,α < 1,0.01,140678,1,0,True,,7.0,3.6103430573607145e-16,2.5806477653131266,1.0379610293314987,0.0379610293314987,True,1.2415999999575433,Optimization terminated successfully
Diabetes,3,42,10,300,0.0001,50,least_cost,Ranked + weighted SHARK,Random 50% immutable,α = 1,1.0,140678,1,0,True,,6.0,7.142789656672803e-17,1.1472784878070186,2.333440155420982,1.3334401554209818,True,1.1974999999893043,Optimization terminated successfully
Diabetes,3,42,10,300,0.0001,50,least_cost,Ranked + weighted SHARK,Random 50% immutable,α < 1,0.01,140678,1,0,True,,6.0,3.6180631793314353e-16,2.5820996160749963,1.0367941178479854,0.036794117847985364,True,1.0228999999526422,Optimization terminated successfully
Diabetes,3,42,10,300,0.0001,50,least_cost,Ranked + weighted SHARK,Random 75% immutable,α = 1,1.0,140678,1,0,True,,3.0,7.17527353385772e-17,1.148641067682368,2.3279073343521466,1.3279073343521466,True,0.8523999999852094,Optimization terminated successfully
Diabetes,3,42,10,300,0.0001,50,least_cost,Ranked + weighted SHARK,Random 75% immutable,α < 1,0.01,140678,1,0,True,,3.0,3.6345173596809553e-16,2.5851662802534126,1.0343357742135915,0.03433577421359146,True,0.837700000033692,Optimization terminated successfully
Diabetes,3,42,10,300,0.0001,50,least_cost,Ranked + weighted SHARK,All features mutable,α = 1,1.0,208700,1,2,True,,1.0,6.422639222950592,2.5342926474562075,2.000000000000493,1.000000000000493,True,4.8153000000183965,Optimization terminated successfully
Diabetes,3,42,10,300,0.0001,50,least_cost,Ranked + weighted SHARK,All features mutable,α < 1,0.01,208700,1,2,True,,1.0,25.43429358680603,5.0432423684377925,1.0050251256284006,0.0050251256284006285,True,4.8080999999911,Optimization terminated successfully
Diabetes,3,42,10,300,0.0001,50,least_cost,Ranked + weighted SHARK,Random 25% immutable,α = 1,1.0,208700,1,2,True,,1.0,6.422639222950592,2.5342926474562075,2.000000000000493,1.000000000000493,True,4.135100000098646,Optimization terminated successfully
Diabetes,3,42,10,300,0.0001,50,least_cost,Ranked + weighted SHARK,Random 25% immutable,α < 1,0.01,208700,1,2,True,,1.0,25.43429358680603,5.0432423684377925,1.0050251256284006,0.0050251256284006285,True,4.137600000035491,Optimization terminated successfully
Diabetes,3,42,10,300,0.0001,50,least_cost,Ranked + weighted SHARK,Random 50% immutable,α = 1,1.0,208700,1,2,False,,,,,,,False,607.3864999999614,Iteration limit reached
Diabetes,3,42,10,300,0.0001,50,least_cost,Ranked + weighted SHARK,Random 50% immutable,α < 1,0.01,208700,1,2,False,,,,,,,False,607.9319000000396,Iteration limit reached
Diabetes,3,42,10,300,0.0001,50,least_cost,Ranked + weighted SHARK,Random 75% immutable,α = 1,1.0,208700,1,2,False,,,,,,,False,510.4086000000052,Iteration limit reached
Diabetes,3,42,10,300,0.0001,50,least_cost,Ranked + weighted SHARK,Random 75% immutable,α < 1,0.01,208700,1,2,False,,,,,,,False,518.3727999999519,Iteration limit reached
Diabetes,3,42,10,300,0.0001,50,least_cost,Ranked + weighted SHARK,All features mutable,α = 1,1.0,41913,1,0,True,,15.0,1.2469316448765684e-16,1.518072009477211,1.766319632593049,0.766319632593049,True,1.5479999999570282,Optimization terminated successfully
Diabetes,3,42,10,300,0.0001,50,least_cost,Ranked + weighted SHARK,All features mutable,α < 1,0.01,41913,1,0,True,,15.0,4.523394908841793e-16,4.549162971680252,1.000000000000023,2.3092638912203256e-14,True,1.4689000000771557,Optimization terminated successfully
Diabetes,3,42,10,300,0.0001,50,least_cost,Ranked + weighted SHARK,Random 25% immutable,α = 1,1.0,41913,1,0,True,,10.0,1.2492660516062634e-16,1.5188104764836563,1.764602431282575,0.764602431282575,True,1.440900000034162,Optimization terminated successfully
Diabetes,3,42,10,300,0.0001,50,least_cost,Ranked + weighted SHARK,Random 25% immutable,α < 1,0.01,41913,1,0,True,,10.0,4.662120090085113e-16,4.82808266231184,1.0,0.0,False,1.4314000000013039,Optimization terminated successfully
Diabetes,3,42,10,300,0.0001,50,least_cost,Ranked + weighted SHARK,Random 50% immutable,α = 1,1.0,41913,1,0,True,,7.0,1.2534277656876365e-16,1.5201360518141998,1.7615262676957333,0.7615262676957333,True,1.1498000000074171,Optimization terminated successfully
Diabetes,3,42,10,300,0.0001,50,least_cost,Ranked + weighted SHARK,Random 50% immutable,α < 1,0.01,41913,1,0,True,,7.0,5.038840588503498e-16,5.651232945465717,1.0,0.0,False,1.038900000025933,Optimization terminated successfully
Diabetes,3,42,10,300,0.0001,50,least_cost,Ranked + weighted SHARK,Random 75% immutable,α = 1,1.0,41913,1,0,True,,5.0,1.5342175255913996e-16,5.864900772781287,1.0,0.0,False,0.9519000000182132,Optimization terminated successfully
Diabetes,3,42,10,300,0.0001,50,least_cost,Ranked + weighted SHARK,Random 75% immutable,α < 1,0.01,41913,1,0,True,,5.0,1.5342175255913594e-16,5.864900772781206,1.0,0.0,False,0.8914999999660722,Optimization terminated successfully
Diabetes,3,42,10,300,0.0001,50,least_cost,Ranked + weighted SHARK,All features mutable,α = 1,1.0,176879,0,1,True,,16.0,1.4339147861959163e-16,1.6273962406022149,1.6470899401423187,0.6470899401423187,True,7.274800000004689,Optimization terminated successfully
Diabetes,3,42,10,300,0.0001,50,least_cost,Ranked + weighted SHARK,All features mutable,α < 1,0.01,176879,0,1,True,,13.0,5.03298158441671e-16,5.587120227852448,1.0,0.0,False,9.317199999941295,Optimization terminated successfully
Diabetes,3,42,10,300,0.0001,50,least_cost,Ranked + weighted SHARK,Random 25% immutable,α = 1,1.0,176879,0,1,True,,10.0,0.04882664312746468,9.785858306364206,1.0,0.0,False,44.867400000043745,Optimization terminated successfully
Diabetes,3,42,10,300,0.0001,50,least_cost,Ranked + weighted SHARK,Random 25% immutable,α < 1,0.01,176879,0,1,True,,10.0,0.0006422639235958484,9.249895353936559,1.0,0.0,False,2.354100000047765,Optimization terminated successfully
Diabetes,3,42,10,300,0.0001,50,least_cost,Ranked + weighted SHARK,Random 50% immutable,α = 1,1.0,176879,0,1,True,,7.0,0.05931602734004616,7.93106552745248,1.0,0.0,False,28.88400000006186,Optimization terminated successfully
Diabetes,3,42,10,300,0.0001,50,least_cost,Ranked + weighted SHARK,Random 50% immutable,α < 1,0.01,176879,0,1,False,,,,,,,False,2.01619999995728,Positive directional derivative for linesearch
Diabetes,3,42,10,300,0.0001,50,least_cost,Ranked + weighted SHARK,Random 75% immutable,α = 1,1.0,176879,0,1,True,,4.0,1.8907971962992204e-16,6.682780128841299,1.0,0.0,False,0.9419000000434608,Optimization terminated successfully
Diabetes,3,42,10,300,0.0001,50,least_cost,Ranked + weighted SHARK,Random 75% immutable,α < 1,0.01,176879,0,1,True,,4.0,1.8907971962864896e-16,6.6827801288187025,1.0000000000031593,3.1592506388733455e-12,True,0.9129000000029919,Optimization terminated successfully
Diabetes,3,42,10,300,0.0001,50,least_cost,Ranked + weighted SHARK,All features mutable,α = 1,1.0,225226,2,1,True,,1.0,6.422639222956893,2.5342926474574505,1.9999999999995122,0.9999999999995122,True,4.82560000000376,Optimization terminated successfully
Diabetes,3,42,10,300,0.0001,50,least_cost,Ranked + weighted SHARK,All features mutable,α < 1,0.01,225226,2,1,True,,12.0,25.4342935868192,5.742659827416403,1.0,0.0,False,3.683799999976145,Optimization terminated successfully
Diabetes,3,42,10,300,0.0001,50,least_cost,Ranked + weighted SHARK,Random 25% immutable,α = 1,1.0,225226,2,1,False,,,,,,,False,710.9056000000464,Iteration limit reached
Diabetes,3,42,10,300,0.0001,50,least_cost,Ranked + weighted SHARK,Random 25% immutable,α < 1,0.01,225226,2,1,False,,,,,,,False,713.4093000000803,Iteration limit reached
Diabetes,3,42,10,300,0.0001,50,least_cost,Ranked + weighted SHARK,Random 50% immutable,α = 1,1.0,225226,2,1,False,,,,,,,False,619.8618999999326,Iteration limit reached
Diabetes,3,42,10,300,0.0001,50,least_cost,Ranked + weighted SHARK,Random 50% immutable,α < 1,0.01,225226,2,1,False,,,,,,,False,616.6987999999947,Iteration limit reached
Diabetes,3,42,10,300,0.0001,50,least_cost,Ranked + weighted SHARK,Random 75% immutable,α = 1,1.0,225226,2,1,False,,,,,,,False,524.9975000000404,Iteration limit reached
Diabetes,3,42,10,300,0.0001,50,least_cost,Ranked + weighted SHARK,Random 75% immutable,α < 1,0.01,225226,2,1,False,,,,,,,False,515.8911999999418,Iteration limit reached
Diabetes,3,42,10,300,0.0001,50,least_cost,Ranked + weighted SHARK,All features mutable,α = 1,1.0,226565,1,2,True,,1.0,6.422639222950592,2.5342926474562075,2.000000000000493,1.000000000000493,True,4.994600000031824,Optimization terminated successfully
Diabetes,3,42,10,300,0.0001,50,least_cost,Ranked + weighted SHARK,All features mutable,α < 1,0.01,226565,1,2,True,,1.0,25.43429358680603,5.0432423684377925,1.0050251256284006,0.0050251256284006285,True,4.8095999999304695,Optimization terminated successfully
Diabetes,3,42,10,300,0.0001,50,least_cost,Ranked + weighted SHARK,Random 25% immutable,α = 1,1.0,226565,1,2,True,,1.0,6.422639222950592,2.5342926474562075,2.000000000000493,1.000000000000493,True,4.032199999983277,Optimization terminated successfully
Diabetes,3,42,10,300,0.0001,50,least_cost,Ranked + weighted SHARK,Random 25% immutable,α < 1,0.01,226565,1,2,True,,1.0,25.43429358680603,5.0432423684377925,1.0050251256284006,0.0050251256284006285,True,4.670099999998456,Optimization terminated successfully
Diabetes,3,42,10,300,0.0001,50,least_cost,Ranked + weighted SHARK,Random 50% immutable,α = 1,1.0,226565,1,2,True,,1.0,6.422639222950592,2.5342926474562075,2.000000000000493,1.000000000000493,True,3.4251000000722343,Optimization terminated successfully
Diabetes,3,42,10,300,0.0001,50,least_cost,Ranked + weighted SHARK,Random 50% immutable,α < 1,0.01,226565,1,2,True,,1.0,25.43429358680603,5.0432423684377925,1.0050251256284006,0.0050251256284006285,True,3.4003999999185908,Optimization terminated successfully
Diabetes,3,42,10,300,0.0001,50,least_cost,Ranked + weighted SHARK,Random 75% immutable,α = 1,1.0,226565,1,2,True,,1.0,6.422639222950592,2.5342926474562075,2.000000000000493,1.000000000000493,True,2.656399999978021,Optimization terminated successfully
Diabetes,3,42,10,300,0.0001,50,least_cost,Ranked + weighted SHARK,Random 75% immutable,α < 1,0.01,226565,1,2,True,,1.0,25.43429358680662,5.043242368437851,1.0050251256283889,0.00502512562838886,True,2.8948000000355023,Optimization terminated successfully
Diabetes,3,42,10,300,0.0001,50,least_cost,Ranked + weighted SHARK,All features mutable,α = 1,1.0,111314,2,1,True,,1.0,6.422639222956893,2.5342926474574505,1.9999999999995122,0.9999999999995122,True,4.96619999989889,Optimization terminated successfully
Diabetes,3,42,10,300,0.0001,50,least_cost,Ranked + weighted SHARK,All features mutable,α < 1,0.01,111314,2,1,True,,1.0,25.434293586819837,5.043242368439161,1.0050251256281277,0.005025125628127736,True,4.810399999996662,Optimization terminated successfully
Diabetes,3,42,10,300,0.0001,50,least_cost,Ranked + weighted SHARK,Random 25% immutable,α = 1,1.0,111314,2,1,True,,1.0,6.422639222956893,2.5342926474574505,1.9999999999995122,0.9999999999995122,True,4.225199999950746,Optimization terminated successfully
Diabetes,3,42,10,300,0.0001,50,least_cost,Ranked + weighted SHARK,Random 25% immutable,α < 1,0.01,111314,2,1,True,,1.0,25.434293586819837,5.043242368439161,1.0050251256281277,0.005025125628127736,True,4.180199999950673,Optimization terminated successfully
Diabetes,3,42,10,300,0.0001,50,least_cost,Ranked + weighted SHARK,Random 50% immutable,α = 1,1.0,111314,2,1,False,,,,,,,False,1.0951000000432032,Positive directional derivative for linesearch
Diabetes,3,42,10,300,0.0001,50,least_cost,Ranked + weighted SHARK,Random 50% immutable,α < 1,0.01,111314,2,1,False,,,,,,,False,1.103300000067975,Positive directional derivative for linesearch
Diabetes,3,42,10,300,0.0001,50,least_cost,Ranked + weighted SHARK,Random 75% immutable,α = 1,1.0,111314,2,1,False,,,,,,,False,518.9399000000776,Iteration limit reached
Diabetes,3,42,10,300,0.0001,50,least_cost,Ranked + weighted SHARK,Random 75% immutable,α < 1,0.01,111314,2,1,False,,,,,,,False,525.8751999999731,Iteration limit reached
Diabetes,3,42,10,300,0.0001,50,least_cost,Ranked + weighted SHARK,All features mutable,α = 1,1.0,23371,1,2,True,,1.0,6.422639222950592,2.5342926474562075,2.000000000000493,1.000000000000493,True,5.051699999967241,Optimization terminated successfully
Diabetes,3,42,10,300,0.0001,50,least_cost,Ranked + weighted SHARK,All features mutable,α < 1,0.01,23371,1,2,True,,1.0,25.43429358680603,5.0432423684377925,1.0050251256284006,0.0050251256284006285,True,4.602299999987736,Optimization terminated successfully
Diabetes,3,42,10,300,0.0001,50,least_cost,Ranked + weighted SHARK,Random 25% immutable,α = 1,1.0,23371,1,2,True,,1.0,6.422639222950592,2.5342926474562075,2.000000000000493,1.000000000000493,True,3.8438999999925727,Optimization terminated successfully
Diabetes,3,42,10,300,0.0001,50,least_cost,Ranked + weighted SHARK,Random 25% immutable,α < 1,0.01,23371,1,2,True,,1.0,25.43429358680603,5.0432423684377925,1.0050251256284006,0.0050251256284006285,True,3.7237000000232,Optimization terminated successfully
Diabetes,3,42,10,300,0.0001,50,least_cost,Ranked + weighted SHARK,Random 50% immutable,α = 1,1.0,23371,1,2,True,,1.0,6.422639222950592,2.5342926474562075,2.000000000000493,1.000000000000493,True,3.4279999999853317,Optimization terminated successfully
Diabetes,3,42,10,300,0.0001,50,least_cost,Ranked + weighted SHARK,Random 50% immutable,α < 1,0.01,23371,1,2,True,,1.0,25.43429358680603,5.0432423684377925,1.0050251256284006,0.0050251256284006285,True,3.2570000000760047,Optimization terminated successfully
Diabetes,3,42,10,300,0.0001,50,least_cost,Ranked + weighted SHARK,Random 75% immutable,α = 1,1.0,23371,1,2,True,,1.0,6.422639222950592,2.5342926474562075,2.000000000000493,1.000000000000493,True,2.6925000000801447,Optimization terminated successfully
Diabetes,3,42,10,300,0.0001,50,least_cost,Ranked + weighted SHARK,Random 75% immutable,α < 1,0.01,23371,1,2,True,,1.0,25.43429358680603,5.0432423684377925,1.0050251256284006,0.0050251256284006285,True,2.590399999917281,Optimization terminated successfully
Diabetes,3,42,10,300,0.0001,50,least_cost,Ranked + weighted SHARK,All features mutable,α = 1,1.0,217771,1,0,True,,13.0,1.042772359716595e-16,1.3880293626730156,1.9314802054832703,0.9314802054832703,True,1.609300000041003,Optimization terminated successfully
Diabetes,3,42,10,300,0.0001,50,least_cost,Ranked + weighted SHARK,All features mutable,α < 1,0.01,217771,1,0,True,,13.0,4.08816816680755e-16,3.3739022256878495,1.0,0.0,False,1.5346999999792388,Optimization terminated successfully
Diabetes,3,42,10,300,0.0001,50,least_cost,Ranked + weighted SHARK,Random 25% immutable,α = 1,1.0,217771,1,0,True,,10.0,1.0439696431721754e-16,1.388443696723665,1.9303276076340015,0.9303276076340015,True,1.2113999999883163,Optimization terminated successfully
Diabetes,3,42,10,300,0.0001,50,least_cost,Ranked + weighted SHARK,Random 25% immutable,α < 1,0.01,217771,1,0,True,,10.0,4.114535088180643e-16,3.44688902936666,1.0000000000000084,8.43769498715119e-15,True,1.318200000014258,Optimization terminated successfully
Diabetes,3,42,10,300,0.0001,50,least_cost,Ranked + weighted SHARK,Random 50% immutable,α = 1,1.0,217771,1,0,True,,7.0,3.1519493813995823e-16,8.530294063135628,1.0,0.0,False,1.216999999996915,Optimization terminated successfully
Diabetes,3,42,10,300,0.0001,50,least_cost,Ranked + weighted SHARK,Random 50% immutable,α < 1,0.01,217771,1,0,True,,7.0,3.1519493813954117e-16,8.530294063129986,1.0000000000006561,6.561418075534675e-13,True,1.12309999997251,Optimization terminated successfully
Diabetes,3,42,10,300,0.0001,50,least_cost,Ranked + weighted SHARK,Random 75% immutable,α = 1,1.0,217771,1,0,True,,5.0,2.643533799010409e-16,8.034842160002757,1.0000000000024485,2.4484858585083202e-12,True,0.9816999998975007,Optimization terminated successfully
Diabetes,3,42,10,300,0.0001,50,least_cost,Ranked + weighted SHARK,Random 75% immutable,α < 1,0.01,217771,1,0,True,,5.0,2.643533799012259e-16,8.034842160005573,1.000000000002123,2.1229684676882243e-12,True,0.8376999999200052,Optimization terminated successfully
Diabetes,3,42,10,300,0.0001,50,least_cost,Ranked + weighted SHARK,All features mutable,α = 1,1.0,235077,1,0,True,,12.0,9.01762113695316e-17,1.2907831823086011,2.077013488193187,1.0770134881931872,True,1.6051999999717737,Optimization terminated successfully
Diabetes,3,42,10,300,0.0001,50,least_cost,Ranked + weighted SHARK,All features mutable,α < 1,0.01,235077,1,0,True,,12.0,3.915965747110393e-16,2.781016841771139,1.0,0.0,False,1.4676999999210238,Optimization terminated successfully
Diabetes,3,42,10,300,0.0001,50,least_cost,Ranked + weighted SHARK,Random 25% immutable,α = 1,1.0,235077,1,0,True,,10.0,9.02450897069026e-17,1.29103945691323,2.0761889851501496,1.0761889851501496,True,1.2618000000657048,Optimization terminated successfully
Diabetes,3,42,10,300,0.0001,50,least_cost,Ranked + weighted SHARK,Random 25% immutable,α < 1,0.01,235077,1,0,True,,10.0,3.918303635300816e-16,2.788922342391624,1.0,0.0,False,1.261600000020735,Optimization terminated successfully
Diabetes,3,42,10,300,0.0001,50,least_cost,Ranked + weighted SHARK,Random 50% immutable,α = 1,1.0,235077,1,0,True,,7.0,9.034508801875094e-17,1.2914112848466275,2.074993589179327,1.0749935891793272,True,1.0926999999583131,Optimization terminated successfully
Diabetes,3,42,10,300,0.0001,50,least_cost,Ranked + weighted SHARK,Random 50% immutable,α < 1,0.01,235077,1,0,True,,7.0,3.9224718151915237e-16,2.8026923238634955,1.0000000000000029,2.886579864025407e-15,True,1.2068999999428343,Optimization terminated successfully
Diabetes,3,42,10,300,0.0001,50,least_cost,Ranked + weighted SHARK,Random 75% immutable,α = 1,1.0,235077,1,0,True,,2.0,6.389523700130968e-17,3.974527007118712,1.0,0.0,False,0.9033000000044922,Optimization terminated successfully
Diabetes,3,42,10,300,0.0001,50,least_cost,Ranked + weighted SHARK,Random 75% immutable,α < 1,0.01,235077,1,0,True,,2.0,6.389494885880497e-17,3.974527007111323,1.0000000000017428,1.7428281040565707e-12,True,1.0938000000351167,Optimization terminated successfully
Diabetes,3,42,10,300,0.0001,50,least_cost,Ranked + weighted SHARK,All features mutable,α = 1,1.0,160234,1,2,True,,1.0,6.422639222950592,2.5342926474562075,2.000000000000493,1.000000000000493,True,4.53370000002451,Optimization terminated successfully
Diabetes,3,42,10,300,0.0001,50,least_cost,Ranked + weighted SHARK,All features mutable,α < 1,0.01,160234,1,2,True,,1.0,25.43429358680603,5.0432423684377925,1.0050251256284006,0.0050251256284006285,True,4.874200000017481,Optimization terminated successfully
Diabetes,3,42,10,300,0.0001,50,least_cost,Ranked + weighted SHARK,Random 25% immutable,α = 1,1.0,160234,1,2,True,,1.0,6.422639222950592,2.5342926474562075,2.000000000000493,1.000000000000493,True,3.7879000000202723,Optimization terminated successfully
Diabetes,3,42,10,300,0.0001,50,least_cost,Ranked + weighted SHARK,Random 25% immutable,α < 1,0.01,160234,1,2,True,,1.0,25.43429358680603,5.0432423684377925,1.0050251256284006,0.0050251256284006285,True,3.7644000000227607,Optimization terminated successfully
Diabetes,3,42,10,300,0.0001,50,least_cost,Ranked + weighted SHARK,Random 50% immutable,α = 1,1.0,160234,1,2,False,,,,,,,False,1.0282000000643166,Positive directional derivative for linesearch
Diabetes,3,42,10,300,0.0001,50,least_cost,Ranked + weighted SHARK,Random 50% immutable,α < 1,0.01,160234,1,2,False,,,,,,,False,1.0602999999491658,Positive directional derivative for linesearch
Diabetes,3,42,10,300,0.0001,50,least_cost,Ranked + weighted SHARK,Random 75% immutable,α = 1,1.0,160234,1,2,False,,,,,,,False,0.832500000001346,Positive directional derivative for linesearch
Diabetes,3,42,10,300,0.0001,50,least_cost,Ranked + weighted SHARK,Random 75% immutable,α < 1,0.01,160234,1,2,False,,,,,,,False,0.9917999999515814,Positive directional derivative for linesearch
Diabetes,3,42,10,300,0.0001,50,least_cost,Ranked + weighted SHARK,All features mutable,α = 1,1.0,166020,1,0,True,,10.0,7.827693965584945e-17,1.2023313854744888,2.229256616241834,1.229256616241834,True,1.513499999987289,Optimization terminated successfully
Diabetes,3,42,10,300,0.0001,50,least_cost,Ranked + weighted SHARK,All features mutable,α < 1,0.01,166020,1,0,True,,10.0,3.7608988440147963e-16,2.635439750454303,1.0170238957106488,0.017023895710648773,True,1.3977000000977569,Optimization terminated successfully
Diabetes,3,42,10,300,0.0001,50,least_cost,Ranked + weighted SHARK,Random 25% immutable,α = 1,1.0,166020,1,0,True,,10.0,7.827693965584402e-17,1.2023313854744888,2.229256616241834,1.229256616241834,True,1.2332000000014887,Optimization terminated successfully
Diabetes,3,42,10,300,0.0001,50,least_cost,Ranked + weighted SHARK,Random 25% immutable,α < 1,0.01,166020,1,0,True,,10.0,3.760898844014674e-16,2.635439750454303,1.0170238957106488,0.017023895710648773,True,1.5390999999453925,Optimization terminated successfully
Diabetes,3,42,10,300,0.0001,50,least_cost,Ranked + weighted SHARK,Random 50% immutable,α = 1,1.0,166020,1,0,True,,5.0,7.872946514602836e-17,1.204145000199618,2.222546514141534,1.2225465141415341,True,1.151899999968009,Optimization terminated successfully
Diabetes,3,42,10,300,0.0001,50,least_cost,Ranked + weighted SHARK,Random 50% immutable,α < 1,0.01,166020,1,0,True,,5.0,3.7826409282342085e-16,2.6394150902098037,1.0139626334956284,0.01396263349562843,True,1.0747000000037588,Optimization terminated successfully
Diabetes,3,42,10,300,0.0001,50,least_cost,Ranked + weighted SHARK,Random 75% immutable,α = 1,1.0,166020,1,0,True,,1.0,4.46347188068255e-19,0.3274164365497574,1.0,0.0,False,0.8736000000908462,Optimization terminated successfully
Diabetes,3,42,10,300,0.0001,50,least_cost,Ranked + weighted SHARK,Random 75% immutable,α < 1,0.01,166020,1,0,True,,1.0,4.463620010653705e-19,0.3274164365497574,1.0,0.0,False,0.9466999999858672,Optimization terminated successfully
Diabetes,3,42,10,300,0.0001,50,least_cost,Ranked + weighted SHARK,All features mutable,α = 1,1.0,186618,1,2,True,,1.0,6.422639222950592,2.5342926474562075,2.000000000000493,1.000000000000493,True,4.938899999956448,Optimization terminated successfully
Diabetes,3,42,10,300,0.0001,50,least_cost,Ranked + weighted SHARK,All features mutable,α < 1,0.01,186618,1,2,True,,1.0,25.43429358680603,5.0432423684377925,1.0050251256284006,0.0050251256284006285,True,4.449799999974857,Optimization terminated successfully
Diabetes,3,42,10,300,0.0001,50,least_cost,Ranked + weighted SHARK,Random 25% immutable,α = 1,1.0,186618,1,2,True,,1.0,6.422639222950592,2.5342926474562075,2.000000000000493,1.000000000000493,True,3.852199999982986,Optimization terminated successfully
Diabetes,3,42,10,300,0.0001,50,least_cost,Ranked + weighted SHARK,Random 25% immutable,α < 1,0.01,186618,1,2,True,,1.0,25.43429358680603,5.0432423684377925,1.0050251256284006,0.0050251256284006285,True,3.8683999999875596,Optimization terminated successfully
Diabetes,3,42,10,300,0.0001,50,least_cost,Ranked + weighted SHARK,Random 50% immutable,α = 1,1.0,186618,1,2,True,,1.0,6.422639222950592,2.5342926474562075,2.000000000000493,1.000000000000493,True,3.2523999999511943,Optimization terminated successfully
Diabetes,3,42,10,300,0.0001,50,least_cost,Ranked + weighted SHARK,Random 50% immutable,α < 1,0.01,186618,1,2,True,,1.0,25.43429358680603,5.0432423684377925,1.0050251256284006,0.0050251256284006285,True,3.3556999999291293,Optimization terminated successfully
Diabetes,3,42,10,300,0.0001,50,least_cost,Ranked + weighted SHARK,Random 75% immutable,α = 1,1.0,186618,1,2,False,,,,,,,False,523.5973000000058,Iteration limit reached
Diabetes,3,42,10,300,0.0001,50,least_cost,Ranked + weighted SHARK,Random 75% immutable,α < 1,0.01,186618,1,2,False,,,,,,,False,529.0741999999682,Iteration limit reached
Diabetes,3,42,10,300,0.0001,50,least_cost,Ranked + weighted SHARK,All features mutable,α = 1,1.0,114264,1,2,True,,1.0,6.422639222950592,2.5342926474562075,2.000000000000493,1.000000000000493,True,4.928500000005442,Optimization terminated successfully
Diabetes,3,42,10,300,0.0001,50,least_cost,Ranked + weighted SHARK,All features mutable,α < 1,0.01,114264,1,2,True,,1.0,25.43429358680603,5.0432423684377925,1.0050251256284006,0.0050251256284006285,True,5.085199999939505,Optimization terminated successfully
Diabetes,3,42,10,300,0.0001,50,least_cost,Ranked + weighted SHARK,Random 25% immutable,α = 1,1.0,114264,1,2,True,,1.0,6.422639222950592,2.5342926474562075,2.000000000000493,1.000000000000493,True,3.854100000012295,Optimization terminated successfully
Diabetes,3,42,10,300,0.0001,50,least_cost,Ranked + weighted SHARK,Random 25% immutable,α < 1,0.01,114264,1,2,True,,1.0,25.43429358680603,5.0432423684377925,1.0050251256284006,0.0050251256284006285,True,4.475100000036036,Optimization terminated successfully
Diabetes,3,42,10,300,0.0001,50,least_cost,Ranked + weighted SHARK,Random 50% immutable,α = 1,1.0,114264,1,2,True,,1.0,6.422639222950592,2.5342926474562075,2.000000000000493,1.000000000000493,True,3.049499999974614,Optimization terminated successfully
Diabetes,3,42,10,300,0.0001,50,least_cost,Ranked + weighted SHARK,Random 50% immutable,α < 1,0.01,114264,1,2,True,,1.0,25.43429358680603,5.0432423684377925,1.0050251256284006,0.0050251256284006285,True,3.171900000097594,Optimization terminated successfully
Diabetes,3,42,10,300,0.0001,50,least_cost,Ranked + weighted SHARK,Random 75% immutable,α = 1,1.0,114264,1,2,False,,,,,,,False,0.9499000000232627,Positive directional derivative for linesearch
Diabetes,3,42,10,300,0.0001,50,least_cost,Ranked + weighted SHARK,Random 75% immutable,α < 1,0.01,114264,1,2,False,,,,,,,False,0.8920000000216532,Positive directional derivative for linesearch
Diabetes,3,42,10,300,0.0001,50,least_cost,Ranked + weighted SHARK,All features mutable,α = 1,1.0,247458,1,0,True,,10.0,8.437364915613023e-17,1.2482875187896865,2.14720683082282,1.14720683082282,True,1.7050999999810301,Optimization terminated successfully
Diabetes,3,42,10,300,0.0001,50,least_cost,Ranked + weighted SHARK,All features mutable,α < 1,0.01,247458,1,0,True,,10.0,3.890323265478814e-16,2.681421078753622,1.0000000000000029,2.886579864025407e-15,True,1.3721000000259664,Optimization terminated successfully
Diabetes,3,42,10,300,0.0001,50,least_cost,Ranked + weighted SHARK,Random 25% immutable,α = 1,1.0,247458,1,0,True,,6.0,8.471925298417964e-17,1.2496232046278222,2.1426191103205503,1.1426191103205503,True,1.2040999999953783,Optimization terminated successfully
Diabetes,3,42,10,300,0.0001,50,least_cost,Ranked + weighted SHARK,Random 25% immutable,α < 1,0.01,247458,1,0,True,,6.0,3.891732353003836e-16,2.6870199904304304,1.0,0.0,False,1.3733000000684115,Optimization terminated successfully
Diabetes,3,42,10,300,0.0001,50,least_cost,Ranked + weighted SHARK,Random 50% immutable,α = 1,1.0,247458,1,0,True,,5.0,8.480647444269104e-17,1.2499590027912624,2.1414680470994654,1.1414680470994654,True,1.0462999999845124,Optimization terminated successfully
Diabetes,3,42,10,300,0.0001,50,least_cost,Ranked + weighted SHARK,Random 50% immutable,α < 1,0.01,247458,1,0,True,,5.0,3.8924868361030063e-16,2.68989693268041,1.0000000000000002,2.220446049250313e-16,True,1.1392999999770836,Optimization terminated successfully
Diabetes,3,42,10,300,0.0001,50,least_cost,Ranked + weighted SHARK,Random 75% immutable,α = 1,1.0,247458,1,0,True,,4.0,1.7000735345005086e-16,6.4170611438077785,1.0000000000021614,2.1613821843402548e-12,True,0.9929999999940264,Optimization terminated successfully
Diabetes,3,42,10,300,0.0001,50,least_cost,Ranked + weighted SHARK,Random 75% immutable,α < 1,0.01,247458,1,0,True,,4.0,1.7000734878660621e-16,6.417061143787479,1.0000000000053726,5.3725912607660575e-12,True,0.9011999999302134,Optimization terminated successfully
Diabetes,3,42,10,300,0.0001,50,least_cost,Ranked + weighted SHARK,All features mutable,α = 1,1.0,181984,1,0,True,,12.0,1.062688363357898e-16,1.401201665116101,1.9132930334747527,0.9132930334747527,True,1.554799999894385,Optimization terminated successfully
Diabetes,3,42,10,300,0.0001,50,least_cost,Ranked + weighted SHARK,All features mutable,α < 1,0.01,181984,1,0,True,,12.0,4.1248755769249894e-16,3.4871011612032716,1.0,0.0,False,1.4906000000109998,Optimization terminated successfully
Diabetes,3,42,10,300,0.0001,50,least_cost,Ranked + weighted SHARK,Random 25% immutable,α = 1,1.0,181984,1,0,True,,9.0,1.0639135003819218e-16,1.401621484131072,1.9121470514653738,0.9121470514653738,True,1.2917000000243206,Optimization terminated successfully
Diabetes,3,42,10,300,0.0001,50,least_cost,Ranked + weighted SHARK,Random 25% immutable,α < 1,0.01,181984,1,0,True,,9.0,4.156673161450565e-16,3.5714214709376533,1.0,0.0,False,1.280699999938406,Optimization terminated successfully
Diabetes,3,42,10,300,0.0001,50,least_cost,Ranked + weighted SHARK,Random 50% immutable,α = 1,1.0,181984,1,0,True,,6.0,2.6943257993967457e-16,7.853525185618466,1.0000000000004976,4.976019596369952e-13,True,1.1134000000083688,Optimization terminated successfully
Diabetes,3,42,10,300,0.0001,50,least_cost,Ranked + weighted SHARK,Random 50% immutable,α < 1,0.01,181984,1,0,True,,6.0,2.6943252371602155e-16,7.853525185624883,1.0000000000002294,2.2937207688755734e-13,True,1.135599999997794,Optimization terminated successfully
Diabetes,3,42,10,300,0.0001,50,least_cost,Ranked + weighted SHARK,Random 75% immutable,α = 1,1.0,181984,1,0,True,,4.0,1.7393778405848396e-16,6.113847236329156,1.0,0.0,False,0.897600000030252,Optimization terminated successfully
Diabetes,3,42,10,300,0.0001,50,least_cost,Ranked + weighted SHARK,Random 75% immutable,α < 1,0.01,181984,1,0,True,,4.0,1.739377840578953e-16,6.113847236318885,1.0000000000015097,1.5096812688852879e-12,True,0.8921999999529362,Optimization terminated successfully
Diabetes,3,42,10,300,0.0001,50,least_cost,Ranked + weighted SHARK,All features mutable,α = 1,1.0,16188,1,0,True,,13.0,1.2705610080040648e-16,1.5323604596230687,1.74981540848065,0.7498154084806501,True,1.5915000000177315,Optimization terminated successfully
Diabetes,3,42,10,300,0.0001,50,least_cost,Ranked + weighted SHARK,All features mutable,α < 1,0.01,16188,1,0,True,,13.0,4.593773652348963e-16,4.709648478112202,1.0000000000000278,2.7755575615628914e-14,True,1.3553999999658117,Optimization terminated successfully
Diabetes,3,42,10,300,0.0001,50,least_cost,Ranked + weighted SHARK,Random 25% immutable,α = 1,1.0,16188,1,0,True,,9.0,1.2730653449078743e-16,1.533145113328735,1.7480247785049943,0.7480247785049943,True,1.42459999995026,Optimization terminated successfully
Diabetes,3,42,10,300,0.0001,50,least_cost,Ranked + weighted SHARK,Random 25% immutable,α < 1,0.01,16188,1,0,True,,9.0,4.759923013531931e-16,5.02905573133878,1.0000000000000464,4.6407322429331543e-14,True,1.247700000021723,Optimization terminated successfully
Diabetes,3,42,10,300,0.0001,50,least_cost,Ranked + weighted SHARK,Random 50% immutable,α = 1,1.0,16188,1,0,True,,9.0,1.27239910055203e-16,1.5329364934502467,1.7485005940823561,0.7485005940823561,True,1.1112000000821354,Optimization terminated successfully
Diabetes,3,42,10,300,0.0001,50,least_cost,Ranked + weighted SHARK,Random 50% immutable,α < 1,0.01,16188,1,0,True,,9.0,4.708629737857424e-16,4.934146490747925,1.0,0.0,False,1.076399999988098,Optimization terminated successfully
Diabetes,3,42,10,300,0.0001,50,least_cost,Ranked + weighted SHARK,Random 75% immutable,α = 1,1.0,16188,1,0,True,,2.0,1.2842688547956804e-16,1.5366646605919965,1.7400266635245072,0.7400266635245072,True,0.9162000000060289,Optimization terminated successfully
Diabetes,3,42,10,300,0.0001,50,least_cost,Ranked + weighted SHARK,Random 75% immutable,α < 1,0.01,16188,1,0,True,,2.0,4.1163110311475624e-16,3.546269034890978,1.0,0.0,False,0.9688000000096508,Optimization terminated successfully
Diabetes,3,42,10,300,0.0001,50,least_cost,Ranked + weighted SHARK,All features mutable,α = 1,1.0,193058,1,0,True,,10.0,7.081145518974639e-17,1.143756125262147,2.343859058216425,1.3438590582164252,True,1.5617000000247572,Optimization terminated successfully
Diabetes,3,42,10,300,0.0001,50,least_cost,Ranked + weighted SHARK,All features mutable,α < 1,0.01,193058,1,0,True,,10.0,3.5936028785764585e-16,2.576598293855816,1.040442805438002,0.04044280543800194,True,1.4400000000023283,Optimization terminated successfully
Diabetes,3,42,10,300,0.0001,50,least_cost,Ranked + weighted SHARK,Random 25% immutable,α = 1,1.0,193058,1,0,True,,5.0,5.4829746564907484e-17,3.5572452727659063,1.0,0.0,False,1.4350999999805936,Optimization terminated successfully
Diabetes,3,42,10,300,0.0001,50,least_cost,Ranked + weighted SHARK,Random 25% immutable,α < 1,0.01,193058,1,0,True,,5.0,5.4829762733466714e-17,3.5572452727659063,1.0,0.0,False,1.2448999999605803,Optimization terminated successfully
Diabetes,3,42,10,300,0.0001,50,least_cost,Ranked + weighted SHARK,Random 50% immutable,α = 1,1.0,193058,1,0,True,,4.0,7.184846965374228e-17,4.073454835346384,1.0,0.0,False,1.2088999999377847,Optimization terminated successfully
Diabetes,3,42,10,300,0.0001,50,least_cost,Ranked + weighted SHARK,Random 50% immutable,α < 1,0.01,193058,1,0,True,,4.0,7.184840370535568e-17,4.073454835333594,1.000000000003132,3.1319391524675666e-12,True,1.2029000000666201,Optimization terminated successfully
Diabetes,3,42,10,300,0.0001,50,least_cost,Ranked + weighted SHARK,Random 75% immutable,α = 1,1.0,193058,1,0,True,,2.0,2.9437556658454156e-17,2.597125729227008,1.0,0.0,False,0.9480999999595952,Optimization terminated successfully
Diabetes,3,42,10,300,0.0001,50,least_cost,Ranked + weighted SHARK,Random 75% immutable,α < 1,0.01,193058,1,0,True,,2.0,2.9437556658454156e-17,2.597125729227008,1.0,0.0,False,0.9234000000333253,Optimization terminated successfully
Diabetes,3,42,10,300,0.0001,50,least_cost,Ranked + weighted SHARK,All features mutable,α = 1,1.0,112476,1,2,True,,1.0,6.422639222950592,2.5342926474562075,2.000000000000493,1.000000000000493,True,4.648200000019642,Optimization terminated successfully
Diabetes,3,42,10,300,0.0001,50,least_cost,Ranked + weighted SHARK,All features mutable,α < 1,0.01,112476,1,2,True,,1.0,25.43429358680603,5.0432423684377925,1.0050251256284006,0.0050251256284006285,True,4.681200000050012,Optimization terminated successfully
Diabetes,3,42,10,300,0.0001,50,least_cost,Ranked + weighted SHARK,Random 25% immutable,α = 1,1.0,112476,1,2,True,,1.0,6.422639222950592,2.5342926474562075,2.000000000000493,1.000000000000493,True,3.9214999999330757,Optimization terminated successfully
Diabetes,3,42,10,300,0.0001,50,least_cost,Ranked + weighted SHARK,Random 25% immutable,α < 1,0.01,112476,1,2,True,,1.0,25.43429358680603,5.0432423684377925,1.0050251256284006,0.0050251256284006285,True,3.906300000039664,Optimization terminated successfully
Diabetes,3,42,10,300,0.0001,50,least_cost,Ranked + weighted SHARK,Random 50% immutable,α = 1,1.0,112476,1,2,True,,1.0,6.422639222950592,2.5342926474562075,2.000000000000493,1.000000000000493,True,3.5007999999834283,Optimization terminated successfully
Diabetes,3,42,10,300,0.0001,50,least_cost,Ranked + weighted SHARK,Random 50% immutable,α < 1,0.01,112476,1,2,True,,1.0,25.43429358680603,5.0432423684377925,1.0050251256284006,0.0050251256284006285,True,3.1912999999121894,Optimization terminated successfully
Diabetes,3,42,10,300,0.0001,50,least_cost,Ranked + weighted SHARK,Random 75% immutable,α = 1,1.0,112476,1,2,True,,1.0,6.422639222950592,2.5342926474562075,2.000000000000493,1.000000000000493,True,3.4695000000510845,Optimization terminated successfully
Diabetes,3,42,10,300,0.0001,50,least_cost,Ranked + weighted SHARK,Random 75% immutable,α < 1,0.01,112476,1,2,True,,1.0,25.43429358680603,5.0432423684377925,1.0050251256284006,0.0050251256284006285,True,2.7076999999735563,Optimization terminated successfully
Diabetes,3,42,10,300,0.0001,50,least_cost,Ranked + weighted SHARK,All features mutable,α = 1,1.0,217720,1,0,True,,15.0,1.3172703455134144e-16,1.5603502255221802,1.7185186592413513,0.7185186592413513,True,1.5912000000071203,Optimization terminated successfully
Diabetes,3,42,10,300,0.0001,50,least_cost,Ranked + weighted SHARK,All features mutable,α < 1,0.01,217720,1,0,True,,15.0,4.7152209791747765e-16,4.98144056203854,1.0,0.0,False,1.5787999999474778,Optimization terminated successfully
Diabetes,3,42,10,300,0.0001,50,least_cost,Ranked + weighted SHARK,Random 25% immutable,α = 1,1.0,217720,1,0,True,,12.0,1.3191353781194618e-16,1.560924408077276,1.717254585281136,0.7172545852811361,True,1.2499000000616434,Optimization terminated successfully
Diabetes,3,42,10,300,0.0001,50,least_cost,Ranked + weighted SHARK,Random 25% immutable,α < 1,0.01,217720,1,0,True,,12.0,4.842994568677021e-16,5.220017074844175,1.0000000000000497,4.973799150320701e-14,True,1.3979999999946813,Optimization terminated successfully
Diabetes,3,42,10,300,0.0001,50,least_cost,Ranked + weighted SHARK,Random 50% immutable,α = 1,1.0,217720,1,0,True,,9.0,1.3247931909410266e-16,1.562673428905905,1.7134126652202997,0.7134126652202997,True,1.2759999999616412,Optimization terminated successfully
Diabetes,3,42,10,300,0.0001,50,least_cost,Ranked + weighted SHARK,Random 50% immutable,α < 1,0.01,217720,1,0,True,,9.0,5.574152524318207e-16,6.720425675776754,1.0000000000001097,1.0969003483296547e-13,True,1.0815000000548025,Optimization terminated successfully
Diabetes,3,42,10,300,0.0001,50,least_cost,Ranked + weighted SHARK,Random 75% immutable,α = 1,1.0,217720,1,0,True,,5.0,2.1246217022203729e-16,7.217067301307292,1.0000000000034417,3.4416913763379853e-12,True,0.9325000000899308,Optimization terminated successfully
Diabetes,3,42,10,300,0.0001,50,least_cost,Ranked + weighted SHARK,Random 75% immutable,α < 1,0.01,217720,1,0,True,,5.0,2.1246217022352308e-16,7.217067301332519,1.0,0.0,False,0.9147000000666594,Optimization terminated successfully
Diabetes,3,42,10,300,0.0001,50,least_cost,Ranked + weighted SHARK,All features mutable,α = 1,1.0,138353,1,2,True,,1.0,6.422639222950592,2.5342926474562075,2.000000000000493,1.000000000000493,True,5.121300000041629,Optimization terminated successfully
Diabetes,3,42,10,300,0.0001,50,least_cost,Ranked + weighted SHARK,All features mutable,α < 1,0.01,138353,1,2,True,,1.0,25.43429358680603,5.0432423684377925,1.0050251256284006,0.0050251256284006285,True,4.875099999935628,Optimization terminated successfully
Diabetes,3,42,10,300,0.0001,50,least_cost,Ranked + weighted SHARK,Random 25% immutable,α = 1,1.0,138353,1,2,True,,1.0,6.422639222950592,2.5342926474562075,2.000000000000493,1.000000000000493,True,4.12620000008701,Optimization terminated successfully
Diabetes,3,42,10,300,0.0001,50,least_cost,Ranked + weighted SHARK,Random 25% immutable,α < 1,0.01,138353,1,2,True,,1.0,25.43429358680603,5.0432423684377925,1.0050251256284006,0.0050251256284006285,True,4.090399999995498,Optimization terminated successfully
Diabetes,3,42,10,300,0.0001,50,least_cost,Ranked + weighted SHARK,Random 50% immutable,α = 1,1.0,138353,1,2,True,,1.0,6.422639222950592,2.5342926474562075,2.000000000000493,1.000000000000493,True,3.2237000000350235,Optimization terminated successfully
Diabetes,3,42,10,300,0.0001,50,least_cost,Ranked + weighted SHARK,Random 50% immutable,α < 1,0.01,138353,1,2,True,,1.0,25.43429358680603,5.0432423684377925,1.0050251256284006,0.0050251256284006285,True,3.198300000008203,Optimization terminated successfully
Diabetes,3,42,10,300,0.0001,50,least_cost,Ranked + weighted SHARK,Random 75% immutable,α = 1,1.0,138353,1,2,False,,,,,,,False,526.1262000000215,Iteration limit reached
Diabetes,3,42,10,300,0.0001,50,least_cost,Ranked + weighted SHARK,Random 75% immutable,α < 1,0.01,138353,1,2,False,,,,,,,False,509.8649999999907,Iteration limit reached
Diabetes,3,42,10,300,0.0001,50,least_cost,Ranked + weighted SHARK,All features mutable,α = 1,1.0,57641,1,2,True,,1.0,6.422639222950592,2.5342926474562075,2.000000000000493,1.000000000000493,True,4.9476000000368,Optimization terminated successfully
Diabetes,3,42,10,300,0.0001,50,least_cost,Ranked + weighted SHARK,All features mutable,α < 1,0.01,57641,1,2,True,,1.0,25.43429358680603,5.0432423684377925,1.0050251256284006,0.0050251256284006285,True,4.842899999971451,Optimization terminated successfully
Diabetes,3,42,10,300,0.0001,50,least_cost,Ranked + weighted SHARK,Random 25% immutable,α = 1,1.0,57641,1,2,True,,1.0,6.422639222950592,2.5342926474562075,2.000000000000493,1.000000000000493,True,4.104600000005121,Optimization terminated successfully
Diabetes,3,42,10,300,0.0001,50,least_cost,Ranked + weighted SHARK,Random 25% immutable,α < 1,0.01,57641,1,2,True,,1.0,25.43429358680603,5.0432423684377925,1.0050251256284006,0.0050251256284006285,True,4.213400000026013,Optimization terminated successfully
Diabetes,3,42,10,300,0.0001,50,least_cost,Ranked + weighted SHARK,Random 50% immutable,α = 1,1.0,57641,1,2,False,,,,,,,False,622.5319999999783,Iteration limit reached
Diabetes,3,42,10,300,0.0001,50,least_cost,Ranked + weighted SHARK,Random 50% immutable,α < 1,0.01,57641,1,2,False,,,,,,,False,618.5560000000123,Iteration limit reached
Diabetes,3,42,10,300,0.0001,50,least_cost,Ranked + weighted SHARK,Random 75% immutable,α = 1,1.0,57641,1,2,False,,,,,,,False,521.7284000000291,Iteration limit reached
Diabetes,3,42,10,300,0.0001,50,least_cost,Ranked + weighted SHARK,Random 75% immutable,α < 1,0.01,57641,1,2,False,,,,,,,False,532.3124000000234,Iteration limit reached
Diabetes,3,42,10,300,0.0001,50,least_cost,Ranked + weighted SHARK,All features mutable,α = 1,1.0,21798,1,0,True,,14.0,1.1454029326507614e-16,1.4547532207509382,1.842919516413014,0.8429195164130141,True,1.6213999999763473,Optimization terminated successfully
Diabetes,3,42,10,300,0.0001,50,least_cost,Ranked + weighted SHARK,All features mutable,α < 1,0.01,21798,1,0,True,,14.0,4.29473018834554e-16,3.9709174205063693,1.0,0.0,False,1.7314000000396845,Optimization terminated successfully
Diabetes,3,42,10,300,0.0001,50,least_cost,Ranked + weighted SHARK,Random 25% immutable,α = 1,1.0,21798,1,0,True,,10.0,1.1469879607012405e-16,1.4552763266176885,1.841594862491757,0.8415948624917571,True,1.212499999951433,Optimization terminated successfully
Diabetes,3,42,10,300,0.0001,50,least_cost,Ranked + weighted SHARK,Random 25% immutable,α < 1,0.01,21798,1,0,True,,10.0,4.3612309705941666e-16,4.124406804796742,1.000000000000026,2.5979218776228663e-14,True,1.211099999977705,Optimization terminated successfully
Diabetes,3,42,10,300,0.0001,50,least_cost,Ranked + weighted SHARK,Random 50% immutable,α = 1,1.0,21798,1,0,True,,7.0,1.1521488529566572e-16,1.4569864467050513,1.837274300526868,0.8372743005268679,True,1.1882999999670574,Optimization terminated successfully
Diabetes,3,42,10,300,0.0001,50,least_cost,Ranked + weighted SHARK,Random 50% immutable,α < 1,0.01,21798,1,0,True,,7.0,4.786019355462113e-16,5.1189969126583765,1.0,0.0,False,1.0595999999623018,Optimization terminated successfully
Diabetes,3,42,10,300,0.0001,50,least_cost,Ranked + weighted SHARK,Random 75% immutable,α = 1,1.0,21798,1,0,True,,4.0,1.1566063554294222e-16,1.45846113233496,1.8335607531749147,0.8335607531749147,True,0.884400000018104,Optimization terminated successfully
Diabetes,3,42,10,300,0.0001,50,least_cost,Ranked + weighted SHARK,Random 75% immutable,α < 1,0.01,21798,1,0,True,,4.0,4.1732223854980893e-16,3.7369221080498924,1.0000000000000606,6.061817714453355e-14,True,0.9208000000171523,Optimization terminated successfully
Diabetes,3,42,10,300,0.0001,50,least_cost,Ranked + weighted SHARK,All features mutable,α = 1,1.0,198248,1,0,True,,12.0,9.350246205643794e-17,1.3141943703928325,2.039711469282436,1.039711469282436,True,1.629600000001119,Optimization terminated successfully
Diabetes,3,42,10,300,0.0001,50,least_cost,Ranked + weighted SHARK,All features mutable,α < 1,0.01,198248,1,0,True,,12.0,3.945980126019602e-16,2.892007602398926,1.0,0.0,False,1.4721000000008644,Optimization terminated successfully
Diabetes,3,42,10,300,0.0001,50,least_cost,Ranked + weighted SHARK,Random 25% immutable,α = 1,1.0,198248,1,0,True,,7.0,3.0956369573663725e-16,8.51116872511862,1.0,0.0,False,1.2606999999889013,Optimization terminated successfully
Diabetes,3,42,10,300,0.0001,50,least_cost,Ranked + weighted SHARK,Random 25% immutable,α < 1,0.01,198248,1,0,True,,7.0,3.095636778234122e-16,8.51116872511862,1.0,0.0,False,1.3731000000234417,Optimization terminated successfully
Diabetes,3,42,10,300,0.0001,50,least_cost,Ranked + weighted SHARK,Random 50% immutable,α = 1,1.0,198248,1,0,True,,7.0,9.421544885519006e-17,1.3168113076216603,2.031612369783457,1.0316123697834572,True,1.0916999999608379,Optimization terminated successfully
Diabetes,3,42,10,300,0.0001,50,least_cost,Ranked + weighted SHARK,Random 50% immutable,α < 1,0.01,198248,1,0,True,,7.0,4.084089190492475e-16,3.427874242417176,1.0,0.0,False,1.1193000000275788,Optimization terminated successfully
Diabetes,3,42,10,300,0.0001,50,least_cost,Ranked + weighted SHARK,Random 75% immutable,α = 1,1.0,198248,1,0,True,,4.0,1.0953608246383151e-16,5.048778335088616,1.0000000000005014,5.013767179207207e-13,True,0.9434999999484717,Optimization terminated successfully
Diabetes,3,42,10,300,0.0001,50,least_cost,Ranked + weighted SHARK,Random 75% immutable,α < 1,0.01,198248,1,0,True,,4.0,1.0953608246398742e-16,5.048778335092207,1.0,0.0,False,0.9289000000762826,Optimization terminated successfully
Diabetes,3,42,10,300,0.0001,50,least_cost,Ranked + weighted SHARK,All features mutable,α = 1,1.0,196300,1,2,True,,1.0,6.422639222950592,2.5342926474562075,2.000000000000493,1.000000000000493,True,4.909199999929115,Optimization terminated successfully
Diabetes,3,42,10,300,0.0001,50,least_cost,Ranked + weighted SHARK,All features mutable,α < 1,0.01,196300,1,2,True,,1.0,25.43429358680603,5.0432423684377925,1.0050251256284006,0.0050251256284006285,True,4.982600000062121,Optimization terminated successfully
Diabetes,3,42,10,300,0.0001,50,least_cost,Ranked + weighted SHARK,Random 25% immutable,α = 1,1.0,196300,1,2,True,,1.0,6.422639222950592,2.5342926474562075,2.000000000000493,1.000000000000493,True,4.1056999999682375,Optimization terminated successfully
Diabetes,3,42,10,300,0.0001,50,least_cost,Ranked + weighted SHARK,Random 25% immutable,α < 1,0.01,196300,1,2,True,,1.0,25.43429358680603,5.0432423684377925,1.0050251256284006,0.0050251256284006285,True,4.624600000056489,Optimization terminated successfully
Diabetes,3,42,10,300,0.0001,50,least_cost,Ranked + weighted SHARK,Random 50% immutable,α = 1,1.0,196300,1,2,True,,1.0,6.422639222950592,2.5342926474562075,2.000000000000493,1.000000000000493,True,3.238000000010288,Optimization terminated successfully
Diabetes,3,42,10,300,0.0001,50,least_cost,Ranked + weighted SHARK,Random 50% immutable,α < 1,0.01,196300,1,2,True,,1.0,25.43429358680603,5.0432423684377925,1.0050251256284006,0.0050251256284006285,True,3.400300000066636,Optimization terminated successfully
Diabetes,3,42,10,300,0.0001,50,least_cost,Ranked + weighted SHARK,Random 75% immutable,α = 1,1.0,196300,1,2,False,,,,,,,False,524.6545999999626,Iteration limit reached
Diabetes,3,42,10,300,0.0001,50,least_cost,Ranked + weighted SHARK,Random 75% immutable,α < 1,0.01,196300,1,2,False,,,,,,,False,523.62949999997,Iteration limit reached
Diabetes,3,42,10,300,0.0001,50,least_cost,Ranked + weighted SHARK,All features mutable,α = 1,1.0,46304,1,2,True,,1.0,6.422639222950592,2.5342926474562075,2.000000000000493,1.000000000000493,True,4.978100000016639,Optimization terminated successfully
Diabetes,3,42,10,300,0.0001,50,least_cost,Ranked + weighted SHARK,All features mutable,α < 1,0.01,46304,1,2,True,,1.0,25.43429358680603,5.0432423684377925,1.0050251256284006,0.0050251256284006285,True,4.387400000041453,Optimization terminated successfully
Diabetes,3,42,10,300,0.0001,50,least_cost,Ranked + weighted SHARK,Random 25% immutable,α = 1,1.0,46304,1,2,True,,1.0,6.422639222950592,2.5342926474562075,2.000000000000493,1.000000000000493,True,5.897599999912018,Optimization terminated successfully
Diabetes,3,42,10,300,0.0001,50,least_cost,Ranked + weighted SHARK,Random 25% immutable,α < 1,0.01,46304,1,2,True,,1.0,25.43429358680603,5.0432423684377925,1.0050251256284006,0.0050251256284006285,True,4.323699999986275,Optimization terminated successfully
Diabetes,3,42,10,300,0.0001,50,least_cost,Ranked + weighted SHARK,Random 50% immutable,α = 1,1.0,46304,1,2,False,,,,,,,False,1.4244999999846186,Positive directional derivative for linesearch
Diabetes,3,42,10,300,0.0001,50,least_cost,Ranked + weighted SHARK,Random 50% immutable,α < 1,0.01,46304,1,2,False,,,,,,,False,1.0844999999335414,Positive directional derivative for linesearch
Diabetes,3,42,10,300,0.0001,50,least_cost,Ranked + weighted SHARK,Random 75% immutable,α = 1,1.0,46304,1,2,False,,,,,,,False,0.934900000061134,Positive directional derivative for linesearch
Diabetes,3,42,10,300,0.0001,50,least_cost,Ranked + weighted SHARK,Random 75% immutable,α < 1,0.01,46304,1,2,False,,,,,,,False,0.8763000000726606,Positive directional derivative for linesearch
Diabetes,3,42,10,300,0.0001,50,least_cost,Ranked + weighted SHARK,All features mutable,α = 1,1.0,94053,2,0,True,,11.0,22.21978896223905,11.002374746922266,1.0,0.0,False,30.6798000000299,Optimization terminated successfully
Diabetes,3,42,10,300,0.0001,50,least_cost,Ranked + weighted SHARK,All features mutable,α < 1,0.01,94053,2,0,True,,11.0,25.434293586732068,6.04881631961238,1.005025125629862,0.005025125629861904,True,6.119499999954314,Optimization terminated successfully
Diabetes,3,42,10,300,0.0001,50,least_cost,Ranked + weighted SHARK,Random 25% immutable,α = 1,1.0,94053,2,0,True,,9.0,22.36656756614681,9.561087677734337,1.0,0.0,False,20.959599999969214,Optimization terminated successfully
Diabetes,3,42,10,300,0.0001,50,least_cost,Ranked + weighted SHARK,Random 25% immutable,α < 1,0.01,94053,2,0,True,,9.0,25.43429358692724,6.090094808826033,1.0,0.0,False,5.01099999996768,Optimization terminated successfully
Diabetes,3,42,10,300,0.0001,50,least_cost,Ranked + weighted SHARK,Random 50% immutable,α = 1,1.0,94053,2,0,False,,,,,,,False,1.1951999999837426,Positive directional derivative for linesearch
Diabetes,3,42,10,300,0.0001,50,least_cost,Ranked + weighted SHARK,Random 50% immutable,α < 1,0.01,94053,2,0,False,,,,,,,False,1.1348000000452885,Positive directional derivative for linesearch
Diabetes,3,42,10,300,0.0001,50,least_cost,Ranked + weighted SHARK,Random 75% immutable,α = 1,1.0,94053,2,0,False,,,,,,,False,0.8500999999796477,Positive directional derivative for linesearch
Diabetes,3,42,10,300,0.0001,50,least_cost,Ranked + weighted SHARK,Random 75% immutable,α < 1,0.01,94053,2,0,False,,,,,,,False,6.204000000025189,Positive directional derivative for linesearch
Diabetes,3,42,10,300,0.0001,50,least_cost,Ranked + weighted SHARK,All features mutable,α = 1,1.0,32495,1,0,True,,10.0,8.166657627313697e-17,1.2280695304871452,2.1824999429807033,1.1824999429807033,True,1.8714999999929205,Optimization terminated successfully
Diabetes,3,42,10,300,0.0001,50,least_cost,Ranked + weighted SHARK,All features mutable,α < 1,0.01,32495,1,0,True,,10.0,3.8348982667901883e-16,2.6612011686062242,1.0071623716338542,0.007162371633854248,True,1.5198000000964385,Optimization terminated successfully
Diabetes,3,42,10,300,0.0001,50,least_cost,Ranked + weighted SHARK,Random 25% immutable,α = 1,1.0,32495,1,0,True,,8.0,8.197493979306216e-17,1.2292815731768985,2.178198277576229,1.1781982775762292,True,1.3592000000244298,Optimization terminated successfully
Diabetes,3,42,10,300,0.0001,50,least_cost,Ranked + weighted SHARK,Random 25% immutable,α < 1,0.01,32495,1,0,True,,8.0,3.8493783978546094e-16,2.663827639943601,1.0051772739735543,0.005177273973554275,True,1.728200000002289,Optimization terminated successfully
Diabetes,3,42,10,300,0.0001,50,least_cost,Ranked + weighted SHARK,Random 50% immutable,α = 1,1.0,32495,1,0,True,,5.0,8.210633954900166e-17,1.2297957484210431,2.176377257292537,1.176377257292537,True,1.0318000000779648,Optimization terminated successfully
Diabetes,3,42,10,300,0.0001,50,least_cost,Ranked + weighted SHARK,Random 50% immutable,α < 1,0.01,32495,1,0,True,,5.0,3.855548666271173e-16,2.6649418470194326,1.004336924303226,0.004336924303226075,True,1.1362000000190164,Optimization terminated successfully
Diabetes,3,42,10,300,0.0001,50,least_cost,Ranked + weighted SHARK,Random 75% immutable,α = 1,1.0,32495,1,0,True,,3.0,5.742809954489404e-17,3.6857267094311297,1.0,0.0,False,0.8801000000175918,Optimization terminated successfully
Diabetes,3,42,10,300,0.0001,50,least_cost,Ranked + weighted SHARK,Random 75% immutable,α < 1,0.01,32495,1,0,True,,3.0,5.742775898293219e-17,3.6857267094311297,1.0,0.0,False,0.9528999999020016,Optimization terminated successfully
Diabetes,3,42,10,300,0.0001,50,least_cost,Ranked + weighted SHARK,All features mutable,α = 1,1.0,23887,1,0,True,,13.0,1.1368468188256727e-16,1.4492910834672927,1.8498397265359956,0.8498397265359956,True,1.8304000000171072,Optimization terminated successfully
Diabetes,3,42,10,300,0.0001,50,least_cost,Ranked + weighted SHARK,All features mutable,α < 1,0.01,23887,1,0,True,,13.0,4.2770591049970483e-16,3.9226250435034404,1.0,0.0,False,1.494900000011512,Optimization terminated successfully
Diabetes,3,42,10,300,0.0001,50,least_cost,Ranked + weighted SHARK,Random 25% immutable,α = 1,1.0,23887,1,0,True,,12.0,1.13823956413747e-16,1.4497535617783015,1.8486596993659887,0.8486596993659887,True,1.3751999999840336,Optimization terminated successfully
Diabetes,3,42,10,300,0.0001,50,least_cost,Ranked + weighted SHARK,Random 25% immutable,α < 1,0.01,23887,1,0,True,,12.0,4.3299830309273346e-16,4.0533671451026905,1.0000000000000189,1.887379141862766e-14,True,1.31090000002132,Optimization terminated successfully
Diabetes,3,42,10,300,0.0001,50,least_cost,Ranked + weighted SHARK,Random 50% immutable,α = 1,1.0,23887,1,0,True,,4.0,2.356460528901278e-16,7.444332062819683,1.0,0.0,False,1.1779999999816937,Optimization terminated successfully
Diabetes,3,42,10,300,0.0001,50,least_cost,Ranked + weighted SHARK,Random 50% immutable,α < 1,0.01,23887,1,0,True,,4.0,2.356460181784537e-16,7.444332062819683,1.0,0.0,False,1.0307000000011612,Optimization terminated successfully
Diabetes,3,42,10,300,0.0001,50,least_cost,Ranked + weighted SHARK,Random 75% immutable,α = 1,1.0,23887,1,0,True,,3.0,1.37448008417798e-16,5.598980671858395,1.000000000000182,1.8207657603852567e-13,True,0.8460999999897467,Optimization terminated successfully
Diabetes,3,42,10,300,0.0001,50,least_cost,Ranked + weighted SHARK,Random 75% immutable,α < 1,0.01,23887,1,0,True,,3.0,1.3744800841784963e-16,5.598980671859448,1.0,0.0,False,1.0406999999759137,Optimization terminated successfully
Diabetes,3,42,10,300,0.0001,50,least_cost,Ranked + weighted SHARK,All features mutable,α = 1,1.0,209943,1,0,True,,12.0,1.0638501623372549e-16,1.401864483407543,1.9122362420803782,0.9122362420803782,True,1.5439000000014858,Optimization terminated successfully
Diabetes,3,42,10,300,0.0001,50,least_cost,Ranked + weighted SHARK,All features mutable,α < 1,0.01,209943,1,0,True,,12.0,4.1341356951534106e-16,3.512717807502929,1.0,0.0,False,1.3951999999335385,Optimization terminated successfully
Diabetes,3,42,10,300,0.0001,50,least_cost,Ranked + weighted SHARK,Random 25% immutable,α = 1,1.0,209943,1,0,True,,10.0,1.0676671679526621e-16,1.403181446185508,1.9086484492709042,0.9086484492709042,True,1.2328999999908774,Optimization terminated successfully
Diabetes,3,42,10,300,0.0001,50,least_cost,Ranked + weighted SHARK,Random 25% immutable,α < 1,0.01,209943,1,0,True,,10.0,4.249692183989834e-16,3.8779196939100573,1.000000000000034,3.397282455352979e-14,True,1.3605000000325163,Optimization terminated successfully
Diabetes,3,42,10,300,0.0001,50,least_cost,Ranked + weighted SHARK,Random 50% immutable,α = 1,1.0,209943,1,0,True,,9.0,3.6180340030909243e-16,9.168528287543959,1.0,0.0,False,1.1171999999533,Optimization terminated successfully
Diabetes,3,42,10,300,0.0001,50,least_cost,Ranked + weighted SHARK,Random 50% immutable,α < 1,0.01,209943,1,0,True,,9.0,3.618034003069255e-16,9.16852828751647,1.0000000000029405,2.9405367030221896e-12,True,1.0949999999638749,Optimization terminated successfully
Diabetes,3,42,10,300,0.0001,50,least_cost,Ranked + weighted SHARK,Random 75% immutable,α = 1,1.0,209943,1,0,True,,3.0,1.742678297429385e-16,6.5581492283759655,1.0,0.0,False,0.9105000000317887,Optimization terminated successfully
Diabetes,3,42,10,300,0.0001,50,least_cost,Ranked + weighted SHARK,Random 75% immutable,α < 1,0.01,209943,1,0,True,,3.0,1.742678297429385e-16,6.5581492283759655,1.0,0.0,False,1.0379999999940992,Optimization terminated successfully
