dataset,n_clusters,seed,n_init,max_iter,tol,n_factuals,solution_type,cf_mode,mask_scenario,alpha_case,alpha,factual_idx,source_cluster,target_cluster,feasible,rank_step,changed_features,weighted_squared_distance,euclidean_distance,rho,tau,positive_tau,runtime_ms,solver_message
Breast Cancer,2,42,10,300,0.0001,50,most_parsimonious,Unweighted k-means,All features mutable,α = 1,1.0,219,1,0,True,6.0,6.0,1.6771047757538098,7.0931758241717295,1.0,0.0,False,38.615200000094774,Optimization terminated successfully
Breast Cancer,2,42,10,300,0.0001,50,most_parsimonious,Unweighted k-means,All features mutable,α < 1,0.9919782558515996,219,1,0,True,6.0,6.0,1.7251694224238407,7.194100546469672,1.0000000000000002,2.220446049250313e-16,True,45.38750000028813,Optimization terminated successfully
Breast Cancer,2,42,10,300,0.0001,50,most_parsimonious,Unweighted k-means,Random 25% immutable,α = 1,1.0,219,1,0,True,9.0,9.0,1.8485365313474567,7.446884982354951,1.0,0.0,False,67.23439999950642,Optimization terminated successfully
Breast Cancer,2,42,10,300,0.0001,50,most_parsimonious,Unweighted k-means,Random 25% immutable,α < 1,0.9919782558515996,219,1,0,True,10.0,10.0,1.1754652893250794,5.938346460063809,1.0000000000000089,8.881784197001252e-15,True,88.64610000000539,Optimization terminated successfully
Breast Cancer,2,42,10,300,0.0001,50,most_parsimonious,Unweighted k-means,Random 50% immutable,α = 1,1.0,219,1,0,True,7.0,7.0,1.6935353575890901,7.127837030100555,1.0,0.0,False,45.43370000010327,Optimization terminated successfully
Breast Cancer,2,42,10,300,0.0001,50,most_parsimonious,Unweighted k-means,Random 50% immutable,α < 1,0.9919782558515996,219,1,0,True,7.0,7.0,1.7759504987325876,7.299213311171117,1.0,0.0,False,28.35120000054303,Optimization terminated successfully
Breast Cancer,2,42,10,300,0.0001,50,most_parsimonious,Unweighted k-means,Random 75% immutable,α = 1,1.0,219,1,0,False,,,,,,,False,83.96499999980733,No feasible counterfactual found.
Breast Cancer,2,42,10,300,0.0001,50,most_parsimonious,Unweighted k-means,Random 75% immutable,α < 1,0.9919782558515996,219,1,0,False,,,,,,,False,64.56509999952686,No feasible counterfactual found.
Breast Cancer,2,42,10,300,0.0001,50,most_parsimonious,Unweighted k-means,All features mutable,α = 1,1.0,275,0,1,True,3.0,3.0,1.9261656204205586,7.601642494396639,1.0,0.0,False,10.895499999605818,Optimization terminated successfully
Breast Cancer,2,42,10,300,0.0001,50,most_parsimonious,Unweighted k-means,All features mutable,α < 1,0.9855434353752766,275,0,1,True,3.0,3.0,2.047271678764436,7.8369732909416685,1.0,0.0,False,6.431299999348994,Optimization terminated successfully
Breast Cancer,2,42,10,300,0.0001,50,most_parsimonious,Unweighted k-means,Random 25% immutable,α = 1,1.0,275,0,1,True,3.0,3.0,1.9261656204205586,7.601642494396639,1.0,0.0,False,10.400299999673734,Optimization terminated successfully
Breast Cancer,2,42,10,300,0.0001,50,most_parsimonious,Unweighted k-means,Random 25% immutable,α < 1,0.9855434353752766,275,0,1,True,3.0,3.0,2.047271678764436,7.8369732909416685,1.0,0.0,False,5.913800000598712,Optimization terminated successfully
Breast Cancer,2,42,10,300,0.0001,50,most_parsimonious,Unweighted k-means,Random 50% immutable,α = 1,1.0,275,0,1,True,3.0,3.0,1.9261656204205586,7.601642494396639,1.0,0.0,False,11.084499999924446,Optimization terminated successfully
Breast Cancer,2,42,10,300,0.0001,50,most_parsimonious,Unweighted k-means,Random 50% immutable,α < 1,0.9855434353752766,275,0,1,True,3.0,3.0,2.047271678764436,7.8369732909416685,1.0,0.0,False,6.2397000001510605,Optimization terminated successfully
Breast Cancer,2,42,10,300,0.0001,50,most_parsimonious,Unweighted k-means,Random 75% immutable,α = 1,1.0,275,0,1,True,3.0,3.0,1.3694663701175518,6.409679485241563,1.0,0.0,False,24.91450000070472,Optimization terminated successfully
Breast Cancer,2,42,10,300,0.0001,50,most_parsimonious,Unweighted k-means,Random 75% immutable,α < 1,0.9855434353752766,275,0,1,True,3.0,3.0,1.4305452403668817,6.5510577169649835,1.0000000000000002,2.220446049250313e-16,True,7.239999999910651,Optimization terminated successfully
Breast Cancer,2,42,10,300,0.0001,50,most_parsimonious,Unweighted k-means,All features mutable,α = 1,1.0,242,1,0,True,2.0,2.0,0.10654116711597231,1.7878017265567143,1.0,0.0,False,7.351199999902747,Optimization terminated successfully
Breast Cancer,2,42,10,300,0.0001,50,most_parsimonious,Unweighted k-means,All features mutable,α < 1,0.9919782558515996,242,1,0,True,2.0,2.0,0.129779855959702,1.9731689432968127,1.0,0.0,False,4.843000000619213,Optimization terminated successfully
Breast Cancer,2,42,10,300,0.0001,50,most_parsimonious,Unweighted k-means,Random 25% immutable,α = 1,1.0,242,1,0,True,2.0,2.0,0.06256014505004973,1.369965091344116,1.0,0.0,False,6.694400000014866,Optimization terminated successfully
Breast Cancer,2,42,10,300,0.0001,50,most_parsimonious,Unweighted k-means,Random 25% immutable,α < 1,0.9919782558515996,242,1,0,True,3.0,3.0,0.056079100748090416,1.2970632299324163,1.0,0.0,False,10.416199999781384,Optimization terminated successfully
Breast Cancer,2,42,10,300,0.0001,50,most_parsimonious,Unweighted k-means,Random 50% immutable,α = 1,1.0,242,1,0,True,2.0,2.0,0.09780161425804088,1.7129064270243213,1.0,0.0,False,6.707800000185671,Optimization terminated successfully
Breast Cancer,2,42,10,300,0.0001,50,most_parsimonious,Unweighted k-means,Random 50% immutable,α < 1,0.9919782558515996,242,1,0,True,2.0,2.0,0.11907372006422065,1.8900295240886105,1.0,0.0,False,2.2134000000733067,Optimization terminated successfully
Breast Cancer,2,42,10,300,0.0001,50,most_parsimonious,Unweighted k-means,Random 75% immutable,α = 1,1.0,242,1,0,True,1.0,1.0,0.09831120622056191,1.71736314931259,1.2483040362209241,0.24830403622092412,True,0.7783999999446678,Optimization terminated successfully
Breast Cancer,2,42,10,300,0.0001,50,most_parsimonious,Unweighted k-means,Random 75% immutable,α < 1,0.9919782558515996,242,1,0,True,1.0,1.0,0.11146863594224592,1.8286768654596628,1.172318298238608,0.172318298238608,True,0.8215999996536993,Optimization terminated successfully
Breast Cancer,2,42,10,300,0.0001,50,most_parsimonious,Unweighted k-means,All features mutable,α = 1,1.0,46,0,1,True,6.0,6.0,4.57215531942663,11.711731707258277,1.0,0.0,False,43.08410000066942,Optimization terminated successfully
Breast Cancer,2,42,10,300,0.0001,50,most_parsimonious,Unweighted k-means,All features mutable,α < 1,0.9855434353752766,46,0,1,True,6.0,6.0,4.651065033246275,11.812364327152642,1.0,0.0,False,37.07800000029238,Optimization terminated successfully
Breast Cancer,2,42,10,300,0.0001,50,most_parsimonious,Unweighted k-means,Random 25% immutable,α = 1,1.0,46,0,1,True,6.0,6.0,3.988746361290069,10.93903061695606,1.0,0.0,False,19.570800000110466,Optimization terminated successfully
Breast Cancer,2,42,10,300,0.0001,50,most_parsimonious,Unweighted k-means,Random 25% immutable,α < 1,0.9855434353752766,46,0,1,True,6.0,6.0,4.061805735869924,11.038757723407906,1.0,0.0,False,22.43819999966945,Optimization terminated successfully
Breast Cancer,2,42,10,300,0.0001,50,most_parsimonious,Unweighted k-means,Random 50% immutable,α = 1,1.0,46,0,1,True,8.0,8.0,5.36094650668978,12.681813561186484,1.0,0.0,False,59.263600000122096,Optimization terminated successfully
Breast Cancer,2,42,10,300,0.0001,50,most_parsimonious,Unweighted k-means,Random 50% immutable,α < 1,0.9855434353752766,46,0,1,True,8.0,8.0,5.470013479716923,12.810168007934466,1.0,0.0,False,33.700599999974656,Optimization terminated successfully
Breast Cancer,2,42,10,300,0.0001,50,most_parsimonious,Unweighted k-means,Random 75% immutable,α = 1,1.0,46,0,1,True,8.0,8.0,6.9610799110401596,14.451034472701421,1.0,0.0,False,34.36319999946136,Optimization terminated successfully
Breast Cancer,2,42,10,300,0.0001,50,most_parsimonious,Unweighted k-means,Random 75% immutable,α < 1,0.9855434353752766,46,0,1,True,8.0,8.0,7.201735415211836,14.698709550717542,1.0,0.0,False,86.37009999984002,Optimization terminated successfully
Breast Cancer,2,42,10,300,0.0001,50,most_parsimonious,Unweighted k-means,All features mutable,α = 1,1.0,442,0,1,True,6.0,6.0,3.0200353885080684,9.518458995827112,1.0000000000000002,2.220446049250313e-16,True,33.75849999974889,Optimization terminated successfully
Breast Cancer,2,42,10,300,0.0001,50,most_parsimonious,Unweighted k-means,All features mutable,α < 1,0.9855434353752766,442,0,1,True,6.0,6.0,3.0860305728868664,9.621897795477043,1.0,0.0,False,22.04429999983404,Optimization terminated successfully
Breast Cancer,2,42,10,300,0.0001,50,most_parsimonious,Unweighted k-means,Random 25% immutable,α = 1,1.0,442,0,1,True,5.0,5.0,4.086084813352349,11.071700158538002,1.0,0.0,False,23.446500000318338,Optimization terminated successfully
Breast Cancer,2,42,10,300,0.0001,50,most_parsimonious,Unweighted k-means,Random 25% immutable,α < 1,0.9855434353752766,442,0,1,True,5.0,5.0,4.2223406016878915,11.254786450690068,1.0,0.0,False,23.3302000006006,Optimization terminated successfully
Breast Cancer,2,42,10,300,0.0001,50,most_parsimonious,Unweighted k-means,Random 50% immutable,α = 1,1.0,442,0,1,True,5.0,5.0,3.5474295667919895,10.316146906852369,1.0000000000000002,2.220446049250313e-16,True,12.00669999980164,Optimization terminated successfully
Breast Cancer,2,42,10,300,0.0001,50,most_parsimonious,Unweighted k-means,Random 50% immutable,α < 1,0.9855434353752766,442,0,1,True,5.0,5.0,3.6548769273144748,10.471213292614864,1.0000000000000002,2.220446049250313e-16,True,23.820899999918765,Optimization terminated successfully
Breast Cancer,2,42,10,300,0.0001,50,most_parsimonious,Unweighted k-means,Random 75% immutable,α = 1,1.0,442,0,1,True,5.0,5.0,8.660635773404199,16.118904218405355,1.0000000000000024,2.4424906541753444e-15,True,28.24940000027709,Optimization terminated successfully
Breast Cancer,2,42,10,300,0.0001,50,most_parsimonious,Unweighted k-means,Random 75% immutable,α < 1,0.9855434353752766,442,0,1,True,6.0,6.0,5.03530405018509,12.290611111964802,1.0,0.0,False,36.883900000248104,Optimization terminated successfully
Breast Cancer,2,42,10,300,0.0001,50,most_parsimonious,Unweighted k-means,All features mutable,α = 1,1.0,548,0,1,True,5.0,5.0,4.787341091858488,11.984165918233721,1.0000000000000002,2.220446049250313e-16,True,14.052499999706924,Optimization terminated successfully
Breast Cancer,2,42,10,300,0.0001,50,most_parsimonious,Unweighted k-means,All features mutable,α < 1,0.9855434353752766,548,0,1,True,6.0,6.0,3.540617316134454,10.306236921594303,1.088179699309027,0.08817969930902692,True,18.733500000053027,Optimization terminated successfully
Breast Cancer,2,42,10,300,0.0001,50,most_parsimonious,Unweighted k-means,Random 25% immutable,α = 1,1.0,548,0,1,True,5.0,5.0,3.0442513438929275,9.5565443710992,1.0056222323643154,0.0056222323643153604,True,12.972300000001269,Optimization terminated successfully
Breast Cancer,2,42,10,300,0.0001,50,most_parsimonious,Unweighted k-means,Random 25% immutable,α < 1,0.9855434353752766,548,0,1,True,5.0,5.0,3.1034295276939248,9.64898366828433,1.0,0.0,False,10.70129999970959,Optimization terminated successfully
Breast Cancer,2,42,10,300,0.0001,50,most_parsimonious,Unweighted k-means,Random 50% immutable,α = 1,1.0,548,0,1,True,5.0,5.0,4.461347932328929,11.568942819889285,1.0,0.0,False,27.41630000036821,Optimization terminated successfully
Breast Cancer,2,42,10,300,0.0001,50,most_parsimonious,Unweighted k-means,Random 50% immutable,α < 1,0.9855434353752766,548,0,1,True,5.0,5.0,4.563723393435526,11.700927390727019,1.0,0.0,False,24.364199999581615,Optimization terminated successfully
Breast Cancer,2,42,10,300,0.0001,50,most_parsimonious,Unweighted k-means,Random 75% immutable,α = 1,1.0,548,0,1,True,5.0,5.0,4.698277489200038,11.872165963968039,1.0000000000000002,2.220446049250313e-16,True,10.002400000303169,Optimization terminated successfully
Breast Cancer,2,42,10,300,0.0001,50,most_parsimonious,Unweighted k-means,Random 75% immutable,α < 1,0.9855434353752766,548,0,1,True,5.0,5.0,4.915478204441989,12.14348986631354,1.0,0.0,False,12.60309999997844,Optimization terminated successfully
Breast Cancer,2,42,10,300,0.0001,50,most_parsimonious,Unweighted k-means,All features mutable,α = 1,1.0,350,0,1,True,6.0,6.0,3.82143821494396,10.707153984524497,1.0000000000000002,2.220446049250313e-16,True,50.326599999607424,Optimization terminated successfully
Breast Cancer,2,42,10,300,0.0001,50,most_parsimonious,Unweighted k-means,All features mutable,α < 1,0.9855434353752766,350,0,1,True,6.0,6.0,3.894730683563761,10.809344129359229,1.0,0.0,False,27.47579999959271,Optimization terminated successfully
Breast Cancer,2,42,10,300,0.0001,50,most_parsimonious,Unweighted k-means,Random 25% immutable,α = 1,1.0,350,0,1,True,6.0,6.0,3.4726170844222297,10.206787571644023,1.0,0.0,False,23.101300000234914,Optimization terminated successfully
Breast Cancer,2,42,10,300,0.0001,50,most_parsimonious,Unweighted k-means,Random 25% immutable,α < 1,0.9855434353752766,350,0,1,True,6.0,6.0,3.538953077973168,10.303814455782627,1.0000000000000002,2.220446049250313e-16,True,42.20619999978226,Optimization terminated successfully
Breast Cancer,2,42,10,300,0.0001,50,most_parsimonious,Unweighted k-means,Random 50% immutable,α = 1,1.0,350,0,1,True,6.0,6.0,3.311491595717912,9.96718354759946,1.0,0.0,False,42.34450000058132,Optimization terminated successfully
Breast Cancer,2,42,10,300,0.0001,50,most_parsimonious,Unweighted k-means,Random 50% immutable,α < 1,0.9855434353752766,350,0,1,True,6.0,6.0,3.3738188190833722,10.06054494411218,1.0,0.0,False,42.057600000589446,Optimization terminated successfully
Breast Cancer,2,42,10,300,0.0001,50,most_parsimonious,Unweighted k-means,Random 75% immutable,α = 1,1.0,350,0,1,True,5.0,5.0,4.502235194462779,11.621835304025065,1.0,0.0,False,45.64279999976861,Optimization terminated successfully
Breast Cancer,2,42,10,300,0.0001,50,most_parsimonious,Unweighted k-means,Random 75% immutable,α < 1,0.9855434353752766,350,0,1,True,5.0,5.0,4.628074423174048,11.78313339885539,1.0000000000000009,8.881784197001252e-16,True,41.23079999953916,Optimization terminated successfully
Breast Cancer,2,42,10,300,0.0001,50,most_parsimonious,Unweighted k-means,All features mutable,α = 1,1.0,393,1,0,True,9.0,9.0,4.035814649913105,11.003383093276046,1.0000000000000004,4.440892098500626e-16,True,109.31110000001354,Optimization terminated successfully
Breast Cancer,2,42,10,300,0.0001,50,most_parsimonious,Unweighted k-means,All features mutable,α < 1,0.9919782558515996,393,1,0,True,9.0,9.0,4.080608417662585,11.064278220014062,1.0,0.0,False,30.017099999895436,Optimization terminated successfully
Breast Cancer,2,42,10,300,0.0001,50,most_parsimonious,Unweighted k-means,Random 25% immutable,α = 1,1.0,393,1,0,True,9.0,9.0,4.035814649913105,11.003383093276046,1.0000000000000004,4.440892098500626e-16,True,106.80980000051932,Optimization terminated successfully
Breast Cancer,2,42,10,300,0.0001,50,most_parsimonious,Unweighted k-means,Random 25% immutable,α < 1,0.9919782558515996,393,1,0,True,9.0,9.0,4.080608417662585,11.064278220014062,1.0,0.0,False,29.495300000235147,Optimization terminated successfully
Breast Cancer,2,42,10,300,0.0001,50,most_parsimonious,Unweighted k-means,Random 50% immutable,α = 1,1.0,393,1,0,True,12.0,12.0,3.8029393321245992,10.68120685895269,1.0,0.0,False,64.43589999980759,Optimization terminated successfully
Breast Cancer,2,42,10,300,0.0001,50,most_parsimonious,Unweighted k-means,Random 50% immutable,α < 1,0.9919782558515996,393,1,0,True,12.0,12.0,3.850416634227239,10.747674121725927,1.0,0.0,False,105.41079999984504,Optimization terminated successfully
Breast Cancer,2,42,10,300,0.0001,50,most_parsimonious,Unweighted k-means,Random 75% immutable,α = 1,1.0,393,1,0,False,,,,,,,False,92.60470000026544,No feasible counterfactual found.
Breast Cancer,2,42,10,300,0.0001,50,most_parsimonious,Unweighted k-means,Random 75% immutable,α < 1,0.9919782558515996,393,1,0,False,,,,,,,False,189.0625000005457,No feasible counterfactual found.
Breast Cancer,2,42,10,300,0.0001,50,most_parsimonious,Unweighted k-means,All features mutable,α = 1,1.0,154,0,1,True,3.0,3.0,1.1824444137334922,5.955949329200574,1.0487761065232617,0.0487761065232617,True,13.833100000738341,Optimization terminated successfully
Breast Cancer,2,42,10,300,0.0001,50,most_parsimonious,Unweighted k-means,All features mutable,α < 1,0.9855434353752766,154,0,1,True,3.0,3.0,1.2401038030553897,6.0994355551691575,1.0241041617066797,0.024104161706679728,True,3.284699999312579,Optimization terminated successfully
Breast Cancer,2,42,10,300,0.0001,50,most_parsimonious,Unweighted k-means,Random 25% immutable,α = 1,1.0,154,0,1,True,3.0,3.0,1.1927315361983417,5.981801240926536,1.0397305739932003,0.03973057399320035,True,9.243900000001304,Optimization terminated successfully
Breast Cancer,2,42,10,300,0.0001,50,most_parsimonious,Unweighted k-means,Random 25% immutable,α < 1,0.9855434353752766,154,0,1,True,3.0,3.0,1.2508925551886891,6.125910271597249,1.0152714263305695,0.015271426330569549,True,9.046799999850919,Optimization terminated successfully
Breast Cancer,2,42,10,300,0.0001,50,most_parsimonious,Unweighted k-means,Random 50% immutable,α = 1,1.0,154,0,1,True,3.0,3.0,1.4119765311376806,6.5084019493367515,1.0,0.0,False,6.303500000285567,Optimization terminated successfully
Breast Cancer,2,42,10,300,0.0001,50,most_parsimonious,Unweighted k-means,Random 50% immutable,α < 1,0.9855434353752766,154,0,1,True,3.0,3.0,1.5036810253603463,6.716429911851265,1.0,0.0,False,12.385799999719893,Optimization terminated successfully
Breast Cancer,2,42,10,300,0.0001,50,most_parsimonious,Unweighted k-means,Random 75% immutable,α = 1,1.0,154,0,1,True,3.0,3.0,1.8591660445052745,7.468264948109315,1.0,0.0,False,13.79449999967619,Optimization terminated successfully
Breast Cancer,2,42,10,300,0.0001,50,most_parsimonious,Unweighted k-means,Random 75% immutable,α < 1,0.9855434353752766,154,0,1,True,3.0,3.0,1.963516243103037,7.674991028860627,1.0,0.0,False,14.628300000367744,Optimization terminated successfully
Breast Cancer,2,42,10,300,0.0001,50,most_parsimonious,Unweighted k-means,All features mutable,α = 1,1.0,252,1,0,True,11.0,11.0,3.174491383594184,9.758828900427835,1.0000000000000002,2.220446049250313e-16,True,147.76480000000447,Optimization terminated successfully
Breast Cancer,2,42,10,300,0.0001,50,most_parsimonious,Unweighted k-means,All features mutable,α < 1,0.9919782558515996,252,1,0,True,11.0,11.0,3.2260402546938503,9.837744032084567,1.0000000000000009,8.881784197001252e-16,True,273.8184999998339,Optimization terminated successfully
Breast Cancer,2,42,10,300,0.0001,50,most_parsimonious,Unweighted k-means,Random 25% immutable,α = 1,1.0,252,1,0,True,16.0,16.0,2.664503775330679,8.940643895152093,1.0,0.0,False,215.39729999949486,Optimization terminated successfully
Breast Cancer,2,42,10,300,0.0001,50,most_parsimonious,Unweighted k-means,Random 25% immutable,α < 1,0.9919782558515996,252,1,0,True,16.0,16.0,2.6908031238252916,8.98465879790428,1.0,0.0,False,242.92419999983395,Optimization terminated successfully
Breast Cancer,2,42,10,300,0.0001,50,most_parsimonious,Unweighted k-means,Random 50% immutable,α = 1,1.0,252,1,0,True,13.0,13.0,2.5665800258734563,8.774816281621154,1.0,0.0,False,238.13999999947555,Optimization terminated successfully
Breast Cancer,2,42,10,300,0.0001,50,most_parsimonious,Unweighted k-means,Random 50% immutable,α < 1,0.9919782558515996,252,1,0,True,13.0,13.0,2.5907561452754906,8.816046980266423,1.0,0.0,False,191.75929999983055,Optimization terminated successfully
Breast Cancer,2,42,10,300,0.0001,50,most_parsimonious,Unweighted k-means,Random 75% immutable,α = 1,1.0,252,1,0,False,,,,,,,False,174.55640000025596,No feasible counterfactual found.
Breast Cancer,2,42,10,300,0.0001,50,most_parsimonious,Unweighted k-means,Random 75% immutable,α < 1,0.9919782558515996,252,1,0,False,,,,,,,False,103.8377999993827,No feasible counterfactual found.
Breast Cancer,2,42,10,300,0.0001,50,most_parsimonious,Unweighted k-means,All features mutable,α = 1,1.0,199,1,0,True,1.0,1.0,0.10522431538145025,1.7767187344775501,1.1939436388593752,0.19394363885937516,True,1.0525000006964547,Optimization terminated successfully
Breast Cancer,2,42,10,300,0.0001,50,most_parsimonious,Unweighted k-means,All features mutable,α < 1,0.9919782558515996,199,1,0,True,1.0,1.0,0.12007355089902495,1.8979479779411101,1.1176818625834697,0.11768186258346969,True,1.047400000061316,Optimization terminated successfully
Breast Cancer,2,42,10,300,0.0001,50,most_parsimonious,Unweighted k-means,Random 25% immutable,α = 1,1.0,199,1,0,True,2.0,2.0,0.08594444156722376,1.6057189190567298,1.0,0.0,False,9.80989999970916,Optimization terminated successfully
Breast Cancer,2,42,10,300,0.0001,50,most_parsimonious,Unweighted k-means,Random 25% immutable,α < 1,0.9919782558515996,199,1,0,True,2.0,2.0,0.10019268614203489,1.7337187154383051,1.0,0.0,False,1.9408999996812781,Optimization terminated successfully
Breast Cancer,2,42,10,300,0.0001,50,most_parsimonious,Unweighted k-means,Random 50% immutable,α = 1,1.0,199,1,0,True,1.0,1.0,0.10522431538145025,1.7767187344775501,1.1939436388593752,0.19394363885937516,True,1.0425999998915358,Optimization terminated successfully
Breast Cancer,2,42,10,300,0.0001,50,most_parsimonious,Unweighted k-means,Random 50% immutable,α < 1,0.9919782558515996,199,1,0,True,1.0,1.0,0.12007355089902495,1.8979479779411101,1.1176818625834697,0.11768186258346969,True,1.0446000005686074,Optimization terminated successfully
Breast Cancer,2,42,10,300,0.0001,50,most_parsimonious,Unweighted k-means,Random 75% immutable,α = 1,1.0,199,1,0,True,2.0,2.0,0.04281061960288487,1.1332778071093363,1.7552673397433962,0.7552673397433962,True,3.4527999996498693,Optimization terminated successfully
Breast Cancer,2,42,10,300,0.0001,50,most_parsimonious,Unweighted k-means,Random 75% immutable,α < 1,0.9919782558515996,199,1,0,True,2.0,2.0,0.04885204615749848,1.2106037273711634,1.6431516596713842,0.6431516596713842,True,2.106199999616365,Optimization terminated successfully
Breast Cancer,2,42,10,300,0.0001,50,most_parsimonious,Unweighted k-means,All features mutable,α = 1,1.0,385,0,1,True,3.0,3.0,0.7914948844673086,4.872868409265662,1.1743055676303942,0.17430556763039418,True,20.035200000165787,Optimization terminated successfully
Breast Cancer,2,42,10,300,0.0001,50,most_parsimonious,Unweighted k-means,All features mutable,α < 1,0.9855434353752766,385,0,1,True,3.0,3.0,0.8387937942145385,5.016354635234251,1.140716104651974,0.14071610465197404,True,10.229299999991781,Optimization terminated successfully
Breast Cancer,2,42,10,300,0.0001,50,most_parsimonious,Unweighted k-means,Random 25% immutable,α = 1,1.0,385,0,1,True,3.0,3.0,0.7914948844673086,4.872868409265662,1.1743055676303942,0.17430556763039418,True,20.230500000252505,Optimization terminated successfully
Breast Cancer,2,42,10,300,0.0001,50,most_parsimonious,Unweighted k-means,Random 25% immutable,α < 1,0.9855434353752766,385,0,1,True,3.0,3.0,0.8387937942145385,5.016354635234251,1.140716104651974,0.14071610465197404,True,11.220599999433034,Optimization terminated successfully
Breast Cancer,2,42,10,300,0.0001,50,most_parsimonious,Unweighted k-means,Random 50% immutable,α = 1,1.0,385,0,1,True,3.0,3.0,0.7914948844673086,4.872868409265662,1.1743055676303942,0.17430556763039418,True,20.008499999676133,Optimization terminated successfully
Breast Cancer,2,42,10,300,0.0001,50,most_parsimonious,Unweighted k-means,Random 50% immutable,α < 1,0.9855434353752766,385,0,1,True,3.0,3.0,0.8387937942145385,5.016354635234251,1.140716104651974,0.14071610465197404,True,10.294199999407283,Optimization terminated successfully
Breast Cancer,2,42,10,300,0.0001,50,most_parsimonious,Unweighted k-means,Random 75% immutable,α = 1,1.0,385,0,1,True,2.0,2.0,0.688815496698883,4.5458183972708905,1.1312208006453524,0.13122080064535235,True,4.146100000070874,Optimization terminated successfully
Breast Cancer,2,42,10,300,0.0001,50,most_parsimonious,Unweighted k-means,Random 75% immutable,α < 1,0.9855434353752766,385,0,1,True,2.0,2.0,0.7299783932004571,4.679674325849366,1.0988637179736112,0.09886371797361115,True,3.536299999723269,Optimization terminated successfully
Breast Cancer,2,42,10,300,0.0001,50,most_parsimonious,Unweighted k-means,All features mutable,α = 1,1.0,226,0,1,True,6.0,6.0,3.5117311979249197,10.264109115639194,1.0063468726799496,0.0063468726799496,True,34.434199999850534,Optimization terminated successfully
Breast Cancer,2,42,10,300,0.0001,50,most_parsimonious,Unweighted k-means,All features mutable,α < 1,0.9855434353752766,226,0,1,True,6.0,6.0,3.579610197239963,10.362832909836909,1.0,0.0,False,35.284600000522914,Optimization terminated successfully
Breast Cancer,2,42,10,300,0.0001,50,most_parsimonious,Unweighted k-means,Random 25% immutable,α = 1,1.0,226,0,1,True,6.0,6.0,3.5117311979249197,10.264109115639194,1.0063468726799496,0.0063468726799496,True,35.67939999993541,Optimization terminated successfully
Breast Cancer,2,42,10,300,0.0001,50,most_parsimonious,Unweighted k-means,Random 25% immutable,α < 1,0.9855434353752766,226,0,1,True,6.0,6.0,3.579610197239963,10.362832909836909,1.0,0.0,False,33.56080000048678,Optimization terminated successfully
Breast Cancer,2,42,10,300,0.0001,50,most_parsimonious,Unweighted k-means,Random 50% immutable,α = 1,1.0,226,0,1,True,6.0,6.0,4.095432449898131,11.084357153075858,1.0,0.0,False,64.79500000023108,Optimization terminated successfully
Breast Cancer,2,42,10,300,0.0001,50,most_parsimonious,Unweighted k-means,Random 50% immutable,α < 1,0.9855434353752766,226,0,1,True,6.0,6.0,4.181944322241935,11.200818258826363,1.0,0.0,False,28.287400000408525,Optimization terminated successfully
Breast Cancer,2,42,10,300,0.0001,50,most_parsimonious,Unweighted k-means,Random 75% immutable,α = 1,1.0,226,0,1,True,6.0,6.0,4.134671936120165,11.137331730877237,1.0,0.0,False,42.993099999875994,Optimization terminated successfully
Breast Cancer,2,42,10,300,0.0001,50,most_parsimonious,Unweighted k-means,Random 75% immutable,α < 1,0.9855434353752766,226,0,1,True,6.0,6.0,4.236525374249453,11.273675586404089,1.0,0.0,False,24.595599999884143,Optimization terminated successfully
Breast Cancer,2,42,10,300,0.0001,50,most_parsimonious,Unweighted k-means,All features mutable,α = 1,1.0,38,0,1,True,4.0,4.0,1.1265807954311442,5.813555182754725,1.1545385086415756,0.1545385086415756,True,20.444900000256894,Optimization terminated successfully
Breast Cancer,2,42,10,300,0.0001,50,most_parsimonious,Unweighted k-means,All features mutable,α < 1,0.9855434353752766,38,0,1,True,4.0,4.0,1.1736864448996087,5.933851476653949,1.1311327636884003,0.13113276368840032,True,21.356199999900127,Optimization terminated successfully
Breast Cancer,2,42,10,300,0.0001,50,most_parsimonious,Unweighted k-means,Random 25% immutable,α = 1,1.0,38,0,1,True,4.0,4.0,1.2729655305322751,6.179722155240335,1.0217723245046804,0.021772324504680363,True,18.18340000045282,Optimization terminated successfully
Breast Cancer,2,42,10,300,0.0001,50,most_parsimonious,Unweighted k-means,Random 25% immutable,α < 1,0.9855434353752766,38,0,1,True,4.0,4.0,1.326191955401114,6.307595315334792,1.0010580689983017,0.0010580689983017422,True,9.426000000530621,Optimization terminated successfully
Breast Cancer,2,42,10,300,0.0001,50,most_parsimonious,Unweighted k-means,Random 50% immutable,α = 1,1.0,38,0,1,True,3.0,3.0,1.5784664089250475,6.881423709360689,1.0,0.0,False,16.71390000046813,Optimization terminated successfully
Breast Cancer,2,42,10,300,0.0001,50,most_parsimonious,Unweighted k-means,Random 50% immutable,α < 1,0.9855434353752766,38,0,1,True,3.0,3.0,1.650959148672145,7.037668254483466,1.0,0.0,False,8.907999999792082,Optimization terminated successfully
Breast Cancer,2,42,10,300,0.0001,50,most_parsimonious,Unweighted k-means,Random 75% immutable,α = 1,1.0,38,0,1,True,4.0,4.0,1.8134586700120066,7.375890461521253,1.0048439127949993,0.004843912794999294,True,9.155599999758124,Optimization terminated successfully
Breast Cancer,2,42,10,300,0.0001,50,most_parsimonious,Unweighted k-means,Random 75% immutable,α < 1,0.9855434353752766,38,0,1,True,4.0,4.0,1.8897022463182136,7.5293470759121215,1.0,0.0,False,28.467200000704906,Optimization terminated successfully
Breast Cancer,2,42,10,300,0.0001,50,most_parsimonious,Unweighted k-means,All features mutable,α = 1,1.0,420,0,1,True,4.0,4.0,1.9913634317676185,7.729223955419363,1.0677374345384674,0.06773743453846737,True,22.363900000527792,Optimization terminated successfully
Breast Cancer,2,42,10,300,0.0001,50,most_parsimonious,Unweighted k-means,All features mutable,α < 1,0.9855434353752766,420,0,1,True,4.0,4.0,2.05383227148209,7.849520249318598,1.0513740249440706,0.05137402494407062,True,22.22989999972924,Optimization terminated successfully
Breast Cancer,2,42,10,300,0.0001,50,most_parsimonious,Unweighted k-means,Random 25% immutable,α = 1,1.0,420,0,1,True,4.0,4.0,2.509070415017451,8.675950233289926,1.0000000000000007,6.661338147750939e-16,True,25.445599999329716,Optimization terminated successfully
Breast Cancer,2,42,10,300,0.0001,50,most_parsimonious,Unweighted k-means,Random 25% immutable,α < 1,0.9855434353752766,420,0,1,True,4.0,4.0,2.593011340487956,8.819883231349419,1.0000000000000004,4.440892098500626e-16,True,29.01229999952193,Optimization terminated successfully
Breast Cancer,2,42,10,300,0.0001,50,most_parsimonious,Unweighted k-means,Random 50% immutable,α = 1,1.0,420,0,1,True,4.0,4.0,2.480612873950762,8.626609195884722,1.0000000000000002,2.220446049250313e-16,True,21.488899999894784,Optimization terminated successfully
Breast Cancer,2,42,10,300,0.0001,50,most_parsimonious,Unweighted k-means,Random 50% immutable,α < 1,0.9855434353752766,420,0,1,True,4.0,4.0,2.58155883625633,8.800384371587976,1.0000000000000002,2.220446049250313e-16,True,22.490700000162178,Optimization terminated successfully
Breast Cancer,2,42,10,300,0.0001,50,most_parsimonious,Unweighted k-means,Random 75% immutable,α = 1,1.0,420,0,1,True,4.0,4.0,2.3191043088535155,8.34105084900011,1.0000000000000004,4.440892098500626e-16,True,21.63699999982782,Optimization terminated successfully
Breast Cancer,2,42,10,300,0.0001,50,most_parsimonious,Unweighted k-means,Random 75% immutable,α < 1,0.9855434353752766,420,0,1,True,4.0,4.0,2.4368183861983055,8.550119974944748,1.0,0.0,False,18.09190000039962,Optimization terminated successfully
Breast Cancer,2,42,10,300,0.0001,50,most_parsimonious,Unweighted k-means,All features mutable,α = 1,1.0,279,0,1,True,4.0,4.0,1.8258679164194052,7.401083535036079,1.0000000000000002,2.220446049250313e-16,True,13.230900000053225,Optimization terminated successfully
Breast Cancer,2,42,10,300,0.0001,50,most_parsimonious,Unweighted k-means,All features mutable,α < 1,0.9855434353752766,279,0,1,True,4.0,4.0,1.8882900806795866,7.526533227216073,1.0,0.0,False,11.021599999367027,Optimization terminated successfully
Breast Cancer,2,42,10,300,0.0001,50,most_parsimonious,Unweighted k-means,Random 25% immutable,α = 1,1.0,279,0,1,True,3.0,3.0,1.628100199464304,6.988777145104079,1.0883769620425392,0.0883769620425392,True,5.964400000266323,Optimization terminated successfully
Breast Cancer,2,42,10,300,0.0001,50,most_parsimonious,Unweighted k-means,Random 25% immutable,α < 1,0.9855434353752766,279,0,1,True,3.0,3.0,1.6814728500429288,7.102407021657367,1.0709642608693963,0.07096426086939633,True,3.118900000117719,Optimization terminated successfully
Breast Cancer,2,42,10,300,0.0001,50,most_parsimonious,Unweighted k-means,Random 50% immutable,α = 1,1.0,279,0,1,True,4.0,4.0,1.8258679164194052,7.401083535036079,1.0000000000000002,2.220446049250313e-16,True,13.651100000060978,Optimization terminated successfully
Breast Cancer,2,42,10,300,0.0001,50,most_parsimonious,Unweighted k-means,Random 50% immutable,α < 1,0.9855434353752766,279,0,1,True,4.0,4.0,1.8882900806795866,7.526533227216073,1.0,0.0,False,9.475400000155787,Optimization terminated successfully
Breast Cancer,2,42,10,300,0.0001,50,most_parsimonious,Unweighted k-means,Random 75% immutable,α = 1,1.0,279,0,1,True,7.0,7.0,3.8249344504847076,10.712050854740244,1.0000000000000004,4.440892098500626e-16,True,51.74580000038986,Optimization terminated successfully
Breast Cancer,2,42,10,300,0.0001,50,most_parsimonious,Unweighted k-means,Random 75% immutable,α < 1,0.9855434353752766,279,0,1,True,7.0,7.0,4.035870531776972,11.003459272124795,1.0000000000000002,2.220446049250313e-16,True,67.68490000013117,Optimization terminated successfully
Breast Cancer,2,42,10,300,0.0001,50,most_parsimonious,Unweighted k-means,All features mutable,α = 1,1.0,270,0,1,True,6.0,6.0,4.9154173041272955,12.1434146401998,1.0,0.0,False,37.52840000015567,Optimization terminated successfully
Breast Cancer,2,42,10,300,0.0001,50,most_parsimonious,Unweighted k-means,All features mutable,α < 1,0.9855434353752766,270,0,1,True,6.0,6.0,5.045893326147582,12.303527940571659,1.0,0.0,False,46.32839999976568,Optimization terminated successfully
Breast Cancer,2,42,10,300,0.0001,50,most_parsimonious,Unweighted k-means,Random 25% immutable,α = 1,1.0,270,0,1,True,6.0,6.0,4.212568792196269,11.241755368530665,1.0,0.0,False,32.27669999978389,Optimization terminated successfully
Breast Cancer,2,42,10,300,0.0001,50,most_parsimonious,Unweighted k-means,Random 25% immutable,α < 1,0.9855434353752766,270,0,1,True,6.0,6.0,4.2922379321654525,11.34756088174739,1.0,0.0,False,51.97130000033212,Optimization terminated successfully
Breast Cancer,2,42,10,300,0.0001,50,most_parsimonious,Unweighted k-means,Random 50% immutable,α = 1,1.0,270,0,1,True,7.0,7.0,5.271916786350375,12.576068685821943,1.0,0.0,False,45.872000000599655,Optimization terminated successfully
Breast Cancer,2,42,10,300,0.0001,50,most_parsimonious,Unweighted k-means,Random 50% immutable,α < 1,0.9855434353752766,270,0,1,True,7.0,7.0,5.388450217283393,12.714303225835923,1.0,0.0,False,28.482600000643288,Optimization terminated successfully
Breast Cancer,2,42,10,300,0.0001,50,most_parsimonious,Unweighted k-means,Random 75% immutable,α = 1,1.0,270,0,1,True,7.0,7.0,5.424253261943944,12.756472782800044,1.0,0.0,False,33.19050000027346,Optimization terminated successfully
Breast Cancer,2,42,10,300,0.0001,50,most_parsimonious,Unweighted k-means,Random 75% immutable,α < 1,0.9855434353752766,270,0,1,True,7.0,7.0,5.658317917966766,13.0287964731591,1.0,0.0,False,55.00930000016524,Optimization terminated successfully
Breast Cancer,2,42,10,300,0.0001,50,most_parsimonious,Unweighted k-means,All features mutable,α = 1,1.0,560,0,1,True,3.0,3.0,0.7253121288507112,4.664693330275993,1.2603226561617837,0.26032265616178374,True,3.6407000006875023,Optimization terminated successfully
Breast Cancer,2,42,10,300,0.0001,50,most_parsimonious,Unweighted k-means,All features mutable,α < 1,0.9855434353752766,560,0,1,True,3.0,3.0,0.7706196881696097,4.808179556244577,1.2227119708024903,0.22271197080249028,True,2.987300000313553,Optimization terminated successfully
Breast Cancer,2,42,10,300,0.0001,50,most_parsimonious,Unweighted k-means,Random 25% immutable,α = 1,1.0,560,0,1,True,3.0,3.0,0.7557751187691855,4.761643997935542,1.2509158674086227,0.2509158674086227,True,3.6467999998421874,Optimization terminated successfully
Breast Cancer,2,42,10,300,0.0001,50,most_parsimonious,Unweighted k-means,Random 25% immutable,α < 1,0.9855434353752766,560,0,1,True,3.0,3.0,0.8029855881151751,4.9081124318270515,1.2135858998527107,0.2135858998527107,True,3.020400000423251,Optimization terminated successfully
Breast Cancer,2,42,10,300,0.0001,50,most_parsimonious,Unweighted k-means,Random 50% immutable,α = 1,1.0,560,0,1,True,3.0,3.0,0.5780679417878167,4.1643772948226605,1.3743877004604574,0.37438770046045744,True,3.9339000004474656,Optimization terminated successfully
Breast Cancer,2,42,10,300,0.0001,50,most_parsimonious,Unweighted k-means,Random 50% immutable,α < 1,0.9855434353752766,560,0,1,True,3.0,3.0,0.6141777027046869,4.292473771747546,1.3333730694873194,0.3333730694873194,True,6.627100000514474,Optimization terminated successfully
Breast Cancer,2,42,10,300,0.0001,50,most_parsimonious,Unweighted k-means,Random 75% immutable,α = 1,1.0,560,0,1,True,1.0,1.0,2.1416056845652713,8.015495651359194,1.129525076066672,0.12952507606667196,True,1.170300000012503,Optimization terminated successfully
Breast Cancer,2,42,10,300,0.0001,50,most_parsimonious,Unweighted k-means,Random 75% immutable,α < 1,0.9855434353752766,560,0,1,True,1.0,1.0,2.27538385086296,8.262052742865347,1.095817663852588,0.09581766385258805,True,1.1426000000938075,Optimization terminated successfully
Breast Cancer,2,42,10,300,0.0001,50,most_parsimonious,Unweighted k-means,All features mutable,α = 1,1.0,106,0,1,True,3.0,3.0,0.9259770706208081,5.270608325290757,1.3016082052700975,0.30160820527009746,True,15.586800000164658,Optimization terminated successfully
Breast Cancer,2,42,10,300,0.0001,50,most_parsimonious,Unweighted k-means,All features mutable,α < 1,0.9855434353752766,106,0,1,True,3.0,3.0,0.9770806603325388,5.414094551259349,1.267112529415721,0.26711252941572106,True,5.810199999359611,Optimization terminated successfully
Breast Cancer,2,42,10,300,0.0001,50,most_parsimonious,Unweighted k-means,Random 25% immutable,α = 1,1.0,106,0,1,True,3.0,3.0,0.9259770706208081,5.270608325290757,1.3016082052700975,0.30160820527009746,True,14.90029999968101,Optimization terminated successfully
Breast Cancer,2,42,10,300,0.0001,50,most_parsimonious,Unweighted k-means,Random 25% immutable,α < 1,0.9855434353752766,106,0,1,True,3.0,3.0,0.9770806603325388,5.414094551259349,1.267112529415721,0.26711252941572106,True,6.144299999505165,Optimization terminated successfully
Breast Cancer,2,42,10,300,0.0001,50,most_parsimonious,Unweighted k-means,Random 50% immutable,α = 1,1.0,106,0,1,True,2.0,2.0,1.8021940038029851,7.352946355991559,1.0000000000000002,2.220446049250313e-16,True,5.294499999763502,Optimization terminated successfully
Breast Cancer,2,42,10,300,0.0001,50,most_parsimonious,Unweighted k-means,Random 50% immutable,α < 1,0.9855434353752766,106,0,1,True,2.0,2.0,1.9362359763474728,7.621487997131806,1.0,0.0,False,8.834999999635329,Optimization terminated successfully
Breast Cancer,2,42,10,300,0.0001,50,most_parsimonious,Unweighted k-means,Random 75% immutable,α = 1,1.0,106,0,1,True,2.0,2.0,1.0353645602552026,5.573233963118368,1.1640917616441202,0.1640917616441202,True,3.147299999909592,Optimization terminated successfully
Breast Cancer,2,42,10,300,0.0001,50,most_parsimonious,Unweighted k-means,Random 75% immutable,α < 1,0.9855434353752766,106,0,1,True,2.0,2.0,1.0925051173684368,5.724958822651313,1.1332405946296482,0.1332405946296482,True,2.976900000248861,Optimization terminated successfully
Breast Cancer,2,42,10,300,0.0001,50,most_parsimonious,Unweighted k-means,All features mutable,α = 1,1.0,451,1,0,True,3.0,3.0,0.6262323273393007,4.334393823844232,1.171875639916909,0.17187563991690902,True,15.817299999980605,Optimization terminated successfully
Breast Cancer,2,42,10,300,0.0001,50,most_parsimonious,Unweighted k-means,All features mutable,α < 1,0.9919782558515996,451,1,0,True,3.0,3.0,0.6494501558242708,4.414012310214837,1.1507377360195867,0.15073773601958673,True,8.50910000008298,Optimization terminated successfully
Breast Cancer,2,42,10,300,0.0001,50,most_parsimonious,Unweighted k-means,Random 25% immutable,α = 1,1.0,451,1,0,True,3.0,3.0,0.6262323273393007,4.334393823844232,1.171875639916909,0.17187563991690902,True,16.422400000010384,Optimization terminated successfully
Breast Cancer,2,42,10,300,0.0001,50,most_parsimonious,Unweighted k-means,Random 25% immutable,α < 1,0.9919782558515996,451,1,0,True,3.0,3.0,0.6494501558242708,4.414012310214837,1.1507377360195867,0.15073773601958673,True,8.955799999966985,Optimization terminated successfully
Breast Cancer,2,42,10,300,0.0001,50,most_parsimonious,Unweighted k-means,Random 50% immutable,α = 1,1.0,451,1,0,True,2.0,2.0,0.700210381860265,4.5832642795073415,1.0480655657382922,0.04806556573829224,True,8.854199999404955,Optimization terminated successfully
Breast Cancer,2,42,10,300,0.0001,50,most_parsimonious,Unweighted k-means,Random 50% immutable,α < 1,0.9919782558515996,451,1,0,True,2.0,2.0,0.7261709780155339,4.667454267635197,1.0291609102353316,0.029160910235331627,True,8.202500000152213,Optimization terminated successfully
Breast Cancer,2,42,10,300,0.0001,50,most_parsimonious,Unweighted k-means,Random 75% immutable,α = 1,1.0,451,1,0,True,6.0,6.0,0.5726299054904614,4.144743317108292,1.0,0.0,False,32.510300000467396,Optimization terminated successfully
Breast Cancer,2,42,10,300,0.0001,50,most_parsimonious,Unweighted k-means,Random 75% immutable,α < 1,0.9919782558515996,451,1,0,True,6.0,6.0,0.6142069700116205,4.2925760447950845,1.0000000000000002,2.220446049250313e-16,True,82.12829999956739,Optimization terminated successfully
Breast Cancer,2,42,10,300,0.0001,50,most_parsimonious,Unweighted k-means,All features mutable,α = 1,1.0,306,0,1,True,6.0,6.0,3.477766389777816,10.214352240516012,1.0000000000000004,4.440892098500626e-16,True,63.73299999995652,Optimization terminated successfully
Breast Cancer,2,42,10,300,0.0001,50,most_parsimonious,Unweighted k-means,All features mutable,α < 1,0.9855434353752766,306,0,1,True,6.0,6.0,3.5497266937669343,10.319486460721194,1.0,0.0,False,26.745000000119035,Optimization terminated successfully
Breast Cancer,2,42,10,300,0.0001,50,most_parsimonious,Unweighted k-means,Random 25% immutable,α = 1,1.0,306,0,1,True,6.0,6.0,3.2186474419651554,9.826465450962246,1.0,0.0,False,56.54610000055982,Optimization terminated successfully
Breast Cancer,2,42,10,300,0.0001,50,most_parsimonious,Unweighted k-means,Random 25% immutable,α < 1,0.9855434353752766,306,0,1,True,6.0,6.0,3.2815735473591348,9.92205656206283,1.0000000000000002,2.220446049250313e-16,True,28.10330000011163,Optimization terminated successfully
Breast Cancer,2,42,10,300,0.0001,50,most_parsimonious,Unweighted k-means,Random 50% immutable,α = 1,1.0,306,0,1,True,5.0,5.0,3.8892429954753336,10.801726244645344,1.0000000000000002,2.220446049250313e-16,True,15.426199999637902,Optimization terminated successfully
Breast Cancer,2,42,10,300,0.0001,50,most_parsimonious,Unweighted k-means,Random 50% immutable,α < 1,0.9855434353752766,306,0,1,True,5.0,5.0,3.9942768879015875,10.946611650965226,1.0,0.0,False,11.117199999716831,Optimization terminated successfully
Breast Cancer,2,42,10,300,0.0001,50,most_parsimonious,Unweighted k-means,Random 75% immutable,α = 1,1.0,306,0,1,True,3.0,3.0,9.105377779109652,16.52759309074644,1.0,0.0,False,5.215399999542569,Optimization terminated successfully
Breast Cancer,2,42,10,300,0.0001,50,most_parsimonious,Unweighted k-means,Random 75% immutable,α < 1,0.9855434353752766,306,0,1,True,3.0,3.0,9.364661089234174,16.761259877378706,1.0,0.0,False,6.8879000000379165,Optimization terminated successfully
Breast Cancer,2,42,10,300,0.0001,50,most_parsimonious,Unweighted k-means,All features mutable,α = 1,1.0,546,0,1,True,6.0,6.0,4.0409510417962435,11.010382884072984,1.0,0.0,False,24.890599999707774,Optimization terminated successfully
Breast Cancer,2,42,10,300,0.0001,50,most_parsimonious,Unweighted k-means,All features mutable,α < 1,0.9855434353752766,546,0,1,True,6.0,6.0,4.114131156572172,11.109632518547368,1.0000000000000002,2.220446049250313e-16,True,35.25489999992715,Optimization terminated successfully
Breast Cancer,2,42,10,300,0.0001,50,most_parsimonious,Unweighted k-means,Random 25% immutable,α = 1,1.0,546,0,1,True,5.0,5.0,3.723333537083944,10.568822361669172,1.0000000000000002,2.220446049250313e-16,True,8.581000000049244,Optimization terminated successfully
Breast Cancer,2,42,10,300,0.0001,50,most_parsimonious,Unweighted k-means,Random 25% immutable,α < 1,0.9855434353752766,546,0,1,True,5.0,5.0,3.795650264013312,10.670965650792779,1.0,0.0,False,21.650399999998626,Optimization terminated successfully
Breast Cancer,2,42,10,300,0.0001,50,most_parsimonious,Unweighted k-means,Random 50% immutable,α = 1,1.0,546,0,1,True,5.0,5.0,5.825057108908954,13.219368867962972,1.0,0.0,False,30.319200000121782,Optimization terminated successfully
Breast Cancer,2,42,10,300,0.0001,50,most_parsimonious,Unweighted k-means,Random 50% immutable,α < 1,0.9855434353752766,546,0,1,True,5.0,5.0,5.980716260092733,13.39483063733103,1.0000000000000004,4.440892098500626e-16,True,16.100900000310503,Optimization terminated successfully
Breast Cancer,2,42,10,300,0.0001,50,most_parsimonious,Unweighted k-means,Random 75% immutable,α = 1,1.0,546,0,1,True,6.0,6.0,4.426269889524554,11.52337175854952,1.0,0.0,False,17.729899999721965,Optimization terminated successfully
Breast Cancer,2,42,10,300,0.0001,50,most_parsimonious,Unweighted k-means,Random 75% immutable,α < 1,0.9855434353752766,546,0,1,True,6.0,6.0,4.517623833555593,11.641680076632746,1.0,0.0,False,34.5657999996547,Optimization terminated successfully
Breast Cancer,2,42,10,300,0.0001,50,most_parsimonious,Unweighted k-means,All features mutable,α = 1,1.0,92,0,1,True,5.0,5.0,3.07648421068174,9.60700402417175,1.0,0.0,False,46.957100000327046,Optimization terminated successfully
Breast Cancer,2,42,10,300,0.0001,50,most_parsimonious,Unweighted k-means,All features mutable,α < 1,0.9855434353752766,92,0,1,True,5.0,5.0,3.1695104600035164,9.751169868282753,1.0,0.0,False,19.492100000206847,Optimization terminated successfully
Breast Cancer,2,42,10,300,0.0001,50,most_parsimonious,Unweighted k-means,Random 25% immutable,α = 1,1.0,92,0,1,True,5.0,5.0,3.07648421068174,9.60700402417175,1.0,0.0,False,49.67729999953008,Optimization terminated successfully
Breast Cancer,2,42,10,300,0.0001,50,most_parsimonious,Unweighted k-means,Random 25% immutable,α < 1,0.9855434353752766,92,0,1,True,5.0,5.0,3.1695104600035164,9.751169868282753,1.0,0.0,False,18.949199999951816,Optimization terminated successfully
Breast Cancer,2,42,10,300,0.0001,50,most_parsimonious,Unweighted k-means,Random 50% immutable,α = 1,1.0,92,0,1,True,4.0,4.0,3.093504726537981,9.633542536167027,1.0,0.0,False,36.82329999992362,Optimization terminated successfully
Breast Cancer,2,42,10,300,0.0001,50,most_parsimonious,Unweighted k-means,Random 50% immutable,α < 1,0.9855434353752766,92,0,1,True,4.0,4.0,3.2258611740293666,9.83747097687617,1.0000000000000007,6.661338147750939e-16,True,21.622199999910663,Optimization terminated successfully
Breast Cancer,2,42,10,300,0.0001,50,most_parsimonious,Unweighted k-means,Random 75% immutable,α = 1,1.0,92,0,1,True,4.0,4.0,4.165185257477677,11.178352191818359,1.0,0.0,False,26.029300000118383,Optimization terminated successfully
Breast Cancer,2,42,10,300,0.0001,50,most_parsimonious,Unweighted k-means,Random 75% immutable,α < 1,0.9855434353752766,92,0,1,True,4.0,4.0,4.325010120257374,11.390799076786545,1.0,0.0,False,26.19700000013836,Optimization terminated successfully
Breast Cancer,2,42,10,300,0.0001,50,most_parsimonious,Unweighted k-means,All features mutable,α = 1,1.0,367,0,1,True,4.0,4.0,2.250172661550635,8.216153591950375,1.0,0.0,False,20.67099999931088,Optimization terminated successfully
Breast Cancer,2,42,10,300,0.0001,50,most_parsimonious,Unweighted k-means,All features mutable,α < 1,0.9855434353752766,367,0,1,True,4.0,4.0,2.319232185130404,8.341280810158121,1.0000000000000002,2.220446049250313e-16,True,14.306600000054459,Optimization terminated successfully
Breast Cancer,2,42,10,300,0.0001,50,most_parsimonious,Unweighted k-means,Random 25% immutable,α = 1,1.0,367,0,1,True,4.0,4.0,2.1165229900416502,7.968418268467683,1.0291641017770876,0.029164101777087614,True,18.686000000343483,Optimization terminated successfully
Breast Cancer,2,42,10,300,0.0001,50,most_parsimonious,Unweighted k-means,Random 25% immutable,α < 1,0.9855434353752766,367,0,1,True,4.0,4.0,2.1789742781740413,8.08512389176698,1.0143085231080629,0.014308523108062854,True,13.956900000266614,Optimization terminated successfully
Breast Cancer,2,42,10,300,0.0001,50,most_parsimonious,Unweighted k-means,Random 50% immutable,α = 1,1.0,367,0,1,True,4.0,4.0,2.0187807580586505,7.782250493382972,1.0789925713947197,0.07899257139471971,True,10.594600000331411,Optimization terminated successfully
Breast Cancer,2,42,10,300,0.0001,50,most_parsimonious,Unweighted k-means,Random 50% immutable,α < 1,0.9855434353752766,367,0,1,True,4.0,4.0,2.0783480102882947,7.896229499492074,1.063417740805657,0.0634177408056571,True,12.080800000148884,Optimization terminated successfully
Breast Cancer,2,42,10,300,0.0001,50,most_parsimonious,Unweighted k-means,Random 75% immutable,α = 1,1.0,367,0,1,True,4.0,4.0,1.792131335982031,7.33238979320255,1.065122877412104,0.06512287741210399,True,27.106800000183284,Optimization terminated successfully
Breast Cancer,2,42,10,300,0.0001,50,most_parsimonious,Unweighted k-means,Random 75% immutable,α < 1,0.9855434353752766,367,0,1,True,4.0,4.0,1.8450109460600146,7.439780129936667,1.0497482375462281,0.04974823754622815,True,28.697799999463314,Optimization terminated successfully
Breast Cancer,2,42,10,300,0.0001,50,most_parsimonious,Unweighted k-means,All features mutable,α = 1,1.0,491,0,1,True,4.0,4.0,2.147236844285806,8.026026746066462,1.0,0.0,False,13.938600000074075,Optimization terminated successfully
Breast Cancer,2,42,10,300,0.0001,50,most_parsimonious,Unweighted k-means,All features mutable,α < 1,0.9855434353752766,491,0,1,True,4.0,4.0,2.310133908300422,8.324903437819124,1.0,0.0,False,15.116699999452976,Optimization terminated successfully
Breast Cancer,2,42,10,300,0.0001,50,most_parsimonious,Unweighted k-means,Random 25% immutable,α = 1,1.0,491,0,1,True,4.0,4.0,2.147236844285806,8.026026746066462,1.0,0.0,False,11.189400000148453,Optimization terminated successfully
Breast Cancer,2,42,10,300,0.0001,50,most_parsimonious,Unweighted k-means,Random 25% immutable,α < 1,0.9855434353752766,491,0,1,True,4.0,4.0,2.310133908300422,8.324903437819124,1.0,0.0,False,16.51750000019092,Optimization terminated successfully
Breast Cancer,2,42,10,300,0.0001,50,most_parsimonious,Unweighted k-means,Random 50% immutable,α = 1,1.0,491,0,1,True,4.0,4.0,1.567708915624761,6.857934635788156,1.0000000000000002,2.220446049250313e-16,True,7.111899999472371,Optimization terminated successfully
Breast Cancer,2,42,10,300,0.0001,50,most_parsimonious,Unweighted k-means,Random 50% immutable,α < 1,0.9855434353752766,491,0,1,True,4.0,4.0,1.62367268560379,6.979267910613097,1.0,0.0,False,8.978300000308082,Optimization terminated successfully
Breast Cancer,2,42,10,300,0.0001,50,most_parsimonious,Unweighted k-means,Random 75% immutable,α = 1,1.0,491,0,1,True,3.0,3.0,1.8485096314341747,7.446830798603205,1.0,0.0,False,5.457299999761744,Optimization terminated successfully
Breast Cancer,2,42,10,300,0.0001,50,most_parsimonious,Unweighted k-means,Random 75% immutable,α < 1,0.9855434353752766,491,0,1,True,3.0,3.0,1.9151514965892444,7.579877630785165,1.0000000000000002,2.220446049250313e-16,True,14.525100000355451,Optimization terminated successfully
Breast Cancer,2,42,10,300,0.0001,50,most_parsimonious,Unweighted k-means,All features mutable,α = 1,1.0,506,0,1,True,3.0,3.0,1.5245431825235558,6.7628614857696645,1.0000000000000002,2.220446049250313e-16,True,13.940800000455056,Optimization terminated successfully
Breast Cancer,2,42,10,300,0.0001,50,most_parsimonious,Unweighted k-means,All features mutable,α < 1,0.9855434353752766,506,0,1,True,3.0,3.0,1.598151294393889,6.924199508377606,1.0,0.0,False,17.099900000175694,Optimization terminated successfully
Breast Cancer,2,42,10,300,0.0001,50,most_parsimonious,Unweighted k-means,Random 25% immutable,α = 1,1.0,506,0,1,True,3.0,3.0,1.156926326967037,5.891331751735859,1.2856744647535405,0.2856744647535405,True,4.969100000380422,Optimization terminated successfully
Breast Cancer,2,42,10,300,0.0001,50,most_parsimonious,Unweighted k-means,Random 25% immutable,α < 1,0.9855434353752766,506,0,1,True,3.0,3.0,1.2065528900609146,6.016359921233723,1.2589564015365542,0.2589564015365542,True,15.552099999695201,Optimization terminated successfully
Breast Cancer,2,42,10,300,0.0001,50,most_parsimonious,Unweighted k-means,Random 50% immutable,α = 1,1.0,506,0,1,True,3.0,3.0,1.5245431825235558,6.7628614857696645,1.0000000000000002,2.220446049250313e-16,True,14.56049999978859,Optimization terminated successfully
Breast Cancer,2,42,10,300,0.0001,50,most_parsimonious,Unweighted k-means,Random 50% immutable,α < 1,0.9855434353752766,506,0,1,True,3.0,3.0,1.598151294393889,6.924199508377606,1.0,0.0,False,19.05469999928755,Optimization terminated successfully
Breast Cancer,2,42,10,300,0.0001,50,most_parsimonious,Unweighted k-means,Random 75% immutable,α = 1,1.0,506,0,1,True,2.0,2.0,3.195735330340071,9.791427879027763,1.0,0.0,False,2.0884000005025882,Optimization terminated successfully
Breast Cancer,2,42,10,300,0.0001,50,most_parsimonious,Unweighted k-means,Random 75% immutable,α < 1,0.9855434353752766,506,0,1,True,2.0,2.0,3.3490261949580664,10.023511652546826,1.0,0.0,False,4.734500000267872,Optimization terminated successfully
Breast Cancer,2,42,10,300,0.0001,50,most_parsimonious,Unweighted k-means,All features mutable,α = 1,1.0,229,1,0,True,6.0,6.0,0.5460830595064825,4.047529096275217,1.0,0.0,False,37.423499999931664,Optimization terminated successfully
Breast Cancer,2,42,10,300,0.0001,50,most_parsimonious,Unweighted k-means,All features mutable,α < 1,0.9919782558515996,229,1,0,True,6.0,6.0,0.5648368070183382,4.116443150409118,1.0,0.0,False,47.219699999914155,Optimization terminated successfully
Breast Cancer,2,42,10,300,0.0001,50,most_parsimonious,Unweighted k-means,Random 25% immutable,α = 1,1.0,229,1,0,True,5.0,5.0,0.6084195023694143,4.2723044216303725,1.0000000000000004,4.440892098500626e-16,True,53.166699999565026,Optimization terminated successfully
Breast Cancer,2,42,10,300,0.0001,50,most_parsimonious,Unweighted k-means,Random 25% immutable,α < 1,0.9919782558515996,229,1,0,True,5.0,5.0,0.6529584714504132,4.425918451972697,1.0,0.0,False,26.47129999968456,Optimization terminated successfully
Breast Cancer,2,42,10,300,0.0001,50,most_parsimonious,Unweighted k-means,Random 50% immutable,α = 1,1.0,229,1,0,True,4.0,4.0,0.7283836733946842,4.674559893919483,1.0,0.0,False,21.93879999958881,Optimization terminated successfully
Breast Cancer,2,42,10,300,0.0001,50,most_parsimonious,Unweighted k-means,Random 50% immutable,α < 1,0.9919782558515996,229,1,0,True,4.0,4.0,0.7680097841116993,4.8000305752516805,1.0000000000000002,2.220446049250313e-16,True,42.09960000025603,Optimization terminated successfully
Breast Cancer,2,42,10,300,0.0001,50,most_parsimonious,Unweighted k-means,Random 75% immutable,α = 1,1.0,229,1,0,True,6.0,6.0,1.3329445620408278,6.32363320103442,1.0000000000000002,2.220446049250313e-16,True,29.226099999505095,Optimization terminated successfully
Breast Cancer,2,42,10,300,0.0001,50,most_parsimonious,Unweighted k-means,Random 75% immutable,α < 1,0.9919782558515996,229,1,0,True,6.0,6.0,1.3765238204580936,6.426174181715183,1.0,0.0,False,37.01389999969251,Optimization terminated successfully
Breast Cancer,2,42,10,300,0.0001,50,most_parsimonious,Unweighted k-means,All features mutable,α = 1,1.0,50,0,1,True,6.0,6.0,3.1272686870842694,9.68597236277949,1.0336741295687806,0.033674129568780575,True,26.698900000155845,Optimization terminated successfully
Breast Cancer,2,42,10,300,0.0001,50,most_parsimonious,Unweighted k-means,All features mutable,α < 1,0.9855434353752766,50,0,1,True,6.0,6.0,3.191331305833434,9.784678797743082,1.0232465752162094,0.02324657521620943,True,46.1446999997861,Optimization terminated successfully
Breast Cancer,2,42,10,300,0.0001,50,most_parsimonious,Unweighted k-means,Random 25% immutable,α = 1,1.0,50,0,1,True,5.0,5.0,3.1611390808637276,9.738283854248232,1.0,0.0,False,27.917299999899114,Optimization terminated successfully
Breast Cancer,2,42,10,300,0.0001,50,most_parsimonious,Unweighted k-means,Random 25% immutable,α < 1,0.9855434353752766,50,0,1,True,5.0,5.0,3.2267838046210953,9.838877686943407,1.0000000000000002,2.220446049250313e-16,True,40.059100000689796,Optimization terminated successfully
Breast Cancer,2,42,10,300,0.0001,50,most_parsimonious,Unweighted k-means,Random 50% immutable,α = 1,1.0,50,0,1,True,6.0,6.0,4.90217638266801,12.127047929320652,1.0000000000000002,2.220446049250313e-16,True,60.794500000156404,Optimization terminated successfully
Breast Cancer,2,42,10,300,0.0001,50,most_parsimonious,Unweighted k-means,Random 50% immutable,α < 1,0.9855434353752766,50,0,1,True,6.0,6.0,5.0180162986915136,12.269494242255687,1.0,0.0,False,48.330499999792664,Optimization terminated successfully
Breast Cancer,2,42,10,300,0.0001,50,most_parsimonious,Unweighted k-means,Random 75% immutable,α = 1,1.0,50,0,1,True,4.0,4.0,6.761646843069684,14.242521030073663,1.0,0.0,False,25.256500000068627,Optimization terminated successfully
Breast Cancer,2,42,10,300,0.0001,50,most_parsimonious,Unweighted k-means,Random 75% immutable,α < 1,0.9855434353752766,50,0,1,True,4.0,4.0,6.950483226082567,14.44003105199144,1.0000000000000004,4.440892098500626e-16,True,5.828199999996286,Optimization terminated successfully
Breast Cancer,2,42,10,300,0.0001,50,most_parsimonious,Unweighted k-means,All features mutable,α = 1,1.0,450,0,1,True,3.0,3.0,1.3635144377888844,6.395735542818084,1.0569201141406974,0.05692011414069742,True,15.666500000406813,Optimization terminated successfully
Breast Cancer,2,42,10,300,0.0001,50,most_parsimonious,Unweighted k-means,All features mutable,α < 1,0.9855434353752766,450,0,1,True,3.0,3.0,1.4253807113791193,6.539221768786678,1.033728752007222,0.03372875200722203,True,9.121399999457935,Optimization terminated successfully
Breast Cancer,2,42,10,300,0.0001,50,most_parsimonious,Unweighted k-means,Random 25% immutable,α = 1,1.0,450,0,1,True,3.0,3.0,1.3635144377888844,6.395735542818084,1.0569201141406974,0.05692011414069742,True,14.49620000039431,Optimization terminated successfully
Breast Cancer,2,42,10,300,0.0001,50,most_parsimonious,Unweighted k-means,Random 25% immutable,α < 1,0.9855434353752766,450,0,1,True,3.0,3.0,1.4253807113791193,6.539221768786678,1.033728752007222,0.03372875200722203,True,9.100799999941955,Optimization terminated successfully
Breast Cancer,2,42,10,300,0.0001,50,most_parsimonious,Unweighted k-means,Random 50% immutable,α = 1,1.0,450,0,1,True,3.0,3.0,1.6898689590418137,7.120117188028186,1.0,0.0,False,9.784800000488758,Optimization terminated successfully
Breast Cancer,2,42,10,300,0.0001,50,most_parsimonious,Unweighted k-means,Random 50% immutable,α < 1,0.9855434353752766,450,0,1,True,3.0,3.0,1.7946458833151346,7.33753204418584,1.0,0.0,False,7.523600000240549,Optimization terminated successfully
Breast Cancer,2,42,10,300,0.0001,50,most_parsimonious,Unweighted k-means,Random 75% immutable,α = 1,1.0,450,0,1,True,3.0,3.0,1.6915374214897825,7.123631282196846,1.0000000000000002,2.220446049250313e-16,True,6.140800000139279,Optimization terminated successfully
Breast Cancer,2,42,10,300,0.0001,50,most_parsimonious,Unweighted k-means,Random 75% immutable,α < 1,0.9855434353752766,450,0,1,True,3.0,3.0,1.7770651901962375,7.301503660609034,1.0,0.0,False,12.708799999927578,Optimization terminated successfully
Breast Cancer,2,42,10,300,0.0001,50,most_parsimonious,Unweighted k-means,All features mutable,α = 1,1.0,503,1,0,True,11.0,11.0,3.200893477765194,9.799326728554153,1.0,0.0,False,66.08659999983502,Optimization terminated successfully
Breast Cancer,2,42,10,300,0.0001,50,most_parsimonious,Unweighted k-means,All features mutable,α < 1,0.9919782558515996,503,1,0,True,11.0,11.0,3.2345682115440892,9.850738365540051,1.0,0.0,False,176.93899999994755,Optimization terminated successfully
Breast Cancer,2,42,10,300,0.0001,50,most_parsimonious,Unweighted k-means,Random 25% immutable,α = 1,1.0,503,1,0,True,15.0,15.0,3.4727292465088606,10.206952404869233,1.0000000000000013,1.3322676295501878e-15,True,223.47160000026633,Optimization terminated successfully
Breast Cancer,2,42,10,300,0.0001,50,most_parsimonious,Unweighted k-means,Random 25% immutable,α < 1,0.9919782558515996,503,1,0,True,16.0,16.0,2.8027077046133733,9.16958184097842,1.0000000000000002,2.220446049250313e-16,True,342.14590000010503,Optimization terminated successfully
Breast Cancer,2,42,10,300,0.0001,50,most_parsimonious,Unweighted k-means,Random 50% immutable,α = 1,1.0,503,1,0,True,14.0,14.0,2.8497850423266073,9.246272290485404,1.0,0.0,False,209.9658000006457,Optimization terminated successfully
Breast Cancer,2,42,10,300,0.0001,50,most_parsimonious,Unweighted k-means,Random 50% immutable,α < 1,0.9919782558515996,503,1,0,True,14.0,14.0,2.8798250990366556,9.294877781396572,1.0,0.0,False,379.6721999997317,Optimization terminated successfully
Breast Cancer,2,42,10,300,0.0001,50,most_parsimonious,Unweighted k-means,Random 75% immutable,α = 1,1.0,503,1,0,False,,,,,,,False,64.8577000001751,No feasible counterfactual found.
Breast Cancer,2,42,10,300,0.0001,50,most_parsimonious,Unweighted k-means,Random 75% immutable,α < 1,0.9919782558515996,503,1,0,False,,,,,,,False,109.41050000019459,No feasible counterfactual found.
Breast Cancer,2,42,10,300,0.0001,50,most_parsimonious,Unweighted k-means,All features mutable,α = 1,1.0,353,1,0,True,3.0,3.0,0.3584527794863274,3.2792656776464186,1.000688658097079,0.0006886580970790757,True,11.668499999359483,Optimization terminated successfully
Breast Cancer,2,42,10,300,0.0001,50,most_parsimonious,Unweighted k-means,All features mutable,α < 1,0.9919782558515996,353,1,0,True,3.0,3.0,0.37624210240697564,3.3596522248901404,1.0000000000000002,2.220446049250313e-16,True,41.3591999995333,Optimization terminated successfully
Breast Cancer,2,42,10,300,0.0001,50,most_parsimonious,Unweighted k-means,Random 25% immutable,α = 1,1.0,353,1,0,True,3.0,3.0,0.34612266410481735,3.2223717853693605,1.0,0.0,False,11.150000000270666,Optimization terminated successfully
Breast Cancer,2,42,10,300,0.0001,50,most_parsimonious,Unweighted k-means,Random 25% immutable,α < 1,0.9919782558515996,353,1,0,True,3.0,3.0,0.3680842794122899,3.323030000220988,1.0,0.0,False,19.685600000229897,Optimization terminated successfully
Breast Cancer,2,42,10,300,0.0001,50,most_parsimonious,Unweighted k-means,Random 50% immutable,α = 1,1.0,353,1,0,True,3.0,3.0,0.5766079724522561,4.1591151911876265,1.0,0.0,False,4.681200000050012,Optimization terminated successfully
Breast Cancer,2,42,10,300,0.0001,50,most_parsimonious,Unweighted k-means,Random 50% immutable,α < 1,0.9919782558515996,353,1,0,True,3.0,3.0,0.6157565211917617,4.297987393624235,1.0,0.0,False,35.50180000002001,Optimization terminated successfully
Breast Cancer,2,42,10,300,0.0001,50,most_parsimonious,Unweighted k-means,Random 75% immutable,α = 1,1.0,353,1,0,True,6.0,6.0,0.35457298378178004,3.2614704526414773,1.0,0.0,False,55.58099999961996,Optimization terminated successfully
Breast Cancer,2,42,10,300,0.0001,50,most_parsimonious,Unweighted k-means,Random 75% immutable,α < 1,0.9919782558515996,353,1,0,True,6.0,6.0,0.445233553431984,3.654723875063549,1.0,0.0,False,120.3390999999101,Optimization terminated successfully
Breast Cancer,2,42,10,300,0.0001,50,most_parsimonious,Unweighted k-means,All features mutable,α = 1,1.0,341,0,1,True,4.0,4.0,1.8187158844691333,7.3865740728753275,1.240040325684808,0.24004032568480804,True,94.99359999972512,Optimization terminated successfully
Breast Cancer,2,42,10,300,0.0001,50,most_parsimonious,Unweighted k-means,All features mutable,α < 1,0.9855434353752766,341,0,1,True,4.0,4.0,1.8784367567852869,7.506870366774599,1.2201688928049355,0.22016889280493546,True,17.500599999948463,Optimization terminated successfully
Breast Cancer,2,42,10,300,0.0001,50,most_parsimonious,Unweighted k-means,Random 25% immutable,α = 1,1.0,341,0,1,True,3.0,3.0,1.9646089132413327,7.677126246014193,1.1479541733272314,0.14795417332723138,True,17.815799999880255,Optimization terminated successfully
Breast Cancer,2,42,10,300,0.0001,50,most_parsimonious,Unweighted k-means,Random 25% immutable,α < 1,0.9855434353752766,341,0,1,True,3.0,3.0,2.029120450783126,7.8021544155120255,1.1295584089961084,0.12955840899610838,True,43.27830000056565,Optimization terminated successfully
Breast Cancer,2,42,10,300,0.0001,50,most_parsimonious,Unweighted k-means,Random 50% immutable,α = 1,1.0,341,0,1,True,3.0,3.0,1.6566682410352487,7.0498260426096655,1.0,0.0,False,15.49330000034388,Optimization terminated successfully
Breast Cancer,2,42,10,300,0.0001,50,most_parsimonious,Unweighted k-means,Random 50% immutable,α < 1,0.9855434353752766,341,0,1,True,3.0,3.0,1.7124211621357,7.167470604339511,1.0,0.0,False,30.012100000021746,Optimization terminated successfully
Breast Cancer,2,42,10,300,0.0001,50,most_parsimonious,Unweighted k-means,Random 75% immutable,α = 1,1.0,341,0,1,True,3.0,3.0,3.441122163168595,10.160396886689902,1.0,0.0,False,20.401599999786413,Optimization terminated successfully
Breast Cancer,2,42,10,300,0.0001,50,most_parsimonious,Unweighted k-means,Random 75% immutable,α < 1,0.9855434353752766,341,0,1,True,3.0,3.0,3.5779005669894985,10.360357957603828,1.0000000000000002,2.220446049250313e-16,True,4.846299999371695,Optimization terminated successfully
Breast Cancer,2,42,10,300,0.0001,50,most_parsimonious,Unweighted k-means,All features mutable,α = 1,1.0,391,0,1,True,5.0,5.0,4.211744926162182,11.24065602110773,1.0,0.0,False,23.289100000511098,Optimization terminated successfully
Breast Cancer,2,42,10,300,0.0001,50,most_parsimonious,Unweighted k-means,All features mutable,α < 1,0.9855434353752766,391,0,1,True,5.0,5.0,4.305092837925967,11.364540691896835,1.0000000000000002,2.220446049250313e-16,True,32.309600000189675,Optimization terminated successfully
Breast Cancer,2,42,10,300,0.0001,50,most_parsimonious,Unweighted k-means,Random 25% immutable,α = 1,1.0,391,0,1,True,4.0,4.0,3.114169083923864,9.665664618520339,1.0,0.0,False,30.694999999468564,Optimization terminated successfully
Breast Cancer,2,42,10,300,0.0001,50,most_parsimonious,Unweighted k-means,Random 25% immutable,α < 1,0.9855434353752766,391,0,1,True,4.0,4.0,3.178009281616794,9.764234657591134,1.0,0.0,False,35.99769999982527,Optimization terminated successfully
Breast Cancer,2,42,10,300,0.0001,50,most_parsimonious,Unweighted k-means,Random 50% immutable,α = 1,1.0,391,0,1,True,5.0,5.0,3.6815717707925564,10.509384050636683,1.0,0.0,False,24.059899999883783,Optimization terminated successfully
Breast Cancer,2,42,10,300,0.0001,50,most_parsimonious,Unweighted k-means,Random 50% immutable,α < 1,0.9855434353752766,391,0,1,True,5.0,5.0,3.773745725815475,10.640130251762159,1.0,0.0,False,22.597399999540357,Optimization terminated successfully
Breast Cancer,2,42,10,300,0.0001,50,most_parsimonious,Unweighted k-means,Random 75% immutable,α = 1,1.0,391,0,1,True,5.0,5.0,3.634919785892306,10.442585579097218,1.0,0.0,False,34.01639999992767,Optimization terminated successfully
Breast Cancer,2,42,10,300,0.0001,50,most_parsimonious,Unweighted k-means,Random 75% immutable,α < 1,0.9855434353752766,391,0,1,True,5.0,5.0,3.7120312734860983,10.552769219715882,1.0,0.0,False,37.89189999952214,Optimization terminated successfully
Breast Cancer,2,42,10,300,0.0001,50,most_parsimonious,Unweighted k-means,All features mutable,α = 1,1.0,247,1,0,True,1.0,1.0,0.006379256455250407,0.4374673629626697,3.8362630613320436,2.8362630613320436,True,0.960500000473985,Optimization terminated successfully
Breast Cancer,2,42,10,300,0.0001,50,most_parsimonious,Unweighted k-means,All features mutable,α < 1,0.9919782558515996,247,1,0,True,1.0,1.0,0.010404729899892691,0.5586966054996045,3.0038483651986594,2.0038483651986594,True,0.9497000000919797,Optimization terminated successfully
Breast Cancer,2,42,10,300,0.0001,50,most_parsimonious,Unweighted k-means,Random 25% immutable,α = 1,1.0,247,1,0,True,1.0,1.0,0.005942752512988241,0.42223521334636127,4.015270608030788,3.0152706080307876,True,0.9282000000894186,Optimization terminated successfully
Breast Cancer,2,42,10,300,0.0001,50,most_parsimonious,Unweighted k-means,Random 25% immutable,α < 1,0.9919782558515996,247,1,0,True,1.0,1.0,0.009692780252103069,0.5392433658035044,3.1440139078930054,2.1440139078930054,True,0.9857999993982958,Optimization terminated successfully
Breast Cancer,2,42,10,300,0.0001,50,most_parsimonious,Unweighted k-means,Random 50% immutable,α = 1,1.0,247,1,0,True,1.0,1.0,0.006379256455250407,0.4374673629626697,3.8362630613320436,2.8362630613320436,True,0.8717000000615371,Optimization terminated successfully
Breast Cancer,2,42,10,300,0.0001,50,most_parsimonious,Unweighted k-means,Random 50% immutable,α < 1,0.9919782558515996,247,1,0,True,1.0,1.0,0.010404729899892691,0.5586966054996045,3.0038483651986594,2.0038483651986594,True,0.8706999997230014,Optimization terminated successfully
Breast Cancer,2,42,10,300,0.0001,50,most_parsimonious,Unweighted k-means,Random 75% immutable,α = 1,1.0,247,1,0,True,1.0,1.0,0.006379256455250407,0.4374673629626697,3.8362630613320436,2.8362630613320436,True,0.8729999999559368,Optimization terminated successfully
Breast Cancer,2,42,10,300,0.0001,50,most_parsimonious,Unweighted k-means,Random 75% immutable,α < 1,0.9919782558515996,247,1,0,True,1.0,1.0,0.010404729899892691,0.5586966054996045,3.0038483651986594,2.0038483651986594,True,0.8685000002515153,Optimization terminated successfully
Breast Cancer,2,42,10,300,0.0001,50,most_parsimonious,Unweighted k-means,All features mutable,α = 1,1.0,518,0,1,True,2.0,2.0,0.892691453468101,5.175011459315141,1.0,0.0,False,3.7234999999782303,Optimization terminated successfully
Breast Cancer,2,42,10,300,0.0001,50,most_parsimonious,Unweighted k-means,All features mutable,α < 1,0.9855434353752766,518,0,1,True,2.0,2.0,0.9827919838981432,5.429894982128503,1.0,0.0,False,10.56570000037027,Optimization terminated successfully
Breast Cancer,2,42,10,300,0.0001,50,most_parsimonious,Unweighted k-means,Random 25% immutable,α = 1,1.0,518,0,1,True,2.0,2.0,0.892691453468101,5.175011459315141,1.0,0.0,False,3.5985999993499718,Optimization terminated successfully
Breast Cancer,2,42,10,300,0.0001,50,most_parsimonious,Unweighted k-means,Random 25% immutable,α < 1,0.9855434353752766,518,0,1,True,2.0,2.0,0.9827919838981432,5.429894982128503,1.0,0.0,False,10.33259999985603,Optimization terminated successfully
Breast Cancer,2,42,10,300,0.0001,50,most_parsimonious,Unweighted k-means,Random 50% immutable,α = 1,1.0,518,0,1,True,2.0,2.0,0.892691453468101,5.175011459315141,1.0,0.0,False,3.3010999995894963,Optimization terminated successfully
Breast Cancer,2,42,10,300,0.0001,50,most_parsimonious,Unweighted k-means,Random 50% immutable,α < 1,0.9855434353752766,518,0,1,True,2.0,2.0,0.9827919838981432,5.429894982128503,1.0,0.0,False,10.637700000188488,Optimization terminated successfully
Breast Cancer,2,42,10,300,0.0001,50,most_parsimonious,Unweighted k-means,Random 75% immutable,α = 1,1.0,518,0,1,True,2.0,2.0,0.43614117923252926,3.61721375881712,1.7365912400615062,0.7365912400615062,True,7.174399999712477,Optimization terminated successfully
Breast Cancer,2,42,10,300,0.0001,50,most_parsimonious,Unweighted k-means,Random 75% immutable,α < 1,0.9855434353752766,518,0,1,True,2.0,2.0,0.47002484269982087,3.7550959083616795,1.672825911116443,0.672825911116443,True,8.9375999996264,Optimization terminated successfully
Breast Cancer,2,42,10,300,0.0001,50,most_parsimonious,Unweighted k-means,All features mutable,α = 1,1.0,383,0,1,True,2.0,2.0,1.1361386062420666,5.8381639397384175,1.0000000000000002,2.220446049250313e-16,True,3.3874000000650994,Optimization terminated successfully
Breast Cancer,2,42,10,300,0.0001,50,most_parsimonious,Unweighted k-means,All features mutable,α < 1,0.9855434353752766,383,0,1,True,2.0,2.0,1.253339726687321,6.131899526298489,1.0,0.0,False,3.2124000008479925,Optimization terminated successfully
Breast Cancer,2,42,10,300,0.0001,50,most_parsimonious,Unweighted k-means,Random 25% immutable,α = 1,1.0,383,0,1,True,2.0,2.0,1.1361386062420666,5.8381639397384175,1.0000000000000002,2.220446049250313e-16,True,3.51799999953073,Optimization terminated successfully
Breast Cancer,2,42,10,300,0.0001,50,most_parsimonious,Unweighted k-means,Random 25% immutable,α < 1,0.9855434353752766,383,0,1,True,2.0,2.0,1.253339726687321,6.131899526298489,1.0,0.0,False,3.608600000006845,Optimization terminated successfully
Breast Cancer,2,42,10,300,0.0001,50,most_parsimonious,Unweighted k-means,Random 50% immutable,α = 1,1.0,383,0,1,True,2.0,2.0,1.1361386062420666,5.8381639397384175,1.0000000000000002,2.220446049250313e-16,True,3.475100000287057,Optimization terminated successfully
Breast Cancer,2,42,10,300,0.0001,50,most_parsimonious,Unweighted k-means,Random 50% immutable,α < 1,0.9855434353752766,383,0,1,True,2.0,2.0,1.253339726687321,6.131899526298489,1.0,0.0,False,3.499299999930372,Optimization terminated successfully
Breast Cancer,2,42,10,300,0.0001,50,most_parsimonious,Unweighted k-means,Random 75% immutable,α = 1,1.0,383,0,1,True,3.0,3.0,0.6362729715243938,4.369003221071347,1.2768903084266865,0.2768903084266865,True,8.102200000394078,Optimization terminated successfully
Breast Cancer,2,42,10,300,0.0001,50,most_parsimonious,Unweighted k-means,Random 75% immutable,α < 1,0.9855434353752766,383,0,1,True,3.0,3.0,0.6809776335813504,4.519881525819069,1.234266392009288,0.234266392009288,True,24.004400000194437,Optimization terminated successfully
Breast Cancer,2,42,10,300,0.0001,50,most_parsimonious,Unweighted k-means,All features mutable,α = 1,1.0,35,1,0,True,4.0,4.0,0.7128842816388512,4.624557108433794,1.0,0.0,False,14.097299999775714,Optimization terminated successfully
Breast Cancer,2,42,10,300,0.0001,50,most_parsimonious,Unweighted k-means,All features mutable,α < 1,0.9919782558515996,35,1,0,True,4.0,4.0,0.737866323679877,4.704889978564463,1.0,0.0,False,18.624600000293867,Optimization terminated successfully
Breast Cancer,2,42,10,300,0.0001,50,most_parsimonious,Unweighted k-means,Random 25% immutable,α = 1,1.0,35,1,0,True,4.0,4.0,0.7148768330405121,4.6310155464234155,1.0,0.0,False,17.15539999986504,Optimization terminated successfully
Breast Cancer,2,42,10,300,0.0001,50,most_parsimonious,Unweighted k-means,Random 25% immutable,α < 1,0.9919782558515996,35,1,0,True,4.0,4.0,0.7535268162002785,4.754556181812173,1.0,0.0,False,18.792700000631157,Optimization terminated successfully
Breast Cancer,2,42,10,300,0.0001,50,most_parsimonious,Unweighted k-means,Random 50% immutable,α = 1,1.0,35,1,0,True,9.0,9.0,0.5312538260647948,3.9921942314902266,1.0,0.0,False,226.6285000005155,Optimization terminated successfully
Breast Cancer,2,42,10,300,0.0001,50,most_parsimonious,Unweighted k-means,Random 50% immutable,α < 1,0.9919782558515996,35,1,0,True,9.0,9.0,0.5479862620615449,4.0545761630343495,1.0,0.0,False,184.90469999960624,Optimization terminated successfully
Breast Cancer,2,42,10,300,0.0001,50,most_parsimonious,Unweighted k-means,Random 75% immutable,α = 1,1.0,35,1,0,True,6.0,6.0,0.6436247520240798,4.394171430511377,1.0,0.0,False,73.24940000034985,Optimization terminated successfully
Breast Cancer,2,42,10,300,0.0001,50,most_parsimonious,Unweighted k-means,Random 75% immutable,α < 1,0.9919782558515996,35,1,0,True,6.0,6.0,0.6826297757277366,4.525361120599339,1.0,0.0,False,44.61099999934959,Optimization terminated successfully
Breast Cancer,2,42,10,300,0.0001,50,most_parsimonious,Unweighted k-means,All features mutable,α = 1,1.0,405,0,1,True,4.0,4.0,2.523282453828047,8.700486975729659,1.0000000000000002,2.220446049250313e-16,True,20.940299999892886,Optimization terminated successfully
Breast Cancer,2,42,10,300,0.0001,50,most_parsimonious,Unweighted k-means,All features mutable,α < 1,0.9855434353752766,405,0,1,True,4.0,4.0,2.594631506086468,8.822638221223515,1.0,0.0,False,33.447800000431016,Optimization terminated successfully
Breast Cancer,2,42,10,300,0.0001,50,most_parsimonious,Unweighted k-means,Random 25% immutable,α = 1,1.0,405,0,1,True,4.0,4.0,2.012122090903175,7.76940555815535,1.0,0.0,False,24.417699999503384,Optimization terminated successfully
Breast Cancer,2,42,10,300,0.0001,50,most_parsimonious,Unweighted k-means,Random 25% immutable,α < 1,0.9855434353752766,405,0,1,True,4.0,4.0,2.069846227297391,7.880062615165043,1.0,0.0,False,21.94359999975859,Optimization terminated successfully
Breast Cancer,2,42,10,300,0.0001,50,most_parsimonious,Unweighted k-means,Random 50% immutable,α = 1,1.0,405,0,1,True,3.0,3.0,2.309837862421566,8.324369998543252,1.0,0.0,False,20.29240000047139,Optimization terminated successfully
Breast Cancer,2,42,10,300,0.0001,50,most_parsimonious,Unweighted k-means,Random 50% immutable,α < 1,0.9855434353752766,405,0,1,True,3.0,3.0,2.3780166177118067,8.446330477275572,1.0,0.0,False,26.676599999518658,Optimization terminated successfully
Breast Cancer,2,42,10,300,0.0001,50,most_parsimonious,Unweighted k-means,Random 75% immutable,α = 1,1.0,405,0,1,True,3.0,3.0,2.424853192165539,8.529102869878296,1.0,0.0,False,56.53430000074877,Optimization terminated successfully
Breast Cancer,2,42,10,300,0.0001,50,most_parsimonious,Unweighted k-means,Random 75% immutable,α < 1,0.9855434353752766,405,0,1,True,3.0,3.0,2.5062824844704923,8.671128792384229,1.0000000000000002,2.220446049250313e-16,True,74.0974999998798,Optimization terminated successfully
Breast Cancer,2,42,10,300,0.0001,50,most_parsimonious,Unweighted k-means,All features mutable,α = 1,1.0,243,0,1,True,4.0,4.0,1.8905887080342065,7.531112881973433,1.0,0.0,False,36.74039999987144,Optimization terminated successfully
Breast Cancer,2,42,10,300,0.0001,50,most_parsimonious,Unweighted k-means,All features mutable,α < 1,0.9855434353752766,243,0,1,True,4.0,4.0,1.9551802289767144,7.658681797104606,1.0,0.0,False,20.869199999651755,Optimization terminated successfully
Breast Cancer,2,42,10,300,0.0001,50,most_parsimonious,Unweighted k-means,Random 25% immutable,α = 1,1.0,243,0,1,True,3.0,3.0,2.083301392361938,7.905633546456485,1.0,0.0,False,81.75399999981892,Optimization terminated successfully
Breast Cancer,2,42,10,300,0.0001,50,most_parsimonious,Unweighted k-means,Random 25% immutable,α < 1,0.9855434353752766,243,0,1,True,4.0,4.0,1.8533002812454142,7.456474263173074,1.0,0.0,False,29.122900000402296,Optimization terminated successfully
Breast Cancer,2,42,10,300,0.0001,50,most_parsimonious,Unweighted k-means,Random 50% immutable,α = 1,1.0,243,0,1,True,4.0,4.0,1.8905887080342065,7.531112881973433,1.0,0.0,False,51.79810000026919,Optimization terminated successfully
Breast Cancer,2,42,10,300,0.0001,50,most_parsimonious,Unweighted k-means,Random 50% immutable,α < 1,0.9855434353752766,243,0,1,True,4.0,4.0,1.9551802289767144,7.658681797104606,1.0,0.0,False,15.890399999989313,Optimization terminated successfully
Breast Cancer,2,42,10,300,0.0001,50,most_parsimonious,Unweighted k-means,Random 75% immutable,α = 1,1.0,243,0,1,True,3.0,3.0,2.2341731417010835,8.186891611047047,1.0,0.0,False,18.41690000037488,Optimization terminated successfully
Breast Cancer,2,42,10,300,0.0001,50,most_parsimonious,Unweighted k-means,Random 75% immutable,α < 1,0.9855434353752766,243,0,1,True,3.0,3.0,2.3126484756898034,8.32943301015706,1.0,0.0,False,29.533400000218535,Optimization terminated successfully
Breast Cancer,2,42,10,300,0.0001,50,most_parsimonious,Unweighted k-means,All features mutable,α = 1,1.0,477,0,1,True,5.0,5.0,3.7542679013995848,10.612635725491925,1.0,0.0,False,60.3809000003821,Optimization terminated successfully
Breast Cancer,2,42,10,300,0.0001,50,most_parsimonious,Unweighted k-means,All features mutable,α < 1,0.9855434353752766,477,0,1,True,5.0,5.0,3.883853333150128,10.794239204061759,1.0,0.0,False,155.9889000000112,Optimization terminated successfully
Breast Cancer,2,42,10,300,0.0001,50,most_parsimonious,Unweighted k-means,Random 25% immutable,α = 1,1.0,477,0,1,True,5.0,5.0,2.9552769910273757,9.415854168944062,1.0,0.0,False,88.4513999999399,Optimization terminated successfully
Breast Cancer,2,42,10,300,0.0001,50,most_parsimonious,Unweighted k-means,Random 25% immutable,α < 1,0.9855434353752766,477,0,1,True,5.0,5.0,3.0296599579174943,9.533614148764613,1.0,0.0,False,84.62020000024495,Optimization terminated successfully
Breast Cancer,2,42,10,300,0.0001,50,most_parsimonious,Unweighted k-means,Random 50% immutable,α = 1,1.0,477,0,1,True,5.0,5.0,3.098557726657944,9.641407148323232,1.0,0.0,False,135.4337000002488,Optimization terminated successfully
Breast Cancer,2,42,10,300,0.0001,50,most_parsimonious,Unweighted k-means,Random 50% immutable,α < 1,0.9855434353752766,477,0,1,True,5.0,5.0,3.175297684354815,9.760068162192539,1.0000000000000002,2.220446049250313e-16,True,120.22560000059457,Optimization terminated successfully
Breast Cancer,2,42,10,300,0.0001,50,most_parsimonious,Unweighted k-means,Random 75% immutable,α = 1,1.0,477,0,1,True,4.0,4.0,4.425328353265728,11.522146093413843,1.0000000000000002,2.220446049250313e-16,True,32.551799999964715,Optimization terminated successfully
Breast Cancer,2,42,10,300,0.0001,50,most_parsimonious,Unweighted k-means,Random 75% immutable,α < 1,0.9855434353752766,477,0,1,True,4.0,4.0,4.55569613175153,11.69063231619855,1.0,0.0,False,44.38959999970393,Optimization terminated successfully
Breast Cancer,2,42,10,300,0.0001,50,most_parsimonious,Unweighted k-means,All features mutable,α = 1,1.0,298,0,1,True,5.0,5.0,2.913557053164036,9.34915566213982,1.0,0.0,False,46.088300000519666,Optimization terminated successfully
Breast Cancer,2,42,10,300,0.0001,50,most_parsimonious,Unweighted k-means,All features mutable,α < 1,0.9855434353752766,298,0,1,True,5.0,5.0,3.010282692581762,9.503077437201744,1.0000000000000007,6.661338147750939e-16,True,75.49399999970774,Optimization terminated successfully
Breast Cancer,2,42,10,300,0.0001,50,most_parsimonious,Unweighted k-means,Random 25% immutable,α = 1,1.0,298,0,1,True,4.0,4.0,3.458144582383403,10.185496427347177,1.0,0.0,False,25.3089000007094,Optimization terminated successfully
Breast Cancer,2,42,10,300,0.0001,50,most_parsimonious,Unweighted k-means,Random 25% immutable,α < 1,0.9855434353752766,298,0,1,True,5.0,5.0,2.1434004315604698,8.018853593052693,1.0726047162792958,0.07260471627929577,True,29.114400000253227,Optimization terminated successfully
Breast Cancer,2,42,10,300,0.0001,50,most_parsimonious,Unweighted k-means,Random 50% immutable,α = 1,1.0,298,0,1,True,5.0,5.0,2.5095021004949567,8.676696549658097,1.0,0.0,False,70.3032000001258,Optimization terminated successfully
Breast Cancer,2,42,10,300,0.0001,50,most_parsimonious,Unweighted k-means,Random 50% immutable,α < 1,0.9855434353752766,298,0,1,True,5.0,5.0,2.5932025395298126,8.820208398098902,1.0,0.0,False,61.38950000058685,Optimization terminated successfully
Breast Cancer,2,42,10,300,0.0001,50,most_parsimonious,Unweighted k-means,Random 75% immutable,α = 1,1.0,298,0,1,True,4.0,4.0,2.5285807215564047,8.709616618812342,1.0,0.0,False,34.58609999961482,Optimization terminated successfully
Breast Cancer,2,42,10,300,0.0001,50,most_parsimonious,Unweighted k-means,Random 75% immutable,α < 1,0.9855434353752766,298,0,1,True,4.0,4.0,2.597018631244414,8.826695810853142,1.0,0.0,False,21.265800000037416,Optimization terminated successfully
Breast Cancer,2,42,10,300,0.0001,50,most_parsimonious,Unweighted k-means,All features mutable,α = 1,1.0,125,0,1,True,5.0,5.0,3.713013881466279,10.554165833640685,1.0000000000000002,2.220446049250313e-16,True,24.674100000083854,Optimization terminated successfully
Breast Cancer,2,42,10,300,0.0001,50,most_parsimonious,Unweighted k-means,All features mutable,α < 1,0.9855434353752766,125,0,1,True,5.0,5.0,3.8495106979815517,10.746409676698844,1.0000000000000007,6.661338147750939e-16,True,60.34829999953217,Optimization terminated successfully
Breast Cancer,2,42,10,300,0.0001,50,most_parsimonious,Unweighted k-means,Random 25% immutable,α = 1,1.0,125,0,1,True,5.0,5.0,4.082941465473589,11.067440714284748,1.0,0.0,False,37.926599999991595,Optimization terminated successfully
Breast Cancer,2,42,10,300,0.0001,50,most_parsimonious,Unweighted k-means,Random 25% immutable,α < 1,0.9855434353752766,125,0,1,True,5.0,5.0,4.300896677983342,11.359000851285305,1.0,0.0,False,122.65669999942475,Optimization terminated successfully
Breast Cancer,2,42,10,300,0.0001,50,most_parsimonious,Unweighted k-means,Random 50% immutable,α = 1,1.0,125,0,1,True,5.0,5.0,2.881548654969932,9.297658826236741,1.0000000000000002,2.220446049250313e-16,True,27.68339999965974,Optimization terminated successfully
Breast Cancer,2,42,10,300,0.0001,50,most_parsimonious,Unweighted k-means,Random 50% immutable,α < 1,0.9855434353752766,125,0,1,True,5.0,5.0,2.9548465499053007,9.415168426382984,1.0,0.0,False,158.274800000072,Optimization terminated successfully
Breast Cancer,2,42,10,300,0.0001,50,most_parsimonious,Unweighted k-means,Random 75% immutable,α = 1,1.0,125,0,1,True,4.0,4.0,3.3665971106868207,10.049771804404546,1.0,0.0,False,28.91799999997602,Optimization terminated successfully
Breast Cancer,2,42,10,300,0.0001,50,most_parsimonious,Unweighted k-means,Random 75% immutable,α < 1,0.9855434353752766,125,0,1,True,4.0,4.0,3.4698160468609407,10.202670307612033,1.0,0.0,False,40.08630000043922,Optimization terminated successfully
Breast Cancer,2,42,10,300,0.0001,50,most_parsimonious,Unweighted k-means,All features mutable,α = 1,1.0,45,1,0,True,8.0,8.0,1.7944979209165122,7.337229560773968,1.0,0.0,False,91.51259999998729,Optimization terminated successfully
Breast Cancer,2,42,10,300,0.0001,50,most_parsimonious,Unweighted k-means,All features mutable,α < 1,0.9919782558515996,45,1,0,True,8.0,8.0,1.8195511788766363,7.388270120014501,1.0,0.0,False,179.42009999933362,Optimization terminated successfully
Breast Cancer,2,42,10,300,0.0001,50,most_parsimonious,Unweighted k-means,Random 25% immutable,α = 1,1.0,45,1,0,True,14.0,14.0,1.738500760981124,7.221843450908757,1.0,0.0,False,335.84069999960775,Optimization terminated successfully
Breast Cancer,2,42,10,300,0.0001,50,most_parsimonious,Unweighted k-means,Random 25% immutable,α < 1,0.9919782558515996,45,1,0,True,14.0,14.0,1.7645993201419299,7.275849064147627,1.0,0.0,False,337.97800000047573,Optimization terminated successfully
Breast Cancer,2,42,10,300,0.0001,50,most_parsimonious,Unweighted k-means,Random 50% immutable,α = 1,1.0,45,1,0,True,13.0,13.0,2.0688753622411715,7.8782143197069185,1.0,0.0,False,240.4193000002124,Optimization terminated successfully
Breast Cancer,2,42,10,300,0.0001,50,most_parsimonious,Unweighted k-means,Random 50% immutable,α < 1,0.9919782558515996,45,1,0,True,13.0,13.0,2.1022266270833923,7.9414607480300345,1.0,0.0,False,165.46239999934187,Optimization terminated successfully
Breast Cancer,2,42,10,300,0.0001,50,most_parsimonious,Unweighted k-means,Random 75% immutable,α = 1,1.0,45,1,0,False,,,,,,,False,140.47130000017205,No feasible counterfactual found.
Breast Cancer,2,42,10,300,0.0001,50,most_parsimonious,Unweighted k-means,Random 75% immutable,α < 1,0.9919782558515996,45,1,0,False,,,,,,,False,132.4668000006568,No feasible counterfactual found.
Breast Cancer,2,42,10,300,0.0001,50,most_parsimonious,Unweighted k-means,All features mutable,α = 1,1.0,425,0,1,True,6.0,6.0,4.791690344819792,11.989608431662552,1.0000000000000002,2.220446049250313e-16,True,34.39350000007835,Optimization terminated successfully
Breast Cancer,2,42,10,300,0.0001,50,most_parsimonious,Unweighted k-means,All features mutable,α < 1,0.9855434353752766,425,0,1,True,6.0,6.0,4.878576829830302,12.097822320356215,1.0,0.0,False,53.56839999967633,Optimization terminated successfully
Breast Cancer,2,42,10,300,0.0001,50,most_parsimonious,Unweighted k-means,Random 25% immutable,α = 1,1.0,425,0,1,True,6.0,6.0,4.791690344819792,11.989608431662552,1.0000000000000002,2.220446049250313e-16,True,37.51960000045074,Optimization terminated successfully
Breast Cancer,2,42,10,300,0.0001,50,most_parsimonious,Unweighted k-means,Random 25% immutable,α < 1,0.9855434353752766,425,0,1,True,6.0,6.0,4.878576829830302,12.097822320356215,1.0,0.0,False,56.6119000004619,Optimization terminated successfully
Breast Cancer,2,42,10,300,0.0001,50,most_parsimonious,Unweighted k-means,Random 50% immutable,α = 1,1.0,425,0,1,True,7.0,7.0,4.708747024763857,11.885386436414919,1.0,0.0,False,47.22120000042196,Optimization terminated successfully
Breast Cancer,2,42,10,300,0.0001,50,most_parsimonious,Unweighted k-means,Random 50% immutable,α < 1,0.9855434353752766,425,0,1,True,7.0,7.0,4.795959493254734,11.994948303250082,1.0,0.0,False,92.0923000003313,Optimization terminated successfully
Breast Cancer,2,42,10,300,0.0001,50,most_parsimonious,Unweighted k-means,Random 75% immutable,α = 1,1.0,425,0,1,True,5.0,5.0,8.096024369439826,15.584631246301425,1.0,0.0,False,9.974200000215205,Optimization terminated successfully
Breast Cancer,2,42,10,300,0.0001,50,most_parsimonious,Unweighted k-means,Random 75% immutable,α < 1,0.9855434353752766,425,0,1,True,5.0,5.0,8.253481288387023,15.735451650702966,1.0,0.0,False,33.37989999999991,Optimization terminated successfully
Breast Cancer,2,42,10,300,0.0001,50,most_parsimonious,Unweighted k-means,All features mutable,α = 1,1.0,403,0,1,True,4.0,4.0,2.6865945848838195,8.977629840136792,1.0,0.0,False,14.332400000057532,Optimization terminated successfully
Breast Cancer,2,42,10,300,0.0001,50,most_parsimonious,Unweighted k-means,All features mutable,α < 1,0.9855434353752766,403,0,1,True,4.0,4.0,2.791018463729582,9.150440093890975,1.0000000000000002,2.220446049250313e-16,True,15.942699999868637,Optimization terminated successfully
Breast Cancer,2,42,10,300,0.0001,50,most_parsimonious,Unweighted k-means,Random 25% immutable,α = 1,1.0,403,0,1,True,5.0,5.0,1.8799337814872827,7.5098610802476555,1.0714044856374816,0.07140448563748159,True,22.891300000082992,Optimization terminated successfully
Breast Cancer,2,42,10,300,0.0001,50,most_parsimonious,Unweighted k-means,Random 25% immutable,α < 1,0.9855434353752766,403,0,1,True,5.0,5.0,1.931421947282454,7.61200751566061,1.0570271661347013,0.05702716613470127,True,33.811299999797484,Optimization terminated successfully
Breast Cancer,2,42,10,300,0.0001,50,most_parsimonious,Unweighted k-means,Random 50% immutable,α = 1,1.0,403,0,1,True,4.0,4.0,2.927969795614957,9.372251270023051,1.0,0.0,False,5.328199999894423,Optimization terminated successfully
Breast Cancer,2,42,10,300,0.0001,50,most_parsimonious,Unweighted k-means,Random 50% immutable,α < 1,0.9855434353752766,403,0,1,True,4.0,4.0,3.031042490599245,9.535789150247469,1.0,0.0,False,11.88079999974434,Optimization terminated successfully
Breast Cancer,2,42,10,300,0.0001,50,most_parsimonious,Unweighted k-means,Random 75% immutable,α = 1,1.0,403,0,1,True,4.0,4.0,1.86823790785657,7.486463600104999,1.1820385413532646,0.18203854135326458,True,16.478300000017043,Optimization terminated successfully
Breast Cancer,2,42,10,300,0.0001,50,most_parsimonious,Unweighted k-means,Random 75% immutable,α < 1,0.9855434353752766,403,0,1,True,4.0,4.0,1.9194057437089733,7.588291791389495,1.1661766257952584,0.16617662579525838,True,33.15339999971911,Optimization terminated successfully
Breast Cancer,2,42,10,300,0.0001,50,most_parsimonious,Unweighted k-means,All features mutable,α = 1,1.0,98,0,1,True,4.0,4.0,3.2996098044280995,9.94928611171892,1.0000000000000002,2.220446049250313e-16,True,14.890000000377768,Optimization terminated successfully
Breast Cancer,2,42,10,300,0.0001,50,most_parsimonious,Unweighted k-means,All features mutable,α < 1,0.9855434353752766,98,0,1,True,4.0,4.0,3.4364295663030116,10.15346674732775,1.0,0.0,False,20.92449999963719,Optimization terminated successfully
Breast Cancer,2,42,10,300,0.0001,50,most_parsimonious,Unweighted k-means,Random 25% immutable,α = 1,1.0,98,0,1,True,4.0,4.0,2.7298190230345325,9.049561906028156,1.0,0.0,False,15.39649999995163,Optimization terminated successfully
Breast Cancer,2,42,10,300,0.0001,50,most_parsimonious,Unweighted k-means,Random 25% immutable,α < 1,0.9855434353752766,98,0,1,True,4.0,4.0,2.832473144138521,9.21814484178653,1.0,0.0,False,46.15349999949103,Optimization terminated successfully
Breast Cancer,2,42,10,300,0.0001,50,most_parsimonious,Unweighted k-means,Random 50% immutable,α = 1,1.0,98,0,1,True,4.0,4.0,4.5035359039511675,11.623513974634996,1.0,0.0,False,5.015400000047521,Optimization terminated successfully
Breast Cancer,2,42,10,300,0.0001,50,most_parsimonious,Unweighted k-means,Random 50% immutable,α < 1,0.9855434353752766,98,0,1,True,4.0,4.0,4.637838300624009,11.795556325104817,1.0,0.0,False,11.527399999977206,Optimization terminated successfully
Breast Cancer,2,42,10,300,0.0001,50,most_parsimonious,Unweighted k-means,Random 75% immutable,α = 1,1.0,98,0,1,True,5.0,5.0,2.8222101087517255,9.201429414093864,1.0,0.0,False,49.27289999977802,Optimization terminated successfully
Breast Cancer,2,42,10,300,0.0001,50,most_parsimonious,Unweighted k-means,Random 75% immutable,α < 1,0.9855434353752766,98,0,1,True,5.0,5.0,2.898339903321654,9.324708955224802,1.0000000000000002,2.220446049250313e-16,True,13.562500000261934,Optimization terminated successfully
Breast Cancer,2,42,10,300,0.0001,50,most_parsimonious,Unweighted k-means,All features mutable,α = 1,1.0,200,0,1,True,4.0,4.0,1.344256218365478,6.350408376708095,1.250222227839338,0.250222227839338,True,20.357200000034936,Optimization terminated successfully
Breast Cancer,2,42,10,300,0.0001,50,most_parsimonious,Unweighted k-means,All features mutable,α < 1,0.9855434353752766,200,0,1,True,4.0,4.0,1.3956672978073081,6.470704670607309,1.2269794602366717,0.2269794602366717,True,25.11910000066564,Optimization terminated successfully
Breast Cancer,2,42,10,300,0.0001,50,most_parsimonious,Unweighted k-means,Random 25% immutable,α = 1,1.0,200,0,1,True,3.0,3.0,1.841530152705762,7.432758880871413,1.0,0.0,False,6.378400000357942,Optimization terminated successfully
Breast Cancer,2,42,10,300,0.0001,50,most_parsimonious,Unweighted k-means,Random 25% immutable,α < 1,0.9855434353752766,200,0,1,True,3.0,3.0,1.9150451077618893,7.579667092482142,1.0000000000000002,2.220446049250313e-16,True,11.173999999300577,Optimization terminated successfully
Breast Cancer,2,42,10,300,0.0001,50,most_parsimonious,Unweighted k-means,Random 50% immutable,α = 1,1.0,200,0,1,True,3.0,3.0,1.4517484683387112,6.599428312373832,1.0000000000000002,2.220446049250313e-16,True,14.338099999804399,Optimization terminated successfully
Breast Cancer,2,42,10,300,0.0001,50,most_parsimonious,Unweighted k-means,Random 50% immutable,α < 1,0.9855434353752766,200,0,1,True,3.0,3.0,1.5119963312268125,6.734975125180818,1.0000000000000002,2.220446049250313e-16,True,13.108099999953993,Optimization terminated successfully
Breast Cancer,2,42,10,300,0.0001,50,most_parsimonious,Unweighted k-means,Random 75% immutable,α = 1,1.0,200,0,1,True,4.0,4.0,3.120171896607689,9.674975808663847,1.0,0.0,False,11.640400000032969,Optimization terminated successfully
Breast Cancer,2,42,10,300,0.0001,50,most_parsimonious,Unweighted k-means,Random 75% immutable,α < 1,0.9855434353752766,200,0,1,True,4.0,4.0,3.2481344217106614,9.871374405386508,1.0,0.0,False,39.85090000060154,Optimization terminated successfully
Breast Cancer,2,42,10,300,0.0001,50,most_parsimonious,Unweighted k-means,All features mutable,α = 1,1.0,68,1,0,True,9.0,9.0,1.7403829419051542,7.22575174339353,1.0,0.0,False,115.64790000011271,Optimization terminated successfully
Breast Cancer,2,42,10,300,0.0001,50,most_parsimonious,Unweighted k-means,All features mutable,α < 1,0.9919782558515996,68,1,0,True,9.0,9.0,1.78654608849543,7.320955037074255,1.0,0.0,False,116.76159999933589,Optimization terminated successfully
Breast Cancer,2,42,10,300,0.0001,50,most_parsimonious,Unweighted k-means,Random 25% immutable,α = 1,1.0,68,1,0,True,11.0,11.0,1.6503228587098524,7.036311943148596,1.0,0.0,False,121.87069999981759,Optimization terminated successfully
Breast Cancer,2,42,10,300,0.0001,50,most_parsimonious,Unweighted k-means,Random 25% immutable,α < 1,0.9919782558515996,68,1,0,True,11.0,11.0,1.690531905676976,7.1215136853276695,1.0,0.0,False,99.49599999981729,Optimization terminated successfully
Breast Cancer,2,42,10,300,0.0001,50,most_parsimonious,Unweighted k-means,Random 50% immutable,α = 1,1.0,68,1,0,True,10.0,10.0,1.9087851166433814,7.5672685626520115,1.0000000000000004,4.440892098500626e-16,True,157.00740000011137,Optimization terminated successfully
Breast Cancer,2,42,10,300,0.0001,50,most_parsimonious,Unweighted k-means,Random 50% immutable,α < 1,0.9919782558515996,68,1,0,True,10.0,10.0,1.948147914122726,7.64489616827343,1.0,0.0,False,118.17939999946248,Optimization terminated successfully
Breast Cancer,2,42,10,300,0.0001,50,most_parsimonious,Unweighted k-means,Random 75% immutable,α = 1,1.0,68,1,0,False,,,,,,,False,69.67570000051637,No feasible counterfactual found.
Breast Cancer,2,42,10,300,0.0001,50,most_parsimonious,Unweighted k-means,Random 75% immutable,α < 1,0.9919782558515996,68,1,0,False,,,,,,,False,108.65970000031666,No feasible counterfactual found.
Breast Cancer,2,42,10,300,0.0001,50,most_parsimonious,Unweighted k-means,All features mutable,α = 1,1.0,49,0,1,True,4.0,4.0,1.4477064758724691,6.590234766392929,1.1130232338913792,0.11302323389137925,True,16.01349999964441,Optimization terminated successfully
Breast Cancer,2,42,10,300,0.0001,50,most_parsimonious,Unweighted k-means,All features mutable,α < 1,0.9855434353752766,49,0,1,True,4.0,4.0,1.5010409037048311,6.710531060292094,1.0930706393250074,0.09307063932500736,True,28.58239999932266,Optimization terminated successfully
Breast Cancer,2,42,10,300,0.0001,50,most_parsimonious,Unweighted k-means,Random 25% immutable,α = 1,1.0,49,0,1,True,3.0,3.0,1.5638380192002255,6.849462794701988,1.0303694535289107,0.03036945352891074,True,24.58889999979874,Optimization terminated successfully
Breast Cancer,2,42,10,300,0.0001,50,most_parsimonious,Unweighted k-means,Random 25% immutable,α < 1,0.9855434353752766,49,0,1,True,3.0,3.0,1.6214508069901625,6.974490964199816,1.0118985493948267,0.011898549394826707,True,13.841199999660603,Optimization terminated successfully
Breast Cancer,2,42,10,300,0.0001,50,most_parsimonious,Unweighted k-means,Random 50% immutable,α = 1,1.0,49,0,1,True,3.0,3.0,1.5718287104511224,6.866939734229045,1.0082079269560553,0.008207926956055323,True,8.243899999797577,Optimization terminated successfully
Breast Cancer,2,42,10,300,0.0001,50,most_parsimonious,Unweighted k-means,Random 50% immutable,α < 1,0.9855434353752766,49,0,1,True,3.0,3.0,1.629878304598688,6.992592447580557,1.0000000000000002,2.220446049250313e-16,True,12.210700000650831,Optimization terminated successfully
Breast Cancer,2,42,10,300,0.0001,50,most_parsimonious,Unweighted k-means,Random 75% immutable,α = 1,1.0,49,0,1,True,4.0,4.0,2.757608843587052,9.095507974138199,1.0000000000000004,4.440892098500626e-16,True,13.584400000581809,Optimization terminated successfully
Breast Cancer,2,42,10,300,0.0001,50,most_parsimonious,Unweighted k-means,Random 75% immutable,α < 1,0.9855434353752766,49,0,1,True,4.0,4.0,2.8838307909296277,9.301339888848748,1.0,0.0,False,15.762099999847123,Optimization terminated successfully
Breast Cancer,2,42,10,300,0.0001,50,most_parsimonious,Unweighted k-means,All features mutable,α = 1,1.0,460,1,0,True,5.0,5.0,1.171876165181434,5.929273560516753,1.0,0.0,False,29.588699999294477,Optimization terminated successfully
Breast Cancer,2,42,10,300,0.0001,50,most_parsimonious,Unweighted k-means,All features mutable,α < 1,0.9919782558515996,460,1,0,True,5.0,5.0,1.210125212687284,6.025259860007576,1.0,0.0,False,45.47759999968548,Optimization terminated successfully
Breast Cancer,2,42,10,300,0.0001,50,most_parsimonious,Unweighted k-means,Random 25% immutable,α = 1,1.0,460,1,0,True,5.0,5.0,1.1614367049156842,5.902804515437601,1.0,0.0,False,16.71970000006695,Optimization terminated successfully
Breast Cancer,2,42,10,300,0.0001,50,most_parsimonious,Unweighted k-means,Random 25% immutable,α < 1,0.9919782558515996,460,1,0,True,5.0,5.0,1.225174450554618,6.062609464301534,1.0,0.0,False,58.85589999979857,Optimization terminated successfully
Breast Cancer,2,42,10,300,0.0001,50,most_parsimonious,Unweighted k-means,Random 50% immutable,α = 1,1.0,460,1,0,True,9.0,9.0,0.7850262628093603,4.8529154004866815,1.0,0.0,False,112.21750000004249,Optimization terminated successfully
Breast Cancer,2,42,10,300,0.0001,50,most_parsimonious,Unweighted k-means,Random 50% immutable,α < 1,0.9919782558515996,460,1,0,True,9.0,9.0,0.8028628357753487,4.9077372661197405,1.0,0.0,False,118.8507999995636,Optimization terminated successfully
Breast Cancer,2,42,10,300,0.0001,50,most_parsimonious,Unweighted k-means,Random 75% immutable,α = 1,1.0,460,1,0,True,7.0,7.0,0.969523681285485,5.393116950202781,1.0,0.0,False,91.01120000013907,Optimization terminated successfully
Breast Cancer,2,42,10,300,0.0001,50,most_parsimonious,Unweighted k-means,Random 75% immutable,α < 1,0.9919782558515996,460,1,0,True,7.0,7.0,0.9998603526767413,5.476843121753831,1.0,0.0,False,35.5768999997963,Optimization terminated successfully
