dataset,n_clusters,seed,n_init,max_iter,tol,n_factuals,solution_type,cf_mode,mask_scenario,alpha_case,alpha,factual_idx,source_cluster,target_cluster,feasible,rank_step,changed_features,weighted_squared_distance,euclidean_distance,rho,tau,positive_tau,runtime_ms,solver_message
Wholesale Customers,3,42,10,300,0.0001,50,least_cost,Unweighted k-means,All features mutable,α = 1,1.0,167,1,0,True,,6.0,0.8142957882842982,2.210378865648554,1.0000000000000013,1.3322676295501878e-15,True,2.1394999998847197,Optimization terminated successfully
Wholesale Customers,3,42,10,300,0.0001,50,least_cost,Unweighted k-means,All features mutable,α < 1,0.9753678154238276,167,1,0,True,,6.0,0.8514352213242692,2.260223734046171,1.0,0.0,False,1.8734000000222295,Optimization terminated successfully
Wholesale Customers,3,42,10,300,0.0001,50,least_cost,Unweighted k-means,Random 25% immutable,α = 1,1.0,167,1,0,True,,4.0,2.1828209512689116,3.61896749192549,1.0,0.0,False,1.6153000001395412,Optimization terminated successfully
Wholesale Customers,3,42,10,300,0.0001,50,least_cost,Unweighted k-means,Random 25% immutable,α < 1,0.9753678154238276,167,1,0,True,,4.0,2.2824563636147794,3.70064023943002,1.0000000000000013,1.3322676295501878e-15,True,1.8033000001196342,Optimization terminated successfully
Wholesale Customers,3,42,10,300,0.0001,50,least_cost,Unweighted k-means,Random 50% immutable,α = 1,1.0,167,1,0,True,,3.0,1.2858781614079113,2.777637299657295,4.488312632093488,3.4883126320934883,True,1.778199999989738,Optimization terminated successfully
Wholesale Customers,3,42,10,300,0.0001,50,least_cost,Unweighted k-means,Random 50% immutable,α < 1,0.9753678154238276,167,1,0,True,,3.0,1.3445194242209446,2.840266984867033,4.389342519130179,3.389342519130179,True,1.6946000000643835,Optimization terminated successfully
Wholesale Customers,3,42,10,300,0.0001,50,least_cost,Unweighted k-means,Random 75% immutable,α = 1,1.0,167,1,0,False,,,,,,,False,1.0228000001006876,Positive directional derivative for linesearch
Wholesale Customers,3,42,10,300,0.0001,50,least_cost,Unweighted k-means,Random 75% immutable,α < 1,0.9753678154238276,167,1,0,False,,,,,,,False,2.5052000000869157,Positive directional derivative for linesearch
Wholesale Customers,3,42,10,300,0.0001,50,least_cost,Unweighted k-means,All features mutable,α = 1,1.0,208,1,2,True,,6.0,8.76844287251173,7.2533204282638994,2.439226407312948,1.439226407312948,True,2.2074000000884553,Optimization terminated successfully
Wholesale Customers,3,42,10,300,0.0001,50,least_cost,Unweighted k-means,All features mutable,α < 1,0.5479334203435323,208,1,2,True,,6.0,17.86934433826957,10.354519111461306,1.708673259676262,0.7086732596762619,True,1.8552000001363922,Optimization terminated successfully
Wholesale Customers,3,42,10,300,0.0001,50,least_cost,Unweighted k-means,Random 25% immutable,α = 1,1.0,208,1,2,True,,4.0,15.999319372148438,9.79775057004875,1.330648754011875,0.330648754011875,True,2.2827000000233966,Optimization terminated successfully
Wholesale Customers,3,42,10,300,0.0001,50,least_cost,Unweighted k-means,Random 25% immutable,α < 1,0.5479334203435323,208,1,2,True,,4.0,39.35424128412325,15.366373928313067,1.0,0.0,False,1.6433999999208027,Optimization terminated successfully
Wholesale Customers,3,42,10,300,0.0001,50,least_cost,Unweighted k-means,Random 50% immutable,α = 1,1.0,208,1,2,True,,3.0,8.993284933033474,7.34572730219417,2.378243057119575,1.3782430571195752,True,1.5319999999974243,Optimization terminated successfully
Wholesale Customers,3,42,10,300,0.0001,50,least_cost,Unweighted k-means,Random 50% immutable,α < 1,0.5479334203435323,208,1,2,True,,3.0,18.327553425060316,10.486435073482403,1.6659545280967207,0.6659545280967207,True,1.7358000000058382,Optimization terminated successfully
Wholesale Customers,3,42,10,300,0.0001,50,least_cost,Unweighted k-means,Random 75% immutable,α = 1,1.0,208,1,2,True,,2.0,18.3548176330973,10.494232025192877,1.6179565312302053,0.6179565312302053,True,1.4624999998886778,Optimization terminated successfully
Wholesale Customers,3,42,10,300,0.0001,50,least_cost,Unweighted k-means,Random 75% immutable,α < 1,0.5479334203435323,208,1,2,True,,2.0,38.30910199436921,15.16095682884874,1.1199300620898522,0.11993006208985224,True,1.3745000001108565,Optimization terminated successfully
Wholesale Customers,3,42,10,300,0.0001,50,least_cost,Unweighted k-means,All features mutable,α = 1,1.0,184,1,2,True,,6.0,10.1556539854517,7.806018441735211,1.0,0.0,False,2.0759999999881984,Optimization terminated successfully
Wholesale Customers,3,42,10,300,0.0001,50,least_cost,Unweighted k-means,All features mutable,α < 1,0.5479334203435323,184,1,2,True,,6.0,19.82874628702164,10.907450560150611,1.000000000000003,3.1086244689504383e-15,True,2.411100000017541,Optimization terminated successfully
Wholesale Customers,3,42,10,300,0.0001,50,least_cost,Unweighted k-means,Random 25% immutable,α = 1,1.0,184,1,2,True,,4.0,20.46639049836107,11.081441376922337,1.000000000000011,1.1102230246251565e-14,True,1.7212000000199623,Optimization terminated successfully
Wholesale Customers,3,42,10,300,0.0001,50,least_cost,Unweighted k-means,Random 25% immutable,α < 1,0.5479334203435323,184,1,2,True,,4.0,40.839624946044864,15.65368166522717,1.0,0.0,False,1.6917999998895539,Optimization terminated successfully
Wholesale Customers,3,42,10,300,0.0001,50,least_cost,Unweighted k-means,Random 50% immutable,α = 1,1.0,184,1,2,True,,3.0,22.96258945618289,11.737782445466323,1.0000000000000064,6.439293542825908e-15,True,1.470100000005914,Optimization terminated successfully
Wholesale Customers,3,42,10,300,0.0001,50,least_cost,Unweighted k-means,Random 50% immutable,α < 1,0.5479334203435323,184,1,2,True,,3.0,44.83504289450938,16.40153216522945,1.0,0.0,False,1.4645999999629566,Optimization terminated successfully
Wholesale Customers,3,42,10,300,0.0001,50,least_cost,Unweighted k-means,Random 75% immutable,α = 1,1.0,184,1,2,True,,2.0,21.46141338982719,11.347620029722671,1.0,0.0,False,1.3602999999875465,Optimization terminated successfully
Wholesale Customers,3,42,10,300,0.0001,50,least_cost,Unweighted k-means,Random 75% immutable,α < 1,0.5479334203435323,184,1,2,False,,,,,,,False,15.048799999931362,Positive directional derivative for linesearch
Wholesale Customers,3,42,10,300,0.0001,50,least_cost,Unweighted k-means,All features mutable,α = 1,1.0,34,1,0,True,,6.0,1.0557937626762661,2.5168954241401447,1.0,0.0,False,1.9640999998955522,Optimization terminated successfully
Wholesale Customers,3,42,10,300,0.0001,50,least_cost,Unweighted k-means,All features mutable,α < 1,0.9753678154238276,34,1,0,True,,6.0,1.0980297103718681,2.5667446819329753,1.0,0.0,False,1.7725000000154978,Optimization terminated successfully
Wholesale Customers,3,42,10,300,0.0001,50,least_cost,Unweighted k-means,Random 25% immutable,α = 1,1.0,34,1,0,True,,4.0,1.6641551076927188,3.1598940878067907,1.0,0.0,False,1.8731000000116182,Optimization terminated successfully
Wholesale Customers,3,42,10,300,0.0001,50,least_cost,Unweighted k-means,Random 25% immutable,α < 1,0.9753678154238276,34,1,0,True,,4.0,1.730754096790102,3.222502844178824,1.0000000000000027,2.6645352591003757e-15,True,1.7241000000467466,Optimization terminated successfully
Wholesale Customers,3,42,10,300,0.0001,50,least_cost,Unweighted k-means,Random 50% immutable,α = 1,1.0,34,1,0,True,,3.0,2.9014835319101655,4.172397535166202,1.0,0.0,False,1.4908000000559696,Optimization terminated successfully
Wholesale Customers,3,42,10,300,0.0001,50,least_cost,Unweighted k-means,Random 50% immutable,α < 1,0.9753678154238276,34,1,0,True,,3.0,3.0177156168646624,4.255149080959207,1.0,0.0,False,1.4951000000564818,Optimization terminated successfully
Wholesale Customers,3,42,10,300,0.0001,50,least_cost,Unweighted k-means,Random 75% immutable,α = 1,1.0,34,1,0,True,,2.0,4.0198372623808245,4.91111225429484,1.0,0.0,False,1.5246000000388449,Optimization terminated successfully
Wholesale Customers,3,42,10,300,0.0001,50,least_cost,Unweighted k-means,Random 75% immutable,α < 1,0.9753678154238276,34,1,0,True,,2.0,4.18077423388658,5.008457387591461,1.0000000000000013,1.3322676295501878e-15,True,1.3933000000179163,Optimization terminated successfully
Wholesale Customers,3,42,10,300,0.0001,50,least_cost,Unweighted k-means,All features mutable,α = 1,1.0,342,1,0,True,,6.0,0.3584106274203824,1.4664459637239602,1.0,0.0,False,1.8500000001040462,Optimization terminated successfully
Wholesale Customers,3,42,10,300,0.0001,50,least_cost,Unweighted k-means,All features mutable,α < 1,0.9753678154238276,342,1,0,True,,6.0,0.38319713866877825,1.5163056525689897,1.0000000000000056,5.551115123125783e-15,True,1.8093999999564403,Optimization terminated successfully
Wholesale Customers,3,42,10,300,0.0001,50,least_cost,Unweighted k-means,Random 25% immutable,α = 1,1.0,342,1,0,True,,4.0,1.317428160229106,2.8115065287803684,1.0,0.0,False,1.5985000000000582,Optimization terminated successfully
Wholesale Customers,3,42,10,300,0.0001,50,least_cost,Unweighted k-means,Random 25% immutable,α < 1,0.9753678154238276,342,1,0,True,,4.0,1.4086597287886506,2.9072252015851654,1.0,0.0,False,1.5989999999419524,Optimization terminated successfully
Wholesale Customers,3,42,10,300,0.0001,50,least_cost,Unweighted k-means,Random 50% immutable,α = 1,1.0,342,1,0,True,,3.0,0.4921479467074484,1.7183968343327132,1.0,0.0,False,1.5039999998407438,Optimization terminated successfully
Wholesale Customers,3,42,10,300,0.0001,50,least_cost,Unweighted k-means,Random 50% immutable,α < 1,0.9753678154238276,342,1,0,True,,3.0,0.5261835170050579,1.7768233176178063,1.0,0.0,False,1.5057999999044114,Optimization terminated successfully
Wholesale Customers,3,42,10,300,0.0001,50,least_cost,Unweighted k-means,Random 75% immutable,α = 1,1.0,342,1,0,True,,2.0,1.366134270585727,2.8630063959960625,1.000000000000011,1.1102230246251565e-14,True,1.5499999999519787,Optimization terminated successfully
Wholesale Customers,3,42,10,300,0.0001,50,least_cost,Unweighted k-means,Random 75% immutable,α < 1,0.9753678154238276,342,1,0,True,,2.0,1.4606245635188242,2.9603627110732473,1.000000000000011,1.1102230246251565e-14,True,1.3834999999744468,Optimization terminated successfully
Wholesale Customers,3,42,10,300,0.0001,50,least_cost,Unweighted k-means,All features mutable,α = 1,1.0,423,1,2,True,,6.0,8.738805492269902,7.2410519231406845,2.4764837485275777,1.4764837485275777,True,1.795899999933681,Optimization terminated successfully
Wholesale Customers,3,42,10,300,0.0001,50,least_cost,Unweighted k-means,All features mutable,α < 1,0.5479334203435323,423,1,2,True,,6.0,17.827024600715774,10.342250606337803,1.7338922089103428,0.7338922089103428,True,1.7427000000225235,Optimization terminated successfully
Wholesale Customers,3,42,10,300,0.0001,50,least_cost,Unweighted k-means,Random 25% immutable,α = 1,1.0,423,1,2,True,,4.0,8.893450393384867,7.3048410222474525,2.43342113373441,1.4334211337344098,True,1.539699999966615,Optimization terminated successfully
Wholesale Customers,3,42,10,300,0.0001,50,least_cost,Unweighted k-means,Random 25% immutable,α < 1,0.5479334203435323,423,1,2,True,,4.0,18.142497746215653,10.433359309316149,1.7037421774499564,0.7037421774499564,True,1.5491999999994732,Optimization terminated successfully
Wholesale Customers,3,42,10,300,0.0001,50,least_cost,Unweighted k-means,Random 50% immutable,α = 1,1.0,423,1,2,True,,3.0,15.671209061219404,9.696765149642246,1.3809726009821155,0.3809726009821155,True,1.5425000001414446,Optimization terminated successfully
Wholesale Customers,3,42,10,300,0.0001,50,least_cost,Unweighted k-means,Random 50% immutable,α < 1,0.5479334203435323,423,1,2,True,,3.0,32.16526636704607,13.892141598842004,1.000000000000007,7.105427357601002e-15,True,1.5854999999191932,Optimization terminated successfully
Wholesale Customers,3,42,10,300,0.0001,50,least_cost,Unweighted k-means,Random 75% immutable,α = 1,1.0,423,1,2,False,,,,,,,False,9.603700000070603,Positive directional derivative for linesearch
Wholesale Customers,3,42,10,300,0.0001,50,least_cost,Unweighted k-means,Random 75% immutable,α < 1,0.5479334203435323,423,1,2,False,,,,,,,False,2.0308999999087973,Positive directional derivative for linesearch
Wholesale Customers,3,42,10,300,0.0001,50,least_cost,Unweighted k-means,All features mutable,α = 1,1.0,267,1,0,True,,6.0,1.0298469375087378,2.4857758597774713,5.610871469991271,4.610871469991271,True,1.9821000000774802,Optimization terminated successfully
Wholesale Customers,3,42,10,300,0.0001,50,least_cost,Unweighted k-means,All features mutable,α < 1,0.9753678154238276,267,1,0,True,,6.0,1.0715571583733512,2.5356149057457658,5.500586309829955,4.500586309829955,True,1.923300000044037,Optimization terminated successfully
Wholesale Customers,3,42,10,300,0.0001,50,least_cost,Unweighted k-means,Random 25% immutable,α = 1,1.0,267,1,0,True,,4.0,1.3974650293642377,2.8956502164773674,4.134871835205869,3.1348718352058693,True,1.6040000000430155,Optimization terminated successfully
Wholesale Customers,3,42,10,300,0.0001,50,least_cost,Unweighted k-means,Random 25% immutable,α < 1,0.9753678154238276,267,1,0,True,,4.0,1.4540642898003124,2.9537071179793495,4.053598363169646,3.0535983631696464,True,1.5934000000470405,Optimization terminated successfully
Wholesale Customers,3,42,10,300,0.0001,50,least_cost,Unweighted k-means,Random 50% immutable,α = 1,1.0,267,1,0,True,,3.0,1.4154251451615814,2.914198152317287,4.082405097318364,3.0824050973183637,True,1.4925000000403088,Optimization terminated successfully
Wholesale Customers,3,42,10,300,0.0001,50,least_cost,Unweighted k-means,Random 50% immutable,α < 1,0.9753678154238276,267,1,0,True,,3.0,1.472751815049861,2.972626934261877,4.002162878906778,3.002162878906778,True,1.5131000000110362,Optimization terminated successfully
Wholesale Customers,3,42,10,300,0.0001,50,least_cost,Unweighted k-means,Random 75% immutable,α = 1,1.0,267,1,0,True,,2.0,2.8345988773974935,4.124026341378649,2.3074525650570465,1.3074525650570465,True,1.3950000000022555,Optimization terminated successfully
Wholesale Customers,3,42,10,300,0.0001,50,least_cost,Unweighted k-means,Random 75% immutable,α < 1,0.9753678154238276,267,1,0,True,,2.0,2.949404040118894,4.206711808611729,2.262098192537332,1.2620981925373318,True,1.450299999987692,Optimization terminated successfully
Wholesale Customers,3,42,10,300,0.0001,50,least_cost,Unweighted k-means,All features mutable,α = 1,1.0,432,1,2,True,,6.0,9.29187179767288,7.466674680608315,2.4333734158502223,1.4333734158502223,True,1.7674999999144347,Optimization terminated successfully
Wholesale Customers,3,42,10,300,0.0001,50,least_cost,Unweighted k-means,All features mutable,α < 1,0.5479334203435323,432,1,2,True,,6.0,18.61332457223856,10.567873363805575,1.7192869685465249,0.7192869685465249,True,1.792200000181765,Optimization terminated successfully
Wholesale Customers,3,42,10,300,0.0001,50,least_cost,Unweighted k-means,Random 25% immutable,α = 1,1.0,432,1,2,True,,4.0,17.93378965805835,10.37317395729726,1.0,0.0,False,2.2549999998773274,Optimization terminated successfully
Wholesale Customers,3,42,10,300,0.0001,50,least_cost,Unweighted k-means,Random 25% immutable,α < 1,0.5479334203435323,432,1,2,True,,4.0,36.63995329597505,14.82699294448643,1.0,0.0,False,1.9500999999308988,Optimization terminated successfully
Wholesale Customers,3,42,10,300,0.0001,50,least_cost,Unweighted k-means,Random 50% immutable,α = 1,1.0,432,1,2,True,,3.0,19.321549654001174,10.76704685250357,1.1702267067140226,0.17022670671402262,True,1.630800000157251,Optimization terminated successfully
Wholesale Customers,3,42,10,300,0.0001,50,least_cost,Unweighted k-means,Random 50% immutable,α < 1,0.5479334203435323,432,1,2,False,,,,,,,False,1.162499999963984,Positive directional derivative for linesearch
Wholesale Customers,3,42,10,300,0.0001,50,least_cost,Unweighted k-means,Random 75% immutable,α = 1,1.0,432,1,2,False,,,,,,,False,1.8975000000409636,Positive directional derivative for linesearch
Wholesale Customers,3,42,10,300,0.0001,50,least_cost,Unweighted k-means,Random 75% immutable,α < 1,0.5479334203435323,432,1,2,False,,,,,,,False,1.892200000156663,Positive directional derivative for linesearch
Wholesale Customers,3,42,10,300,0.0001,50,least_cost,Unweighted k-means,All features mutable,α = 1,1.0,118,1,2,True,,6.0,7.3166592114396085,6.6257041337987355,1.0,0.0,False,1.8538999997872452,Optimization terminated successfully
Wholesale Customers,3,42,10,300,0.0001,50,least_cost,Unweighted k-means,All features mutable,α < 1,0.5479334203435323,118,1,2,True,,6.0,15.769242591871599,9.727047627683827,1.0,0.0,False,1.8447999998443265,Optimization terminated successfully
Wholesale Customers,3,42,10,300,0.0001,50,least_cost,Unweighted k-means,Random 25% immutable,α = 1,1.0,118,1,2,True,,4.0,7.909748115376203,6.8890121710051595,1.0000000000000027,2.6645352591003757e-15,True,2.187000000049011,Optimization terminated successfully
Wholesale Customers,3,42,10,300,0.0001,50,least_cost,Unweighted k-means,Random 25% immutable,α < 1,0.5479334203435323,118,1,2,True,,4.0,17.047613060883908,10.11363823583301,1.000000000000005,5.10702591327572e-15,True,1.6207999999551248,Optimization terminated successfully
Wholesale Customers,3,42,10,300,0.0001,50,least_cost,Unweighted k-means,Random 50% immutable,α = 1,1.0,118,1,2,True,,3.0,14.487094645987469,9.323227331558789,1.8861798969145922,0.8861798969145922,True,1.5994999998838466,Optimization terminated successfully
Wholesale Customers,3,42,10,300,0.0001,50,least_cost,Unweighted k-means,Random 50% immutable,α < 1,0.5479334203435323,118,1,2,True,,3.0,31.948521079799306,13.84525646128651,1.0001864980018353,0.0001864980018353446,True,2.3599000001013337,Optimization terminated successfully
Wholesale Customers,3,42,10,300,0.0001,50,least_cost,Unweighted k-means,Random 75% immutable,α = 1,1.0,118,1,2,False,,,,,,,False,1.1527999999998428,Positive directional derivative for linesearch
Wholesale Customers,3,42,10,300,0.0001,50,least_cost,Unweighted k-means,Random 75% immutable,α < 1,0.5479334203435323,118,1,2,False,,,,,,,False,5.628199999819117,Positive directional derivative for linesearch
Wholesale Customers,3,42,10,300,0.0001,50,least_cost,Unweighted k-means,All features mutable,α = 1,1.0,194,1,2,True,,6.0,9.076988436616801,7.379832695915322,1.0,0.0,False,1.8582999998670857,Optimization terminated successfully
Wholesale Customers,3,42,10,300,0.0001,50,least_cost,Unweighted k-means,All features mutable,α < 1,0.5479334203435323,194,1,2,True,,6.0,18.309410080389135,10.48124326987666,1.0,0.0,False,2.09099999983664,Optimization terminated successfully
Wholesale Customers,3,42,10,300,0.0001,50,least_cost,Unweighted k-means,Random 25% immutable,α = 1,1.0,194,1,2,True,,4.0,18.13058667120056,10.429933845773107,1.000000000000003,3.1086244689504383e-15,True,1.6292000000248663,Optimization terminated successfully
Wholesale Customers,3,42,10,300,0.0001,50,least_cost,Unweighted k-means,Random 25% immutable,α < 1,0.5479334203435323,194,1,2,True,,4.0,37.40812164628226,14.981613059937622,1.0,0.0,False,1.7150999999557826,Optimization terminated successfully
Wholesale Customers,3,42,10,300,0.0001,50,least_cost,Unweighted k-means,Random 50% immutable,α = 1,1.0,194,1,2,True,,3.0,20.523416227929868,11.096868809154193,1.0000000000000135,1.354472090042691e-14,True,1.6817000000628468,Optimization terminated successfully
Wholesale Customers,3,42,10,300,0.0001,50,least_cost,Unweighted k-means,Random 50% immutable,α < 1,0.5479334203435323,194,1,2,True,,3.0,41.39944079492276,15.760604200649688,1.000000000000015,1.509903313490213e-14,True,1.5399999999772263,Optimization terminated successfully
Wholesale Customers,3,42,10,300,0.0001,50,least_cost,Unweighted k-means,Random 75% immutable,α = 1,1.0,194,1,2,False,,,,,,,False,1.9829000000299857,Positive directional derivative for linesearch
Wholesale Customers,3,42,10,300,0.0001,50,least_cost,Unweighted k-means,Random 75% immutable,α < 1,0.5479334203435323,194,1,2,False,,,,,,,False,5.688700000064273,Positive directional derivative for linesearch
Wholesale Customers,3,42,10,300,0.0001,50,least_cost,Unweighted k-means,All features mutable,α = 1,1.0,153,1,2,True,,6.0,8.221308079826349,7.023378708211461,1.0,0.0,False,2.3002000000360567,Optimization terminated successfully
Wholesale Customers,3,42,10,300,0.0001,50,least_cost,Unweighted k-means,All features mutable,α < 1,0.5479334203435323,153,1,2,True,,6.0,17.08530586764529,10.124812847943005,1.0,0.0,False,1.8829999999070424,Optimization terminated successfully
Wholesale Customers,3,42,10,300,0.0001,50,least_cost,Unweighted k-means,Random 25% immutable,α = 1,1.0,153,1,2,True,,4.0,17.893617799852723,10.361549440074894,1.0,0.0,False,1.8133000000943866,Optimization terminated successfully
Wholesale Customers,3,42,10,300,0.0001,50,least_cost,Unweighted k-means,Random 25% immutable,α < 1,0.5479334203435323,153,1,2,True,,4.0,37.187193495454395,14.937307688225692,1.0000000000000107,1.0658141036401503e-14,True,1.6330000000834843,Optimization terminated successfully
Wholesale Customers,3,42,10,300,0.0001,50,least_cost,Unweighted k-means,Random 50% immutable,α = 1,1.0,153,1,2,False,,,,,,,False,2.0228000000770407,Positive directional derivative for linesearch
Wholesale Customers,3,42,10,300,0.0001,50,least_cost,Unweighted k-means,Random 50% immutable,α < 1,0.5479334203435323,153,1,2,False,,,,,,,False,2.407599999969534,Positive directional derivative for linesearch
Wholesale Customers,3,42,10,300,0.0001,50,least_cost,Unweighted k-means,Random 75% immutable,α = 1,1.0,153,1,2,True,,2.0,9.057692412002886,7.371984432431835,2.3282861634536363,1.3282861634536363,True,1.5566999998100073,Optimization terminated successfully
Wholesale Customers,3,42,10,300,0.0001,50,least_cost,Unweighted k-means,Random 75% immutable,α < 1,0.5479334203435323,153,1,2,True,,2.0,18.822753994000628,10.627159731744122,1.6151153904737112,0.6151153904737112,True,1.5221000001020002,Optimization terminated successfully
Wholesale Customers,3,42,10,300,0.0001,50,least_cost,Unweighted k-means,All features mutable,α = 1,1.0,297,1,0,True,,6.0,0.5066238373569649,1.7434858829774877,4.422854692102882,3.4228546921028817,True,2.1016999999119435,Optimization terminated successfully
Wholesale Customers,3,42,10,300,0.0001,50,least_cost,Unweighted k-means,All features mutable,α < 1,0.9753678154238276,297,1,0,True,,6.0,0.5360023834630664,1.793324928945783,4.299937278912551,3.2999372789125507,True,1.9188999999641965,Optimization terminated successfully
Wholesale Customers,3,42,10,300,0.0001,50,least_cost,Unweighted k-means,Random 25% immutable,α = 1,1.0,297,1,0,True,,4.0,1.8529261439616493,3.33430005604923,1.209289151625568,0.20928915162556794,True,1.8009999998866988,Optimization terminated successfully
Wholesale Customers,3,42,10,300,0.0001,50,least_cost,Unweighted k-means,Random 25% immutable,α < 1,0.9753678154238276,297,1,0,True,,4.0,1.9603752455190673,3.429613895632335,1.1756813409199895,0.17568134091998955,True,1.7211000001680077,Optimization terminated successfully
Wholesale Customers,3,42,10,300,0.0001,50,least_cost,Unweighted k-means,Random 50% immutable,α = 1,1.0,297,1,0,True,,3.0,1.352320777491482,2.8484951579647966,1.6569464915982062,0.6569464915982062,True,1.9219999999222637,Optimization terminated successfully
Wholesale Customers,3,42,10,300,0.0001,50,least_cost,Unweighted k-means,Random 50% immutable,α < 1,0.9753678154238276,297,1,0,True,,3.0,1.4307403372955307,2.9299218460179417,1.610897944339896,0.6108979443398961,True,1.559999999926731,Optimization terminated successfully
Wholesale Customers,3,42,10,300,0.0001,50,least_cost,Unweighted k-means,Random 75% immutable,α = 1,1.0,297,1,0,True,,2.0,0.6972702555641825,2.045390313212883,5.381108319098027,4.381108319098027,True,1.464300000179719,Optimization terminated successfully
Wholesale Customers,3,42,10,300,0.0001,50,least_cost,Unweighted k-means,Random 75% immutable,α < 1,0.9753678154238276,297,1,0,True,,2.0,0.7377041728831397,2.10385955740844,5.231559675168201,4.231559675168201,True,1.4137999999093154,Optimization terminated successfully
Wholesale Customers,3,42,10,300,0.0001,50,least_cost,Unweighted k-means,All features mutable,α = 1,1.0,171,0,1,True,,6.0,0.376414368356982,1.5028260744816386,2.0302387080790543,1.0302387080790543,True,1.8478000001778128,Optimization terminated successfully
Wholesale Customers,3,42,10,300,0.0001,50,least_cost,Unweighted k-means,All features mutable,α < 1,0.9809177391988542,171,0,1,True,,6.0,0.396004049828159,1.5414357913870282,1.9793855063277697,0.9793855063277697,True,2.4436000001060165,Optimization terminated successfully
Wholesale Customers,3,42,10,300,0.0001,50,least_cost,Unweighted k-means,Random 25% immutable,α = 1,1.0,171,0,1,True,,4.0,1.6169919890538607,3.1147956488866435,1.0000000000000013,1.3322676295501878e-15,True,2.086499999904845,Optimization terminated successfully
Wholesale Customers,3,42,10,300,0.0001,50,least_cost,Unweighted k-means,Random 25% immutable,α < 1,0.9809177391988542,171,0,1,True,,4.0,1.9348220560520648,3.4071883329678725,1.0000000000000044,4.440892098500626e-15,True,1.9194000001334643,Optimization terminated successfully
Wholesale Customers,3,42,10,300,0.0001,50,least_cost,Unweighted k-means,Random 50% immutable,α = 1,1.0,171,0,1,True,,3.0,1.4229919992369604,2.921977411860291,1.2036844817472445,0.20368448174724452,True,1.5161999999691034,Optimization terminated successfully
Wholesale Customers,3,42,10,300,0.0001,50,least_cost,Unweighted k-means,Random 50% immutable,α < 1,0.9809177391988542,171,0,1,True,,3.0,1.4970485771586892,2.997047123912491,1.1735347210234444,0.17353472102344436,True,1.6243000000031316,Optimization terminated successfully
Wholesale Customers,3,42,10,300,0.0001,50,least_cost,Unweighted k-means,Random 75% immutable,α = 1,1.0,171,0,1,True,,2.0,0.5180619691950508,1.763057518962528,1.475134378091942,0.4751343780919419,True,1.3940000001184671,Optimization terminated successfully
Wholesale Customers,3,42,10,300,0.0001,50,least_cost,Unweighted k-means,Random 75% immutable,α < 1,0.9809177391988542,171,0,1,True,,2.0,0.5450233973763385,1.8083529479219569,1.4381853858028957,0.4381853858028957,True,1.583600000003571,Optimization terminated successfully
Wholesale Customers,3,42,10,300,0.0001,50,least_cost,Unweighted k-means,All features mutable,α = 1,1.0,29,1,2,True,,6.0,8.149213092017035,6.992515895734683,2.302797082366258,1.3027970823662578,True,1.9350999998550833,Optimization terminated successfully
Wholesale Customers,3,42,10,300,0.0001,50,least_cost,Unweighted k-means,All features mutable,α < 1,0.5479334203435323,29,1,2,True,,6.0,16.980512333491035,10.09371457893209,1.5952772524846635,0.5952772524846635,True,1.816899999994348,Optimization terminated successfully
Wholesale Customers,3,42,10,300,0.0001,50,least_cost,Unweighted k-means,Random 25% immutable,α = 1,1.0,29,1,2,True,,4.0,8.901836422857066,7.308284240308555,2.108103755937659,1.108103755937659,True,1.7391999999745167,Optimization terminated successfully
Wholesale Customers,3,42,10,300,0.0001,50,least_cost,Unweighted k-means,Random 25% immutable,α < 1,0.5479334203435323,29,1,2,True,,4.0,18.548753292157215,10.549526991905529,1.4604093830092881,0.46040938300928813,True,2.019999999902211,Optimization terminated successfully
Wholesale Customers,3,42,10,300,0.0001,50,least_cost,Unweighted k-means,Random 50% immutable,α = 1,1.0,29,1,2,True,,3.0,8.976480614626295,7.338861198289403,2.0905756294226516,1.0905756294226516,True,1.7075000000659202,Optimization terminated successfully
Wholesale Customers,3,42,10,300,0.0001,50,least_cost,Unweighted k-means,Random 50% immutable,α < 1,0.5479334203435323,29,1,2,True,,3.0,18.704289367192157,10.59366490895162,1.4482597976209899,0.4482597976209899,True,1.802499999939755,Optimization terminated successfully
Wholesale Customers,3,42,10,300,0.0001,50,least_cost,Unweighted k-means,Random 75% immutable,α = 1,1.0,29,1,2,False,,,,,,,False,1.129199999923003,Positive directional derivative for linesearch
Wholesale Customers,3,42,10,300,0.0001,50,least_cost,Unweighted k-means,Random 75% immutable,α < 1,0.5479334203435323,29,1,2,False,,,,,,,False,3.638300000147865,Positive directional derivative for linesearch
Wholesale Customers,3,42,10,300,0.0001,50,least_cost,Unweighted k-means,All features mutable,α = 1,1.0,319,0,2,True,,6.0,7.798935252632503,6.840585612050698,1.943109866909241,0.943109866909241,True,1.8998000000465254,Optimization terminated successfully
Wholesale Customers,3,42,10,300,0.0001,50,least_cost,Unweighted k-means,All features mutable,α < 1,0.5479334203435323,319,0,2,True,,6.0,16.287322094036135,9.885541591851041,1.344590805857497,0.3445908058574969,True,1.998100000037084,Optimization terminated successfully
Wholesale Customers,3,42,10,300,0.0001,50,least_cost,Unweighted k-means,Random 25% immutable,α = 1,1.0,319,0,2,True,,4.0,8.214831495121924,7.02061172339929,2.401410530395086,1.401410530395086,True,2.1469999999226275,Optimization terminated successfully
Wholesale Customers,3,42,10,300,0.0001,50,least_cost,Unweighted k-means,Random 25% immutable,α < 1,0.5479334203435323,319,0,2,True,,4.0,17.155881178026497,10.145702886846182,1.6617252776398956,0.6617252776398956,True,2.248799999961193,Optimization terminated successfully
Wholesale Customers,3,42,10,300,0.0001,50,least_cost,Unweighted k-means,Random 50% immutable,α = 1,1.0,319,0,2,True,,3.0,17.96210677722516,10.381360251111168,1.2829338723422097,0.2829338723422097,True,1.7065000001821318,Optimization terminated successfully
Wholesale Customers,3,42,10,300,0.0001,50,least_cost,Unweighted k-means,Random 50% immutable,α < 1,0.5479334203435323,319,0,2,True,,3.0,37.52150750182004,15.004300883777299,1.000000000000016,1.5987211554602254e-14,True,1.5337999998337182,Optimization terminated successfully
Wholesale Customers,3,42,10,300,0.0001,50,least_cost,Unweighted k-means,Random 75% immutable,α = 1,1.0,319,0,2,True,,2.0,18.31882696470074,10.483938276630804,1.5914057250451195,0.5914057250451195,True,1.4154000000417,Optimization terminated successfully
Wholesale Customers,3,42,10,300,0.0001,50,least_cost,Unweighted k-means,Random 75% immutable,α < 1,0.5479334203435323,319,0,2,True,,2.0,38.25709862872536,15.15066308028636,1.101219085248311,0.10121908524831102,True,1.5209999999115098,Optimization terminated successfully
Wholesale Customers,3,42,10,300,0.0001,50,least_cost,Unweighted k-means,All features mutable,α = 1,1.0,211,0,2,True,,6.0,6.939709719905505,6.4527713673609295,2.519547358492068,1.5195473584920678,True,1.80129999989731,Optimization terminated successfully
Wholesale Customers,3,42,10,300,0.0001,50,least_cost,Unweighted k-means,All features mutable,α < 1,0.5479334203435323,211,0,2,True,,6.0,15.034470793502846,9.497727347161376,1.7117846023395735,0.7117846023395735,True,1.9079999999576103,Optimization terminated successfully
Wholesale Customers,3,42,10,300,0.0001,50,least_cost,Unweighted k-means,Random 25% immutable,α = 1,1.0,211,0,2,True,,4.0,14.433001768175155,9.305805210139042,1.5494967912942954,0.5494967912942954,True,1.8480999999610503,Optimization terminated successfully
Wholesale Customers,3,42,10,300,0.0001,50,least_cost,Unweighted k-means,Random 25% immutable,α < 1,0.5479334203435323,211,0,2,True,,4.0,31.268244970504874,13.697060627121035,1.052730640232608,0.052730640232607984,True,1.7291999999997643,Optimization terminated successfully
Wholesale Customers,3,42,10,300,0.0001,50,least_cost,Unweighted k-means,Random 50% immutable,α = 1,1.0,211,0,2,True,,3.0,7.375470005682604,6.652279311190686,2.3706865616623816,1.3706865616623816,True,1.49280000005092,Optimization terminated successfully
Wholesale Customers,3,42,10,300,0.0001,50,least_cost,Unweighted k-means,Random 50% immutable,α < 1,0.5479334203435323,211,0,2,True,,3.0,15.978519688039867,9.79137978674299,1.6106482524152756,0.6106482524152756,True,1.527000000123735,Optimization terminated successfully
Wholesale Customers,3,42,10,300,0.0001,50,least_cost,Unweighted k-means,Random 75% immutable,α = 1,1.0,211,0,2,False,,,,,,,False,1.0199000000739034,Positive directional derivative for linesearch
Wholesale Customers,3,42,10,300,0.0001,50,least_cost,Unweighted k-means,Random 75% immutable,α < 1,0.5479334203435323,211,0,2,False,,,,,,,False,24.54319999992549,Positive directional derivative for linesearch
Wholesale Customers,3,42,10,300,0.0001,50,least_cost,Unweighted k-means,All features mutable,α = 1,1.0,205,0,2,True,,6.0,8.885388775090718,7.301529473373666,1.365685459285376,0.365685459285376,True,1.9229000001814711,Optimization terminated successfully
Wholesale Customers,3,42,10,300,0.0001,50,least_cost,Unweighted k-means,All features mutable,α < 1,0.5479334203435323,205,0,2,True,,6.0,17.914274463134397,10.36752847976828,1.1866715318597305,0.1866715318597305,True,1.995000000079017,Optimization terminated successfully
Wholesale Customers,3,42,10,300,0.0001,50,least_cost,Unweighted k-means,Random 25% immutable,α = 1,1.0,205,0,2,True,,4.0,15.96148787152012,9.786159983830261,1.071914446872181,0.07191444687218107,True,1.7202999999881285,Optimization terminated successfully
Wholesale Customers,3,42,10,300,0.0001,50,least_cost,Unweighted k-means,Random 25% immutable,α < 1,0.5479334203435323,205,0,2,False,,,,,,,False,12.286200000062308,Positive directional derivative for linesearch
Wholesale Customers,3,42,10,300,0.0001,50,least_cost,Unweighted k-means,Random 50% immutable,α = 1,1.0,205,0,2,True,,3.0,16.46550731963653,9.939468995767287,1.2825248630853272,0.2825248630853272,True,1.5327999999499298,Optimization terminated successfully
Wholesale Customers,3,42,10,300,0.0001,50,least_cost,Unweighted k-means,Random 50% immutable,α < 1,0.5479334203435323,205,0,2,True,,3.0,37.6829620956248,15.036547894172678,1.0,0.0,False,1.5499999999519787,Optimization terminated successfully
Wholesale Customers,3,42,10,300,0.0001,50,least_cost,Unweighted k-means,Random 75% immutable,α = 1,1.0,205,0,2,True,,2.0,9.65317925918005,7.610458301251002,2.1876131521582645,1.1876131521582645,True,1.4545000001362496,Optimization terminated successfully
Wholesale Customers,3,42,10,300,0.0001,50,least_cost,Unweighted k-means,Random 75% immutable,α < 1,0.5479334203435323,205,0,2,True,,2.0,19.383344196283087,10.7842507935275,1.5438012029613637,0.5438012029613637,True,1.4633999999205116,Optimization terminated successfully
Wholesale Customers,3,42,10,300,0.0001,50,least_cost,Unweighted k-means,All features mutable,α = 1,1.0,327,1,2,True,,6.0,9.790356523025892,7.664342055137893,1.0,0.0,False,2.2072000001571723,Optimization terminated successfully
Wholesale Customers,3,42,10,300,0.0001,50,least_cost,Unweighted k-means,All features mutable,α < 1,0.5479334203435323,327,1,2,True,,6.0,19.31727650953255,10.76585616926008,1.0,0.0,False,1.8774000000121305,Optimization terminated successfully
Wholesale Customers,3,42,10,300,0.0001,50,least_cost,Unweighted k-means,Random 25% immutable,α = 1,1.0,327,1,2,True,,4.0,17.553263751316745,10.262532947956878,1.0,0.0,False,1.7229000000043015,Optimization terminated successfully
Wholesale Customers,3,42,10,300,0.0001,50,least_cost,Unweighted k-means,Random 25% immutable,α < 1,0.5479334203435323,327,1,2,True,,4.0,35.35656760838756,14.565006201520319,1.0,0.0,False,1.6203000000132306,Optimization terminated successfully
Wholesale Customers,3,42,10,300,0.0001,50,least_cost,Unweighted k-means,Random 50% immutable,α = 1,1.0,327,1,2,True,,3.0,19.570396597750644,10.83616074015626,1.6221643328590913,0.6221643328590913,True,1.630499999919266,Optimization terminated successfully
Wholesale Customers,3,42,10,300,0.0001,50,least_cost,Unweighted k-means,Random 50% immutable,α < 1,0.5479334203435323,327,1,2,True,,3.0,39.50639884542082,15.396051216871324,1.0000000000000153,1.532107773982716e-14,True,1.5270999999756896,Optimization terminated successfully
Wholesale Customers,3,42,10,300,0.0001,50,least_cost,Unweighted k-means,Random 75% immutable,α = 1,1.0,327,1,2,True,,2.0,22.13897158329157,11.525355938093602,1.473384550887216,0.4733845508872161,True,1.5401999999085092,Optimization terminated successfully
Wholesale Customers,3,42,10,300,0.0001,50,least_cost,Unweighted k-means,Random 75% immutable,α < 1,0.5479334203435323,327,1,2,True,,2.0,43.68150608385898,16.189164169380515,1.0489288676870878,0.04892886768708782,True,1.6774000000623346,Optimization terminated successfully
Wholesale Customers,3,42,10,300,0.0001,50,least_cost,Unweighted k-means,All features mutable,α = 1,1.0,80,1,2,True,,6.0,9.587432438188312,7.584496992492639,1.167293974814837,0.167293974814837,True,2.098800000112533,Optimization terminated successfully
Wholesale Customers,3,42,10,300,0.0001,50,least_cost,Unweighted k-means,All features mutable,α < 1,0.5479334203435323,80,1,2,True,,6.0,19.03079800995271,10.685728241898925,1.0,0.0,False,1.7646000001150242,Optimization terminated successfully
Wholesale Customers,3,42,10,300,0.0001,50,least_cost,Unweighted k-means,Random 25% immutable,α = 1,1.0,80,1,2,True,,4.0,9.757094932983634,7.651311625982947,2.347662298710075,1.347662298710075,True,1.849700000093435,Optimization terminated successfully
Wholesale Customers,3,42,10,300,0.0001,50,least_cost,Unweighted k-means,Random 25% immutable,α < 1,0.5479334203435323,80,1,2,True,,4.0,19.3674554923869,10.77982991305157,1.6663245750339053,0.6663245750339053,True,1.6560999999910564,Optimization terminated successfully
Wholesale Customers,3,42,10,300,0.0001,50,least_cost,Unweighted k-means,Random 50% immutable,α = 1,1.0,80,1,2,True,,3.0,21.67547356828374,11.404071264671334,1.0,0.0,False,1.4869999999973516,Optimization terminated successfully
Wholesale Customers,3,42,10,300,0.0001,50,least_cost,Unweighted k-means,Random 50% immutable,α < 1,0.5479334203435323,80,1,2,True,,3.0,43.02835128957224,16.06767275424271,1.0,0.0,False,1.5660999999909109,Optimization terminated successfully
Wholesale Customers,3,42,10,300,0.0001,50,least_cost,Unweighted k-means,Random 75% immutable,α = 1,1.0,80,1,2,False,,,,,,,False,8.176399999911155,Positive directional derivative for linesearch
Wholesale Customers,3,42,10,300,0.0001,50,least_cost,Unweighted k-means,Random 75% immutable,α < 1,0.5479334203435323,80,1,2,False,,,,,,,False,10.73180000003049,Positive directional derivative for linesearch
Wholesale Customers,3,42,10,300,0.0001,50,least_cost,Unweighted k-means,All features mutable,α = 1,1.0,343,0,2,True,,6.0,9.95322591682989,7.727829934786307,2.1444416757223976,1.1444416757223976,True,1.832199999853401,Optimization terminated successfully
Wholesale Customers,3,42,10,300,0.0001,50,least_cost,Unweighted k-means,All features mutable,α < 1,0.5479334203435323,343,0,2,True,,6.0,19.343643866754178,10.773201158454485,1.5799758160912274,0.5799758160912274,True,1.8258000000059837,Optimization terminated successfully
Wholesale Customers,3,42,10,300,0.0001,50,least_cost,Unweighted k-means,Random 25% immutable,α = 1,1.0,343,0,2,True,,4.0,20.53935640448003,11.101177344177518,1.0391813014865006,0.039181301486500564,True,1.5805000000455038,Optimization terminated successfully
Wholesale Customers,3,42,10,300,0.0001,50,least_cost,Unweighted k-means,Random 25% immutable,α < 1,0.5479334203435323,343,0,2,True,,4.0,40.136815993399864,15.518405071411147,1.0,0.0,False,1.5548999999737134,Optimization terminated successfully
Wholesale Customers,3,42,10,300,0.0001,50,least_cost,Unweighted k-means,Random 50% immutable,α = 1,1.0,343,0,2,True,,3.0,18.86393461781827,10.63877848753839,1.174913936977049,0.17491393697704893,True,1.6009000000849483,Optimization terminated successfully
Wholesale Customers,3,42,10,300,0.0001,50,least_cost,Unweighted k-means,Random 50% immutable,α < 1,0.5479334203435323,343,0,2,False,,,,,,,False,1.704600000039136,Positive directional derivative for linesearch
Wholesale Customers,3,42,10,300,0.0001,50,least_cost,Unweighted k-means,Random 75% immutable,α = 1,1.0,343,0,2,False,,,,,,,False,1.052299999855677,Positive directional derivative for linesearch
Wholesale Customers,3,42,10,300,0.0001,50,least_cost,Unweighted k-means,Random 75% immutable,α < 1,0.5479334203435323,343,0,2,False,,,,,,,False,14.425200000005134,Positive directional derivative for linesearch
Wholesale Customers,3,42,10,300,0.0001,50,least_cost,Unweighted k-means,All features mutable,α = 1,1.0,235,1,2,True,,6.0,9.10002933792178,7.389193191920934,2.3943194584880696,1.3943194584880696,True,2.1641999999246764,Optimization terminated successfully
Wholesale Customers,3,42,10,300,0.0001,50,least_cost,Unweighted k-means,All features mutable,α < 1,0.5479334203435323,235,1,2,True,,6.0,18.34138694892497,10.490391875118384,1.6865155989059004,0.6865155989059004,True,1.888299999791343,Optimization terminated successfully
Wholesale Customers,3,42,10,300,0.0001,50,least_cost,Unweighted k-means,Random 25% immutable,α = 1,1.0,235,1,2,True,,4.0,16.09921164278434,9.828289263992286,1.3681138711047671,0.3681138711047671,True,2.1282000000155676,Optimization terminated successfully
Wholesale Customers,3,42,10,300,0.0001,50,least_cost,Unweighted k-means,Random 25% immutable,α < 1,0.5479334203435323,235,1,2,True,,4.0,33.35021705083939,14.145716747660273,1.0,0.0,False,1.560700000027282,Optimization terminated successfully
Wholesale Customers,3,42,10,300,0.0001,50,least_cost,Unweighted k-means,Random 50% immutable,α = 1,1.0,235,1,2,True,,3.0,9.839841039028276,7.683687020836394,2.2384055221103627,1.2384055221103627,True,1.5714999999545398,Optimization terminated successfully
Wholesale Customers,3,42,10,300,0.0001,50,least_cost,Unweighted k-means,Random 50% immutable,α < 1,0.5479334203435323,235,1,2,True,,3.0,19.83250001850523,10.908482942693333,1.5766819672477805,0.5766819672477805,True,1.5777999999500025,Optimization terminated successfully
Wholesale Customers,3,42,10,300,0.0001,50,least_cost,Unweighted k-means,Random 75% immutable,α = 1,1.0,235,1,2,True,,2.0,16.837779889483276,10.051202880098463,1.3081032545055584,0.3081032545055584,True,1.7106000000239874,Optimization terminated successfully
Wholesale Customers,3,42,10,300,0.0001,50,least_cost,Unweighted k-means,Random 75% immutable,α < 1,0.5479334203435323,235,1,2,False,,,,,,,False,1.479799999970055,Positive directional derivative for linesearch
Wholesale Customers,3,42,10,300,0.0001,50,least_cost,Unweighted k-means,All features mutable,α = 1,1.0,417,1,0,True,,6.0,0.29062399406224726,1.3205089792854434,1.3843424524776184,0.38434245247761845,True,1.3589999998657731,Optimization terminated successfully
Wholesale Customers,3,42,10,300,0.0001,50,least_cost,Unweighted k-means,All features mutable,α < 1,0.9753678154238276,417,1,0,True,,6.0,0.3129756183861363,1.3703480252537374,1.3339942540374747,0.33399425403747474,True,1.3592000000244298,Optimization terminated successfully
Wholesale Customers,3,42,10,300,0.0001,50,least_cost,Unweighted k-means,Random 25% immutable,α = 1,1.0,417,1,0,True,,4.0,0.4622074783322301,1.6653062391024003,1.0,0.0,False,1.661900000044625,Optimization terminated successfully
Wholesale Customers,3,42,10,300,0.0001,50,least_cost,Unweighted k-means,Random 25% immutable,α < 1,0.9753678154238276,417,1,0,True,,4.0,0.49776611038840607,1.728177265887512,1.0,0.0,False,1.6938999999638327,Optimization terminated successfully
Wholesale Customers,3,42,10,300,0.0001,50,least_cost,Unweighted k-means,Random 50% immutable,α = 1,1.0,417,1,0,True,,3.0,0.7975058202556342,2.1874722676033644,1.0,0.0,False,1.6459999999369757,Optimization terminated successfully
Wholesale Customers,3,42,10,300,0.0001,50,least_cost,Unweighted k-means,Random 50% immutable,α < 1,0.9753678154238276,417,1,0,True,,3.0,0.8589052261211869,2.2701170359096294,1.0000000000000047,4.6629367034256575e-15,True,1.5508999999838124,Optimization terminated successfully
Wholesale Customers,3,42,10,300,0.0001,50,least_cost,Unweighted k-means,Random 75% immutable,α = 1,1.0,417,1,0,False,,,,,,,False,6.704000000127053,Positive directional derivative for linesearch
Wholesale Customers,3,42,10,300,0.0001,50,least_cost,Unweighted k-means,Random 75% immutable,α < 1,0.9753678154238276,417,1,0,False,,,,,,,False,1.9122000001061679,Positive directional derivative for linesearch
Wholesale Customers,3,42,10,300,0.0001,50,least_cost,Unweighted k-means,All features mutable,α = 1,1.0,71,1,2,True,,6.0,1.856945131057497,3.3379141370540046,4.920098297164871,3.920098297164871,True,1.7522000000553817,Optimization terminated successfully
Wholesale Customers,3,42,10,300,0.0001,50,least_cost,Unweighted k-means,All features mutable,α < 1,0.5479334203435323,71,1,2,True,,6.0,6.934385398406141,6.450295527372125,2.3352041125278338,1.3352041125278338,True,1.7559000000346714,Optimization terminated successfully
Wholesale Customers,3,42,10,300,0.0001,50,least_cost,Unweighted k-means,Random 25% immutable,α = 1,1.0,71,1,2,True,,4.0,1.8988010695756774,3.375323157484934,4.853429687256406,3.8534296872564058,True,1.6117000000122061,Optimization terminated successfully
Wholesale Customers,3,42,10,300,0.0001,50,least_cost,Unweighted k-means,Random 25% immutable,α < 1,0.5479334203435323,71,1,2,True,,4.0,7.082281650662361,6.5187184249646934,2.5000298282809355,1.5000298282809355,True,1.6620999999759078,Optimization terminated successfully
Wholesale Customers,3,42,10,300,0.0001,50,least_cost,Unweighted k-means,Random 50% immutable,α = 1,1.0,71,1,2,True,,3.0,3.8396676131089422,4.799792253697409,1.0073640895951634,0.007364089595163437,True,1.57719999992878,Optimization terminated successfully
Wholesale Customers,3,42,10,300,0.0001,50,least_cost,Unweighted k-means,Random 50% immutable,α < 1,0.5479334203435323,71,1,2,True,,3.0,14.754174413974308,9.408774972537385,1.0,0.0,False,1.6067000001385168,Optimization terminated successfully
Wholesale Customers,3,42,10,300,0.0001,50,least_cost,Unweighted k-means,Random 75% immutable,α = 1,1.0,71,1,2,False,,,,,,,False,2.9701000000841304,Positive directional derivative for linesearch
Wholesale Customers,3,42,10,300,0.0001,50,least_cost,Unweighted k-means,Random 75% immutable,α < 1,0.5479334203435323,71,1,2,False,,,,,,,False,2.6387999998860323,Positive directional derivative for linesearch
Wholesale Customers,3,42,10,300,0.0001,50,least_cost,Unweighted k-means,All features mutable,α = 1,1.0,277,1,2,True,,6.0,4.747281240281978,5.337011096268385,1.6889257370758217,0.6889257370758217,True,1.8431999999393156,Optimization terminated successfully
Wholesale Customers,3,42,10,300,0.0001,50,least_cost,Unweighted k-means,All features mutable,α < 1,0.5479334203435323,277,1,2,True,,6.0,11.867230713711521,8.438209779465614,1.0682115214964814,0.06821152149648135,True,1.8232000002171844,Optimization terminated successfully
Wholesale Customers,3,42,10,300,0.0001,50,least_cost,Unweighted k-means,Random 25% immutable,α = 1,1.0,277,1,2,True,,4.0,8.658630011557928,7.207758324843278,1.0000000000000018,1.7763568394002505e-15,True,1.6067999999904714,Optimization terminated successfully
Wholesale Customers,3,42,10,300,0.0001,50,least_cost,Unweighted k-means,Random 25% immutable,α < 1,0.5479334203435323,277,1,2,False,,,,,,,False,20.852200000035737,Positive directional derivative for linesearch
Wholesale Customers,3,42,10,300,0.0001,50,least_cost,Unweighted k-means,Random 50% immutable,α = 1,1.0,277,1,2,False,,,,,,,False,1.1873999999352236,Positive directional derivative for linesearch
Wholesale Customers,3,42,10,300,0.0001,50,least_cost,Unweighted k-means,Random 50% immutable,α < 1,0.5479334203435323,277,1,2,False,,,,,,,False,1.2040999999953783,Positive directional derivative for linesearch
Wholesale Customers,3,42,10,300,0.0001,50,least_cost,Unweighted k-means,Random 75% immutable,α = 1,1.0,277,1,2,False,,,,,,,False,10.167899999942165,Positive directional derivative for linesearch
Wholesale Customers,3,42,10,300,0.0001,50,least_cost,Unweighted k-means,Random 75% immutable,α < 1,0.5479334203435323,277,1,2,False,,,,,,,False,10.386700000026394,Positive directional derivative for linesearch
Wholesale Customers,3,42,10,300,0.0001,50,least_cost,Unweighted k-means,All features mutable,α = 1,1.0,377,1,2,True,,6.0,7.986865810849283,6.922513623323229,1.0,0.0,False,1.7614999999295833,Optimization terminated successfully
Wholesale Customers,3,42,10,300,0.0001,50,least_cost,Unweighted k-means,All features mutable,α < 1,0.5479334203435323,377,1,2,True,,6.0,16.74684687580912,10.024025202225637,1.0,0.0,False,1.8670999997993931,Optimization terminated successfully
Wholesale Customers,3,42,10,300,0.0001,50,least_cost,Unweighted k-means,Random 25% immutable,α = 1,1.0,377,1,2,True,,4.0,8.634384812176425,7.19765995814324,1.0,0.0,False,1.6789999999673455,Optimization terminated successfully
Wholesale Customers,3,42,10,300,0.0001,50,least_cost,Unweighted k-means,Random 25% immutable,α < 1,0.5479334203435323,377,1,2,True,,4.0,18.10456928644251,10.422447683661217,1.0,0.0,False,1.8155999998725747,Optimization terminated successfully
Wholesale Customers,3,42,10,300,0.0001,50,least_cost,Unweighted k-means,Random 50% immutable,α = 1,1.0,377,1,2,False,,,,,,,False,2.382900000156951,Positive directional derivative for linesearch
Wholesale Customers,3,42,10,300,0.0001,50,least_cost,Unweighted k-means,Random 50% immutable,α < 1,0.5479334203435323,377,1,2,False,,,,,,,False,4.001000000016575,Positive directional derivative for linesearch
Wholesale Customers,3,42,10,300,0.0001,50,least_cost,Unweighted k-means,Random 75% immutable,α = 1,1.0,377,1,2,False,,,,,,,False,1.8215000000054715,Positive directional derivative for linesearch
Wholesale Customers,3,42,10,300,0.0001,50,least_cost,Unweighted k-means,Random 75% immutable,α < 1,0.5479334203435323,377,1,2,False,,,,,,,False,4.540399999996225,Positive directional derivative for linesearch
Wholesale Customers,3,42,10,300,0.0001,50,least_cost,Unweighted k-means,All features mutable,α = 1,1.0,391,1,0,True,,6.0,1.0145333348500747,2.467225163843067,1.9277247793795398,0.9277247793795398,True,1.7648999998982617,Optimization terminated successfully
Wholesale Customers,3,42,10,300,0.0001,50,least_cost,Unweighted k-means,All features mutable,α < 1,0.9753678154238276,391,1,0,True,,6.0,1.0559353727188838,2.5170642098113634,1.889554914697708,0.889554914697708,True,1.7798999999740772,Optimization terminated successfully
Wholesale Customers,3,42,10,300,0.0001,50,least_cost,Unweighted k-means,Random 25% immutable,α = 1,1.0,391,1,0,True,,4.0,1.017044599300635,2.470276825743182,5.729404654178909,4.729404654178909,True,1.5597999999954482,Optimization terminated successfully
Wholesale Customers,3,42,10,300,0.0001,50,least_cost,Unweighted k-means,Random 25% immutable,α < 1,0.9753678154238276,391,1,0,True,,4.0,1.0585491192292307,2.5201775166395293,5.615959804260902,4.615959804260902,True,1.559999999926731,Optimization terminated successfully
Wholesale Customers,3,42,10,300,0.0001,50,least_cost,Unweighted k-means,Random 50% immutable,α = 1,1.0,391,1,0,True,,3.0,2.7113724005692066,4.033389939420095,1.0004167996329782,0.0004167996329782486,True,1.8981000000621862,Optimization terminated successfully
Wholesale Customers,3,42,10,300,0.0001,50,least_cost,Unweighted k-means,Random 50% immutable,α < 1,0.9753678154238276,391,1,0,True,,3.0,2.8220235179237725,4.1148682977153275,1.0,0.0,False,1.5739999998913845,Optimization terminated successfully
Wholesale Customers,3,42,10,300,0.0001,50,least_cost,Unweighted k-means,Random 75% immutable,α = 1,1.0,391,1,0,True,,2.0,1.624916104218104,3.122418393698805,4.006864553401918,3.0068645534019183,True,1.3793999999052176,Optimization terminated successfully
Wholesale Customers,3,42,10,300,0.0001,50,least_cost,Unweighted k-means,Random 75% immutable,α < 1,0.9753678154238276,391,1,0,True,,2.0,1.6912272206393437,3.1854926344030465,3.9275267954053774,2.9275267954053774,True,1.5069999999468564,Optimization terminated successfully
Wholesale Customers,3,42,10,300,0.0001,50,least_cost,Unweighted k-means,All features mutable,α = 1,1.0,172,1,0,True,,6.0,0.4768883284804341,1.6915466209604169,1.0,0.0,False,1.9218999998429354,Optimization terminated successfully
Wholesale Customers,3,42,10,300,0.0001,50,least_cost,Unweighted k-means,All features mutable,α < 1,0.9753678154238276,172,1,0,True,,6.0,0.5054053528044834,1.7413879857248646,1.0,0.0,False,1.9405999998980406,Optimization terminated successfully
Wholesale Customers,3,42,10,300,0.0001,50,least_cost,Unweighted k-means,Random 25% immutable,α = 1,1.0,172,1,0,True,,4.0,0.7515848694352761,2.123560504579904,1.0000000000000018,1.7763568394002505e-15,True,1.6568999999435619,Optimization terminated successfully
Wholesale Customers,3,42,10,300,0.0001,50,least_cost,Unweighted k-means,Random 25% immutable,α < 1,0.9753678154238276,172,1,0,True,,4.0,0.7965514227072626,2.1861629711079584,1.0000000000000018,1.7763568394002505e-15,True,1.5584000000217202,Optimization terminated successfully
Wholesale Customers,3,42,10,300,0.0001,50,least_cost,Unweighted k-means,Random 50% immutable,α = 1,1.0,172,1,0,True,,3.0,1.2749414550199978,2.7657998355123214,1.0,0.0,False,1.4826000001448847,Optimization terminated successfully
Wholesale Customers,3,42,10,300,0.0001,50,least_cost,Unweighted k-means,Random 50% immutable,α < 1,0.9753678154238276,172,1,0,True,,3.0,1.3512479344328243,2.847365028688269,1.0000000000000053,5.329070518200751e-15,True,1.4329999999063148,Optimization terminated successfully
Wholesale Customers,3,42,10,300,0.0001,50,least_cost,Unweighted k-means,Random 75% immutable,α = 1,1.0,172,1,0,True,,2.0,1.3131510575744931,2.806938963612668,1.0,0.0,False,1.4808999999331718,Optimization terminated successfully
Wholesale Customers,3,42,10,300,0.0001,50,least_cost,Unweighted k-means,Random 75% immutable,α < 1,0.9753678154238276,172,1,0,True,,2.0,1.3917456253670413,2.889718628552311,1.0,0.0,False,1.4654999999947904,Optimization terminated successfully
Wholesale Customers,3,42,10,300,0.0001,50,least_cost,Unweighted k-means,All features mutable,α = 1,1.0,38,0,1,True,,6.0,0.004872558578694775,0.17098348303906039,9.46603273169013,8.46603273169013,True,1.4232999999421736,Optimization terminated successfully
Wholesale Customers,3,42,10,300,0.0001,50,least_cost,Unweighted k-means,All features mutable,α < 1,0.9809177391988542,38,0,1,True,,6.0,0.007321551589540573,0.20959320012167246,7.72227001859558,6.72227001859558,True,1.4630999999099004,Optimization terminated successfully
Wholesale Customers,3,42,10,300,0.0001,50,least_cost,Unweighted k-means,Random 25% immutable,α = 1,1.0,38,0,1,True,,4.0,0.0066118857325243715,0.1991765909818376,6.975891962717606,5.975891962717606,True,1.095500000019456,Optimization terminated successfully
Wholesale Customers,3,42,10,300,0.0001,50,least_cost,Unweighted k-means,Random 25% immutable,α < 1,0.9809177391988542,38,0,1,True,,4.0,0.009935080658956777,0.24415258334439277,5.690844575626088,4.690844575626088,True,1.0958999998820218,Optimization terminated successfully
Wholesale Customers,3,42,10,300,0.0001,50,least_cost,Unweighted k-means,Random 50% immutable,α = 1,1.0,38,0,1,True,,3.0,0.007761424173710717,0.21579746301164968,8.881574148385226,7.881574148385226,True,1.035600000022896,Optimization terminated successfully
Wholesale Customers,3,42,10,300,0.0001,50,least_cost,Unweighted k-means,Random 50% immutable,α < 1,0.9809177391988542,38,0,1,True,,3.0,0.011662387753448494,0.26452660834156355,7.245475911090732,6.245475911090732,True,1.04549999991832,Optimization terminated successfully
Wholesale Customers,3,42,10,300,0.0001,50,least_cost,Unweighted k-means,Random 75% immutable,α = 1,1.0,38,0,1,True,,2.0,2.7980970998222747,4.097387289350819,1.0,0.0,False,1.383100000111881,Optimization terminated successfully
Wholesale Customers,3,42,10,300,0.0001,50,least_cost,Unweighted k-means,Random 75% immutable,α < 1,0.9809177391988542,38,0,1,True,,2.0,4.345922999361064,5.1064212513428995,1.0,0.0,False,1.4052999999876192,Optimization terminated successfully
Wholesale Customers,3,42,10,300,0.0001,50,least_cost,Unweighted k-means,All features mutable,α = 1,1.0,340,1,2,True,,6.0,8.94848932785754,7.327409908497358,2.4338920008424494,1.4338920008424494,True,1.780400000143345,Optimization terminated successfully
Wholesale Customers,3,42,10,300,0.0001,50,least_cost,Unweighted k-means,All features mutable,α < 1,0.5479334203435323,340,1,2,True,,6.0,18.16709429470825,10.440429386201005,1.7065737001658647,0.7065737001658647,True,1.8935999999030173,Optimization terminated successfully
Wholesale Customers,3,42,10,300,0.0001,50,least_cost,Unweighted k-means,Random 25% immutable,α = 1,1.0,340,1,2,True,,4.0,9.000582826450685,7.348707162399663,2.402090478914508,1.4020904789145079,True,1.6253000001142937,Optimization terminated successfully
Wholesale Customers,3,42,10,300,0.0001,50,least_cost,Unweighted k-means,Random 25% immutable,α < 1,0.5479334203435323,340,1,2,True,,4.0,18.28092417664847,10.473086701631512,1.6794166094829757,0.6794166094829757,True,1.5310999999655905,Optimization terminated successfully
Wholesale Customers,3,42,10,300,0.0001,50,least_cost,Unweighted k-means,Random 50% immutable,α = 1,1.0,340,1,2,True,,3.0,17.88063652743173,10.357790264558865,1.235316132813158,0.2353161328131581,True,1.4584000000468222,Optimization terminated successfully
Wholesale Customers,3,42,10,300,0.0001,50,least_cost,Unweighted k-means,Random 50% immutable,α < 1,0.5479334203435323,340,1,2,False,,,,,,,False,1.5965999998570624,Positive directional derivative for linesearch
Wholesale Customers,3,42,10,300,0.0001,50,least_cost,Unweighted k-means,Random 75% immutable,α = 1,1.0,340,1,2,False,,,,,,,False,1.4467000000877306,Positive directional derivative for linesearch
Wholesale Customers,3,42,10,300,0.0001,50,least_cost,Unweighted k-means,Random 75% immutable,α < 1,0.5479334203435323,340,1,2,False,,,,,,,False,1.0269999997944979,Positive directional derivative for linesearch
Wholesale Customers,3,42,10,300,0.0001,50,least_cost,Unweighted k-means,All features mutable,α = 1,1.0,383,1,0,True,,6.0,1.0628661628857188,2.5253112634513615,1.796098242524479,0.7960982425244789,True,1.934799999844472,Optimization terminated successfully
Wholesale Customers,3,42,10,300,0.0001,50,least_cost,Unweighted k-means,All features mutable,α < 1,0.9753678154238276,383,1,0,True,,6.0,1.1052331860173588,2.575150309419657,1.7613378558212462,0.7613378558212462,True,1.7313999999259977,Optimization terminated successfully
Wholesale Customers,3,42,10,300,0.0001,50,least_cost,Unweighted k-means,Random 25% immutable,α = 1,1.0,383,1,0,True,,4.0,2.845223523225132,4.131747952059853,1.0,0.0,False,1.6660999999658088,Optimization terminated successfully
Wholesale Customers,3,42,10,300,0.0001,50,least_cost,Unweighted k-means,Random 25% immutable,α < 1,0.9753678154238276,383,1,0,True,,4.0,2.9587068915219965,4.213340877395511,1.0,0.0,False,1.825099999905433,Optimization terminated successfully
Wholesale Customers,3,42,10,300,0.0001,50,least_cost,Unweighted k-means,Random 50% immutable,α = 1,1.0,383,1,0,True,,3.0,1.0750836891130329,2.5397838755843374,5.506572499867815,4.506572499867815,True,1.5395999998872867,Optimization terminated successfully
Wholesale Customers,3,42,10,300,0.0001,50,least_cost,Unweighted k-means,Random 50% immutable,α < 1,0.9753678154238276,383,1,0,True,,3.0,1.1179377163796795,2.5899085501766423,5.39999920941073,4.39999920941073,True,1.4711999999690306,Optimization terminated successfully
Wholesale Customers,3,42,10,300,0.0001,50,least_cost,Unweighted k-means,Random 75% immutable,α = 1,1.0,383,1,0,True,,2.0,3.922752446451746,4.851444597097907,2.0508453010145864,1.0508453010145864,True,1.3731999999890832,Optimization terminated successfully
Wholesale Customers,3,42,10,300,0.0001,50,least_cost,Unweighted k-means,Random 75% immutable,α < 1,0.9753678154238276,383,1,0,True,,2.0,4.079117706201172,4.947191752621586,2.011153573831243,1.0111535738312432,True,1.441299999896728,Optimization terminated successfully
Wholesale Customers,3,42,10,300,0.0001,50,least_cost,Unweighted k-means,All features mutable,α = 1,1.0,271,1,0,True,,6.0,0.9296582250599683,2.3617682677095586,2.1972397721050365,1.1972397721050365,True,1.9029000000045926,Optimization terminated successfully
Wholesale Customers,3,42,10,300,0.0001,50,least_cost,Unweighted k-means,All features mutable,α < 1,0.9753678154238276,271,1,0,True,,6.0,0.9693083058974149,2.4116073136778486,2.1518305258937978,1.1518305258937978,True,1.9408999999086518,Optimization terminated successfully
Wholesale Customers,3,42,10,300,0.0001,50,least_cost,Unweighted k-means,Random 25% immutable,α = 1,1.0,271,1,0,True,,4.0,0.9389555277416406,2.373548644213942,2.4753713564857316,1.4753713564857316,True,1.5817000000879489,Optimization terminated successfully
Wholesale Customers,3,42,10,300,0.0001,50,least_cost,Unweighted k-means,Random 25% immutable,α < 1,0.9753678154238276,271,1,0,True,,4.0,0.9790021401139757,2.4236362847349544,2.4242143007730186,1.4242143007730186,True,1.578900000140493,Optimization terminated successfully
Wholesale Customers,3,42,10,300,0.0001,50,least_cost,Unweighted k-means,Random 50% immutable,α = 1,1.0,271,1,0,True,,3.0,1.4808384065612699,2.9807768181075915,1.5695591235919173,0.5695591235919173,True,1.464300000179719,Optimization terminated successfully
Wholesale Customers,3,42,10,300,0.0001,50,least_cost,Unweighted k-means,Random 50% immutable,α < 1,0.9753678154238276,271,1,0,True,,3.0,1.543996415542009,3.0436784477424768,1.5371226831315212,0.5371226831315212,True,1.5557000001535926,Optimization terminated successfully
Wholesale Customers,3,42,10,300,0.0001,50,least_cost,Unweighted k-means,Random 75% immutable,α = 1,1.0,271,1,0,True,,2.0,3.5364244068989756,4.606359347835756,1.0000000000000102,1.021405182655144e-14,True,1.4992999999776657,Optimization terminated successfully
Wholesale Customers,3,42,10,300,0.0001,50,least_cost,Unweighted k-means,Random 75% immutable,α < 1,0.9753678154238276,271,1,0,True,,2.0,3.687398230385874,4.703657022181278,1.0,0.0,False,1.8863000000237662,Optimization terminated successfully
Wholesale Customers,3,42,10,300,0.0001,50,least_cost,Unweighted k-means,All features mutable,α = 1,1.0,257,1,2,True,,6.0,7.692728620401506,6.793848079138144,2.465399628045213,1.4653996280452128,True,1.9199000000753585,Optimization terminated successfully
Wholesale Customers,3,42,10,300,0.0001,50,least_cost,Unweighted k-means,All features mutable,α < 1,0.5479334203435323,257,1,2,True,,6.0,16.318658404800374,9.895046762335298,1.6927207556315031,0.6927207556315031,True,1.7582999998921878,Optimization terminated successfully
Wholesale Customers,3,42,10,300,0.0001,50,least_cost,Unweighted k-means,Random 25% immutable,α = 1,1.0,257,1,2,True,,4.0,7.753357791543564,6.820567919848125,2.4461209317973065,1.4461209317973065,True,1.6821000001527864,Optimization terminated successfully
Wholesale Customers,3,42,10,300,0.0001,50,least_cost,Unweighted k-means,Random 25% immutable,α < 1,0.5479334203435323,257,1,2,True,,4.0,16.447271642321027,9.933963451408816,1.679484063817477,0.6794840638174771,True,1.5974999998888961,Optimization terminated successfully
Wholesale Customers,3,42,10,300,0.0001,50,least_cost,Unweighted k-means,Random 50% immutable,α = 1,1.0,257,1,2,True,,3.0,14.901172128102107,9.455529216739412,1.8817896499621702,0.8817896499621702,True,1.4962000000195985,Optimization terminated successfully
Wholesale Customers,3,42,10,300,0.0001,50,least_cost,Unweighted k-means,Random 50% immutable,α < 1,0.5479334203435323,257,1,2,True,,3.0,32.39459843872486,13.941577766965588,1.2480735789031576,0.24807357890315762,True,1.6436000000794593,Optimization terminated successfully
Wholesale Customers,3,42,10,300,0.0001,50,least_cost,Unweighted k-means,Random 75% immutable,α = 1,1.0,257,1,2,False,,,,,,,False,11.811599999873579,Positive directional derivative for linesearch
Wholesale Customers,3,42,10,300,0.0001,50,least_cost,Unweighted k-means,Random 75% immutable,α < 1,0.5479334203435323,257,1,2,False,,,,,,,False,1.0461000001669163,Positive directional derivative for linesearch
Wholesale Customers,3,42,10,300,0.0001,50,least_cost,Unweighted k-means,All features mutable,α = 1,1.0,296,1,0,True,,6.0,1.037818596120693,2.4953780428472476,5.593045120345187,4.593045120345187,True,1.8004999999448046,Optimization terminated successfully
Wholesale Customers,3,42,10,300,0.0001,50,least_cost,Unweighted k-means,All features mutable,α < 1,0.9753678154238276,296,1,0,True,,6.0,1.0796883381997786,2.545217088815544,5.4835250959341435,4.4835250959341435,True,1.7714999999043357,Optimization terminated successfully
Wholesale Customers,3,42,10,300,0.0001,50,least_cost,Unweighted k-means,Random 25% immutable,α = 1,1.0,296,1,0,True,,4.0,1.6311976421908423,3.128447834493178,3.5584690028530623,2.5584690028530623,True,1.57960000001367,Optimization terminated successfully
Wholesale Customers,3,42,10,300,0.0001,50,least_cost,Unweighted k-means,Random 25% immutable,α < 1,0.9753678154238276,296,1,0,True,,4.0,1.6970066620078312,3.190930894276306,3.488788994898969,2.488788994898969,True,1.564700000017183,Optimization terminated successfully
Wholesale Customers,3,42,10,300,0.0001,50,least_cost,Unweighted k-means,Random 50% immutable,α = 1,1.0,296,1,0,True,,3.0,2.8298138021525565,4.1205439947797355,2.0512184450895616,1.0512184450895616,True,1.4802000000599946,Optimization terminated successfully
Wholesale Customers,3,42,10,300,0.0001,50,least_cost,Unweighted k-means,Random 50% immutable,α < 1,0.9753678154238276,296,1,0,True,,3.0,2.9439797792036915,4.20284173806511,2.011052600834295,1.011052600834295,True,1.5223000000332831,Optimization terminated successfully
Wholesale Customers,3,42,10,300,0.0001,50,least_cost,Unweighted k-means,Random 75% immutable,α = 1,1.0,296,1,0,True,,2.0,2.7810851257572464,4.084912576120018,2.0871587884344427,1.0871587884344427,True,1.4770999998745538,Optimization terminated successfully
Wholesale Customers,3,42,10,300,0.0001,50,least_cost,Unweighted k-means,Random 75% immutable,α < 1,0.9753678154238276,296,1,0,True,,2.0,2.8932851936214052,4.166498669353974,2.0462891853356657,1.0462891853356657,True,1.406599999882019,Optimization terminated successfully
Wholesale Customers,3,42,10,300,0.0001,50,least_cost,Unweighted k-means,All features mutable,α = 1,1.0,189,1,0,True,,6.0,0.09684283530124292,0.7622709569486807,1.768543439400289,0.768543439400289,True,2.3424000000886736,Optimization terminated successfully
Wholesale Customers,3,42,10,300,0.0001,50,least_cost,Unweighted k-means,All features mutable,α < 1,0.9753678154238276,189,1,0,True,,6.0,0.10992044280630149,0.8121100029169749,1.6600079774196925,0.6600079774196925,True,2.131299999973635,Optimization terminated successfully
Wholesale Customers,3,42,10,300,0.0001,50,least_cost,Unweighted k-means,Random 25% immutable,α = 1,1.0,189,1,0,True,,4.0,0.15401251438402064,0.9612882430905539,1.1120574476134353,0.11205744761343528,True,1.113000000032116,Optimization terminated successfully
Wholesale Customers,3,42,10,300,0.0001,50,least_cost,Unweighted k-means,Random 25% immutable,α < 1,0.9753678154238276,189,1,0,True,,4.0,0.17481028644135682,1.0241395015563755,1.043810684135752,0.043810684135751954,True,1.118599999927028,Optimization terminated successfully
Wholesale Customers,3,42,10,300,0.0001,50,least_cost,Unweighted k-means,Random 50% immutable,α = 1,1.0,189,1,0,True,,3.0,0.2641913422619628,1.2590266294132848,1.0,0.0,False,1.4703000001645705,Optimization terminated successfully
Wholesale Customers,3,42,10,300,0.0001,50,least_cost,Unweighted k-means,Random 50% immutable,α < 1,0.9753678154238276,189,1,0,True,,3.0,0.29990658308013773,1.3414318836529966,1.0,0.0,False,1.7235999998774787,Optimization terminated successfully
Wholesale Customers,3,42,10,300,0.0001,50,least_cost,Unweighted k-means,Random 75% immutable,α = 1,1.0,189,1,0,True,,2.0,0.13328553364629647,0.894266851604027,12.203352328271622,11.203352328271622,True,1.5767999998388404,Optimization terminated successfully
Wholesale Customers,3,42,10,300,0.0001,50,least_cost,Unweighted k-means,Random 75% immutable,α < 1,0.9753678154238276,189,1,0,True,,2.0,0.1512843447065731,0.9527360957995864,11.454434841849311,10.454434841849311,True,1.5402999999878375,Optimization terminated successfully
Wholesale Customers,3,42,10,300,0.0001,50,least_cost,Unweighted k-means,All features mutable,α = 1,1.0,392,1,0,True,,6.0,0.8938678243993582,2.3158598719257926,1.0000000000000027,2.6645352591003757e-15,True,2.265999999963242,Optimization terminated successfully
Wholesale Customers,3,42,10,300,0.0001,50,least_cost,Unweighted k-means,All features mutable,α < 1,0.9753678154238276,392,1,0,True,,6.0,0.9327690608590367,2.365716459162894,1.0,0.0,False,2.1203999999670486,Optimization terminated successfully
Wholesale Customers,3,42,10,300,0.0001,50,least_cost,Unweighted k-means,Random 25% immutable,α = 1,1.0,392,1,0,True,,4.0,1.21403554576003,2.69892817143402,1.0000000000000056,5.551115123125783e-15,True,1.5482999999676395,Optimization terminated successfully
Wholesale Customers,3,42,10,300,0.0001,50,least_cost,Unweighted k-means,Random 25% immutable,α < 1,0.9753678154238276,392,1,0,True,,4.0,1.2668748393974976,2.7570362776693718,1.0000000000000109,1.0880185641326534e-14,True,1.734100000021499,Optimization terminated successfully
Wholesale Customers,3,42,10,300,0.0001,50,least_cost,Unweighted k-means,Random 50% immutable,α = 1,1.0,392,1,0,True,,3.0,3.3949391600406074,4.513273198050794,1.0,0.0,False,1.444099999844184,Optimization terminated successfully
Wholesale Customers,3,42,10,300,0.0001,50,least_cost,Unweighted k-means,Random 50% immutable,α < 1,0.9753678154238276,392,1,0,True,,3.0,3.5429201485628883,4.61058791168516,1.0,0.0,False,1.4926000001196371,Optimization terminated successfully
Wholesale Customers,3,42,10,300,0.0001,50,least_cost,Unweighted k-means,Random 75% immutable,α = 1,1.0,392,1,0,True,,2.0,1.4268682280242313,2.9259544371273773,3.83034412743007,2.83034412743007,True,1.4052999999876192,Optimization terminated successfully
Wholesale Customers,3,42,10,300,0.0001,50,least_cost,Unweighted k-means,Random 75% immutable,α < 1,0.9753678154238276,392,1,0,True,,2.0,1.4889498890949666,2.9889294629632532,3.7496409279234655,2.7496409279234655,True,1.3827000000219414,Optimization terminated successfully
Wholesale Customers,3,42,10,300,0.0001,50,least_cost,Unweighted k-means,All features mutable,α = 1,1.0,290,1,0,True,,6.0,0.9480460736110875,2.38501078439208,1.0784829006695524,0.07848290066955244,True,1.7668000000412576,Optimization terminated successfully
Wholesale Customers,3,42,10,300,0.0001,50,least_cost,Unweighted k-means,All features mutable,α < 1,0.9753678154238276,290,1,0,True,,6.0,0.9880822827343221,2.434849830360372,1.0564070015588134,0.0564070015588134,True,1.7604000001938402,Optimization terminated successfully
Wholesale Customers,3,42,10,300,0.0001,50,least_cost,Unweighted k-means,Random 25% immutable,α = 1,1.0,290,1,0,True,,4.0,1.4939925086142676,2.9939864815469033,1.000000000000001,1.1102230246251565e-15,True,1.5400999998291809,Optimization terminated successfully
Wholesale Customers,3,42,10,300,0.0001,50,least_cost,Unweighted k-means,Random 25% immutable,α < 1,0.9753678154238276,290,1,0,True,,4.0,1.5571166541129782,3.056583047240475,1.0,0.0,False,1.5326000000186468,Optimization terminated successfully
Wholesale Customers,3,42,10,300,0.0001,50,least_cost,Unweighted k-means,Random 50% immutable,α = 1,1.0,290,1,0,True,,3.0,3.4895660538794036,4.575739975487727,1.0,0.0,False,1.4415999999073392,Optimization terminated successfully
Wholesale Customers,3,42,10,300,0.0001,50,least_cost,Unweighted k-means,Random 50% immutable,α < 1,0.9753678154238276,290,1,0,True,,3.0,3.6370982529543787,4.671465457190739,1.000000000000001,1.1102230246251565e-15,True,1.9523000000845059,Optimization terminated successfully
Wholesale Customers,3,42,10,300,0.0001,50,least_cost,Unweighted k-means,Random 75% immutable,α = 1,1.0,290,1,0,True,,2.0,3.49898245373598,4.581909506135611,2.147525778095914,1.1475257780959138,True,1.3929000001553504,Optimization terminated successfully
Wholesale Customers,3,42,10,300,0.0001,50,least_cost,Unweighted k-means,Random 75% immutable,α < 1,0.9753678154238276,290,1,0,True,,2.0,3.6467453073942715,4.6776566616593005,2.1035679809684247,1.1035679809684247,True,1.3953000000128668,Optimization terminated successfully
Wholesale Customers,3,42,10,300,0.0001,50,least_cost,Unweighted k-means,All features mutable,α = 1,1.0,27,1,2,True,,6.0,9.383456418560023,7.503381804983681,1.0,0.0,False,1.8119000001206587,Optimization terminated successfully
Wholesale Customers,3,42,10,300,0.0001,50,least_cost,Unweighted k-means,All features mutable,α < 1,0.5479334203435323,27,1,2,True,,6.0,18.743962159940544,10.604893821233821,1.0,0.0,False,1.9286000001557113,Optimization terminated successfully
Wholesale Customers,3,42,10,300,0.0001,50,least_cost,Unweighted k-means,Random 25% immutable,α = 1,1.0,27,1,2,True,,4.0,9.62207238743406,7.598186252297608,1.0000000000000056,5.551115123125783e-15,True,1.6449999998258136,Optimization terminated successfully
Wholesale Customers,3,42,10,300,0.0001,50,least_cost,Unweighted k-means,Random 25% immutable,α < 1,0.5479334203435323,27,1,2,True,,4.0,19.22061222892301,10.738886039694156,1.0,0.0,False,1.5352999998867745,Optimization terminated successfully
Wholesale Customers,3,42,10,300,0.0001,50,least_cost,Unweighted k-means,Random 50% immutable,α = 1,1.0,27,1,2,True,,3.0,18.75128337851937,10.606964705848524,1.6577334855803465,0.6577334855803465,True,1.4360000000124273,Optimization terminated successfully
Wholesale Customers,3,42,10,300,0.0001,50,least_cost,Unweighted k-means,Random 50% immutable,α < 1,0.5479334203435323,27,1,2,True,,3.0,38.29997120606983,15.159149950984025,1.0,0.0,False,1.4957000000777043,Optimization terminated successfully
Wholesale Customers,3,42,10,300,0.0001,50,least_cost,Unweighted k-means,Random 75% immutable,α = 1,1.0,27,1,2,False,,,,,,,False,3.9337000000614353,Positive directional derivative for linesearch
Wholesale Customers,3,42,10,300,0.0001,50,least_cost,Unweighted k-means,Random 75% immutable,α < 1,0.5479334203435323,27,1,2,False,,,,,,,False,1.013199999988501,Positive directional derivative for linesearch
Wholesale Customers,3,42,10,300,0.0001,50,least_cost,Unweighted k-means,All features mutable,α = 1,1.0,307,1,2,True,,6.0,8.710138863600742,7.229165455403857,1.000000000000006,5.995204332975845e-15,True,2.0024000000375963,Optimization terminated successfully
Wholesale Customers,3,42,10,300,0.0001,50,least_cost,Unweighted k-means,All features mutable,α < 1,0.5479334203435323,307,1,2,True,,6.0,17.786795534585323,10.330574679441215,1.000000000000009,9.103828801926284e-15,True,1.7643999999563675,Optimization terminated successfully
Wholesale Customers,3,42,10,300,0.0001,50,least_cost,Unweighted k-means,Random 25% immutable,α = 1,1.0,307,1,2,True,,4.0,15.409157994828735,9.615349602015124,1.4000294704801812,0.4000294704801812,True,1.6020999999000196,Optimization terminated successfully
Wholesale Customers,3,42,10,300,0.0001,50,least_cost,Unweighted k-means,Random 25% immutable,α < 1,0.5479334203435323,307,1,2,True,,4.0,31.59170859188752,13.767724995485825,1.0000000000000175,1.7541523789077473e-14,True,1.6147999999702733,Optimization terminated successfully
Wholesale Customers,3,42,10,300,0.0001,50,least_cost,Unweighted k-means,Random 50% immutable,α = 1,1.0,307,1,2,False,,,,,,,False,3.01250000006803,Positive directional derivative for linesearch
Wholesale Customers,3,42,10,300,0.0001,50,least_cost,Unweighted k-means,Random 50% immutable,α < 1,0.5479334203435323,307,1,2,False,,,,,,,False,1.165499999842723,Positive directional derivative for linesearch
Wholesale Customers,3,42,10,300,0.0001,50,least_cost,Unweighted k-means,Random 75% immutable,α = 1,1.0,307,1,2,True,,2.0,18.40645972897934,10.508984649997165,1.000000000000003,3.1086244689504383e-15,True,1.4821000002029905,Optimization terminated successfully
Wholesale Customers,3,42,10,300,0.0001,50,least_cost,Unweighted k-means,Random 75% immutable,α < 1,0.5479334203435323,307,1,2,False,,,,,,,False,1.0508000000299944,Positive directional derivative for linesearch
Wholesale Customers,3,42,10,300,0.0001,50,least_cost,Unweighted k-means,All features mutable,α = 1,1.0,186,1,2,True,,6.0,8.592307239821979,7.180100517327865,1.921684870213174,0.9216848702131739,True,1.9747000001189008,Optimization terminated successfully
Wholesale Customers,3,42,10,300,0.0001,50,least_cost,Unweighted k-means,All features mutable,α < 1,0.5479334203435323,186,1,2,True,,6.0,17.61751887511998,10.281299200525188,1.3420333715536568,0.34203337155365676,True,1.7540999999710039,Optimization terminated successfully
Wholesale Customers,3,42,10,300,0.0001,50,least_cost,Unweighted k-means,Random 25% immutable,α = 1,1.0,186,1,2,True,,4.0,15.402770575823526,9.613356513462984,1.0719950530985645,0.07199505309856447,True,1.5650999998797488,Optimization terminated successfully
Wholesale Customers,3,42,10,300,0.0001,50,least_cost,Unweighted k-means,Random 25% immutable,α < 1,0.5479334203435323,186,1,2,True,,4.0,32.35983606904574,13.934095464517043,1.0000000000000122,1.2212453270876722e-14,True,1.5808999999080697,Optimization terminated successfully
Wholesale Customers,3,42,10,300,0.0001,50,least_cost,Unweighted k-means,Random 50% immutable,α = 1,1.0,186,1,2,True,,3.0,16.55254469333796,9.965704599275847,1.838292197983331,0.8382921979833311,True,1.5892999999778112,Optimization terminated successfully
Wholesale Customers,3,42,10,300,0.0001,50,least_cost,Unweighted k-means,Random 50% immutable,α < 1,0.5479334203435323,186,1,2,True,,3.0,34.38855093658174,14.364237035759693,1.232682981948004,0.23268298194800408,True,1.4325999998163752,Optimization terminated successfully
Wholesale Customers,3,42,10,300,0.0001,50,least_cost,Unweighted k-means,Random 75% immutable,α = 1,1.0,186,1,2,False,,,,,,,False,4.925100000036764,Positive directional derivative for linesearch
Wholesale Customers,3,42,10,300,0.0001,50,least_cost,Unweighted k-means,Random 75% immutable,α < 1,0.5479334203435323,186,1,2,False,,,,,,,False,1.7943999998806248,Positive directional derivative for linesearch
Wholesale Customers,3,42,10,300,0.0001,50,least_cost,Unweighted k-means,All features mutable,α = 1,1.0,366,1,0,True,,6.0,1.1229657798115815,2.595726233420907,2.3848885023349076,1.3848885023349076,True,1.7267999999148742,Optimization terminated successfully
Wholesale Customers,3,42,10,300,0.0001,50,least_cost,Unweighted k-means,All features mutable,α < 1,0.9753678154238276,366,1,0,True,,6.0,1.166502607918281,2.645565279389206,2.339960930360648,1.3399609303606481,True,1.7244999999093125,Optimization terminated successfully
Wholesale Customers,3,42,10,300,0.0001,50,least_cost,Unweighted k-means,Random 25% immutable,α = 1,1.0,366,1,0,True,,4.0,1.1257454460336414,2.5989368357468496,5.42879165828825,4.42879165828825,True,1.5378000000509928,Optimization terminated successfully
Wholesale Customers,3,42,10,300,0.0001,50,least_cost,Unweighted k-means,Random 25% immutable,α < 1,0.9753678154238276,366,1,0,True,,4.0,1.1693900404255388,2.6488375266431943,5.326520234614223,4.326520234614223,True,1.557599999841841,Optimization terminated successfully
Wholesale Customers,3,42,10,300,0.0001,50,least_cost,Unweighted k-means,Random 50% immutable,α = 1,1.0,366,1,0,True,,3.0,1.7678253712939773,3.2568316241039947,3.457036852616693,2.457036852616693,True,1.5051000000312342,Optimization terminated successfully
Wholesale Customers,3,42,10,300,0.0001,50,least_cost,Unweighted k-means,Random 50% immutable,α < 1,0.9753678154238276,366,1,0,True,,3.0,1.8363630869540213,3.3193641743147326,3.39191077888833,2.39191077888833,True,1.452900000003865,Optimization terminated successfully
Wholesale Customers,3,42,10,300,0.0001,50,least_cost,Unweighted k-means,Random 75% immutable,α = 1,1.0,366,1,0,False,,,,,,,False,4.845800000111922,Positive directional derivative for linesearch
Wholesale Customers,3,42,10,300,0.0001,50,least_cost,Unweighted k-means,Random 75% immutable,α < 1,0.9753678154238276,366,1,0,False,,,,,,,False,1.0466999999607651,Positive directional derivative for linesearch
Wholesale Customers,3,42,10,300,0.0001,50,least_cost,Unweighted k-means,All features mutable,α = 1,1.0,228,1,2,True,,6.0,9.841006655785897,7.684142107920401,2.3379356091333197,1.3379356091333197,True,1.989499999808686,Optimization terminated successfully
Wholesale Customers,3,42,10,300,0.0001,50,least_cost,Unweighted k-means,All features mutable,α < 1,0.5479334203435323,228,1,2,True,,6.0,19.387262663424234,10.785340791117608,1.665689446981321,0.665689446981321,True,2.215299999988929,Optimization terminated successfully
Wholesale Customers,3,42,10,300,0.0001,50,least_cost,Unweighted k-means,Random 25% immutable,α = 1,1.0,228,1,2,True,,4.0,17.410103093769862,10.220597759554927,1.3215107742836594,0.3215107742836594,True,1.6522000000804837,Optimization terminated successfully
Wholesale Customers,3,42,10,300,0.0001,50,least_cost,Unweighted k-means,Random 25% immutable,α < 1,0.5479334203435323,228,1,2,True,,4.0,36.21977645970088,14.741731877842755,1.0,0.0,False,1.6900999999052146,Optimization terminated successfully
Wholesale Customers,3,42,10,300,0.0001,50,least_cost,Unweighted k-means,Random 50% immutable,α = 1,1.0,228,1,2,True,,3.0,21.775294951525815,11.43030050826114,1.512075060474627,0.5120750604746269,True,1.5606000001753273,Optimization terminated successfully
Wholesale Customers,3,42,10,300,0.0001,50,least_cost,Unweighted k-means,Random 50% immutable,α < 1,0.5479334203435323,228,1,2,True,,3.0,42.898392163017725,16.043389697258693,1.0772955592268287,0.07729555922682874,True,1.794699999891236,Optimization terminated successfully
Wholesale Customers,3,42,10,300,0.0001,50,least_cost,Unweighted k-means,Random 75% immutable,α = 1,1.0,228,1,2,False,,,,,,,False,5.3193999999621155,Positive directional derivative for linesearch
Wholesale Customers,3,42,10,300,0.0001,50,least_cost,Unweighted k-means,Random 75% immutable,α < 1,0.5479334203435323,228,1,2,False,,,,,,,False,4.116199999998571,Positive directional derivative for linesearch
Wholesale Customers,3,42,10,300,0.0001,50,least_cost,Unweighted k-means,All features mutable,α = 1,1.0,95,1,0,True,,5.0,0.8202257057227781,2.2184125482733523,1.008259292140454,0.008259292140454066,True,1.8956000001253415,Optimization terminated successfully
Wholesale Customers,3,42,10,300,0.0001,50,least_cost,Unweighted k-means,All features mutable,α < 1,0.9753678154238276,95,1,0,True,,5.0,0.8575134402915412,2.2682770205046046,1.0,0.0,False,2.0910999999159685,Optimization terminated successfully
Wholesale Customers,3,42,10,300,0.0001,50,least_cost,Unweighted k-means,Random 25% immutable,α = 1,1.0,95,1,0,True,,3.0,1.2899379022413608,2.7820185861076063,4.046957078774351,3.0469570787743514,True,1.6646999999920808,Optimization terminated successfully
Wholesale Customers,3,42,10,300,0.0001,50,least_cost,Unweighted k-means,Random 25% immutable,α < 1,0.9753678154238276,95,1,0,True,,3.0,1.3485785278549964,2.8445511363183438,3.9579916367140897,2.9579916367140897,True,1.573500000176864,Optimization terminated successfully
Wholesale Customers,3,42,10,300,0.0001,50,least_cost,Unweighted k-means,Random 50% immutable,α = 1,1.0,95,1,0,True,,3.0,1.2899379022413626,2.782018586107608,4.046957103645056,3.046957103645056,True,1.4678000000003522,Optimization terminated successfully
Wholesale Customers,3,42,10,300,0.0001,50,least_cost,Unweighted k-means,Random 50% immutable,α < 1,0.9753678154238276,95,1,0,True,,3.0,1.3485785278549964,2.8445511363183433,3.957991638352703,2.957991638352703,True,1.477900000054433,Optimization terminated successfully
Wholesale Customers,3,42,10,300,0.0001,50,least_cost,Unweighted k-means,Random 75% immutable,α = 1,1.0,95,1,0,False,,,,,,,False,1.0059999999612046,Positive directional derivative for linesearch
Wholesale Customers,3,42,10,300,0.0001,50,least_cost,Unweighted k-means,Random 75% immutable,α < 1,0.9753678154238276,95,1,0,False,,,,,,,False,3.9631999998164247,Positive directional derivative for linesearch
Wholesale Customers,3,42,10,300,0.0001,50,least_cost,Unweighted k-means,All features mutable,α = 1,1.0,396,1,2,True,,6.0,6.978557556744466,6.4708071629795,2.1368869588765937,1.1368869588765937,True,1.991000000089116,Optimization terminated successfully
Wholesale Customers,3,42,10,300,0.0001,50,least_cost,Unweighted k-means,All features mutable,α < 1,0.5479334203435323,396,1,2,True,,6.0,15.306458340006193,9.583253624945819,1.296838682513613,0.2968386825136129,True,1.7921999999543914,Optimization terminated successfully
Wholesale Customers,3,42,10,300,0.0001,50,least_cost,Unweighted k-means,Random 25% immutable,α = 1,1.0,396,1,2,True,,4.0,7.143863317101203,6.546997777806803,2.5648484989502673,1.5648484989502673,True,1.5922000000045955,Optimization terminated successfully
Wholesale Customers,3,42,10,300,0.0001,50,least_cost,Unweighted k-means,Random 25% immutable,α < 1,0.5479334203435323,396,1,2,True,,4.0,15.688273722921263,9.702043204270304,1.7256671510030532,0.7256671510030532,True,1.704400000107853,Optimization terminated successfully
Wholesale Customers,3,42,10,300,0.0001,50,least_cost,Unweighted k-means,Random 50% immutable,α = 1,1.0,396,1,2,True,,3.0,14.883150999288983,9.449809839130833,1.0,0.0,False,1.498200000014549,Optimization terminated successfully
Wholesale Customers,3,42,10,300,0.0001,50,least_cost,Unweighted k-means,Random 50% immutable,α < 1,0.5479334203435323,396,1,2,True,,3.0,33.171364185080854,14.107734939049752,1.0000000000000002,2.220446049250313e-16,True,1.5455999998721381,Optimization terminated successfully
Wholesale Customers,3,42,10,300,0.0001,50,least_cost,Unweighted k-means,Random 75% immutable,α = 1,1.0,396,1,2,False,,,,,,,False,1.2947000000167463,Positive directional derivative for linesearch
Wholesale Customers,3,42,10,300,0.0001,50,least_cost,Unweighted k-means,Random 75% immutable,α < 1,0.5479334203435323,396,1,2,False,,,,,,,False,1.9288000000869943,Positive directional derivative for linesearch
Wholesale Customers,3,42,10,300,0.0001,50,least_cost,Unweighted k-means,All features mutable,α = 1,1.0,324,1,2,True,,6.0,7.906756914349053,6.887709451341158,1.0,0.0,False,1.9093999999313382,Optimization terminated successfully
Wholesale Customers,3,42,10,300,0.0001,50,least_cost,Unweighted k-means,All features mutable,α < 1,0.5479334203435323,324,1,2,True,,6.0,16.630722402259096,9.989210900444268,1.0000000000000078,7.771561172376096e-15,True,2.9746000000159256,Optimization terminated successfully
Wholesale Customers,3,42,10,300,0.0001,50,least_cost,Unweighted k-means,Random 25% immutable,α = 1,1.0,324,1,2,True,,4.0,8.10781922752452,6.974734071285236,1.0000000000000115,1.1546319456101628e-14,True,3.6418999998204526,Optimization terminated successfully
Wholesale Customers,3,42,10,300,0.0001,50,least_cost,Unweighted k-means,Random 25% immutable,α < 1,0.5479334203435323,324,1,2,True,,4.0,17.05363183904777,10.115423423381081,1.0000000000000155,1.554312234475219e-14,True,2.1965999999338237,Optimization terminated successfully
Wholesale Customers,3,42,10,300,0.0001,50,least_cost,Unweighted k-means,Random 50% immutable,α = 1,1.0,324,1,2,True,,3.0,17.21151243603645,10.16213927360862,1.682718870971696,0.682718870971696,True,1.5057000000524567,Optimization terminated successfully
Wholesale Customers,3,42,10,300,0.0001,50,least_cost,Unweighted k-means,Random 50% immutable,α < 1,0.5479334203435323,324,1,2,True,,3.0,36.20091268599377,14.73789252627263,1.1602760411048187,0.16027604110481874,True,1.5323999998599902,Optimization terminated successfully
Wholesale Customers,3,42,10,300,0.0001,50,least_cost,Unweighted k-means,Random 75% immutable,α = 1,1.0,324,1,2,True,,2.0,16.125706573913686,9.836373287115638,1.2485368200986504,0.2485368200986504,True,1.435700000001816,Optimization terminated successfully
Wholesale Customers,3,42,10,300,0.0001,50,least_cost,Unweighted k-means,Random 75% immutable,α < 1,0.5479334203435323,324,1,2,False,,,,,,,False,4.97599999994236,Positive directional derivative for linesearch
Wholesale Customers,3,42,10,300,0.0001,50,least_cost,Unweighted k-means,All features mutable,α = 1,1.0,303,1,2,True,,6.0,9.740426363406282,7.644773258929115,2.3011808693698006,1.3011808693698006,True,1.8491000000722124,Optimization terminated successfully
Wholesale Customers,3,42,10,300,0.0001,50,least_cost,Unweighted k-means,All features mutable,α < 1,0.5479334203435323,303,1,2,True,,6.0,19.2747013210145,10.753985676300998,1.639435802288182,0.6394358022881821,True,1.7910999999912747,Optimization terminated successfully
Wholesale Customers,3,42,10,300,0.0001,50,least_cost,Unweighted k-means,Random 25% immutable,α = 1,1.0,303,1,2,True,,4.0,20.95273879181142,11.212333956445844,1.0,0.0,False,1.7138999999133375,Optimization terminated successfully
Wholesale Customers,3,42,10,300,0.0001,50,least_cost,Unweighted k-means,Random 25% immutable,α < 1,0.5479334203435323,303,1,2,True,,4.0,41.30876590491844,15.74333495259218,1.0,0.0,False,1.840700000002471,Optimization terminated successfully
Wholesale Customers,3,42,10,300,0.0001,50,least_cost,Unweighted k-means,Random 50% immutable,α = 1,1.0,303,1,2,True,,3.0,19.806985343826877,10.901463757815337,1.1515444332356635,0.15154443323566347,True,1.4836999998806277,Optimization terminated successfully
Wholesale Customers,3,42,10,300,0.0001,50,least_cost,Unweighted k-means,Random 50% immutable,α < 1,0.5479334203435323,303,1,2,False,,,,,,,False,14.80519999995522,Positive directional derivative for linesearch
Wholesale Customers,3,42,10,300,0.0001,50,least_cost,Unweighted k-means,Random 75% immutable,α = 1,1.0,303,1,2,False,,,,,,,False,1.8385999999281921,Positive directional derivative for linesearch
Wholesale Customers,3,42,10,300,0.0001,50,least_cost,Unweighted k-means,Random 75% immutable,α < 1,0.5479334203435323,303,1,2,False,,,,,,,False,10.776800000030562,Positive directional derivative for linesearch
Wholesale Customers,3,42,10,300,0.0001,50,least_cost,Unweighted k-means,All features mutable,α = 1,1.0,75,1,2,True,,5.0,7.690154082872246,6.792711130118332,2.491904831483679,1.4919048314836791,True,1.9485999998778425,Optimization terminated successfully
Wholesale Customers,3,42,10,300,0.0001,50,least_cost,Unweighted k-means,All features mutable,α < 1,0.5479334203435323,75,1,2,True,,5.0,16.31596860919652,9.894231231135603,1.7107736361916506,0.7107736361916506,True,1.809099999945829,Optimization terminated successfully
Wholesale Customers,3,42,10,300,0.0001,50,least_cost,Unweighted k-means,Random 25% immutable,α = 1,1.0,75,1,2,True,,3.0,15.158768574851221,9.536907855752164,1.8546222353900033,0.8546222353900033,True,1.5977999998995074,Optimization terminated successfully
Wholesale Customers,3,42,10,300,0.0001,50,least_cost,Unweighted k-means,Random 25% immutable,α < 1,0.5479334203435323,75,1,2,True,,2.0,32.837341953411304,14.036525628533147,1.2338015906421638,0.23380159064216377,True,1.6129000000546512,Optimization terminated successfully
Wholesale Customers,3,42,10,300,0.0001,50,least_cost,Unweighted k-means,Random 50% immutable,α = 1,1.0,75,1,2,True,,2.0,15.318559088947527,9.587040968603668,1.8691402380524145,0.8691402380524145,True,1.6135000000758737,Optimization terminated successfully
Wholesale Customers,3,42,10,300,0.0001,50,least_cost,Unweighted k-means,Random 50% immutable,α < 1,0.5479334203435323,75,1,2,True,,2.0,32.837341953411915,14.036525628533276,1.2338015906421524,0.23380159064215245,True,1.678000000083557,Optimization terminated successfully
Wholesale Customers,3,42,10,300,0.0001,50,least_cost,Unweighted k-means,Random 75% immutable,α = 1,1.0,75,1,2,True,,1.0,16.25187989268631,9.87477996494696,1.1791332788877362,0.17913327888773622,True,1.3719000000946835,Optimization terminated successfully
Wholesale Customers,3,42,10,300,0.0001,50,least_cost,Unweighted k-means,Random 75% immutable,α < 1,0.5479334203435323,75,1,2,False,,,,,,,False,1.0173000000577304,Positive directional derivative for linesearch
Wholesale Customers,3,42,10,300,0.0001,50,least_cost,Unweighted k-means,All features mutable,α = 1,1.0,152,1,2,True,,6.0,8.53663100410243,7.156799984952395,1.0,0.0,False,2.0877000001746637,Optimization terminated successfully
Wholesale Customers,3,42,10,300,0.0001,50,least_cost,Unweighted k-means,All features mutable,α < 1,0.5479334203435323,152,1,2,True,,6.0,17.538467274097357,10.258206648561147,1.000000000000003,3.1086244689504383e-15,True,1.9465000000309374,Optimization terminated successfully
Wholesale Customers,3,42,10,300,0.0001,50,least_cost,Unweighted k-means,Random 25% immutable,α = 1,1.0,152,1,2,True,,4.0,9.155121135661641,7.411526618313521,2.2604848890567437,1.2604848890567437,True,1.5893999998297659,Optimization terminated successfully
Wholesale Customers,3,42,10,300,0.0001,50,least_cost,Unweighted k-means,Random 25% immutable,α < 1,0.5479334203435323,152,1,2,True,,4.0,18.80848785278635,10.62313170005522,1.5770909477885833,0.5770909477885833,True,1.6024000001380045,Optimization terminated successfully
Wholesale Customers,3,42,10,300,0.0001,50,least_cost,Unweighted k-means,Random 50% immutable,α = 1,1.0,152,1,2,False,,,,,,,False,4.844099999900209,Positive directional derivative for linesearch
Wholesale Customers,3,42,10,300,0.0001,50,least_cost,Unweighted k-means,Random 50% immutable,α < 1,0.5479334203435323,152,1,2,False,,,,,,,False,4.434799999899042,Positive directional derivative for linesearch
Wholesale Customers,3,42,10,300,0.0001,50,least_cost,Unweighted k-means,Random 75% immutable,α = 1,1.0,152,1,2,False,,,,,,,False,3.0770999999276683,Positive directional derivative for linesearch
Wholesale Customers,3,42,10,300,0.0001,50,least_cost,Unweighted k-means,Random 75% immutable,α < 1,0.5479334203435323,152,1,2,False,,,,,,,False,1.0643999999047082,Positive directional derivative for linesearch
Wholesale Customers,3,42,10,300,0.0001,50,least_cost,Unweighted k-means,All features mutable,α = 1,1.0,52,1,2,True,,6.0,7.971512638865475,6.9158568401314415,2.6157791913673667,1.6157791913673667,True,1.9634999998743297,Optimization terminated successfully
Wholesale Customers,3,42,10,300,0.0001,50,least_cost,Unweighted k-means,All features mutable,α < 1,0.5479334203435323,52,1,2,True,,6.0,16.72356689290833,10.017055523328697,1.8059551659186819,0.8059551659186819,True,1.773199999888675,Optimization terminated successfully
Wholesale Customers,3,42,10,300,0.0001,50,least_cost,Unweighted k-means,Random 25% immutable,α = 1,1.0,52,1,2,True,,4.0,8.549206948949845,7.162069651553178,2.4390235274396583,1.4390235274396583,True,1.580999999987398,Optimization terminated successfully
Wholesale Customers,3,42,10,300,0.0001,50,least_cost,Unweighted k-means,Random 25% immutable,α < 1,0.5479334203435323,52,1,2,True,,4.0,17.935521245366175,10.37367473329471,1.683921615361091,0.683921615361091,True,1.6296999999667605,Optimization terminated successfully
Wholesale Customers,3,42,10,300,0.0001,50,least_cost,Unweighted k-means,Random 50% immutable,α = 1,1.0,52,1,2,True,,3.0,18.020191677436582,10.39813204689282,1.6074499432317173,0.6074499432317173,True,1.4378999999280495,Optimization terminated successfully
Wholesale Customers,3,42,10,300,0.0001,50,least_cost,Unweighted k-means,Random 50% immutable,α < 1,0.5479334203435323,52,1,2,True,,3.0,37.80587919957366,15.061051596666216,1.1093565727874397,0.10935657278743971,True,1.478399999996327,Optimization terminated successfully
Wholesale Customers,3,42,10,300,0.0001,50,least_cost,Unweighted k-means,Random 75% immutable,α = 1,1.0,52,1,2,True,,2.0,16.33879645953459,9.90115037544666,1.7097007156597632,0.7097007156597632,True,1.3581999999132677,Optimization terminated successfully
Wholesale Customers,3,42,10,300,0.0001,50,least_cost,Unweighted k-means,Random 75% immutable,α < 1,0.5479334203435323,52,1,2,True,,2.0,35.337822444359304,14.56114468941765,1.1543867530902023,0.15438675309020233,True,1.6109999999116553,Optimization terminated successfully
Wholesale Customers,3,42,10,300,0.0001,50,least_cost,Unweighted k-means,All features mutable,α = 1,1.0,37,1,2,True,,6.0,7.9172354079849665,6.89227193659027,2.083399781570862,1.0833997815708618,True,1.754599999912898,Optimization terminated successfully
Wholesale Customers,3,42,10,300,0.0001,50,least_cost,Unweighted k-means,All features mutable,α < 1,0.5479334203435323,37,1,2,True,,6.0,16.678855994466417,10.003656129975605,1.5690966939307842,0.5690966939307842,True,1.7474000001129752,Optimization terminated successfully
Wholesale Customers,3,42,10,300,0.0001,50,least_cost,Unweighted k-means,Random 25% immutable,α = 1,1.0,37,1,2,True,,4.0,8.071178239581567,6.958956059459594,2.0306097002943533,1.0306097002943533,True,1.555300000063653,Optimization terminated successfully
Wholesale Customers,3,42,10,300,0.0001,50,least_cost,Unweighted k-means,Random 25% immutable,α < 1,0.5479334203435323,37,1,2,True,,4.0,17.00433113328416,10.10079139472274,1.6096813706520352,0.6096813706520352,True,1.5551999999843247,Optimization terminated successfully
Wholesale Customers,3,42,10,300,0.0001,50,least_cost,Unweighted k-means,Random 50% immutable,α = 1,1.0,37,1,2,True,,3.0,14.79486275421368,9.421739570020076,1.3262662029414503,0.32626620294145026,True,1.648500000101194,Optimization terminated successfully
Wholesale Customers,3,42,10,300,0.0001,50,least_cost,Unweighted k-means,Random 50% immutable,α < 1,0.5479334203435323,37,1,2,False,,,,,,,False,2.574600000116334,Positive directional derivative for linesearch
Wholesale Customers,3,42,10,300,0.0001,50,least_cost,Unweighted k-means,Random 75% immutable,α = 1,1.0,37,1,2,True,,2.0,17.736812844625586,10.31604948940017,1.6649823479428818,0.6649823479428818,True,1.3867000000118423,Optimization terminated successfully
Wholesale Customers,3,42,10,300,0.0001,50,least_cost,Unweighted k-means,Random 75% immutable,α < 1,0.5479334203435323,37,1,2,True,,2.0,37.19213382340481,14.938299867803861,1.1497988685532348,0.14979886855323477,True,1.5008999998826766,Optimization terminated successfully
Wholesale Customers,3,42,10,300,0.0001,50,least_cost,Unweighted k-means,All features mutable,α = 1,1.0,354,1,0,True,,6.0,0.6857307096068134,2.0283945024676244,6.773839855937952,5.773839855937952,True,1.7396000000644563,Optimization terminated successfully
Wholesale Customers,3,42,10,300,0.0001,50,least_cost,Unweighted k-means,All features mutable,α < 1,0.9753678154238276,354,1,0,True,,6.0,0.7198424469740929,2.0782335484359202,6.611393426480496,5.611393426480496,True,1.7477000001235865,Optimization terminated successfully
Wholesale Customers,3,42,10,300,0.0001,50,least_cost,Unweighted k-means,Random 25% immutable,α = 1,1.0,354,1,0,True,,4.0,1.09396666794267,2.56199141443839,4.880289133580724,3.8802891335807237,True,1.5425999999933993,Optimization terminated successfully
Wholesale Customers,3,42,10,300,0.0001,50,least_cost,Unweighted k-means,Random 25% immutable,α < 1,0.9753678154238276,354,1,0,True,,4.0,1.1483861406928566,2.624941302992724,4.763252682653737,3.7632526826537367,True,1.5653000000384054,Optimization terminated successfully
Wholesale Customers,3,42,10,300,0.0001,50,least_cost,Unweighted k-means,Random 50% immutable,α = 1,1.0,354,1,0,True,,3.0,1.8400775688601285,3.32271958087961,2.901439428887233,1.9014394288872332,True,1.6574999999647844,Optimization terminated successfully
Wholesale Customers,3,42,10,300,0.0001,50,least_cost,Unweighted k-means,Random 50% immutable,α < 1,0.9753678154238276,354,1,0,True,,3.0,1.9316123971608332,3.404361082929512,2.8318587129911843,1.8318587129911843,True,1.600600000074337,Optimization terminated successfully
Wholesale Customers,3,42,10,300,0.0001,50,least_cost,Unweighted k-means,Random 75% immutable,α = 1,1.0,354,1,0,True,,2.0,1.8874372771846615,3.3652078187101564,2.8286363061674895,1.8286363061674895,True,1.4863000001241744,Optimization terminated successfully
Wholesale Customers,3,42,10,300,0.0001,50,least_cost,Unweighted k-means,Random 75% immutable,α < 1,0.9753678154238276,354,1,0,True,,2.0,1.9813280185420732,3.4478932859432354,2.7608015115306497,1.7608015115306497,True,1.520099999879676,Optimization terminated successfully
Wholesale Customers,3,42,10,300,0.0001,50,least_cost,Ranked k-means,All features mutable,α = 1,1.0,167,1,2,True,,6.0,9.3988664907529,7.5095405281892855,2.414053350940905,1.4140533509409048,True,1.7531000000872154,Optimization terminated successfully
Wholesale Customers,3,42,10,300,0.0001,50,least_cost,Ranked k-means,All features mutable,α < 1,0.5479334203435323,167,1,2,True,,6.0,18.764631102009552,10.61073921138661,1.7084984293588525,0.7084984293588525,True,1.8777000000227417,Optimization terminated successfully
Wholesale Customers,3,42,10,300,0.0001,50,least_cost,Ranked k-means,Random 25% immutable,α = 1,1.0,167,1,2,True,,4.0,17.142683314623728,10.141799637526978,1.3235597075656103,0.32355970756561026,True,1.7569000001458335,Optimization terminated successfully
Wholesale Customers,3,42,10,300,0.0001,50,least_cost,Ranked k-means,Random 25% immutable,α < 1,0.5479334203435323,167,1,2,True,,4.0,41.00051145080833,15.684484967790624,1.0000000000000264,2.6423307986078726e-14,True,1.7772999999579042,Optimization terminated successfully
Wholesale Customers,3,42,10,300,0.0001,50,least_cost,Ranked k-means,Random 50% immutable,α = 1,1.0,167,1,2,True,,3.0,18.35712793583963,10.494892453714701,1.6873569797871486,0.6873569797871486,True,1.8956000001253415,Optimization terminated successfully
Wholesale Customers,3,42,10,300,0.0001,50,least_cost,Ranked k-means,Random 50% immutable,α < 1,0.5479334203435323,167,1,2,True,,3.0,37.5739414342447,15.014781004246057,1.1617239468973657,0.1617239468973657,True,2.0666000000346685,Optimization terminated successfully
Wholesale Customers,3,42,10,300,0.0001,50,least_cost,Ranked k-means,Random 75% immutable,α = 1,1.0,167,1,2,False,,,,,,,False,7.557099999985439,Positive directional derivative for linesearch
Wholesale Customers,3,42,10,300,0.0001,50,least_cost,Ranked k-means,Random 75% immutable,α < 1,0.5479334203435323,167,1,2,False,,,,,,,False,2.5974000000132946,Positive directional derivative for linesearch
Wholesale Customers,3,42,10,300,0.0001,50,least_cost,Ranked k-means,All features mutable,α = 1,1.0,208,1,0,True,,6.0,0.538577650587933,1.7976278545704611,2.129005896447284,1.1290058964472842,True,1.8591999998989195,Optimization terminated successfully
Wholesale Customers,3,42,10,300,0.0001,50,least_cost,Ranked k-means,All features mutable,α < 1,0.9753678154238276,208,1,0,True,,6.0,0.5688556580977118,1.847466900538754,2.0715709945317564,1.0715709945317564,True,1.9784999999501451,Optimization terminated successfully
Wholesale Customers,3,42,10,300,0.0001,50,least_cost,Ranked k-means,Random 25% immutable,α = 1,1.0,208,1,0,True,,4.0,1.9710652145879173,3.4389520624061487,1.0000000000000018,1.7763568394002505e-15,True,1.682000000073458,Optimization terminated successfully
Wholesale Customers,3,42,10,300,0.0001,50,least_cost,Ranked k-means,Random 25% immutable,α < 1,0.9753678154238276,208,1,0,True,,4.0,2.081978275038623,3.5343839138146462,1.0000000000000073,7.327471962526033e-15,True,1.7159999999876163,Optimization terminated successfully
Wholesale Customers,3,42,10,300,0.0001,50,least_cost,Ranked k-means,Random 50% immutable,α = 1,1.0,208,1,0,True,,3.0,1.981691200164139,3.448209274534368,1.0,0.0,False,1.5670000000227446,Optimization terminated successfully
Wholesale Customers,3,42,10,300,0.0001,50,least_cost,Ranked k-means,Random 50% immutable,α < 1,0.9753678154238276,208,1,0,True,,3.0,2.093202937822034,3.543898647948641,1.0,0.0,False,1.5362999999979365,Optimization terminated successfully
Wholesale Customers,3,42,10,300,0.0001,50,least_cost,Ranked k-means,Random 75% immutable,α = 1,1.0,208,1,0,True,,2.0,1.443248655125452,2.9427014681670842,2.7043882185662382,1.7043882185662382,True,1.3791999999739346,Optimization terminated successfully
Wholesale Customers,3,42,10,300,0.0001,50,least_cost,Ranked k-means,Random 75% immutable,α < 1,0.9753678154238276,208,1,0,True,,2.0,1.5243858756741766,3.024287561401042,2.6314320385123127,1.6314320385123127,True,1.4138999999886437,Optimization terminated successfully
Wholesale Customers,3,42,10,300,0.0001,50,least_cost,Ranked k-means,All features mutable,α = 1,1.0,184,1,2,True,,6.0,10.1556539854517,7.806018441735211,1.0,0.0,False,1.7650999998295447,Optimization terminated successfully
Wholesale Customers,3,42,10,300,0.0001,50,least_cost,Ranked k-means,All features mutable,α < 1,0.5479334203435323,184,1,2,True,,6.0,19.82874628702164,10.907450560150611,1.000000000000003,3.1086244689504383e-15,True,1.7559000000346714,Optimization terminated successfully
Wholesale Customers,3,42,10,300,0.0001,50,least_cost,Ranked k-means,Random 25% immutable,α = 1,1.0,184,1,2,True,,4.0,22.10371528850702,11.516175221445796,1.0,0.0,False,1.7488000000867032,Optimization terminated successfully
Wholesale Customers,3,42,10,300,0.0001,50,least_cost,Ranked k-means,Random 25% immutable,α < 1,0.5479334203435323,184,1,2,True,,4.0,43.15804044263418,16.091868836645578,1.000000000000016,1.5987211554602254e-14,True,1.82970000014393,Optimization terminated successfully
Wholesale Customers,3,42,10,300,0.0001,50,least_cost,Ranked k-means,Random 50% immutable,α = 1,1.0,184,1,2,False,,,,,,,False,9.39539999990302,Positive directional derivative for linesearch
Wholesale Customers,3,42,10,300,0.0001,50,least_cost,Ranked k-means,Random 50% immutable,α < 1,0.5479334203435323,184,1,2,False,,,,,,,False,11.280400000032387,Positive directional derivative for linesearch
Wholesale Customers,3,42,10,300,0.0001,50,least_cost,Ranked k-means,Random 75% immutable,α = 1,1.0,184,1,2,True,,2.0,20.713835449142167,11.148229128200272,1.1448338808216134,0.14483388082161341,True,1.3900000001285662,Optimization terminated successfully
Wholesale Customers,3,42,10,300,0.0001,50,least_cost,Ranked k-means,Random 75% immutable,α < 1,0.5479334203435323,184,1,2,False,,,,,,,False,1.0073999999349326,Positive directional derivative for linesearch
Wholesale Customers,3,42,10,300,0.0001,50,least_cost,Ranked k-means,All features mutable,α = 1,1.0,34,1,0,True,,6.0,1.0557937626762661,2.5168954241401447,1.0,0.0,False,1.9558999999844673,Optimization terminated successfully
Wholesale Customers,3,42,10,300,0.0001,50,least_cost,Ranked k-means,All features mutable,α < 1,0.9753678154238276,34,1,0,True,,6.0,1.0980297103718681,2.5667446819329753,1.0,0.0,False,2.3272999999335298,Optimization terminated successfully
Wholesale Customers,3,42,10,300,0.0001,50,least_cost,Ranked k-means,Random 25% immutable,α = 1,1.0,34,1,0,True,,4.0,2.8320388791483113,4.122163664253261,1.0,0.0,False,1.933900000040012,Optimization terminated successfully
Wholesale Customers,3,42,10,300,0.0001,50,least_cost,Ranked k-means,Random 25% immutable,α < 1,0.9753678154238276,34,1,0,True,,4.0,2.9454857022536345,4.203916532654022,1.0,0.0,False,1.6759000000092783,Optimization terminated successfully
Wholesale Customers,3,42,10,300,0.0001,50,least_cost,Ranked k-means,Random 50% immutable,α = 1,1.0,34,1,0,True,,3.0,2.8230582326847813,4.115622601272946,1.0,0.0,False,1.5843999999560765,Optimization terminated successfully
Wholesale Customers,3,42,10,300,0.0001,50,least_cost,Ranked k-means,Random 50% immutable,α < 1,0.9753678154238276,34,1,0,True,,3.0,2.936046942977377,4.197175438061204,1.0000000000000064,6.439293542825908e-15,True,1.8869000000449887,Optimization terminated successfully
Wholesale Customers,3,42,10,300,0.0001,50,least_cost,Ranked k-means,Random 75% immutable,α = 1,1.0,34,1,0,False,,,,,,,False,1.5171000000009371,Positive directional derivative for linesearch
Wholesale Customers,3,42,10,300,0.0001,50,least_cost,Ranked k-means,Random 75% immutable,α < 1,0.9753678154238276,34,1,0,False,,,,,,,False,7.467099999985294,Positive directional derivative for linesearch
Wholesale Customers,3,42,10,300,0.0001,50,least_cost,Ranked k-means,All features mutable,α = 1,1.0,342,1,0,True,,6.0,0.3584106274203824,1.4664459637239602,1.0,0.0,False,1.9429999999829306,Optimization terminated successfully
Wholesale Customers,3,42,10,300,0.0001,50,least_cost,Ranked k-means,All features mutable,α < 1,0.9753678154238276,342,1,0,True,,6.0,0.38319713866877825,1.5163056525689897,1.0000000000000056,5.551115123125783e-15,True,1.8098000000463799,Optimization terminated successfully
Wholesale Customers,3,42,10,300,0.0001,50,least_cost,Ranked k-means,Random 25% immutable,α = 1,1.0,342,1,0,True,,4.0,0.5653729964976035,1.8418029153483335,1.0000000000000278,2.7755575615628914e-14,True,1.6055999999480264,Optimization terminated successfully
Wholesale Customers,3,42,10,300,0.0001,50,least_cost,Ranked k-means,Random 25% immutable,α < 1,0.9753678154238276,342,1,0,True,,4.0,0.6044749997848626,1.9044290479587775,1.0,0.0,False,1.6497999999955937,Optimization terminated successfully
Wholesale Customers,3,42,10,300,0.0001,50,least_cost,Ranked k-means,Random 50% immutable,α = 1,1.0,342,1,0,True,,3.0,0.9626072979479922,2.403256912543466,1.0,0.0,False,1.5792000001511042,Optimization terminated successfully
Wholesale Customers,3,42,10,300,0.0001,50,least_cost,Ranked k-means,Random 50% immutable,α < 1,0.9753678154238276,342,1,0,True,,3.0,1.0292277799557767,2.485028506825357,1.0,0.0,False,1.5891000000465283,Optimization terminated successfully
Wholesale Customers,3,42,10,300,0.0001,50,least_cost,Ranked k-means,Random 75% immutable,α = 1,1.0,342,1,0,True,,2.0,0.4931211573373527,1.7200950392417613,6.246522785005342,5.246522785005342,True,1.4212000000952685,Optimization terminated successfully
Wholesale Customers,3,42,10,300,0.0001,50,least_cost,Ranked k-means,Random 75% immutable,α < 1,0.9753678154238276,342,1,0,True,,2.0,0.5272151517198185,1.778564283437321,6.041172148335985,5.041172148335985,True,1.551100000142469,Optimization terminated successfully
Wholesale Customers,3,42,10,300,0.0001,50,least_cost,Ranked k-means,All features mutable,α = 1,1.0,423,1,2,True,,6.0,8.738805492269902,7.2410519231406845,2.4764837485275777,1.4764837485275777,True,1.9497000000683329,Optimization terminated successfully
Wholesale Customers,3,42,10,300,0.0001,50,least_cost,Ranked k-means,All features mutable,α < 1,0.5479334203435323,423,1,2,True,,6.0,17.827024600715774,10.342250606337803,1.7338922089103428,0.7338922089103428,True,2.764300000080766,Optimization terminated successfully
Wholesale Customers,3,42,10,300,0.0001,50,least_cost,Ranked k-means,Random 25% immutable,α = 1,1.0,423,1,2,True,,4.0,8.80767917284702,7.269530592623029,2.457118351694158,1.4571183516941582,True,1.7612999999983003,Optimization terminated successfully
Wholesale Customers,3,42,10,300,0.0001,50,least_cost,Ranked k-means,Random 25% immutable,α < 1,0.5479334203435323,423,1,2,True,,4.0,17.967525816709077,10.38292612418361,1.7203336613861395,0.7203336613861395,True,1.795399999991787,Optimization terminated successfully
Wholesale Customers,3,42,10,300,0.0001,50,least_cost,Ranked k-means,Random 50% immutable,α = 1,1.0,423,1,2,True,,3.0,17.08217940091624,10.123886427923686,1.7487091505799237,0.7487091505799237,True,1.6961999999693944,Optimization terminated successfully
Wholesale Customers,3,42,10,300,0.0001,50,least_cost,Ranked k-means,Random 50% immutable,α < 1,0.5479334203435323,423,1,2,True,,3.0,35.75962299322547,14.647789524680945,1.190681062995913,0.19068106299591303,True,1.4665999999579071,Optimization terminated successfully
Wholesale Customers,3,42,10,300,0.0001,50,least_cost,Ranked k-means,Random 75% immutable,α = 1,1.0,423,1,2,False,,,,,,,False,10.054699999955119,Positive directional derivative for linesearch
Wholesale Customers,3,42,10,300,0.0001,50,least_cost,Ranked k-means,Random 75% immutable,α < 1,0.5479334203435323,423,1,2,False,,,,,,,False,2.038200000015422,Positive directional derivative for linesearch
Wholesale Customers,3,42,10,300,0.0001,50,least_cost,Ranked k-means,All features mutable,α = 1,1.0,267,1,2,True,,6.0,6.412614719647419,6.202877422445531,1.7259257062123525,0.7259257062123525,True,1.8079000001307577,Optimization terminated successfully
Wholesale Customers,3,42,10,300,0.0001,50,least_cost,Ranked k-means,All features mutable,α < 1,0.5479334203435323,267,1,2,True,,6.0,14.427638696598931,9.304076105642817,1.1506503190330848,0.1506503190330848,True,1.8893000001298788,Optimization terminated successfully
Wholesale Customers,3,42,10,300,0.0001,50,least_cost,Ranked k-means,Random 25% immutable,α = 1,1.0,267,1,2,True,,4.0,11.49540878577568,8.304965545663274,1.0,0.0,False,1.5945000000101572,Optimization terminated successfully
Wholesale Customers,3,42,10,300,0.0001,50,least_cost,Ranked k-means,Random 25% immutable,α < 1,0.5479334203435323,267,1,2,True,,4.0,25.8645548018797,12.457420632349145,1.0,0.0,False,1.7792999999528547,Optimization terminated successfully
Wholesale Customers,3,42,10,300,0.0001,50,least_cost,Ranked k-means,Random 50% immutable,α = 1,1.0,267,1,2,True,,3.0,11.499675326283802,8.306506603723543,1.5335085156062342,0.5335085156062342,True,1.5691000000970234,Optimization terminated successfully
Wholesale Customers,3,42,10,300,0.0001,50,least_cost,Ranked k-means,Random 50% immutable,α < 1,0.5479334203435323,267,1,2,True,,3.0,25.872934518812652,12.459438475022697,1.0223654151867136,0.022365415186713644,True,1.4651000001322245,Optimization terminated successfully
Wholesale Customers,3,42,10,300,0.0001,50,least_cost,Ranked k-means,Random 75% immutable,α = 1,1.0,267,1,2,False,,,,,,,False,3.855299999941053,Positive directional derivative for linesearch
Wholesale Customers,3,42,10,300,0.0001,50,least_cost,Ranked k-means,Random 75% immutable,α < 1,0.5479334203435323,267,1,2,False,,,,,,,False,1.0405999998965854,Positive directional derivative for linesearch
Wholesale Customers,3,42,10,300,0.0001,50,least_cost,Ranked k-means,All features mutable,α = 1,1.0,432,1,2,True,,6.0,9.29187179767288,7.466674680608315,2.4333734158502223,1.4333734158502223,True,1.912899999979345,Optimization terminated successfully
Wholesale Customers,3,42,10,300,0.0001,50,least_cost,Ranked k-means,All features mutable,α < 1,0.5479334203435323,432,1,2,True,,6.0,18.61332457223856,10.567873363805575,1.7192869685465249,0.7192869685465249,True,2.0125999999436317,Optimization terminated successfully
Wholesale Customers,3,42,10,300,0.0001,50,least_cost,Ranked k-means,Random 25% immutable,α = 1,1.0,432,1,2,True,,4.0,18.655060180111246,10.579714602987524,1.212035424259532,0.21203542425953192,True,1.8774000000121305,Optimization terminated successfully
Wholesale Customers,3,42,10,300,0.0001,50,least_cost,Ranked k-means,Random 25% immutable,α < 1,0.5479334203435323,432,1,2,False,,,,,,,False,6.385099999988597,Positive directional derivative for linesearch
Wholesale Customers,3,42,10,300,0.0001,50,least_cost,Ranked k-means,Random 50% immutable,α = 1,1.0,432,1,2,True,,3.0,20.56021869745772,11.106813772848914,1.1697288597226665,0.1697288597226665,True,1.6402000001107808,Optimization terminated successfully
Wholesale Customers,3,42,10,300,0.0001,50,least_cost,Ranked k-means,Random 50% immutable,α < 1,0.5479334203435323,432,1,2,True,,3.0,41.18646058303623,15.720011561643885,1.000000000000023,2.3092638912203256e-14,True,1.4908000000559696,Optimization terminated successfully
Wholesale Customers,3,42,10,300,0.0001,50,least_cost,Ranked k-means,Random 75% immutable,α = 1,1.0,432,1,2,False,,,,,,,False,3.959600000143837,Positive directional derivative for linesearch
Wholesale Customers,3,42,10,300,0.0001,50,least_cost,Ranked k-means,Random 75% immutable,α < 1,0.5479334203435323,432,1,2,False,,,,,,,False,10.844700000006924,Positive directional derivative for linesearch
Wholesale Customers,3,42,10,300,0.0001,50,least_cost,Ranked k-means,All features mutable,α = 1,1.0,118,1,0,True,,6.0,1.1206999795535626,2.593106221758256,5.422371272647437,4.422371272647437,True,1.8276000000696513,Optimization terminated successfully
Wholesale Customers,3,42,10,300,0.0001,50,least_cost,Ranked k-means,All features mutable,α < 1,0.9753678154238276,118,1,0,True,,6.0,1.1641932813663631,2.6429452677265526,5.3201194868682755,4.3201194868682755,True,1.7923000000337197,Optimization terminated successfully
Wholesale Customers,3,42,10,300,0.0001,50,least_cost,Ranked k-means,Random 25% immutable,α = 1,1.0,118,1,0,True,,4.0,1.78228798202279,3.2701265865615565,3.409578816945661,2.409578816945661,True,1.598199999989447,Optimization terminated successfully
Wholesale Customers,3,42,10,300,0.0001,50,least_cost,Ranked k-means,Random 25% immutable,α < 1,0.9753678154238276,118,1,0,True,,4.0,1.851456885862965,3.332977844987541,3.3452830487422847,2.3452830487422847,True,1.6278000000511383,Optimization terminated successfully
Wholesale Customers,3,42,10,300,0.0001,50,least_cost,Ranked k-means,Random 50% immutable,α = 1,1.0,118,1,0,True,,3.0,1.5237733517282042,3.023679895486495,3.988028368406854,2.988028368406854,True,1.5894000000571396,Optimization terminated successfully
Wholesale Customers,3,42,10,300,0.0001,50,least_cost,Ranked k-means,Random 50% immutable,α < 1,0.9753678154238276,118,1,0,True,,3.0,1.5829095482929665,3.0817944918111913,3.912824534523296,2.912824534523296,True,1.5018999999938387,Optimization terminated successfully
Wholesale Customers,3,42,10,300,0.0001,50,least_cost,Ranked k-means,Random 75% immutable,α = 1,1.0,118,1,0,True,,2.0,4.252864420802803,5.051453902077779,1.9282490290972285,0.9282490290972285,True,1.3972000001558627,Optimization terminated successfully
Wholesale Customers,3,42,10,300,0.0001,50,least_cost,Ranked k-means,Random 75% immutable,α < 1,0.9753678154238276,118,1,0,True,,2.0,4.417914049782509,5.148541958525254,1.8918872880616802,0.8918872880616802,True,1.3716000000840722,Optimization terminated successfully
Wholesale Customers,3,42,10,300,0.0001,50,least_cost,Ranked k-means,All features mutable,α = 1,1.0,194,1,0,True,,6.0,1.081329556995649,2.547150828273405,1.653413864727133,0.653413864727133,True,1.7485999999280466,Optimization terminated successfully
Wholesale Customers,3,42,10,300,0.0001,50,least_cost,Ranked k-means,All features mutable,α < 1,0.9753678154238276,194,1,0,True,,6.0,1.1240594011523213,2.5969898742417015,1.621683287752448,0.6216832877524481,True,1.7411999999694672,Optimization terminated successfully
Wholesale Customers,3,42,10,300,0.0001,50,least_cost,Ranked k-means,Random 25% immutable,α = 1,1.0,194,1,0,True,,4.0,1.0840061614822052,2.5503013486435737,5.514200479575881,4.514200479575881,True,1.7602999998871383,Optimization terminated successfully
Wholesale Customers,3,42,10,300,0.0001,50,least_cost,Ranked k-means,Random 25% immutable,α < 1,0.9753678154238276,194,1,0,True,,4.0,1.1268417744045927,2.600202039539919,5.408376973677902,4.408376973677902,True,1.7541999998229585,Optimization terminated successfully
Wholesale Customers,3,42,10,300,0.0001,50,least_cost,Ranked k-means,Random 50% immutable,α = 1,1.0,194,1,0,True,,3.0,1.7022796775763984,3.19588455133448,3.511424945003797,2.511424945003797,True,1.6504999998687708,Optimization terminated successfully
Wholesale Customers,3,42,10,300,0.0001,50,least_cost,Ranked k-means,Random 50% immutable,α < 1,0.9753678154238276,194,1,0,True,,3.0,1.7695470012737236,3.2584171015452186,3.4440369068000716,2.4440369068000716,True,1.6892000001007546,Optimization terminated successfully
Wholesale Customers,3,42,10,300,0.0001,50,least_cost,Ranked k-means,Random 75% immutable,α = 1,1.0,194,1,0,True,,2.0,1.4882421255362477,2.98821899351729,4.01643467722449,3.01643467722449,True,1.5562999999474414,Optimization terminated successfully
Wholesale Customers,3,42,10,300,0.0001,50,least_cost,Ranked k-means,Random 75% immutable,α < 1,0.9753678154238276,194,1,0,True,,2.0,1.5470515363029766,3.046688237712855,3.9393549476942296,2.9393549476942296,True,1.5179000001808163,Optimization terminated successfully
Wholesale Customers,3,42,10,300,0.0001,50,least_cost,Ranked k-means,All features mutable,α = 1,1.0,153,1,0,True,,6.0,0.6631000306125195,1.9946428712115654,2.038409439608274,1.038409439608274,True,1.9655999999486085,Optimization terminated successfully
Wholesale Customers,3,42,10,300,0.0001,50,least_cost,Ranked k-means,All features mutable,α < 1,0.9753678154238276,153,1,0,True,,6.0,0.6966510516125727,2.0444819171798603,1.9887186241867552,0.9887186241867552,True,1.9706000000496715,Optimization terminated successfully
Wholesale Customers,3,42,10,300,0.0001,50,least_cost,Ranked k-means,Random 25% immutable,α = 1,1.0,153,1,0,True,,4.0,1.045466749597277,2.5045559481839614,2.744928105595066,1.7449281055950658,True,1.8274000001383683,Optimization terminated successfully
Wholesale Customers,3,42,10,300,0.0001,50,least_cost,Ranked k-means,Random 25% immutable,α < 1,0.9753678154238276,153,1,0,True,,4.0,1.098364465252932,2.5671359121631236,2.678014826516412,1.6780148265164119,True,1.6117000000122061,Optimization terminated successfully
Wholesale Customers,3,42,10,300,0.0001,50,least_cost,Ranked k-means,Random 50% immutable,α = 1,1.0,153,1,0,True,,3.0,1.0570094096585603,2.518343991187733,2.7149535688384683,1.7149535688384683,True,1.504999999951906,Optimization terminated successfully
Wholesale Customers,3,42,10,300,0.0001,50,least_cost,Ranked k-means,Random 50% immutable,α < 1,0.9753678154238276,153,1,0,True,,3.0,1.1104911518746645,2.5812684694250594,2.6487706131117226,1.6487706131117226,True,1.5012999999726162,Optimization terminated successfully
Wholesale Customers,3,42,10,300,0.0001,50,least_cost,Ranked k-means,Random 75% immutable,α = 1,1.0,153,1,0,True,,2.0,0.9126296350797884,2.340037993383597,5.135687366671029,4.135687366671029,True,1.4085000000250147,Optimization terminated successfully
Wholesale Customers,3,42,10,300,0.0001,50,least_cost,Ranked k-means,Random 75% immutable,α < 1,0.9753678154238276,153,1,0,True,,2.0,0.9588061614532621,2.398507237579152,5.01049301813515,4.01049301813515,True,1.3690999999198539,Optimization terminated successfully
Wholesale Customers,3,42,10,300,0.0001,50,least_cost,Ranked k-means,All features mutable,α = 1,1.0,297,1,0,True,,6.0,0.5066238373569649,1.7434858829774877,4.422854692102882,3.4228546921028817,True,1.7852999999377062,Optimization terminated successfully
Wholesale Customers,3,42,10,300,0.0001,50,least_cost,Ranked k-means,All features mutable,α < 1,0.9753678154238276,297,1,0,True,,6.0,0.5360023834630664,1.793324928945783,4.299937278912551,3.2999372789125507,True,1.9380000001092412,Optimization terminated successfully
Wholesale Customers,3,42,10,300,0.0001,50,least_cost,Ranked k-means,Random 25% immutable,α = 1,1.0,297,1,0,True,,4.0,0.5078778783912566,1.7456423661069698,7.3877735140680585,6.3877735140680585,True,1.582599999892409,Optimization terminated successfully
Wholesale Customers,3,42,10,300,0.0001,50,least_cost,Ranked k-means,Random 25% immutable,α < 1,0.9753678154238276,297,1,0,True,,4.0,0.5373291449254707,1.795543057003319,7.182456882450013,6.182456882450013,True,1.5760999999656633,Optimization terminated successfully
Wholesale Customers,3,42,10,300,0.0001,50,least_cost,Ranked k-means,Random 50% immutable,α = 1,1.0,297,1,0,True,,3.0,0.8101222898137885,2.204707177582259,5.385938614136851,4.385938614136851,True,1.4937999999347085,Optimization terminated successfully
Wholesale Customers,3,42,10,300,0.0001,50,least_cost,Ranked k-means,Random 50% immutable,α < 1,0.9753678154238276,297,1,0,True,,3.0,0.8571003695801078,2.2677306315964088,5.236255773508067,4.236255773508067,True,1.4912000001459091,Optimization terminated successfully
Wholesale Customers,3,42,10,300,0.0001,50,least_cost,Ranked k-means,Random 75% immutable,α = 1,1.0,297,1,0,True,,2.0,0.8114284704343964,2.206483814263404,5.377268707137065,4.377268707137065,True,1.4158000001316395,Optimization terminated successfully
Wholesale Customers,3,42,10,300,0.0001,50,least_cost,Ranked k-means,Random 75% immutable,α < 1,0.9753678154238276,297,1,0,True,,2.0,0.8584822941447534,2.269558054967645,5.227826840024595,4.227826840024595,True,1.3900999999805208,Optimization terminated successfully
Wholesale Customers,3,42,10,300,0.0001,50,least_cost,Ranked k-means,All features mutable,α = 1,1.0,171,0,1,True,,6.0,0.376414368356982,1.5028260744816386,2.0302387080790543,1.0302387080790543,True,1.7270999999254855,Optimization terminated successfully
Wholesale Customers,3,42,10,300,0.0001,50,least_cost,Ranked k-means,All features mutable,α < 1,0.9809177391988542,171,0,1,True,,6.0,0.396004049828159,1.5414357913870282,1.9793855063277697,0.9793855063277697,True,1.8239999999423162,Optimization terminated successfully
Wholesale Customers,3,42,10,300,0.0001,50,least_cost,Ranked k-means,Random 25% immutable,α = 1,1.0,171,0,1,True,,4.0,1.3766980008878436,2.8740542801636617,1.244160570745556,0.24416057074555608,True,1.668999999992593,Optimization terminated successfully
Wholesale Customers,3,42,10,300,0.0001,50,least_cost,Ranked k-means,Random 25% immutable,α < 1,0.9809177391988542,171,0,1,True,,4.0,1.4483453065874523,2.947892779516364,1.212996971771182,0.21299697177118193,True,1.8678000001273176,Optimization terminated successfully
Wholesale Customers,3,42,10,300,0.0001,50,least_cost,Ranked k-means,Random 50% immutable,α = 1,1.0,171,0,1,True,,3.0,0.6014710234811074,1.899691064590936,1.4440454976648218,0.4440454976648218,True,1.4591999999993277,Optimization terminated successfully
Wholesale Customers,3,42,10,300,0.0001,50,least_cost,Ranked k-means,Random 50% immutable,α < 1,0.9809177391988542,171,0,1,True,,3.0,0.632773297662531,1.9484968016332964,1.407875198600478,0.40787519860047805,True,1.4688999999634689,Optimization terminated successfully
Wholesale Customers,3,42,10,300,0.0001,50,least_cost,Ranked k-means,Random 75% immutable,α = 1,1.0,171,0,1,False,,,,,,,False,7.625899999993635,Positive directional derivative for linesearch
Wholesale Customers,3,42,10,300,0.0001,50,least_cost,Ranked k-means,Random 75% immutable,α < 1,0.9809177391988542,171,0,1,False,,,,,,,False,1.0947000000669505,Positive directional derivative for linesearch
Wholesale Customers,3,42,10,300,0.0001,50,least_cost,Ranked k-means,All features mutable,α = 1,1.0,29,1,2,True,,6.0,8.149213092017035,6.992515895734683,2.302797082366258,1.3027970823662578,True,1.8058999999084335,Optimization terminated successfully
Wholesale Customers,3,42,10,300,0.0001,50,least_cost,Ranked k-means,All features mutable,α < 1,0.5479334203435323,29,1,2,True,,6.0,16.980512333491035,10.09371457893209,1.5952772524846635,0.5952772524846635,True,1.7869999999220454,Optimization terminated successfully
Wholesale Customers,3,42,10,300,0.0001,50,least_cost,Ranked k-means,Random 25% immutable,α = 1,1.0,29,1,2,True,,4.0,8.293424363671562,7.054115549239988,2.5139720564299197,1.5139720564299197,True,1.625099999955637,Optimization terminated successfully
Wholesale Customers,3,42,10,300,0.0001,50,least_cost,Ranked k-means,Random 25% immutable,α < 1,0.5479334203435323,29,1,2,True,,4.0,17.28100530738955,10.182633836308625,1.7415777607764964,0.7415777607764964,True,1.5564000000267697,Optimization terminated successfully
Wholesale Customers,3,42,10,300,0.0001,50,least_cost,Ranked k-means,Random 50% immutable,α = 1,1.0,29,1,2,True,,3.0,8.903852210231438,7.309111660208006,2.341619867592539,1.3416198675925388,True,1.4945000000352593,Optimization terminated successfully
Wholesale Customers,3,42,10,300,0.0001,50,least_cost,Ranked k-means,Random 50% immutable,α < 1,0.5479334203435323,29,1,2,True,,3.0,18.552953587570485,10.550721374646518,1.6221791943775852,0.6221791943775852,True,1.73569999992651,Optimization terminated successfully
Wholesale Customers,3,42,10,300,0.0001,50,least_cost,Ranked k-means,Random 75% immutable,α = 1,1.0,29,1,2,False,,,,,,,False,1.1058000000048196,Positive directional derivative for linesearch
Wholesale Customers,3,42,10,300,0.0001,50,least_cost,Ranked k-means,Random 75% immutable,α < 1,0.5479334203435323,29,1,2,False,,,,,,,False,3.331799999841678,Positive directional derivative for linesearch
Wholesale Customers,3,42,10,300,0.0001,50,least_cost,Ranked k-means,All features mutable,α = 1,1.0,319,0,1,True,,6.0,0.42044059631134845,1.5882832171461396,1.9440514229614037,0.9440514229614037,True,1.7706999999518303,Optimization terminated successfully
Wholesale Customers,3,42,10,300,0.0001,50,least_cost,Ranked k-means,All features mutable,α < 1,0.9809177391988542,319,0,1,True,,6.0,0.44113010314446516,1.6268929340515283,1.8979148757886999,0.8979148757886999,True,1.7657999999300955,Optimization terminated successfully
Wholesale Customers,3,42,10,300,0.0001,50,least_cost,Ranked k-means,Random 25% immutable,α = 1,1.0,319,0,1,True,,4.0,0.670741432126149,2.006102837034257,1.2185890310544596,0.2185890310544596,True,1.5571999999792752,Optimization terminated successfully
Wholesale Customers,3,42,10,300,0.0001,50,least_cost,Ranked k-means,Random 25% immutable,α < 1,0.9809177391988542,319,0,1,True,,4.0,0.7037480198937869,2.0548693679557153,1.189669252256571,0.18966925225657105,True,1.690399999915826,Optimization terminated successfully
Wholesale Customers,3,42,10,300,0.0001,50,least_cost,Ranked k-means,Random 50% immutable,α = 1,1.0,319,0,1,True,,3.0,1.5459889870355927,3.0456417915134995,1.04538219666856,0.045382196668559915,True,1.6363000002002082,Optimization terminated successfully
Wholesale Customers,3,42,10,300,0.0001,50,least_cost,Ranked k-means,Random 50% immutable,α < 1,0.9809177391988542,319,0,1,True,,3.0,1.622065726512732,3.1196785666277207,1.0205730289341381,0.02057302893413815,True,1.6902999998364976,Optimization terminated successfully
Wholesale Customers,3,42,10,300,0.0001,50,least_cost,Ranked k-means,Random 75% immutable,α = 1,1.0,319,0,1,True,,2.0,1.5517328854369623,3.051294366760076,1.04151261859696,0.041512618596960094,True,1.5596000000641652,Optimization terminated successfully
Wholesale Customers,3,42,10,300,0.0001,50,least_cost,Ranked k-means,Random 75% immutable,α < 1,0.9809177391988542,319,0,1,True,,2.0,1.6280922770325352,3.125468550824854,1.0167951595577318,0.01679515955773181,True,1.4992999999776657,Optimization terminated successfully
Wholesale Customers,3,42,10,300,0.0001,50,least_cost,Ranked k-means,All features mutable,α = 1,1.0,211,0,2,True,,6.0,6.939709719905505,6.4527713673609295,2.519547358492068,1.5195473584920678,True,2.171700000189958,Optimization terminated successfully
Wholesale Customers,3,42,10,300,0.0001,50,least_cost,Ranked k-means,All features mutable,α < 1,0.5479334203435323,211,0,2,True,,6.0,15.034470793502846,9.497727347161376,1.7117846023395735,0.7117846023395735,True,1.8092000000251574,Optimization terminated successfully
Wholesale Customers,3,42,10,300,0.0001,50,least_cost,Ranked k-means,Random 25% immutable,α = 1,1.0,211,0,2,True,,4.0,7.280868986570297,6.609479095921386,2.4014890625608674,1.4014890625608674,True,1.5601000000060594,Optimization terminated successfully
Wholesale Customers,3,42,10,300,0.0001,50,least_cost,Ranked k-means,Random 25% immutable,α < 1,0.5479334203435323,211,0,2,True,,4.0,15.773572173476644,9.72838285846419,1.6315756130358305,0.6315756130358305,True,1.6399999999521242,Optimization terminated successfully
Wholesale Customers,3,42,10,300,0.0001,50,least_cost,Ranked k-means,Random 50% immutable,α = 1,1.0,211,0,2,True,,3.0,14.69133767198813,9.388718018554439,1.5222502472583124,0.5222502472583124,True,1.6730999998344487,Optimization terminated successfully
Wholesale Customers,3,42,10,300,0.0001,50,least_cost,Ranked k-means,Random 50% immutable,α < 1,0.5479334203435323,211,0,2,True,,3.0,31.827914431843418,13.819098617169665,1.0342191806890733,0.03421918068907326,True,1.5051999998831889,Optimization terminated successfully
Wholesale Customers,3,42,10,300,0.0001,50,least_cost,Ranked k-means,Random 75% immutable,α = 1,1.0,211,0,2,False,,,,,,,False,2.0431999998891115,Positive directional derivative for linesearch
Wholesale Customers,3,42,10,300,0.0001,50,least_cost,Ranked k-means,Random 75% immutable,α < 1,0.5479334203435323,211,0,2,False,,,,,,,False,6.090899999890098,Positive directional derivative for linesearch
Wholesale Customers,3,42,10,300,0.0001,50,least_cost,Ranked k-means,All features mutable,α = 1,1.0,205,0,2,True,,6.0,8.885388775090718,7.301529473373666,1.365685459285376,0.365685459285376,True,2.007300000059331,Optimization terminated successfully
Wholesale Customers,3,42,10,300,0.0001,50,least_cost,Ranked k-means,All features mutable,α < 1,0.5479334203435323,205,0,2,True,,6.0,17.914274463134397,10.36752847976828,1.1866715318597305,0.1866715318597305,True,1.8059000001358072,Optimization terminated successfully
Wholesale Customers,3,42,10,300,0.0001,50,least_cost,Ranked k-means,Random 25% immutable,α = 1,1.0,205,0,2,True,,4.0,15.96148787152012,9.786159983830261,1.071914446872181,0.07191444687218107,True,1.669700000093144,Optimization terminated successfully
Wholesale Customers,3,42,10,300,0.0001,50,least_cost,Ranked k-means,Random 25% immutable,α < 1,0.5479334203435323,205,0,2,False,,,,,,,False,12.005099999896629,Positive directional derivative for linesearch
Wholesale Customers,3,42,10,300,0.0001,50,least_cost,Ranked k-means,Random 50% immutable,α = 1,1.0,205,0,2,True,,3.0,16.57074633826884,9.971182378715827,1.262232058103936,0.2622320581039359,True,1.530699999875651,Optimization terminated successfully
Wholesale Customers,3,42,10,300,0.0001,50,least_cost,Ranked k-means,Random 50% immutable,α < 1,0.5479334203435323,205,0,2,False,,,,,,,False,5.9419000001526,Positive directional derivative for linesearch
Wholesale Customers,3,42,10,300,0.0001,50,least_cost,Ranked k-means,Random 75% immutable,α = 1,1.0,205,0,2,True,,2.0,9.65317925918005,7.610458301251002,2.1876131521582645,1.1876131521582645,True,1.6026999999212421,Optimization terminated successfully
Wholesale Customers,3,42,10,300,0.0001,50,least_cost,Ranked k-means,Random 75% immutable,α < 1,0.5479334203435323,205,0,2,True,,2.0,19.383344196283087,10.7842507935275,1.5438012029613637,0.5438012029613637,True,1.385399999890069,Optimization terminated successfully
Wholesale Customers,3,42,10,300,0.0001,50,least_cost,Ranked k-means,All features mutable,α = 1,1.0,327,1,2,True,,6.0,9.790356523025892,7.664342055137893,1.0,0.0,False,1.751300000023548,Optimization terminated successfully
Wholesale Customers,3,42,10,300,0.0001,50,least_cost,Ranked k-means,All features mutable,α < 1,0.5479334203435323,327,1,2,True,,6.0,19.31727650953255,10.76585616926008,1.0,0.0,False,1.7610999998396437,Optimization terminated successfully
Wholesale Customers,3,42,10,300,0.0001,50,least_cost,Ranked k-means,Random 25% immutable,α = 1,1.0,327,1,2,True,,4.0,19.659908787620154,10.860913991267998,1.0000000000000062,6.217248937900877e-15,True,1.556700000037381,Optimization terminated successfully
Wholesale Customers,3,42,10,300,0.0001,50,least_cost,Ranked k-means,Random 25% immutable,α < 1,0.5479334203435323,327,1,2,False,,,,,,,False,1.6401000000314525,Positive directional derivative for linesearch
Wholesale Customers,3,42,10,300,0.0001,50,least_cost,Ranked k-means,Random 50% immutable,α = 1,1.0,327,1,2,True,,3.0,19.66117404451196,10.861263474710103,1.1775466677168733,0.17754666771687333,True,1.6724999998132262,Optimization terminated successfully
Wholesale Customers,3,42,10,300,0.0001,50,least_cost,Ranked k-means,Random 50% immutable,α < 1,0.5479334203435323,327,1,2,False,,,,,,,False,2.65809999996236,Positive directional derivative for linesearch
Wholesale Customers,3,42,10,300,0.0001,50,least_cost,Ranked k-means,Random 75% immutable,α = 1,1.0,327,1,2,True,,2.0,21.670003741474474,11.402632259651579,1.5052705657458207,0.5052705657458207,True,1.4987999998083978,Optimization terminated successfully
Wholesale Customers,3,42,10,300,0.0001,50,least_cost,Ranked k-means,Random 75% immutable,α < 1,0.5479334203435323,327,1,2,True,,2.0,42.75620467324714,16.01677957766426,1.0716290763170593,0.07162907631705928,True,1.51729999993222,Optimization terminated successfully
Wholesale Customers,3,42,10,300,0.0001,50,least_cost,Ranked k-means,All features mutable,α = 1,1.0,80,1,2,True,,6.0,9.587432438188312,7.584496992492639,1.167293974814837,0.167293974814837,True,1.9234000001233653,Optimization terminated successfully
Wholesale Customers,3,42,10,300,0.0001,50,least_cost,Ranked k-means,All features mutable,α < 1,0.5479334203435323,80,1,2,True,,6.0,19.03079800995271,10.685728241898925,1.0,0.0,False,1.7465000000811415,Optimization terminated successfully
Wholesale Customers,3,42,10,300,0.0001,50,least_cost,Ranked k-means,Random 25% immutable,α = 1,1.0,80,1,2,True,,4.0,9.831185383694049,7.680306784378102,1.138355647975376,0.13835564797537603,True,1.5892000001258566,Optimization terminated successfully
Wholesale Customers,3,42,10,300,0.0001,50,least_cost,Ranked k-means,Random 25% immutable,α < 1,0.5479334203435323,80,1,2,True,,4.0,19.514675113037683,10.820723204953822,1.0,0.0,False,1.655100000107268,Optimization terminated successfully
Wholesale Customers,3,42,10,300,0.0001,50,least_cost,Ranked k-means,Random 50% immutable,α = 1,1.0,80,1,2,True,,3.0,10.475254548053096,7.927895514467795,2.1867119249050724,1.1867119249050724,True,1.6823000000840693,Optimization terminated successfully
Wholesale Customers,3,42,10,300,0.0001,50,least_cost,Ranked k-means,Random 50% immutable,α < 1,0.5479334203435323,80,1,2,True,,3.0,20.79297450976074,11.169505228906267,1.5520851628000476,0.5520851628000476,True,2.648899999940113,Optimization terminated successfully
Wholesale Customers,3,42,10,300,0.0001,50,least_cost,Ranked k-means,Random 75% immutable,α = 1,1.0,80,1,2,False,,,,,,,False,1.0299000000486558,Positive directional derivative for linesearch
Wholesale Customers,3,42,10,300,0.0001,50,least_cost,Ranked k-means,Random 75% immutable,α < 1,0.5479334203435323,80,1,2,False,,,,,,,False,3.3479999999599386,Positive directional derivative for linesearch
Wholesale Customers,3,42,10,300,0.0001,50,least_cost,Ranked k-means,All features mutable,α = 1,1.0,343,0,2,True,,6.0,9.95322591682989,7.727829934786307,2.1444416757223976,1.1444416757223976,True,1.9365999999081396,Optimization terminated successfully
Wholesale Customers,3,42,10,300,0.0001,50,least_cost,Ranked k-means,All features mutable,α < 1,0.5479334203435323,343,0,2,True,,6.0,19.343643866754178,10.773201158454485,1.5799758160912274,0.5799758160912274,True,1.9382999998924788,Optimization terminated successfully
Wholesale Customers,3,42,10,300,0.0001,50,least_cost,Ranked k-means,Random 25% immutable,α = 1,1.0,343,0,2,False,,,,,,,False,16.541500000130327,Positive directional derivative for linesearch
Wholesale Customers,3,42,10,300,0.0001,50,least_cost,Ranked k-means,Random 25% immutable,α < 1,0.5479334203435323,343,0,2,False,,,,,,,False,3.7612999999510066,Positive directional derivative for linesearch
Wholesale Customers,3,42,10,300,0.0001,50,least_cost,Ranked k-means,Random 50% immutable,α = 1,1.0,343,0,2,True,,3.0,17.930525835261747,10.372229992223007,1.2130518311875258,0.2130518311875258,True,1.6196000001400535,Optimization terminated successfully
Wholesale Customers,3,42,10,300,0.0001,50,least_cost,Ranked k-means,Random 50% immutable,α < 1,0.5479334203435323,343,0,2,False,,,,,,,False,1.9305000000713335,Positive directional derivative for linesearch
Wholesale Customers,3,42,10,300,0.0001,50,least_cost,Ranked k-means,Random 75% immutable,α = 1,1.0,343,0,2,False,,,,,,,False,6.08009999996284,Positive directional derivative for linesearch
Wholesale Customers,3,42,10,300,0.0001,50,least_cost,Ranked k-means,Random 75% immutable,α < 1,0.5479334203435323,343,0,2,False,,,,,,,False,4.599300000108997,Positive directional derivative for linesearch
Wholesale Customers,3,42,10,300,0.0001,50,least_cost,Ranked k-means,All features mutable,α = 1,1.0,235,1,0,True,,6.0,0.7302240040576091,2.0931660288533385,2.1871744874070913,1.1871744874070913,True,1.808400000072652,Optimization terminated successfully
Wholesale Customers,3,42,10,300,0.0001,50,least_cost,Ranked k-means,All features mutable,α < 1,0.9753678154238276,235,1,0,True,,6.0,0.7654117917852113,2.143005074821632,2.1363095558498877,1.1363095558498877,True,1.74990000004982,Optimization terminated successfully
Wholesale Customers,3,42,10,300,0.0001,50,least_cost,Ranked k-means,Random 25% immutable,α = 1,1.0,235,1,0,True,,4.0,0.7378665184024288,2.1040910413797627,2.1645214492833658,1.1645214492833658,True,1.5708000000813627,Optimization terminated successfully
Wholesale Customers,3,42,10,300,0.0001,50,least_cost,Ranked k-means,Random 25% immutable,α < 1,0.9753678154238276,235,1,0,True,,4.0,0.7734225810305768,2.1541902158777577,2.1141827296736984,1.1141827296736984,True,1.5661999998428655,Optimization terminated successfully
Wholesale Customers,3,42,10,300,0.0001,50,least_cost,Ranked k-means,Random 50% immutable,α = 1,1.0,235,1,0,True,,3.0,2.7629484268113127,4.071571018767557,1.0000000000000009,8.881784197001252e-16,True,1.4739999999164866,Optimization terminated successfully
Wholesale Customers,3,42,10,300,0.0001,50,least_cost,Ranked k-means,Random 50% immutable,α < 1,0.9753678154238276,235,1,0,True,,3.0,2.8963366561517434,4.168695231953334,1.0000000000000013,1.3322676295501878e-15,True,1.8153000000893371,Optimization terminated successfully
Wholesale Customers,3,42,10,300,0.0001,50,least_cost,Ranked k-means,Random 75% immutable,α = 1,1.0,235,1,0,True,,2.0,2.0073841191033783,3.4704905582093537,1.118014529307954,0.11801452930795397,True,1.3769000001957465,Optimization terminated successfully
Wholesale Customers,3,42,10,300,0.0001,50,least_cost,Ranked k-means,Random 75% immutable,α < 1,0.9753678154238276,235,1,0,True,,2.0,2.104115267187085,3.553124203165787,1.0920137995172225,0.09201379951722255,True,1.391600000033577,Optimization terminated successfully
Wholesale Customers,3,42,10,300,0.0001,50,least_cost,Ranked k-means,All features mutable,α = 1,1.0,417,1,0,True,,6.0,0.29062399406224726,1.3205089792854434,1.3843424524776184,0.38434245247761845,True,1.3163999999505904,Optimization terminated successfully
Wholesale Customers,3,42,10,300,0.0001,50,least_cost,Ranked k-means,All features mutable,α < 1,0.9753678154238276,417,1,0,True,,6.0,0.3129756183861363,1.3703480252537374,1.3339942540374747,0.33399425403747474,True,1.5596000000641652,Optimization terminated successfully
Wholesale Customers,3,42,10,300,0.0001,50,least_cost,Ranked k-means,Random 25% immutable,α = 1,1.0,417,1,0,True,,4.0,0.29353045889927243,1.3270956082346268,1.3706351443173532,0.3706351443173532,True,1.211400000102003,Optimization terminated successfully
Wholesale Customers,3,42,10,300,0.0001,50,least_cost,Ranked k-means,Random 25% immutable,α < 1,0.9753678154238276,417,1,0,True,,4.0,0.3161056167629759,1.3771832487283076,1.320785658426618,0.320785658426618,True,1.2225999998918269,Optimization terminated successfully
Wholesale Customers,3,42,10,300,0.0001,50,least_cost,Ranked k-means,Random 50% immutable,α = 1,1.0,417,1,0,True,,3.0,1.0690904983211191,2.5326948078927147,1.0,0.0,False,1.9003999998403742,Optimization terminated successfully
Wholesale Customers,3,42,10,300,0.0001,50,least_cost,Ranked k-means,Random 50% immutable,α < 1,0.9753678154238276,417,1,0,True,,3.0,1.1514203931229572,2.628406809977813,1.0000000000000016,1.5543122344752192e-15,True,1.4665999999579071,Optimization terminated successfully
Wholesale Customers,3,42,10,300,0.0001,50,least_cost,Ranked k-means,Random 75% immutable,α = 1,1.0,417,1,0,True,,2.0,1.1047793277698528,2.5746215191012283,2.5158684410931866,1.5158684410931866,True,1.3363999999000953,Optimization terminated successfully
Wholesale Customers,3,42,10,300,0.0001,50,least_cost,Ranked k-means,Random 75% immutable,α < 1,0.9753678154238276,417,1,0,True,,2.0,1.189746890667706,2.6717936567044687,2.424367177477262,1.424367177477262,True,1.3523000000077445,Optimization terminated successfully
Wholesale Customers,3,42,10,300,0.0001,50,least_cost,Ranked k-means,All features mutable,α = 1,1.0,71,1,0,True,,6.0,0.044676128812114815,0.5177419945037189,24.250670548844525,23.250670548844525,True,1.2542000001758424,Optimization terminated successfully
Wholesale Customers,3,42,10,300,0.0001,50,least_cost,Ranked k-means,All features mutable,α < 1,0.9753678154238276,71,1,0,True,,6.0,0.053691372909070244,0.5675810404289606,22.121229646690235,21.121229646690235,True,1.4389000000392116,Optimization terminated successfully
Wholesale Customers,3,42,10,300,0.0001,50,least_cost,Ranked k-means,Random 25% immutable,α = 1,1.0,71,1,0,True,,4.0,0.07038736441028957,0.6498647447444257,15.392337724888097,14.392337724888097,True,1.2483999998949002,Optimization terminated successfully
Wholesale Customers,3,42,10,300,0.0001,50,least_cost,Ranked k-means,Random 25% immutable,α < 1,0.9753678154238276,71,1,0,True,,4.0,0.0845909063995417,0.7124222332277751,14.040743255481576,13.040743255481576,True,1.3268000000152824,Optimization terminated successfully
Wholesale Customers,3,42,10,300,0.0001,50,least_cost,Ranked k-means,Random 50% immutable,α = 1,1.0,71,1,0,True,,3.0,0.06074444185126202,0.6037107346300645,17.83580601310092,16.83580601310092,True,1.134000000092783,Optimization terminated successfully
Wholesale Customers,3,42,10,300,0.0001,50,least_cost,Ranked k-means,Random 50% immutable,α < 1,0.9753678154238276,71,1,0,True,,3.0,0.07300212812317433,0.6618253309892619,16.269651593943728,15.269651593943728,True,1.1491000000205531,Optimization terminated successfully
Wholesale Customers,3,42,10,300,0.0001,50,least_cost,Ranked k-means,Random 75% immutable,α = 1,1.0,71,1,0,True,,2.0,0.16488754653988935,0.9946483193769223,10.016685774364428,9.016685774364428,True,1.4890999998442567,Optimization terminated successfully
Wholesale Customers,3,42,10,300,0.0001,50,least_cost,Ranked k-means,Random 75% immutable,α < 1,0.9753678154238276,71,1,0,True,,2.0,0.19816038194728747,1.090395474900609,9.137124925821565,8.137124925821565,True,1.453099999935148,Optimization terminated successfully
Wholesale Customers,3,42,10,300,0.0001,50,least_cost,Ranked k-means,All features mutable,α = 1,1.0,277,1,0,True,,6.0,1.3414151376124948,2.836986222327308,4.930487492435708,3.9304874924357076,True,3.1574000001910463,Optimization terminated successfully
Wholesale Customers,3,42,10,300,0.0001,50,least_cost,Ranked k-means,All features mutable,α < 1,0.9753678154238276,277,1,0,True,,6.0,1.3889600216116658,2.8868252682956053,4.84536613241511,3.8453661324151103,True,2.1523000000343018,Optimization terminated successfully
Wholesale Customers,3,42,10,300,0.0001,50,least_cost,Ranked k-means,Random 25% immutable,α = 1,1.0,277,1,0,True,,4.0,2.1134032527877205,3.560957668482781,3.6062594558148264,2.6062594558148264,True,1.9532999999682943,Optimization terminated successfully
Wholesale Customers,3,42,10,300,0.0001,50,least_cost,Ranked k-means,Random 25% immutable,α < 1,0.9753678154238276,277,1,0,True,,4.0,2.188310348793874,3.6235151569661253,3.5439998714885466,2.5439998714885466,True,3.1197000000702246,Optimization terminated successfully
Wholesale Customers,3,42,10,300,0.0001,50,least_cost,Ranked k-means,Random 50% immutable,α = 1,1.0,277,1,0,True,,3.0,2.143441918156717,3.5861750527463525,3.555720579130059,2.555720579130059,True,1.7193999999562948,Optimization terminated successfully
Wholesale Customers,3,42,10,300,0.0001,50,least_cost,Ranked k-means,Random 50% immutable,α < 1,0.9753678154238276,277,1,0,True,,3.0,2.2194136993751026,3.649175550210022,3.4943334766795173,2.4943334766795173,True,1.646299999947587,Optimization terminated successfully
Wholesale Customers,3,42,10,300,0.0001,50,least_cost,Ranked k-means,Random 75% immutable,α = 1,1.0,277,1,0,True,,2.0,1.8461998959628485,3.328242685829429,3.5824022192384217,2.5824022192384217,True,1.5816999998605752,Optimization terminated successfully
Wholesale Customers,3,42,10,300,0.0001,50,least_cost,Ranked k-means,Random 75% immutable,α < 1,0.9753678154238276,277,1,0,True,,2.0,1.9116362828289295,3.3867119300249877,3.5205545585116815,2.5205545585116815,True,1.5362999999979365,Optimization terminated successfully
Wholesale Customers,3,42,10,300,0.0001,50,least_cost,Ranked k-means,All features mutable,α = 1,1.0,377,1,2,True,,6.0,7.986865810849283,6.922513623323229,1.0,0.0,False,1.9287999998596206,Optimization terminated successfully
Wholesale Customers,3,42,10,300,0.0001,50,least_cost,Ranked k-means,All features mutable,α < 1,0.5479334203435323,377,1,2,True,,6.0,16.74684687580912,10.024025202225637,1.0,0.0,False,1.9518000001426117,Optimization terminated successfully
Wholesale Customers,3,42,10,300,0.0001,50,least_cost,Ranked k-means,Random 25% immutable,α = 1,1.0,377,1,2,True,,4.0,8.724656666038586,7.235187626885119,1.0,0.0,False,1.7164999999295105,Optimization terminated successfully
Wholesale Customers,3,42,10,300,0.0001,50,least_cost,Ranked k-means,Random 25% immutable,α < 1,0.5479334203435323,377,1,2,True,,4.0,18.29385194654555,10.47678918749792,1.0,0.0,False,1.739499999985128,Optimization terminated successfully
Wholesale Customers,3,42,10,300,0.0001,50,least_cost,Ranked k-means,Random 50% immutable,α = 1,1.0,377,1,2,True,,3.0,15.898594629464949,9.766860691992576,1.7783772373893376,0.7783772373893376,True,1.4799000000493834,Optimization terminated successfully
Wholesale Customers,3,42,10,300,0.0001,50,least_cost,Ranked k-means,Random 50% immutable,α < 1,0.5479334203435323,377,1,2,True,,3.0,34.12257069773515,14.308578692043836,1.000000000000013,1.3100631690576847e-14,True,1.5715000001819135,Optimization terminated successfully
Wholesale Customers,3,42,10,300,0.0001,50,least_cost,Ranked k-means,Random 75% immutable,α = 1,1.0,377,1,2,True,,2.0,18.06094116445991,10.409882179292879,1.6064977496653885,0.6064977496653885,True,1.3856999999006803,Optimization terminated successfully
Wholesale Customers,3,42,10,300,0.0001,50,least_cost,Ranked k-means,Random 75% immutable,α < 1,0.5479334203435323,377,1,2,True,,2.0,37.869357099002215,15.073690410580062,1.1094464515163176,0.1094464515163176,True,1.5309999998862622,Optimization terminated successfully
Wholesale Customers,3,42,10,300,0.0001,50,least_cost,Ranked k-means,All features mutable,α = 1,1.0,391,1,0,True,,6.0,1.0145333348500747,2.467225163843067,1.9277247793795398,0.9277247793795398,True,1.8807000001288543,Optimization terminated successfully
Wholesale Customers,3,42,10,300,0.0001,50,least_cost,Ranked k-means,All features mutable,α < 1,0.9753678154238276,391,1,0,True,,6.0,1.0559353727188838,2.5170642098113634,1.889554914697708,0.889554914697708,True,1.9279999999071151,Optimization terminated successfully
Wholesale Customers,3,42,10,300,0.0001,50,least_cost,Ranked k-means,Random 25% immutable,α = 1,1.0,391,1,0,True,,4.0,1.5945988922509209,3.0931526560300133,1.7010565792230548,0.7010565792230548,True,1.9196000000647473,Optimization terminated successfully
Wholesale Customers,3,42,10,300,0.0001,50,least_cost,Ranked k-means,Random 25% immutable,α < 1,0.9753678154238276,391,1,0,True,,4.0,1.6596727951525772,3.155635715813133,1.667374495827813,0.6673744958278129,True,1.5791000000717759,Optimization terminated successfully
Wholesale Customers,3,42,10,300,0.0001,50,least_cost,Ranked k-means,Random 50% immutable,α = 1,1.0,391,1,0,True,,3.0,1.6223004282802072,3.119904256492696,1.6720097539757128,0.6720097539757128,True,1.4708999999584194,Optimization terminated successfully
Wholesale Customers,3,42,10,300,0.0001,50,least_cost,Ranked k-means,Random 50% immutable,α < 1,0.9753678154238276,391,1,0,True,,3.0,1.6885048017187239,3.1829277105068448,1.6389030548385766,0.6389030548385766,True,1.4550999999300984,Optimization terminated successfully
Wholesale Customers,3,42,10,300,0.0001,50,least_cost,Ranked k-means,Random 75% immutable,α = 1,1.0,391,1,0,True,,2.0,2.7774019348207504,4.082206708255292,1.0000000000000042,4.218847493575595e-15,True,1.4116999998350366,Optimization terminated successfully
Wholesale Customers,3,42,10,300,0.0001,50,least_cost,Ranked k-means,Random 75% immutable,α < 1,0.9753678154238276,391,1,0,True,,2.0,2.8907549916131856,4.164676451980288,1.0,0.0,False,1.3988000000608736,Optimization terminated successfully
Wholesale Customers,3,42,10,300,0.0001,50,least_cost,Ranked k-means,All features mutable,α = 1,1.0,172,1,0,True,,6.0,0.4768883284804341,1.6915466209604169,1.0,0.0,False,1.9823000000087632,Optimization terminated successfully
Wholesale Customers,3,42,10,300,0.0001,50,least_cost,Ranked k-means,All features mutable,α < 1,0.9753678154238276,172,1,0,True,,6.0,0.5054053528044834,1.7413879857248646,1.0,0.0,False,1.823899999862988,Optimization terminated successfully
Wholesale Customers,3,42,10,300,0.0001,50,least_cost,Ranked k-means,Random 25% immutable,α = 1,1.0,172,1,0,True,,4.0,0.4818792030415883,1.7003750228257088,1.389577425592039,0.389577425592039,True,1.6000999999050691,Optimization terminated successfully
Wholesale Customers,3,42,10,300,0.0001,50,least_cost,Ranked k-means,Random 25% immutable,α < 1,0.9753678154238276,172,1,0,True,,4.0,0.5106933192493459,1.7504741973237068,1.3498063753711202,0.34980637537112025,True,1.613800000086485,Optimization terminated successfully
Wholesale Customers,3,42,10,300,0.0001,50,least_cost,Ranked k-means,Random 50% immutable,α = 1,1.0,172,1,0,True,,3.0,0.6551334685941692,1.9826247278708635,1.0,0.0,False,1.4828999999281223,Optimization terminated successfully
Wholesale Customers,3,42,10,300,0.0001,50,least_cost,Ranked k-means,Random 50% immutable,α < 1,0.9753678154238276,172,1,0,True,,3.0,0.694324266173383,2.0410648194117447,1.0,0.0,False,1.5760000001137087,Optimization terminated successfully
Wholesale Customers,3,42,10,300,0.0001,50,least_cost,Ranked k-means,Random 75% immutable,α = 1,1.0,172,1,0,True,,2.0,0.7614015424817445,2.1373837406723357,4.8933928618171425,3.8933928618171425,True,1.4274000000114029,Optimization terminated successfully
Wholesale Customers,3,42,10,300,0.0001,50,least_cost,Ranked k-means,Random 75% immutable,α < 1,0.9753678154238276,172,1,0,True,,2.0,0.8069297835582541,2.2003587665082085,4.753342264929121,3.7533422649291213,True,2.8550999998060433,Optimization terminated successfully
Wholesale Customers,3,42,10,300,0.0001,50,least_cost,Ranked k-means,All features mutable,α = 1,1.0,38,0,2,True,,6.0,8.769765073242347,7.253867274733808,1.2777889339008597,0.2777889339008597,True,3.61679999991793,Optimization terminated successfully
Wholesale Customers,3,42,10,300,0.0001,50,least_cost,Ranked k-means,All features mutable,α < 1,0.5479334203435323,38,0,2,True,,6.0,17.833795210689097,10.344214386029256,1.07556415678667,0.07556415678667006,True,1.7873000001600303,Optimization terminated successfully
Wholesale Customers,3,42,10,300,0.0001,50,least_cost,Ranked k-means,Random 25% immutable,α = 1,1.0,38,0,2,True,,4.0,9.162452265624616,7.414493481941143,2.3201110078916836,1.3201110078916836,True,1.59140000005209,Optimization terminated successfully
Wholesale Customers,3,42,10,300,0.0001,50,least_cost,Ranked k-means,Random 25% immutable,α < 1,0.5479334203435323,38,0,2,True,,4.0,18.492076251684303,10.533397244484128,1.6331338722845206,0.6331338722845206,True,1.8067999999402673,Optimization terminated successfully
Wholesale Customers,3,42,10,300,0.0001,50,least_cost,Ranked k-means,Random 50% immutable,α = 1,1.0,38,0,2,True,,3.0,19.73943766372483,10.882859274214152,1.1698195587533968,0.16981955875339683,True,1.4618999998674553,Optimization terminated successfully
Wholesale Customers,3,42,10,300,0.0001,50,least_cost,Ranked k-means,Random 50% immutable,α < 1,0.5479334203435323,38,0,2,True,,3.0,39.86322354908488,15.465424058024057,1.0,0.0,False,1.5047999997932493,Optimization terminated successfully
Wholesale Customers,3,42,10,300,0.0001,50,least_cost,Ranked k-means,Random 75% immutable,α = 1,1.0,38,0,2,True,,2.0,20.69644030841895,11.143547094642429,1.1157271644475182,0.11572716444751818,True,1.6821000001527864,Optimization terminated successfully
Wholesale Customers,3,42,10,300,0.0001,50,least_cost,Ranked k-means,Random 75% immutable,α < 1,0.5479334203435323,38,0,2,True,,2.0,41.80983929514759,15.838530101334705,1.0000000000000089,8.881784197001252e-15,True,1.3719999999466381,Optimization terminated successfully
Wholesale Customers,3,42,10,300,0.0001,50,least_cost,Ranked k-means,All features mutable,α = 1,1.0,340,1,2,True,,6.0,8.94848932785754,7.327409908497358,2.4338920008424494,1.4338920008424494,True,1.8857000000025437,Optimization terminated successfully
Wholesale Customers,3,42,10,300,0.0001,50,least_cost,Ranked k-means,All features mutable,α < 1,0.5479334203435323,340,1,2,True,,6.0,18.16709429470825,10.440429386201005,1.7065737001658647,0.7065737001658647,True,1.7807000001539564,Optimization terminated successfully
Wholesale Customers,3,42,10,300,0.0001,50,least_cost,Ranked k-means,Random 25% immutable,α = 1,1.0,340,1,2,False,,,,,,,False,26.70350000016697,Inequality constraints incompatible
Wholesale Customers,3,42,10,300,0.0001,50,least_cost,Ranked k-means,Random 25% immutable,α < 1,0.5479334203435323,340,1,2,False,,,,,,,False,10.617600000159655,Positive directional derivative for linesearch
Wholesale Customers,3,42,10,300,0.0001,50,least_cost,Ranked k-means,Random 50% immutable,α = 1,1.0,340,1,2,True,,3.0,18.15059893329637,10.43568845835186,1.2169426820678828,0.2169426820678828,True,1.5149999999266583,Optimization terminated successfully
Wholesale Customers,3,42,10,300,0.0001,50,least_cost,Ranked k-means,Random 50% immutable,α < 1,0.5479334203435323,340,1,2,False,,,,,,,False,4.9340000000484,Positive directional derivative for linesearch
Wholesale Customers,3,42,10,300,0.0001,50,least_cost,Ranked k-means,Random 75% immutable,α = 1,1.0,340,1,2,True,,2.0,9.808404406874292,7.671403159868849,2.2519705625060973,1.2519705625060973,True,1.6395999998621846,Optimization terminated successfully
Wholesale Customers,3,42,10,300,0.0001,50,least_cost,Ranked k-means,Random 75% immutable,α < 1,0.5479334203435323,340,1,2,True,,2.0,19.898352804107688,10.92657845918136,1.5810781282861126,0.5810781282861126,True,1.4613000000736065,Optimization terminated successfully
Wholesale Customers,3,42,10,300,0.0001,50,least_cost,Ranked k-means,All features mutable,α = 1,1.0,383,1,0,True,,6.0,1.0628661628857188,2.5253112634513615,1.796098242524479,0.7960982425244789,True,1.8554000000676751,Optimization terminated successfully
Wholesale Customers,3,42,10,300,0.0001,50,least_cost,Ranked k-means,All features mutable,α < 1,0.9753678154238276,383,1,0,True,,6.0,1.1052331860173588,2.575150309419657,1.7613378558212462,0.7613378558212462,True,1.8721000001278298,Optimization terminated successfully
Wholesale Customers,3,42,10,300,0.0001,50,least_cost,Ranked k-means,Random 25% immutable,α = 1,1.0,383,1,0,True,,4.0,1.6693702694262638,3.164841483638254,3.546263123712489,2.546263123712489,True,1.6289999998662097,Optimization terminated successfully
Wholesale Customers,3,42,10,300,0.0001,50,least_cost,Ranked k-means,Random 25% immutable,α < 1,0.9753678154238276,383,1,0,True,,4.0,1.7359132183785864,3.2273021721356554,3.4776293370484854,2.4776293370484854,True,1.6560000001391018,Optimization terminated successfully
Wholesale Customers,3,42,10,300,0.0001,50,least_cost,Ranked k-means,Random 50% immutable,α = 1,1.0,383,1,0,True,,3.0,2.8564198917083767,4.1398694846879245,1.0,0.0,False,1.5582999999423919,Optimization terminated successfully
Wholesale Customers,3,42,10,300,0.0001,50,least_cost,Ranked k-means,Random 50% immutable,α < 1,0.9753678154238276,383,1,0,True,,3.0,2.970350375982822,4.221623177866179,1.0,0.0,False,1.5859999998610874,Optimization terminated successfully
Wholesale Customers,3,42,10,300,0.0001,50,least_cost,Ranked k-means,Random 75% immutable,α = 1,1.0,383,1,0,True,,2.0,2.926463841610267,4.190320160758794,1.0,0.0,False,1.441299999896728,Optimization terminated successfully
Wholesale Customers,3,42,10,300,0.0001,50,least_cost,Ranked k-means,Random 75% immutable,α < 1,0.9753678154238276,383,1,0,True,,2.0,3.043191462222435,4.273072521422333,1.0,0.0,False,1.4616000000842178,Optimization terminated successfully
Wholesale Customers,3,42,10,300,0.0001,50,least_cost,Ranked k-means,All features mutable,α = 1,1.0,271,1,2,True,,6.0,8.553650649985201,7.163930757615627,1.0,0.0,False,1.8376999998963583,Optimization terminated successfully
Wholesale Customers,3,42,10,300,0.0001,50,least_cost,Ranked k-means,All features mutable,α < 1,0.5479334203435323,271,1,2,True,,6.0,17.563180919323774,10.265431579624046,1.0,0.0,False,1.775200000110999,Optimization terminated successfully
Wholesale Customers,3,42,10,300,0.0001,50,least_cost,Ranked k-means,Random 25% immutable,α = 1,1.0,271,1,2,True,,4.0,9.172582494592397,7.418591171344759,2.331739377587065,1.331739377587065,True,1.5346000000135973,Optimization terminated successfully
Wholesale Customers,3,42,10,300,0.0001,50,least_cost,Ranked k-means,Random 25% immutable,α < 1,0.5479334203435323,271,1,2,True,,4.0,18.83351206318869,10.6301962530864,1.6272720048393676,0.6272720048393676,True,1.5642999999272433,Optimization terminated successfully
Wholesale Customers,3,42,10,300,0.0001,50,least_cost,Ranked k-means,Random 50% immutable,α = 1,1.0,271,1,2,False,,,,,,,False,1.1042000000998087,Positive directional derivative for linesearch
Wholesale Customers,3,42,10,300,0.0001,50,least_cost,Ranked k-means,Random 50% immutable,α < 1,0.5479334203435323,271,1,2,False,,,,,,,False,3.000599999950282,Positive directional derivative for linesearch
Wholesale Customers,3,42,10,300,0.0001,50,least_cost,Ranked k-means,Random 75% immutable,α = 1,1.0,271,1,2,False,,,,,,,False,4.186800000070434,Positive directional derivative for linesearch
Wholesale Customers,3,42,10,300,0.0001,50,least_cost,Ranked k-means,Random 75% immutable,α < 1,0.5479334203435323,271,1,2,False,,,,,,,False,2.2469000000455708,Positive directional derivative for linesearch
Wholesale Customers,3,42,10,300,0.0001,50,least_cost,Ranked k-means,All features mutable,α = 1,1.0,257,1,2,True,,6.0,7.692728620401506,6.793848079138144,2.465399628045213,1.4653996280452128,True,1.783400000022084,Optimization terminated successfully
Wholesale Customers,3,42,10,300,0.0001,50,least_cost,Ranked k-means,All features mutable,α < 1,0.5479334203435323,257,1,2,True,,6.0,16.318658404800374,9.895046762335298,1.6927207556315031,0.6927207556315031,True,1.8107999999301683,Optimization terminated successfully
Wholesale Customers,3,42,10,300,0.0001,50,least_cost,Ranked k-means,Random 25% immutable,α = 1,1.0,257,1,2,False,,,,,,,False,1.6692000001512497,Positive directional derivative for linesearch
Wholesale Customers,3,42,10,300,0.0001,50,least_cost,Ranked k-means,Random 25% immutable,α < 1,0.5479334203435323,257,1,2,False,,,,,,,False,4.1727000000264525,Positive directional derivative for linesearch
Wholesale Customers,3,42,10,300,0.0001,50,least_cost,Ranked k-means,Random 50% immutable,α = 1,1.0,257,1,2,True,,3.0,15.450929259441008,9.628373463708503,1.2274763647933704,0.2274763647933704,True,1.5345000001616427,Optimization terminated successfully
Wholesale Customers,3,42,10,300,0.0001,50,least_cost,Ranked k-means,Random 50% immutable,α < 1,0.5479334203435323,257,1,2,False,,,,,,,False,8.084700000154044,Positive directional derivative for linesearch
Wholesale Customers,3,42,10,300,0.0001,50,least_cost,Ranked k-means,Random 75% immutable,α = 1,1.0,257,1,2,False,,,,,,,False,1.9517000000632834,Positive directional derivative for linesearch
Wholesale Customers,3,42,10,300,0.0001,50,least_cost,Ranked k-means,Random 75% immutable,α < 1,0.5479334203435323,257,1,2,False,,,,,,,False,10.02040000003035,Positive directional derivative for linesearch
Wholesale Customers,3,42,10,300,0.0001,50,least_cost,Ranked k-means,All features mutable,α = 1,1.0,296,1,2,True,,6.0,8.119178531938461,6.979618269764527,1.4774315671525524,0.4774315671525524,True,1.8720000000485015,Optimization terminated successfully
Wholesale Customers,3,42,10,300,0.0001,50,least_cost,Ranked k-means,All features mutable,α < 1,0.5479334203435323,296,1,2,True,,6.0,16.937145073187306,10.080816952961891,1.0229213073452685,0.022921307345268538,True,1.9537000000582339,Optimization terminated successfully
Wholesale Customers,3,42,10,300,0.0001,50,least_cost,Ranked k-means,Random 25% immutable,α = 1,1.0,296,1,2,True,,4.0,8.707574166863802,7.228101064676864,2.3160862627375223,1.3160862627375223,True,1.77439999993112,Optimization terminated successfully
Wholesale Customers,3,42,10,300,0.0001,50,least_cost,Ranked k-means,Random 25% immutable,α < 1,0.5479334203435323,296,1,2,True,,4.0,18.164577403927872,10.439706146418452,1.6035801295369856,0.6035801295369856,True,1.6459999999369757,Optimization terminated successfully
Wholesale Customers,3,42,10,300,0.0001,50,least_cost,Ranked k-means,Random 50% immutable,α = 1,1.0,296,1,2,True,,3.0,15.645272586551522,9.688737560658208,1.87321117307129,0.8732111730712899,True,1.6805000000204018,Optimization terminated successfully
Wholesale Customers,3,42,10,300,0.0001,50,least_cost,Ranked k-means,Random 50% immutable,α < 1,0.5479334203435323,296,1,2,True,,3.0,33.20233879574366,14.11432013149985,1.2450850554834496,0.2450850554834496,True,1.5390999999453925,Optimization terminated successfully
Wholesale Customers,3,42,10,300,0.0001,50,least_cost,Ranked k-means,Random 75% immutable,α = 1,1.0,296,1,2,False,,,,,,,False,1.0399000000234082,Positive directional derivative for linesearch
Wholesale Customers,3,42,10,300,0.0001,50,least_cost,Ranked k-means,Random 75% immutable,α < 1,0.5479334203435323,296,1,2,False,,,,,,,False,8.867400000099224,Positive directional derivative for linesearch
Wholesale Customers,3,42,10,300,0.0001,50,least_cost,Ranked k-means,All features mutable,α = 1,1.0,189,1,2,True,,6.0,8.046635899096172,6.948367822343391,1.5948455001788968,0.5948455001788968,True,1.7605000000457949,Optimization terminated successfully
Wholesale Customers,3,42,10,300,0.0001,50,least_cost,Ranked k-means,All features mutable,α < 1,0.5479334203435323,189,1,2,True,,6.0,16.87241194209988,10.061534259376117,1.1347325104494619,0.13473251044946188,True,1.9617000000380358,Optimization terminated successfully
Wholesale Customers,3,42,10,300,0.0001,50,least_cost,Ranked k-means,Random 25% immutable,α = 1,1.0,189,1,2,True,,4.0,8.543736626697061,7.159777912769528,2.450196340533133,1.4501963405331328,True,1.6143000000283791,Optimization terminated successfully
Wholesale Customers,3,42,10,300,0.0001,50,least_cost,Ranked k-means,Random 25% immutable,α < 1,0.5479334203435323,189,1,2,True,,4.0,17.927597536473115,10.371382994511325,1.691467833529218,0.6914678335292179,True,1.7192000000250118,Optimization terminated successfully
Wholesale Customers,3,42,10,300,0.0001,50,least_cost,Ranked k-means,Random 50% immutable,α = 1,1.0,189,1,2,True,,3.0,17.82313302143396,10.34112170553097,1.0000000000000053,5.329070518200751e-15,True,1.7154999998183484,Optimization terminated successfully
Wholesale Customers,3,42,10,300,0.0001,50,least_cost,Ranked k-means,Random 50% immutable,α < 1,0.5479334203435323,189,1,2,True,,3.0,37.42810097711044,14.985613296180528,1.0,0.0,False,1.4597000001685956,Optimization terminated successfully
Wholesale Customers,3,42,10,300,0.0001,50,least_cost,Ranked k-means,Random 75% immutable,α = 1,1.0,189,1,2,True,,2.0,16.249069323565447,9.873926065218065,1.288309591808306,0.28830959180830606,True,1.6585000000759464,Optimization terminated successfully
Wholesale Customers,3,42,10,300,0.0001,50,least_cost,Ranked k-means,Random 75% immutable,α < 1,0.5479334203435323,189,1,2,False,,,,,,,False,2.3361999999451655,Positive directional derivative for linesearch
Wholesale Customers,3,42,10,300,0.0001,50,least_cost,Ranked k-means,All features mutable,α = 1,1.0,392,1,0,True,,6.0,0.8938678243993582,2.3158598719257926,1.0000000000000027,2.6645352591003757e-15,True,1.7975000000660657,Optimization terminated successfully
Wholesale Customers,3,42,10,300,0.0001,50,least_cost,Ranked k-means,All features mutable,α < 1,0.9753678154238276,392,1,0,True,,6.0,0.9327690608590367,2.365716459162894,1.0,0.0,False,1.7722999998568412,Optimization terminated successfully
Wholesale Customers,3,42,10,300,0.0001,50,least_cost,Ranked k-means,Random 25% immutable,α = 1,1.0,392,1,0,True,,4.0,0.9026269717241514,2.327178942484851,1.4617859010219088,0.46178590102190875,True,1.5561000000161584,Optimization terminated successfully
Wholesale Customers,3,42,10,300,0.0001,50,least_cost,Ranked k-means,Random 25% immutable,α < 1,0.9753678154238276,392,1,0,True,,4.0,0.9418994011127272,2.377266583005861,1.4309872343451275,0.43098723434512753,True,1.5624000000116212,Optimization terminated successfully
Wholesale Customers,3,42,10,300,0.0001,50,least_cost,Ranked k-means,Random 50% immutable,α = 1,1.0,392,1,0,True,,3.0,1.411261898963463,2.9099091727716826,4.268402881348081,3.2684028813480808,True,1.6117000000122061,Optimization terminated successfully
Wholesale Customers,3,42,10,300,0.0001,50,least_cost,Ranked k-means,Random 50% immutable,α < 1,0.9753678154238276,392,1,0,True,,3.0,1.4726645437015853,2.9725388579814247,4.178470061559713,3.178470061559713,True,1.600600000074337,Optimization terminated successfully
Wholesale Customers,3,42,10,300,0.0001,50,least_cost,Ranked k-means,Random 75% immutable,α = 1,1.0,392,1,0,True,,2.0,1.4268682280242313,2.9259544371273773,3.83034412743007,2.83034412743007,True,1.4816999998856772,Optimization terminated successfully
Wholesale Customers,3,42,10,300,0.0001,50,least_cost,Ranked k-means,Random 75% immutable,α < 1,0.9753678154238276,392,1,0,True,,2.0,1.4889498890949666,2.9889294629632532,3.7496409279234655,2.7496409279234655,True,1.4556000000993663,Optimization terminated successfully
Wholesale Customers,3,42,10,300,0.0001,50,least_cost,Ranked k-means,All features mutable,α = 1,1.0,290,1,2,True,,6.0,8.98924298800954,7.3440763835936,1.9105450742261374,0.9105450742261374,True,2.009099999895625,Optimization terminated successfully
Wholesale Customers,3,42,10,300,0.0001,50,least_cost,Ranked k-means,All features mutable,α < 1,0.5479334203435323,290,1,2,True,,6.0,18.183961870154743,10.445275066791131,1.3433108148112012,0.3433108148112012,True,1.7597000000932894,Optimization terminated successfully
Wholesale Customers,3,42,10,300,0.0001,50,least_cost,Ranked k-means,Random 25% immutable,α = 1,1.0,290,1,2,True,,4.0,19.56122913358625,10.8336224228795,1.0,0.0,False,1.5739000000394299,Optimization terminated successfully
Wholesale Customers,3,42,10,300,0.0001,50,least_cost,Ranked k-means,Random 25% immutable,α < 1,0.5479334203435323,290,1,2,True,,4.0,39.57193723416416,15.408816418044086,1.0,0.0,False,1.5521000000262575,Optimization terminated successfully
Wholesale Customers,3,42,10,300,0.0001,50,least_cost,Ranked k-means,Random 50% immutable,α = 1,1.0,290,1,2,True,,3.0,16.401767127137212,9.920211830541891,1.3506979591404014,0.35069795914040136,True,1.6998000000967295,Optimization terminated successfully
Wholesale Customers,3,42,10,300,0.0001,50,least_cost,Ranked k-means,Random 50% immutable,α < 1,0.5479334203435323,290,1,2,True,,3.0,37.35456087938764,14.970883917669186,1.0,0.0,False,1.460899999983667,Optimization terminated successfully
Wholesale Customers,3,42,10,300,0.0001,50,least_cost,Ranked k-means,Random 75% immutable,α = 1,1.0,290,1,2,True,,2.0,16.63279195973951,9.989832418936619,1.3319371414320305,0.33193714143203046,True,1.6026000000692875,Optimization terminated successfully
Wholesale Customers,3,42,10,300,0.0001,50,least_cost,Ranked k-means,Random 75% immutable,α < 1,0.5479334203435323,290,1,2,True,,2.0,37.99108958228194,15.097898446263693,1.0,0.0,False,1.705800000081581,Optimization terminated successfully
Wholesale Customers,3,42,10,300,0.0001,50,least_cost,Ranked k-means,All features mutable,α = 1,1.0,27,1,0,True,,6.0,1.1491815516209656,2.6258502070235834,1.0,0.0,False,1.791200000070603,Optimization terminated successfully
Wholesale Customers,3,42,10,300,0.0001,50,least_cost,Ranked k-means,All features mutable,α < 1,0.9753678154238276,27,1,0,True,,6.0,1.1932228742839524,2.6756937877312703,1.0,0.0,False,1.8098000000463799,Optimization terminated successfully
Wholesale Customers,3,42,10,300,0.0001,50,least_cost,Ranked k-means,Random 25% immutable,α = 1,1.0,27,1,0,True,,4.0,1.828277321389303,3.3120482980077175,1.000000000000001,1.1102230246251565e-15,True,1.7374999999901775,Optimization terminated successfully
Wholesale Customers,3,42,10,300,0.0001,50,least_cost,Ranked k-means,Random 25% immutable,α < 1,0.9753678154238276,27,1,0,True,,4.0,1.8983783734161725,3.3749474426273713,1.0,0.0,False,1.7814000000271335,Optimization terminated successfully
Wholesale Customers,3,42,10,300,0.0001,50,least_cost,Ranked k-means,Random 50% immutable,α = 1,1.0,27,1,0,True,,3.0,1.5787528377522815,3.0777454453729094,1.0,0.0,False,1.466999999820473,Optimization terminated successfully
Wholesale Customers,3,42,10,300,0.0001,50,least_cost,Ranked k-means,Random 50% immutable,α < 1,0.9753678154238276,27,1,0,True,,3.0,1.639278597452618,3.1361874281866045,1.0,0.0,False,1.5149000000747037,Optimization terminated successfully
Wholesale Customers,3,42,10,300,0.0001,50,least_cost,Ranked k-means,Random 75% immutable,α = 1,1.0,27,1,0,True,,2.0,1.5816202486230537,3.0805391560144666,3.9206146384441145,2.9206146384441145,True,1.4350999999805936,Optimization terminated successfully
Wholesale Customers,3,42,10,300,0.0001,50,least_cost,Ranked k-means,Random 75% immutable,α < 1,0.9753678154238276,27,1,0,True,,2.0,1.642228956098185,3.1390084002100265,3.8475866211473266,2.8475866211473266,True,1.3950999998542102,Optimization terminated successfully
Wholesale Customers,3,42,10,300,0.0001,50,least_cost,Ranked k-means,All features mutable,α = 1,1.0,307,1,0,True,,6.0,1.0392421341834701,2.4970888660800243,2.4272678393009155,1.4272678393009155,True,1.7606999999770778,Optimization terminated successfully
Wholesale Customers,3,42,10,300,0.0001,50,least_cost,Ranked k-means,All features mutable,α < 1,0.9753678154238276,307,1,0,True,,6.0,1.0811402981951344,2.5469279120483184,2.3797690165973133,1.3797690165973133,True,1.7323000001852051,Optimization terminated successfully
Wholesale Customers,3,42,10,300,0.0001,50,least_cost,Ranked k-means,Random 25% immutable,α = 1,1.0,307,1,0,True,,4.0,1.4102139712882649,2.9088286006104913,1.7887494129376333,0.7887494129376333,True,1.5886999999565887,Optimization terminated successfully
Wholesale Customers,3,42,10,300,0.0001,50,least_cost,Ranked k-means,Random 25% immutable,α < 1,0.9753678154238276,307,1,0,True,,4.0,1.4670682637741983,2.9668855021124743,1.753745016603568,0.753745016603568,True,1.82730000005904,Optimization terminated successfully
Wholesale Customers,3,42,10,300,0.0001,50,least_cost,Ranked k-means,Random 50% immutable,α = 1,1.0,307,1,0,False,,,,,,,False,1.1942000000999542,Positive directional derivative for linesearch
Wholesale Customers,3,42,10,300,0.0001,50,least_cost,Ranked k-means,Random 50% immutable,α < 1,0.9753678154238276,307,1,0,False,,,,,,,False,1.1167000000114058,Positive directional derivative for linesearch
Wholesale Customers,3,42,10,300,0.0001,50,least_cost,Ranked k-means,Random 75% immutable,α = 1,1.0,307,1,0,True,,2.0,2.8604586561443526,4.142795184035305,2.2902251481752076,1.2902251481752076,True,1.3663999998243526,Optimization terminated successfully
Wholesale Customers,3,42,10,300,0.0001,50,least_cost,Ranked k-means,Random 75% immutable,α < 1,0.9753678154238276,307,1,0,True,,2.0,2.975781122373921,4.225480651268389,2.2454093430691886,1.2454093430691886,True,1.4031000000613858,Optimization terminated successfully
Wholesale Customers,3,42,10,300,0.0001,50,least_cost,Ranked k-means,All features mutable,α = 1,1.0,186,1,0,True,,6.0,1.183713407211798,2.665010402094293,2.814111577039015,1.8141115770390148,True,1.8450000000029831,Optimization terminated successfully
Wholesale Customers,3,42,10,300,0.0001,50,least_cost,Ranked k-means,All features mutable,α < 1,0.9753678154238276,186,1,0,True,,6.0,1.228401254274288,2.7148494480625858,2.7624500949798914,1.7624500949798914,True,1.7909000000599917,Optimization terminated successfully
Wholesale Customers,3,42,10,300,0.0001,50,least_cost,Ranked k-means,Random 25% immutable,α = 1,1.0,186,1,0,True,,4.0,1.8884133286506122,3.366077832122079,1.7639684425195818,0.7639684425195818,True,1.7851000000064232,Optimization terminated successfully
Wholesale Customers,3,42,10,300,0.0001,50,least_cost,Ranked k-means,Random 25% immutable,α < 1,0.9753678154238276,186,1,0,True,,4.0,1.9597051848612328,3.4290277206764306,1.7315852570485049,0.7315852570485049,True,1.6456999999263644,Optimization terminated successfully
Wholesale Customers,3,42,10,300,0.0001,50,least_cost,Ranked k-means,Random 50% immutable,α = 1,1.0,186,1,0,True,,3.0,1.6094503247080063,3.1075234429120626,3.828773553526486,2.828773553526486,True,1.5542000001005363,Optimization terminated successfully
Wholesale Customers,3,42,10,300,0.0001,50,least_cost,Ranked k-means,Random 50% immutable,α < 1,0.9753678154238276,186,1,0,True,,3.0,1.670210699243798,3.1656380392367645,3.758485170825707,2.758485170825707,True,1.4932000001408596,Optimization terminated successfully
Wholesale Customers,3,42,10,300,0.0001,50,least_cost,Ranked k-means,Random 75% immutable,α = 1,1.0,186,1,0,True,,2.0,3.23650816571662,4.406705004229319,1.9039719493527565,0.9039719493527565,True,1.4254000000164524,Optimization terminated successfully
Wholesale Customers,3,42,10,300,0.0001,50,least_cost,Ranked k-means,Random 75% immutable,α < 1,0.9753678154238276,186,1,0,True,,2.0,3.35869363818391,4.489115929568255,1.8690189423640233,0.8690189423640233,True,1.3883999999961816,Optimization terminated successfully
Wholesale Customers,3,42,10,300,0.0001,50,least_cost,Ranked k-means,All features mutable,α = 1,1.0,366,1,0,True,,6.0,1.1229657798115815,2.595726233420907,2.3848885023349076,1.3848885023349076,True,1.8553999998403015,Optimization terminated successfully
Wholesale Customers,3,42,10,300,0.0001,50,least_cost,Ranked k-means,All features mutable,α < 1,0.9753678154238276,366,1,0,True,,6.0,1.166502607918281,2.645565279389206,2.339960930360648,1.3399609303606481,True,1.8047999999453168,Optimization terminated successfully
Wholesale Customers,3,42,10,300,0.0001,50,least_cost,Ranked k-means,Random 25% immutable,α = 1,1.0,366,1,0,True,,4.0,1.1257454460336414,2.5989368357468496,5.42879165828825,4.42879165828825,True,1.6045999998368643,Optimization terminated successfully
Wholesale Customers,3,42,10,300,0.0001,50,least_cost,Ranked k-means,Random 25% immutable,α < 1,0.9753678154238276,366,1,0,True,,4.0,1.1693900404255388,2.6488375266431943,5.326520234614223,4.326520234614223,True,1.5877000000728003,Optimization terminated successfully
Wholesale Customers,3,42,10,300,0.0001,50,least_cost,Ranked k-means,Random 50% immutable,α = 1,1.0,366,1,0,True,,3.0,1.7943825573549097,3.2812033378212724,1.4925180036449794,0.49251800364497944,True,1.6564000000016676,Optimization terminated successfully
Wholesale Customers,3,42,10,300,0.0001,50,least_cost,Ranked k-means,Random 50% immutable,α < 1,0.9753678154238276,366,1,0,True,,3.0,1.8639498819890736,3.3442038352849313,1.4644013532255433,0.4644013532255433,True,1.5025999998670159,Optimization terminated successfully
Wholesale Customers,3,42,10,300,0.0001,50,least_cost,Ranked k-means,Random 75% immutable,α = 1,1.0,366,1,0,True,,2.0,4.264745830110133,5.058505212082004,1.0,0.0,False,1.5628999999535154,Optimization terminated successfully
Wholesale Customers,3,42,10,300,0.0001,50,least_cost,Ranked k-means,Random 75% immutable,α < 1,0.9753678154238276,366,1,0,True,,2.0,4.430308725772685,5.155759144358482,1.0000000000000004,4.440892098500626e-16,True,1.3936000000285276,Optimization terminated successfully
Wholesale Customers,3,42,10,300,0.0001,50,least_cost,Ranked k-means,All features mutable,α = 1,1.0,228,1,2,True,,6.0,9.841006655785897,7.684142107920401,2.3379356091333197,1.3379356091333197,True,1.8291999999746622,Optimization terminated successfully
Wholesale Customers,3,42,10,300,0.0001,50,least_cost,Ranked k-means,All features mutable,α < 1,0.5479334203435323,228,1,2,True,,6.0,19.387262663424234,10.785340791117608,1.665689446981321,0.665689446981321,True,1.881800000091971,Optimization terminated successfully
Wholesale Customers,3,42,10,300,0.0001,50,least_cost,Ranked k-means,Random 25% immutable,α = 1,1.0,228,1,2,True,,4.0,10.63867396732788,7.989495841664058,2.1626416206606467,1.1626416206606467,True,2.1861999998691317,Optimization terminated successfully
Wholesale Customers,3,42,10,300,0.0001,50,least_cost,Ranked k-means,Random 25% immutable,α < 1,0.5479334203435323,228,1,2,True,,4.0,20.958706137431022,11.213930480638185,1.5407993038067163,0.5407993038067163,True,1.5597999999954482,Optimization terminated successfully
Wholesale Customers,3,42,10,300,0.0001,50,least_cost,Ranked k-means,Random 50% immutable,α = 1,1.0,228,1,2,True,,3.0,21.775294951525815,11.43030050826114,1.512075060474627,0.5120750604746269,True,1.7247999999199237,Optimization terminated successfully
Wholesale Customers,3,42,10,300,0.0001,50,least_cost,Ranked k-means,Random 50% immutable,α < 1,0.5479334203435323,228,1,2,True,,3.0,42.898392163017725,16.043389697258693,1.0772955592268287,0.07729555922682874,True,1.4856000000236236,Optimization terminated successfully
Wholesale Customers,3,42,10,300,0.0001,50,least_cost,Ranked k-means,Random 75% immutable,α = 1,1.0,228,1,2,True,,2.0,20.47224534873249,11.083026305680002,1.1238454053103824,0.12384540531038235,True,1.456700000062483,Optimization terminated successfully
Wholesale Customers,3,42,10,300,0.0001,50,least_cost,Ranked k-means,Random 75% immutable,α < 1,0.5479334203435323,228,1,2,False,,,,,,,False,2.7288000001135515,Positive directional derivative for linesearch
Wholesale Customers,3,42,10,300,0.0001,50,least_cost,Ranked k-means,All features mutable,α = 1,1.0,95,1,0,True,,5.0,0.8202257057227781,2.2184125482733523,1.008259292140454,0.008259292140454066,True,1.772100000152932,Optimization terminated successfully
Wholesale Customers,3,42,10,300,0.0001,50,least_cost,Ranked k-means,All features mutable,α < 1,0.9753678154238276,95,1,0,True,,5.0,0.8575134402915412,2.2682770205046046,1.0,0.0,False,1.7476999998962128,Optimization terminated successfully
Wholesale Customers,3,42,10,300,0.0001,50,least_cost,Ranked k-means,Random 25% immutable,α = 1,1.0,95,1,0,True,,3.0,1.3097321953586805,2.803282570871528,1.0000000000000013,1.3322676295501878e-15,True,1.5480000001844019,Optimization terminated successfully
Wholesale Customers,3,42,10,300,0.0001,50,least_cost,Ranked k-means,Random 25% immutable,α < 1,0.9753678154238276,95,1,0,True,,3.0,1.3693060892970086,2.8663280579483663,1.0,0.0,False,1.5574999999898864,Optimization terminated successfully
Wholesale Customers,3,42,10,300,0.0001,50,least_cost,Ranked k-means,Random 50% immutable,α = 1,1.0,95,1,0,True,,2.0,1.1277464865084106,2.601245647579341,4.6289865116558095,3.6289865116558095,True,1.4834999999493448,Optimization terminated successfully
Wholesale Customers,3,42,10,300,0.0001,50,least_cost,Ranked k-means,Random 50% immutable,α < 1,0.9753678154238276,95,1,0,True,,2.0,1.179013884254858,2.6597148917748967,4.527226197995734,3.5272261979957342,True,1.4866000001347857,Optimization terminated successfully
Wholesale Customers,3,42,10,300,0.0001,50,least_cost,Ranked k-means,Random 75% immutable,α = 1,1.0,95,1,0,True,,1.0,2.2616214305806146,3.683711251371867,2.474554325048633,1.4745543250486328,True,1.4808999999331718,Optimization terminated successfully
Wholesale Customers,3,42,10,300,0.0001,50,least_cost,Ranked k-means,Random 75% immutable,α < 1,0.9753678154238276,95,1,0,True,,1.0,2.364434825985154,3.766511510125905,2.420155516532022,1.4201555165320219,True,1.366299999972398,Optimization terminated successfully
Wholesale Customers,3,42,10,300,0.0001,50,least_cost,Ranked k-means,All features mutable,α = 1,1.0,396,1,0,True,,6.0,0.15674955597865328,0.96979241895981,11.607571294663005,10.607571294663005,True,1.7516000000341592,Optimization terminated successfully
Wholesale Customers,3,42,10,300,0.0001,50,least_cost,Ranked k-means,All features mutable,α < 1,0.9753678154238276,396,1,0,True,,6.0,0.1732747207119056,1.0196314649281053,11.040199283388725,10.040199283388725,True,1.7424000000119122,Optimization terminated successfully
Wholesale Customers,3,42,10,300,0.0001,50,least_cost,Ranked k-means,Random 25% immutable,α = 1,1.0,396,1,0,True,,4.0,0.24713684395164806,1.217711404114246,7.362243975300283,6.362243975300283,True,1.5691000000970234,Optimization terminated successfully
Wholesale Customers,3,42,10,300,0.0001,50,least_cost,Ranked k-means,Random 25% immutable,α < 1,0.9753678154238276,396,1,0,True,,4.0,0.2731909978690809,1.2802913680934063,7.002381237194645,6.002381237194645,True,1.5582000000904372,Optimization terminated successfully
Wholesale Customers,3,42,10,300,0.0001,50,least_cost,Ranked k-means,Random 50% immutable,α = 1,1.0,396,1,0,True,,3.0,16.548645521334645,9.96453075302635,1.0,0.0,False,1.4977000000726548,Optimization terminated successfully
Wholesale Customers,3,42,10,300,0.0001,50,least_cost,Ranked k-means,Random 50% immutable,α < 1,0.9753678154238276,396,1,0,False,,,,,,,False,2.8463999999530643,Positive directional derivative for linesearch
Wholesale Customers,3,42,10,300,0.0001,50,least_cost,Ranked k-means,Random 75% immutable,α = 1,1.0,396,1,0,True,,2.0,0.25026699976338823,1.2253987100451549,8.414346550585773,7.414346550585773,True,1.4138999999886437,Optimization terminated successfully
Wholesale Customers,3,42,10,300,0.0001,50,least_cost,Ranked k-means,Random 75% immutable,α < 1,0.9753678154238276,396,1,0,True,,2.0,0.27665114721800643,1.2883737358810288,8.00305773826729,7.003057738267289,True,1.4138999999886437,Optimization terminated successfully
Wholesale Customers,3,42,10,300,0.0001,50,least_cost,Ranked k-means,All features mutable,α = 1,1.0,324,1,0,True,,6.0,1.0327877940511028,2.489322551279086,5.077637355912769,4.077637355912769,True,1.820899999984249,Optimization terminated successfully
Wholesale Customers,3,42,10,300,0.0001,50,least_cost,Ranked k-means,All features mutable,α < 1,0.9753678154238276,324,1,0,True,,6.0,1.0745569361559772,2.5391615972473796,4.977972617017468,3.9779726170174676,True,1.7930999999862252,Optimization terminated successfully
Wholesale Customers,3,42,10,300,0.0001,50,least_cost,Ranked k-means,Random 25% immutable,α = 1,1.0,324,1,0,True,,4.0,1.6271600209252883,3.124573590996335,3.222867943678604,2.222867943678604,True,1.6201999999339023,Optimization terminated successfully
Wholesale Customers,3,42,10,300,0.0001,50,least_cost,Ranked k-means,Random 25% immutable,α < 1,0.9753678154238276,324,1,0,True,,4.0,1.69296741963089,3.1871310794796845,3.159608863023457,2.159608863023457,True,1.6059999998105923,Optimization terminated successfully
Wholesale Customers,3,42,10,300,0.0001,50,least_cost,Ranked k-means,Random 50% immutable,α = 1,1.0,324,1,0,True,,3.0,2.771364365926717,4.077767305224797,1.8922526375986888,0.8922526375986888,True,1.5032999999675667,Optimization terminated successfully
Wholesale Customers,3,42,10,300,0.0001,50,least_cost,Ranked k-means,Random 50% immutable,α < 1,0.9753678154238276,324,1,0,True,,3.0,2.883446937672387,4.159408807274698,1.8551113348123804,0.8551113348123804,True,1.5120000000479195,Optimization terminated successfully
Wholesale Customers,3,42,10,300,0.0001,50,least_cost,Ranked k-means,Random 75% immutable,α = 1,1.0,324,1,0,False,,,,,,,False,1.9864000000779924,Positive directional derivative for linesearch
Wholesale Customers,3,42,10,300,0.0001,50,least_cost,Ranked k-means,Random 75% immutable,α < 1,0.9753678154238276,324,1,0,False,,,,,,,False,5.6230000000141445,Positive directional derivative for linesearch
Wholesale Customers,3,42,10,300,0.0001,50,least_cost,Ranked k-means,All features mutable,α = 1,1.0,303,1,0,True,,6.0,0.03594329425933542,0.4643918233087363,5.422723543653222,4.422723543653222,True,1.3211000000410422,Optimization terminated successfully
Wholesale Customers,3,42,10,300,0.0001,50,least_cost,Ranked k-means,All features mutable,α < 1,0.9753678154238276,303,1,0,True,,6.0,0.04407223115290174,0.5142308692770305,4.897155619192418,3.897155619192418,True,1.409800000146788,Optimization terminated successfully
Wholesale Customers,3,42,10,300,0.0001,50,least_cost,Ranked k-means,Random 25% immutable,α = 1,1.0,303,1,0,True,,4.0,0.03630275505589216,0.46670818541713294,5.369029232311235,4.369029232311235,True,1.1829000000034284,Optimization terminated successfully
Wholesale Customers,3,42,10,300,0.0001,50,least_cost,Ranked k-means,Random 25% immutable,α < 1,0.9753678154238276,303,1,0,True,,4.0,0.04451298761784768,0.5167958259381418,4.848665099049537,3.848665099049537,True,1.1801999999079271,Optimization terminated successfully
Wholesale Customers,3,42,10,300,0.0001,50,least_cost,Ranked k-means,Random 50% immutable,α = 1,1.0,303,1,0,True,,3.0,0.0959427094705401,0.7587201439419152,2.031530941522516,1.031530941522516,True,1.4854999999442953,Optimization terminated successfully
Wholesale Customers,3,42,10,300,0.0001,50,least_cost,Ranked k-means,Random 50% immutable,α < 1,0.9753678154238276,303,1,0,True,,3.0,0.11764111655188948,0.8401468319950607,1.8346354169944097,0.8346354169944097,True,1.5127000001484703,Optimization terminated successfully
Wholesale Customers,3,42,10,300,0.0001,50,least_cost,Ranked k-means,Random 75% immutable,α = 1,1.0,303,1,0,True,,2.0,0.09631872218228028,0.7602054545277097,8.598781614522375,7.598781614522375,True,1.4616999999361724,Optimization terminated successfully
Wholesale Customers,3,42,10,300,0.0001,50,least_cost,Ranked k-means,Random 75% immutable,α < 1,0.9753678154238276,303,1,0,True,,2.0,0.11810216831383087,0.8417915477616684,7.765391212212409,6.765391212212409,True,1.4458000000558968,Optimization terminated successfully
Wholesale Customers,3,42,10,300,0.0001,50,least_cost,Ranked k-means,All features mutable,α = 1,1.0,75,1,2,True,,5.0,7.690154082872246,6.792711130118332,2.491904831483679,1.4919048314836791,True,1.850799999829178,Optimization terminated successfully
Wholesale Customers,3,42,10,300,0.0001,50,least_cost,Ranked k-means,All features mutable,α < 1,0.5479334203435323,75,1,2,True,,5.0,16.31596860919652,9.894231231135603,1.7107736361916506,0.7107736361916506,True,1.7726999999467807,Optimization terminated successfully
Wholesale Customers,3,42,10,300,0.0001,50,least_cost,Ranked k-means,Random 25% immutable,α = 1,1.0,75,1,2,True,,3.0,8.400541691871165,7.09952464262411,2.2811781470328687,1.2811781470328687,True,1.7080000000078144,Optimization terminated successfully
Wholesale Customers,3,42,10,300,0.0001,50,least_cost,Ranked k-means,Random 25% immutable,α < 1,0.5479334203435323,75,1,2,True,,3.0,17.82317663180304,10.34113435706249,1.566102984743148,0.566102984743148,True,1.67339999984506,Optimization terminated successfully
Wholesale Customers,3,42,10,300,0.0001,50,least_cost,Ranked k-means,Random 50% immutable,α = 1,1.0,75,1,2,True,,2.0,14.226139350953982,9.238876344324774,1.3470367337744689,0.34703673377446886,True,1.476300000149422,Optimization terminated successfully
Wholesale Customers,3,42,10,300,0.0001,50,least_cost,Ranked k-means,Random 50% immutable,α < 1,0.5479334203435323,75,1,2,True,,2.0,31.746526413503503,13.801418712618679,1.0,0.0,False,1.5786999999818363,Optimization terminated successfully
Wholesale Customers,3,42,10,300,0.0001,50,least_cost,Ranked k-means,Random 75% immutable,α = 1,1.0,75,1,2,True,,1.0,16.25187989268631,9.87477996494696,1.1791332788877362,0.17913327888773622,True,1.3586000000032072,Optimization terminated successfully
Wholesale Customers,3,42,10,300,0.0001,50,least_cost,Ranked k-means,Random 75% immutable,α < 1,0.5479334203435323,75,1,2,False,,,,,,,False,1.1196999998901447,Positive directional derivative for linesearch
Wholesale Customers,3,42,10,300,0.0001,50,least_cost,Ranked k-means,All features mutable,α = 1,1.0,152,1,2,True,,6.0,8.53663100410243,7.156799984952395,1.0,0.0,False,1.778199999989738,Optimization terminated successfully
Wholesale Customers,3,42,10,300,0.0001,50,least_cost,Ranked k-means,All features mutable,α < 1,0.5479334203435323,152,1,2,True,,6.0,17.538467274097357,10.258206648561147,1.000000000000003,3.1086244689504383e-15,True,1.971200000070894,Optimization terminated successfully
Wholesale Customers,3,42,10,300,0.0001,50,least_cost,Ranked k-means,Random 25% immutable,α = 1,1.0,152,1,2,True,,4.0,16.979676228934608,10.09346607333713,1.0000000000000075,7.549516567451064e-15,True,1.5753000000131578,Optimization terminated successfully
Wholesale Customers,3,42,10,300,0.0001,50,least_cost,Ranked k-means,Random 25% immutable,α < 1,0.5479334203435323,152,1,2,True,,4.0,35.675878051185904,14.630627748224457,1.0,0.0,False,1.5675999998165935,Optimization terminated successfully
Wholesale Customers,3,42,10,300,0.0001,50,least_cost,Ranked k-means,Random 50% immutable,α = 1,1.0,152,1,2,True,,3.0,19.301598644681786,10.761486508289211,1.0,0.0,False,1.7671999999038235,Optimization terminated successfully
Wholesale Customers,3,42,10,300,0.0001,50,least_cost,Ranked k-means,Random 50% immutable,α < 1,0.5479334203435323,152,1,2,True,,3.0,39.65623173785804,15.425219299159034,1.0,0.0,False,1.8549999999777356,Optimization terminated successfully
Wholesale Customers,3,42,10,300,0.0001,50,least_cost,Ranked k-means,Random 75% immutable,α = 1,1.0,152,1,2,True,,2.0,19.306395174795398,10.762823563023431,1.589017799664739,0.589017799664739,True,1.5687000000070839,Optimization terminated successfully
Wholesale Customers,3,42,10,300,0.0001,50,least_cost,Ranked k-means,Random 75% immutable,α < 1,0.5479334203435323,152,1,2,True,,2.0,39.663494752871465,15.42663179431041,1.1086229569098387,0.1086229569098387,True,1.4160999999148771,Optimization terminated successfully
Wholesale Customers,3,42,10,300,0.0001,50,least_cost,Ranked k-means,All features mutable,α = 1,1.0,52,1,0,True,,6.0,0.6378652091581385,1.9563208466273705,1.397503872418852,0.397503872418852,True,1.9412999999985914,Optimization terminated successfully
Wholesale Customers,3,42,10,300,0.0001,50,least_cost,Ranked k-means,All features mutable,α < 1,0.9753678154238276,52,1,0,True,,6.0,0.6707795857765759,2.0061598925956665,1.3627861909140573,0.3627861909140573,True,1.9619000001966924,Optimization terminated successfully
Wholesale Customers,3,42,10,300,0.0001,50,least_cost,Ranked k-means,Random 25% immutable,α = 1,1.0,52,1,0,True,,4.0,0.6394441106776669,1.958740581104604,6.783601825481981,5.783601825481981,True,1.7514999999548309,Optimization terminated successfully
Wholesale Customers,3,42,10,300,0.0001,50,least_cost,Ranked k-means,Random 25% immutable,α < 1,0.9753678154238276,52,1,0,True,,4.0,0.6724399599309328,2.0086412720009506,6.615076750198481,5.615076750198481,True,2.2058000001834444,Optimization terminated successfully
Wholesale Customers,3,42,10,300,0.0001,50,least_cost,Ranked k-means,Random 50% immutable,α = 1,1.0,52,1,0,True,,3.0,1.0192798325197614,2.472989889813254,1.0,0.0,False,1.59839999992073,Optimization terminated successfully
Wholesale Customers,3,42,10,300,0.0001,50,least_cost,Ranked k-means,Random 50% immutable,α < 1,0.9753678154238276,52,1,0,True,,3.0,1.0718903893216007,2.536009135616353,1.0,0.0,False,1.6038000001117325,Optimization terminated successfully
Wholesale Customers,3,42,10,300,0.0001,50,least_cost,Ranked k-means,Random 75% immutable,α = 1,1.0,52,1,0,True,,2.0,1.7093136045727855,3.202480542866219,2.5377053321307663,1.5377053321307663,True,1.473399999895264,Optimization terminated successfully
Wholesale Customers,3,42,10,300,0.0001,50,least_cost,Ranked k-means,Random 75% immutable,α < 1,0.9753678154238276,52,1,0,True,,2.0,1.7975156117243911,3.2840666361001793,2.4746610995373017,1.4746610995373017,True,1.466900000195892,Optimization terminated successfully
Wholesale Customers,3,42,10,300,0.0001,50,least_cost,Ranked k-means,All features mutable,α = 1,1.0,37,1,2,True,,6.0,7.9172354079849665,6.89227193659027,2.083399781570862,1.0833997815708618,True,1.9669000000703818,Optimization terminated successfully
Wholesale Customers,3,42,10,300,0.0001,50,least_cost,Ranked k-means,All features mutable,α < 1,0.5479334203435323,37,1,2,True,,6.0,16.678855994466417,10.003656129975605,1.5690966939307842,0.5690966939307842,True,1.8279000000802625,Optimization terminated successfully
Wholesale Customers,3,42,10,300,0.0001,50,least_cost,Ranked k-means,Random 25% immutable,α = 1,1.0,37,1,2,True,,4.0,8.075559079227602,6.960844379481961,2.3946614407995015,1.3946614407995015,True,1.5690000000176951,Optimization terminated successfully
Wholesale Customers,3,42,10,300,0.0001,50,least_cost,Ranked k-means,Random 25% immutable,α < 1,0.5479334203435323,37,1,2,True,,4.0,16.934608388611952,10.080062020229425,1.6572502956852675,0.6572502956852675,True,1.8925000001672743,Optimization terminated successfully
Wholesale Customers,3,42,10,300,0.0001,50,least_cost,Ranked k-means,Random 50% immutable,α = 1,1.0,37,1,2,True,,3.0,8.415499281070787,7.105842362902847,2.3919471911494044,1.3919471911494044,True,1.590200000009645,Optimization terminated successfully
Wholesale Customers,3,42,10,300,0.0001,50,least_cost,Ranked k-means,Random 50% immutable,α < 1,0.5479334203435323,37,1,2,True,,3.0,17.787014561756315,10.33063828475946,1.645280583716018,0.645280583716018,True,1.609499999858599,Optimization terminated successfully
Wholesale Customers,3,42,10,300,0.0001,50,least_cost,Ranked k-means,Random 75% immutable,α = 1,1.0,37,1,2,True,,2.0,18.336468422593555,10.488985200464406,1.6023850481550928,0.6023850481550928,True,1.4752999998108862,Optimization terminated successfully
Wholesale Customers,3,42,10,300,0.0001,50,least_cost,Ranked k-means,Random 75% immutable,α < 1,0.5479334203435323,37,1,2,True,,2.0,38.5374164375801,15.206067822598998,1.104310916914551,0.10431091691455108,True,1.4694000001327367,Optimization terminated successfully
Wholesale Customers,3,42,10,300,0.0001,50,least_cost,Ranked k-means,All features mutable,α = 1,1.0,354,1,2,True,,6.0,6.036025140855388,6.017985613569738,2.7143961442640414,1.7143961442640414,True,1.8939999999929569,Optimization terminated successfully
Wholesale Customers,3,42,10,300,0.0001,50,least_cost,Ranked k-means,All features mutable,α < 1,0.5479334203435323,354,1,2,True,,6.0,13.85992037306717,9.119184296767065,1.7913002134134368,0.7913002134134368,True,2.069800000072064,Optimization terminated successfully
Wholesale Customers,3,42,10,300,0.0001,50,least_cost,Ranked k-means,Random 25% immutable,α = 1,1.0,354,1,2,True,,4.0,13.134729796711595,8.877408336911712,1.481321908472423,0.48132190847242295,True,1.5914999999040447,Optimization terminated successfully
Wholesale Customers,3,42,10,300,0.0001,50,least_cost,Ranked k-means,Random 25% immutable,α < 1,0.5479334203435323,354,1,2,True,,4.0,30.15997220068303,13.452131177032811,1.0000000000000067,6.661338147750939e-15,True,1.8489999999928841,Optimization terminated successfully
Wholesale Customers,3,42,10,300,0.0001,50,least_cost,Ranked k-means,Random 50% immutable,α = 1,1.0,354,1,2,True,,3.0,6.59497735358818,6.290458180572309,2.4843396204414914,1.4843396204414914,True,1.6471999999794207,Optimization terminated successfully
Wholesale Customers,3,42,10,300,0.0001,50,least_cost,Ranked k-means,Random 50% immutable,α < 1,0.5479334203435323,354,1,2,True,,3.0,15.143386392515389,9.532067895010629,1.6394798652071854,0.6394798652071854,True,1.6550000000279397,Optimization terminated successfully
Wholesale Customers,3,42,10,300,0.0001,50,least_cost,Ranked k-means,Random 75% immutable,α = 1,1.0,354,1,2,True,,2.0,13.651275375499106,9.050284650385017,1.8043525969268024,0.8043525969268024,True,1.4872000001560082,Optimization terminated successfully
Wholesale Customers,3,42,10,300,0.0001,50,least_cost,Ranked k-means,Random 75% immutable,α < 1,0.5479334203435323,354,1,2,True,,2.0,31.346057261188037,13.714092881672059,1.1907389512104785,0.19073895121047846,True,1.424299999825962,Optimization terminated successfully
Wholesale Customers,3,42,10,300,0.0001,50,least_cost,Ranked + weighted SHARK,All features mutable,α = 1,1.0,167,1,2,True,,6.0,5.333613748417494,5.120069438499112,3.2286961729248373,2.2286961729248373,True,7.8548999999839,Optimization terminated successfully
Wholesale Customers,3,42,10,300,0.0001,50,least_cost,Ranked + weighted SHARK,All features mutable,α < 1,0.9313607020469031,167,1,2,True,,6.0,5.757605377771233,5.319686352905958,3.107542305355553,2.107542305355553,True,8.563699999967866,Optimization terminated successfully
Wholesale Customers,3,42,10,300,0.0001,50,least_cost,Ranked + weighted SHARK,Random 25% immutable,α = 1,1.0,167,1,2,True,,4.0,9.365451927456911,6.518710494620674,2.005176589766611,1.0051765897666112,True,5.833799999891198,Optimization terminated successfully
Wholesale Customers,3,42,10,300,0.0001,50,least_cost,Ranked + weighted SHARK,Random 25% immutable,α < 1,0.9313607020469031,167,1,2,True,,4.0,10.109951512530664,6.7728561282254764,1.9299339289912614,0.9299339289912614,True,5.785300000070492,Optimization terminated successfully
Wholesale Customers,3,42,10,300,0.0001,50,least_cost,Ranked + weighted SHARK,Random 50% immutable,α = 1,1.0,167,1,2,True,,3.0,8.25604066899554,6.030800685047781,2.08581762741266,1.08581762741266,True,3.97490000000289,Optimization terminated successfully
Wholesale Customers,3,42,10,300,0.0001,50,least_cost,Ranked + weighted SHARK,Random 50% immutable,α < 1,0.9313607020469031,167,1,2,True,,3.0,8.912348437117902,6.2659242723079345,2.0075490520587547,1.0075490520587547,True,4.080599999952028,Optimization terminated successfully
Wholesale Customers,3,42,10,300,0.0001,50,least_cost,Ranked + weighted SHARK,Random 75% immutable,α = 1,1.0,167,1,2,True,,2.0,16.507893047086522,9.367024463747965,1.1376007278205402,0.13760072782054023,True,2.2555000000465952,Optimization terminated successfully
Wholesale Customers,3,42,10,300,0.0001,50,least_cost,Ranked + weighted SHARK,Random 75% immutable,α < 1,0.9313607020469031,167,1,2,True,,2.0,17.82017563828326,9.732217937365533,1.0949132183963952,0.09491321839639522,True,2.1269999999731226,Optimization terminated successfully
Wholesale Customers,3,42,10,300,0.0001,50,least_cost,Ranked + weighted SHARK,All features mutable,α = 1,1.0,208,1,2,True,,6.0,4.485993917564962,4.6956358341207425,3.4928423613077277,2.4928423613077277,True,7.773899999847345,Optimization terminated successfully
Wholesale Customers,3,42,10,300,0.0001,50,least_cost,Ranked + weighted SHARK,All features mutable,α < 1,0.9313607020469031,208,1,2,True,,6.0,4.875510355854033,4.895252689661647,3.350412431523258,2.350412431523258,True,8.248399999956746,Optimization terminated successfully
Wholesale Customers,3,42,10,300,0.0001,50,least_cost,Ranked + weighted SHARK,Random 25% immutable,α = 1,1.0,208,1,2,True,,4.0,6.2456364775324085,5.675856917099881,2.5087675541496477,1.5087675541496477,True,5.684200000132478,Optimization terminated successfully
Wholesale Customers,3,42,10,300,0.0001,50,least_cost,Ranked + weighted SHARK,Random 25% immutable,α < 1,0.9313607020469031,208,1,2,True,,4.0,6.787941732572541,5.917144144910914,2.4064659686265606,1.4064659686265606,True,5.112699999926917,Optimization terminated successfully
Wholesale Customers,3,42,10,300,0.0001,50,least_cost,Ranked + weighted SHARK,Random 50% immutable,α = 1,1.0,208,1,2,True,,3.0,10.064583980781098,7.532307886157181,1.55682904459145,0.5568290445914501,True,3.2957000000806147,Optimization terminated successfully
Wholesale Customers,3,42,10,300,0.0001,50,least_cost,Ranked + weighted SHARK,Random 50% immutable,α < 1,0.9313607020469031,208,1,2,True,,3.0,10.938486392839348,7.852514703217107,1.493345221022658,0.4933452210226581,True,3.3321999999316176,Optimization terminated successfully
Wholesale Customers,3,42,10,300,0.0001,50,least_cost,Ranked + weighted SHARK,Random 75% immutable,α = 1,1.0,208,1,2,True,,2.0,15.08406308254098,8.368057227737797,1.267971115955124,0.2679711159551239,True,3.10629999989942,Optimization terminated successfully
Wholesale Customers,3,42,10,300,0.0001,50,least_cost,Ranked + weighted SHARK,Random 75% immutable,α < 1,0.9313607020469031,208,1,2,True,,2.0,16.393804164402045,8.723793564085046,1.2162663308552348,0.21626633085523483,True,2.5698000001739274,Optimization terminated successfully
Wholesale Customers,3,42,10,300,0.0001,50,least_cost,Ranked + weighted SHARK,All features mutable,α = 1,1.0,184,1,2,True,,6.0,6.060038181883969,5.457613252045456,3.12711177724984,2.12711177724984,True,7.832600000028833,Optimization terminated successfully
Wholesale Customers,3,42,10,300,0.0001,50,least_cost,Ranked + weighted SHARK,All features mutable,α < 1,0.9313607020469031,184,1,2,True,,6.0,6.511447257134968,5.657229966059373,3.016770604368698,2.016770604368698,True,8.309700000154407,Optimization terminated successfully
Wholesale Customers,3,42,10,300,0.0001,50,least_cost,Ranked + weighted SHARK,Random 25% immutable,α = 1,1.0,184,1,2,True,,4.0,6.597285808748305,5.385428764425919,2.87246009657909,1.8724600965790898,True,4.6703999998953805,Optimization terminated successfully
Wholesale Customers,3,42,10,300,0.0001,50,least_cost,Ranked + weighted SHARK,Random 25% immutable,α < 1,0.9313607020469031,184,1,2,True,,4.0,7.088714178766922,5.582405289309632,2.7711046590927526,1.7711046590927526,True,5.036499999960142,Optimization terminated successfully
Wholesale Customers,3,42,10,300,0.0001,50,least_cost,Ranked + weighted SHARK,Random 50% immutable,α = 1,1.0,184,1,2,True,,3.0,8.816128711460843,6.55776992895458,2.1495133027986215,1.1495133027986215,True,3.8425000000188447,Optimization terminated successfully
Wholesale Customers,3,42,10,300,0.0001,50,least_cost,Ranked + weighted SHARK,Random 50% immutable,α < 1,0.9313607020469031,184,1,2,True,,3.0,9.472837528985377,6.797625789760055,2.073667287524194,1.0736672875241942,True,3.8865999999870837,Optimization terminated successfully
Wholesale Customers,3,42,10,300,0.0001,50,least_cost,Ranked + weighted SHARK,Random 75% immutable,α = 1,1.0,184,1,2,False,,,,,,,False,1.5167999999903259,Positive directional derivative for linesearch
Wholesale Customers,3,42,10,300,0.0001,50,least_cost,Ranked + weighted SHARK,Random 75% immutable,α < 1,0.9313607020469031,184,1,2,False,,,,,,,False,1.0925999999926717,Positive directional derivative for linesearch
Wholesale Customers,3,42,10,300,0.0001,50,least_cost,Ranked + weighted SHARK,All features mutable,α = 1,1.0,34,1,0,True,,6.0,0.37363257863089183,1.2345228027306954,1.0,0.0,False,5.805199999940669,Optimization terminated successfully
Wholesale Customers,3,42,10,300,0.0001,50,least_cost,Ranked + weighted SHARK,All features mutable,α < 1,0.9987462090145068,34,1,0,True,,6.0,0.37446804888394997,1.235890093802491,1.0000000000000027,2.6645352591003757e-15,True,5.817499999920983,Optimization terminated successfully
Wholesale Customers,3,42,10,300,0.0001,50,least_cost,Ranked + weighted SHARK,Random 25% immutable,α = 1,1.0,34,1,0,True,,4.0,0.6191351251039338,1.5889999912055477,1.0,0.0,False,2.1110000000135187,Optimization terminated successfully
Wholesale Customers,3,42,10,300,0.0001,50,least_cost,Ranked + weighted SHARK,Random 25% immutable,α < 1,0.9987462090145068,34,1,0,True,,4.0,0.6205222241599501,1.590769431622155,1.0,0.0,False,2.164600000014616,Optimization terminated successfully
Wholesale Customers,3,42,10,300,0.0001,50,least_cost,Ranked + weighted SHARK,Random 50% immutable,α = 1,1.0,34,1,0,True,,3.0,1.9726054065952858,3.0055127638261654,1.0,0.0,False,2.271199999995588,Optimization terminated successfully
Wholesale Customers,3,42,10,300,0.0001,50,least_cost,Ranked + weighted SHARK,Random 50% immutable,α < 1,0.9987462090145068,34,1,0,True,,3.0,1.9770155707089558,3.008867478512813,1.0000000000000244,2.4424906541753444e-14,True,2.282100000002174,Optimization terminated successfully
Wholesale Customers,3,42,10,300,0.0001,50,least_cost,Ranked + weighted SHARK,Random 75% immutable,α = 1,1.0,34,1,0,False,,,,,,,False,6.651200000078461,Positive directional derivative for linesearch
Wholesale Customers,3,42,10,300,0.0001,50,least_cost,Ranked + weighted SHARK,Random 75% immutable,α < 1,0.9987462090145068,34,1,0,False,,,,,,,False,4.950699999881181,Positive directional derivative for linesearch
Wholesale Customers,3,42,10,300,0.0001,50,least_cost,Ranked + weighted SHARK,All features mutable,α = 1,1.0,342,1,2,True,,6.0,3.900305963719001,4.378385887146826,3.6379809931597715,2.6379809931597715,True,8.167199999888908,Optimization terminated successfully
Wholesale Customers,3,42,10,300,0.0001,50,least_cost,Ranked + weighted SHARK,All features mutable,α < 1,0.9313607020469031,342,1,2,True,,6.0,4.2640536503939925,4.578002409436124,3.479352726707733,2.479352726707733,True,8.409199999960038,Optimization terminated successfully
Wholesale Customers,3,42,10,300,0.0001,50,least_cost,Ranked + weighted SHARK,Random 25% immutable,α = 1,1.0,342,1,2,True,,4.0,5.845213136572543,5.286989946767724,2.4274910607701314,1.4274910607701314,True,6.362200000012308,Optimization terminated successfully
Wholesale Customers,3,42,10,300,0.0001,50,least_cost,Ranked + weighted SHARK,Random 25% immutable,α < 1,0.9313607020469031,342,1,2,True,,4.0,6.390345435513989,5.528031307786737,2.3216442359878857,1.3216442359878857,True,8.274799999981042,Optimization terminated successfully
Wholesale Customers,3,42,10,300,0.0001,50,least_cost,Ranked + weighted SHARK,Random 50% immutable,α = 1,1.0,342,1,2,True,,3.0,7.241305276744615,5.478058184046511,2.0525666400496623,1.0525666400496623,True,3.930300000092757,Optimization terminated successfully
Wholesale Customers,3,42,10,300,0.0001,50,least_cost,Ranked + weighted SHARK,Random 50% immutable,α < 1,0.9313607020469031,342,1,2,True,,3.0,7.916638972995156,5.727810385619331,1.9630676789730823,0.9630676789730823,True,4.002399999990303,Optimization terminated successfully
Wholesale Customers,3,42,10,300,0.0001,50,least_cost,Ranked + weighted SHARK,Random 75% immutable,α = 1,1.0,342,1,2,True,,2.0,11.72195771791564,7.793644288799742,1.5199271415107225,0.5199271415107225,True,2.1360999999160413,Optimization terminated successfully
Wholesale Customers,3,42,10,300,0.0001,50,least_cost,Ranked + weighted SHARK,Random 75% immutable,α < 1,0.9313607020469031,342,1,2,True,,2.0,12.815162980009,8.148967112846874,1.453653077664769,0.4536530776647689,True,2.116500000056476,Optimization terminated successfully
Wholesale Customers,3,42,10,300,0.0001,50,least_cost,Ranked + weighted SHARK,All features mutable,α = 1,1.0,423,1,2,True,,6.0,4.756929249996934,4.835355564994733,3.394930021459778,2.394930021459778,True,8.021899999903326,Optimization terminated successfully
Wholesale Customers,3,42,10,300,0.0001,50,least_cost,Ranked + weighted SHARK,All features mutable,α < 1,0.9313607020469031,423,1,2,True,,6.0,5.157794611271755,5.034972460664183,3.260334562674634,2.260334562674634,True,8.379399999967063,Optimization terminated successfully
Wholesale Customers,3,42,10,300,0.0001,50,least_cost,Ranked + weighted SHARK,Random 25% immutable,α = 1,1.0,423,1,2,True,,4.0,6.770461653659144,5.8360275064336316,2.38527428131999,1.3852742813199899,True,5.930000000034852,Optimization terminated successfully
Wholesale Customers,3,42,10,300,0.0001,50,least_cost,Ranked + weighted SHARK,Random 25% immutable,α < 1,0.9313607020469031,423,1,2,True,,4.0,7.341006939119391,6.076954753729669,2.2907075415162295,1.2907075415162295,True,5.143099999941114,Optimization terminated successfully
Wholesale Customers,3,42,10,300,0.0001,50,least_cost,Ranked + weighted SHARK,Random 50% immutable,α = 1,1.0,423,1,2,True,,3.0,13.082336408576811,8.642462938577857,1.5259350482852037,0.5259350482852037,True,3.489700000045559,Optimization terminated successfully
Wholesale Customers,3,42,10,300,0.0001,50,least_cost,Ranked + weighted SHARK,Random 50% immutable,α < 1,0.9313607020469031,423,1,2,True,,3.0,14.184781964353071,8.99924757819148,1.465437736193986,0.4654377361939861,True,3.3362000001488923,Optimization terminated successfully
Wholesale Customers,3,42,10,300,0.0001,50,least_cost,Ranked + weighted SHARK,Random 75% immutable,α = 1,1.0,423,1,2,True,,2.0,16.530931271572264,8.883495105936715,1.0694735218557392,0.06947352185573918,True,2.8303999999934604,Optimization terminated successfully
Wholesale Customers,3,42,10,300,0.0001,50,least_cost,Ranked + weighted SHARK,Random 75% immutable,α < 1,0.9313607020469031,423,1,2,True,,2.0,17.923989143194937,9.25023079257225,1.0270731569921017,0.027073156992101666,True,2.5918999999703374,Optimization terminated successfully
Wholesale Customers,3,42,10,300,0.0001,50,least_cost,Ranked + weighted SHARK,All features mutable,α = 1,1.0,267,1,0,True,,6.0,0.45659732079170423,1.403355236346879,3.171532187774286,2.171532187774286,True,6.57590000014352,Optimization terminated successfully
Wholesale Customers,3,42,10,300,0.0001,50,least_cost,Ranked + weighted SHARK,All features mutable,α < 1,0.9987462090145068,267,1,0,True,,6.0,0.4575063018311647,1.4047514164876969,3.1683803085715354,2.1683803085715354,True,7.001299999956245,Optimization terminated successfully
Wholesale Customers,3,42,10,300,0.0001,50,least_cost,Ranked + weighted SHARK,Random 25% immutable,α = 1,1.0,267,1,0,True,,4.0,1.041645714202507,2.1725640734404035,1.3901669573563877,0.39016695735638773,True,5.14259999999922,Optimization terminated successfully
Wholesale Customers,3,42,10,300,0.0001,50,least_cost,Ranked + weighted SHARK,Random 25% immutable,α < 1,0.9987462090145068,267,1,0,True,,4.0,1.0437193930458952,2.174725542392515,1.3887852439085477,0.38878524390854774,True,5.309299999908035,Optimization terminated successfully
Wholesale Customers,3,42,10,300,0.0001,50,least_cost,Ranked + weighted SHARK,Random 50% immutable,α = 1,1.0,267,1,0,True,,3.0,0.795777552843255,1.8513932732322758,1.8194196176764472,0.8194196176764472,True,3.899399999909292,Optimization terminated successfully
Wholesale Customers,3,42,10,300,0.0001,50,least_cost,Ranked + weighted SHARK,Random 50% immutable,α < 1,0.9987462090145068,267,1,0,True,,3.0,0.7973617642962081,1.8532351987371642,1.8176115240687885,0.8176115240687885,True,3.7330000000110886,Optimization terminated successfully
Wholesale Customers,3,42,10,300,0.0001,50,least_cost,Ranked + weighted SHARK,Random 75% immutable,α = 1,1.0,267,1,0,True,,2.0,2.4891156518605944,3.3745692504201568,2.2864534872185036,1.2864534872185036,True,2.2761000000173226,Optimization terminated successfully
Wholesale Customers,3,42,10,300,0.0001,50,least_cost,Ranked + weighted SHARK,Random 75% immutable,α < 1,0.9987462090145068,267,1,0,True,,2.0,2.4940709129856367,3.377926580730214,2.2825275325142305,1.2825275325142305,True,2.8174999999919237,Optimization terminated successfully
Wholesale Customers,3,42,10,300,0.0001,50,least_cost,Ranked + weighted SHARK,All features mutable,α = 1,1.0,432,1,2,True,,6.0,5.2904471216928135,5.099308061727542,3.3355877455666523,2.3355877455666523,True,8.49160000007032,Optimization terminated successfully
Wholesale Customers,3,42,10,300,0.0001,50,least_cost,Ranked + weighted SHARK,All features mutable,α < 1,0.9313607020469031,432,1,2,True,,6.0,5.71275238928201,5.298925048188744,3.20993248259005,2.20993248259005,True,8.392399999820555,Optimization terminated successfully
Wholesale Customers,3,42,10,300,0.0001,50,least_cost,Ranked + weighted SHARK,Random 25% immutable,α = 1,1.0,432,1,2,True,,4.0,7.36563850353124,6.1637962944066,2.395818112149468,1.3958181121494682,True,5.613699999912569,Optimization terminated successfully
Wholesale Customers,3,42,10,300,0.0001,50,least_cost,Ranked + weighted SHARK,Random 25% immutable,α < 1,0.9313607020469031,432,1,2,True,,4.0,7.953594089855352,6.405083534506874,2.305564933284207,1.3055649332842072,True,5.6891000001542125,Optimization terminated successfully
Wholesale Customers,3,42,10,300,0.0001,50,least_cost,Ranked + weighted SHARK,Random 50% immutable,α = 1,1.0,432,1,2,True,,3.0,9.822240362830287,6.380041372713001,1.9212957240482118,0.9212957240482118,True,3.9916999999149994,Optimization terminated successfully
Wholesale Customers,3,42,10,300,0.0001,50,least_cost,Ranked + weighted SHARK,Random 50% immutable,α < 1,0.9313607020469031,432,1,2,True,,3.0,10.60629202221826,6.629793355510983,1.8489181279564437,0.8489181279564437,True,3.9346999999452237,Optimization terminated successfully
Wholesale Customers,3,42,10,300,0.0001,50,least_cost,Ranked + weighted SHARK,Random 75% immutable,α = 1,1.0,432,1,2,True,,2.0,10.107854238069523,6.292989500065171,1.867005334311146,0.8670053343111459,True,2.367499999991196,Optimization terminated successfully
Wholesale Customers,3,42,10,300,0.0001,50,least_cost,Ranked + weighted SHARK,Random 75% immutable,α < 1,0.9313607020469031,432,1,2,True,,2.0,10.914704772720551,6.539333982635546,1.7966729857687085,0.7966729857687085,True,2.340799999956289,Optimization terminated successfully
Wholesale Customers,3,42,10,300,0.0001,50,least_cost,Ranked + weighted SHARK,All features mutable,α = 1,1.0,118,1,2,True,,6.0,5.47059159149618,5.185399306713576,3.2471505420162674,2.2471505420162674,True,8.734899999808476,Optimization terminated successfully
Wholesale Customers,3,42,10,300,0.0001,50,least_cost,Ranked + weighted SHARK,All features mutable,α < 1,0.9313607020469031,118,1,2,True,,6.0,5.899889738955658,5.3850161963611,3.126782405662811,2.126782405662811,True,8.205900000120891,Optimization terminated successfully
Wholesale Customers,3,42,10,300,0.0001,50,least_cost,Ranked + weighted SHARK,Random 25% immutable,α = 1,1.0,118,1,2,True,,4.0,5.955582322895293,5.1168153464080115,2.9827239435271693,1.9827239435271693,True,5.154599999968923,Optimization terminated successfully
Wholesale Customers,3,42,10,300,0.0001,50,least_cost,Ranked + weighted SHARK,Random 25% immutable,α < 1,0.9313607020469031,118,1,2,True,,4.0,6.42293953922772,5.31379206498825,2.8721576507377553,1.8721576507377553,True,4.963600000110091,Optimization terminated successfully
Wholesale Customers,3,42,10,300,0.0001,50,least_cost,Ranked + weighted SHARK,Random 50% immutable,α = 1,1.0,118,1,2,True,,3.0,7.958603254741236,6.230682706916012,2.23202571485725,1.23202571485725,True,3.475199999911638,Optimization terminated successfully
Wholesale Customers,3,42,10,300,0.0001,50,least_cost,Ranked + weighted SHARK,Random 50% immutable,α < 1,0.9313607020469031,118,1,2,True,,3.0,8.583145148649498,6.470538686748284,2.149287024482405,1.1492870244824052,True,3.900100000009843,Optimization terminated successfully
Wholesale Customers,3,42,10,300,0.0001,50,least_cost,Ranked + weighted SHARK,Random 75% immutable,α = 1,1.0,118,1,2,False,,,,,,,False,2.1194000000832602,Positive directional derivative for linesearch
Wholesale Customers,3,42,10,300,0.0001,50,least_cost,Ranked + weighted SHARK,Random 75% immutable,α < 1,0.9313607020469031,118,1,2,False,,,,,,,False,1.1164000000007945,Positive directional derivative for linesearch
Wholesale Customers,3,42,10,300,0.0001,50,least_cost,Ranked + weighted SHARK,All features mutable,α = 1,1.0,194,1,2,True,,6.0,5.952648392081378,5.409039775122791,3.1511067396846077,2.1511067396846077,True,9.321600000021135,Optimization terminated successfully
Wholesale Customers,3,42,10,300,0.0001,50,least_cost,Ranked + weighted SHARK,All features mutable,α < 1,0.9313607020469031,194,1,2,True,,6.0,6.400112037968914,5.608656796514024,3.0389563195828537,2.0389563195828537,True,11.135400000057416,Optimization terminated successfully
Wholesale Customers,3,42,10,300,0.0001,50,least_cost,Ranked + weighted SHARK,Random 25% immutable,α = 1,1.0,194,1,2,True,,4.0,6.48037546677309,5.337497830786873,2.8945011686061206,1.8945011686061206,True,4.656099999920116,Optimization terminated successfully
Wholesale Customers,3,42,10,300,0.0001,50,least_cost,Ranked + weighted SHARK,Random 25% immutable,α < 1,0.9313607020469031,194,1,2,True,,4.0,6.967508628706884,5.534474442416307,2.791483659717659,1.791483659717659,True,5.257900000060545,Optimization terminated successfully
Wholesale Customers,3,42,10,300,0.0001,50,least_cost,Ranked + weighted SHARK,Random 50% immutable,α = 1,1.0,194,1,2,True,,3.0,13.35510719610744,8.676684952909786,1.404510732669905,0.4045107326699049,True,3.1094999999368156,Optimization terminated successfully
Wholesale Customers,3,42,10,300,0.0001,50,least_cost,Ranked + weighted SHARK,Random 50% immutable,α < 1,0.9313607020469031,194,1,2,True,,3.0,14.359017483353242,8.996892264810375,1.3545230778007744,0.3545230778007744,True,3.140699999903518,Optimization terminated successfully
Wholesale Customers,3,42,10,300,0.0001,50,least_cost,Ranked + weighted SHARK,Random 75% immutable,α = 1,1.0,194,1,2,True,,2.0,21.128198864266743,9.52674713856001,1.077126550444924,0.07712655044492389,True,2.5288000001637556,Optimization terminated successfully
Wholesale Customers,3,42,10,300,0.0001,50,least_cost,Ranked + weighted SHARK,Random 75% immutable,α < 1,0.9313607020469031,194,1,2,True,,2.0,22.716416456186153,9.87832510140332,1.0387907175056295,0.03879071750562946,True,2.6858000001084292,Optimization terminated successfully
Wholesale Customers,3,42,10,300,0.0001,50,least_cost,Ranked + weighted SHARK,All features mutable,α = 1,1.0,153,1,2,True,,6.0,4.590987825160729,4.750268237052029,3.1803185516734027,2.1803185516734027,True,8.496700000023338,Optimization terminated successfully
Wholesale Customers,3,42,10,300,0.0001,50,least_cost,Ranked + weighted SHARK,All features mutable,α < 1,0.9313607020469031,153,1,2,True,,6.0,4.9849418582959775,4.949885083167175,3.052064302479317,2.052064302479317,True,7.835600000134946,Optimization terminated successfully
Wholesale Customers,3,42,10,300,0.0001,50,least_cost,Ranked + weighted SHARK,Random 25% immutable,α = 1,1.0,153,1,2,True,,4.0,7.398919827797119,6.077828874513372,2.43769984217936,1.4376998421793599,True,5.066899999974339,Optimization terminated successfully
Wholesale Customers,3,42,10,300,0.0001,50,least_cost,Ranked + weighted SHARK,Random 25% immutable,α < 1,0.9313607020469031,153,1,2,True,,4.0,8.033823342712063,6.333232734142871,2.3393934122628957,1.3393934122628957,True,5.317399999967165,Optimization terminated successfully
Wholesale Customers,3,42,10,300,0.0001,50,least_cost,Ranked + weighted SHARK,Random 50% immutable,α = 1,1.0,153,1,2,False,,,,,,,False,1.1811000001671346,Positive directional derivative for linesearch
Wholesale Customers,3,42,10,300,0.0001,50,least_cost,Ranked + weighted SHARK,Random 50% immutable,α < 1,0.9313607020469031,153,1,2,False,,,,,,,False,5.015599999978804,Positive directional derivative for linesearch
Wholesale Customers,3,42,10,300,0.0001,50,least_cost,Ranked + weighted SHARK,Random 75% immutable,α = 1,1.0,153,1,2,True,,2.0,13.797729121363442,8.45559729435512,1.458277815906585,0.458277815906585,True,2.1891000001232896,Optimization terminated successfully
Wholesale Customers,3,42,10,300,0.0001,50,least_cost,Ranked + weighted SHARK,Random 75% immutable,α < 1,0.9313607020469031,153,1,2,True,,2.0,14.981716368194327,8.810920351435286,1.3994690458306651,0.3994690458306651,True,2.3893000000043685,Optimization terminated successfully
Wholesale Customers,3,42,10,300,0.0001,50,least_cost,Ranked + weighted SHARK,All features mutable,α = 1,1.0,297,1,0,True,,6.0,0.054507211545524493,0.4848742398687207,3.3230586689024806,2.3230586689024806,True,5.794199999854754,Optimization terminated successfully
Wholesale Customers,3,42,10,300,0.0001,50,least_cost,Ranked + weighted SHARK,All features mutable,α < 1,0.9987462090145068,297,1,0,True,,6.0,0.05482156914726404,0.4862704296045863,3.3135174879899094,2.3135174879899094,True,5.962899999985893,Optimization terminated successfully
Wholesale Customers,3,42,10,300,0.0001,50,least_cost,Ranked + weighted SHARK,Random 25% immutable,α = 1,1.0,297,1,0,True,,4.0,0.06675204406919548,0.5329013137225869,2.7134606611771637,1.7134606611771637,True,5.590400000073714,Optimization terminated successfully
Wholesale Customers,3,42,10,300,0.0001,50,least_cost,Ranked + weighted SHARK,Random 25% immutable,α < 1,0.9987462090145068,297,1,0,True,,4.0,0.06713702088015105,0.5344357988756344,2.7056694827119427,1.7056694827119427,True,5.828400000154943,Optimization terminated successfully
Wholesale Customers,3,42,10,300,0.0001,50,least_cost,Ranked + weighted SHARK,Random 50% immutable,α = 1,1.0,297,1,0,True,,3.0,0.06875689004870578,0.527045106615576,2.63394722795778,1.6339472279577798,True,3.6609999999654974,Optimization terminated successfully
Wholesale Customers,3,42,10,300,0.0001,50,least_cost,Ranked + weighted SHARK,Random 50% immutable,α < 1,0.9987462090145068,297,1,0,True,,3.0,0.06915342934038551,0.5285627262099928,2.6263846110904776,1.6263846110904776,True,3.424799999947936,Optimization terminated successfully
Wholesale Customers,3,42,10,300,0.0001,50,least_cost,Ranked + weighted SHARK,Random 75% immutable,α = 1,1.0,297,1,0,True,,2.0,0.1421689029211997,0.7561843273841994,10.39813431421527,9.39813431421527,True,2.3223000000598404,Optimization terminated successfully
Wholesale Customers,3,42,10,300,0.0001,50,least_cost,Ranked + weighted SHARK,Random 75% immutable,α < 1,0.9987462090145068,297,1,0,True,,2.0,0.14298882883781308,0.7583617509417464,10.368278988109978,9.368278988109978,True,2.1226999999726104,Optimization terminated successfully
Wholesale Customers,3,42,10,300,0.0001,50,least_cost,Ranked + weighted SHARK,All features mutable,α = 1,1.0,171,0,1,True,,6.0,1.4713920266171203,2.5192144363499516,1.2334451679550476,0.23344516795504755,True,6.83740000022226,Optimization terminated successfully
Wholesale Customers,3,42,10,300,0.0001,50,least_cost,Ranked + weighted SHARK,All features mutable,α < 1,0.9912328871267146,171,0,1,True,,6.0,1.4828184028358364,2.5289772685165013,1.228683594083979,0.2286835940839791,True,6.997100000035061,Optimization terminated successfully
Wholesale Customers,3,42,10,300,0.0001,50,least_cost,Ranked + weighted SHARK,Random 25% immutable,α = 1,1.0,171,0,1,True,,4.0,2.4800295465453526,3.465660666653951,1.0000000000000013,1.3322676295501878e-15,True,3.9671000001817447,Optimization terminated successfully
Wholesale Customers,3,42,10,300,0.0001,50,least_cost,Ranked + weighted SHARK,Random 25% immutable,α < 1,0.9912328871267146,171,0,1,True,,4.0,2.5036052776822917,3.4848728227891144,1.0000000000000013,1.3322676295501878e-15,True,4.312299999810421,Optimization terminated successfully
Wholesale Customers,3,42,10,300,0.0001,50,least_cost,Ranked + weighted SHARK,Random 50% immutable,α = 1,1.0,171,0,1,True,,3.0,2.874229791317447,3.7540776204402646,1.000000000000002,1.9984014443252818e-15,True,2.376700000013443,Optimization terminated successfully
Wholesale Customers,3,42,10,300,0.0001,50,least_cost,Ranked + weighted SHARK,Random 50% immutable,α < 1,0.9912328871267146,171,0,1,True,,3.0,2.903887568759587,3.7749289100810284,1.0,0.0,False,2.9448000000229513,Optimization terminated successfully
Wholesale Customers,3,42,10,300,0.0001,50,least_cost,Ranked + weighted SHARK,Random 75% immutable,α = 1,1.0,171,0,1,False,,,,,,,False,8.077899999989313,Positive directional derivative for linesearch
Wholesale Customers,3,42,10,300,0.0001,50,least_cost,Ranked + weighted SHARK,Random 75% immutable,α < 1,0.9912328871267146,171,0,1,False,,,,,,,False,2.5372000000061234,Positive directional derivative for linesearch
Wholesale Customers,3,42,10,300,0.0001,50,least_cost,Ranked + weighted SHARK,All features mutable,α = 1,1.0,29,1,0,True,,6.0,0.4961854782773135,1.4600574365928305,1.0,0.0,False,7.343600000012884,Optimization terminated successfully
Wholesale Customers,3,42,10,300,0.0001,50,least_cost,Ranked + weighted SHARK,All features mutable,α < 1,0.9987462090145068,29,1,0,True,,6.0,0.49713408330561326,1.4614275645101231,1.0,0.0,False,7.1534999999585125,Optimization terminated successfully
Wholesale Customers,3,42,10,300,0.0001,50,least_cost,Ranked + weighted SHARK,Random 25% immutable,α = 1,1.0,29,1,0,True,,4.0,0.5096735040493201,1.4458441144671395,1.0,0.0,False,4.89730000003874,Optimization terminated successfully
Wholesale Customers,3,42,10,300,0.0001,50,least_cost,Ranked + weighted SHARK,Random 25% immutable,α < 1,0.9987462090145068,29,1,0,True,,4.0,0.510648153880344,1.4472002323737276,1.0000000000000018,1.7763568394002505e-15,True,4.1971999999077525,Optimization terminated successfully
Wholesale Customers,3,42,10,300,0.0001,50,least_cost,Ranked + weighted SHARK,Random 50% immutable,α = 1,1.0,29,1,0,True,,3.0,0.8506104868512722,1.8640335472963485,3.0910986481527893,2.0910986481527893,True,3.546500000084052,Optimization terminated successfully
Wholesale Customers,3,42,10,300,0.0001,50,least_cost,Ranked + weighted SHARK,Random 50% immutable,α < 1,0.9987462090145068,29,1,0,True,,3.0,0.8522349583976311,1.8658126393902008,3.085869071249,2.085869071249,True,3.5173000001123,Optimization terminated successfully
Wholesale Customers,3,42,10,300,0.0001,50,least_cost,Ranked + weighted SHARK,Random 75% immutable,α = 1,1.0,29,1,0,True,,2.0,1.2940367858181487,2.281385500174543,3.6884524813063835,2.6884524813063835,True,2.4905000000217115,Optimization terminated successfully
Wholesale Customers,3,42,10,300,0.0001,50,least_cost,Ranked + weighted SHARK,Random 75% immutable,α < 1,0.9987462090145068,29,1,0,True,,2.0,1.2965081002095542,2.283562929038743,3.6849354731985304,2.6849354731985304,True,2.3905000000468135,Optimization terminated successfully
Wholesale Customers,3,42,10,300,0.0001,50,least_cost,Ranked + weighted SHARK,All features mutable,α = 1,1.0,319,0,1,True,,6.0,1.6654380828823019,2.6801875037421032,1.159268379483792,0.1592683794837919,True,8.026800000152434,Optimization terminated successfully
Wholesale Customers,3,42,10,300,0.0001,50,least_cost,Ranked + weighted SHARK,All features mutable,α < 1,0.9912328871267146,319,0,1,True,,6.0,1.6775931711969676,2.6899503041152193,1.1550609725144936,0.15506097251449358,True,7.4853999999504595,Optimization terminated successfully
Wholesale Customers,3,42,10,300,0.0001,50,least_cost,Ranked + weighted SHARK,Random 25% immutable,α = 1,1.0,319,0,1,True,,4.0,2.106867309419158,2.93639179099677,1.0,0.0,False,3.9437000000361877,Optimization terminated successfully
Wholesale Customers,3,42,10,300,0.0001,50,least_cost,Ranked + weighted SHARK,Random 25% immutable,α < 1,0.9912328871267146,319,0,1,True,,4.0,2.12338098702975,2.948357969575504,1.0,0.0,False,4.038300000047457,Optimization terminated successfully
Wholesale Customers,3,42,10,300,0.0001,50,least_cost,Ranked + weighted SHARK,Random 50% immutable,α = 1,1.0,319,0,1,True,,3.0,3.3790448606914723,3.970925922832297,1.0000000000000029,2.886579864025407e-15,True,2.5454999999965366,Optimization terminated successfully
Wholesale Customers,3,42,10,300,0.0001,50,least_cost,Ranked + weighted SHARK,Random 50% immutable,α < 1,0.9912328871267146,319,0,1,True,,3.0,3.412892267589722,3.991996286590552,1.0000000000000013,1.3322676295501878e-15,True,2.542100000027858,Optimization terminated successfully
Wholesale Customers,3,42,10,300,0.0001,50,least_cost,Ranked + weighted SHARK,Random 75% immutable,α = 1,1.0,319,0,1,True,,2.0,3.0041271078358935,3.551836507051364,1.0,0.0,False,1.5198000000964385,Optimization terminated successfully
Wholesale Customers,3,42,10,300,0.0001,50,least_cost,Ranked + weighted SHARK,Random 75% immutable,α < 1,0.9912328871267146,319,0,1,True,,2.0,3.029442152142271,3.567802016786474,1.0,0.0,False,1.6428000001269538,Optimization terminated successfully
Wholesale Customers,3,42,10,300,0.0001,50,least_cost,Ranked + weighted SHARK,All features mutable,α = 1,1.0,211,2,0,True,,6.0,0.5581229478404462,1.6562703933849814,1.6337111755025222,0.6337111755025222,True,6.601399999908608,Optimization terminated successfully
Wholesale Customers,3,42,10,300,0.0001,50,least_cost,Ranked + weighted SHARK,All features mutable,α < 1,0.9987462090145068,211,2,0,True,,6.0,0.5605830721421701,1.6599166606755205,1.6301226349028792,0.6301226349028792,True,6.435499999952299,Optimization terminated successfully
Wholesale Customers,3,42,10,300,0.0001,50,least_cost,Ranked + weighted SHARK,Random 25% immutable,α = 1,1.0,211,2,0,True,,4.0,0.9227860649234869,2.1098115994026205,1.0000000000000007,6.661338147750939e-16,True,4.733799999939947,Optimization terminated successfully
Wholesale Customers,3,42,10,300,0.0001,50,least_cost,Ranked + weighted SHARK,Random 25% immutable,α < 1,0.9987462090145068,211,2,0,True,,4.0,0.9268599855613278,2.1138088856992683,1.0,0.0,False,5.200600000080158,Optimization terminated successfully
Wholesale Customers,3,42,10,300,0.0001,50,least_cost,Ranked + weighted SHARK,Random 50% immutable,α = 1,1.0,211,2,0,True,,3.0,1.036210666891649,2.072258748353024,1.6440203116732635,0.6440203116732635,True,3.8858000000345783,Optimization terminated successfully
Wholesale Customers,3,42,10,300,0.0001,50,least_cost,Ranked + weighted SHARK,Random 50% immutable,α < 1,0.9987462090145068,211,2,0,True,,3.0,1.0407781319052494,2.0768208506198946,1.64040868123114,0.64040868123114,True,3.540999999813721,Optimization terminated successfully
Wholesale Customers,3,42,10,300,0.0001,50,least_cost,Ranked + weighted SHARK,Random 75% immutable,α = 1,1.0,211,2,0,True,,2.0,1.7641899191189816,2.7321951443215657,1.0,0.0,False,1.761399999850255,Optimization terminated successfully
Wholesale Customers,3,42,10,300,0.0001,50,least_cost,Ranked + weighted SHARK,Random 75% immutable,α < 1,0.9987462090145068,211,2,0,True,,2.0,1.7724230432712056,2.7380047422579734,1.000000000000001,1.1102230246251565e-15,True,1.7444000000068627,Optimization terminated successfully
Wholesale Customers,3,42,10,300,0.0001,50,least_cost,Ranked + weighted SHARK,All features mutable,α = 1,1.0,205,0,1,True,,6.0,0.9058085021525362,1.9766015704318558,1.5998645928675537,0.5998645928675537,True,7.233799999994517,Optimization terminated successfully
Wholesale Customers,3,42,10,300,0.0001,50,least_cost,Ranked + weighted SHARK,All features mutable,α < 1,0.9912328871267146,205,0,1,True,,6.0,0.9147785140828015,1.9863643613102344,1.5920012780454489,0.5920012780454489,True,7.389000000102897,Optimization terminated successfully
Wholesale Customers,3,42,10,300,0.0001,50,least_cost,Ranked + weighted SHARK,Random 25% immutable,α = 1,1.0,205,0,1,True,,4.0,1.5420044356822495,2.634964110322219,1.0,0.0,False,3.164599999990969,Optimization terminated successfully
Wholesale Customers,3,42,10,300,0.0001,50,least_cost,Ranked + weighted SHARK,Random 25% immutable,α < 1,0.9912328871267146,205,0,1,True,,4.0,1.5580105925093404,2.6509927201516645,1.0,0.0,False,2.417800000102943,Optimization terminated successfully
Wholesale Customers,3,42,10,300,0.0001,50,least_cost,Ranked + weighted SHARK,Random 50% immutable,α = 1,1.0,205,0,1,True,,3.0,1.5280358098802613,2.538475304780976,1.0928514425792781,0.09285144257927813,True,3.620799999907831,Optimization terminated successfully
Wholesale Customers,3,42,10,300,0.0001,50,least_cost,Ranked + weighted SHARK,Random 50% immutable,α < 1,0.9912328871267146,205,0,1,True,,3.0,1.5431675948127332,2.551013307581781,1.0874801920059394,0.08748019200593937,True,4.0458000000853644,Optimization terminated successfully
Wholesale Customers,3,42,10,300,0.0001,50,least_cost,Ranked + weighted SHARK,Random 75% immutable,α = 1,1.0,205,0,1,True,,2.0,6.096286779142792,7.900087762583524,1.0,0.0,False,1.4020999999502237,Optimization terminated successfully
Wholesale Customers,3,42,10,300,0.0001,50,least_cost,Ranked + weighted SHARK,Random 75% immutable,α < 1,0.9912328871267146,205,0,1,True,,2.0,6.235425123645027,7.999797776176427,1.0000000000000009,8.881784197001252e-16,True,1.350499999944077,Optimization terminated successfully
Wholesale Customers,3,42,10,300,0.0001,50,least_cost,Ranked + weighted SHARK,All features mutable,α = 1,1.0,327,1,2,True,,6.0,6.462268739346784,5.635825844600433,3.0290204425127927,2.0290204425127927,True,8.311499999990701,Optimization terminated successfully
Wholesale Customers,3,42,10,300,0.0001,50,least_cost,Ranked + weighted SHARK,All features mutable,α < 1,0.9313607020469031,327,1,2,True,,6.0,6.9281533934041395,5.835442884623986,2.9254048230454694,1.9254048230454694,True,8.715100000017628,Optimization terminated successfully
Wholesale Customers,3,42,10,300,0.0001,50,least_cost,Ranked + weighted SHARK,Random 25% immutable,α = 1,1.0,327,1,2,True,,4.0,8.997110140605725,6.812313174250174,2.175623310575385,1.1756233105753848,True,5.121700000017881,Optimization terminated successfully
Wholesale Customers,3,42,10,300,0.0001,50,least_cost,Ranked + weighted SHARK,Random 25% immutable,α < 1,0.9313607020469031,327,1,2,True,,4.0,9.6457392388942,7.053600285460376,2.1012003846367775,1.1012003846367775,True,5.572399999891786,Optimization terminated successfully
Wholesale Customers,3,42,10,300,0.0001,50,least_cost,Ranked + weighted SHARK,Random 50% immutable,α = 1,1.0,327,1,2,True,,3.0,14.498469598664325,9.040474430103382,1.3500945245888505,0.3500945245888505,True,3.212300000086543,Optimization terminated successfully
Wholesale Customers,3,42,10,300,0.0001,50,least_cost,Ranked + weighted SHARK,Random 50% immutable,α < 1,0.9313607020469031,327,1,2,True,,3.0,15.54370847152067,9.36068131627663,1.3039109515058525,0.30391095150585246,True,3.621500000008382,Optimization terminated successfully
Wholesale Customers,3,42,10,300,0.0001,50,least_cost,Ranked + weighted SHARK,Random 75% immutable,α = 1,1.0,327,1,2,False,,,,,,,False,1.4988999998877262,Positive directional derivative for linesearch
Wholesale Customers,3,42,10,300,0.0001,50,least_cost,Ranked + weighted SHARK,Random 75% immutable,α < 1,0.9313607020469031,327,1,2,False,,,,,,,False,7.803499999909036,Positive directional derivative for linesearch
Wholesale Customers,3,42,10,300,0.0001,50,least_cost,Ranked + weighted SHARK,All features mutable,α = 1,1.0,80,1,0,True,,6.0,0.3910070266013786,1.2862761301684313,1.0,0.0,False,6.36450000001787,Optimization terminated successfully
Wholesale Customers,3,42,10,300,0.0001,50,least_cost,Ranked + weighted SHARK,All features mutable,α < 1,0.9987462090145068,80,1,0,True,,6.0,0.3918527369425911,1.2876626402164604,1.0,0.0,False,6.77729999983967,Optimization terminated successfully
Wholesale Customers,3,42,10,300,0.0001,50,least_cost,Ranked + weighted SHARK,Random 25% immutable,α = 1,1.0,80,1,0,True,,4.0,0.4800349422569725,1.4111525700365228,1.0000000000000013,1.3322676295501878e-15,True,3.783900000144058,Optimization terminated successfully
Wholesale Customers,3,42,10,300,0.0001,50,least_cost,Ranked + weighted SHARK,Random 25% immutable,α < 1,0.9987462090145068,80,1,0,True,,4.0,0.48107349987382353,1.4126747752984783,1.0,0.0,False,4.4605000000501605,Optimization terminated successfully
Wholesale Customers,3,42,10,300,0.0001,50,least_cost,Ranked + weighted SHARK,Random 50% immutable,α = 1,1.0,80,1,0,True,,3.0,0.9166942360487291,1.9441123486335485,1.0000000000000004,4.440892098500626e-16,True,3.3614999999826978,Optimization terminated successfully
Wholesale Customers,3,42,10,300,0.0001,50,least_cost,Ranked + weighted SHARK,Random 50% immutable,α < 1,0.9987462090145068,80,1,0,True,,3.0,0.9186945981466209,1.9461191083402891,1.0000000000000007,6.661338147750939e-16,True,3.0225000000427826,Optimization terminated successfully
Wholesale Customers,3,42,10,300,0.0001,50,least_cost,Ranked + weighted SHARK,Random 75% immutable,α = 1,1.0,80,1,0,True,,2.0,0.9224548366960151,1.940049293073326,1.0000000000000042,4.218847493575595e-15,True,2.3610000000644504,Optimization terminated successfully
Wholesale Customers,3,42,10,300,0.0001,50,least_cost,Ranked + weighted SHARK,Random 75% immutable,α < 1,0.9987462090145068,80,1,0,True,,2.0,0.924468150004183,1.9420511323565905,1.0,0.0,False,1.8379999999069696,Optimization terminated successfully
Wholesale Customers,3,42,10,300,0.0001,50,least_cost,Ranked + weighted SHARK,All features mutable,α = 1,1.0,343,0,1,True,,6.0,1.7328111744343513,2.7236482747904476,1.0,0.0,False,6.716400000186695,Optimization terminated successfully
Wholesale Customers,3,42,10,300,0.0001,50,least_cost,Ranked + weighted SHARK,All features mutable,α < 1,0.9912328871267146,343,0,1,True,,6.0,1.7457377037847805,2.733725389134396,1.0,0.0,False,6.463599999960934,Optimization terminated successfully
Wholesale Customers,3,42,10,300,0.0001,50,least_cost,Ranked + weighted SHARK,Random 25% immutable,α = 1,1.0,343,0,1,True,,4.0,1.803556669868775,2.679113460337151,1.0,0.0,False,2.127799999925628,Optimization terminated successfully
Wholesale Customers,3,42,10,300,0.0001,50,least_cost,Ranked + weighted SHARK,Random 25% immutable,α < 1,0.9912328871267146,343,0,1,True,,4.0,1.8170781142662666,2.688981231588736,1.0,0.0,False,2.0477000000482803,Optimization terminated successfully
Wholesale Customers,3,42,10,300,0.0001,50,least_cost,Ranked + weighted SHARK,Random 50% immutable,α = 1,1.0,343,0,1,True,,3.0,1.8040867775114127,2.6794839651943008,1.0000000000000004,4.440892098500626e-16,True,1.879000000144515,Optimization terminated successfully
Wholesale Customers,3,42,10,300,0.0001,50,least_cost,Ranked + weighted SHARK,Random 50% immutable,α < 1,0.9912328871267146,343,0,1,True,,3.0,1.8176105042160882,2.6893520396744073,1.0000000000000004,4.440892098500626e-16,True,2.051999999821419,Optimization terminated successfully
Wholesale Customers,3,42,10,300,0.0001,50,least_cost,Ranked + weighted SHARK,Random 75% immutable,α = 1,1.0,343,0,1,False,,,,,,,False,10.285099999919112,Positive directional derivative for linesearch
Wholesale Customers,3,42,10,300,0.0001,50,least_cost,Ranked + weighted SHARK,Random 75% immutable,α < 1,0.9912328871267146,343,0,1,False,,,,,,,False,12.281599999823811,Positive directional derivative for linesearch
Wholesale Customers,3,42,10,300,0.0001,50,least_cost,Ranked + weighted SHARK,All features mutable,α = 1,1.0,235,1,0,True,,6.0,0.18310181704036627,0.8783853817694444,1.0000000000000007,6.661338147750939e-16,True,6.10370000003968,Optimization terminated successfully
Wholesale Customers,3,42,10,300,0.0001,50,least_cost,Ranked + weighted SHARK,All features mutable,α < 1,0.9987462090145068,235,1,0,True,,6.0,0.18368163406412222,0.8797506413290184,1.0,0.0,False,6.088700000191238,Optimization terminated successfully
Wholesale Customers,3,42,10,300,0.0001,50,least_cost,Ranked + weighted SHARK,Random 25% immutable,α = 1,1.0,235,1,0,True,,4.0,0.22775715891640813,0.9544711912933086,1.0000000000000022,2.220446049250313e-15,True,3.8965000001098815,Optimization terminated successfully
Wholesale Customers,3,42,10,300,0.0001,50,least_cost,Ranked + weighted SHARK,Random 25% immutable,α < 1,0.9987462090145068,235,1,0,True,,4.0,0.22847982785656068,0.9559613619955563,1.0,0.0,False,4.001900000048408,Optimization terminated successfully
Wholesale Customers,3,42,10,300,0.0001,50,least_cost,Ranked + weighted SHARK,Random 50% immutable,α = 1,1.0,235,1,0,True,,3.0,0.31829919356874975,1.165414120787648,1.0,0.0,False,3.3717999999680615,Optimization terminated successfully
Wholesale Customers,3,42,10,300,0.0001,50,least_cost,Ranked + weighted SHARK,Random 50% immutable,α < 1,0.9987462090145068,235,1,0,True,,3.0,0.31930406683773505,1.1671988645399722,1.0000000000000004,4.440892098500626e-16,True,3.448799999887342,Optimization terminated successfully
Wholesale Customers,3,42,10,300,0.0001,50,least_cost,Ranked + weighted SHARK,Random 75% immutable,α = 1,1.0,235,1,0,True,,2.0,0.46648001683538454,1.3672614321545573,1.0,0.0,False,1.696799999990617,Optimization terminated successfully
Wholesale Customers,3,42,10,300,0.0001,50,least_cost,Ranked + weighted SHARK,Random 75% immutable,α < 1,0.9987462090145068,235,1,0,True,,2.0,0.46796635751345994,1.369421969329608,1.0,0.0,False,1.6329999998561107,Optimization terminated successfully
Wholesale Customers,3,42,10,300,0.0001,50,least_cost,Ranked + weighted SHARK,All features mutable,α = 1,1.0,417,1,2,True,,6.0,3.5706925221119286,4.189294634542401,3.816725332664321,2.816725332664321,True,8.969799999931638,Optimization terminated successfully
Wholesale Customers,3,42,10,300,0.0001,50,least_cost,Ranked + weighted SHARK,All features mutable,α < 1,0.9313607020469031,417,1,2,True,,6.0,3.919081017443375,4.388911437041301,3.6431327233574513,2.6431327233574513,True,8.643800000072588,Optimization terminated successfully
Wholesale Customers,3,42,10,300,0.0001,50,least_cost,Ranked + weighted SHARK,Random 25% immutable,α = 1,1.0,417,1,2,True,,4.0,5.082109807871748,5.056263070138533,2.6816283760754627,1.6816283760754627,True,5.863700000190875,Optimization terminated successfully
Wholesale Customers,3,42,10,300,0.0001,50,least_cost,Ranked + weighted SHARK,Random 25% immutable,α < 1,0.9313607020469031,417,1,2,True,,4.0,5.577965605610073,5.297190122172614,2.559662446853341,1.5596624468533409,True,5.08140000010826,Optimization terminated successfully
Wholesale Customers,3,42,10,300,0.0001,50,least_cost,Ranked + weighted SHARK,Random 50% immutable,α = 1,1.0,417,1,2,True,,3.0,11.421861698767918,7.554661688687382,1.4043102614820666,0.4043102614820666,True,4.301700000041819,Optimization terminated successfully
Wholesale Customers,3,42,10,300,0.0001,50,least_cost,Ranked + weighted SHARK,Random 50% immutable,α < 1,0.9313607020469031,417,1,2,True,,3.0,12.536280032526067,7.914634826093599,1.3404392929141666,0.34043929291416664,True,4.317599999922095,Optimization terminated successfully
Wholesale Customers,3,42,10,300,0.0001,50,least_cost,Ranked + weighted SHARK,Random 75% immutable,α = 1,1.0,417,1,2,True,,2.0,5.748372855037731,4.959201521022344,2.3708114643353255,1.3708114643353255,True,2.318700000159879,Optimization terminated successfully
Wholesale Customers,3,42,10,300,0.0001,50,least_cost,Ranked + weighted SHARK,Random 75% immutable,α < 1,0.9313607020469031,417,1,2,True,,2.0,6.309235196755531,5.195503589932542,2.26298221093147,1.2629822109314701,True,2.645799999982046,Optimization terminated successfully
Wholesale Customers,3,42,10,300,0.0001,50,least_cost,Ranked + weighted SHARK,All features mutable,α = 1,1.0,71,0,1,True,,6.0,0.056068225154235325,0.4908548477340381,1.0,0.0,False,6.47490000005746,Optimization terminated successfully
Wholesale Customers,3,42,10,300,0.0001,50,least_cost,Ranked + weighted SHARK,All features mutable,α < 1,0.9912328871267146,71,0,1,True,,6.0,0.0584193311839003,0.5009863118126315,1.0,0.0,False,6.5987000000404805,Optimization terminated successfully
Wholesale Customers,3,42,10,300,0.0001,50,least_cost,Ranked + weighted SHARK,Random 25% immutable,α = 1,1.0,71,0,1,True,,4.0,0.0678993126614787,0.5374612931516348,2.46709735801612,1.4670973580161202,True,7.840900000019246,Optimization terminated successfully
Wholesale Customers,3,42,10,300,0.0001,50,least_cost,Ranked + weighted SHARK,Random 25% immutable,α < 1,0.9912328871267146,71,0,1,True,,4.0,0.0706374500015583,0.5481911379740115,2.4188083880409197,1.4188083880409197,True,5.1616000000649365,Optimization terminated successfully
Wholesale Customers,3,42,10,300,0.0001,50,least_cost,Ranked + weighted SHARK,Random 50% immutable,α = 1,1.0,71,0,1,True,,3.0,0.13008161638749308,0.7497494268358832,3.2295216210488285,2.2295216210488285,True,3.1533999999737716,Optimization terminated successfully
Wholesale Customers,3,42,10,300,0.0001,50,least_cost,Ranked + weighted SHARK,Random 50% immutable,α < 1,0.9912328871267146,71,0,1,True,,3.0,0.13532734447092074,0.7647173631091339,3.1663095707485995,2.1663095707485995,True,3.409400000009555,Optimization terminated successfully
Wholesale Customers,3,42,10,300,0.0001,50,least_cost,Ranked + weighted SHARK,Random 75% immutable,α = 1,1.0,71,0,1,False,,,,,,,False,19.33680000001914,Positive directional derivative for linesearch
Wholesale Customers,3,42,10,300,0.0001,50,least_cost,Ranked + weighted SHARK,Random 75% immutable,α < 1,0.9912328871267146,71,0,1,False,,,,,,,False,6.625900000017282,Positive directional derivative for linesearch
Wholesale Customers,3,42,10,300,0.0001,50,least_cost,Ranked + weighted SHARK,All features mutable,α = 1,1.0,277,1,2,True,,6.0,5.74854338693359,5.315498097293826,3.2146548616181376,2.2146548616181376,True,8.629299999938667,Optimization terminated successfully
Wholesale Customers,3,42,10,300,0.0001,50,least_cost,Ranked + weighted SHARK,All features mutable,α < 1,0.9313607020469031,277,1,2,True,,6.0,6.188408982927168,5.5151149796437515,3.098302200457915,2.098302200457915,True,8.625499999880049,Optimization terminated successfully
Wholesale Customers,3,42,10,300,0.0001,50,least_cost,Ranked + weighted SHARK,Random 25% immutable,α = 1,1.0,277,1,2,True,,4.0,15.570524464385613,9.742612504325466,1.285993487669772,0.28599348766977206,True,4.631600000038816,Optimization terminated successfully
Wholesale Customers,3,42,10,300,0.0001,50,least_cost,Ranked + weighted SHARK,Random 25% immutable,α < 1,0.9313607020469031,277,1,2,True,,4.0,16.761945936303885,10.10848460063412,1.239447698201111,0.2394476982011109,True,5.133500000056301,Optimization terminated successfully
Wholesale Customers,3,42,10,300,0.0001,50,least_cost,Ranked + weighted SHARK,Random 50% immutable,α = 1,1.0,277,1,2,True,,3.0,14.007674015551366,8.60441564684925,1.3192451220366086,0.3192451220366086,True,3.9496000001690845,Optimization terminated successfully
Wholesale Customers,3,42,10,300,0.0001,50,least_cost,Ranked + weighted SHARK,Random 50% immutable,α < 1,0.9313607020469031,277,1,2,True,,3.0,15.079509690824898,8.927543784288812,1.271495738277581,0.2714957382775809,True,3.729100000100516,Optimization terminated successfully
Wholesale Customers,3,42,10,300,0.0001,50,least_cost,Ranked + weighted SHARK,Random 75% immutable,α = 1,1.0,277,1,2,True,,2.0,17.276640129736787,9.461721108509108,1.3274979377581055,0.32749793775810554,True,2.269600000090577,Optimization terminated successfully
Wholesale Customers,3,42,10,300,0.0001,50,least_cost,Ranked + weighted SHARK,Random 75% immutable,α < 1,0.9313607020469031,277,1,2,True,,2.0,18.598609730711146,9.817043783168955,1.279449786731359,0.279449786731359,True,2.227100000027349,Optimization terminated successfully
Wholesale Customers,3,42,10,300,0.0001,50,least_cost,Ranked + weighted SHARK,All features mutable,α = 1,1.0,377,1,2,True,,6.0,5.039198677951506,4.9767497188749115,3.3236127322126974,2.3236127322126974,True,8.248800000046685,Optimization terminated successfully
Wholesale Customers,3,42,10,300,0.0001,50,least_cost,Ranked + weighted SHARK,All features mutable,α < 1,0.9313607020469031,377,1,2,True,,6.0,5.451548978985372,5.176366621122633,3.19544388210349,2.19544388210349,True,8.176499999990483,Optimization terminated successfully
Wholesale Customers,3,42,10,300,0.0001,50,least_cost,Ranked + weighted SHARK,Random 25% immutable,α = 1,1.0,377,1,2,True,,4.0,5.282728149861219,4.9260687530499885,3.1704002014112116,2.1704002014112116,True,4.630000000133805,Optimization terminated successfully
Wholesale Customers,3,42,10,300,0.0001,50,least_cost,Ranked + weighted SHARK,Random 25% immutable,α < 1,0.9313607020469031,377,1,2,True,,4.0,5.7150061135195935,5.123652617556168,3.0481395618816967,2.0481395618816967,True,4.854499999964901,Optimization terminated successfully
Wholesale Customers,3,42,10,300,0.0001,50,least_cost,Ranked + weighted SHARK,Random 50% immutable,α = 1,1.0,377,1,2,True,,3.0,14.895020239742266,9.143164107733538,1.2750786112937758,0.27507861129377575,True,3.1308999998600484,Optimization terminated successfully
Wholesale Customers,3,42,10,300,0.0001,50,least_cost,Ranked + weighted SHARK,Random 50% immutable,α < 1,0.9313607020469031,377,1,2,True,,3.0,16.113858089227023,9.509895044075527,1.2259075829401544,0.22590758294015445,True,3.0586999998831743,Optimization terminated successfully
Wholesale Customers,3,42,10,300,0.0001,50,least_cost,Ranked + weighted SHARK,Random 75% immutable,α = 1,1.0,377,1,2,True,,2.0,13.278322615258382,7.973754196745315,1.2613272568411773,0.2613272568411773,True,2.4894999999105494,Optimization terminated successfully
Wholesale Customers,3,42,10,300,0.0001,50,least_cost,Ranked + weighted SHARK,Random 75% immutable,α < 1,0.9313607020469031,377,1,2,True,,2.0,14.364868448749757,8.293580504833395,1.2126865588711118,0.21268655887111176,True,2.5904999999966094,Optimization terminated successfully
Wholesale Customers,3,42,10,300,0.0001,50,least_cost,Ranked + weighted SHARK,All features mutable,α = 1,1.0,391,1,0,True,,6.0,0.3712856912128275,1.2454360851720998,1.0,0.0,False,6.542100000160644,Optimization terminated successfully
Wholesale Customers,3,42,10,300,0.0001,50,least_cost,Ranked + weighted SHARK,All features mutable,α < 1,0.9987462090145068,391,1,0,True,,6.0,0.37211308365268636,1.2467782084276118,1.0,0.0,False,6.303000000116299,Optimization terminated successfully
Wholesale Customers,3,42,10,300,0.0001,50,least_cost,Ranked + weighted SHARK,Random 25% immutable,α = 1,1.0,391,1,0,True,,4.0,0.6120612159122597,1.5914490180690282,1.0,0.0,False,3.4287000000858825,Optimization terminated successfully
Wholesale Customers,3,42,10,300,0.0001,50,least_cost,Ranked + weighted SHARK,Random 25% immutable,α < 1,0.9987462090145068,391,1,0,True,,4.0,0.6134349036671838,1.593198665720104,1.0,0.0,False,3.410900000062611,Optimization terminated successfully
Wholesale Customers,3,42,10,300,0.0001,50,least_cost,Ranked + weighted SHARK,Random 50% immutable,α = 1,1.0,391,1,0,True,,3.0,0.9048341759727657,1.885087914187104,1.0000000000000007,6.661338147750939e-16,True,2.6555000001735607,Optimization terminated successfully
Wholesale Customers,3,42,10,300,0.0001,50,least_cost,Ranked + weighted SHARK,Random 50% immutable,α < 1,0.9987462090145068,391,1,0,True,,3.0,0.9068483401553612,1.8871717264974157,1.0,0.0,False,2.6009000000613014,Optimization terminated successfully
Wholesale Customers,3,42,10,300,0.0001,50,least_cost,Ranked + weighted SHARK,Random 75% immutable,α = 1,1.0,391,1,0,True,,2.0,0.910674590718743,1.880839240175697,1.0,0.0,False,1.5416999999615655,Optimization terminated successfully
Wholesale Customers,3,42,10,300,0.0001,50,least_cost,Ranked + weighted SHARK,Random 75% immutable,α < 1,0.9987462090145068,391,1,0,True,,2.0,0.9127017956441257,1.8829182695559357,1.0000000000000007,6.661338147750939e-16,True,1.524099999869577,Optimization terminated successfully
Wholesale Customers,3,42,10,300,0.0001,50,least_cost,Ranked + weighted SHARK,All features mutable,α = 1,1.0,172,1,0,True,,6.0,0.0438608776359332,0.42853773594276034,1.0,0.0,False,6.1942999998336745,Optimization terminated successfully
Wholesale Customers,3,42,10,300,0.0001,50,least_cost,Ranked + weighted SHARK,All features mutable,α < 1,0.9987462090145068,172,1,0,True,,6.0,0.044145382432575105,0.4298776145240414,1.0,0.0,False,5.949399999963134,Optimization terminated successfully
Wholesale Customers,3,42,10,300,0.0001,50,least_cost,Ranked + weighted SHARK,Random 25% immutable,α = 1,1.0,172,1,0,True,,4.0,0.07303372218329755,0.5495248483186148,1.0000000000000016,1.5543122344752192e-15,True,4.913499999929627,Optimization terminated successfully
Wholesale Customers,3,42,10,300,0.0001,50,least_cost,Ranked + weighted SHARK,Random 25% immutable,α < 1,0.9987462090145068,172,1,0,True,,4.0,0.07350864546911226,0.5512873191076888,1.0,0.0,False,4.17820000006941,Optimization terminated successfully
Wholesale Customers,3,42,10,300,0.0001,50,least_cost,Ranked + weighted SHARK,Random 50% immutable,α = 1,1.0,172,1,0,True,,3.0,0.07582407385864325,0.5636914047877755,1.0,0.0,False,2.2656999999526306,Optimization terminated successfully
Wholesale Customers,3,42,10,300,0.0001,50,least_cost,Ranked + weighted SHARK,Random 50% immutable,α < 1,0.9987462090145068,172,1,0,True,,3.0,0.07631726689494653,0.5655008971875958,1.0,0.0,False,2.2754000001441455,Optimization terminated successfully
Wholesale Customers,3,42,10,300,0.0001,50,least_cost,Ranked + weighted SHARK,Random 75% immutable,α = 1,1.0,172,1,0,True,,2.0,16.34361339267212,13.101339406365778,1.0,0.0,False,1.5493000000788015,Optimization terminated successfully
Wholesale Customers,3,42,10,300,0.0001,50,least_cost,Ranked + weighted SHARK,Random 75% immutable,α < 1,0.9987462090145068,172,1,0,True,,2.0,16.450619545438688,13.144158367467627,1.0,0.0,False,1.6786999999567342,Optimization terminated successfully
Wholesale Customers,3,42,10,300,0.0001,50,least_cost,Ranked + weighted SHARK,All features mutable,α = 1,1.0,38,0,2,True,,6.0,1.3801509626688064,2.604524309087631,5.2154838850534455,4.2154838850534455,True,7.998199999974531,Optimization terminated successfully
Wholesale Customers,3,42,10,300,0.0001,50,least_cost,Ranked + weighted SHARK,All features mutable,α < 1,0.9313607020469031,38,0,2,True,,6.0,1.5998140160550722,2.8041383022054522,4.844229372997539,3.844229372997539,True,7.948100000021441,Optimization terminated successfully
Wholesale Customers,3,42,10,300,0.0001,50,least_cost,Ranked + weighted SHARK,Random 25% immutable,α = 1,1.0,38,0,2,True,,4.0,2.0683701763452573,3.145013006313588,3.480112935232401,2.480112935232401,True,6.180099999937738,Optimization terminated successfully
Wholesale Customers,3,42,10,300,0.0001,50,least_cost,Ranked + weighted SHARK,Random 25% immutable,α < 1,0.9313607020469031,38,0,2,True,,4.0,2.3975693162783576,3.386054302759254,3.23237619777275,2.23237619777275,True,5.62099999979182,Optimization terminated successfully
Wholesale Customers,3,42,10,300,0.0001,50,least_cost,Ranked + weighted SHARK,Random 50% immutable,α = 1,1.0,38,0,2,True,,3.0,3.0964476361793283,4.177938196845084,2.324650129173849,1.324650129173849,True,3.355899999860412,Optimization terminated successfully
Wholesale Customers,3,42,10,300,0.0001,50,least_cost,Ranked + weighted SHARK,Random 50% immutable,α < 1,0.9313607020469031,38,0,2,True,,3.0,3.5892742638142376,4.498145186314305,2.159166593556806,1.1591665935568058,True,3.627199999982622,Optimization terminated successfully
Wholesale Customers,3,42,10,300,0.0001,50,least_cost,Ranked + weighted SHARK,Random 75% immutable,α = 1,1.0,38,0,2,True,,2.0,3.4925876862468495,4.191249314636745,2.0609811640078832,1.0609811640078832,True,2.842900000132431,Optimization terminated successfully
Wholesale Customers,3,42,10,300,0.0001,50,least_cost,Ranked + weighted SHARK,Random 75% immutable,α < 1,0.9313607020469031,38,0,2,True,,2.0,4.0484634553123895,4.5124763917765796,1.9142672362616822,0.9142672362616822,True,2.6800000000548607,Optimization terminated successfully
Wholesale Customers,3,42,10,300,0.0001,50,least_cost,Ranked + weighted SHARK,All features mutable,α = 1,1.0,340,0,2,True,,6.0,3.2160947893795004,3.975841865376881,3.8867023069631497,2.8867023069631497,True,8.250800000041636,Optimization terminated successfully
Wholesale Customers,3,42,10,300,0.0001,50,least_cost,Ranked + weighted SHARK,All features mutable,α < 1,0.9313607020469031,340,0,2,True,,6.0,3.5471452766985228,4.175458519524407,3.700889434044651,2.700889434044651,True,8.371899999929155,Optimization terminated successfully
Wholesale Customers,3,42,10,300,0.0001,50,least_cost,Ranked + weighted SHARK,Random 25% immutable,α = 1,1.0,340,0,2,True,,4.0,4.7511743163414,4.737635093008538,2.7812732420648976,1.7812732420648976,True,6.005199999890465,Optimization terminated successfully
Wholesale Customers,3,42,10,300,0.0001,50,least_cost,Ranked + weighted SHARK,Random 25% immutable,α < 1,0.9313607020469031,340,0,2,True,,4.0,5.24023905966706,4.975499367608691,2.6483084404113475,1.6483084404113475,True,6.240299999944909,Optimization terminated successfully
Wholesale Customers,3,42,10,300,0.0001,50,least_cost,Ranked + weighted SHARK,Random 50% immutable,α = 1,1.0,340,0,2,True,,3.0,8.844788673866184,7.1062192263131525,1.7502455598918427,0.7502455598918427,True,3.076599999985774,Optimization terminated successfully
Wholesale Customers,3,42,10,300,0.0001,50,least_cost,Ranked + weighted SHARK,Random 50% immutable,α < 1,0.9313607020469031,340,0,2,True,,3.0,9.755231863780613,7.463003888893767,1.66657136536926,0.66657136536926,True,3.4677999999530584,Optimization terminated successfully
Wholesale Customers,3,42,10,300,0.0001,50,least_cost,Ranked + weighted SHARK,Random 75% immutable,α = 1,1.0,340,0,2,False,,,,,,,False,1.1004000000411907,Positive directional derivative for linesearch
Wholesale Customers,3,42,10,300,0.0001,50,least_cost,Ranked + weighted SHARK,Random 75% immutable,α < 1,0.9313607020469031,340,0,2,False,,,,,,,False,18.7837999999374,Positive directional derivative for linesearch
Wholesale Customers,3,42,10,300,0.0001,50,least_cost,Ranked + weighted SHARK,All features mutable,α = 1,1.0,383,1,2,True,,6.0,5.909805777784517,5.389539496153578,3.1471502257641557,2.1471502257641557,True,7.910900000069887,Optimization terminated successfully
Wholesale Customers,3,42,10,300,0.0001,50,least_cost,Ranked + weighted SHARK,All features mutable,α < 1,0.9313607020469031,383,1,2,True,,6.0,6.355685492103033,5.589156507598006,3.034749967709407,2.034749967709407,True,8.563500000036584,Optimization terminated successfully
Wholesale Customers,3,42,10,300,0.0001,50,least_cost,Ranked + weighted SHARK,Random 25% immutable,α = 1,1.0,383,1,2,True,,4.0,8.730624955648132,6.422210725495295,2.1303180469385836,1.1303180469385836,True,6.280600000081904,Optimization terminated successfully
Wholesale Customers,3,42,10,300,0.0001,50,least_cost,Ranked + weighted SHARK,Random 25% immutable,α < 1,0.9313607020469031,383,1,2,True,,4.0,9.389328254439485,6.660075407548534,2.0542338260587707,1.0542338260587707,True,6.143600000086735,Optimization terminated successfully
Wholesale Customers,3,42,10,300,0.0001,50,least_cost,Ranked + weighted SHARK,Random 50% immutable,α = 1,1.0,383,1,2,True,,3.0,8.931439770748286,6.380772301145743,2.0824208621692164,1.0824208621692164,True,4.341899999872112,Optimization terminated successfully
Wholesale Customers,3,42,10,300,0.0001,50,least_cost,Ranked + weighted SHARK,Random 50% immutable,α < 1,0.9313607020469031,383,1,2,True,,3.0,9.605294033169514,6.6171021442096425,2.0080471812663476,1.0080471812663476,True,4.012200000033772,Optimization terminated successfully
Wholesale Customers,3,42,10,300,0.0001,50,least_cost,Ranked + weighted SHARK,Random 75% immutable,α = 1,1.0,383,1,2,False,,,,,,,False,1.0020999998232583,Positive directional derivative for linesearch
Wholesale Customers,3,42,10,300,0.0001,50,least_cost,Ranked + weighted SHARK,Random 75% immutable,α < 1,0.9313607020469031,383,1,2,False,,,,,,,False,7.067300000016985,Positive directional derivative for linesearch
Wholesale Customers,3,42,10,300,0.0001,50,least_cost,Ranked + weighted SHARK,All features mutable,α = 1,1.0,271,1,0,True,,6.0,0.32659359173423824,1.1702603839457342,1.0,0.0,False,7.980800000041199,Optimization terminated successfully
Wholesale Customers,3,42,10,300,0.0001,50,least_cost,Ranked + weighted SHARK,All features mutable,α < 1,0.9987462090145068,271,1,0,True,,6.0,0.3273689108158713,1.171631137975155,1.0000000000000007,6.661338147750939e-16,True,6.796499999836669,Optimization terminated successfully
Wholesale Customers,3,42,10,300,0.0001,50,least_cost,Ranked + weighted SHARK,Random 25% immutable,α = 1,1.0,271,1,0,True,,4.0,0.40647164533477764,1.2723855085211297,1.000000000000002,1.9984014443252818e-15,True,4.2763000001286855,Optimization terminated successfully
Wholesale Customers,3,42,10,300,0.0001,50,least_cost,Ranked + weighted SHARK,Random 25% immutable,α < 1,0.9987462090145068,271,1,0,True,,4.0,0.40743798301515616,1.2738805338442794,1.0,0.0,False,3.8159999999152205,Optimization terminated successfully
Wholesale Customers,3,42,10,300,0.0001,50,least_cost,Ranked + weighted SHARK,Random 50% immutable,α = 1,1.0,271,1,0,True,,3.0,0.8278798441557171,1.829573468348896,1.000000000000002,1.9984014443252818e-15,True,2.2965999999087217,Optimization terminated successfully
Wholesale Customers,3,42,10,300,0.0001,50,least_cost,Ranked + weighted SHARK,Random 50% immutable,α < 1,0.9987462090145068,271,1,0,True,,3.0,0.8298539280252367,1.8317420670538398,1.0000000000000027,2.6645352591003757e-15,True,2.4473000000853062,Optimization terminated successfully
Wholesale Customers,3,42,10,300,0.0001,50,least_cost,Ranked + weighted SHARK,Random 75% immutable,α = 1,1.0,271,1,0,False,,,,,,,False,3.948699999909877,Positive directional derivative for linesearch
Wholesale Customers,3,42,10,300,0.0001,50,least_cost,Ranked + weighted SHARK,Random 75% immutable,α < 1,0.9987462090145068,271,1,0,False,,,,,,,False,10.800300000028074,Positive directional derivative for linesearch
Wholesale Customers,3,42,10,300,0.0001,50,least_cost,Ranked + weighted SHARK,All features mutable,α = 1,1.0,257,1,2,True,,6.0,4.970794878966101,4.942856280386649,3.404583332085375,2.404583332085375,True,8.340300000099887,Optimization terminated successfully
Wholesale Customers,3,42,10,300,0.0001,50,least_cost,Ranked + weighted SHARK,All features mutable,α < 1,0.9313607020469031,257,1,2,True,,6.0,5.380392137769379,5.142473116057949,3.2724269190092303,2.2724269190092303,True,8.841699999948105,Optimization terminated successfully
Wholesale Customers,3,42,10,300,0.0001,50,least_cost,Ranked + weighted SHARK,Random 25% immutable,α = 1,1.0,257,1,2,True,,4.0,8.728367421473145,6.293088150998984,1.9755665301368872,0.9755665301368872,True,6.0503999998218205,Optimization terminated successfully
Wholesale Customers,3,42,10,300,0.0001,50,least_cost,Ranked + weighted SHARK,Random 25% immutable,α < 1,0.9313607020469031,257,1,2,True,,4.0,9.447591500688645,6.547233826746536,1.8988805173284444,0.8988805173284444,True,5.650999999943451,Optimization terminated successfully
Wholesale Customers,3,42,10,300,0.0001,50,least_cost,Ranked + weighted SHARK,Random 50% immutable,α = 1,1.0,257,1,2,True,,3.0,9.228774236364368,6.184295441861719,1.8684482729560836,0.8684482729560836,True,4.339200000003984,Optimization terminated successfully
Wholesale Customers,3,42,10,300,0.0001,50,least_cost,Ranked + weighted SHARK,Random 50% immutable,α < 1,0.9313607020469031,257,1,2,True,,3.0,9.9892322156872,6.434047553357374,1.7959200748932302,0.7959200748932302,True,4.012200000033772,Optimization terminated successfully
Wholesale Customers,3,42,10,300,0.0001,50,least_cost,Ranked + weighted SHARK,Random 75% immutable,α = 1,1.0,257,1,2,True,,2.0,9.497131136215174,6.099914378892662,1.8156512443818347,0.8156512443818347,True,2.3444999999355787,Optimization terminated successfully
Wholesale Customers,3,42,10,300,0.0001,50,least_cost,Ranked + weighted SHARK,Random 75% immutable,α < 1,0.9313607020469031,257,1,2,True,,2.0,10.279701927124773,6.346258860129415,1.745172592898129,0.745172592898129,True,2.1916000000601343,Optimization terminated successfully
Wholesale Customers,3,42,10,300,0.0001,50,least_cost,Ranked + weighted SHARK,All features mutable,α = 1,1.0,296,1,2,True,,6.0,5.43857771130355,5.170204792715203,3.283390710504765,2.283390710504765,True,7.988999999952284,Optimization terminated successfully
Wholesale Customers,3,42,10,300,0.0001,50,least_cost,Ranked + weighted SHARK,All features mutable,α < 1,0.9313607020469031,296,1,2,True,,6.0,5.8666416462153865,5.369821703457416,3.1613344283034968,2.1613344283034968,True,8.970999999974083,Optimization terminated successfully
Wholesale Customers,3,42,10,300,0.0001,50,least_cost,Ranked + weighted SHARK,Random 25% immutable,α = 1,1.0,296,1,2,True,,4.0,5.701407983089584,5.117553386203633,3.132031784170868,2.132031784170868,True,5.203200000096331,Optimization terminated successfully
Wholesale Customers,3,42,10,300,0.0001,50,least_cost,Ranked + weighted SHARK,Random 25% immutable,α < 1,0.9313607020469031,296,1,2,True,,4.0,6.150158973771496,5.315137380395071,3.015602188168267,2.015602188168267,True,5.162100000006831,Optimization terminated successfully
Wholesale Customers,3,42,10,300,0.0001,50,least_cost,Ranked + weighted SHARK,Random 50% immutable,α = 1,1.0,296,1,2,True,,3.0,17.95035348238276,9.598986481034526,1.0826060057026772,0.08260600570267718,True,3.9325000000189902,Optimization terminated successfully
Wholesale Customers,3,42,10,300,0.0001,50,least_cost,Ranked + weighted SHARK,Random 50% immutable,α < 1,0.9313607020469031,296,1,2,True,,3.0,19.363204295807453,9.969591599877129,1.042361176318119,0.04236117631811909,True,3.430900000012116,Optimization terminated successfully
Wholesale Customers,3,42,10,300,0.0001,50,least_cost,Ranked + weighted SHARK,Random 75% immutable,α = 1,1.0,296,1,2,True,,2.0,14.330689070615941,8.283707874461271,1.2460627090306529,0.24606270903065286,True,3.7182999999458843,Optimization terminated successfully
Wholesale Customers,3,42,10,300,0.0001,50,least_cost,Ranked + weighted SHARK,Random 75% immutable,α < 1,0.9313607020469031,296,1,2,True,,2.0,15.458640435701518,8.603534135264402,1.1997417930924366,0.19974179309243656,True,2.626800000143703,Optimization terminated successfully
Wholesale Customers,3,42,10,300,0.0001,50,least_cost,Ranked + weighted SHARK,All features mutable,α = 1,1.0,189,0,2,True,,6.0,2.5878539243637624,3.5664371369887062,4.0825607643535635,3.0825607643535635,True,8.49659999994401,Optimization terminated successfully
Wholesale Customers,3,42,10,300,0.0001,50,least_cost,Ranked + weighted SHARK,All features mutable,α < 1,0.9313607020469031,189,0,2,True,,6.0,2.885649921799075,3.766053658301968,3.866167972929957,2.866167972929957,True,8.710100000143939,Optimization terminated successfully
Wholesale Customers,3,42,10,300,0.0001,50,least_cost,Ranked + weighted SHARK,Random 25% immutable,α = 1,1.0,189,0,2,True,,4.0,4.544090116702982,4.540678756900726,2.706093802808901,1.7060938028089012,True,6.125600000132181,Optimization terminated successfully
Wholesale Customers,3,42,10,300,0.0001,50,least_cost,Ranked + weighted SHARK,Random 25% immutable,α < 1,0.9313607020469031,189,0,2,True,,4.0,5.066999016630634,4.794824634808844,2.562659445300953,1.562659445300953,True,6.091599999990649,Optimization terminated successfully
Wholesale Customers,3,42,10,300,0.0001,50,least_cost,Ranked + weighted SHARK,Random 50% immutable,α = 1,1.0,189,0,2,True,,3.0,4.00580699121841,4.2008200378437035,2.637432500381735,1.6374325003817352,True,4.035800000110612,Optimization terminated successfully
Wholesale Customers,3,42,10,300,0.0001,50,least_cost,Ranked + weighted SHARK,Random 50% immutable,α < 1,0.9313607020469031,189,0,2,True,,3.0,4.466773229410813,4.435943683984059,2.4976374402560455,1.4976374402560455,True,3.991199999973105,Optimization terminated successfully
Wholesale Customers,3,42,10,300,0.0001,50,least_cost,Ranked + weighted SHARK,Random 75% immutable,α = 1,1.0,189,0,2,True,,2.0,9.510698854137885,6.485460712705252,1.2929374535799874,0.29293745357998735,True,2.8899000001274544,Optimization terminated successfully
Wholesale Customers,3,42,10,300,0.0001,50,least_cost,Ranked + weighted SHARK,Random 75% immutable,α < 1,0.9313607020469031,189,0,2,True,,2.0,10.605137773183811,6.84845762392095,1.2244063483078975,0.22440634830789752,True,2.51380000008794,Optimization terminated successfully
Wholesale Customers,3,42,10,300,0.0001,50,least_cost,Ranked + weighted SHARK,All features mutable,α = 1,1.0,392,1,0,True,,6.0,0.2771659170934461,1.0643584158363888,1.0,0.0,False,4.426400000056674,Optimization terminated successfully
Wholesale Customers,3,42,10,300,0.0001,50,least_cost,Ranked + weighted SHARK,All features mutable,α < 1,0.9987462090145068,392,1,0,True,,6.0,0.2778852490233287,1.0657236330026283,1.0000000000000009,8.881784197001252e-16,True,4.8153000000183965,Optimization terminated successfully
Wholesale Customers,3,42,10,300,0.0001,50,least_cost,Ranked + weighted SHARK,Random 25% immutable,α = 1,1.0,392,1,0,True,,4.0,0.4630569902155227,1.3757132980490974,1.0000000000000135,1.354472090042691e-14,True,3.8650999999845226,Optimization terminated successfully
Wholesale Customers,3,42,10,300,0.0001,50,least_cost,Ranked + weighted SHARK,Random 25% immutable,α < 1,0.9987462090145068,392,1,0,True,,4.0,0.46425557622542196,1.3774916072045262,1.0000000000000082,8.215650382226158e-15,True,3.8579999998091807,Optimization terminated successfully
Wholesale Customers,3,42,10,300,0.0001,50,least_cost,Ranked + weighted SHARK,Random 50% immutable,α = 1,1.0,392,1,0,True,,3.0,1.4602956447074842,2.586773339617217,1.0000000000000009,8.881784197001252e-16,True,2.469600000040373,Optimization terminated successfully
Wholesale Customers,3,42,10,300,0.0001,50,least_cost,Ranked + weighted SHARK,Random 50% immutable,α < 1,0.9987462090145068,392,1,0,True,,3.0,1.464089818699956,2.590126383611531,1.0,0.0,False,2.3618999998689105,Optimization terminated successfully
Wholesale Customers,3,42,10,300,0.0001,50,least_cost,Ranked + weighted SHARK,Random 75% immutable,α = 1,1.0,392,1,0,False,,,,,,,False,1.8563999999514635,Positive directional derivative for linesearch
Wholesale Customers,3,42,10,300,0.0001,50,least_cost,Ranked + weighted SHARK,Random 75% immutable,α < 1,0.9987462090145068,392,1,0,False,,,,,,,False,13.084599999956481,Positive directional derivative for linesearch
Wholesale Customers,3,42,10,300,0.0001,50,least_cost,Ranked + weighted SHARK,All features mutable,α = 1,1.0,290,1,2,True,,6.0,5.672719859400351,5.280325917365897,3.176796050222941,2.176796050222941,True,8.463500000061686,Optimization terminated successfully
Wholesale Customers,3,42,10,300,0.0001,50,least_cost,Ranked + weighted SHARK,All features mutable,α < 1,0.9313607020469031,290,1,2,True,,6.0,6.109728546943239,5.479942915993474,3.061075867657977,2.061075867657977,True,9.218400000008842,Optimization terminated successfully
Wholesale Customers,3,42,10,300,0.0001,50,least_cost,Ranked + weighted SHARK,Random 25% immutable,α = 1,1.0,290,1,2,True,,4.0,6.282740735763593,5.18783714967634,2.8683529110709713,1.8683529110709713,True,5.255300000044372,Optimization terminated successfully
Wholesale Customers,3,42,10,300,0.0001,50,least_cost,Ranked + weighted SHARK,Random 25% immutable,α < 1,0.9313607020469031,290,1,2,True,,4.0,6.76674353357114,5.383957493903928,2.7638677967487277,1.7638677967487277,True,5.01669999994192,Optimization terminated successfully
Wholesale Customers,3,42,10,300,0.0001,50,least_cost,Ranked + weighted SHARK,Random 50% immutable,α = 1,1.0,290,1,2,True,,3.0,8.9139699880989,6.3061361764633705,2.0216633918712876,1.0216633918712876,True,4.347000000052503,Optimization terminated successfully
Wholesale Customers,3,42,10,300,0.0001,50,least_cost,Ranked + weighted SHARK,Random 50% immutable,α < 1,0.9313607020469031,290,1,2,True,,3.0,9.600674500553698,6.544532583974625,1.948020637470091,0.948020637470091,True,4.350499999873136,Optimization terminated successfully
Wholesale Customers,3,42,10,300,0.0001,50,least_cost,Ranked + weighted SHARK,Random 75% immutable,α = 1,1.0,290,1,2,True,,2.0,10.83821918133657,6.516381262473703,1.8195713564480889,0.8195713564480889,True,2.3627999999007443,Optimization terminated successfully
Wholesale Customers,3,42,10,300,0.0001,50,least_cost,Ranked + weighted SHARK,Random 75% immutable,α < 1,0.9313607020469031,290,1,2,True,,2.0,11.673161864420882,6.762725749759815,1.7532900646071488,0.7532900646071488,True,2.332600000045204,Optimization terminated successfully
Wholesale Customers,3,42,10,300,0.0001,50,least_cost,Ranked + weighted SHARK,All features mutable,α = 1,1.0,27,1,0,True,,6.0,0.46887060128273134,1.4086809730531473,1.0,0.0,False,7.108900000048379,Optimization terminated successfully
Wholesale Customers,3,42,10,300,0.0001,50,least_cost,Ranked + weighted SHARK,All features mutable,α < 1,0.9987462090145068,27,1,0,True,,6.0,0.4697966009154719,1.4100672477384297,1.0,0.0,False,6.307800000058705,Optimization terminated successfully
Wholesale Customers,3,42,10,300,0.0001,50,least_cost,Ranked + weighted SHARK,Random 25% immutable,α = 1,1.0,27,1,0,True,,4.0,0.5911905803668963,1.5280445654552277,1.0,0.0,False,4.330400000071677,Optimization terminated successfully
Wholesale Customers,3,42,10,300,0.0001,50,least_cost,Ranked + weighted SHARK,Random 25% immutable,α < 1,0.9987462090145068,27,1,0,True,,4.0,0.5923585462316688,1.5295493430101355,1.0,0.0,False,3.868100000090635,Optimization terminated successfully
Wholesale Customers,3,42,10,300,0.0001,50,least_cost,Ranked + weighted SHARK,Random 50% immutable,α = 1,1.0,27,1,0,True,,3.0,0.7969111313439883,1.8805753307966984,1.859205916687715,0.8592059166877151,True,4.047200000059092,Optimization terminated successfully
Wholesale Customers,3,42,10,300,0.0001,50,least_cost,Ranked + weighted SHARK,Random 50% immutable,α < 1,0.9987462090145068,27,1,0,True,,3.0,0.7984805520803806,1.8824261921783536,1.8573780388540067,0.8573780388540067,True,3.9921999998568936,Optimization terminated successfully
Wholesale Customers,3,42,10,300,0.0001,50,least_cost,Ranked + weighted SHARK,Random 75% immutable,α = 1,1.0,27,1,0,True,,2.0,2.316508532944352,3.3428978838420784,1.0,0.0,False,2.1788999999898806,Optimization terminated successfully
Wholesale Customers,3,42,10,300,0.0001,50,least_cost,Ranked + weighted SHARK,Random 75% immutable,α < 1,0.9987462090145068,27,1,0,True,,2.0,2.3212052922606774,3.346050727876172,1.0,0.0,False,2.1443000000545,Optimization terminated successfully
Wholesale Customers,3,42,10,300,0.0001,50,least_cost,Ranked + weighted SHARK,All features mutable,α = 1,1.0,307,1,0,True,,6.0,0.41475148450675337,1.3360058179405865,1.0,0.0,False,6.987299999991592,Optimization terminated successfully
Wholesale Customers,3,42,10,300,0.0001,50,least_cost,Ranked + weighted SHARK,All features mutable,α < 1,0.9987462090145068,307,1,0,True,,6.0,0.4156183881480303,1.3373741711704483,1.0,0.0,False,7.411000000047352,Optimization terminated successfully
Wholesale Customers,3,42,10,300,0.0001,50,least_cost,Ranked + weighted SHARK,Random 25% immutable,α = 1,1.0,307,1,0,True,,4.0,0.9553528225773162,2.040226940201315,1.0,0.0,False,4.205400000046211,Optimization terminated successfully
Wholesale Customers,3,42,10,300,0.0001,50,least_cost,Ranked + weighted SHARK,Random 25% immutable,α < 1,0.9987462090145068,307,1,0,True,,4.0,0.9573620881849734,2.0423536229294963,1.0,0.0,False,4.2438999998921645,Optimization terminated successfully
Wholesale Customers,3,42,10,300,0.0001,50,least_cost,Ranked + weighted SHARK,Random 50% immutable,α = 1,1.0,307,1,0,True,,3.0,0.7350283292368185,1.751176468786983,3.5383239249203093,2.5383239249203093,True,3.507599999920785,Optimization terminated successfully
Wholesale Customers,3,42,10,300,0.0001,50,least_cost,Ranked + weighted SHARK,Random 50% immutable,α < 1,0.9987462090145068,307,1,0,True,,3.0,0.7365637110928501,1.753004511529145,3.532163002382862,2.532163002382862,True,3.494700000146622,Optimization terminated successfully
Wholesale Customers,3,42,10,300,0.0001,50,least_cost,Ranked + weighted SHARK,Random 75% immutable,α = 1,1.0,307,1,0,True,,2.0,0.7384160864168954,1.7490589443268616,3.603073021008388,2.603073021008388,True,1.8348000000969478,Optimization terminated successfully
Wholesale Customers,3,42,10,300,0.0001,50,least_cost,Ranked + weighted SHARK,Random 75% immutable,α < 1,0.9987462090145068,307,1,0,True,,2.0,0.7399585448687157,1.7508847733376818,3.596799379025169,2.596799379025169,True,1.9330000000081782,Optimization terminated successfully
Wholesale Customers,3,42,10,300,0.0001,50,least_cost,Ranked + weighted SHARK,All features mutable,α = 1,1.0,186,1,0,True,,6.0,0.4740249964916951,1.4137683323170287,1.0000000000000009,8.881784197001252e-16,True,6.477800000084244,Optimization terminated successfully
Wholesale Customers,3,42,10,300,0.0001,50,least_cost,Ranked + weighted SHARK,All features mutable,α < 1,0.9987462090145068,186,1,0,True,,6.0,0.474957462223307,1.4151330747791364,1.0000000000000029,2.886579864025407e-15,True,5.899199999930715,Optimization terminated successfully
Wholesale Customers,3,42,10,300,0.0001,50,least_cost,Ranked + weighted SHARK,Random 25% immutable,α = 1,1.0,186,1,0,True,,4.0,0.5895882435139107,1.5361077288286529,1.0,0.0,False,3.8389000001188833,Optimization terminated successfully
Wholesale Customers,3,42,10,300,0.0001,50,least_cost,Ranked + weighted SHARK,Random 25% immutable,α < 1,0.9987462090145068,186,1,0,True,,4.0,0.5907504447070502,1.5375972436192396,1.000000000000007,7.105427357601002e-15,True,4.704100000026301,Optimization terminated successfully
Wholesale Customers,3,42,10,300,0.0001,50,least_cost,Ranked + weighted SHARK,Random 50% immutable,α = 1,1.0,186,1,0,True,,3.0,0.8238886193245945,1.8838099710464777,1.5595043753795255,0.5595043753795255,True,4.094800000075338,Optimization terminated successfully
Wholesale Customers,3,42,10,300,0.0001,50,least_cost,Ranked + weighted SHARK,Random 50% immutable,α < 1,0.9987462090145068,186,1,0,True,,3.0,0.8255005555045837,1.8856519046856972,1.5579810190501484,0.5579810190501484,True,6.457999999838648,Optimization terminated successfully
Wholesale Customers,3,42,10,300,0.0001,50,least_cost,Ranked + weighted SHARK,Random 75% immutable,α = 1,1.0,186,1,0,True,,2.0,1.1475514460709861,2.1683509076068144,1.1197735685977013,0.11977356859770127,True,2.252600000019811,Optimization terminated successfully
Wholesale Customers,3,42,10,300,0.0001,50,least_cost,Ranked + weighted SHARK,Random 75% immutable,α < 1,0.9987462090145068,186,1,0,True,,2.0,1.149796627864169,2.1704710648665406,1.1186796941746382,0.1186796941746382,True,2.130200000010518,Optimization terminated successfully
Wholesale Customers,3,42,10,300,0.0001,50,least_cost,Ranked + weighted SHARK,All features mutable,α = 1,1.0,366,1,2,True,,6.0,5.970113740613148,5.4169691367356645,3.094186906513768,2.094186906513768,True,8.262500000000728,Optimization terminated successfully
Wholesale Customers,3,42,10,300,0.0001,50,least_cost,Ranked + weighted SHARK,All features mutable,α < 1,0.9313607020469031,366,1,2,True,,6.0,6.418221460777193,5.616585987872725,2.984217915651131,1.984217915651131,True,8.178900000075373,Optimization terminated successfully
Wholesale Customers,3,42,10,300,0.0001,50,least_cost,Ranked + weighted SHARK,Random 25% immutable,α = 1,1.0,366,1,2,True,,4.0,8.20182374210715,6.467058913558591,2.252256280161423,1.252256280161423,True,5.425900000091133,Optimization terminated successfully
Wholesale Customers,3,42,10,300,0.0001,50,least_cost,Ranked + weighted SHARK,Random 25% immutable,α < 1,0.9313607020469031,366,1,2,True,,4.0,8.817440244180776,6.705371869169854,2.1722098470081748,1.1722098470081748,True,6.112299999813331,Optimization terminated successfully
Wholesale Customers,3,42,10,300,0.0001,50,least_cost,Ranked + weighted SHARK,Random 50% immutable,α = 1,1.0,366,1,2,True,,3.0,9.241295707940441,6.3805115756515365,1.9989215308643047,0.9989215308643047,True,3.9635999999063642,Optimization terminated successfully
Wholesale Customers,3,42,10,300,0.0001,50,least_cost,Ranked + weighted SHARK,Random 50% immutable,α < 1,0.9313607020469031,366,1,2,True,,3.0,9.934933405800676,6.61563520733177,1.927878598338695,0.927878598338695,True,4.488100000116901,Optimization terminated successfully
Wholesale Customers,3,42,10,300,0.0001,50,least_cost,Ranked + weighted SHARK,Random 75% immutable,α = 1,1.0,366,1,2,True,,2.0,9.611143933682628,6.4124919297073655,1.9219992321919865,0.9219992321919865,True,2.1769999998468847,Optimization terminated successfully
Wholesale Customers,3,42,10,300,0.0001,50,least_cost,Ranked + weighted SHARK,Random 75% immutable,α < 1,0.9313607020469031,366,1,2,True,,2.0,10.332541880743403,6.648794023498679,1.8536901901931484,0.8536901901931484,True,2.169100000173785,Optimization terminated successfully
Wholesale Customers,3,42,10,300,0.0001,50,least_cost,Ranked + weighted SHARK,All features mutable,α = 1,1.0,228,1,0,True,,6.0,0.18550928901668381,0.884301078515192,1.0000000000000007,6.661338147750939e-16,True,6.194900000082271,Optimization terminated successfully
Wholesale Customers,3,42,10,300,0.0001,50,least_cost,Ranked + weighted SHARK,All features mutable,α < 1,0.9987462090145068,228,1,0,True,,6.0,0.18609284081897312,0.8856660771380078,1.0,0.0,False,6.425000000035652,Optimization terminated successfully
Wholesale Customers,3,42,10,300,0.0001,50,least_cost,Ranked + weighted SHARK,Random 25% immutable,α = 1,1.0,228,1,0,True,,4.0,0.3149621350528735,1.1586617305676088,1.0000000000000007,6.661338147750939e-16,True,3.094800000098985,Optimization terminated successfully
Wholesale Customers,3,42,10,300,0.0001,50,least_cost,Ranked + weighted SHARK,Random 25% immutable,α < 1,0.9987462090145068,228,1,0,True,,4.0,0.3159618218180912,1.160447602817548,1.0,0.0,False,2.911199999971359,Optimization terminated successfully
Wholesale Customers,3,42,10,300,0.0001,50,least_cost,Ranked + weighted SHARK,Random 50% immutable,α = 1,1.0,228,1,0,False,,,,,,,False,1.8579000000045198,Positive directional derivative for linesearch
Wholesale Customers,3,42,10,300,0.0001,50,least_cost,Ranked + weighted SHARK,Random 50% immutable,α < 1,0.9987462090145068,228,1,0,False,,,,,,,False,8.544199999960256,Positive directional derivative for linesearch
Wholesale Customers,3,42,10,300,0.0001,50,least_cost,Ranked + weighted SHARK,Random 75% immutable,α = 1,1.0,228,1,0,True,,2.0,0.9972077769276811,2.1213935843042244,1.0,0.0,False,1.5472000000045227,Optimization terminated successfully
Wholesale Customers,3,42,10,300,0.0001,50,least_cost,Ranked + weighted SHARK,Random 75% immutable,α < 1,0.9987462090145068,228,1,0,True,,2.0,1.000362677923088,2.1247298080252803,1.0,0.0,False,1.426699999910852,Optimization terminated successfully
Wholesale Customers,3,42,10,300,0.0001,50,least_cost,Ranked + weighted SHARK,All features mutable,α = 1,1.0,95,1,0,True,,5.0,0.21343575419436508,0.9314978913966879,1.0,0.0,False,5.589899999904446,Optimization terminated successfully
Wholesale Customers,3,42,10,300,0.0001,50,least_cost,Ranked + weighted SHARK,All features mutable,α < 1,0.9987462090145068,95,1,0,True,,5.0,0.21406794352154598,0.9328686942129681,1.0,0.0,False,5.2404000000478845,Optimization terminated successfully
Wholesale Customers,3,42,10,300,0.0001,50,least_cost,Ranked + weighted SHARK,Random 25% immutable,α = 1,1.0,95,1,0,True,,3.0,0.5357649633281092,1.4696065934043472,1.0,0.0,False,2.533099999936894,Optimization terminated successfully
Wholesale Customers,3,42,10,300,0.0001,50,least_cost,Ranked + weighted SHARK,Random 25% immutable,α < 1,0.9987462090145068,95,1,0,True,,3.0,0.5373546360223401,1.4717803249696861,1.0,0.0,False,2.939299999979994,Optimization terminated successfully
Wholesale Customers,3,42,10,300,0.0001,50,least_cost,Ranked + weighted SHARK,Random 50% immutable,α = 1,1.0,95,1,0,True,,3.0,0.35602124332111856,1.2059417042712777,4.994767803589433,3.9947678035894327,True,3.462299999910101,Optimization terminated successfully
Wholesale Customers,3,42,10,300,0.0001,50,least_cost,Ranked + weighted SHARK,Random 50% immutable,α < 1,0.9987462090145068,95,1,0,True,,3.0,0.3570724732792589,1.2077207947939852,4.983884323419378,3.983884323419378,True,3.523299999869778,Optimization terminated successfully
Wholesale Customers,3,42,10,300,0.0001,50,least_cost,Ranked + weighted SHARK,Random 75% immutable,α = 1,1.0,95,1,0,True,,2.0,0.539402848789694,1.466506411356442,1.0,0.0,False,1.3986999999815453,Optimization terminated successfully
Wholesale Customers,3,42,10,300,0.0001,50,least_cost,Ranked + weighted SHARK,Random 75% immutable,α < 1,0.9987462090145068,95,1,0,True,,2.0,0.5410033278747377,1.4686755280389066,1.0000000000000013,1.3322676295501878e-15,True,1.4203000000634347,Optimization terminated successfully
Wholesale Customers,3,42,10,300,0.0001,50,least_cost,Ranked + weighted SHARK,All features mutable,α = 1,1.0,396,0,2,True,,6.0,2.7056730943556113,3.6467193592822347,3.9659881697121584,2.9659881697121584,True,7.684899999958361,Optimization terminated successfully
Wholesale Customers,3,42,10,300,0.0001,50,least_cost,Ranked + weighted SHARK,All features mutable,α < 1,0.9313607020469031,396,0,2,True,,6.0,3.0099901384303385,3.8463361788263786,3.760162618453289,2.760162618453289,True,7.944599999973434,Optimization terminated successfully
Wholesale Customers,3,42,10,300,0.0001,50,least_cost,Ranked + weighted SHARK,Random 25% immutable,α = 1,1.0,396,0,2,True,,4.0,3.8509414306939145,4.401402578881388,2.786500706284355,1.7865007062843552,True,5.091600000014296,Optimization terminated successfully
Wholesale Customers,3,42,10,300,0.0001,50,least_cost,Ranked + weighted SHARK,Random 25% immutable,α < 1,0.9313607020469031,396,0,2,True,,4.0,4.284071033667267,4.642329537049822,2.6418873301009986,1.6418873301009986,True,5.055500000025859,Optimization terminated successfully
Wholesale Customers,3,42,10,300,0.0001,50,least_cost,Ranked + weighted SHARK,Random 50% immutable,α = 1,1.0,396,0,2,True,,3.0,3.8817662122186,4.32567060293705,2.7643745521245244,1.7643745521245244,True,3.5703999999441294,Optimization terminated successfully
Wholesale Customers,3,42,10,300,0.0001,50,least_cost,Ranked + weighted SHARK,Random 50% immutable,α < 1,0.9313607020469031,396,0,2,True,,3.0,4.318362792235167,4.562452153543906,2.6209093279384397,1.6209093279384397,True,3.8282999998955347,Optimization terminated successfully
Wholesale Customers,3,42,10,300,0.0001,50,least_cost,Ranked + weighted SHARK,Random 75% immutable,α = 1,1.0,396,0,2,True,,2.0,33.41462949031531,19.04634674534705,1.0,0.0,False,1.3847000000168919,Optimization terminated successfully
Wholesale Customers,3,42,10,300,0.0001,50,least_cost,Ranked + weighted SHARK,Random 75% immutable,α < 1,0.9313607020469031,396,0,2,False,,,,,,,False,9.510399999953734,Positive directional derivative for linesearch
Wholesale Customers,3,42,10,300,0.0001,50,least_cost,Ranked + weighted SHARK,All features mutable,α = 1,1.0,324,1,2,True,,6.0,5.189455099165352,5.0504020138673225,3.254983035887314,2.254983035887314,True,8.64400000000387,Optimization terminated successfully
Wholesale Customers,3,42,10,300,0.0001,50,least_cost,Ranked + weighted SHARK,All features mutable,α < 1,0.9313607020469031,324,1,2,True,,6.0,5.607787897794536,5.250018843014484,3.131221809636316,2.131221809636316,True,9.189000000105807,Optimization terminated successfully
Wholesale Customers,3,42,10,300,0.0001,50,least_cost,Ranked + weighted SHARK,Random 25% immutable,α = 1,1.0,324,1,2,True,,4.0,7.666442502256913,6.018092278636995,2.2033104850263427,1.2033104850263427,True,6.3589999999749125,Optimization terminated successfully
Wholesale Customers,3,42,10,300,0.0001,50,least_cost,Ranked + weighted SHARK,Random 25% immutable,α < 1,0.9313607020469031,324,1,2,True,,4.0,8.284450421441413,6.25595672711616,2.1195359374462672,1.1195359374462672,True,6.470699999908902,Optimization terminated successfully
Wholesale Customers,3,42,10,300,0.0001,50,least_cost,Ranked + weighted SHARK,Random 50% immutable,α = 1,1.0,324,1,2,True,,3.0,8.801434268746021,6.402470585941855,2.187437387163331,1.1874373871633308,True,2.7677000000494445,Optimization terminated successfully
Wholesale Customers,3,42,10,300,0.0001,50,least_cost,Ranked + weighted SHARK,Random 50% immutable,α < 1,0.9313607020469031,324,1,2,True,,3.0,9.510936241334505,6.655506632400008,2.104265118273255,1.104265118273255,True,2.8591999998752726,Optimization terminated successfully
Wholesale Customers,3,42,10,300,0.0001,50,least_cost,Ranked + weighted SHARK,Random 75% immutable,α = 1,1.0,324,1,2,False,,,,,,,False,9.116700000049605,Positive directional derivative for linesearch
Wholesale Customers,3,42,10,300,0.0001,50,least_cost,Ranked + weighted SHARK,Random 75% immutable,α < 1,0.9313607020469031,324,1,2,False,,,,,,,False,4.418900000018766,Positive directional derivative for linesearch
Wholesale Customers,3,42,10,300,0.0001,50,least_cost,Ranked + weighted SHARK,All features mutable,α = 1,1.0,303,0,2,True,,6.0,2.4618187540109444,3.4785057101578554,4.0719788546804505,3.0719788546804505,True,8.509199999934935,Optimization terminated successfully
Wholesale Customers,3,42,10,300,0.0001,50,least_cost,Ranked + weighted SHARK,All features mutable,α < 1,0.9313607020469031,303,0,2,True,,6.0,2.752472403886876,3.678122242160257,3.8509867951944607,2.8509867951944607,True,7.743800000071133,Optimization terminated successfully
Wholesale Customers,3,42,10,300,0.0001,50,least_cost,Ranked + weighted SHARK,Random 25% immutable,α = 1,1.0,303,0,2,True,,4.0,6.498406529064273,6.222906835052183,1.9799195460780916,0.9799195460780916,True,4.97840000002725,Optimization terminated successfully
Wholesale Customers,3,42,10,300,0.0001,50,least_cost,Ranked + weighted SHARK,Random 25% immutable,α < 1,0.9313607020469031,303,0,2,True,,4.0,7.265638305511372,6.5800127191844675,1.872466594186509,0.8724665941865091,True,4.998599999908038,Optimization terminated successfully
Wholesale Customers,3,42,10,300,0.0001,50,least_cost,Ranked + weighted SHARK,Random 50% immutable,α = 1,1.0,303,0,2,True,,3.0,5.523231205184336,5.579904346377549,2.1033698628723636,1.1033698628723636,True,3.5089000000425585,Optimization terminated successfully
Wholesale Customers,3,42,10,300,0.0001,50,least_cost,Ranked + weighted SHARK,Random 50% immutable,α < 1,0.9313607020469031,303,0,2,True,,3.0,6.175329295768467,5.900111298466822,1.989217166713948,0.989217166713948,True,3.473099999837359,Optimization terminated successfully
Wholesale Customers,3,42,10,300,0.0001,50,least_cost,Ranked + weighted SHARK,Random 75% immutable,α = 1,1.0,303,0,2,True,,2.0,8.555131783804605,6.390701949498324,1.1717410839770201,0.17174108397702015,True,2.7864000001045497,Optimization terminated successfully
Wholesale Customers,3,42,10,300,0.0001,50,least_cost,Ranked + weighted SHARK,Random 75% immutable,α < 1,0.9313607020469031,303,0,2,True,,2.0,9.565190007635822,6.75743717632399,1.1081491356880888,0.10814913568808882,True,2.9856999999537948,Optimization terminated successfully
Wholesale Customers,3,42,10,300,0.0001,50,least_cost,Ranked + weighted SHARK,All features mutable,α = 1,1.0,75,1,0,True,,6.0,0.6868982873611523,1.721262682653237,2.8685663950217744,1.8685663950217744,True,7.784500000070693,Optimization terminated successfully
Wholesale Customers,3,42,10,300,0.0001,50,least_cost,Ranked + weighted SHARK,All features mutable,α < 1,0.9987462090145068,75,1,0,True,,6.0,0.6880130809922054,1.7226588736441553,2.8662413994909297,1.8662413994909297,True,7.526900000129899,Optimization terminated successfully
Wholesale Customers,3,42,10,300,0.0001,50,least_cost,Ranked + weighted SHARK,Random 25% immutable,α = 1,1.0,75,1,0,True,,4.0,1.5670364773115195,2.664723382676198,1.2573689477469483,0.2573689477469483,True,5.252100000006976,Optimization terminated successfully
Wholesale Customers,3,42,10,300,0.0001,50,least_cost,Ranked + weighted SHARK,Random 25% immutable,α < 1,0.9987462090145068,75,1,0,True,,4.0,1.5695796810386822,2.6668848359024055,1.25634996060827,0.25634996060827,True,5.203299999948285,Optimization terminated successfully
Wholesale Customers,3,42,10,300,0.0001,50,least_cost,Ranked + weighted SHARK,Random 50% immutable,α = 1,1.0,75,1,0,True,,3.0,0.853878370709763,1.8799155663594178,3.008478402092984,2.008478402092984,True,3.58989999995174,Optimization terminated successfully
Wholesale Customers,3,42,10,300,0.0001,50,least_cost,Ranked + weighted SHARK,Random 50% immutable,α < 1,0.9987462090145068,75,1,0,True,,3.0,0.8552641627361312,1.881440444511923,3.006039998524848,2.006039998524848,True,3.4918999999717926,Optimization terminated successfully
Wholesale Customers,3,42,10,300,0.0001,50,least_cost,Ranked + weighted SHARK,Random 75% immutable,α = 1,1.0,75,1,0,True,,2.0,1.7916083640536253,2.684398000692931,3.2218274613539397,2.2218274613539397,True,2.178699999831224,Optimization terminated successfully
Wholesale Customers,3,42,10,300,0.0001,50,least_cost,Ranked + weighted SHARK,Random 75% immutable,α < 1,0.9987462090145068,75,1,0,True,,2.0,1.794516034126032,2.686575426144892,3.219216227164412,2.219216227164412,True,2.318599999853177,Optimization terminated successfully
Wholesale Customers,3,42,10,300,0.0001,50,least_cost,Ranked + weighted SHARK,All features mutable,α = 1,1.0,152,1,2,True,,6.0,5.6840292970179735,5.285586989086348,3.208734805863431,2.208734805863431,True,8.411000000023705,Optimization terminated successfully
Wholesale Customers,3,42,10,300,0.0001,50,least_cost,Ranked + weighted SHARK,All features mutable,α < 1,0.9313607020469031,152,1,2,True,,6.0,6.121465312279083,5.485203760347033,3.0919630936693903,2.0919630936693903,True,8.817500000077416,Optimization terminated successfully
Wholesale Customers,3,42,10,300,0.0001,50,least_cost,Ranked + weighted SHARK,Random 25% immutable,α = 1,1.0,152,1,2,True,,4.0,7.8087970287279065,6.310207969912801,2.3356352808986576,1.3356352808986576,True,6.177900000011505,Optimization terminated successfully
Wholesale Customers,3,42,10,300,0.0001,50,least_cost,Ranked + weighted SHARK,Random 25% immutable,α < 1,0.9313607020469031,152,1,2,True,,4.0,8.409752597033325,6.548520866739752,2.250637246039704,1.250637246039704,True,5.434100000002218,Optimization terminated successfully
Wholesale Customers,3,42,10,300,0.0001,50,least_cost,Ranked + weighted SHARK,Random 50% immutable,α = 1,1.0,152,1,2,True,,3.0,10.552964749573245,6.6131056776490995,1.8993849752553988,0.8993849752553988,True,3.838999999970838,Optimization terminated successfully
Wholesale Customers,3,42,10,300,0.0001,50,least_cost,Ranked + weighted SHARK,Random 50% immutable,α < 1,0.9313607020469031,152,1,2,True,,3.0,11.365108144326289,6.862857808730886,1.8302627911107479,0.8302627911107479,True,3.8544999999885476,Optimization terminated successfully
Wholesale Customers,3,42,10,300,0.0001,50,least_cost,Ranked + weighted SHARK,Random 75% immutable,α = 1,1.0,152,1,2,True,,2.0,19.112432619104684,9.419404778006774,1.1614673219616867,0.16146732196168667,True,2.588500000001659,Optimization terminated successfully
Wholesale Customers,3,42,10,300,0.0001,50,least_cost,Ranked + weighted SHARK,Random 75% immutable,α < 1,0.9313607020469031,152,1,2,True,,2.0,20.58330230151629,9.775140193154803,1.1191993449055604,0.11919934490556039,True,2.621999999973923,Optimization terminated successfully
Wholesale Customers,3,42,10,300,0.0001,50,least_cost,Ranked + weighted SHARK,All features mutable,α = 1,1.0,52,1,2,True,,6.0,3.9515070305260043,4.407030855483321,3.712616996877242,2.712616996877242,True,8.613700000069002,Optimization terminated successfully
Wholesale Customers,3,42,10,300,0.0001,50,least_cost,Ranked + weighted SHARK,All features mutable,α < 1,0.9313607020469031,52,1,2,True,,6.0,4.317581432493859,4.6066513102185525,3.551736488037501,2.551736488037501,True,8.746499999915613,Optimization terminated successfully
Wholesale Customers,3,42,10,300,0.0001,50,least_cost,Ranked + weighted SHARK,Random 25% immutable,α = 1,1.0,52,1,2,True,,4.0,5.6241170331668915,5.319065644423784,2.608477399916761,1.6084773999167612,True,5.379400000038004,Optimization terminated successfully
Wholesale Customers,3,42,10,300,0.0001,50,least_cost,Ranked + weighted SHARK,Random 25% immutable,α < 1,0.9313607020469031,52,1,2,True,,4.0,6.145144901056295,5.5599929860627455,2.4954461711279228,1.4954461711279228,True,5.625399999871661,Optimization terminated successfully
Wholesale Customers,3,42,10,300,0.0001,50,least_cost,Ranked + weighted SHARK,Random 50% immutable,α = 1,1.0,52,1,2,True,,3.0,12.64000373165675,7.9473098313051755,1.419523974556856,0.41952397455685597,True,3.889699999945151,Optimization terminated successfully
Wholesale Customers,3,42,10,300,0.0001,50,least_cost,Ranked + weighted SHARK,Random 50% immutable,α < 1,0.9313607020469031,52,1,2,True,,3.0,13.810995401217511,8.307283667369111,1.3580127507460829,0.35801275074608285,True,3.996299999926123,Optimization terminated successfully
Wholesale Customers,3,42,10,300,0.0001,50,least_cost,Ranked + weighted SHARK,Random 75% immutable,α = 1,1.0,52,1,2,True,,2.0,12.230179855931365,8.062546750251046,1.291036892887707,0.29103689288770695,True,2.1613999999772204,Optimization terminated successfully
Wholesale Customers,3,42,10,300,0.0001,50,least_cost,Ranked + weighted SHARK,Random 75% immutable,α < 1,0.9313607020469031,52,1,2,True,,2.0,13.3632047372882,8.427740282578732,1.2350933183061048,0.2350933183061048,True,2.1870999999009655,Optimization terminated successfully
Wholesale Customers,3,42,10,300,0.0001,50,least_cost,Ranked + weighted SHARK,All features mutable,α = 1,1.0,37,0,2,True,,6.0,2.1037206072926358,3.2155754743698766,4.602683435582341,3.6026834355823407,True,7.630700000163415,Optimization terminated successfully
Wholesale Customers,3,42,10,300,0.0001,50,least_cost,Ranked + weighted SHARK,All features mutable,α < 1,0.9313607020469031,37,0,2,True,,6.0,2.37301737793461,3.415192170608699,4.333658238570533,3.333658238570533,True,8.156000000099084,Optimization terminated successfully
Wholesale Customers,3,42,10,300,0.0001,50,least_cost,Ranked + weighted SHARK,Random 25% immutable,α = 1,1.0,37,0,2,True,,4.0,3.478176933014938,4.103065368261916,2.972864586474991,1.9728645864749912,True,4.600900000014008,Optimization terminated successfully
Wholesale Customers,3,42,10,300,0.0001,50,least_cost,Ranked + weighted SHARK,Random 25% immutable,α < 1,0.9313607020469031,37,0,2,True,,4.0,3.923417528461701,4.357775660945109,2.7991019827029513,1.7991019827029513,True,4.574099999899772,Optimization terminated successfully
Wholesale Customers,3,42,10,300,0.0001,50,least_cost,Ranked + weighted SHARK,Random 50% immutable,α = 1,1.0,37,0,2,True,,3.0,6.218242824414265,5.907582643209856,1.6628708930779823,0.6628708930779823,True,3.6064999999325664,Optimization terminated successfully
Wholesale Customers,3,42,10,300,0.0001,50,least_cost,Ranked + weighted SHARK,Random 50% immutable,α < 1,0.9313607020469031,37,0,2,True,,3.0,7.014238597741053,6.274313846817586,1.565676771348591,0.5656767713485911,True,3.2985999998800253,Optimization terminated successfully
Wholesale Customers,3,42,10,300,0.0001,50,least_cost,Ranked + weighted SHARK,Random 75% immutable,α = 1,1.0,37,0,2,True,,2.0,7.466899506214415,5.663482463035595,1.6201463122588893,0.6201463122588893,True,3.136100000119768,Optimization terminated successfully
Wholesale Customers,3,42,10,300,0.0001,50,least_cost,Ranked + weighted SHARK,Random 75% immutable,α < 1,0.9313607020469031,37,0,2,True,,2.0,8.422735522048134,6.0150603311454836,1.525449402864948,0.5254494028649479,True,2.5613000000248576,Optimization terminated successfully
Wholesale Customers,3,42,10,300,0.0001,50,least_cost,Ranked + weighted SHARK,All features mutable,α = 1,1.0,354,1,0,True,,6.0,0.21918749946258365,0.9723217908989745,4.555541603193972,3.555541603193972,True,6.825199999866527,Optimization terminated successfully
Wholesale Customers,3,42,10,300,0.0001,50,least_cost,Ranked + weighted SHARK,All features mutable,α < 1,0.9987462090145068,354,1,0,True,,6.0,0.2198174286757,0.9737179786123046,4.549009727212734,3.5490097272127343,True,6.537400000070193,Optimization terminated successfully
Wholesale Customers,3,42,10,300,0.0001,50,least_cost,Ranked + weighted SHARK,Random 25% immutable,α = 1,1.0,354,1,0,True,,4.0,0.5227155793106182,1.562225852455834,1.9106455463327914,0.9106455463327914,True,4.972799999904964,Optimization terminated successfully
Wholesale Customers,3,42,10,300,0.0001,50,least_cost,Ranked + weighted SHARK,Random 25% immutable,α < 1,0.9987462090145068,354,1,0,True,,4.0,0.5242178265388133,1.564469110673243,1.9079059250195056,0.9079059250195056,True,5.370899999888934,Optimization terminated successfully
Wholesale Customers,3,42,10,300,0.0001,50,least_cost,Ranked + weighted SHARK,Random 50% immutable,α = 1,1.0,354,1,0,True,,3.0,0.38200945052286944,1.2827437068875367,4.22882745723137,3.22882745723137,True,3.5889000000679516,Optimization terminated successfully
Wholesale Customers,3,42,10,300,0.0001,50,least_cost,Ranked + weighted SHARK,Random 50% immutable,α < 1,0.9987462090145068,354,1,0,True,,3.0,0.38310731839246576,1.2845856395075386,4.222763990223999,3.2227639902239993,True,3.6364999998568237,Optimization terminated successfully
Wholesale Customers,3,42,10,300,0.0001,50,least_cost,Ranked + weighted SHARK,Random 75% immutable,α = 1,1.0,354,1,0,False,,,,,,,False,2.595499999870299,Positive directional derivative for linesearch
Wholesale Customers,3,42,10,300,0.0001,50,least_cost,Ranked + weighted SHARK,Random 75% immutable,α < 1,0.9987462090145068,354,1,0,False,,,,,,,False,3.34459999999126,Positive directional derivative for linesearch
