dataset,n_clusters,seed,n_init,max_iter,tol,n_factuals,solution_type,cf_mode,mask_scenario,alpha_case,alpha,factual_idx,source_cluster,target_cluster,feasible,rank_step,changed_features,weighted_squared_distance,euclidean_distance,rho,tau,positive_tau,runtime_ms,solver_message
Wholesale Customers,3,42,10,300,0.0001,50,most_parsimonious,Unweighted k-means,All features mutable,α = 1,1.0,167,1,0,True,2.0,2.0,3.09565095618442,4.309745437622333,1.0,0.0,False,6.81579999945825,Optimization terminated successfully
Wholesale Customers,3,42,10,300,0.0001,50,most_parsimonious,Unweighted k-means,All features mutable,α < 1,0.9753678154238276,167,1,0,True,2.0,2.0,3.2368926213198077,4.406966726436546,1.0000000000000049,4.884981308350689e-15,True,7.088000000294414,Optimization terminated successfully
Wholesale Customers,3,42,10,300,0.0001,50,most_parsimonious,Unweighted k-means,Random 25% immutable,α = 1,1.0,167,1,0,True,2.0,2.0,2.2412883438939675,3.667114678240075,1.1986602857330477,0.19866028573304773,True,5.0914999992528465,Optimization terminated successfully
Wholesale Customers,3,42,10,300,0.0001,50,most_parsimonious,Unweighted k-means,Random 25% immutable,α < 1,0.9753678154238276,167,1,0,True,2.0,2.0,2.3435001884984152,3.749800145473155,1.172229028576035,0.17222902857603506,True,5.046099999162834,Optimization terminated successfully
Wholesale Customers,3,42,10,300,0.0001,50,most_parsimonious,Unweighted k-means,Random 50% immutable,α = 1,1.0,167,1,0,True,1.0,1.0,3.1073345080326047,4.317870661355621,2.2086136385875683,1.2086136385875683,True,1.4392999983101618,Optimization terminated successfully
Wholesale Customers,3,42,10,300,0.0001,50,most_parsimonious,Unweighted k-means,Random 50% immutable,α < 1,0.9753678154238276,167,1,0,True,1.0,1.0,3.249041572513791,4.4152292618937405,2.1599123095675523,1.1599123095675523,True,1.405200000590412,Optimization terminated successfully
Wholesale Customers,3,42,10,300,0.0001,50,most_parsimonious,Unweighted k-means,Random 75% immutable,α = 1,1.0,167,1,0,False,,,,,,,False,5.474600000525243,No feasible counterfactual found.
Wholesale Customers,3,42,10,300,0.0001,50,most_parsimonious,Unweighted k-means,Random 75% immutable,α < 1,0.9753678154238276,167,1,0,False,,,,,,,False,15.986899999916204,No feasible counterfactual found.
Wholesale Customers,3,42,10,300,0.0001,50,most_parsimonious,Unweighted k-means,All features mutable,α = 1,1.0,208,1,2,True,4.0,4.0,15.522921431150927,9.650778651844917,1.367323525320401,0.367323525320401,True,17.353100000036648,Optimization terminated successfully
Wholesale Customers,3,42,10,300,0.0001,50,most_parsimonious,Unweighted k-means,All features mutable,α < 1,0.5479334203435323,208,1,2,True,4.0,4.0,32.788552892347454,14.026094158891304,1.0,0.0,False,17.16849999866099,Optimization terminated successfully
Wholesale Customers,3,42,10,300,0.0001,50,most_parsimonious,Unweighted k-means,Random 25% immutable,α = 1,1.0,208,1,2,True,3.0,3.0,16.026117472175486,9.805952520436398,1.318564472729841,0.3185644727298409,True,6.231299999853945,Optimization terminated successfully
Wholesale Customers,3,42,10,300,0.0001,50,most_parsimonious,Unweighted k-means,Random 25% immutable,α < 1,0.5479334203435323,208,1,2,True,4.0,4.0,39.35424128412325,15.366373928313067,1.0,0.0,False,20.487499999944703,Optimization terminated successfully
Wholesale Customers,3,42,10,300,0.0001,50,most_parsimonious,Unweighted k-means,Random 50% immutable,α = 1,1.0,208,1,2,True,2.0,2.0,16.22424561266043,9.866380981695496,1.3182873490148517,0.3182873490148517,True,4.529699999693548,Optimization terminated successfully
Wholesale Customers,3,42,10,300,0.0001,50,most_parsimonious,Unweighted k-means,Random 50% immutable,α < 1,0.5479334203435323,208,1,2,True,3.0,3.0,18.327553425060316,10.486435073482403,1.6659545280967207,0.6659545280967207,True,6.927599999471568,Optimization terminated successfully
Wholesale Customers,3,42,10,300,0.0001,50,most_parsimonious,Unweighted k-means,Random 75% immutable,α = 1,1.0,208,1,2,True,2.0,2.0,18.3548176330973,10.494232025192877,1.6179565312302053,0.6179565312302053,True,4.599799998686649,Optimization terminated successfully
Wholesale Customers,3,42,10,300,0.0001,50,most_parsimonious,Unweighted k-means,Random 75% immutable,α < 1,0.5479334203435323,208,1,2,True,2.0,2.0,38.30910199436921,15.16095682884874,1.1199300620898522,0.11993006208985224,True,2.849399999831803,Optimization terminated successfully
Wholesale Customers,3,42,10,300,0.0001,50,most_parsimonious,Unweighted k-means,All features mutable,α = 1,1.0,184,1,2,True,4.0,4.0,17.966215667540464,10.382547568166629,1.319916325702681,0.3199163257026809,True,11.708699999871897,Optimization terminated successfully
Wholesale Customers,3,42,10,300,0.0001,50,most_parsimonious,Unweighted k-means,All features mutable,α < 1,0.5479334203435323,184,1,2,True,4.0,4.0,36.48105017264728,14.794806556217072,1.0,0.0,False,5.969099998765159,Optimization terminated successfully
Wholesale Customers,3,42,10,300,0.0001,50,most_parsimonious,Unweighted k-means,Random 25% immutable,α = 1,1.0,184,1,2,True,4.0,4.0,20.46639049836107,11.081441376922337,1.000000000000011,1.1102230246251565e-14,True,21.067100000436767,Optimization terminated successfully
Wholesale Customers,3,42,10,300,0.0001,50,most_parsimonious,Unweighted k-means,Random 25% immutable,α < 1,0.5479334203435323,184,1,2,True,4.0,4.0,40.839624946044864,15.65368166522717,1.0,0.0,False,38.69710000071791,Optimization terminated successfully
Wholesale Customers,3,42,10,300,0.0001,50,most_parsimonious,Unweighted k-means,Random 50% immutable,α = 1,1.0,184,1,2,True,3.0,3.0,22.96258945618289,11.737782445466323,1.0000000000000064,6.439293542825908e-15,True,11.130999999295454,Optimization terminated successfully
Wholesale Customers,3,42,10,300,0.0001,50,most_parsimonious,Unweighted k-means,Random 50% immutable,α < 1,0.5479334203435323,184,1,2,True,3.0,3.0,44.83504289450938,16.40153216522945,1.0,0.0,False,3.1722999992780387,Optimization terminated successfully
Wholesale Customers,3,42,10,300,0.0001,50,most_parsimonious,Unweighted k-means,Random 75% immutable,α = 1,1.0,184,1,2,True,1.0,1.0,21.466111086198183,11.348861904049635,1.104713388936258,0.10471338893625792,True,1.4646999989054166,Optimization terminated successfully
Wholesale Customers,3,42,10,300,0.0001,50,most_parsimonious,Unweighted k-means,Random 75% immutable,α < 1,0.5479334203435323,184,1,2,False,,,,,,,False,23.84899999924528,No feasible counterfactual found.
Wholesale Customers,3,42,10,300,0.0001,50,most_parsimonious,Unweighted k-means,All features mutable,α = 1,1.0,34,1,0,True,2.0,2.0,4.019098975434595,4.910661243927091,1.0000000000000084,8.43769498715119e-15,True,5.074200000308338,Optimization terminated successfully
Wholesale Customers,3,42,10,300,0.0001,50,most_parsimonious,Unweighted k-means,All features mutable,α < 1,0.9753678154238276,34,1,0,True,2.0,2.0,4.179997262982869,5.007991970630266,1.0000000000000064,6.439293542825908e-15,True,2.3985000007087365,Optimization terminated successfully
Wholesale Customers,3,42,10,300,0.0001,50,most_parsimonious,Unweighted k-means,Random 25% immutable,α = 1,1.0,34,1,0,True,1.0,1.0,4.0287961306167475,4.916581819079235,1.9732117078225346,0.9732117078225346,True,1.3001000006624963,Optimization terminated successfully
Wholesale Customers,3,42,10,300,0.0001,50,most_parsimonious,Unweighted k-means,Random 25% immutable,α < 1,0.9753678154238276,34,1,0,True,1.0,1.0,4.189933088578762,5.013940419617347,1.9348967071720722,0.9348967071720722,True,1.3849000006302958,Optimization terminated successfully
Wholesale Customers,3,42,10,300,0.0001,50,most_parsimonious,Unweighted k-means,Random 50% immutable,α = 1,1.0,34,1,0,True,2.0,2.0,2.907638697095061,4.1768208224163,1.0,0.0,False,5.049999999755528,Optimization terminated successfully
Wholesale Customers,3,42,10,300,0.0001,50,most_parsimonious,Unweighted k-means,Random 50% immutable,α < 1,0.9753678154238276,34,1,0,True,2.0,2.0,3.0240154310135554,4.259588311806827,1.0,0.0,False,2.531500000259257,Optimization terminated successfully
Wholesale Customers,3,42,10,300,0.0001,50,most_parsimonious,Unweighted k-means,Random 75% immutable,α = 1,1.0,34,1,0,True,1.0,1.0,4.0287961306167475,4.916581819079235,1.9732117078225346,0.9732117078225346,True,1.4300999991974095,Optimization terminated successfully
Wholesale Customers,3,42,10,300,0.0001,50,most_parsimonious,Unweighted k-means,Random 75% immutable,α < 1,0.9753678154238276,34,1,0,True,1.0,1.0,4.189933088578762,5.013940419617347,1.9348967071720722,0.9348967071720722,True,1.421400000253925,Optimization terminated successfully
Wholesale Customers,3,42,10,300,0.0001,50,most_parsimonious,Unweighted k-means,All features mutable,α = 1,1.0,342,1,0,True,2.0,2.0,1.366134270585727,2.8630063959960625,1.000000000000011,1.1102230246251565e-14,True,3.663399998913519,Optimization terminated successfully
Wholesale Customers,3,42,10,300,0.0001,50,most_parsimonious,Unweighted k-means,All features mutable,α < 1,0.9753678154238276,342,1,0,True,2.0,2.0,1.4606245635188242,2.9603627110732473,1.000000000000011,1.1102230246251565e-14,True,3.3863000007841038,Optimization terminated successfully
Wholesale Customers,3,42,10,300,0.0001,50,most_parsimonious,Unweighted k-means,Random 25% immutable,α = 1,1.0,342,1,0,True,2.0,2.0,1.366134270585727,2.8630063959960625,1.000000000000011,1.1102230246251565e-14,True,3.4173999993072357,Optimization terminated successfully
Wholesale Customers,3,42,10,300,0.0001,50,most_parsimonious,Unweighted k-means,Random 25% immutable,α < 1,0.9753678154238276,342,1,0,True,2.0,2.0,1.4606245635188242,2.9603627110732473,1.000000000000011,1.1102230246251565e-14,True,2.4533000014343997,Optimization terminated successfully
Wholesale Customers,3,42,10,300,0.0001,50,most_parsimonious,Unweighted k-means,Random 50% immutable,α = 1,1.0,342,1,0,True,1.0,1.0,0.9889220588572064,2.4358843061901028,3.756419402649761,2.756419402649761,True,1.4026000008016126,Optimization terminated successfully
Wholesale Customers,3,42,10,300,0.0001,50,most_parsimonious,Unweighted k-means,Random 50% immutable,α < 1,0.9753678154238276,342,1,0,True,1.0,1.0,1.0572953229479745,2.518684564944139,3.632929346428695,2.632929346428695,True,1.3634999995701946,Optimization terminated successfully
Wholesale Customers,3,42,10,300,0.0001,50,most_parsimonious,Unweighted k-means,Random 75% immutable,α = 1,1.0,342,1,0,True,2.0,2.0,1.366134270585727,2.8630063959960625,1.000000000000011,1.1102230246251565e-14,True,3.2315999997081235,Optimization terminated successfully
Wholesale Customers,3,42,10,300,0.0001,50,most_parsimonious,Unweighted k-means,Random 75% immutable,α < 1,0.9753678154238276,342,1,0,True,2.0,2.0,1.4606245635188242,2.9603627110732473,1.000000000000011,1.1102230246251565e-14,True,2.4323000016011065,Optimization terminated successfully
Wholesale Customers,3,42,10,300,0.0001,50,most_parsimonious,Unweighted k-means,All features mutable,α = 1,1.0,423,1,2,True,4.0,4.0,15.460156654539743,9.63124809810434,1.3998247832030657,0.3998247832030657,True,9.44079999862879,Optimization terminated successfully
Wholesale Customers,3,42,10,300,0.0001,50,most_parsimonious,Unweighted k-means,All features mutable,α < 1,0.5479334203435323,423,1,2,True,4.0,4.0,31.89769066307878,13.834238106179635,1.000000000000002,1.9984014443252818e-15,True,11.19719999951485,Optimization terminated successfully
Wholesale Customers,3,42,10,300,0.0001,50,most_parsimonious,Unweighted k-means,Random 25% immutable,α = 1,1.0,423,1,2,True,3.0,3.0,15.944819029226274,9.781048725742943,1.357275396791606,0.357275396791606,True,17.898699999932433,Optimization terminated successfully
Wholesale Customers,3,42,10,300,0.0001,50,most_parsimonious,Unweighted k-means,Random 25% immutable,α < 1,0.5479334203435323,423,1,2,True,3.0,3.0,37.88785573195025,15.077371600902511,1.0000000000000608,6.084022174945858e-14,True,13.366499999392545,Optimization terminated successfully
Wholesale Customers,3,42,10,300,0.0001,50,most_parsimonious,Unweighted k-means,Random 50% immutable,α = 1,1.0,423,1,2,True,3.0,3.0,15.671209061219404,9.696765149642246,1.3809726009821155,0.3809726009821155,True,7.029500000498956,Optimization terminated successfully
Wholesale Customers,3,42,10,300,0.0001,50,most_parsimonious,Unweighted k-means,Random 50% immutable,α < 1,0.5479334203435323,423,1,2,True,3.0,3.0,32.16526636704607,13.892141598842004,1.000000000000007,7.105427357601002e-15,True,10.536599998886231,Optimization terminated successfully
Wholesale Customers,3,42,10,300,0.0001,50,most_parsimonious,Unweighted k-means,Random 75% immutable,α = 1,1.0,423,1,2,False,,,,,,,False,22.499900000184425,No feasible counterfactual found.
Wholesale Customers,3,42,10,300,0.0001,50,most_parsimonious,Unweighted k-means,Random 75% immutable,α < 1,0.5479334203435323,423,1,2,False,,,,,,,False,17.15389999844774,No feasible counterfactual found.
Wholesale Customers,3,42,10,300,0.0001,50,most_parsimonious,Unweighted k-means,All features mutable,α = 1,1.0,267,1,0,True,2.0,2.0,3.9148646724711074,4.846564560059697,2.0267873912703727,1.0267873912703727,True,7.691099999647122,Optimization terminated successfully
Wholesale Customers,3,42,10,300,0.0001,50,most_parsimonious,Unweighted k-means,All features mutable,α < 1,0.9753678154238276,267,1,0,True,2.0,2.0,4.073422089303246,4.943736697662961,1.986949660826664,0.9869496608266639,True,6.463300000177696,Optimization terminated successfully
Wholesale Customers,3,42,10,300,0.0001,50,most_parsimonious,Unweighted k-means,Random 25% immutable,α = 1,1.0,267,1,0,True,1.0,1.0,2.8424748390131516,4.129751691576494,2.3010590518327563,1.3010590518327563,True,1.377800001137075,Optimization terminated successfully
Wholesale Customers,3,42,10,300,0.0001,50,most_parsimonious,Unweighted k-means,Random 25% immutable,α < 1,0.9753678154238276,267,1,0,True,1.0,1.0,2.957598989038929,4.212551950330533,2.2558303431671867,1.2558303431671867,True,1.3847999998688465,Optimization terminated successfully
Wholesale Customers,3,42,10,300,0.0001,50,most_parsimonious,Unweighted k-means,Random 50% immutable,α = 1,1.0,267,1,0,True,2.0,2.0,2.8345988773974935,4.124026341378649,2.3074525650570465,1.3074525650570465,True,8.237399999416084,Optimization terminated successfully
Wholesale Customers,3,42,10,300,0.0001,50,most_parsimonious,Unweighted k-means,Random 50% immutable,α < 1,0.9753678154238276,267,1,0,True,2.0,2.0,2.949404040118894,4.206711808611729,2.262098192537332,1.2620981925373318,True,6.116700000347919,Optimization terminated successfully
Wholesale Customers,3,42,10,300,0.0001,50,most_parsimonious,Unweighted k-means,Random 75% immutable,α = 1,1.0,267,1,0,True,2.0,2.0,2.8345988773974935,4.124026341378649,2.3074525650570465,1.3074525650570465,True,7.632200000443845,Optimization terminated successfully
Wholesale Customers,3,42,10,300,0.0001,50,most_parsimonious,Unweighted k-means,Random 75% immutable,α < 1,0.9753678154238276,267,1,0,True,2.0,2.0,2.949404040118894,4.206711808611729,2.262098192537332,1.2620981925373318,True,6.0606999995798105,Optimization terminated successfully
Wholesale Customers,3,42,10,300,0.0001,50,most_parsimonious,Unweighted k-means,All features mutable,α = 1,1.0,432,1,2,True,4.0,4.0,16.438607511403248,9.931346588878041,1.3754567548780112,0.3754567548780112,True,11.445300000559655,Optimization terminated successfully
Wholesale Customers,3,42,10,300,0.0001,50,most_parsimonious,Unweighted k-means,All features mutable,α < 1,0.5479334203435323,432,1,2,True,4.0,4.0,33.338517781717094,14.143235368553498,1.0,0.0,False,27.105999999548658,Optimization terminated successfully
Wholesale Customers,3,42,10,300,0.0001,50,most_parsimonious,Unweighted k-means,Random 25% immutable,α = 1,1.0,432,1,2,True,4.0,4.0,17.93378965805835,10.37317395729726,1.0,0.0,False,5.089999998745043,Optimization terminated successfully
Wholesale Customers,3,42,10,300,0.0001,50,most_parsimonious,Unweighted k-means,Random 25% immutable,α < 1,0.5479334203435323,432,1,2,True,4.0,4.0,36.63995329597505,14.82699294448643,1.0,0.0,False,25.606899998820154,Optimization terminated successfully
Wholesale Customers,3,42,10,300,0.0001,50,most_parsimonious,Unweighted k-means,Random 50% immutable,α = 1,1.0,432,1,2,True,2.0,2.0,19.329880147889085,10.76936771065667,1.1697223846967533,0.16972238469675327,True,2.2064000004320405,Optimization terminated successfully
Wholesale Customers,3,42,10,300,0.0001,50,most_parsimonious,Unweighted k-means,Random 50% immutable,α < 1,0.5479334203435323,432,1,2,False,,,,,,,False,12.155900001744158,No feasible counterfactual found.
Wholesale Customers,3,42,10,300,0.0001,50,most_parsimonious,Unweighted k-means,Random 75% immutable,α = 1,1.0,432,1,2,False,,,,,,,False,2.7251999999862164,No feasible counterfactual found.
Wholesale Customers,3,42,10,300,0.0001,50,most_parsimonious,Unweighted k-means,Random 75% immutable,α < 1,0.5479334203435323,432,1,2,False,,,,,,,False,2.8158999994047917,No feasible counterfactual found.
Wholesale Customers,3,42,10,300,0.0001,50,most_parsimonious,Unweighted k-means,All features mutable,α = 1,1.0,118,1,2,True,4.0,4.0,12.94415517630166,8.812770906917413,1.4202551141676076,0.42025511416760764,True,18.908800000644987,Optimization terminated successfully
Wholesale Customers,3,42,10,300,0.0001,50,most_parsimonious,Unweighted k-means,All features mutable,α < 1,0.5479334203435323,118,1,2,True,4.0,4.0,28.08195465115396,12.98043635271649,1.0,0.0,False,8.96169999941776,Optimization terminated successfully
Wholesale Customers,3,42,10,300,0.0001,50,most_parsimonious,Unweighted k-means,Random 25% immutable,α = 1,1.0,118,1,2,True,2.0,2.0,14.923738271409723,9.462686174044785,1.2318631003168852,0.23186310031688517,True,7.9384999989997596,Optimization terminated successfully
Wholesale Customers,3,42,10,300,0.0001,50,most_parsimonious,Unweighted k-means,Random 25% immutable,α < 1,0.5479334203435323,118,1,2,True,4.0,4.0,17.047613060883908,10.11363823583301,1.000000000000005,5.10702591327572e-15,True,13.850800000000163,Optimization terminated successfully
Wholesale Customers,3,42,10,300,0.0001,50,most_parsimonious,Unweighted k-means,Random 50% immutable,α = 1,1.0,118,1,2,True,3.0,3.0,14.487094645987469,9.323227331558789,1.8861798969145922,0.8861798969145922,True,4.424299999300274,Optimization terminated successfully
Wholesale Customers,3,42,10,300,0.0001,50,most_parsimonious,Unweighted k-means,Random 50% immutable,α < 1,0.5479334203435323,118,1,2,True,3.0,3.0,31.948521079799306,13.84525646128651,1.0001864980018353,0.0001864980018353446,True,13.555200001064804,Optimization terminated successfully
Wholesale Customers,3,42,10,300,0.0001,50,most_parsimonious,Unweighted k-means,Random 75% immutable,α = 1,1.0,118,1,2,False,,,,,,,False,7.230299999719136,No feasible counterfactual found.
Wholesale Customers,3,42,10,300,0.0001,50,most_parsimonious,Unweighted k-means,Random 75% immutable,α < 1,0.5479334203435323,118,1,2,False,,,,,,,False,6.628500001170323,No feasible counterfactual found.
Wholesale Customers,3,42,10,300,0.0001,50,most_parsimonious,Unweighted k-means,All features mutable,α = 1,1.0,194,1,2,True,4.0,4.0,16.058140850047504,9.81574475525342,1.3793237241669478,0.3793237241669478,True,33.711999998558895,Optimization terminated successfully
Wholesale Customers,3,42,10,300,0.0001,50,most_parsimonious,Unweighted k-means,All features mutable,α < 1,0.5479334203435323,194,1,2,True,4.0,4.0,32.65825789063802,13.998198003451305,1.0,0.0,False,36.09920000053535,Optimization terminated successfully
Wholesale Customers,3,42,10,300,0.0001,50,most_parsimonious,Unweighted k-means,Random 25% immutable,α = 1,1.0,194,1,2,True,4.0,4.0,18.13058667120056,10.429933845773107,1.000000000000003,3.1086244689504383e-15,True,12.969499999599066,Optimization terminated successfully
Wholesale Customers,3,42,10,300,0.0001,50,most_parsimonious,Unweighted k-means,Random 25% immutable,α < 1,0.5479334203435323,194,1,2,True,4.0,4.0,37.40812164628226,14.981613059937622,1.0,0.0,False,11.877900000399677,Optimization terminated successfully
Wholesale Customers,3,42,10,300,0.0001,50,most_parsimonious,Unweighted k-means,Random 50% immutable,α = 1,1.0,194,1,2,True,3.0,3.0,20.523416227929868,11.096868809154193,1.0000000000000135,1.354472090042691e-14,True,19.124100001135957,Optimization terminated successfully
Wholesale Customers,3,42,10,300,0.0001,50,most_parsimonious,Unweighted k-means,Random 50% immutable,α < 1,0.5479334203435323,194,1,2,True,3.0,3.0,41.39944079492276,15.760604200649688,1.000000000000015,1.509903313490213e-14,True,24.168600000848528,Optimization terminated successfully
Wholesale Customers,3,42,10,300,0.0001,50,most_parsimonious,Unweighted k-means,Random 75% immutable,α = 1,1.0,194,1,2,False,,,,,,,False,15.7627999997203,No feasible counterfactual found.
Wholesale Customers,3,42,10,300,0.0001,50,most_parsimonious,Unweighted k-means,Random 75% immutable,α < 1,0.5479334203435323,194,1,2,False,,,,,,,False,22.51539999997476,No feasible counterfactual found.
Wholesale Customers,3,42,10,300,0.0001,50,most_parsimonious,Unweighted k-means,All features mutable,α = 1,1.0,153,1,2,True,4.0,4.0,14.544198888347944,9.341584091046212,1.4499870516602495,0.44998705166024955,True,5.879100001038751,Optimization terminated successfully
Wholesale Customers,3,42,10,300,0.0001,50,most_parsimonious,Unweighted k-means,All features mutable,α < 1,0.5479334203435323,153,1,2,True,4.0,4.0,30.286107061440966,13.48023153987519,1.0000000000000069,6.8833827526759706e-15,True,6.357799999022973,Optimization terminated successfully
Wholesale Customers,3,42,10,300,0.0001,50,most_parsimonious,Unweighted k-means,Random 25% immutable,α = 1,1.0,153,1,2,True,4.0,4.0,17.893617799852723,10.361549440074894,1.0,0.0,False,9.383800001160125,Optimization terminated successfully
Wholesale Customers,3,42,10,300,0.0001,50,most_parsimonious,Unweighted k-means,Random 25% immutable,α < 1,0.5479334203435323,153,1,2,True,4.0,4.0,37.187193495454395,14.937307688225692,1.0000000000000107,1.0658141036401503e-14,True,8.433499999227934,Optimization terminated successfully
Wholesale Customers,3,42,10,300,0.0001,50,most_parsimonious,Unweighted k-means,Random 50% immutable,α = 1,1.0,153,1,2,False,,,,,,,False,3.8807000000815606,No feasible counterfactual found.
Wholesale Customers,3,42,10,300,0.0001,50,most_parsimonious,Unweighted k-means,Random 50% immutable,α < 1,0.5479334203435323,153,1,2,False,,,,,,,False,4.830800000490854,No feasible counterfactual found.
Wholesale Customers,3,42,10,300,0.0001,50,most_parsimonious,Unweighted k-means,Random 75% immutable,α = 1,1.0,153,1,2,True,1.0,1.0,17.377470847190896,10.211014889967862,1.213577066418336,0.21357706641833607,True,1.3940000008005882,Optimization terminated successfully
Wholesale Customers,3,42,10,300,0.0001,50,most_parsimonious,Unweighted k-means,Random 75% immutable,α < 1,0.5479334203435323,153,1,2,True,2.0,2.0,18.822753994000628,10.627159731744122,1.6151153904737112,0.6151153904737112,True,3.3724999993864913,Optimization terminated successfully
Wholesale Customers,3,42,10,300,0.0001,50,most_parsimonious,Unweighted k-means,All features mutable,α = 1,1.0,297,1,0,True,2.0,2.0,1.9258820809803132,3.399307648019208,2.810649972490798,1.8106499724907978,True,5.764800000179093,Optimization terminated successfully
Wholesale Customers,3,42,10,300,0.0001,50,most_parsimonious,Unweighted k-means,All features mutable,α < 1,0.9753678154238276,297,1,0,True,2.0,2.0,2.03756181521107,3.4964797856224505,2.7325380171077978,1.7325380171077978,True,2.4866000003385125,Optimization terminated successfully
Wholesale Customers,3,42,10,300,0.0001,50,most_parsimonious,Unweighted k-means,Random 25% immutable,α = 1,1.0,297,1,0,True,2.0,2.0,1.9258820809803132,3.399307648019208,2.810649972490798,1.8106499724907978,True,5.762799999502022,Optimization terminated successfully
Wholesale Customers,3,42,10,300,0.0001,50,most_parsimonious,Unweighted k-means,Random 25% immutable,α < 1,0.9753678154238276,297,1,0,True,2.0,2.0,2.03756181521107,3.4964797856224505,2.7325380171077978,1.7325380171077978,True,4.441700000825222,Optimization terminated successfully
Wholesale Customers,3,42,10,300,0.0001,50,most_parsimonious,Unweighted k-means,Random 50% immutable,α = 1,1.0,297,1,0,True,2.0,2.0,1.3852104542895565,2.882926070113027,1.6176052110066104,0.6176052110066104,True,6.7274000011821045,Optimization terminated successfully
Wholesale Customers,3,42,10,300,0.0001,50,most_parsimonious,Unweighted k-means,Random 50% immutable,α < 1,0.9753678154238276,297,1,0,True,2.0,2.0,1.4655372494326897,2.9653369954519735,1.572649591883708,0.572649591883708,True,7.097800000337884,Optimization terminated successfully
Wholesale Customers,3,42,10,300,0.0001,50,most_parsimonious,Unweighted k-means,Random 75% immutable,α = 1,1.0,297,1,0,True,1.0,1.0,1.3983296527686584,2.896545859573425,3.1203435693742403,2.1203435693742403,True,1.391799998600618,Optimization terminated successfully
Wholesale Customers,3,42,10,300,0.0001,50,most_parsimonious,Unweighted k-means,Random 75% immutable,α < 1,0.9753678154238276,297,1,0,True,1.0,1.0,1.4794172154654883,2.9793461183274648,3.0336247912650585,2.0336247912650585,True,1.415800001268508,Optimization terminated successfully
Wholesale Customers,3,42,10,300,0.0001,50,most_parsimonious,Unweighted k-means,All features mutable,α = 1,1.0,171,0,1,True,2.0,2.0,1.4309032334999467,2.9300886336422796,1.1970294985481789,0.19702949854817886,True,3.4035000007861527,Optimization terminated successfully
Wholesale Customers,3,42,10,300,0.0001,50,most_parsimonious,Unweighted k-means,All features mutable,α < 1,0.9809177391988542,171,0,1,True,2.0,2.0,1.505371534704008,3.005366734397659,1.1670464343959401,0.16704643439594014,True,9.280500000386382,Optimization terminated successfully
Wholesale Customers,3,42,10,300,0.0001,50,most_parsimonious,Unweighted k-means,Random 25% immutable,α = 1,1.0,171,0,1,True,2.0,2.0,10.783242547952625,8.043597160954528,1.0000000000000155,1.554312234475219e-14,True,3.4768999994412297,Optimization terminated successfully
Wholesale Customers,3,42,10,300,0.0001,50,most_parsimonious,Unweighted k-means,Random 25% immutable,α < 1,0.9809177391988542,171,0,1,True,3.0,3.0,6.211609181780947,6.104887803283995,1.0000000000000002,2.220446049250313e-16,True,15.957700001308694,Optimization terminated successfully
Wholesale Customers,3,42,10,300,0.0001,50,most_parsimonious,Unweighted k-means,Random 50% immutable,α = 1,1.0,171,0,1,True,2.0,2.0,1.4309032334999467,2.9300886336422796,1.1970294985481789,0.19702949854817886,True,3.504999998767744,Optimization terminated successfully
Wholesale Customers,3,42,10,300,0.0001,50,most_parsimonious,Unweighted k-means,Random 50% immutable,α < 1,0.9809177391988542,171,0,1,True,2.0,2.0,1.505371534704008,3.005366734397659,1.1670464343959401,0.16704643439594014,True,9.228700000676326,Optimization terminated successfully
Wholesale Customers,3,42,10,300,0.0001,50,most_parsimonious,Unweighted k-means,Random 75% immutable,α = 1,1.0,171,0,1,True,2.0,2.0,0.5180619691950508,1.763057518962528,1.475134378091942,0.4751343780919419,True,7.629600000655046,Optimization terminated successfully
Wholesale Customers,3,42,10,300,0.0001,50,most_parsimonious,Unweighted k-means,Random 75% immutable,α < 1,0.9809177391988542,171,0,1,True,2.0,2.0,0.5450233973763385,1.8083529479219569,1.4381853858028957,0.4381853858028957,True,7.818500000212225,Optimization terminated successfully
Wholesale Customers,3,42,10,300,0.0001,50,most_parsimonious,Unweighted k-means,All features mutable,α = 1,1.0,29,1,2,True,4.0,4.0,14.417086079471217,9.30067290451757,1.4461616474849401,0.44616164748494014,True,9.643100000175764,Optimization terminated successfully
Wholesale Customers,3,42,10,300,0.0001,50,most_parsimonious,Unweighted k-means,All features mutable,α < 1,0.5479334203435323,29,1,2,True,4.0,4.0,30.04087698053618,13.42554512424792,1.0018420893677447,0.0018420893677446593,True,16.643099999782862,Optimization terminated successfully
Wholesale Customers,3,42,10,300,0.0001,50,most_parsimonious,Unweighted k-means,Random 25% immutable,α = 1,1.0,29,1,2,True,2.0,2.0,16.952807335089627,10.085476885628054,1.2298515810893893,0.2298515810893893,True,3.84459999986575,Optimization terminated successfully
Wholesale Customers,3,42,10,300,0.0001,50,most_parsimonious,Unweighted k-means,Random 25% immutable,α < 1,0.5479334203435323,29,1,2,True,4.0,4.0,18.548753292157215,10.549526991905529,1.4604093830092881,0.46040938300928813,True,6.053099999917322,Optimization terminated successfully
Wholesale Customers,3,42,10,300,0.0001,50,most_parsimonious,Unweighted k-means,Random 50% immutable,α = 1,1.0,29,1,2,True,1.0,1.0,17.22559592114525,10.1662960574081,1.210375356903992,0.2103753569039919,True,1.331099998424179,Optimization terminated successfully
Wholesale Customers,3,42,10,300,0.0001,50,most_parsimonious,Unweighted k-means,Random 50% immutable,α < 1,0.5479334203435323,29,1,2,True,3.0,3.0,18.704289367192157,10.59366490895162,1.4482597976209899,0.4482597976209899,True,10.044299999208306,Optimization terminated successfully
Wholesale Customers,3,42,10,300,0.0001,50,most_parsimonious,Unweighted k-means,Random 75% immutable,α = 1,1.0,29,1,2,False,,,,,,,False,3.8865999995323364,No feasible counterfactual found.
Wholesale Customers,3,42,10,300,0.0001,50,most_parsimonious,Unweighted k-means,Random 75% immutable,α < 1,0.5479334203435323,29,1,2,False,,,,,,,False,13.5707999997976,No feasible counterfactual found.
Wholesale Customers,3,42,10,300,0.0001,50,most_parsimonious,Unweighted k-means,All features mutable,α = 1,1.0,319,0,2,True,4.0,4.0,14.229295507005979,9.239901138109426,1.3863780318719368,0.38637803187193676,True,11.174899998877663,Optimization terminated successfully
Wholesale Customers,3,42,10,300,0.0001,50,most_parsimonious,Unweighted k-means,All features mutable,α < 1,0.5479334203435323,319,0,2,True,4.0,4.0,30.405278313797332,13.506726838238196,1.000000000000024,2.398081733190338e-14,True,32.30040000016743,Optimization terminated successfully
Wholesale Customers,3,42,10,300,0.0001,50,most_parsimonious,Unweighted k-means,Random 25% immutable,α = 1,1.0,319,0,2,True,3.0,3.0,14.553928398556979,9.344708149072494,1.3554541684618406,0.35545416846184064,True,18.679099999644677,Optimization terminated successfully
Wholesale Customers,3,42,10,300,0.0001,50,most_parsimonious,Unweighted k-means,Random 25% immutable,α < 1,0.5479334203435323,319,0,2,True,3.0,3.0,34.158274785806896,14.316062612144492,1.0000000000000129,1.2878587085651816e-14,True,19.461300000330084,Optimization terminated successfully
Wholesale Customers,3,42,10,300,0.0001,50,most_parsimonious,Unweighted k-means,Random 50% immutable,α = 1,1.0,319,0,2,True,3.0,3.0,17.96210677722516,10.381360251111168,1.2829338723422097,0.2829338723422097,True,32.644700000673765,Optimization terminated successfully
Wholesale Customers,3,42,10,300,0.0001,50,most_parsimonious,Unweighted k-means,Random 50% immutable,α < 1,0.5479334203435323,319,0,2,True,3.0,3.0,37.52150750182004,15.004300883777299,1.000000000000016,1.5987211554602254e-14,True,4.647499999919091,Optimization terminated successfully
Wholesale Customers,3,42,10,300,0.0001,50,most_parsimonious,Unweighted k-means,Random 75% immutable,α = 1,1.0,319,0,2,True,2.0,2.0,18.31882696470074,10.483938276630804,1.5914057250451195,0.5914057250451195,True,7.479900001271744,Optimization terminated successfully
Wholesale Customers,3,42,10,300,0.0001,50,most_parsimonious,Unweighted k-means,Random 75% immutable,α < 1,0.5479334203435323,319,0,2,True,2.0,2.0,38.25709862872536,15.15066308028636,1.101219085248311,0.10121908524831102,True,3.3944000006158603,Optimization terminated successfully
Wholesale Customers,3,42,10,300,0.0001,50,most_parsimonious,Unweighted k-means,All features mutable,α = 1,1.0,211,0,2,True,4.0,4.0,12.661623303519882,8.716062174004914,1.3809388330091599,0.38093883300915987,True,29.139199999917764,Optimization terminated successfully
Wholesale Customers,3,42,10,300,0.0001,50,most_parsimonious,Unweighted k-means,All features mutable,α < 1,0.5479334203435323,211,0,2,True,4.0,4.0,28.721191257479546,13.127343506775363,1.000000000000023,2.3092638912203256e-14,True,37.23619999982475,Optimization terminated successfully
Wholesale Customers,3,42,10,300,0.0001,50,most_parsimonious,Unweighted k-means,Random 25% immutable,α = 1,1.0,211,0,2,True,4.0,4.0,14.433001768175155,9.305805210139042,1.5494967912942954,0.5494967912942954,True,11.139600001115468,Optimization terminated successfully
Wholesale Customers,3,42,10,300,0.0001,50,most_parsimonious,Unweighted k-means,Random 25% immutable,α < 1,0.5479334203435323,211,0,2,True,4.0,4.0,31.268244970504874,13.697060627121035,1.052730640232608,0.052730640232607984,True,16.250700000455254,Optimization terminated successfully
Wholesale Customers,3,42,10,300,0.0001,50,most_parsimonious,Unweighted k-means,Random 50% immutable,α = 1,1.0,211,0,2,True,2.0,2.0,13.158099680444373,8.885302363041239,1.328833770580381,0.328833770580381,True,2.5057000002561836,Optimization terminated successfully
Wholesale Customers,3,42,10,300,0.0001,50,most_parsimonious,Unweighted k-means,Random 50% immutable,α < 1,0.5479334203435323,211,0,2,True,3.0,3.0,15.978519688039867,9.79137978674299,1.6106482524152756,0.6106482524152756,True,14.275499999712338,Optimization terminated successfully
Wholesale Customers,3,42,10,300,0.0001,50,most_parsimonious,Unweighted k-means,Random 75% immutable,α = 1,1.0,211,0,2,False,,,,,,,False,6.740999999237829,No feasible counterfactual found.
Wholesale Customers,3,42,10,300,0.0001,50,most_parsimonious,Unweighted k-means,Random 75% immutable,α < 1,0.5479334203435323,211,0,2,False,,,,,,,False,27.450399998997455,No feasible counterfactual found.
Wholesale Customers,3,42,10,300,0.0001,50,most_parsimonious,Unweighted k-means,All features mutable,α = 1,1.0,205,0,2,True,4.0,4.0,16.211508751490452,9.862507414899252,1.3026191955670283,0.3026191955670283,True,54.38450000110606,Optimization terminated successfully
Wholesale Customers,3,42,10,300,0.0001,50,most_parsimonious,Unweighted k-means,All features mutable,α < 1,0.5479334203435323,205,0,2,True,4.0,4.0,35.36779145190441,14.567317828324693,1.0000000000000113,1.1324274851176597e-14,True,6.843499999376945,Optimization terminated successfully
Wholesale Customers,3,42,10,300,0.0001,50,most_parsimonious,Unweighted k-means,Random 25% immutable,α = 1,1.0,205,0,2,True,3.0,3.0,16.840065329476744,10.051884996201482,1.2539988555390227,0.2539988555390227,True,6.954700000278535,Optimization terminated successfully
Wholesale Customers,3,42,10,300,0.0001,50,most_parsimonious,Unweighted k-means,Random 25% immutable,α < 1,0.5479334203435323,205,0,2,False,,,,,,,False,18.13670000046841,No feasible counterfactual found.
Wholesale Customers,3,42,10,300,0.0001,50,most_parsimonious,Unweighted k-means,Random 50% immutable,α = 1,1.0,205,0,2,True,3.0,3.0,16.46550731963653,9.939468995767287,1.2825248630853272,0.2825248630853272,True,9.635700000217184,Optimization terminated successfully
Wholesale Customers,3,42,10,300,0.0001,50,most_parsimonious,Unweighted k-means,Random 50% immutable,α < 1,0.5479334203435323,205,0,2,True,3.0,3.0,37.6829620956248,15.036547894172678,1.0,0.0,False,4.220599999825936,Optimization terminated successfully
Wholesale Customers,3,42,10,300,0.0001,50,most_parsimonious,Unweighted k-means,Random 75% immutable,α = 1,1.0,205,0,2,True,1.0,1.0,17.527029475114755,10.25486113268671,1.2048489336935664,0.20484893369356638,True,1.254200000403216,Optimization terminated successfully
Wholesale Customers,3,42,10,300,0.0001,50,most_parsimonious,Unweighted k-means,Random 75% immutable,α < 1,0.5479334203435323,205,0,2,True,2.0,2.0,19.383344196283087,10.7842507935275,1.5438012029613637,0.5438012029613637,True,9.781699998711701,Optimization terminated successfully
Wholesale Customers,3,42,10,300,0.0001,50,most_parsimonious,Unweighted k-means,All features mutable,α = 1,1.0,327,1,2,True,4.0,4.0,17.317973577539178,10.19351958183409,1.3368740938523573,0.33687409385235734,True,24.92740000161575,Optimization terminated successfully
Wholesale Customers,3,42,10,300,0.0001,50,most_parsimonious,Unweighted k-means,All features mutable,α < 1,0.5479334203435323,327,1,2,True,4.0,4.0,34.953371600587445,14.481720533262775,1.0000000000000058,5.773159728050814e-15,True,14.786100000492297,Optimization terminated successfully
Wholesale Customers,3,42,10,300,0.0001,50,most_parsimonious,Unweighted k-means,Random 25% immutable,α = 1,1.0,327,1,2,True,3.0,3.0,17.554387740993274,10.262861513533135,1.3188697034100842,0.31886970341008425,True,4.632399999536574,Optimization terminated successfully
Wholesale Customers,3,42,10,300,0.0001,50,most_parsimonious,Unweighted k-means,Random 25% immutable,α < 1,0.5479334203435323,327,1,2,True,3.0,3.0,35.35873284594083,14.565452175461116,1.0000000000000102,1.021405182655144e-14,True,11.56000000082713,Optimization terminated successfully
Wholesale Customers,3,42,10,300,0.0001,50,most_parsimonious,Unweighted k-means,Random 50% immutable,α = 1,1.0,327,1,2,True,3.0,3.0,19.570396597750644,10.83616074015626,1.6221643328590913,0.6221643328590913,True,5.218900001636939,Optimization terminated successfully
Wholesale Customers,3,42,10,300,0.0001,50,most_parsimonious,Unweighted k-means,Random 50% immutable,α < 1,0.5479334203435323,327,1,2,True,3.0,3.0,39.50639884542082,15.396051216871324,1.0000000000000153,1.532107773982716e-14,True,7.879500000854023,Optimization terminated successfully
Wholesale Customers,3,42,10,300,0.0001,50,most_parsimonious,Unweighted k-means,Random 75% immutable,α = 1,1.0,327,1,2,True,2.0,2.0,22.13897158329157,11.525355938093602,1.473384550887216,0.4733845508872161,True,2.3522999999840977,Optimization terminated successfully
Wholesale Customers,3,42,10,300,0.0001,50,most_parsimonious,Unweighted k-means,Random 75% immutable,α < 1,0.5479334203435323,327,1,2,True,2.0,2.0,43.68150608385898,16.189164169380515,1.0489288676870878,0.04892886768708782,True,11.794000000008964,Optimization terminated successfully
Wholesale Customers,3,42,10,300,0.0001,50,most_parsimonious,Unweighted k-means,All features mutable,α = 1,1.0,80,1,2,True,4.0,4.0,16.961495199809445,10.088060824502232,1.3504920208063784,0.3504920208063784,True,5.794900000182679,Optimization terminated successfully
Wholesale Customers,3,42,10,300,0.0001,50,most_parsimonious,Unweighted k-means,All features mutable,α < 1,0.5479334203435323,80,1,2,True,4.0,4.0,34.32048972928038,14.350015274405889,1.0,0.0,False,57.43870000151219,Optimization terminated successfully
Wholesale Customers,3,42,10,300,0.0001,50,most_parsimonious,Unweighted k-means,Random 25% immutable,α = 1,1.0,80,1,2,True,3.0,3.0,17.49322322336519,10.244966536801922,1.3094421489848838,0.30944214898488376,True,10.783099998661783,Optimization terminated successfully
Wholesale Customers,3,42,10,300,0.0001,50,most_parsimonious,Unweighted k-means,Random 25% immutable,α < 1,0.5479334203435323,80,1,2,True,4.0,4.0,19.3674554923869,10.77982991305157,1.6663245750339053,0.6663245750339053,True,9.239099999831524,Optimization terminated successfully
Wholesale Customers,3,42,10,300,0.0001,50,most_parsimonious,Unweighted k-means,Random 50% immutable,α = 1,1.0,80,1,2,True,3.0,3.0,21.67547356828374,11.404071264671334,1.0,0.0,False,18.909999998868443,Optimization terminated successfully
Wholesale Customers,3,42,10,300,0.0001,50,most_parsimonious,Unweighted k-means,Random 50% immutable,α < 1,0.5479334203435323,80,1,2,True,3.0,3.0,43.02835128957224,16.06767275424271,1.0,0.0,False,28.18190000107279,Optimization terminated successfully
Wholesale Customers,3,42,10,300,0.0001,50,most_parsimonious,Unweighted k-means,Random 75% immutable,α = 1,1.0,80,1,2,False,,,,,,,False,18.91280000018014,No feasible counterfactual found.
Wholesale Customers,3,42,10,300,0.0001,50,most_parsimonious,Unweighted k-means,Random 75% immutable,α < 1,0.5479334203435323,80,1,2,False,,,,,,,False,24.54599999873608,No feasible counterfactual found.
Wholesale Customers,3,42,10,300,0.0001,50,most_parsimonious,Unweighted k-means,All features mutable,α = 1,1.0,343,0,2,True,4.0,4.0,18.159836981689374,10.438343828890494,1.2204680007462592,0.22046800074625916,True,10.736899999756133,Optimization terminated successfully
Wholesale Customers,3,42,10,300,0.0001,50,most_parsimonious,Unweighted k-means,All features mutable,α < 1,0.5479334203435323,343,0,2,True,4.0,4.0,42.71689370172321,16.009414799121775,1.0,0.0,False,10.154199999306002,Optimization terminated successfully
Wholesale Customers,3,42,10,300,0.0001,50,most_parsimonious,Unweighted k-means,Random 25% immutable,α = 1,1.0,343,0,2,True,4.0,4.0,20.53935640448003,11.101177344177518,1.0391813014865006,0.039181301486500564,True,20.21449999847391,Optimization terminated successfully
Wholesale Customers,3,42,10,300,0.0001,50,most_parsimonious,Unweighted k-means,Random 25% immutable,α < 1,0.5479334203435323,343,0,2,True,4.0,4.0,40.136815993399864,15.518405071411147,1.0,0.0,False,10.777800000141724,Optimization terminated successfully
Wholesale Customers,3,42,10,300,0.0001,50,most_parsimonious,Unweighted k-means,Random 50% immutable,α = 1,1.0,343,0,2,True,3.0,3.0,18.86393461781827,10.63877848753839,1.174913936977049,0.17491393697704893,True,5.657400000927737,Optimization terminated successfully
Wholesale Customers,3,42,10,300,0.0001,50,most_parsimonious,Unweighted k-means,Random 50% immutable,α < 1,0.5479334203435323,343,0,2,False,,,,,,,False,19.071700000495184,No feasible counterfactual found.
Wholesale Customers,3,42,10,300,0.0001,50,most_parsimonious,Unweighted k-means,Random 75% immutable,α = 1,1.0,343,0,2,False,,,,,,,False,2.949000001535751,No feasible counterfactual found.
Wholesale Customers,3,42,10,300,0.0001,50,most_parsimonious,Unweighted k-means,Random 75% immutable,α < 1,0.5479334203435323,343,0,2,False,,,,,,,False,17.235600000276463,No feasible counterfactual found.
Wholesale Customers,3,42,10,300,0.0001,50,most_parsimonious,Unweighted k-means,All features mutable,α = 1,1.0,235,1,2,True,4.0,4.0,16.09921164278434,9.828289263992286,1.3681138711047671,0.3681138711047671,True,21.041799998783972,Optimization terminated successfully
Wholesale Customers,3,42,10,300,0.0001,50,most_parsimonious,Unweighted k-means,All features mutable,α < 1,0.5479334203435323,235,1,2,True,4.0,4.0,33.35021705083939,14.145716747660273,1.0,0.0,False,11.287999999694875,Optimization terminated successfully
Wholesale Customers,3,42,10,300,0.0001,50,most_parsimonious,Unweighted k-means,Random 25% immutable,α = 1,1.0,235,1,2,True,4.0,4.0,16.09921164278434,9.828289263992286,1.3681138711047671,0.3681138711047671,True,19.56150000114576,Optimization terminated successfully
Wholesale Customers,3,42,10,300,0.0001,50,most_parsimonious,Unweighted k-means,Random 25% immutable,α < 1,0.5479334203435323,235,1,2,True,4.0,4.0,33.35021705083939,14.145716747660273,1.0,0.0,False,11.512900000525406,Optimization terminated successfully
Wholesale Customers,3,42,10,300,0.0001,50,most_parsimonious,Unweighted k-means,Random 50% immutable,α = 1,1.0,235,1,2,True,2.0,2.0,18.561305675075246,10.55309594623547,1.1866382161668092,0.1866382161668092,True,5.647500000122818,Optimization terminated successfully
Wholesale Customers,3,42,10,300,0.0001,50,most_parsimonious,Unweighted k-means,Random 50% immutable,α < 1,0.5479334203435323,235,1,2,True,3.0,3.0,19.83250001850523,10.908482942693333,1.5766819672477805,0.5766819672477805,True,16.39470000009169,Optimization terminated successfully
Wholesale Customers,3,42,10,300,0.0001,50,most_parsimonious,Unweighted k-means,Random 75% immutable,α = 1,1.0,235,1,2,True,2.0,2.0,16.837779889483276,10.051202880098463,1.3081032545055584,0.3081032545055584,True,5.800999999337364,Optimization terminated successfully
Wholesale Customers,3,42,10,300,0.0001,50,most_parsimonious,Unweighted k-means,Random 75% immutable,α < 1,0.5479334203435323,235,1,2,False,,,,,,,False,2.4166999992303317,No feasible counterfactual found.
Wholesale Customers,3,42,10,300,0.0001,50,most_parsimonious,Unweighted k-means,All features mutable,α = 1,1.0,417,1,0,True,2.0,2.0,1.1047793277698528,2.5746215191012283,2.5158684410931866,1.5158684410931866,True,4.751000000396743,Optimization terminated successfully
Wholesale Customers,3,42,10,300,0.0001,50,most_parsimonious,Unweighted k-means,All features mutable,α < 1,0.9753678154238276,417,1,0,True,2.0,2.0,1.189746890667706,2.6717936567044687,2.424367177477262,1.424367177477262,True,4.06230000044161,Optimization terminated successfully
Wholesale Customers,3,42,10,300,0.0001,50,most_parsimonious,Unweighted k-means,Random 25% immutable,α = 1,1.0,417,1,0,True,2.0,2.0,1.1047793277698528,2.5746215191012283,2.5158684410931866,1.5158684410931866,True,4.824200001166901,Optimization terminated successfully
Wholesale Customers,3,42,10,300,0.0001,50,most_parsimonious,Unweighted k-means,Random 25% immutable,α < 1,0.9753678154238276,417,1,0,True,2.0,2.0,1.189746890667706,2.6717936567044687,2.424367177477262,1.424367177477262,True,4.238299999997253,Optimization terminated successfully
Wholesale Customers,3,42,10,300,0.0001,50,most_parsimonious,Unweighted k-means,Random 50% immutable,α = 1,1.0,417,1,0,True,2.0,2.0,0.799927073926582,2.1907903696062507,3.474666821316007,2.474666821316007,True,5.067200001576566,Optimization terminated successfully
Wholesale Customers,3,42,10,300,0.0001,50,most_parsimonious,Unweighted k-means,Random 50% immutable,α < 1,0.9753678154238276,417,1,0,True,2.0,2.0,0.861448730115388,2.273475836839338,3.3482937532669914,2.3482937532669914,True,4.110100000616512,Optimization terminated successfully
Wholesale Customers,3,42,10,300,0.0001,50,most_parsimonious,Unweighted k-means,Random 75% immutable,α = 1,1.0,417,1,0,False,,,,,,,False,10.226599999441532,No feasible counterfactual found.
Wholesale Customers,3,42,10,300,0.0001,50,most_parsimonious,Unweighted k-means,Random 75% immutable,α < 1,0.9753678154238276,417,1,0,False,,,,,,,False,4.659100000935723,No feasible counterfactual found.
Wholesale Customers,3,42,10,300,0.0001,50,most_parsimonious,Unweighted k-means,All features mutable,α = 1,1.0,71,1,2,True,4.0,4.0,3.320220474599469,4.463330913969612,2.7188534434782654,1.7188534434782654,True,10.06280000001425,Optimization terminated successfully
Wholesale Customers,3,42,10,300,0.0001,50,most_parsimonious,Unweighted k-means,All features mutable,α < 1,0.5479334203435323,71,1,2,True,4.0,4.0,12.421562829955784,8.633039845832679,1.401456905999831,0.40145690599983097,True,18.839200000002165,Optimization terminated successfully
Wholesale Customers,3,42,10,300,0.0001,50,most_parsimonious,Unweighted k-means,Random 25% immutable,α = 1,1.0,71,1,2,True,2.0,2.0,3.439181684047644,4.542586279234095,2.6359059422638853,1.6359059422638853,True,2.6228000006085495,Optimization terminated successfully
Wholesale Customers,3,42,10,300,0.0001,50,most_parsimonious,Unweighted k-means,Random 25% immutable,α < 1,0.5479334203435323,71,1,2,True,2.0,2.0,12.86238981022932,8.784892649393953,1.353418376123276,0.3534183761232761,True,3.3491000012872973,Optimization terminated successfully
Wholesale Customers,3,42,10,300,0.0001,50,most_parsimonious,Unweighted k-means,Random 50% immutable,α = 1,1.0,71,1,2,True,3.0,3.0,3.8396676131089422,4.799792253697409,1.0073640895951634,0.007364089595163437,True,5.714200000511482,Optimization terminated successfully
Wholesale Customers,3,42,10,300,0.0001,50,most_parsimonious,Unweighted k-means,Random 50% immutable,α < 1,0.5479334203435323,71,1,2,True,3.0,3.0,14.754174413974308,9.408774972537385,1.0,0.0,False,6.465300000854768,Optimization terminated successfully
Wholesale Customers,3,42,10,300,0.0001,50,most_parsimonious,Unweighted k-means,Random 75% immutable,α = 1,1.0,71,1,2,False,,,,,,,False,3.9593999990756856,No feasible counterfactual found.
Wholesale Customers,3,42,10,300,0.0001,50,most_parsimonious,Unweighted k-means,Random 75% immutable,α < 1,0.5479334203435323,71,1,2,False,,,,,,,False,4.829999999856227,No feasible counterfactual found.
Wholesale Customers,3,42,10,300,0.0001,50,most_parsimonious,Unweighted k-means,All features mutable,α = 1,1.0,277,1,2,True,4.0,4.0,8.398597694254686,7.098703132652338,1.3956043773046751,0.3956043773046751,True,8.895799999663723,Optimization terminated successfully
Wholesale Customers,3,42,10,300,0.0001,50,most_parsimonious,Unweighted k-means,All features mutable,α < 1,0.5479334203435323,277,1,2,True,4.0,4.0,22.848012223917287,11.708461613017473,1.0,0.0,False,10.557400000834605,Optimization terminated successfully
Wholesale Customers,3,42,10,300,0.0001,50,most_parsimonious,Unweighted k-means,Random 25% immutable,α = 1,1.0,277,1,2,True,3.0,3.0,8.661886378418254,7.209113556499823,1.3531832640536963,0.35318326405369627,True,22.481300000436022,Optimization terminated successfully
Wholesale Customers,3,42,10,300,0.0001,50,most_parsimonious,Unweighted k-means,Random 25% immutable,α < 1,0.5479334203435323,277,1,2,False,,,,,,,False,41.28320000017993,No feasible counterfactual found.
Wholesale Customers,3,42,10,300,0.0001,50,most_parsimonious,Unweighted k-means,Random 50% immutable,α = 1,1.0,277,1,2,False,,,,,,,False,7.342800001424621,No feasible counterfactual found.
Wholesale Customers,3,42,10,300,0.0001,50,most_parsimonious,Unweighted k-means,Random 50% immutable,α < 1,0.5479334203435323,277,1,2,False,,,,,,,False,3.615199999330798,No feasible counterfactual found.
Wholesale Customers,3,42,10,300,0.0001,50,most_parsimonious,Unweighted k-means,Random 75% immutable,α = 1,1.0,277,1,2,False,,,,,,,False,19.862300001477706,No feasible counterfactual found.
Wholesale Customers,3,42,10,300,0.0001,50,most_parsimonious,Unweighted k-means,Random 75% immutable,α < 1,0.5479334203435323,277,1,2,False,,,,,,,False,11.491200000818935,No feasible counterfactual found.
Wholesale Customers,3,42,10,300,0.0001,50,most_parsimonious,Unweighted k-means,All features mutable,α = 1,1.0,377,1,2,True,4.0,4.0,14.12797792774041,9.20694670161843,1.4649477124144104,0.46494771241441035,True,25.301099998614518,Optimization terminated successfully
Wholesale Customers,3,42,10,300,0.0001,50,most_parsimonious,Unweighted k-means,All features mutable,α < 1,0.5479334203435323,377,1,2,True,4.0,4.0,29.622899291938467,13.331818921348685,1.0116920521196293,0.011692052119629315,True,31.655400000090594,Optimization terminated successfully
Wholesale Customers,3,42,10,300,0.0001,50,most_parsimonious,Unweighted k-means,Random 25% immutable,α = 1,1.0,377,1,2,True,2.0,2.0,16.28860609488601,9.885931244415776,1.2706273616590733,0.2706273616590733,True,5.833900000652648,Optimization terminated successfully
Wholesale Customers,3,42,10,300,0.0001,50,most_parsimonious,Unweighted k-means,Random 25% immutable,α < 1,0.5479334203435323,377,1,2,True,4.0,4.0,18.10456928644251,10.422447683661217,1.0,0.0,False,13.249500001620618,Optimization terminated successfully
Wholesale Customers,3,42,10,300,0.0001,50,most_parsimonious,Unweighted k-means,Random 50% immutable,α = 1,1.0,377,1,2,False,,,,,,,False,8.17780000033963,No feasible counterfactual found.
Wholesale Customers,3,42,10,300,0.0001,50,most_parsimonious,Unweighted k-means,Random 50% immutable,α < 1,0.5479334203435323,377,1,2,False,,,,,,,False,27.57449999990058,No feasible counterfactual found.
Wholesale Customers,3,42,10,300,0.0001,50,most_parsimonious,Unweighted k-means,Random 75% immutable,α = 1,1.0,377,1,2,False,,,,,,,False,5.384699999922304,No feasible counterfactual found.
Wholesale Customers,3,42,10,300,0.0001,50,most_parsimonious,Unweighted k-means,Random 75% immutable,α < 1,0.5479334203435323,377,1,2,False,,,,,,,False,6.354299999657087,No feasible counterfactual found.
Wholesale Customers,3,42,10,300,0.0001,50,most_parsimonious,Unweighted k-means,All features mutable,α = 1,1.0,391,1,0,True,2.0,2.0,3.8579553979296155,4.811209035946963,1.0,0.0,False,6.563799999639741,Optimization terminated successfully
Wholesale Customers,3,42,10,300,0.0001,50,most_parsimonious,Unweighted k-means,All features mutable,α < 1,0.9753678154238276,391,1,0,True,2.0,2.0,4.015524902412865,4.908477301004579,1.0000000000000016,1.5543122344752192e-15,True,4.704100001617917,Optimization terminated successfully
Wholesale Customers,3,42,10,300,0.0001,50,most_parsimonious,Unweighted k-means,Random 25% immutable,α = 1,1.0,391,1,0,True,1.0,1.0,3.871466679880417,4.819626549773592,1.9908968990549591,0.9908968990549591,True,1.373799999782932,Optimization terminated successfully
Wholesale Customers,3,42,10,300,0.0001,50,most_parsimonious,Unweighted k-means,Random 25% immutable,α < 1,0.9753678154238276,391,1,0,True,1.0,1.0,4.0294571613976355,4.916985150311705,1.9514762113810558,0.9514762113810558,True,1.3676999988092575,Optimization terminated successfully
Wholesale Customers,3,42,10,300,0.0001,50,most_parsimonious,Unweighted k-means,Random 50% immutable,α = 1,1.0,391,1,0,True,2.0,2.0,2.7774019348207504,4.082206708255292,1.0000000000000042,4.218847493575595e-15,True,6.373100000928389,Optimization terminated successfully
Wholesale Customers,3,42,10,300,0.0001,50,most_parsimonious,Unweighted k-means,Random 50% immutable,α < 1,0.9753678154238276,391,1,0,True,2.0,2.0,2.8907549916131856,4.164676451980288,1.0,0.0,False,5.188400000406546,Optimization terminated successfully
Wholesale Customers,3,42,10,300,0.0001,50,most_parsimonious,Unweighted k-means,Random 75% immutable,α = 1,1.0,391,1,0,True,1.0,1.0,3.871466679880417,4.819626549773592,1.9908968990549591,0.9908968990549591,True,1.372500000798027,Optimization terminated successfully
Wholesale Customers,3,42,10,300,0.0001,50,most_parsimonious,Unweighted k-means,Random 75% immutable,α < 1,0.9753678154238276,391,1,0,True,1.0,1.0,4.0294571613976355,4.916985150311705,1.9514762113810558,0.9514762113810558,True,1.388500000757631,Optimization terminated successfully
Wholesale Customers,3,42,10,300,0.0001,50,most_parsimonious,Unweighted k-means,All features mutable,α = 1,1.0,172,1,0,True,2.0,2.0,1.8156140601101238,3.3005581892553786,1.0,0.0,False,2.676799998880597,Optimization terminated successfully
Wholesale Customers,3,42,10,300,0.0001,50,most_parsimonious,Unweighted k-means,All features mutable,α < 1,0.9753678154238276,172,1,0,True,2.0,2.0,1.9242784957378563,3.397892136961846,1.0,0.0,False,2.6025000006484333,Optimization terminated successfully
Wholesale Customers,3,42,10,300,0.0001,50,most_parsimonious,Unweighted k-means,Random 25% immutable,α = 1,1.0,172,1,0,True,1.0,1.0,1.819808498205366,3.304368470560176,2.7922692537842733,1.7922692537842733,True,1.4315999997052131,Optimization terminated successfully
Wholesale Customers,3,42,10,300,0.0001,50,most_parsimonious,Unweighted k-means,Random 25% immutable,α < 1,0.9753678154238276,172,1,0,True,1.0,1.0,1.9286245110404823,3.4017270710982817,2.7123535459123165,1.7123535459123165,True,1.4098000010562828,Optimization terminated successfully
Wholesale Customers,3,42,10,300,0.0001,50,most_parsimonious,Unweighted k-means,Random 50% immutable,α = 1,1.0,172,1,0,True,2.0,2.0,1.3060572683630083,2.79934699710094,1.0,0.0,False,3.840499999569147,Optimization terminated successfully
Wholesale Customers,3,42,10,300,0.0001,50,most_parsimonious,Unweighted k-means,Random 50% immutable,α < 1,0.9753678154238276,172,1,0,True,2.0,2.0,1.3842270419787575,2.881902540314739,1.0000000000000122,1.2212453270876722e-14,True,2.583200001026853,Optimization terminated successfully
Wholesale Customers,3,42,10,300,0.0001,50,most_parsimonious,Unweighted k-means,Random 75% immutable,α = 1,1.0,172,1,0,True,1.0,1.0,1.316256205117979,2.8102557233653798,3.233024215010467,2.233024215010467,True,1.6766000007919502,Optimization terminated successfully
Wholesale Customers,3,42,10,300,0.0001,50,most_parsimonious,Unweighted k-means,Random 75% immutable,α < 1,0.9753678154238276,172,1,0,True,1.0,1.0,1.394962152612826,2.893055982119419,3.140493948325192,2.140493948325192,True,1.5444000000570668,Optimization terminated successfully
Wholesale Customers,3,42,10,300,0.0001,50,most_parsimonious,Unweighted k-means,All features mutable,α = 1,1.0,38,0,1,True,1.0,1.0,4.840263803222835,5.3890242919601885,1.5799229905909002,0.5799229905909002,True,1.8370999987382675,Optimization terminated successfully
Wholesale Customers,3,42,10,300,0.0001,50,most_parsimonious,Unweighted k-means,All features mutable,α < 1,0.9809177391988542,38,0,1,True,1.0,1.0,7.273025161199975,6.60591787469386,1.2888812027678027,0.2888812027678027,True,1.3471000002027722,Optimization terminated successfully
Wholesale Customers,3,42,10,300,0.0001,50,most_parsimonious,Unweighted k-means,Random 25% immutable,α = 1,1.0,38,0,1,True,1.0,1.0,0.013448722244663848,0.28406396017091484,6.195583967685691,5.195583967685691,True,0.9712000010040356,Optimization terminated successfully
Wholesale Customers,3,42,10,300,0.0001,50,most_parsimonious,Unweighted k-means,Random 25% immutable,α < 1,0.9809177391988542,38,0,1,True,1.0,1.0,0.020208173881738054,0.3482083331720083,5.054279147773436,4.054279147773436,True,1.0090000014315592,Optimization terminated successfully
Wholesale Customers,3,42,10,300,0.0001,50,most_parsimonious,Unweighted k-means,Random 50% immutable,α = 1,1.0,38,0,1,True,1.0,1.0,0.01859371904688745,0.33400945238319935,6.365559854538181,5.365559854538181,True,0.9501999993517529,Optimization terminated successfully
Wholesale Customers,3,42,10,300,0.0001,50,most_parsimonious,Unweighted k-means,Random 50% immutable,α < 1,0.9809177391988542,38,0,1,True,1.0,1.0,0.02793909422422503,0.40943200332332375,5.192943257656813,4.192943257656813,True,0.9595999999874039,Optimization terminated successfully
Wholesale Customers,3,42,10,300,0.0001,50,most_parsimonious,Unweighted k-means,Random 75% immutable,α = 1,1.0,38,0,1,True,1.0,1.0,3.3316498433819612,4.471006492982511,2.294792581056005,1.2947925810560048,True,1.5803999995114282,Optimization terminated successfully
Wholesale Customers,3,42,10,300,0.0001,50,most_parsimonious,Unweighted k-means,Random 75% immutable,α < 1,0.9809177391988542,38,0,1,True,1.0,1.0,5.006167871080441,5.480602815975871,1.8373365202975447,0.8373365202975447,True,1.382799999191775,Optimization terminated successfully
Wholesale Customers,3,42,10,300,0.0001,50,most_parsimonious,Unweighted k-means,All features mutable,α = 1,1.0,340,1,2,True,4.0,4.0,16.03149027372614,9.807596119455411,1.344157383735671,0.34415738373567106,True,15.077899999596411,Optimization terminated successfully
Wholesale Customers,3,42,10,300,0.0001,50,most_parsimonious,Unweighted k-means,All features mutable,α < 1,0.5479334203435323,340,1,2,True,4.0,4.0,33.85899730555224,14.2532095976069,1.0,0.0,False,9.500799998932052,Optimization terminated successfully
Wholesale Customers,3,42,10,300,0.0001,50,most_parsimonious,Unweighted k-means,Random 25% immutable,α = 1,1.0,340,1,2,True,3.0,3.0,16.0399197015884,9.810174219122226,1.3501586486439827,0.3501586486439827,True,10.4910000009113,Optimization terminated successfully
Wholesale Customers,3,42,10,300,0.0001,50,most_parsimonious,Unweighted k-means,Random 25% immutable,α < 1,0.5479334203435323,340,1,2,True,3.0,3.0,34.61045575450986,14.410507781721613,1.0000000000000042,4.218847493575595e-15,True,17.50999999967462,Optimization terminated successfully
Wholesale Customers,3,42,10,300,0.0001,50,most_parsimonious,Unweighted k-means,Random 50% immutable,α = 1,1.0,340,1,2,True,3.0,3.0,17.88063652743173,10.357790264558865,1.235316132813158,0.2353161328131581,True,14.275800000177696,Optimization terminated successfully
Wholesale Customers,3,42,10,300,0.0001,50,most_parsimonious,Unweighted k-means,Random 50% immutable,α < 1,0.5479334203435323,340,1,2,False,,,,,,,False,14.848999999230728,No feasible counterfactual found.
Wholesale Customers,3,42,10,300,0.0001,50,most_parsimonious,Unweighted k-means,Random 75% immutable,α = 1,1.0,340,1,2,False,,,,,,,False,8.496599999489263,No feasible counterfactual found.
Wholesale Customers,3,42,10,300,0.0001,50,most_parsimonious,Unweighted k-means,Random 75% immutable,α < 1,0.5479334203435323,340,1,2,False,,,,,,,False,4.334799999924144,No feasible counterfactual found.
Wholesale Customers,3,42,10,300,0.0001,50,most_parsimonious,Unweighted k-means,All features mutable,α = 1,1.0,383,1,0,True,2.0,2.0,4.04470319723706,4.92627843137417,1.0,0.0,False,2.6371000003564404,Optimization terminated successfully
Wholesale Customers,3,42,10,300,0.0001,50,most_parsimonious,Unweighted k-means,All features mutable,α < 1,0.9753678154238276,383,1,0,True,2.0,2.0,4.206086608110511,5.023596286393152,1.0,0.0,False,7.699499999944237,Optimization terminated successfully
Wholesale Customers,3,42,10,300,0.0001,50,most_parsimonious,Unweighted k-means,Random 25% immutable,α = 1,1.0,383,1,0,True,2.0,2.0,2.926463841610267,4.190320160758794,1.0,0.0,False,2.501900000424939,Optimization terminated successfully
Wholesale Customers,3,42,10,300,0.0001,50,most_parsimonious,Unweighted k-means,Random 25% immutable,α < 1,0.9753678154238276,383,1,0,True,2.0,2.0,3.043191462222435,4.273072521422333,1.0,0.0,False,7.823300000382005,Optimization terminated successfully
Wholesale Customers,3,42,10,300,0.0001,50,most_parsimonious,Unweighted k-means,Random 50% immutable,α = 1,1.0,383,1,0,True,1.0,1.0,4.055905107733555,4.933095442660858,1.983517418227595,0.983517418227595,True,1.284400001168251,Optimization terminated successfully
Wholesale Customers,3,42,10,300,0.0001,50,most_parsimonious,Unweighted k-means,Random 50% immutable,α < 1,0.9753678154238276,383,1,0,True,1.0,1.0,4.217577980122838,5.030454043198986,1.9451287403223227,0.9451287403223227,True,1.2765000010404037,Optimization terminated successfully
Wholesale Customers,3,42,10,300,0.0001,50,most_parsimonious,Unweighted k-means,Random 75% immutable,α = 1,1.0,383,1,0,True,1.0,1.0,4.055905107733555,4.933095442660858,1.983517418227595,0.983517418227595,True,1.2826000001950888,Optimization terminated successfully
Wholesale Customers,3,42,10,300,0.0001,50,most_parsimonious,Unweighted k-means,Random 75% immutable,α < 1,0.9753678154238276,383,1,0,True,1.0,1.0,4.217577980122838,5.030454043198986,1.9451287403223227,0.9451287403223227,True,1.339899999948102,Optimization terminated successfully
Wholesale Customers,3,42,10,300,0.0001,50,most_parsimonious,Unweighted k-means,All features mutable,α = 1,1.0,271,1,0,True,2.0,2.0,3.5364244068989756,4.606359347835756,1.0000000000000102,1.021405182655144e-14,True,8.835000000544824,Optimization terminated successfully
Wholesale Customers,3,42,10,300,0.0001,50,most_parsimonious,Unweighted k-means,All features mutable,α < 1,0.9753678154238276,271,1,0,True,2.0,2.0,3.687398230385874,4.703657022181278,1.0,0.0,False,5.825599999297992,Optimization terminated successfully
Wholesale Customers,3,42,10,300,0.0001,50,most_parsimonious,Unweighted k-means,Random 25% immutable,α = 1,1.0,271,1,0,True,1.0,1.0,3.5475826356442632,4.613620683786822,2.0137573696998223,1.0137573696998223,True,1.4824999998381827,Optimization terminated successfully
Wholesale Customers,3,42,10,300,0.0001,50,most_parsimonious,Unweighted k-means,Random 25% immutable,α < 1,0.9753678154238276,271,1,0,True,1.0,1.0,3.698887636223131,4.710979284324947,1.9721404175748878,0.9721404175748878,True,1.4718000002176268,Optimization terminated successfully
Wholesale Customers,3,42,10,300,0.0001,50,most_parsimonious,Unweighted k-means,Random 50% immutable,α = 1,1.0,271,1,0,True,1.0,1.0,3.5475826356442632,4.613620683786822,2.0137573696998223,1.0137573696998223,True,1.4644000002590474,Optimization terminated successfully
Wholesale Customers,3,42,10,300,0.0001,50,most_parsimonious,Unweighted k-means,Random 50% immutable,α < 1,0.9753678154238276,271,1,0,True,1.0,1.0,3.698887636223131,4.710979284324947,1.9721404175748878,0.9721404175748878,True,1.595699999597855,Optimization terminated successfully
Wholesale Customers,3,42,10,300,0.0001,50,most_parsimonious,Unweighted k-means,Random 75% immutable,α = 1,1.0,271,1,0,True,2.0,2.0,3.5364244068989756,4.606359347835756,1.0000000000000102,1.021405182655144e-14,True,8.592700000008335,Optimization terminated successfully
Wholesale Customers,3,42,10,300,0.0001,50,most_parsimonious,Unweighted k-means,Random 75% immutable,α < 1,0.9753678154238276,271,1,0,True,2.0,2.0,3.687398230385874,4.703657022181278,1.0,0.0,False,5.480800000441377,Optimization terminated successfully
Wholesale Customers,3,42,10,300,0.0001,50,most_parsimonious,Unweighted k-means,All features mutable,α = 1,1.0,257,1,2,True,4.0,4.0,13.609501856686428,9.036426901166111,1.3935594870173749,0.39355948701737486,True,20.490099999733502,Optimization terminated successfully
Wholesale Customers,3,42,10,300,0.0001,50,most_parsimonious,Unweighted k-means,All features mutable,α < 1,0.5479334203435323,257,1,2,True,4.0,4.0,29.619230720566616,13.3309933734662,1.0000000000000009,8.881784197001252e-16,True,18.28120000027411,Optimization terminated successfully
Wholesale Customers,3,42,10,300,0.0001,50,most_parsimonious,Unweighted k-means,Random 25% immutable,α = 1,1.0,257,1,2,True,3.0,3.0,13.795290279452763,9.097897651475124,1.3747916846159804,0.37479168461598045,True,11.946399999942514,Optimization terminated successfully
Wholesale Customers,3,42,10,300,0.0001,50,most_parsimonious,Unweighted k-means,Random 25% immutable,α < 1,0.5479334203435323,257,1,2,True,3.0,3.0,29.779077506521112,13.366916811259307,1.0,0.0,False,7.330099999308004,Optimization terminated successfully
Wholesale Customers,3,42,10,300,0.0001,50,most_parsimonious,Unweighted k-means,Random 50% immutable,α = 1,1.0,257,1,2,True,3.0,3.0,14.901172128102107,9.455529216739412,1.8817896499621702,0.8817896499621702,True,10.991299999659532,Optimization terminated successfully
Wholesale Customers,3,42,10,300,0.0001,50,most_parsimonious,Unweighted k-means,Random 50% immutable,α < 1,0.5479334203435323,257,1,2,True,3.0,3.0,32.39459843872486,13.941577766965588,1.2480735789031576,0.24807357890315762,True,7.999900000868365,Optimization terminated successfully
Wholesale Customers,3,42,10,300,0.0001,50,most_parsimonious,Unweighted k-means,Random 75% immutable,α = 1,1.0,257,1,2,False,,,,,,,False,13.454500000079861,No feasible counterfactual found.
Wholesale Customers,3,42,10,300,0.0001,50,most_parsimonious,Unweighted k-means,Random 75% immutable,α < 1,0.5479334203435323,257,1,2,False,,,,,,,False,2.012899998590001,No feasible counterfactual found.
Wholesale Customers,3,42,10,300,0.0001,50,most_parsimonious,Unweighted k-means,All features mutable,α = 1,1.0,296,1,0,True,2.0,2.0,3.945168170538931,4.865286119359641,2.016697718075906,1.016697718075906,True,3.367499999512802,Optimization terminated successfully
Wholesale Customers,3,42,10,300,0.0001,50,most_parsimonious,Unweighted k-means,All features mutable,α < 1,0.9753678154238276,296,1,0,True,2.0,2.0,4.104331992016511,4.96245825696288,1.9772078470934147,0.9772078470934147,True,2.3360000013781246,Optimization terminated successfully
Wholesale Customers,3,42,10,300,0.0001,50,most_parsimonious,Unweighted k-means,Random 25% immutable,α = 1,1.0,296,1,0,True,2.0,2.0,3.945168170538931,4.865286119359641,2.016697718075906,1.016697718075906,True,3.1024999989313073,Optimization terminated successfully
Wholesale Customers,3,42,10,300,0.0001,50,most_parsimonious,Unweighted k-means,Random 25% immutable,α < 1,0.9753678154238276,296,1,0,True,2.0,2.0,4.104331992016511,4.96245825696288,1.9772078470934147,0.9772078470934147,True,2.341299999898183,Optimization terminated successfully
Wholesale Customers,3,42,10,300,0.0001,50,most_parsimonious,Unweighted k-means,Random 50% immutable,α = 1,1.0,296,1,0,True,3.0,3.0,2.8298138021525565,4.1205439947797355,2.0512184450895616,1.0512184450895616,True,5.8071000003110385,Optimization terminated successfully
Wholesale Customers,3,42,10,300,0.0001,50,most_parsimonious,Unweighted k-means,Random 50% immutable,α < 1,0.9753678154238276,296,1,0,True,3.0,3.0,2.9439797792036915,4.20284173806511,2.011052600834295,1.011052600834295,True,3.4749000005831476,Optimization terminated successfully
Wholesale Customers,3,42,10,300,0.0001,50,most_parsimonious,Unweighted k-means,Random 75% immutable,α = 1,1.0,296,1,0,True,1.0,1.0,2.84899521455359,4.134485613389112,2.0374082136189604,1.0374082136189604,True,1.4616999997087987,Optimization terminated successfully
Wholesale Customers,3,42,10,300,0.0001,50,most_parsimonious,Unweighted k-means,Random 75% immutable,α < 1,0.9753678154238276,296,1,0,True,1.0,1.0,2.963935046296611,4.217061806255591,1.9975128027084588,0.9975128027084588,True,1.3866999997844687,Optimization terminated successfully
Wholesale Customers,3,42,10,300,0.0001,50,most_parsimonious,Unweighted k-means,All features mutable,α = 1,1.0,189,1,0,True,2.0,2.0,0.36825325905266504,1.4864452745782437,1.0,0.0,False,15.648300000975723,Optimization terminated successfully
Wholesale Customers,3,42,10,300,0.0001,50,most_parsimonious,Unweighted k-means,All features mutable,α < 1,0.9753678154238276,189,1,0,True,2.0,2.0,0.41802519401807925,1.583714356854946,1.0,0.0,False,2.8395999997883337,Optimization terminated successfully
Wholesale Customers,3,42,10,300,0.0001,50,most_parsimonious,Unweighted k-means,Random 25% immutable,α = 1,1.0,189,1,0,True,2.0,2.0,0.36825325905266504,1.4864452745782437,1.0,0.0,False,14.247999999497551,Optimization terminated successfully
Wholesale Customers,3,42,10,300,0.0001,50,most_parsimonious,Unweighted k-means,Random 25% immutable,α < 1,0.9753678154238276,189,1,0,True,2.0,2.0,0.41802519401807925,1.583714356854946,1.0,0.0,False,2.834400000210735,Optimization terminated successfully
Wholesale Customers,3,42,10,300,0.0001,50,most_parsimonious,Unweighted k-means,Random 50% immutable,α = 1,1.0,189,1,0,True,3.0,3.0,0.2641913422619628,1.2590266294132848,1.0,0.0,False,32.51559999989695,Optimization terminated successfully
Wholesale Customers,3,42,10,300,0.0001,50,most_parsimonious,Unweighted k-means,Random 50% immutable,α < 1,0.9753678154238276,189,1,0,True,3.0,3.0,0.29990658308013773,1.3414318836529966,1.0,0.0,False,4.8920000008365605,Optimization terminated successfully
Wholesale Customers,3,42,10,300,0.0001,50,most_parsimonious,Unweighted k-means,Random 75% immutable,α = 1,1.0,189,1,0,True,1.0,1.0,0.2672953743479396,1.266401297412332,6.759595210655923,5.759595210655923,True,1.3633999988087453,Optimization terminated successfully
Wholesale Customers,3,42,10,300,0.0001,50,most_parsimonious,Unweighted k-means,Random 75% immutable,α < 1,0.9753678154238276,189,1,0,True,1.0,1.0,0.30339080652696004,1.3492015561663722,6.344760058741923,5.344760058741923,True,1.3929000015195925,Optimization terminated successfully
Wholesale Customers,3,42,10,300,0.0001,50,most_parsimonious,Unweighted k-means,All features mutable,α = 1,1.0,392,1,0,True,2.0,2.0,3.4067935150023714,4.521145992999366,1.00000000000003,2.9976021664879227e-14,True,5.702200000087032,Optimization terminated successfully
Wholesale Customers,3,42,10,300,0.0001,50,most_parsimonious,Unweighted k-means,All features mutable,α < 1,0.9753678154238276,392,1,0,True,2.0,2.0,3.5550914820578403,4.618500719102147,1.0000000000000135,1.354472090042691e-14,True,11.326699999699485,Optimization terminated successfully
Wholesale Customers,3,42,10,300,0.0001,50,most_parsimonious,Unweighted k-means,Random 25% immutable,α = 1,1.0,392,1,0,True,2.0,2.0,2.464189272511789,3.845144423174601,1.0,0.0,False,5.552200000238372,Optimization terminated successfully
Wholesale Customers,3,42,10,300,0.0001,50,most_parsimonious,Unweighted k-means,Random 25% immutable,α < 1,0.9753678154238276,392,1,0,True,2.0,2.0,2.5714522727316704,3.927940126375404,1.0000000000000135,1.354472090042691e-14,True,11.119499999040272,Optimization terminated successfully
Wholesale Customers,3,42,10,300,0.0001,50,most_parsimonious,Unweighted k-means,Random 50% immutable,α = 1,1.0,392,1,0,True,2.0,2.0,3.4067935150023714,4.521145992999366,1.00000000000003,2.9976021664879227e-14,True,5.543999999645166,Optimization terminated successfully
Wholesale Customers,3,42,10,300,0.0001,50,most_parsimonious,Unweighted k-means,Random 50% immutable,α < 1,0.9753678154238276,392,1,0,True,2.0,2.0,3.5550914820578403,4.618500719102147,1.0000000000000135,1.354472090042691e-14,True,11.172099999384955,Optimization terminated successfully
Wholesale Customers,3,42,10,300,0.0001,50,most_parsimonious,Unweighted k-means,Random 75% immutable,α = 1,1.0,392,1,0,True,1.0,1.0,3.410325278189176,4.523488882393219,2.0786818189796104,1.0786818189796104,True,1.3887999994040001,Optimization terminated successfully
Wholesale Customers,3,42,10,300,0.0001,50,most_parsimonious,Unweighted k-means,Random 75% immutable,α < 1,0.9753678154238276,392,1,0,True,1.0,1.0,3.558705243418804,4.620847482931332,2.034885187818893,1.034885187818893,True,1.401199999236269,Optimization terminated successfully
Wholesale Customers,3,42,10,300,0.0001,50,most_parsimonious,Unweighted k-means,All features mutable,α = 1,1.0,290,1,0,True,2.0,2.0,3.604811245614477,4.6506846241910305,1.000000000000003,3.1086244689504383e-15,True,2.5579000011930475,Optimization terminated successfully
Wholesale Customers,3,42,10,300,0.0001,50,most_parsimonious,Unweighted k-means,All features mutable,α < 1,0.9753678154238276,290,1,0,True,2.0,2.0,3.7571590251373186,4.7479420964059695,1.0,0.0,False,3.05090000074415,Optimization terminated successfully
Wholesale Customers,3,42,10,300,0.0001,50,most_parsimonious,Unweighted k-means,Random 25% immutable,α = 1,1.0,290,1,0,True,1.0,1.0,3.6177508011790636,4.6590240187269245,2.077023934793193,1.0770239347931931,True,1.3621999987663003,Optimization terminated successfully
Wholesale Customers,3,42,10,300,0.0001,50,most_parsimonious,Unweighted k-means,Random 25% immutable,α < 1,0.9753678154238276,290,1,0,True,1.0,1.0,3.7705292701411137,4.756382619265053,2.034509242481306,1.034509242481306,True,1.5167000001383713,Optimization terminated successfully
Wholesale Customers,3,42,10,300,0.0001,50,most_parsimonious,Unweighted k-means,Random 50% immutable,α = 1,1.0,290,1,0,True,1.0,1.0,3.6177508011790636,4.6590240187269245,2.077023934793193,1.0770239347931931,True,1.399800001308904,Optimization terminated successfully
Wholesale Customers,3,42,10,300,0.0001,50,most_parsimonious,Unweighted k-means,Random 50% immutable,α < 1,0.9753678154238276,290,1,0,True,1.0,1.0,3.7705292701411137,4.756382619265053,2.034509242481306,1.034509242481306,True,1.511200000095414,Optimization terminated successfully
Wholesale Customers,3,42,10,300,0.0001,50,most_parsimonious,Unweighted k-means,Random 75% immutable,α = 1,1.0,290,1,0,True,1.0,1.0,3.6177508011790636,4.6590240187269245,2.077023934793193,1.0770239347931931,True,1.38150000020687,Optimization terminated successfully
Wholesale Customers,3,42,10,300,0.0001,50,most_parsimonious,Unweighted k-means,Random 75% immutable,α < 1,0.9753678154238276,290,1,0,True,1.0,1.0,3.7705292701411137,4.756382619265053,2.034509242481306,1.034509242481306,True,1.5086999992490746,Optimization terminated successfully
Wholesale Customers,3,42,10,300,0.0001,50,most_parsimonious,Unweighted k-means,All features mutable,α = 1,1.0,27,1,2,True,4.0,4.0,16.598367882506828,9.979489330373623,1.3639423368691421,0.3639423368691421,True,8.76070000049367,Optimization terminated successfully
Wholesale Customers,3,42,10,300,0.0001,50,most_parsimonious,Unweighted k-means,All features mutable,α < 1,0.5479334203435323,27,1,2,True,4.0,4.0,33.5372246003581,14.185321554414921,1.0000000000000246,2.4646951146678475e-14,True,9.127400000579655,Optimization terminated successfully
Wholesale Customers,3,42,10,300,0.0001,50,most_parsimonious,Unweighted k-means,Random 25% immutable,α = 1,1.0,27,1,2,True,2.0,2.0,17.359835446077817,10.205832287298616,1.3041146944503716,0.30411469445037165,True,5.012400000850903,Optimization terminated successfully
Wholesale Customers,3,42,10,300,0.0001,50,most_parsimonious,Unweighted k-means,Random 25% immutable,α < 1,0.5479334203435323,27,1,2,True,2.0,2.0,40.34607366763788,15.558805931234803,1.0,0.0,False,2.5740000000951113,Optimization terminated successfully
Wholesale Customers,3,42,10,300,0.0001,50,most_parsimonious,Unweighted k-means,Random 50% immutable,α = 1,1.0,27,1,2,True,3.0,3.0,18.75128337851937,10.606964705848524,1.6577334855803465,0.6577334855803465,True,8.529700000508456,Optimization terminated successfully
Wholesale Customers,3,42,10,300,0.0001,50,most_parsimonious,Unweighted k-means,Random 50% immutable,α < 1,0.5479334203435323,27,1,2,True,3.0,3.0,38.29997120606983,15.159149950984025,1.0,0.0,False,4.71560000005411,Optimization terminated successfully
Wholesale Customers,3,42,10,300,0.0001,50,most_parsimonious,Unweighted k-means,Random 75% immutable,α = 1,1.0,27,1,2,False,,,,,,,False,7.940499999676831,No feasible counterfactual found.
Wholesale Customers,3,42,10,300,0.0001,50,most_parsimonious,Unweighted k-means,Random 75% immutable,α < 1,0.5479334203435323,27,1,2,False,,,,,,,False,1.9903000011254335,No feasible counterfactual found.
Wholesale Customers,3,42,10,300,0.0001,50,most_parsimonious,Unweighted k-means,All features mutable,α = 1,1.0,307,1,2,True,4.0,4.0,15.409157994828735,9.615349602015124,1.4000294704801812,0.4000294704801812,True,36.5204999998241,Optimization terminated successfully
Wholesale Customers,3,42,10,300,0.0001,50,most_parsimonious,Unweighted k-means,All features mutable,α < 1,0.5479334203435323,307,1,2,True,4.0,4.0,31.59170859188752,13.767724995485825,1.0000000000000175,1.7541523789077473e-14,True,25.882600000841194,Optimization terminated successfully
Wholesale Customers,3,42,10,300,0.0001,50,most_parsimonious,Unweighted k-means,Random 25% immutable,α = 1,1.0,307,1,2,True,4.0,4.0,15.409157994828735,9.615349602015124,1.4000294704801812,0.4000294704801812,True,39.250300000276184,Optimization terminated successfully
Wholesale Customers,3,42,10,300,0.0001,50,most_parsimonious,Unweighted k-means,Random 25% immutable,α < 1,0.5479334203435323,307,1,2,True,4.0,4.0,31.59170859188752,13.767724995485825,1.0000000000000175,1.7541523789077473e-14,True,27.159100000062608,Optimization terminated successfully
Wholesale Customers,3,42,10,300,0.0001,50,most_parsimonious,Unweighted k-means,Random 50% immutable,α = 1,1.0,307,1,2,False,,,,,,,False,15.377100000478094,No feasible counterfactual found.
Wholesale Customers,3,42,10,300,0.0001,50,most_parsimonious,Unweighted k-means,Random 50% immutable,α < 1,0.5479334203435323,307,1,2,False,,,,,,,False,6.063499999072519,No feasible counterfactual found.
Wholesale Customers,3,42,10,300,0.0001,50,most_parsimonious,Unweighted k-means,Random 75% immutable,α = 1,1.0,307,1,2,True,1.0,1.0,18.41092767573625,10.510260037430925,1.171764682751757,0.17176468275175694,True,1.3720000006287592,Optimization terminated successfully
Wholesale Customers,3,42,10,300,0.0001,50,most_parsimonious,Unweighted k-means,Random 75% immutable,α < 1,0.5479334203435323,307,1,2,False,,,,,,,False,2.1964999996271217,No feasible counterfactual found.
Wholesale Customers,3,42,10,300,0.0001,50,most_parsimonious,Unweighted k-means,All features mutable,α = 1,1.0,186,1,2,True,4.0,4.0,15.200980965772377,9.5501772650896,1.354800481854341,0.3548004818543411,True,11.808400000518304,Optimization terminated successfully
Wholesale Customers,3,42,10,300,0.0001,50,most_parsimonious,Unweighted k-means,All features mutable,α < 1,0.5479334203435323,186,1,2,True,4.0,4.0,31.945931564714773,13.844695351949376,1.0000000000000118,1.176836406102666e-14,True,8.622600000308012,Optimization terminated successfully
Wholesale Customers,3,42,10,300,0.0001,50,most_parsimonious,Unweighted k-means,Random 25% immutable,α = 1,1.0,186,1,2,True,3.0,3.0,15.408495267756106,9.615142828192237,1.3365546825644339,0.3365546825644339,True,9.683300000688178,Optimization terminated successfully
Wholesale Customers,3,42,10,300,0.0001,50,most_parsimonious,Unweighted k-means,Random 25% immutable,α < 1,0.5479334203435323,186,1,2,True,3.0,3.0,32.37736778927853,13.937869519251183,1.0,0.0,False,7.203999999546795,Optimization terminated successfully
Wholesale Customers,3,42,10,300,0.0001,50,most_parsimonious,Unweighted k-means,Random 50% immutable,α = 1,1.0,186,1,2,True,3.0,3.0,16.55254469333796,9.965704599275847,1.838292197983331,0.8382921979833311,True,10.387399999672198,Optimization terminated successfully
Wholesale Customers,3,42,10,300,0.0001,50,most_parsimonious,Unweighted k-means,Random 50% immutable,α < 1,0.5479334203435323,186,1,2,True,3.0,3.0,34.38855093658174,14.364237035759693,1.232682981948004,0.23268298194800408,True,8.18040000012843,Optimization terminated successfully
Wholesale Customers,3,42,10,300,0.0001,50,most_parsimonious,Unweighted k-means,Random 75% immutable,α = 1,1.0,186,1,2,False,,,,,,,False,8.130000000164728,No feasible counterfactual found.
Wholesale Customers,3,42,10,300,0.0001,50,most_parsimonious,Unweighted k-means,Random 75% immutable,α < 1,0.5479334203435323,186,1,2,False,,,,,,,False,3.782199999477598,No feasible counterfactual found.
Wholesale Customers,3,42,10,300,0.0001,50,most_parsimonious,Unweighted k-means,All features mutable,α = 1,1.0,366,1,0,True,2.0,2.0,4.268847048681998,5.060936898647521,1.9142160315514438,0.9142160315514438,True,2.7007000007870374,Optimization terminated successfully
Wholesale Customers,3,42,10,300,0.0001,50,most_parsimonious,Unweighted k-means,All features mutable,α < 1,0.9753678154238276,366,1,0,True,2.0,2.0,4.4343481383086,5.158109036250746,1.8781546621806422,0.8781546621806422,True,2.7544000004127156,Optimization terminated successfully
Wholesale Customers,3,42,10,300,0.0001,50,most_parsimonious,Unweighted k-means,Random 25% immutable,α = 1,1.0,366,1,0,True,1.0,1.0,4.285245688678014,5.070648295047497,1.9068907688317271,0.9068907688317271,True,1.421900000423193,Optimization terminated successfully
Wholesale Customers,3,42,10,300,0.0001,50,most_parsimonious,Unweighted k-means,Random 25% immutable,α < 1,0.9753678154238276,366,1,0,True,1.0,1.0,4.451382545470117,5.168006895585638,1.8709674002326768,0.8709674002326768,True,1.4991999996709637,Optimization terminated successfully
Wholesale Customers,3,42,10,300,0.0001,50,most_parsimonious,Unweighted k-means,Random 50% immutable,α = 1,1.0,366,1,0,True,1.0,1.0,4.285245688678014,5.070648295047497,1.9068907688317271,0.9068907688317271,True,1.6235999992204597,Optimization terminated successfully
Wholesale Customers,3,42,10,300,0.0001,50,most_parsimonious,Unweighted k-means,Random 50% immutable,α < 1,0.9753678154238276,366,1,0,True,1.0,1.0,4.451382545470117,5.168006895585638,1.8709674002326768,0.8709674002326768,True,1.773099998899852,Optimization terminated successfully
Wholesale Customers,3,42,10,300,0.0001,50,most_parsimonious,Unweighted k-means,Random 75% immutable,α = 1,1.0,366,1,0,False,,,,,,,False,5.875400000149966,No feasible counterfactual found.
Wholesale Customers,3,42,10,300,0.0001,50,most_parsimonious,Unweighted k-means,Random 75% immutable,α < 1,0.9753678154238276,366,1,0,False,,,,,,,False,1.9913999985874398,No feasible counterfactual found.
Wholesale Customers,3,42,10,300,0.0001,50,most_parsimonious,Unweighted k-means,All features mutable,α = 1,1.0,228,1,2,True,4.0,4.0,17.410103093769862,10.220597759554927,1.3215107742836594,0.3215107742836594,True,17.16859999942244,Optimization terminated successfully
Wholesale Customers,3,42,10,300,0.0001,50,most_parsimonious,Unweighted k-means,All features mutable,α < 1,0.5479334203435323,228,1,2,True,4.0,4.0,36.21977645970088,14.741731877842755,1.0,0.0,False,21.888500001296052,Optimization terminated successfully
Wholesale Customers,3,42,10,300,0.0001,50,most_parsimonious,Unweighted k-means,Random 25% immutable,α = 1,1.0,228,1,2,True,4.0,4.0,17.410103093769862,10.220597759554927,1.3215107742836594,0.3215107742836594,True,16.943099999480182,Optimization terminated successfully
Wholesale Customers,3,42,10,300,0.0001,50,most_parsimonious,Unweighted k-means,Random 25% immutable,α < 1,0.5479334203435323,228,1,2,True,4.0,4.0,36.21977645970088,14.741731877842755,1.0,0.0,False,22.067399999286863,Optimization terminated successfully
Wholesale Customers,3,42,10,300,0.0001,50,most_parsimonious,Unweighted k-means,Random 50% immutable,α = 1,1.0,228,1,2,True,3.0,3.0,21.775294951525815,11.43030050826114,1.512075060474627,0.5120750604746269,True,10.772899999210495,Optimization terminated successfully
Wholesale Customers,3,42,10,300,0.0001,50,most_parsimonious,Unweighted k-means,Random 50% immutable,α < 1,0.5479334203435323,228,1,2,True,3.0,3.0,42.898392163017725,16.043389697258693,1.0772955592268287,0.07729555922682874,True,6.2254000004031695,Optimization terminated successfully
Wholesale Customers,3,42,10,300,0.0001,50,most_parsimonious,Unweighted k-means,Random 75% immutable,α = 1,1.0,228,1,2,False,,,,,,,False,6.0790999996243045,No feasible counterfactual found.
Wholesale Customers,3,42,10,300,0.0001,50,most_parsimonious,Unweighted k-means,Random 75% immutable,α < 1,0.5479334203435323,228,1,2,False,,,,,,,False,8.101299999907496,No feasible counterfactual found.
Wholesale Customers,3,42,10,300,0.0001,50,most_parsimonious,Unweighted k-means,All features mutable,α = 1,1.0,95,1,0,True,2.0,1.0,3.1268364647329907,4.331399172138022,2.210327664219719,1.2103276642197192,True,30.406399999264977,Optimization terminated successfully
Wholesale Customers,3,42,10,300,0.0001,50,most_parsimonious,Unweighted k-means,All features mutable,α < 1,0.9753678154238276,95,1,0,True,2.0,1.0,3.2689825681732243,4.428757772676143,2.1617374230810418,1.1617374230810418,True,2.168600000004517,Optimization terminated successfully
Wholesale Customers,3,42,10,300,0.0001,50,most_parsimonious,Unweighted k-means,Random 25% immutable,α = 1,1.0,95,1,0,True,2.0,1.0,3.1268364647329907,4.331399172138022,2.210327664219719,1.2103276642197192,True,30.616800000643707,Optimization terminated successfully
Wholesale Customers,3,42,10,300,0.0001,50,most_parsimonious,Unweighted k-means,Random 25% immutable,α < 1,0.9753678154238276,95,1,0,True,2.0,1.0,3.2689825681732243,4.428757772676143,2.1617374230810418,1.1617374230810418,True,2.1087000004627043,Optimization terminated successfully
Wholesale Customers,3,42,10,300,0.0001,50,most_parsimonious,Unweighted k-means,Random 50% immutable,α = 1,1.0,95,1,0,True,1.0,1.0,3.1268364647330005,4.331399172138029,2.2103276642197156,1.2103276642197156,True,1.3552999989769887,Optimization terminated successfully
Wholesale Customers,3,42,10,300,0.0001,50,most_parsimonious,Unweighted k-means,Random 50% immutable,α < 1,0.9753678154238276,95,1,0,True,1.0,1.0,3.268982568173206,4.42875777267613,2.161737423081048,1.161737423081048,True,1.3751000005868264,Optimization terminated successfully
Wholesale Customers,3,42,10,300,0.0001,50,most_parsimonious,Unweighted k-means,Random 75% immutable,α = 1,1.0,95,1,0,False,,,,,,,False,28.60820000023523,No feasible counterfactual found.
Wholesale Customers,3,42,10,300,0.0001,50,most_parsimonious,Unweighted k-means,Random 75% immutable,α < 1,0.9753678154238276,95,1,0,False,,,,,,,False,4.3138000000908505,No feasible counterfactual found.
Wholesale Customers,3,42,10,300,0.0001,50,most_parsimonious,Unweighted k-means,All features mutable,α = 1,1.0,396,1,2,True,4.0,4.0,12.485162187032644,8.655112542433857,1.4695622668104078,0.4695622668104078,True,16.056500000559026,Optimization terminated successfully
Wholesale Customers,3,42,10,300,0.0001,50,most_parsimonious,Unweighted k-means,All features mutable,α < 1,0.5479334203435323,396,1,2,True,4.0,4.0,27.445097201091226,12.832403641038859,1.0,0.0,False,10.33359999928507,Optimization terminated successfully
Wholesale Customers,3,42,10,300,0.0001,50,most_parsimonious,Unweighted k-means,Random 25% immutable,α = 1,1.0,396,1,2,True,3.0,3.0,12.92357545643301,8.805762473437383,1.4163123477469688,0.4163123477469688,True,7.276099999216967,Optimization terminated successfully
Wholesale Customers,3,42,10,300,0.0001,50,most_parsimonious,Unweighted k-means,Random 25% immutable,α < 1,0.5479334203435323,396,1,2,True,3.0,3.0,30.729579733056124,13.578566875717657,1.0000000000000366,3.6637359812630166e-14,True,5.686200000127428,Optimization terminated successfully
Wholesale Customers,3,42,10,300,0.0001,50,most_parsimonious,Unweighted k-means,Random 50% immutable,α = 1,1.0,396,1,2,True,3.0,3.0,14.883150999288983,9.449809839130833,1.0,0.0,False,5.196899999646121,Optimization terminated successfully
Wholesale Customers,3,42,10,300,0.0001,50,most_parsimonious,Unweighted k-means,Random 50% immutable,α < 1,0.5479334203435323,396,1,2,True,3.0,3.0,33.171364185080854,14.107734939049752,1.0000000000000002,2.220446049250313e-16,True,6.061800000679796,Optimization terminated successfully
Wholesale Customers,3,42,10,300,0.0001,50,most_parsimonious,Unweighted k-means,Random 75% immutable,α = 1,1.0,396,1,2,False,,,,,,,False,3.96550000004936,No feasible counterfactual found.
Wholesale Customers,3,42,10,300,0.0001,50,most_parsimonious,Unweighted k-means,Random 75% immutable,α < 1,0.5479334203435323,396,1,2,False,,,,,,,False,4.778200000146171,No feasible counterfactual found.
Wholesale Customers,3,42,10,300,0.0001,50,most_parsimonious,Unweighted k-means,All features mutable,α = 1,1.0,324,1,2,True,4.0,4.0,13.986686473865753,9.16079247899408,1.4394788206877742,0.4394788206877742,True,14.475099998890073,Optimization terminated successfully
Wholesale Customers,3,42,10,300,0.0001,50,most_parsimonious,Unweighted k-means,All features mutable,α < 1,0.5479334203435323,324,1,2,True,4.0,4.0,29.42651586130334,13.287554145433239,1.0,0.0,False,7.9894999998941785,Optimization terminated successfully
Wholesale Customers,3,42,10,300,0.0001,50,most_parsimonious,Unweighted k-means,Random 25% immutable,α = 1,1.0,324,1,2,True,2.0,2.0,14.628340409184545,9.368566723629996,1.376337863301671,0.37633786330167096,True,2.613500000734348,Optimization terminated successfully
Wholesale Customers,3,42,10,300,0.0001,50,most_parsimonious,Unweighted k-means,Random 25% immutable,α < 1,0.5479334203435323,324,1,2,True,2.0,2.0,31.3657973386363,13.718410404701332,1.0,0.0,False,2.6230999992549187,Optimization terminated successfully
Wholesale Customers,3,42,10,300,0.0001,50,most_parsimonious,Unweighted k-means,Random 50% immutable,α = 1,1.0,324,1,2,True,3.0,3.0,17.21151243603645,10.16213927360862,1.682718870971696,0.682718870971696,True,5.39779999962775,Optimization terminated successfully
Wholesale Customers,3,42,10,300,0.0001,50,most_parsimonious,Unweighted k-means,Random 50% immutable,α < 1,0.5479334203435323,324,1,2,True,3.0,3.0,36.20091268599377,14.73789252627263,1.1602760411048187,0.16027604110481874,True,14.52400000016496,Optimization terminated successfully
Wholesale Customers,3,42,10,300,0.0001,50,most_parsimonious,Unweighted k-means,Random 75% immutable,α = 1,1.0,324,1,2,True,2.0,2.0,16.125706573913686,9.836373287115638,1.2485368200986504,0.2485368200986504,True,2.7086999998573447,Optimization terminated successfully
Wholesale Customers,3,42,10,300,0.0001,50,most_parsimonious,Unweighted k-means,Random 75% immutable,α < 1,0.5479334203435323,324,1,2,False,,,,,,,False,6.528600000820006,No feasible counterfactual found.
Wholesale Customers,3,42,10,300,0.0001,50,most_parsimonious,Unweighted k-means,All features mutable,α = 1,1.0,303,1,2,True,4.0,4.0,17.588689395961925,10.272883547270045,1.2675447502624078,0.26754475026240776,True,28.274500000406988,Optimization terminated successfully
Wholesale Customers,3,42,10,300,0.0001,50,most_parsimonious,Unweighted k-means,All features mutable,α < 1,0.5479334203435323,303,1,2,True,4.0,4.0,39.341871439447054,15.363958755369085,1.0000000000000542,5.417888360170764e-14,True,30.533199998899363,Optimization terminated successfully
Wholesale Customers,3,42,10,300,0.0001,50,most_parsimonious,Unweighted k-means,Random 25% immutable,α = 1,1.0,303,1,2,True,4.0,4.0,20.95273879181142,11.212333956445844,1.0,0.0,False,24.312600000484963,Optimization terminated successfully
Wholesale Customers,3,42,10,300,0.0001,50,most_parsimonious,Unweighted k-means,Random 25% immutable,α < 1,0.5479334203435323,303,1,2,True,4.0,4.0,41.30876590491844,15.74333495259218,1.0,0.0,False,28.937799999766867,Optimization terminated successfully
Wholesale Customers,3,42,10,300,0.0001,50,most_parsimonious,Unweighted k-means,Random 50% immutable,α = 1,1.0,303,1,2,True,2.0,2.0,19.815525133507222,10.903813589797073,1.1510481570217488,0.15104815702174879,True,9.03919999836944,Optimization terminated successfully
Wholesale Customers,3,42,10,300,0.0001,50,most_parsimonious,Unweighted k-means,Random 50% immutable,α < 1,0.5479334203435323,303,1,2,False,,,,,,,False,22.660900000119,No feasible counterfactual found.
Wholesale Customers,3,42,10,300,0.0001,50,most_parsimonious,Unweighted k-means,Random 75% immutable,α = 1,1.0,303,1,2,False,,,,,,,False,3.6612000003515277,No feasible counterfactual found.
Wholesale Customers,3,42,10,300,0.0001,50,most_parsimonious,Unweighted k-means,Random 75% immutable,α < 1,0.5479334203435323,303,1,2,False,,,,,,,False,13.726300001508207,No feasible counterfactual found.
Wholesale Customers,3,42,10,300,0.0001,50,most_parsimonious,Unweighted k-means,All features mutable,α = 1,1.0,75,1,2,True,4.0,4.0,13.602127464191684,9.03397834761353,1.4088334576321575,0.4088334576321575,True,10.821699999723933,Optimization terminated successfully
Wholesale Customers,3,42,10,300,0.0001,50,most_parsimonious,Unweighted k-means,All features mutable,α < 1,0.5479334203435323,75,1,2,True,4.0,4.0,29.0196924111937,13.195383831748215,1.0,0.0,False,6.824699999924633,Optimization terminated successfully
Wholesale Customers,3,42,10,300,0.0001,50,most_parsimonious,Unweighted k-means,Random 25% immutable,α = 1,1.0,75,1,2,True,4.0,3.0,15.158768574851221,9.536907855752164,1.8546222353900033,0.8546222353900033,True,10.225399999399087,Optimization terminated successfully
Wholesale Customers,3,42,10,300,0.0001,50,most_parsimonious,Unweighted k-means,Random 25% immutable,α < 1,0.5479334203435323,75,1,2,True,4.0,2.0,32.837341953411304,14.036525628533147,1.2338015906421638,0.23380159064216377,True,5.447199999252916,Optimization terminated successfully
Wholesale Customers,3,42,10,300,0.0001,50,most_parsimonious,Unweighted k-means,Random 50% immutable,α = 1,1.0,75,1,2,True,3.0,2.0,15.318559088947527,9.587040968603668,1.8691402380524145,0.8691402380524145,True,4.651700000977144,Optimization terminated successfully
Wholesale Customers,3,42,10,300,0.0001,50,most_parsimonious,Unweighted k-means,Random 50% immutable,α < 1,0.5479334203435323,75,1,2,True,3.0,2.0,32.837341953411915,14.036525628533276,1.2338015906421524,0.23380159064215245,True,6.049599998732447,Optimization terminated successfully
Wholesale Customers,3,42,10,300,0.0001,50,most_parsimonious,Unweighted k-means,Random 75% immutable,α = 1,1.0,75,1,2,True,1.0,1.0,16.251879892685814,9.874779964946809,1.1791332788877542,0.1791332788877542,True,1.2771999990945915,Optimization terminated successfully
Wholesale Customers,3,42,10,300,0.0001,50,most_parsimonious,Unweighted k-means,Random 75% immutable,α < 1,0.5479334203435323,75,1,2,False,,,,,,,False,16.78399999946123,No feasible counterfactual found.
Wholesale Customers,3,42,10,300,0.0001,50,most_parsimonious,Unweighted k-means,All features mutable,α = 1,1.0,152,1,2,True,4.0,4.0,15.102220997788994,9.519103213367002,1.3703290942407549,0.3703290942407549,True,6.55920000099286,Optimization terminated successfully
Wholesale Customers,3,42,10,300,0.0001,50,most_parsimonious,Unweighted k-means,All features mutable,α < 1,0.5479334203435323,152,1,2,True,4.0,4.0,31.560998534792677,13.761031618623514,1.0000000000000242,2.4202861936828413e-14,True,10.680499999580206,Optimization terminated successfully
Wholesale Customers,3,42,10,300,0.0001,50,most_parsimonious,Unweighted k-means,Random 25% immutable,α = 1,1.0,152,1,2,True,3.0,3.0,17.145620078859494,10.142668311305313,1.2070145601417115,0.2070145601417115,True,10.815999999977066,Optimization terminated successfully
Wholesale Customers,3,42,10,300,0.0001,50,most_parsimonious,Unweighted k-means,Random 25% immutable,α < 1,0.5479334203435323,152,1,2,True,4.0,4.0,18.80848785278635,10.62313170005522,1.5770909477885833,0.5770909477885833,True,12.697699999989709,Optimization terminated successfully
Wholesale Customers,3,42,10,300,0.0001,50,most_parsimonious,Unweighted k-means,Random 50% immutable,α = 1,1.0,152,1,2,False,,,,,,,False,14.221100000213482,No feasible counterfactual found.
Wholesale Customers,3,42,10,300,0.0001,50,most_parsimonious,Unweighted k-means,Random 50% immutable,α < 1,0.5479334203435323,152,1,2,False,,,,,,,False,12.100500000087777,No feasible counterfactual found.
Wholesale Customers,3,42,10,300,0.0001,50,most_parsimonious,Unweighted k-means,Random 75% immutable,α = 1,1.0,152,1,2,False,,,,,,,False,4.350000001068111,No feasible counterfactual found.
Wholesale Customers,3,42,10,300,0.0001,50,most_parsimonious,Unweighted k-means,Random 75% immutable,α < 1,0.5479334203435323,152,1,2,False,,,,,,,False,2.269000000524102,No feasible counterfactual found.
Wholesale Customers,3,42,10,300,0.0001,50,most_parsimonious,Unweighted k-means,All features mutable,α = 1,1.0,52,1,2,True,4.0,4.0,14.10270937824683,9.198709489351264,1.4785610489153918,0.47856104891539175,True,5.479500001456472,Optimization terminated successfully
Wholesale Customers,3,42,10,300,0.0001,50,most_parsimonious,Unweighted k-means,All features mutable,α < 1,0.5479334203435323,52,1,2,True,4.0,4.0,29.634527803317166,13.33443537686928,1.007620701962128,0.00762070196212794,True,16.715699999622302,Optimization terminated successfully
Wholesale Customers,3,42,10,300,0.0001,50,most_parsimonious,Unweighted k-means,Random 25% immutable,α = 1,1.0,52,1,2,True,3.0,3.0,16.010869998352,9.80128664972676,1.302347505719591,0.302347505719591,True,11.37899999957881,Optimization terminated successfully
Wholesale Customers,3,42,10,300,0.0001,50,most_parsimonious,Unweighted k-means,Random 25% immutable,α < 1,0.5479334203435323,52,1,2,True,4.0,4.0,17.935521245366175,10.37367473329471,1.683921615361091,0.683921615361091,True,18.95900000090478,Optimization terminated successfully
Wholesale Customers,3,42,10,300,0.0001,50,most_parsimonious,Unweighted k-means,Random 50% immutable,α = 1,1.0,52,1,2,True,3.0,3.0,18.020191677436582,10.39813204689282,1.6074499432317173,0.6074499432317173,True,12.033200000587385,Optimization terminated successfully
Wholesale Customers,3,42,10,300,0.0001,50,most_parsimonious,Unweighted k-means,Random 50% immutable,α < 1,0.5479334203435323,52,1,2,True,3.0,3.0,37.80587919957366,15.061051596666216,1.1093565727874397,0.10935657278743971,True,9.328699999969103,Optimization terminated successfully
Wholesale Customers,3,42,10,300,0.0001,50,most_parsimonious,Unweighted k-means,Random 75% immutable,α = 1,1.0,52,1,2,True,2.0,2.0,16.33879645953459,9.90115037544666,1.7097007156597632,0.7097007156597632,True,18.357999999352614,Optimization terminated successfully
Wholesale Customers,3,42,10,300,0.0001,50,most_parsimonious,Unweighted k-means,Random 75% immutable,α < 1,0.5479334203435323,52,1,2,True,2.0,2.0,35.337822444359304,14.56114468941765,1.1543867530902023,0.15438675309020233,True,3.4111999993911013,Optimization terminated successfully
Wholesale Customers,3,42,10,300,0.0001,50,most_parsimonious,Unweighted k-means,All features mutable,α = 1,1.0,37,1,2,True,4.0,4.0,14.271225556758198,9.253504921949801,1.3766911568419282,0.3766911568419282,True,13.979400000607711,Optimization terminated successfully
Wholesale Customers,3,42,10,300,0.0001,50,most_parsimonious,Unweighted k-means,All features mutable,α < 1,0.5479334203435323,37,1,2,True,4.0,4.0,30.908003842378058,13.617930204486596,1.0000000000000113,1.1324274851176597e-14,True,12.522200000603334,Optimization terminated successfully
Wholesale Customers,3,42,10,300,0.0001,50,most_parsimonious,Unweighted k-means,Random 25% immutable,α = 1,1.0,37,1,2,True,2.0,2.0,14.84221790306021,9.436805996647449,1.3111736682961201,0.31117366829612014,True,4.771699999764678,Optimization terminated successfully
Wholesale Customers,3,42,10,300,0.0001,50,most_parsimonious,Unweighted k-means,Random 25% immutable,α < 1,0.5479334203435323,37,1,2,True,3.0,3.0,36.420713398710575,14.782566772799083,1.0,0.0,False,12.072899999111542,Optimization terminated successfully
Wholesale Customers,3,42,10,300,0.0001,50,most_parsimonious,Unweighted k-means,Random 50% immutable,α = 1,1.0,37,1,2,True,3.0,3.0,14.79486275421368,9.421739570020076,1.3262662029414503,0.32626620294145026,True,7.596400000693393,Optimization terminated successfully
Wholesale Customers,3,42,10,300,0.0001,50,most_parsimonious,Unweighted k-means,Random 50% immutable,α < 1,0.5479334203435323,37,1,2,False,,,,,,,False,6.781000000046333,No feasible counterfactual found.
Wholesale Customers,3,42,10,300,0.0001,50,most_parsimonious,Unweighted k-means,Random 75% immutable,α = 1,1.0,37,1,2,True,2.0,2.0,17.736812844625586,10.31604948940017,1.6649823479428818,0.6649823479428818,True,6.080999999539927,Optimization terminated successfully
Wholesale Customers,3,42,10,300,0.0001,50,most_parsimonious,Unweighted k-means,Random 75% immutable,α < 1,0.5479334203435323,37,1,2,True,2.0,2.0,37.19213382340481,14.938299867803861,1.1497988685532348,0.14979886855323477,True,2.952000000732369,Optimization terminated successfully
Wholesale Customers,3,42,10,300,0.0001,50,most_parsimonious,Unweighted k-means,All features mutable,α = 1,1.0,354,1,0,True,2.0,2.0,2.6067397319861296,3.9547994123490993,2.27173639734696,1.27173639734696,True,3.9543000002595363,Optimization terminated successfully
Wholesale Customers,3,42,10,300,0.0001,50,most_parsimonious,Unweighted k-means,All features mutable,α < 1,0.9753678154238276,354,1,0,True,2.0,2.0,2.7364122402705475,4.051971549952354,2.217256868995946,1.2172568689959462,True,3.41620000108378,Optimization terminated successfully
Wholesale Customers,3,42,10,300,0.0001,50,most_parsimonious,Unweighted k-means,Random 25% immutable,α = 1,1.0,354,1,0,True,2.0,2.0,2.6067397319861296,3.9547994123490993,2.27173639734696,1.27173639734696,True,3.8306999995256774,Optimization terminated successfully
Wholesale Customers,3,42,10,300,0.0001,50,most_parsimonious,Unweighted k-means,Random 25% immutable,α < 1,0.9753678154238276,354,1,0,True,2.0,2.0,2.7364122402705475,4.051971549952354,2.217256868995946,1.2172568689959462,True,3.0692000000271946,Optimization terminated successfully
Wholesale Customers,3,42,10,300,0.0001,50,most_parsimonious,Unweighted k-means,Random 50% immutable,α = 1,1.0,354,1,0,True,1.0,1.0,1.8926815407260094,3.3698797076981926,2.820798686486148,1.8207986864861478,True,1.298399998631794,Optimization terminated successfully
Wholesale Customers,3,42,10,300,0.0001,50,most_parsimonious,Unweighted k-means,Random 50% immutable,α < 1,0.9753678154238276,354,1,0,True,1.0,1.0,1.9868331584567678,3.452679966452235,2.753151854632771,1.7531518546327711,True,1.2888999990536831,Optimization terminated successfully
Wholesale Customers,3,42,10,300,0.0001,50,most_parsimonious,Unweighted k-means,Random 75% immutable,α = 1,1.0,354,1,0,True,2.0,2.0,1.8874372771846615,3.3652078187101564,2.8286363061674895,1.8286363061674895,True,4.376500000944361,Optimization terminated successfully
Wholesale Customers,3,42,10,300,0.0001,50,most_parsimonious,Unweighted k-means,Random 75% immutable,α < 1,0.9753678154238276,354,1,0,True,2.0,2.0,1.9813280185420732,3.4478932859432354,2.7608015115306497,1.7608015115306497,True,3.3827000006567687,Optimization terminated successfully
