dataset,n_clusters,seed,n_init,max_iter,tol,n_factuals,solution_type,cf_mode,mask_scenario,alpha_case,alpha,factual_idx,source_cluster,target_cluster,feasible,rank_step,changed_features,weighted_squared_distance,euclidean_distance,rho,tau,positive_tau,runtime_ms,solver_message
Iris,3,42,10,300,0.0001,50,least_cost,Unweighted k-means,All features mutable,α = 1,1.0,51,2,0,True,,4.0,0.02036516986281456,0.2854131732265668,13.031982040990826,12.031982040990826,True,1.2984000000244578,Optimization terminated successfully
Iris,3,42,10,300,0.0001,50,least_cost,Unweighted k-means,All features mutable,α < 1,0.9838316312572207,51,2,0,True,,4.0,0.02252236227014548,0.30014904477706056,12.126766559900313,11.126766559900313,True,1.1598000000105912,Optimization terminated successfully
Iris,3,42,10,300,0.0001,50,least_cost,Unweighted k-means,Random 25% immutable,α = 1,1.0,51,2,0,True,,3.0,0.024320647260166126,0.3119015694745131,11.47178404023662,10.47178404023662,True,1.1875999999801934,Optimization terminated successfully
Iris,3,42,10,300,0.0001,50,least_cost,Unweighted k-means,Random 25% immutable,α < 1,0.9838316312572207,51,2,0,True,,3.0,0.026896825900679183,0.3280050359410915,10.90857472956156,9.90857472956156,True,1.094000000023243,Optimization terminated successfully
Iris,3,42,10,300,0.0001,50,least_cost,Unweighted k-means,Random 50% immutable,α = 1,1.0,51,2,0,True,,2.0,0.04920492790583782,0.4436436764153765,7.51362356238217,6.51362356238217,True,1.1434000000178912,Optimization terminated successfully
Iris,3,42,10,300,0.0001,50,least_cost,Unweighted k-means,Random 50% immutable,α < 1,0.9838316312572207,51,2,0,True,,2.0,0.05441698837951699,0.46654898297828057,7.1447408590375545,6.1447408590375545,True,1.0886999999968339,Optimization terminated successfully
Iris,3,42,10,300,0.0001,50,least_cost,Unweighted k-means,Random 75% immutable,α = 1,1.0,51,2,0,True,,1.0,0.04809042684848347,0.43859059200344674,5.801595669650572,4.801595669650572,True,0.9897999999850526,Optimization terminated successfully
Iris,3,42,10,300,0.0001,50,least_cost,Unweighted k-means,Random 75% immutable,α < 1,0.9838316312572207,51,2,0,True,,1.0,0.053184433152465835,0.4612350080055322,5.516765282669432,4.516765282669432,True,1.0465999999951237,Optimization terminated successfully
Iris,3,42,10,300,0.0001,50,least_cost,Unweighted k-means,All features mutable,α = 1,1.0,60,0,2,True,,4.0,1.9239943974242595,2.7741625023954595,1.762722551385125,0.762722551385125,True,2.0330999999771393,Optimization terminated successfully
Iris,3,42,10,300,0.0001,50,least_cost,Unweighted k-means,All features mutable,α < 1,0.9568464819465536,60,0,2,True,,4.0,1.9789352548424943,2.8134926727059337,1.7380812012300917,0.7380812012300917,True,1.629600000001119,Optimization terminated successfully
Iris,3,42,10,300,0.0001,50,least_cost,Unweighted k-means,Random 25% immutable,α = 1,1.0,60,0,2,True,,3.0,2.6992763068415404,3.2858948898840574,1.256436138549093,0.256436138549093,True,1.7728999999917505,Optimization terminated successfully
Iris,3,42,10,300,0.0001,50,least_cost,Unweighted k-means,Random 25% immutable,α < 1,0.9568464819465536,60,0,2,True,,3.0,2.7763558216806445,3.3324800504613044,1.2388722539935624,0.23887225399356238,True,1.5643000000125085,Optimization terminated successfully
Iris,3,42,10,300,0.0001,50,least_cost,Unweighted k-means,Random 50% immutable,α = 1,1.0,60,0,2,True,,2.0,2.707201189096728,3.290714930890689,1.3833183784802676,0.3833183784802676,True,1.582700000000159,Optimization terminated successfully
Iris,3,42,10,300,0.0001,50,least_cost,Unweighted k-means,Random 50% immutable,α < 1,0.9568464819465536,60,0,2,True,,2.0,2.7845070038806656,3.3373684266982964,1.3639807926612677,0.3639807926612677,True,1.4219999999909305,Optimization terminated successfully
Iris,3,42,10,300,0.0001,50,least_cost,Unweighted k-means,Random 75% immutable,α = 1,1.0,60,0,2,False,,,,,,,False,2.3484000000166816,Positive directional derivative for linesearch
Iris,3,42,10,300,0.0001,50,least_cost,Unweighted k-means,Random 75% immutable,α < 1,0.9568464819465536,60,0,2,False,,,,,,,False,9.831099999985327,Positive directional derivative for linesearch
Iris,3,42,10,300,0.0001,50,least_cost,Unweighted k-means,All features mutable,α = 1,1.0,54,0,1,True,,4.0,0.7515692854568381,1.7338619154440622,2.070713121023774,1.0707131210237741,True,1.7994000000101096,Optimization terminated successfully
Iris,3,42,10,300,0.0001,50,least_cost,Unweighted k-means,All features mutable,α < 1,0.8507238734290548,54,0,1,True,,4.0,0.9581091841710688,1.9576610372289365,1.8339899267240538,0.8339899267240538,True,1.6006000000174936,Optimization terminated successfully
Iris,3,42,10,300,0.0001,50,least_cost,Unweighted k-means,Random 25% immutable,α = 1,1.0,54,0,1,True,,3.0,1.1218192633783342,2.118319393649913,1.3872862002579383,0.38728620025793825,True,2.0358999999814387,Optimization terminated successfully
Iris,3,42,10,300,0.0001,50,least_cost,Unweighted k-means,Random 25% immutable,α < 1,0.8507238734290548,54,0,1,True,,3.0,1.4301081217940856,2.391742562897676,1.2286921297893354,0.2286921297893354,True,1.7183000000215998,Optimization terminated successfully
Iris,3,42,10,300,0.0001,50,least_cost,Unweighted k-means,Random 50% immutable,α = 1,1.0,54,0,1,True,,2.0,1.7628436471328173,2.6554424468497277,1.6830298926185832,0.6830298926185832,True,1.3807999999926324,Optimization terminated successfully
Iris,3,42,10,300,0.0001,50,least_cost,Unweighted k-means,Random 50% immutable,α < 1,0.8507238734290548,54,0,1,True,,2.0,2.3436305224175547,3.061784135054302,1.2755782355358627,0.2755782355358627,True,1.3897999999983313,Optimization terminated successfully
Iris,3,42,10,300,0.0001,50,least_cost,Unweighted k-means,Random 75% immutable,α = 1,1.0,54,0,1,False,,,,,,,False,2.3548000000062075,Positive directional derivative for linesearch
Iris,3,42,10,300,0.0001,50,least_cost,Unweighted k-means,Random 75% immutable,α < 1,0.8507238734290548,54,0,1,False,,,,,,,False,5.823800000001711,Positive directional derivative for linesearch
Iris,3,42,10,300,0.0001,50,least_cost,Unweighted k-means,All features mutable,α = 1,1.0,9,1,2,True,,4.0,1.4692310338669603,2.424236815054965,2.2599171505824964,1.2599171505824964,True,1.5635999999972228,Optimization terminated successfully
Iris,3,42,10,300,0.0001,50,least_cost,Unweighted k-means,All features mutable,α < 1,0.9568464819465536,9,1,2,True,,4.0,1.5382273455150512,2.48050587220837,2.210394598844778,1.2103945988447782,True,1.5474999999867123,Optimization terminated successfully
Iris,3,42,10,300,0.0001,50,least_cost,Unweighted k-means,Random 25% immutable,α = 1,1.0,9,1,2,True,,3.0,1.9121120571212422,2.765582800873076,1.7411384123537574,0.7411384123537574,True,1.4430000000231757,Optimization terminated successfully
Iris,3,42,10,300,0.0001,50,least_cost,Unweighted k-means,Random 25% immutable,α < 1,0.9568464819465536,9,1,2,True,,3.0,2.024312681474698,2.845566854933968,1.6933886491739119,0.6933886491739119,True,1.4581000000077893,Optimization terminated successfully
Iris,3,42,10,300,0.0001,50,least_cost,Unweighted k-means,Random 50% immutable,α = 1,1.0,9,1,2,False,,,,,,,False,2.8028000000119846,Positive directional derivative for linesearch
Iris,3,42,10,300,0.0001,50,least_cost,Unweighted k-means,Random 50% immutable,α < 1,0.9568464819465536,9,1,2,False,,,,,,,False,4.386499999981197,Positive directional derivative for linesearch
Iris,3,42,10,300,0.0001,50,least_cost,Unweighted k-means,Random 75% immutable,α = 1,1.0,9,1,2,False,,,,,,,False,2.8042000000141343,Positive directional derivative for linesearch
Iris,3,42,10,300,0.0001,50,least_cost,Unweighted k-means,Random 75% immutable,α < 1,0.9568464819465536,9,1,2,False,,,,,,,False,3.4768000000156007,Positive directional derivative for linesearch
Iris,3,42,10,300,0.0001,50,least_cost,Unweighted k-means,All features mutable,α = 1,1.0,116,2,0,True,,4.0,0.057045067681219044,0.47768218589861206,8.575439929560016,7.575439929560016,True,1.3442999999995209,Optimization terminated successfully
Iris,3,42,10,300,0.0001,50,least_cost,Unweighted k-means,All features mutable,α < 1,0.9838316312572207,116,2,0,True,,4.0,0.06061888581013178,0.4924180573867363,8.318815360248365,7.318815360248365,True,1.2118999999870539,Optimization terminated successfully
Iris,3,42,10,300,0.0001,50,least_cost,Unweighted k-means,Random 25% immutable,α = 1,1.0,116,2,0,True,,3.0,0.06812479237263008,0.5220145299611116,7.180741910081959,6.180741910081959,True,1.1369999999999436,Optimization terminated successfully
Iris,3,42,10,300,0.0001,50,least_cost,Unweighted k-means,Random 25% immutable,α < 1,0.9838316312572207,116,2,0,True,,3.0,0.07239274450076619,0.5381179963568072,6.965854393920758,5.965854393920758,True,1.2150999999960277,Optimization terminated successfully
Iris,3,42,10,300,0.0001,50,least_cost,Unweighted k-means,Random 50% immutable,α = 1,1.0,116,2,0,True,,2.0,0.19717969341011873,0.8880984031291098,2.9347434568744215,1.9347434568744215,True,1.4089000000012675,Optimization terminated successfully
Iris,3,42,10,300,0.0001,50,least_cost,Unweighted k-means,Random 50% immutable,α < 1,0.9838316312572207,116,2,0,True,,2.0,0.20953280984255923,0.9154950788345271,2.811570535589341,1.811570535589341,True,1.597700000019131,Optimization terminated successfully
Iris,3,42,10,300,0.0001,50,least_cost,Unweighted k-means,Random 75% immutable,α = 1,1.0,116,2,0,True,,1.0,0.3507472883941085,1.1844784310304828,1.8869406413630454,0.8869406413630454,True,1.2777000000028238,Optimization terminated successfully
Iris,3,42,10,300,0.0001,50,least_cost,Unweighted k-means,Random 75% immutable,α < 1,0.9838316312572207,116,2,0,True,,1.0,0.37272126561742874,1.2210180434660722,1.830472942058089,0.830472942058089,True,1.2609000000054493,Optimization terminated successfully
Iris,3,42,10,300,0.0001,50,least_cost,Unweighted k-means,All features mutable,α = 1,1.0,141,2,0,True,,4.0,0.30318709274981304,1.10124855096352,4.312907105858016,3.3129071058580157,True,1.595799999989822,Optimization terminated successfully
Iris,3,42,10,300,0.0001,50,least_cost,Unweighted k-means,All features mutable,α < 1,0.9838316312572207,141,2,0,True,,4.0,0.31135530778868215,1.1159844224516435,4.2559578739014015,3.2559578739014015,True,1.57849999999371,Optimization terminated successfully
Iris,3,42,10,300,0.0001,50,least_cost,Unweighted k-means,Random 25% immutable,α = 1,1.0,141,2,0,True,,3.0,0.36207438404779757,1.2034523406397073,3.6114616648717015,2.6114616648717015,True,1.7029999999920165,Optimization terminated successfully
Iris,3,42,10,300,0.0001,50,least_cost,Unweighted k-means,Random 25% immutable,α < 1,0.9838316312572207,141,2,0,True,,3.0,0.3718290916184437,1.2195558070354036,3.563774603913639,2.563774603913639,True,1.6506000000049426,Optimization terminated successfully
Iris,3,42,10,300,0.0001,50,least_cost,Unweighted k-means,Random 50% immutable,α = 1,1.0,141,2,0,True,,2.0,0.7325398839053026,1.7117708770805777,1.7850465069598307,0.7850465069598307,True,1.4090999999893938,Optimization terminated successfully
Iris,3,42,10,300,0.0001,50,least_cost,Unweighted k-means,Random 50% immutable,α < 1,0.9838316312572207,141,2,0,True,,2.0,0.7522753655249786,1.7346761836434819,1.7614760995194185,0.7614760995194185,True,1.4002000000061798,Optimization terminated successfully
Iris,3,42,10,300,0.0001,50,least_cost,Unweighted k-means,Random 75% immutable,α = 1,1.0,141,2,0,False,,,,,,,False,3.744599999976117,Positive directional derivative for linesearch
Iris,3,42,10,300,0.0001,50,least_cost,Unweighted k-means,Random 75% immutable,α < 1,0.9838316312572207,141,2,0,False,,,,,,,False,3.7649000000214983,Positive directional derivative for linesearch
Iris,3,42,10,300,0.0001,50,least_cost,Unweighted k-means,All features mutable,α = 1,1.0,81,0,2,True,,4.0,0.8495067785127794,1.8433738400148565,2.424211988682543,1.424211988682543,True,2.344399999998359,Optimization terminated successfully
Iris,3,42,10,300,0.0001,50,least_cost,Unweighted k-means,All features mutable,α < 1,0.9568464819465536,81,0,2,True,,4.0,0.8861435976237682,1.8827040103253279,2.373569564799534,1.373569564799534,True,2.164399999998068,Optimization terminated successfully
Iris,3,42,10,300,0.0001,50,least_cost,Unweighted k-means,Random 25% immutable,α = 1,1.0,81,0,2,True,,3.0,1.0145044130498686,2.014452196553563,2.029941413801757,1.0299414138017569,True,1.4866999999867403,Optimization terminated successfully
Iris,3,42,10,300,0.0001,50,least_cost,Unweighted k-means,Random 25% immutable,α < 1,0.9568464819465536,81,0,2,True,,3.0,1.0582571123906266,2.0574324896731135,1.9875354214322083,0.9875354214322083,True,1.4667000000088137,Optimization terminated successfully
Iris,3,42,10,300,0.0001,50,least_cost,Unweighted k-means,Random 50% immutable,α = 1,1.0,81,0,2,True,,2.0,1.5441565473594618,2.4852819134733686,1.3336630502022622,0.33366305020226217,True,1.3657000000080188,Optimization terminated successfully
Iris,3,42,10,300,0.0001,50,least_cost,Unweighted k-means,Random 50% immutable,α < 1,0.9568464819465536,81,0,2,True,,2.0,1.6107516417549501,2.538307815655895,1.305802478803592,0.305802478803592,True,1.5363999999919997,Optimization terminated successfully
Iris,3,42,10,300,0.0001,50,least_cost,Unweighted k-means,Random 75% immutable,α = 1,1.0,81,0,2,False,,,,,,,False,6.640099999998483,Positive directional derivative for linesearch
Iris,3,42,10,300,0.0001,50,least_cost,Unweighted k-means,Random 75% immutable,α < 1,0.9568464819465536,81,0,2,False,,,,,,,False,0.9685999999931028,Positive directional derivative for linesearch
Iris,3,42,10,300,0.0001,50,least_cost,Unweighted k-means,All features mutable,α = 1,1.0,100,2,0,True,,4.0,0.3389383576774071,1.1643682539083708,3.198250059966498,2.198250059966498,True,1.6584999999906813,Optimization terminated successfully
Iris,3,42,10,300,0.0001,50,least_cost,Unweighted k-means,All features mutable,α < 1,0.9838316312572207,100,2,0,True,,4.0,0.34757163463175905,1.1791041253964962,3.158279872232342,2.158279872232342,True,1.7917999999781387,Optimization terminated successfully
Iris,3,42,10,300,0.0001,50,least_cost,Unweighted k-means,Random 25% immutable,α = 1,1.0,100,2,0,True,,3.0,0.5879004202385372,1.5334932934167493,2.7792826438128206,1.7792826438128206,True,1.5774000000021715,Optimization terminated successfully
Iris,3,42,10,300,0.0001,50,least_cost,Unweighted k-means,Random 25% immutable,α < 1,0.9838316312572207,100,2,0,True,,3.0,0.6028751406693512,1.552900693115115,2.7445485092748054,1.7445485092748054,True,1.5131999999766776,Optimization terminated successfully
Iris,3,42,10,300,0.0001,50,least_cost,Unweighted k-means,Random 50% immutable,α = 1,1.0,100,2,0,True,,2.0,0.8189196411106643,1.809883577593503,1.9952402545855,0.9952402545854999,True,1.3644999999939955,Optimization terminated successfully
Iris,3,42,10,300,0.0001,50,least_cost,Unweighted k-means,Random 50% immutable,α < 1,0.9838316312572207,100,2,0,True,,2.0,0.839778773471821,1.832788884156406,1.9703047126207363,0.9703047126207363,True,1.3577999999938584,Optimization terminated successfully
Iris,3,42,10,300,0.0001,50,least_cost,Unweighted k-means,Random 75% immutable,α = 1,1.0,100,2,0,True,,1.0,0.8003709515564518,1.7892690703820393,1.3543840046123403,0.3543840046123403,True,1.2346999999977015,Optimization terminated successfully
Iris,3,42,10,300,0.0001,50,least_cost,Unweighted k-means,Random 75% immutable,α < 1,0.9838316312572207,100,2,0,True,,1.0,0.8207576205022581,1.8119134863477981,1.3374575702053473,0.3374575702053473,True,1.230899999995927,Optimization terminated successfully
Iris,3,42,10,300,0.0001,50,least_cost,Unweighted k-means,All features mutable,α = 1,1.0,38,1,2,True,,4.0,2.109539155118077,2.9048505332413073,2.203728959560694,1.203728959560694,True,1.5700999999808118,Optimization terminated successfully
Iris,3,42,10,300,0.0001,50,least_cost,Unweighted k-means,All features mutable,α < 1,0.9568464819465536,38,1,2,True,,4.0,2.1843955433191304,2.955940150489607,2.1632198574477104,1.1632198574477104,True,1.5723000000207321,Optimization terminated successfully
Iris,3,42,10,300,0.0001,50,least_cost,Unweighted k-means,Random 25% immutable,α = 1,1.0,38,1,2,True,,3.0,2.765529350982303,3.32597615805183,1.6637511640973435,0.6637511640973435,True,1.7387000000042008,Optimization terminated successfully
Iris,3,42,10,300,0.0001,50,least_cost,Unweighted k-means,Random 25% immutable,α < 1,0.9568464819465536,38,1,2,True,,3.0,2.8895763816718114,3.3997508036159423,1.626092891074589,0.6260928910745891,True,1.5057999999896765,Optimization terminated successfully
Iris,3,42,10,300,0.0001,50,least_cost,Unweighted k-means,Random 50% immutable,α = 1,1.0,38,1,2,False,,,,,,,False,1.092999999997346,Positive directional derivative for linesearch
Iris,3,42,10,300,0.0001,50,least_cost,Unweighted k-means,Random 50% immutable,α < 1,0.9568464819465536,38,1,2,False,,,,,,,False,1.0355999999944743,Positive directional derivative for linesearch
Iris,3,42,10,300,0.0001,50,least_cost,Unweighted k-means,Random 75% immutable,α = 1,1.0,38,1,2,False,,,,,,,False,4.012299999999414,Positive directional derivative for linesearch
Iris,3,42,10,300,0.0001,50,least_cost,Unweighted k-means,Random 75% immutable,α < 1,0.9568464819465536,38,1,2,False,,,,,,,False,7.124799999985498,Positive directional derivative for linesearch
Iris,3,42,10,300,0.0001,50,least_cost,Unweighted k-means,All features mutable,α = 1,1.0,65,2,0,True,,4.0,0.026355656969922522,0.3246885090046922,12.985072355366682,11.985072355366682,True,1.4287999999851309,Optimization terminated successfully
Iris,3,42,10,300,0.0001,50,least_cost,Unweighted k-means,All features mutable,α < 1,0.9838316312572207,65,2,0,True,,4.0,0.028802227521541816,0.3394243805123127,12.186637354211264,11.186637354211264,True,1.1475000000018554,Optimization terminated successfully
Iris,3,42,10,300,0.0001,50,least_cost,Unweighted k-means,Random 25% immutable,α = 1,1.0,65,2,0,True,,3.0,0.03017822142508386,0.3474375997216413,11.399379765968147,10.399379765968147,True,1.080599999994547,Optimization terminated successfully
Iris,3,42,10,300,0.0001,50,least_cost,Unweighted k-means,Random 25% immutable,α < 1,0.9838316312572207,65,2,0,True,,3.0,0.0329796369968192,0.36320593055080586,10.904483688723602,9.904483688723602,True,1.1239000000102806,Optimization terminated successfully
Iris,3,42,10,300,0.0001,50,least_cost,Unweighted k-means,Random 50% immutable,α = 1,1.0,65,2,0,True,,2.0,0.044966680837728465,0.42410697158961425,5.566392875060908,4.566392875060908,True,1.0958000000016455,Optimization terminated successfully
Iris,3,42,10,300,0.0001,50,least_cost,Unweighted k-means,Random 50% immutable,α < 1,0.9838316312572207,65,2,0,True,,2.0,0.0491408950213172,0.4433549143578639,5.224122705115418,4.224122705115418,True,0.9825999999861779,Optimization terminated successfully
Iris,3,42,10,300,0.0001,50,least_cost,Unweighted k-means,Random 75% immutable,α = 1,1.0,65,2,0,True,,1.0,0.20807153536751724,0.9122971782648837,2.1193027685472146,1.1193027685472146,True,0.9269999999901302,Optimization terminated successfully
Iris,3,42,10,300,0.0001,50,least_cost,Unweighted k-means,Random 75% immutable,α < 1,0.9838316312572207,65,2,0,True,,1.0,0.22738661795647802,0.9537014584375512,2.0272947247057,1.0272947247056998,True,0.9608999999954904,Optimization terminated successfully
Iris,3,42,10,300,0.0001,50,least_cost,Unweighted k-means,All features mutable,α = 1,1.0,143,2,1,True,,4.0,1.388790404736991,2.356939035899733,2.023652359470833,1.0236523594708329,True,1.5941000000054828,Optimization terminated successfully
Iris,3,42,10,300,0.0001,50,least_cost,Unweighted k-means,All features mutable,α < 1,0.8507238734290548,143,2,1,True,,4.0,1.7359387068757324,2.635100534610194,1.8063100507932608,0.8063100507932608,True,2.2505000000023756,Optimization terminated successfully
Iris,3,42,10,300,0.0001,50,least_cost,Unweighted k-means,Random 25% immutable,α = 1,1.0,143,2,1,True,,3.0,1.915426547160107,2.7679787189645135,1.4951577121943298,0.4951577121943298,True,1.6523000000177035,Optimization terminated successfully
Iris,3,42,10,300,0.0001,50,least_cost,Unweighted k-means,Random 25% immutable,α < 1,0.8507238734290548,143,2,1,True,,3.0,2.312531361405287,3.0414018882122678,1.3607424749070496,0.3607424749070496,True,1.4730000000042764,Optimization terminated successfully
Iris,3,42,10,300,0.0001,50,least_cost,Unweighted k-means,Random 50% immutable,α = 1,1.0,143,2,1,True,,2.0,3.5724844517623238,3.7802034081579916,1.0,0.0,False,1.426600000002054,Optimization terminated successfully
Iris,3,42,10,300,0.0001,50,least_cost,Unweighted k-means,Random 50% immutable,α < 1,0.8507238734290548,143,2,1,False,,,,,,,False,1.9863999999927273,Positive directional derivative for linesearch
Iris,3,42,10,300,0.0001,50,least_cost,Unweighted k-means,Random 75% immutable,α = 1,1.0,143,2,1,False,,,,,,,False,8.49250000001689,Positive directional derivative for linesearch
Iris,3,42,10,300,0.0001,50,least_cost,Unweighted k-means,Random 75% immutable,α < 1,0.8507238734290548,143,2,1,False,,,,,,,False,7.1159999999963475,Positive directional derivative for linesearch
Iris,3,42,10,300,0.0001,50,least_cost,Unweighted k-means,All features mutable,α = 1,1.0,101,0,2,True,,4.0,0.056227696860563725,0.4742476014090687,4.124494145664275,3.1244941456642747,True,1.232700000002751,Optimization terminated successfully
Iris,3,42,10,300,0.0001,50,least_cost,Unweighted k-means,All features mutable,α < 1,0.9568464819465536,101,0,2,True,,4.0,0.06594053189781639,0.513577771706745,3.8086372945592766,2.8086372945592766,True,1.2074999999924785,Optimization terminated successfully
Iris,3,42,10,300,0.0001,50,least_cost,Unweighted k-means,Random 25% immutable,α = 1,1.0,101,0,2,True,,3.0,0.07888489172903543,0.5617290867634875,2.93986340250132,1.9398634025013202,True,1.1877999999967415,Optimization terminated successfully
Iris,3,42,10,300,0.0001,50,least_cost,Unweighted k-means,Random 25% immutable,α < 1,0.9568464819465536,101,0,2,True,,3.0,0.09251155586567465,0.6083142472955064,2.7147264613368507,1.7147264613368507,True,1.2613000000101238,Optimization terminated successfully
Iris,3,42,10,300,0.0001,50,least_cost,Unweighted k-means,Random 50% immutable,α = 1,1.0,101,0,2,True,,2.0,0.07911649251784006,0.5625530820032544,5.859630020824579,4.859630020824579,True,1.1055999999882715,Optimization terminated successfully
Iris,3,42,10,300,0.0001,50,least_cost,Unweighted k-means,Random 50% immutable,α < 1,0.9568464819465536,101,0,2,True,,2.0,0.09278316363292138,0.6092065778795281,5.410895166750864,4.410895166750864,True,1.0968999999931839,Optimization terminated successfully
Iris,3,42,10,300,0.0001,50,least_cost,Unweighted k-means,Random 75% immutable,α = 1,1.0,101,0,2,False,,,,,,,False,8.686500000010255,Positive directional derivative for linesearch
Iris,3,42,10,300,0.0001,50,least_cost,Unweighted k-means,Random 75% immutable,α < 1,0.9568464819465536,101,0,2,False,,,,,,,False,3.870500000004995,Positive directional derivative for linesearch
Iris,3,42,10,300,0.0001,50,least_cost,Unweighted k-means,All features mutable,α = 1,1.0,104,2,1,True,,4.0,1.3413620565903226,2.3163437193908183,2.1229589371813855,1.1229589371813855,True,1.6980999999987034,Optimization terminated successfully
Iris,3,42,10,300,0.0001,50,least_cost,Unweighted k-means,All features mutable,α < 1,0.8507238734290548,104,2,1,True,,4.0,1.6296601697170137,2.553162877465528,1.880624760342917,0.8806247603429169,True,1.591100000013057,Optimization terminated successfully
Iris,3,42,10,300,0.0001,50,least_cost,Unweighted k-means,Random 25% immutable,α = 1,1.0,104,2,1,True,,3.0,1.6080753112971387,2.5361981872851644,1.6163020716611365,0.6163020716611365,True,1.5168000000187476,Optimization terminated successfully
Iris,3,42,10,300,0.0001,50,least_cost,Unweighted k-means,Random 25% immutable,α < 1,0.8507238734290548,104,2,1,True,,3.0,2.049152933546707,2.8629725346546424,1.394862899643618,0.3948628996436181,True,1.5335000000220589,Optimization terminated successfully
Iris,3,42,10,300,0.0001,50,least_cost,Unweighted k-means,Random 50% immutable,α = 1,1.0,104,2,1,False,,,,,,,False,8.794600000015862,Positive directional derivative for linesearch
Iris,3,42,10,300,0.0001,50,least_cost,Unweighted k-means,Random 50% immutable,α < 1,0.8507238734290548,104,2,1,False,,,,,,,False,1.0507000000075095,Positive directional derivative for linesearch
Iris,3,42,10,300,0.0001,50,least_cost,Unweighted k-means,Random 75% immutable,α = 1,1.0,104,2,1,False,,,,,,,False,8.679600000021992,Positive directional derivative for linesearch
Iris,3,42,10,300,0.0001,50,least_cost,Unweighted k-means,Random 75% immutable,α < 1,0.8507238734290548,104,2,1,False,,,,,,,False,5.94979999999623,Positive directional derivative for linesearch
Iris,3,42,10,300,0.0001,50,least_cost,Unweighted k-means,All features mutable,α = 1,1.0,144,2,0,True,,4.0,0.5034276599121561,1.419052726169336,3.149092961072549,2.149092961072549,True,1.71100000000024,Optimization terminated successfully
Iris,3,42,10,300,0.0001,50,least_cost,Unweighted k-means,All features mutable,α < 1,0.9838316312572207,144,2,0,True,,4.0,0.5139374356931369,1.4337885976574607,3.1167279303234174,2.1167279303234174,True,1.6042999999967833,Optimization terminated successfully
Iris,3,42,10,300,0.0001,50,least_cost,Unweighted k-means,Random 25% immutable,α = 1,1.0,144,2,0,True,,3.0,0.7062860247559823,1.68081649772482,1.7770802372200596,0.7770802372200596,True,1.5087000000164608,Optimization terminated successfully
Iris,3,42,10,300,0.0001,50,least_cost,Unweighted k-means,Random 25% immutable,α < 1,0.9838316312572207,144,2,0,True,,3.0,0.7210307603923204,1.6982706031634893,1.7391313880553467,0.7391313880553467,True,1.516199999997525,Optimization terminated successfully
Iris,3,42,10,300,0.0001,50,least_cost,Unweighted k-means,Random 50% immutable,α = 1,1.0,144,2,0,True,,2.0,1.1190835325056883,2.115734891242935,1.779435101724919,0.779435101724919,True,1.4170000000035543,Optimization terminated successfully
Iris,3,42,10,300,0.0001,50,least_cost,Unweighted k-means,Random 50% immutable,α < 1,0.9838316312572207,144,2,0,True,,2.0,1.1424460092692315,2.1377053204492253,1.7611468245709283,0.7611468245709283,True,1.4372999999920921,Optimization terminated successfully
Iris,3,42,10,300,0.0001,50,least_cost,Unweighted k-means,Random 75% immutable,α = 1,1.0,144,2,0,True,,1.0,1.752769332165832,2.6478439018687125,1.1361087202284206,0.13610872022842058,True,1.2604000000067117,Optimization terminated successfully
Iris,3,42,10,300,0.0001,50,least_cost,Unweighted k-means,Random 75% immutable,α < 1,0.9838316312572207,144,2,0,True,,1.0,1.7893609105468313,2.6753399115228937,1.1244322763473817,0.12443227634738174,True,1.2661000000093736,Optimization terminated successfully
Iris,3,42,10,300,0.0001,50,least_cost,Unweighted k-means,All features mutable,α = 1,1.0,115,2,1,True,,4.0,0.9458915428789079,1.9451391136665859,2.186160796775514,1.1861607967755141,True,1.6104999999981828,Optimization terminated successfully
Iris,3,42,10,300,0.0001,50,least_cost,Unweighted k-means,All features mutable,α < 1,0.8507238734290548,115,2,1,True,,4.0,1.2171891396000147,2.206525902499234,1.9041153652161664,0.9041153652161664,True,1.6197000000204298,Optimization terminated successfully
Iris,3,42,10,300,0.0001,50,least_cost,Unweighted k-means,Random 25% immutable,α = 1,1.0,115,2,1,True,,3.0,1.2266202196294298,2.21505775963466,1.5961107898663727,0.5961107898663727,True,1.5227000000095359,Optimization terminated successfully
Iris,3,42,10,300,0.0001,50,least_cost,Unweighted k-means,Random 25% immutable,α < 1,0.8507238734290548,115,2,1,True,,3.0,1.646811795109219,2.5665633014669393,1.374069794202576,0.3740697942025759,True,1.1706999999887557,Optimization terminated successfully
Iris,3,42,10,300,0.0001,50,least_cost,Unweighted k-means,Random 50% immutable,α = 1,1.0,115,2,1,True,,2.0,1.6296747006707268,2.5531742601481215,1.3080527109164173,0.3080527109164173,True,1.9604000000015276,Optimization terminated successfully
Iris,3,42,10,300,0.0001,50,least_cost,Unweighted k-means,Random 50% immutable,α < 1,0.8507238734290548,115,2,1,True,,2.0,2.031356326606088,2.850513165453609,1.1716088696435187,0.17160886964351874,True,1.5295000000037362,Optimization terminated successfully
Iris,3,42,10,300,0.0001,50,least_cost,Unweighted k-means,Random 75% immutable,α = 1,1.0,115,2,1,False,,,,,,,False,0.9517000000016651,Positive directional derivative for linesearch
Iris,3,42,10,300,0.0001,50,least_cost,Unweighted k-means,Random 75% immutable,α < 1,0.8507238734290548,115,2,1,False,,,,,,,False,2.012600000000475,Positive directional derivative for linesearch
Iris,3,42,10,300,0.0001,50,least_cost,Unweighted k-means,All features mutable,α = 1,1.0,58,0,1,True,,4.0,0.5663238763277061,1.505089866190994,2.0446793955017704,1.0446793955017704,True,1.6213000000107058,Optimization terminated successfully
Iris,3,42,10,300,0.0001,50,least_cost,Unweighted k-means,All features mutable,α < 1,0.8507238734290548,58,0,1,True,,4.0,0.7472642831860541,1.7288889879758667,1.7800022147006325,0.7800022147006325,True,1.6022000000077696,Optimization terminated successfully
Iris,3,42,10,300,0.0001,50,least_cost,Unweighted k-means,Random 25% immutable,α = 1,1.0,58,0,1,True,,3.0,0.6316619338546887,1.5895432474200741,1.8331811555624618,0.8331811555624618,True,1.5437000000133594,Optimization terminated successfully
Iris,3,42,10,300,0.0001,50,least_cost,Unweighted k-means,Random 25% immutable,α < 1,0.8507238734290548,58,0,1,True,,3.0,0.8359163184997771,1.8285691876434724,1.5252323784542094,0.5252323784542094,True,1.5649999999993724,Optimization terminated successfully
Iris,3,42,10,300,0.0001,50,least_cost,Unweighted k-means,Random 50% immutable,α = 1,1.0,58,0,1,True,,2.0,0.9996583371856521,1.9996583079972958,1.1583465188899218,0.1583465188899218,True,1.4529999999979282,Optimization terminated successfully
Iris,3,42,10,300,0.0001,50,least_cost,Unweighted k-means,Random 50% immutable,α < 1,0.8507238734290548,58,0,1,True,,2.0,1.319049049480191,2.296997213302786,1.0084022827072239,0.008402282707223874,True,1.5342000000089229,Optimization terminated successfully
Iris,3,42,10,300,0.0001,50,least_cost,Unweighted k-means,Random 75% immutable,α = 1,1.0,58,0,1,False,,,,,,,False,0.9617999999989024,Positive directional derivative for linesearch
Iris,3,42,10,300,0.0001,50,least_cost,Unweighted k-means,Random 75% immutable,α < 1,0.8507238734290548,58,0,1,False,,,,,,,False,0.9639999999819793,Positive directional derivative for linesearch
Iris,3,42,10,300,0.0001,50,least_cost,Unweighted k-means,All features mutable,α = 1,1.0,120,2,1,True,,4.0,1.3781958222850546,2.347931704530653,1.9461548032887215,0.9461548032887215,True,1.712499999996453,Optimization terminated successfully
Iris,3,42,10,300,0.0001,50,least_cost,Unweighted k-means,All features mutable,α < 1,0.8507238734290548,120,2,1,True,,4.0,1.7278194440217525,2.628930918850286,1.7366456998043187,0.7366456998043187,True,1.6430000000013933,Optimization terminated successfully
Iris,3,42,10,300,0.0001,50,least_cost,Unweighted k-means,Random 25% immutable,α = 1,1.0,120,2,1,True,,3.0,2.0388717305098747,2.85578131551411,1.3124661476155004,0.3124661476155004,True,1.6010999999878095,Optimization terminated successfully
Iris,3,42,10,300,0.0001,50,least_cost,Unweighted k-means,Random 25% immutable,α < 1,0.8507238734290548,120,2,1,True,,3.0,2.568534614862961,3.205329695905219,1.1686576547192622,0.1686576547192622,True,1.5361000000098102,Optimization terminated successfully
Iris,3,42,10,300,0.0001,50,least_cost,Unweighted k-means,Random 50% immutable,α = 1,1.0,120,2,1,True,,2.0,2.218002683614145,2.9785920725162383,1.2255303628583534,0.22553036285835337,True,1.4264000000139276,Optimization terminated successfully
Iris,3,42,10,300,0.0001,50,least_cost,Unweighted k-means,Random 50% immutable,α < 1,0.8507238734290548,120,2,1,True,,2.0,2.6829309428629853,3.2759309778217154,1.1142954633152542,0.1142954633152542,True,1.4285000000029413,Optimization terminated successfully
Iris,3,42,10,300,0.0001,50,least_cost,Unweighted k-means,Random 75% immutable,α = 1,1.0,120,2,1,False,,,,,,,False,0.9342999999830681,Positive directional derivative for linesearch
Iris,3,42,10,300,0.0001,50,least_cost,Unweighted k-means,Random 75% immutable,α < 1,0.8507238734290548,120,2,1,False,,,,,,,False,6.700700000010329,Positive directional derivative for linesearch
Iris,3,42,10,300,0.0001,50,least_cost,Unweighted k-means,All features mutable,α = 1,1.0,107,2,1,True,,4.0,1.7844713173388627,2.6716821048462056,1.541201358149614,0.541201358149614,True,1.650300000022753,Optimization terminated successfully
Iris,3,42,10,300,0.0001,50,least_cost,Unweighted k-means,All features mutable,α < 1,0.8507238734290548,107,2,1,True,,4.0,2.1430734364912123,2.927847971798544,1.3791762109076418,0.37917621090764175,True,1.6579999999919437,Optimization terminated successfully
Iris,3,42,10,300,0.0001,50,least_cost,Unweighted k-means,Random 25% immutable,α = 1,1.0,107,2,1,True,,3.0,2.6158204693419185,3.234699657984907,1.103175023607279,0.10317502360727904,True,1.5211999999849013,Optimization terminated successfully
Iris,3,42,10,300,0.0001,50,least_cost,Unweighted k-means,Random 25% immutable,α < 1,0.8507238734290548,107,2,1,True,,3.0,3.076731442737733,3.5081228272326683,1.017193535804093,0.017193535804093107,True,1.5402999999878375,Optimization terminated successfully
Iris,3,42,10,300,0.0001,50,least_cost,Unweighted k-means,Random 50% immutable,α = 1,1.0,107,2,1,False,,,,,,,False,1.7871999999954369,Positive directional derivative for linesearch
Iris,3,42,10,300,0.0001,50,least_cost,Unweighted k-means,Random 50% immutable,α < 1,0.8507238734290548,107,2,1,False,,,,,,,False,1.0894000000121196,Positive directional derivative for linesearch
Iris,3,42,10,300,0.0001,50,least_cost,Unweighted k-means,Random 75% immutable,α = 1,1.0,107,2,1,False,,,,,,,False,9.354900000005273,Positive directional derivative for linesearch
Iris,3,42,10,300,0.0001,50,least_cost,Unweighted k-means,Random 75% immutable,α < 1,0.8507238734290548,107,2,1,False,,,,,,,False,1.093599999990147,Positive directional derivative for linesearch
Iris,3,42,10,300,0.0001,50,least_cost,Unweighted k-means,All features mutable,α = 1,1.0,21,1,0,True,,4.0,0.7405123055464298,1.7210604934707319,2.5013588644522287,1.5013588644522287,True,1.7009000000030028,Optimization terminated successfully
Iris,3,42,10,300,0.0001,50,least_cost,Unweighted k-means,All features mutable,α < 1,0.9838316312572207,21,1,0,True,,4.0,0.761518531562913,1.7453005833528081,2.4388705956285546,1.4388705956285546,True,1.7794000000037613,Optimization terminated successfully
Iris,3,42,10,300,0.0001,50,least_cost,Unweighted k-means,Random 25% immutable,α = 1,1.0,21,1,0,True,,3.0,1.217758298053909,2.2070417286983126,1.0,0.0,False,1.5163999999856514,Optimization terminated successfully
Iris,3,42,10,300,0.0001,50,least_cost,Unweighted k-means,Random 25% immutable,α < 1,0.9838316312572207,21,1,0,True,,3.0,1.2829093312004558,2.265311750025109,1.0000000000000002,2.220446049250313e-16,True,1.5141000000085114,Optimization terminated successfully
Iris,3,42,10,300,0.0001,50,least_cost,Unweighted k-means,Random 50% immutable,α = 1,1.0,21,1,0,False,,,,,,,False,11.014900000020589,Positive directional derivative for linesearch
Iris,3,42,10,300,0.0001,50,least_cost,Unweighted k-means,Random 50% immutable,α < 1,0.9838316312572207,21,1,0,False,,,,,,,False,11.973499999982096,Positive directional derivative for linesearch
Iris,3,42,10,300,0.0001,50,least_cost,Unweighted k-means,Random 75% immutable,α = 1,1.0,21,1,0,True,,1.0,2.243675945084936,2.9957809967251854,1.3131301692430661,0.31313016924306614,True,1.3481000000012955,Optimization terminated successfully
Iris,3,42,10,300,0.0001,50,least_cost,Unweighted k-means,Random 75% immutable,α < 1,0.9838316312572207,21,1,0,True,,1.0,2.307322644345957,3.0379747492999063,1.2948923976907478,0.2948923976907478,True,1.340400000003683,Optimization terminated successfully
Iris,3,42,10,300,0.0001,50,least_cost,Unweighted k-means,All features mutable,α = 1,1.0,99,0,1,True,,4.0,0.31957075438069965,1.130611789042905,2.7219123743589035,1.7219123743589035,True,1.792300000005298,Optimization terminated successfully
Iris,3,42,10,300,0.0001,50,least_cost,Unweighted k-means,All features mutable,α < 1,0.8507238734290548,99,0,1,True,,4.0,0.4586072288423319,1.3544109108277766,2.272151086525597,1.272151086525597,True,1.9192999999972926,Optimization terminated successfully
Iris,3,42,10,300,0.0001,50,least_cost,Unweighted k-means,Random 25% immutable,α = 1,1.0,99,0,1,True,,3.0,0.43350498765816736,1.3168219130287395,2.0856993713081255,1.0856993713081255,True,1.7747000000269963,Optimization terminated successfully
Iris,3,42,10,300,0.0001,50,least_cost,Unweighted k-means,Random 25% immutable,α < 1,0.8507238734290548,99,0,1,True,,3.0,0.6221111236055228,1.5774804260028368,1.7410641666865245,0.7410641666865245,True,1.4888000000041757,Optimization terminated successfully
Iris,3,42,10,300,0.0001,50,least_cost,Unweighted k-means,Random 50% immutable,α = 1,1.0,99,0,1,True,,2.0,0.5042611167002986,1.4202269068008797,1.793041449880988,0.7930414498809879,True,1.3701999999966574,Optimization terminated successfully
Iris,3,42,10,300,0.0001,50,least_cost,Unweighted k-means,Random 50% immutable,α < 1,0.8507238734290548,99,0,1,True,,2.0,0.7236513046728,1.7013539369252948,1.496764214026833,0.4967642140268329,True,1.3567999999963831,Optimization terminated successfully
Iris,3,42,10,300,0.0001,50,least_cost,Unweighted k-means,Random 75% immutable,α = 1,1.0,99,0,1,False,,,,,,,False,3.076800000002322,Positive directional derivative for linesearch
Iris,3,42,10,300,0.0001,50,least_cost,Unweighted k-means,Random 75% immutable,α < 1,0.8507238734290548,99,0,1,False,,,,,,,False,1.6349999999931697,Positive directional derivative for linesearch
Iris,3,42,10,300,0.0001,50,least_cost,Unweighted k-means,All features mutable,α = 1,1.0,74,0,1,True,,4.0,0.44431321970205984,1.3331364816882927,2.308410507335023,1.3084105073350232,True,1.6471000000137792,Optimization terminated successfully
Iris,3,42,10,300,0.0001,50,least_cost,Unweighted k-means,All features mutable,α < 1,0.8507238734290548,74,0,1,True,,4.0,0.6060121184064787,1.5569356035578077,1.9765918785729233,0.9765918785729233,True,1.151099999987082,Optimization terminated successfully
Iris,3,42,10,300,0.0001,50,least_cost,Unweighted k-means,Random 25% immutable,α = 1,1.0,74,0,1,True,,3.0,0.6631978428075959,1.6287391968115654,1.5465329208482688,0.5465329208482688,True,1.5165000000081363,Optimization terminated successfully
Iris,3,42,10,300,0.0001,50,least_cost,Unweighted k-means,Random 25% immutable,α < 1,0.8507238734290548,74,0,1,True,,3.0,0.9045554167131069,1.9021623660593299,1.32422911226723,0.32422911226723006,True,1.5043999999875268,Optimization terminated successfully
Iris,3,42,10,300,0.0001,50,least_cost,Unweighted k-means,Random 50% immutable,α = 1,1.0,74,0,1,True,,2.0,0.7494337035682372,1.7313967812933433,1.3685764138002225,0.36857641380022255,True,1.4006000000108543,Optimization terminated successfully
Iris,3,42,10,300,0.0001,50,least_cost,Unweighted k-means,Random 50% immutable,α < 1,0.8507238734290548,74,0,1,True,,2.0,1.2217175421739195,2.2106266461561703,1.0000000000000016,1.5543122344752192e-15,True,1.4132999999958429,Optimization terminated successfully
Iris,3,42,10,300,0.0001,50,least_cost,Unweighted k-means,Random 75% immutable,α = 1,1.0,74,0,1,False,,,,,,,False,0.9421999999972286,Positive directional derivative for linesearch
Iris,3,42,10,300,0.0001,50,least_cost,Unweighted k-means,Random 75% immutable,α < 1,0.8507238734290548,74,0,1,False,,,,,,,False,1.9673999999838543,Positive directional derivative for linesearch
Iris,3,42,10,300,0.0001,50,least_cost,Unweighted k-means,All features mutable,α = 1,1.0,105,2,0,True,,4.0,0.7453915108977555,1.7267211829334295,2.5005788170330563,1.5005788170330563,True,1.644199999986995,Optimization terminated successfully
Iris,3,42,10,300,0.0001,50,least_cost,Unweighted k-means,All features mutable,α < 1,0.9838316312572207,105,2,0,True,,4.0,0.7581681680986471,1.741457054421552,2.479419403932312,1.479419403932312,True,1.5629000000103588,Optimization terminated successfully
Iris,3,42,10,300,0.0001,50,least_cost,Unweighted k-means,Random 25% immutable,α = 1,1.0,105,2,0,True,,3.0,0.8535013969639998,1.84770278666673,2.1838396771060467,1.1838396771060467,True,1.5067999999871518,Optimization terminated successfully
Iris,3,42,10,300,0.0001,50,least_cost,Unweighted k-means,Random 25% immutable,α < 1,0.9838316312572207,105,2,0,True,,3.0,0.8681311514085579,1.8634711174671401,2.165360454943118,1.165360454943118,True,1.475900000002639,Optimization terminated successfully
Iris,3,42,10,300,0.0001,50,least_cost,Unweighted k-means,Random 50% immutable,α = 1,1.0,105,2,0,True,,2.0,1.6569517957371773,2.574452792915168,1.1249031118185406,0.12490311181854064,True,1.4370000000099026,Optimization terminated successfully
Iris,3,42,10,300,0.0001,50,least_cost,Unweighted k-means,Random 50% immutable,α < 1,0.9838316312572207,105,2,0,True,,2.0,1.6853533870928952,2.596423222121459,1.115384387679359,0.11538438767935899,True,1.5609000000154083,Optimization terminated successfully
Iris,3,42,10,300,0.0001,50,least_cost,Unweighted k-means,Random 75% immutable,α = 1,1.0,105,2,0,False,,,,,,,False,0.9285999999804062,Positive directional derivative for linesearch
Iris,3,42,10,300,0.0001,50,least_cost,Unweighted k-means,Random 75% immutable,α < 1,0.9838316312572207,105,2,0,False,,,,,,,False,3.0409000000020114,Positive directional derivative for linesearch
Iris,3,42,10,300,0.0001,50,least_cost,Unweighted k-means,All features mutable,α = 1,1.0,23,1,2,True,,4.0,0.812959425456302,1.8032852524837018,2.8522657811628975,1.8522657811628975,True,1.6687000000104035,Optimization terminated successfully
Iris,3,42,10,300,0.0001,50,least_cost,Unweighted k-means,All features mutable,α < 1,0.9568464819465536,23,1,2,True,,4.0,0.8713747330382743,1.866949097365297,2.708852496205769,1.7088524962057692,True,1.7631000000051245,Optimization terminated successfully
Iris,3,42,10,300,0.0001,50,least_cost,Unweighted k-means,Random 25% immutable,α = 1,1.0,23,1,2,True,,3.0,1.0286134469465815,2.028411641601952,2.1699660629303787,1.1699660629303787,True,1.6644000000098913,Optimization terminated successfully
Iris,3,42,10,300,0.0001,50,least_cost,Unweighted k-means,Random 25% immutable,α < 1,0.9568464819465536,23,1,2,True,,3.0,1.0764029322634685,2.0749968021791925,2.12124876363909,1.1212487636390902,True,1.6430999999954565,Optimization terminated successfully
Iris,3,42,10,300,0.0001,50,least_cost,Unweighted k-means,Random 50% immutable,α = 1,1.0,23,1,2,False,,,,,,,False,20.838400000002366,Positive directional derivative for linesearch
Iris,3,42,10,300,0.0001,50,least_cost,Unweighted k-means,Random 50% immutable,α < 1,0.9568464819465536,23,1,2,False,,,,,,,False,13.736499999993157,Positive directional derivative for linesearch
Iris,3,42,10,300,0.0001,50,least_cost,Unweighted k-means,Random 75% immutable,α = 1,1.0,23,1,2,False,,,,,,,False,0.9872999999913645,Positive directional derivative for linesearch
Iris,3,42,10,300,0.0001,50,least_cost,Unweighted k-means,Random 75% immutable,α < 1,0.9568464819465536,23,1,2,False,,,,,,,False,5.164100000001781,Positive directional derivative for linesearch
Iris,3,42,10,300,0.0001,50,least_cost,Unweighted k-means,All features mutable,α = 1,1.0,75,2,1,True,,4.0,0.47394636772974924,1.3768752561212643,2.421336597485984,1.421336597485984,True,1.6870000000039909,Optimization terminated successfully
Iris,3,42,10,300,0.0001,50,least_cost,Unweighted k-means,All features mutable,α < 1,0.8507238734290548,75,2,1,True,,4.0,0.6405396160212994,1.6006743779061365,2.082796143958472,1.082796143958472,True,1.3208999999960724,Optimization terminated successfully
Iris,3,42,10,300,0.0001,50,least_cost,Unweighted k-means,Random 25% immutable,α = 1,1.0,75,2,1,True,,3.0,0.6806605069314504,1.650043038143491,1.6859853812547054,0.6859853812547054,True,1.7891999999903874,Optimization terminated successfully
Iris,3,42,10,300,0.0001,50,least_cost,Unweighted k-means,Random 25% immutable,α < 1,0.8507238734290548,75,2,1,True,,3.0,0.9260886757732358,1.9246700244698942,1.3856403208811783,0.3856403208811783,True,1.4638000000104512,Optimization terminated successfully
Iris,3,42,10,300,0.0001,50,least_cost,Unweighted k-means,Random 50% immutable,α = 1,1.0,75,2,1,True,,2.0,1.1641020529326471,2.1578712222305083,1.0374163155513438,0.03741631555134384,True,1.3800000000117052,Optimization terminated successfully
Iris,3,42,10,300,0.0001,50,least_cost,Unweighted k-means,Random 50% immutable,α < 1,0.8507238734290548,75,2,1,True,,2.0,1.6267969329583067,2.5509189975052573,1.0000000000000007,6.661338147750939e-16,True,1.3940000000047803,Optimization terminated successfully
Iris,3,42,10,300,0.0001,50,least_cost,Unweighted k-means,Random 75% immutable,α = 1,1.0,75,2,1,False,,,,,,,False,1.8139999999959855,Positive directional derivative for linesearch
Iris,3,42,10,300,0.0001,50,least_cost,Unweighted k-means,Random 75% immutable,α < 1,0.8507238734290548,75,2,1,False,,,,,,,False,5.0032999999984895,Positive directional derivative for linesearch
Iris,3,42,10,300,0.0001,50,least_cost,Unweighted k-means,All features mutable,α = 1,1.0,119,0,2,True,,4.0,0.3416089761831503,1.168946493528511,2.597040974684694,1.597040974684694,True,1.6564000000016676,Optimization terminated successfully
Iris,3,42,10,300,0.0001,50,least_cost,Unweighted k-means,All features mutable,α < 1,0.9568464819465536,119,0,2,True,,4.0,0.36498312409446576,1.208276663838983,2.5125056041727065,1.5125056041727065,True,1.5737999999885233,Optimization terminated successfully
Iris,3,42,10,300,0.0001,50,least_cost,Unweighted k-means,Random 25% immutable,α = 1,1.0,119,0,2,True,,3.0,0.39115516359530106,1.2508479741284326,2.435623522672607,1.435623522672607,True,1.5209000000027117,Optimization terminated successfully
Iris,3,42,10,300,0.0001,50,least_cost,Unweighted k-means,Random 25% immutable,α < 1,0.9568464819465536,119,0,2,True,,3.0,0.4179194446522769,1.2929337874033253,2.356342417065892,1.3563424170658922,True,1.4918999999906646,Optimization terminated successfully
Iris,3,42,10,300,0.0001,50,least_cost,Unweighted k-means,Random 50% immutable,α = 1,1.0,119,0,2,True,,2.0,0.7593722201704166,1.7428393157952533,1.2545978008040273,0.2545978008040273,True,1.3732000000175049,Optimization terminated successfully
Iris,3,42,10,300,0.0001,50,least_cost,Unweighted k-means,Random 50% immutable,α < 1,0.9568464819465536,119,0,2,True,,2.0,0.8113312722782602,1.8014785841394398,1.213759842558314,0.21375984255831404,True,1.3745999999912328,Optimization terminated successfully
Iris,3,42,10,300,0.0001,50,least_cost,Unweighted k-means,Random 75% immutable,α = 1,1.0,119,0,2,False,,,,,,,False,0.9218000000146276,Positive directional derivative for linesearch
Iris,3,42,10,300,0.0001,50,least_cost,Unweighted k-means,Random 75% immutable,α < 1,0.9568464819465536,119,0,2,False,,,,,,,False,4.887499999995271,Positive directional derivative for linesearch
Iris,3,42,10,300,0.0001,50,least_cost,Unweighted k-means,All features mutable,α = 1,1.0,132,2,0,True,,4.0,0.03669608696402778,0.383124454787359,9.015978746978721,8.015978746978721,True,1.2514000000010128,Optimization terminated successfully
Iris,3,42,10,300,0.0001,50,least_cost,Unweighted k-means,All features mutable,α < 1,0.9838316312572207,132,2,0,True,,4.0,0.039573209809886864,0.39786032629497936,8.682046721969877,7.682046721969877,True,1.125699999988683,Optimization terminated successfully
Iris,3,42,10,300,0.0001,50,least_cost,Unweighted k-means,Random 25% immutable,α = 1,1.0,132,2,0,True,,3.0,0.04201840383255747,0.4099678223107637,7.873957828069599,6.873957828069599,True,1.051799999999048,Optimization terminated successfully
Iris,3,42,10,300,0.0001,50,least_cost,Unweighted k-means,Random 25% immutable,α < 1,0.9838316312572207,132,2,0,True,,3.0,0.04531281802259611,0.42573615313992824,7.5823237467116185,6.5823237467116185,True,1.275399999997262,Optimization terminated successfully
Iris,3,42,10,300,0.0001,50,least_cost,Unweighted k-means,Random 50% immutable,α = 1,1.0,132,2,0,True,,2.0,0.1268422225751088,0.7122983155254793,4.648410747509576,3.648410747509576,True,1.0430000000098971,Optimization terminated successfully
Iris,3,42,10,300,0.0001,50,least_cost,Unweighted k-means,Random 50% immutable,α < 1,0.9838316312572207,132,2,0,True,,2.0,0.13678717002272445,0.7396949912571382,4.432493386629385,3.4324933866293854,True,1.0250999999925625,Optimization terminated successfully
Iris,3,42,10,300,0.0001,50,least_cost,Unweighted k-means,Random 75% immutable,α = 1,1.0,132,2,0,True,,1.0,0.22562955022116832,0.950009579364689,2.906215295484913,1.906215295484913,True,1.3677000000029693,Optimization terminated successfully
Iris,3,42,10,300,0.0001,50,least_cost,Unweighted k-means,Random 75% immutable,α < 1,0.9838316312572207,132,2,0,True,,1.0,0.24331982696044543,0.986549191800278,2.7985754723174354,1.7985754723174354,True,1.2806999999952495,Optimization terminated successfully
Iris,3,42,10,300,0.0001,50,least_cost,Unweighted k-means,All features mutable,α = 1,1.0,45,1,2,True,,4.0,1.5644689170317916,2.501574637728638,2.2724733180934265,1.2724733180934265,True,1.8665000000055443,Optimization terminated successfully
Iris,3,42,10,300,0.0001,50,least_cost,Unweighted k-means,All features mutable,α < 1,0.9568464819465536,45,1,2,True,,4.0,1.625922174564216,2.5502330674385165,2.2239856863257166,1.2239856863257166,True,1.747699999981478,Optimization terminated successfully
Iris,3,42,10,300,0.0001,50,least_cost,Unweighted k-means,Random 25% immutable,α = 1,1.0,45,1,2,True,,3.0,2.0246593640480293,2.845810509537154,1.7261658519266427,0.7261658519266427,True,1.6300999999998567,Optimization terminated successfully
Iris,3,42,10,300,0.0001,50,least_cost,Unweighted k-means,Random 25% immutable,α < 1,0.9568464819465536,45,1,2,True,,3.0,2.127457556969817,2.917161330451106,1.6805754412749454,0.6805754412749454,True,1.632000000000744,Optimization terminated successfully
Iris,3,42,10,300,0.0001,50,least_cost,Unweighted k-means,Random 50% immutable,α = 1,1.0,45,1,2,False,,,,,,,False,5.828600000000961,Positive directional derivative for linesearch
Iris,3,42,10,300,0.0001,50,least_cost,Unweighted k-means,Random 50% immutable,α < 1,0.9568464819465536,45,1,2,False,,,,,,,False,1.851500000014994,Positive directional derivative for linesearch
Iris,3,42,10,300,0.0001,50,least_cost,Unweighted k-means,Random 75% immutable,α = 1,1.0,45,1,2,False,,,,,,,False,2.45630000000574,Positive directional derivative for linesearch
Iris,3,42,10,300,0.0001,50,least_cost,Unweighted k-means,Random 75% immutable,α < 1,0.9568464819465536,45,1,2,False,,,,,,,False,6.993499999992991,Positive directional derivative for linesearch
Iris,3,42,10,300,0.0001,50,least_cost,Unweighted k-means,All features mutable,α = 1,1.0,12,1,2,True,,4.0,1.7161601783489497,2.620045937268238,2.163851239518659,1.1638512395186589,True,1.6387000000008811,Optimization terminated successfully
Iris,3,42,10,300,0.0001,50,least_cost,Unweighted k-means,All features mutable,α < 1,0.9568464819465536,12,1,2,True,,4.0,1.7840302139557445,2.671351877949249,2.119843256398682,1.1198432563986822,True,1.7134999999939282,Optimization terminated successfully
Iris,3,42,10,300,0.0001,50,least_cost,Unweighted k-means,Random 25% immutable,α = 1,1.0,12,1,2,True,,3.0,2.35990022069919,3.072393347668355,1.5861194176597875,0.5861194176597875,True,1.8168000000002849,Optimization terminated successfully
Iris,3,42,10,300,0.0001,50,least_cost,Unweighted k-means,Random 25% immutable,α < 1,0.9568464819465536,12,1,2,True,,3.0,2.432006733724458,3.1189785082455814,1.5624290973301354,0.5624290973301354,True,1.5881000000206313,Optimization terminated successfully
Iris,3,42,10,300,0.0001,50,least_cost,Unweighted k-means,Random 50% immutable,α = 1,1.0,12,1,2,True,,2.0,3.0575571257781,3.4971743598385827,1.2242072443877472,0.2242072443877472,True,1.4576000000090517,Optimization terminated successfully
Iris,3,42,10,300,0.0001,50,least_cost,Unweighted k-means,Random 50% immutable,α < 1,0.9568464819465536,12,1,2,True,,2.0,3.1509804751136805,3.550200262021105,1.2059224519563339,0.20592245195633385,True,1.3875000000211912,Optimization terminated successfully
Iris,3,42,10,300,0.0001,50,least_cost,Unweighted k-means,Random 75% immutable,α = 1,1.0,12,1,2,False,,,,,,,False,0.9536999999966156,Positive directional derivative for linesearch
Iris,3,42,10,300,0.0001,50,least_cost,Unweighted k-means,Random 75% immutable,α < 1,0.9568464819465536,12,1,2,False,,,,,,,False,12.854299999986551,Positive directional derivative for linesearch
Iris,3,42,10,300,0.0001,50,least_cost,Unweighted k-means,All features mutable,α = 1,1.0,91,0,1,True,,4.0,0.3873208177802212,1.2447020812712113,2.6784549171826804,1.6784549171826804,True,1.751400000017611,Optimization terminated successfully
Iris,3,42,10,300,0.0001,50,least_cost,Unweighted k-means,All features mutable,α < 1,0.8507238734290548,91,0,1,True,,4.0,0.5391239458442895,1.4685012030560811,2.2702592467513445,1.2702592467513445,True,2.202999999980193,Optimization terminated successfully
Iris,3,42,10,300,0.0001,50,least_cost,Unweighted k-means,Random 25% immutable,α = 1,1.0,91,0,1,True,,3.0,0.432006890417,1.3145446214062115,2.401400023164921,1.4014000231649208,True,1.6154000000199176,Optimization terminated successfully
Iris,3,42,10,300,0.0001,50,least_cost,Unweighted k-means,Random 25% immutable,α < 1,0.8507238734290548,91,0,1,True,,3.0,0.6013238863026805,1.550901526600165,2.0354274089576605,1.0354274089576605,True,1.6513999999858697,Optimization terminated successfully
Iris,3,42,10,300,0.0001,50,least_cost,Unweighted k-means,Random 50% immutable,α = 1,1.0,91,0,1,True,,2.0,0.8944600220323105,1.8915179322780002,2.0004148792273573,1.0004148792273573,True,1.595900000012307,Optimization terminated successfully
Iris,3,42,10,300,0.0001,50,least_cost,Unweighted k-means,Random 50% immutable,α < 1,0.8507238734290548,91,0,1,True,,2.0,1.2945937979215145,2.2756043574589273,1.470460895639343,0.470460895639343,True,1.4602999999908661,Optimization terminated successfully
Iris,3,42,10,300,0.0001,50,least_cost,Unweighted k-means,Random 75% immutable,α = 1,1.0,91,0,1,False,,,,,,,False,1.111200000025292,Positive directional derivative for linesearch
Iris,3,42,10,300,0.0001,50,least_cost,Unweighted k-means,Random 75% immutable,α < 1,0.8507238734290548,91,0,1,False,,,,,,,False,0.9742000000017015,Positive directional derivative for linesearch
Iris,3,42,10,300,0.0001,50,least_cost,Unweighted k-means,All features mutable,α = 1,1.0,114,0,1,True,,4.0,1.236957906610648,2.22437218703224,1.901984640285333,0.9019846402853331,True,2.1046999999896343,Optimization terminated successfully
Iris,3,42,10,300,0.0001,50,least_cost,Unweighted k-means,All features mutable,α < 1,0.8507238734290548,114,0,1,True,,4.0,1.4983856893288245,2.4481713088171135,1.7281150891103318,0.7281150891103318,True,7.088900000013609,Optimization terminated successfully
Iris,3,42,10,300,0.0001,50,least_cost,Unweighted k-means,Random 25% immutable,α = 1,1.0,114,0,1,True,,3.0,1.7764634420546133,2.665680732611926,1.7690054957033983,0.7690054957033983,True,1.6620000000102664,Optimization terminated successfully
Iris,3,42,10,300,0.0001,50,least_cost,Unweighted k-means,Random 25% immutable,α < 1,0.8507238734290548,114,0,1,True,,3.0,2.151914293093487,2.93388090630379,1.6072922106047909,0.6072922106047909,True,1.4870999999914147,Optimization terminated successfully
Iris,3,42,10,300,0.0001,50,least_cost,Unweighted k-means,Random 50% immutable,α = 1,1.0,114,0,1,True,,2.0,2.183441906262696,2.9552948457050414,1.0775074656442185,0.07750746564421851,True,1.4685000000156379,Optimization terminated successfully
Iris,3,42,10,300,0.0001,50,least_cost,Unweighted k-means,Random 50% immutable,α < 1,0.8507238734290548,114,0,1,True,,2.0,2.646253449856318,3.253461817729735,1.0,0.0,False,1.561500000008209,Optimization terminated successfully
Iris,3,42,10,300,0.0001,50,least_cost,Unweighted k-means,Random 75% immutable,α = 1,1.0,114,0,1,False,,,,,,,False,8.15150000002518,Positive directional derivative for linesearch
Iris,3,42,10,300,0.0001,50,least_cost,Unweighted k-means,Random 75% immutable,α < 1,0.8507238734290548,114,0,1,False,,,,,,,False,8.93219999997541,Positive directional derivative for linesearch
Iris,3,42,10,300,0.0001,50,least_cost,Unweighted k-means,All features mutable,α = 1,1.0,88,0,1,True,,4.0,0.1704708856992218,0.8257624009343651,3.726769615011661,2.726769615011661,True,1.2773999999922125,Optimization terminated successfully
Iris,3,42,10,300,0.0001,50,least_cost,Unweighted k-means,All features mutable,α < 1,0.8507238734290548,88,0,1,True,,4.0,0.2753948474931807,1.0495615227192368,2.932106585596148,1.9321065855961481,True,1.6410000000064429,Optimization terminated successfully
Iris,3,42,10,300,0.0001,50,least_cost,Unweighted k-means,Random 25% immutable,α = 1,1.0,88,0,1,True,,3.0,0.23124762885242683,0.9617642722672263,2.855683790397432,1.855683790397432,True,1.142999999984795,Optimization terminated successfully
Iris,3,42,10,300,0.0001,50,least_cost,Unweighted k-means,Random 25% immutable,α < 1,0.8507238734290548,88,0,1,True,,3.0,0.37357936646928824,1.2224227852413228,2.246763299580825,1.246763299580825,True,1.4739000000076885,Optimization terminated successfully
Iris,3,42,10,300,0.0001,50,least_cost,Unweighted k-means,Random 50% immutable,α = 1,1.0,88,0,1,True,,2.0,0.4654376011176196,1.36445974820457,1.364964331927981,0.36496433192798095,True,1.4231000000108907,Optimization terminated successfully
Iris,3,42,10,300,0.0001,50,least_cost,Unweighted k-means,Random 50% immutable,α < 1,0.8507238734290548,88,0,1,True,,2.0,0.7519120737340312,1.7342572747248677,1.0739115287052485,0.07391152870524853,True,1.443699999981618,Optimization terminated successfully
Iris,3,42,10,300,0.0001,50,least_cost,Unweighted k-means,Random 75% immutable,α = 1,1.0,88,0,1,True,,1.0,0.5613200912389783,1.4984259624539056,1.17645907628289,0.17645907628288993,True,1.2856000000169843,Optimization terminated successfully
Iris,3,42,10,300,0.0001,50,least_cost,Unweighted k-means,Random 75% immutable,α < 1,0.8507238734290548,88,0,1,False,,,,,,,False,10.589899999985164,Positive directional derivative for linesearch
Iris,3,42,10,300,0.0001,50,least_cost,Unweighted k-means,All features mutable,α = 1,1.0,67,0,1,True,,4.0,0.30267508575250723,1.1003182916820156,2.097638164504126,1.0976381645041262,True,1.6035999999814976,Optimization terminated successfully
Iris,3,42,10,300,0.0001,50,least_cost,Unweighted k-means,All features mutable,α < 1,0.8507238734290548,67,0,1,True,,4.0,0.43832173116156004,1.3241174134668874,1.7431004361639053,0.7431004361639053,True,1.6210000000000946,Optimization terminated successfully
Iris,3,42,10,300,0.0001,50,least_cost,Unweighted k-means,Random 25% immutable,α = 1,1.0,67,0,1,True,,3.0,0.33759539017816487,1.1620591898490624,1.8806619658014474,0.8806619658014474,True,1.7289000000175747,Optimization terminated successfully
Iris,3,42,10,300,0.0001,50,least_cost,Unweighted k-means,Random 25% immutable,α < 1,0.8507238734290548,67,0,1,True,,3.0,0.48889189371884045,1.3984160950430176,1.5627970496231336,0.5627970496231336,True,1.765100000000075,Optimization terminated successfully
Iris,3,42,10,300,0.0001,50,least_cost,Unweighted k-means,Random 50% immutable,α = 1,1.0,67,0,1,True,,2.0,0.5342732058073999,1.461879893571835,1.1883486002572374,0.18834860025723743,True,1.6463000000044303,Optimization terminated successfully
Iris,3,42,10,300,0.0001,50,least_cost,Unweighted k-means,Random 50% immutable,α < 1,0.8507238734290548,67,0,1,True,,2.0,0.7738173704420592,1.7593377963791481,1.0000000000000007,6.661338147750939e-16,True,1.4156000000014046,Optimization terminated successfully
Iris,3,42,10,300,0.0001,50,least_cost,Unweighted k-means,Random 75% immutable,α = 1,1.0,67,0,1,True,,1.0,0.9170743065212184,1.9152799341310067,2.0539297348352137,1.0539297348352137,True,1.2691999999958625,Optimization terminated successfully
Iris,3,42,10,300,0.0001,50,least_cost,Unweighted k-means,Random 75% immutable,α < 1,0.8507238734290548,67,0,1,True,,1.0,2.511117671900638,3.169301293282567,1.2412358571218276,0.2412358571218276,True,1.432399999998779,Optimization terminated successfully
Iris,3,42,10,300,0.0001,50,least_cost,Unweighted k-means,All features mutable,α = 1,1.0,83,0,2,True,,4.0,0.056551358922927786,0.4756105924931773,6.047011875361711,5.047011875361711,True,1.4333000000021912,Optimization terminated successfully
Iris,3,42,10,300,0.0001,50,least_cost,Unweighted k-means,All features mutable,α < 1,0.9568464819465536,83,0,2,True,,4.0,0.06629099731259894,0.5149407628556859,5.585152908498129,4.585152908498129,True,1.2305000000196742,Optimization terminated successfully
Iris,3,42,10,300,0.0001,50,least_cost,Unweighted k-means,Random 25% immutable,α = 1,1.0,83,0,2,True,,3.0,0.06753519171006145,0.5197506775755524,5.063533991272121,4.063533991272121,True,1.1609999999961929,Optimization terminated successfully
Iris,3,42,10,300,0.0001,50,least_cost,Unweighted k-means,Random 25% immutable,α < 1,0.9568464819465536,83,0,2,True,,3.0,0.07916653635607726,0.5627309707349588,4.676791146180667,3.6767911461806673,True,1.1046999999848595,Optimization terminated successfully
Iris,3,42,10,300,0.0001,50,least_cost,Unweighted k-means,Random 50% immutable,α = 1,1.0,83,0,2,True,,2.0,0.0795719085105756,0.5641698627561582,5.286376941496792,4.286376941496792,True,1.0374000000012984,Optimization terminated successfully
Iris,3,42,10,300,0.0001,50,least_cost,Unweighted k-means,Random 50% immutable,α < 1,0.9568464819465536,83,0,2,True,,2.0,0.09327629386275119,0.6108233586324321,4.882613789373725,3.8826137893737247,True,1.0580999999945107,Optimization terminated successfully
Iris,3,42,10,300,0.0001,50,least_cost,Unweighted k-means,Random 75% immutable,α = 1,1.0,83,0,2,True,,1.0,0.19689320878281588,0.8874530044634834,4.432742226866586,3.432742226866586,True,1.0275999999862506,Optimization terminated successfully
Iris,3,42,10,300,0.0001,50,least_cost,Unweighted k-means,Random 75% immutable,α < 1,0.9568464819465536,83,0,2,True,,1.0,0.23080342228520326,0.9608400955105969,4.094178027775193,3.094178027775193,True,1.009100000004537,Optimization terminated successfully
Iris,3,42,10,300,0.0001,50,least_cost,Unweighted k-means,All features mutable,α = 1,1.0,59,0,2,True,,4.0,0.5294868187975523,1.4553168985448528,2.4641077828877562,1.4641077828877562,True,1.6076999999938835,Optimization terminated successfully
Iris,3,42,10,300,0.0001,50,least_cost,Unweighted k-means,All features mutable,α < 1,0.9568464819465536,59,0,2,True,,4.0,0.5584924651094537,1.494647068855325,2.399267193559211,1.399267193559211,True,1.5664000000015221,Optimization terminated successfully
Iris,3,42,10,300,0.0001,50,least_cost,Unweighted k-means,Random 25% immutable,α = 1,1.0,59,0,2,True,,3.0,0.9184133817575151,1.916677731657062,1.420615827851842,0.42061582785184193,True,1.4688999999918906,Optimization terminated successfully
Iris,3,42,10,300,0.0001,50,least_cost,Unweighted k-means,Random 25% immutable,α < 1,0.9568464819465536,59,0,2,True,,3.0,0.9687246884296494,1.9684762517537766,1.3832336985854286,0.38323369858542855,True,1.101099999999633,Optimization terminated successfully
Iris,3,42,10,300,0.0001,50,least_cost,Unweighted k-means,Random 50% immutable,α = 1,1.0,59,0,2,True,,2.0,0.7450267773018315,1.7262986732333794,2.4550607177967336,1.4550607177967336,True,1.6279000000167798,Optimization terminated successfully
Iris,3,42,10,300,0.0001,50,least_cost,Unweighted k-means,Random 50% immutable,α < 1,0.9568464819465536,59,0,2,True,,2.0,0.7858398484267908,1.7729521690409933,2.390458203848718,1.390458203848718,True,1.4942999999902895,Optimization terminated successfully
Iris,3,42,10,300,0.0001,50,least_cost,Unweighted k-means,Random 75% immutable,α = 1,1.0,59,0,2,False,,,,,,,False,1.5127000000063617,Positive directional derivative for linesearch
Iris,3,42,10,300,0.0001,50,least_cost,Unweighted k-means,Random 75% immutable,α < 1,0.9568464819465536,59,0,2,False,,,,,,,False,7.404600000000983,Positive directional derivative for linesearch
Iris,3,42,10,300,0.0001,50,least_cost,Unweighted k-means,All features mutable,α = 1,1.0,109,2,0,True,,4.0,1.2840327689730542,2.26630339449338,2.382608702427924,1.382608702427924,True,1.7599000000245724,Optimization terminated successfully
Iris,3,42,10,300,0.0001,50,least_cost,Unweighted k-means,All features mutable,α < 1,0.9838316312572207,109,2,0,True,,4.0,1.3007850332373636,2.2810392659815073,2.367216668397304,1.3672166683973042,True,1.7281000000082258,Optimization terminated successfully
Iris,3,42,10,300,0.0001,50,least_cost,Unweighted k-means,Random 25% immutable,α = 1,1.0,109,2,0,True,,3.0,1.5334273293314324,2.476632656920628,1.9951044217342242,0.9951044217342242,True,1.60309999998276,Optimization terminated successfully
Iris,3,42,10,300,0.0001,50,least_cost,Unweighted k-means,Random 25% immutable,α < 1,0.9838316312572207,109,2,0,True,,3.0,1.5534333451215276,2.492736123316327,1.982215737923265,0.982215737923265,True,1.6004999999950087,Optimization terminated successfully
Iris,3,42,10,300,0.0001,50,least_cost,Unweighted k-means,Random 50% immutable,α = 1,1.0,109,2,0,True,,2.0,3.102392014723087,3.5227216834277937,1.2616652236235888,0.2616652236235888,True,1.490599999982578,Optimization terminated successfully
Iris,3,42,10,300,0.0001,50,least_cost,Unweighted k-means,Random 50% immutable,α < 1,0.9838316312572207,109,2,0,True,,2.0,3.1428676880376276,3.5456269899907,1.2535146698379591,0.2535146698379591,True,1.660100000009379,Optimization terminated successfully
Iris,3,42,10,300,0.0001,50,least_cost,Unweighted k-means,Random 75% immutable,α = 1,1.0,109,2,0,True,,1.0,3.0321222306469413,3.48259801334977,1.008978994818308,0.008978994818308106,True,1.2631999999825894,Optimization terminated successfully
Iris,3,42,10,300,0.0001,50,least_cost,Unweighted k-means,Random 75% immutable,α < 1,0.9838316312572207,109,2,0,True,,1.0,3.071681122068449,3.505242429315524,1.002460832231809,0.0024608322318089293,True,1.2700999999992746,Optimization terminated successfully
Iris,3,42,10,300,0.0001,50,least_cost,Unweighted k-means,All features mutable,α = 1,1.0,82,0,1,True,,4.0,0.34365652903127364,1.1724445044969483,2.4060618943700205,1.4060618943700205,True,1.5986999999881846,Optimization terminated successfully
Iris,3,42,10,300,0.0001,50,least_cost,Unweighted k-means,All features mutable,α < 1,0.8507238734290548,82,0,1,True,,4.0,0.48737406598315147,1.3962436262818196,2.020402432226892,1.0204024322268919,True,1.6148999999927582,Optimization terminated successfully
Iris,3,42,10,300,0.0001,50,least_cost,Unweighted k-means,Random 25% immutable,α = 1,1.0,82,0,1,True,,3.0,0.46617788810197985,1.365544416124177,1.8815217023583266,0.8815217023583266,True,1.700300000010202,Optimization terminated successfully
Iris,3,42,10,300,0.0001,50,least_cost,Unweighted k-means,Random 25% immutable,α < 1,0.8507238734290548,82,0,1,True,,3.0,0.6611339916519521,1.6262029290982747,1.5799390399840847,0.5799390399840847,True,1.5138999999919633,Optimization terminated successfully
Iris,3,42,10,300,0.0001,50,least_cost,Unweighted k-means,Random 50% immutable,α = 1,1.0,82,0,1,True,,2.0,0.9719101967374508,1.971710117372684,1.0,0.0,False,1.5272999999922376,Optimization terminated successfully
Iris,3,42,10,300,0.0001,50,least_cost,Unweighted k-means,Random 50% immutable,α < 1,0.8507238734290548,82,0,1,False,,,,,,,False,6.068400000003749,Positive directional derivative for linesearch
Iris,3,42,10,300,0.0001,50,least_cost,Unweighted k-means,Random 75% immutable,α = 1,1.0,82,0,1,False,,,,,,,False,7.530199999990828,Positive directional derivative for linesearch
Iris,3,42,10,300,0.0001,50,least_cost,Unweighted k-means,Random 75% immutable,α < 1,0.8507238734290548,82,0,1,False,,,,,,,False,7.215800000011541,Positive directional derivative for linesearch
Iris,3,42,10,300,0.0001,50,least_cost,Unweighted k-means,All features mutable,α = 1,1.0,8,1,0,True,,4.0,0.3005620443122414,1.0964707826700015,3.3061936138522623,2.3061936138522623,True,1.6448000000082175,Optimization terminated successfully
Iris,3,42,10,300,0.0001,50,least_cost,Unweighted k-means,All features mutable,α < 1,0.9838316312572207,8,1,0,True,,4.0,0.31399821496411034,1.1207108725520787,3.234683265385316,2.234683265385316,True,1.6801000000157273,Optimization terminated successfully
Iris,3,42,10,300,0.0001,50,least_cost,Unweighted k-means,Random 25% immutable,α = 1,1.0,8,1,0,True,,3.0,0.4316537215505744,1.3140071865109024,2.3021145695142264,1.3021145695142264,True,1.53499999998985,Optimization terminated successfully
Iris,3,42,10,300,0.0001,50,least_cost,Unweighted k-means,Random 25% immutable,α < 1,0.9838316312572207,8,1,0,True,,3.0,0.450950146947663,1.3430564350728722,2.252321642842,1.2523216428419999,True,1.6748999999833813,Optimization terminated successfully
Iris,3,42,10,300,0.0001,50,least_cost,Unweighted k-means,Random 50% immutable,α = 1,1.0,8,1,0,True,,2.0,0.5069651678876631,1.4240297298689562,1.9601274078593005,0.9601274078593005,True,2.25319999998419,Optimization terminated successfully
Iris,3,42,10,300,0.0001,50,least_cost,Unweighted k-means,Random 50% immutable,α < 1,0.9838316312572207,8,1,0,True,,2.0,0.5296282773494014,1.455511287966399,1.9177314016792586,0.9177314016792586,True,1.4019000000189408,Optimization terminated successfully
Iris,3,42,10,300,0.0001,50,least_cost,Unweighted k-means,Random 75% immutable,α = 1,1.0,8,1,0,True,,1.0,0.9106720087943857,1.908582729455955,1.0911901559447383,0.09119015594473834,True,1.2700999999992746,Optimization terminated successfully
Iris,3,42,10,300,0.0001,50,least_cost,Unweighted k-means,Random 75% immutable,α < 1,0.9838316312572207,8,1,0,True,,1.0,0.9513822207109975,1.9507764820306785,1.0675885758170247,0.06758857581702471,True,1.813700000013796,Optimization terminated successfully
Iris,3,42,10,300,0.0001,50,least_cost,Unweighted k-means,All features mutable,α = 1,1.0,86,2,1,True,,4.0,0.5215151200509296,1.4443200754000889,2.4858275097208136,1.4858275097208136,True,1.5798000000017964,Optimization terminated successfully
Iris,3,42,10,300,0.0001,50,least_cost,Unweighted k-means,All features mutable,α < 1,0.8507238734290548,86,2,1,True,,4.0,0.707018657512543,1.68168802994199,2.0214949073820776,1.0214949073820776,True,1.5870000000006712,Optimization terminated successfully
Iris,3,42,10,300,0.0001,50,least_cost,Unweighted k-means,Random 25% immutable,α = 1,1.0,86,2,1,True,,3.0,0.7623538872661719,1.7462575838245307,1.6085256855954535,0.6085256855954535,True,1.461100000000215,Optimization terminated successfully
Iris,3,42,10,300,0.0001,50,least_cost,Unweighted k-means,Random 25% immutable,α < 1,0.8507238734290548,86,2,1,True,,3.0,1.0585871795728892,2.057753318134017,1.3158540711719864,0.3158540711719864,True,1.6981999999927666,Optimization terminated successfully
Iris,3,42,10,300,0.0001,50,least_cost,Unweighted k-means,Random 50% immutable,α = 1,1.0,86,2,1,True,,2.0,1.4529033486289524,2.410728809824077,1.0000000000000002,2.220446049250313e-16,True,1.5151000000059867,Optimization terminated successfully
Iris,3,42,10,300,0.0001,50,least_cost,Unweighted k-means,Random 50% immutable,α < 1,0.8507238734290548,86,2,1,True,,2.0,2.115619487006751,2.9090338513030414,1.0,0.0,False,1.5127000000063617,Optimization terminated successfully
Iris,3,42,10,300,0.0001,50,least_cost,Unweighted k-means,Random 75% immutable,α = 1,1.0,86,2,1,False,,,,,,,False,4.2884000000071865,Positive directional derivative for linesearch
Iris,3,42,10,300,0.0001,50,least_cost,Unweighted k-means,Random 75% immutable,α < 1,0.8507238734290548,86,2,1,False,,,,,,,False,4.197599999997692,Positive directional derivative for linesearch
Iris,3,42,10,300,0.0001,50,least_cost,Unweighted k-means,All features mutable,α = 1,1.0,57,0,1,True,,4.0,0.20146902596122987,0.8977060230637419,2.5180469814079194,1.5180469814079194,True,1.605000000012069,Optimization terminated successfully
Iris,3,42,10,300,0.0001,50,least_cost,Unweighted k-means,All features mutable,α < 1,0.8507238734290548,57,0,1,True,,4.0,0.31444344748047726,1.1215051448486133,2.0155645038467997,1.0155645038467997,True,2.0268000000100983,Optimization terminated successfully
Iris,3,42,10,300,0.0001,50,least_cost,Unweighted k-means,Random 25% immutable,α = 1,1.0,57,0,1,True,,3.0,0.3007198919258616,1.0967586642937663,1.686980111921659,0.686980111921659,True,1.5752000000190947,Optimization terminated successfully
Iris,3,42,10,300,0.0001,50,least_cost,Unweighted k-means,Random 25% immutable,α < 1,0.8507238734290548,57,0,1,True,,3.0,0.46934956424180624,1.3701818335415286,1.3503390508756385,0.35033905087563855,True,1.5230000000201471,Optimization terminated successfully
Iris,3,42,10,300,0.0001,50,least_cost,Unweighted k-means,Random 50% immutable,α = 1,1.0,57,0,1,False,,,,,,,False,10.518799999999828,Positive directional derivative for linesearch
Iris,3,42,10,300,0.0001,50,least_cost,Unweighted k-means,Random 50% immutable,α < 1,0.8507238734290548,57,0,1,False,,,,,,,False,1.1224000000140677,Positive directional derivative for linesearch
Iris,3,42,10,300,0.0001,50,least_cost,Unweighted k-means,Random 75% immutable,α = 1,1.0,57,0,1,False,,,,,,,False,14.055200000001378,Positive directional derivative for linesearch
Iris,3,42,10,300,0.0001,50,least_cost,Unweighted k-means,Random 75% immutable,α < 1,0.8507238734290548,57,0,1,False,,,,,,,False,8.066299999995863,Positive directional derivative for linesearch
Iris,3,42,10,300,0.0001,50,least_cost,Unweighted k-means,All features mutable,α = 1,1.0,117,2,1,True,,4.0,2.0181192778217985,2.8412105010518305,1.6912162692055461,0.6912162692055461,True,1.61719999999832,Optimization terminated successfully
Iris,3,42,10,300,0.0001,50,least_cost,Unweighted k-means,All features mutable,α < 1,0.8507238734290548,117,2,1,True,,4.0,2.4592214094095732,3.136380977757373,1.5320528499536024,0.5320528499536024,True,1.6367000000059306,Optimization terminated successfully
Iris,3,42,10,300,0.0001,50,least_cost,Unweighted k-means,Random 25% immutable,α = 1,1.0,117,2,1,True,,3.0,3.012776120496972,3.4714700750529146,1.3133170361072293,0.3133170361072293,True,1.5414000000077976,Optimization terminated successfully
Iris,3,42,10,300,0.0001,50,least_cost,Unweighted k-means,Random 25% immutable,α < 1,0.8507238734290548,117,2,1,True,,3.0,3.671281285851867,3.832117579538429,1.1897184063731878,0.18971840637318782,True,2.251499999999851,Optimization terminated successfully
Iris,3,42,10,300,0.0001,50,least_cost,Unweighted k-means,Random 50% immutable,α = 1,1.0,117,2,1,False,,,,,,,False,4.993000000013126,Positive directional derivative for linesearch
Iris,3,42,10,300,0.0001,50,least_cost,Unweighted k-means,Random 50% immutable,α < 1,0.8507238734290548,117,2,1,False,,,,,,,False,1.7572000000143362,Positive directional derivative for linesearch
Iris,3,42,10,300,0.0001,50,least_cost,Unweighted k-means,Random 75% immutable,α = 1,1.0,117,2,1,False,,,,,,,False,1.8008000000122593,Positive directional derivative for linesearch
Iris,3,42,10,300,0.0001,50,least_cost,Unweighted k-means,Random 75% immutable,α < 1,0.8507238734290548,117,2,1,False,,,,,,,False,0.977100000000064,Positive directional derivative for linesearch
Iris,3,42,10,300,0.0001,50,least_cost,Unweighted k-means,All features mutable,α = 1,1.0,70,2,0,True,,4.0,0.00307701944019284,0.1109417764449955,26.853299121708584,25.853299121708584,True,1.1772000000007665,Optimization terminated successfully
Iris,3,42,10,300,0.0001,50,least_cost,Unweighted k-means,All features mutable,α < 1,0.9838316312572207,70,2,0,True,,4.0,0.003948717792978521,0.1256776478611614,23.70471403525071,22.70471403525071,True,1.1631000000136282,Optimization terminated successfully
Iris,3,42,10,300,0.0001,50,least_cost,Unweighted k-means,Random 25% immutable,α = 1,1.0,70,2,0,True,,3.0,0.005337197645988237,0.1461122533668992,26.925628926724173,25.925628926724173,True,1.3950000000022555,Optimization terminated successfully
Iris,3,42,10,300,0.0001,50,least_cost,Unweighted k-means,Random 25% immutable,α < 1,0.9838316312572207,70,2,0,True,,3.0,0.006849188872214609,0.16551965287801457,23.76856309205892,22.76856309205892,True,1.1757000000045537,Optimization terminated successfully
Iris,3,42,10,300,0.0001,50,least_cost,Unweighted k-means,Random 50% immutable,α = 1,1.0,70,2,0,True,,2.0,0.0055931274927221025,0.1495744295355607,14.773152024596712,13.773152024596712,True,1.069900000004509,Optimization terminated successfully
Iris,3,42,10,300,0.0001,50,least_cost,Unweighted k-means,Random 50% immutable,α < 1,0.9838316312572207,70,2,0,True,,2.0,0.007177621876683686,0.16944169353124025,13.040980286890592,12.040980286890592,True,1.0997999999915464,Optimization terminated successfully
Iris,3,42,10,300,0.0001,50,least_cost,Unweighted k-means,Random 75% immutable,α = 1,1.0,70,2,0,True,,1.0,0.018919361119093082,0.2750953370676652,8.124603325354075,7.124603325354075,True,1.0353000000122847,Optimization terminated successfully
Iris,3,42,10,300,0.0001,50,least_cost,Unweighted k-means,Random 75% immutable,α < 1,0.9838316312572207,70,2,0,True,,1.0,0.024279085437973934,0.3116349495032541,7.171982776296452,6.171982776296452,True,1.153799999997318,Optimization terminated successfully
Iris,3,42,10,300,0.0001,50,least_cost,Unweighted k-means,All features mutable,α = 1,1.0,29,1,0,True,,4.0,0.4327698413035943,1.3157048929050834,3.673716165162091,2.673716165162091,True,1.6449000000022806,Optimization terminated successfully
Iris,3,42,10,300,0.0001,50,least_cost,Unweighted k-means,All features mutable,α < 1,0.9838316312572207,29,1,0,True,,4.0,0.44886313922412063,1.33994498278716,3.6072573259054757,2.6072573259054757,True,1.622999999995045,Optimization terminated successfully
Iris,3,42,10,300,0.0001,50,least_cost,Unweighted k-means,Random 25% immutable,α = 1,1.0,29,1,0,True,,3.0,0.5870621204894344,1.5323995829932013,2.7081862844508136,1.7081862844508136,True,1.5858000000150696,Optimization terminated successfully
Iris,3,42,10,300,0.0001,50,least_cost,Unweighted k-means,Random 25% immutable,α < 1,0.9838316312572207,29,1,0,True,,3.0,0.6088930446925493,1.5606319805675513,2.6591942209474135,1.6591942209474135,True,1.7562999999825024,Optimization terminated successfully
Iris,3,42,10,300,0.0001,50,least_cost,Unweighted k-means,Random 50% immutable,α = 1,1.0,29,1,0,True,,2.0,0.9983558175482135,1.998355141158061,1.5924919268807813,0.5924919268807813,True,4.1365000000155305,Optimization terminated successfully
Iris,3,42,10,300,0.0001,50,least_cost,Unweighted k-means,Random 50% immutable,α < 1,0.9838316312572207,29,1,0,True,,2.0,1.035481411961395,2.0351721420669997,1.563683162249306,0.5636831622493059,True,1.4232000000049538,Optimization terminated successfully
Iris,3,42,10,300,0.0001,50,least_cost,Unweighted k-means,Random 75% immutable,α = 1,1.0,29,1,0,True,,1.0,1.4250081813654876,2.3874741308466465,1.2623727614429021,0.2623727614429021,True,1.433899999994992,Optimization terminated successfully
Iris,3,42,10,300,0.0001,50,least_cost,Unweighted k-means,Random 75% immutable,α < 1,0.9838316312572207,29,1,0,True,,1.0,1.4779995846777467,2.4314601248449432,1.239535981130915,0.239535981130915,True,1.3977000000124917,Optimization terminated successfully
Iris,3,42,10,300,0.0001,50,least_cost,Unweighted k-means,All features mutable,α = 1,1.0,106,0,2,True,,4.0,0.6884043575584726,1.6594027329837355,1.5716750924576453,0.5716750924576453,True,1.6446999999857326,Optimization terminated successfully
Iris,3,42,10,300,0.0001,50,least_cost,Unweighted k-means,All features mutable,α < 1,0.9568464819465536,106,0,2,True,,4.0,0.7214233691835948,1.6987329032942111,1.5352866542421348,0.5352866542421348,True,1.6639000000111537,Optimization terminated successfully
Iris,3,42,10,300,0.0001,50,least_cost,Unweighted k-means,Random 25% immutable,α = 1,1.0,106,0,2,True,,3.0,0.9657998871367306,1.9655023654391572,1.1202610464650127,0.12026104646501268,True,1.7139999999926658,Optimization terminated successfully
Iris,3,42,10,300,0.0001,50,least_cost,Unweighted k-means,Random 25% immutable,α < 1,0.9568464819465536,106,0,2,True,,3.0,1.0121240530876967,2.0120875260163973,1.0943240217630799,0.09432402176307986,True,1.531699999986813,Optimization terminated successfully
Iris,3,42,10,300,0.0001,50,least_cost,Unweighted k-means,Random 50% immutable,α = 1,1.0,106,0,2,True,,2.0,1.6646671510001223,2.5804396144844177,1.0,0.0,False,1.452900000003865,Optimization terminated successfully
Iris,3,42,10,300,0.0001,50,least_cost,Unweighted k-means,Random 50% immutable,α < 1,0.9568464819465536,106,0,2,True,,2.0,1.7463720351259715,2.643007404549576,1.0,0.0,False,1.408499999996593,Optimization terminated successfully
Iris,3,42,10,300,0.0001,50,least_cost,Unweighted k-means,Random 75% immutable,α = 1,1.0,106,0,2,False,,,,,,,False,8.353599999992412,Positive directional derivative for linesearch
Iris,3,42,10,300,0.0001,50,least_cost,Unweighted k-means,Random 75% immutable,α < 1,0.9568464819465536,106,0,2,False,,,,,,,False,1.3846999999884702,Positive directional derivative for linesearch
Iris,3,42,10,300,0.0001,50,least_cost,Unweighted k-means,All features mutable,α = 1,1.0,97,0,2,True,,4.0,0.03819133997423002,0.3908520946559198,8.098586946797356,7.098586946797356,True,1.3560999999810974,Optimization terminated successfully
Iris,3,42,10,300,0.0001,50,least_cost,Unweighted k-means,All features mutable,α < 1,0.9568464819465536,97,0,2,True,,4.0,0.04626419527290399,0.430182264966393,7.358159384499511,6.358159384499511,True,1.3249000000143951,Optimization terminated successfully
Iris,3,42,10,300,0.0001,50,least_cost,Unweighted k-means,Random 25% immutable,α = 1,1.0,97,0,2,True,,3.0,0.043730524889763006,0.41823689406728815,7.072768706354757,6.072768706354757,True,1.2419999999906395,Optimization terminated successfully
Iris,3,42,10,300,0.0001,50,least_cost,Unweighted k-means,Random 25% immutable,α < 1,0.9568464819465536,97,0,2,True,,3.0,0.05297424872370893,0.46032270734218156,6.426128385863375,5.426128385863375,True,1.6533000000151787,Optimization terminated successfully
Iris,3,42,10,300,0.0001,50,least_cost,Unweighted k-means,Random 50% immutable,α = 1,1.0,97,0,2,True,,2.0,0.09227529937759088,0.6075369927093852,4.399062958127073,3.3990629581270726,True,1.5054000000134238,Optimization terminated successfully
Iris,3,42,10,300,0.0001,50,least_cost,Unweighted k-means,Random 50% immutable,α < 1,0.9568464819465536,97,0,2,True,,2.0,0.1117803793255519,0.6686714569220131,3.996870850655235,2.996870850655235,True,1.5114999999923384,Optimization terminated successfully
Iris,3,42,10,300,0.0001,50,least_cost,Unweighted k-means,Random 75% immutable,α = 1,1.0,97,0,2,True,,1.0,0.3015113899940558,1.0982010562625695,1.3463002018521677,0.3463002018521677,True,1.3482999999894218,Optimization terminated successfully
Iris,3,42,10,300,0.0001,50,least_cost,Unweighted k-means,Random 75% immutable,α < 1,0.9568464819465536,97,0,2,True,,1.0,0.3652446296228958,1.208709443369904,1.2232123376139539,0.22321233761395387,True,1.3509000000055948,Optimization terminated successfully
Iris,3,42,10,300,0.0001,50,least_cost,Unweighted k-means,All features mutable,α = 1,1.0,78,0,1,True,,4.0,0.472474199896706,1.374735174346981,2.611652515607347,1.611652515607347,True,1.8641000000059194,Optimization terminated successfully
Iris,3,42,10,300,0.0001,50,least_cost,Unweighted k-means,All features mutable,α < 1,0.8507238734290548,78,0,1,True,,4.0,0.6388279739774403,1.5985342961318538,2.246014108218199,1.246014108218199,True,1.7317999999875155,Optimization terminated successfully
Iris,3,42,10,300,0.0001,50,least_cost,Unweighted k-means,Random 25% immutable,α = 1,1.0,78,0,1,True,,3.0,0.6785462455471348,1.647478370780187,1.8185030812257328,0.8185030812257328,True,1.4841999999930522,Optimization terminated successfully
Iris,3,42,10,300,0.0001,50,least_cost,Unweighted k-means,Random 25% immutable,α < 1,0.8507238734290548,78,0,1,True,,3.0,0.9174560714376394,1.9156785444720514,1.563907743924424,0.563907743924424,True,1.576999999997497,Optimization terminated successfully
Iris,3,42,10,300,0.0001,50,least_cost,Unweighted k-means,Random 50% immutable,α = 1,1.0,78,0,1,True,,2.0,0.7455324505951817,1.726884420678097,1.6649114850750786,0.6649114850750786,True,1.4046000000007552,Optimization terminated successfully
Iris,3,42,10,300,0.0001,50,least_cost,Unweighted k-means,Random 50% immutable,α < 1,0.8507238734290548,78,0,1,True,,2.0,1.0227007835618225,2.022573394032288,1.2718523563425748,0.27185235634257476,True,1.4223000000015418,Optimization terminated successfully
Iris,3,42,10,300,0.0001,50,least_cost,Unweighted k-means,Random 75% immutable,α = 1,1.0,78,0,1,False,,,,,,,False,6.014300000003914,Positive directional derivative for linesearch
Iris,3,42,10,300,0.0001,50,least_cost,Unweighted k-means,Random 75% immutable,α < 1,0.8507238734290548,78,0,1,False,,,,,,,False,5.966599999993605,Positive directional derivative for linesearch
Iris,3,42,10,300,0.0001,50,least_cost,Unweighted k-means,All features mutable,α = 1,1.0,22,1,2,True,,4.0,1.6191078179073264,2.544883351281411,2.0909477592448837,1.0909477592448837,True,1.6530000000045675,Optimization terminated successfully
Iris,3,42,10,300,0.0001,50,least_cost,Unweighted k-means,All features mutable,α < 1,0.9568464819465536,22,1,2,True,,4.0,1.7226099861642354,2.6249647511265635,2.022684429314336,1.022684429314336,True,1.8758000000218544,Optimization terminated successfully
Iris,3,42,10,300,0.0001,50,least_cost,Unweighted k-means,Random 25% immutable,α = 1,1.0,22,1,2,True,,3.0,2.3997379821384444,3.098217540547109,1.5567184286704816,0.5567184286704816,True,1.6133000000024822,Optimization terminated successfully
Iris,3,42,10,300,0.0001,50,least_cost,Unweighted k-means,Random 25% immutable,α < 1,0.9568464819465536,22,1,2,True,,3.0,2.556820071843723,3.198011927334683,1.5038737253051344,0.5038737253051344,True,1.6822999999988042,Optimization terminated successfully
Iris,3,42,10,300,0.0001,50,least_cost,Unweighted k-means,Random 50% immutable,α = 1,1.0,22,1,2,True,,2.0,2.4851725168169123,3.1528859902108177,1.45649328640505,0.45649328640504994,True,1.4183000000116408,Optimization terminated successfully
Iris,3,42,10,300,0.0001,50,least_cost,Unweighted k-means,Random 50% immutable,α < 1,0.9568464819465536,22,1,2,True,,2.0,2.6569425858651776,3.2600261261929653,1.4086259091761897,0.4086259091761897,True,1.3999000000239903,Optimization terminated successfully
Iris,3,42,10,300,0.0001,50,least_cost,Unweighted k-means,Random 75% immutable,α = 1,1.0,22,1,2,False,,,,,,,False,2.594200000004321,Positive directional derivative for linesearch
Iris,3,42,10,300,0.0001,50,least_cost,Unweighted k-means,Random 75% immutable,α < 1,0.9568464819465536,22,1,2,False,,,,,,,False,6.78550000000655,Positive directional derivative for linesearch
Iris,3,42,10,300,0.0001,50,least_cost,Unweighted k-means,All features mutable,α = 1,1.0,121,0,2,True,,4.0,0.06135249778402027,0.49538872730016886,3.2903983008084503,2.2903983008084503,True,1.2739000000010492,Optimization terminated successfully
Iris,3,42,10,300,0.0001,50,least_cost,Unweighted k-means,All features mutable,α < 1,0.9568464819465536,121,0,2,True,,4.0,0.07148107487939713,0.5347188976626771,3.0483796873309337,2.0483796873309337,True,1.3233999999897605,Optimization terminated successfully
Iris,3,42,10,300,0.0001,50,least_cost,Unweighted k-means,Random 25% immutable,α = 1,1.0,121,0,2,True,,3.0,0.07025092431659362,0.5300978185829239,2.8736156354698714,1.8736156354698714,True,1.1691999999925429,Optimization terminated successfully
Iris,3,42,10,300,0.0001,50,least_cost,Unweighted k-means,Random 25% immutable,α < 1,0.9568464819465536,121,0,2,True,,3.0,0.08184852716345653,0.5721836319345618,2.6622526306338132,1.6622526306338132,True,1.1049000000014075,Optimization terminated successfully
Iris,3,42,10,300,0.0001,50,least_cost,Unweighted k-means,Random 50% immutable,α = 1,1.0,121,0,2,True,,2.0,0.21269781735961257,0.9223834720106656,1.0,0.0,False,1.1319999999841457,Optimization terminated successfully
Iris,3,42,10,300,0.0001,50,least_cost,Unweighted k-means,Random 50% immutable,α < 1,0.9568464819465536,121,0,2,True,,2.0,0.2515026003324972,1.0030006985690434,1.0,0.0,False,1.3677999999970325,Optimization terminated successfully
Iris,3,42,10,300,0.0001,50,least_cost,Unweighted k-means,Random 75% immutable,α = 1,1.0,121,0,2,False,,,,,,,False,1.512100000013561,Positive directional derivative for linesearch
Iris,3,42,10,300,0.0001,50,least_cost,Unweighted k-means,Random 75% immutable,α < 1,0.9568464819465536,121,0,2,False,,,,,,,False,4.860100000001921,Positive directional derivative for linesearch
Iris,3,42,10,300,0.0001,50,least_cost,Unweighted k-means,All features mutable,α = 1,1.0,15,1,2,True,,4.0,0.8270012731631762,1.818792207112375,2.641918877968318,1.641918877968318,True,1.7134999999939282,Optimization terminated successfully
Iris,3,42,10,300,0.0001,50,least_cost,Unweighted k-means,All features mutable,α < 1,0.9568464819465536,15,1,2,True,,4.0,0.9064197875764466,1.9041216217210986,2.523526554589606,1.5235265545896062,True,1.6644999999755328,Optimization terminated successfully
Iris,3,42,10,300,0.0001,50,least_cost,Unweighted k-means,Random 25% immutable,α = 1,1.0,15,1,2,True,,3.0,1.234599815178325,2.2222509445859844,1.8053865469406607,0.8053865469406607,True,1.827499999990323,Optimization terminated successfully
Iris,3,42,10,300,0.0001,50,least_cost,Unweighted k-means,Random 25% immutable,α < 1,0.9568464819465536,15,1,2,True,,3.0,1.3531607973656123,2.326508798492378,1.7244817498486416,0.7244817498486416,True,1.5257000000019616,Optimization terminated successfully
Iris,3,42,10,300,0.0001,50,least_cost,Unweighted k-means,Random 50% immutable,α = 1,1.0,15,1,2,True,,2.0,1.30380617080487,2.2836866429568397,1.7095561857101722,0.7095561857101722,True,1.4265000000079908,Optimization terminated successfully
Iris,3,42,10,300,0.0001,50,least_cost,Unweighted k-means,Random 50% immutable,α < 1,0.9568464819465536,15,1,2,True,,2.0,1.429013171722933,2.3908267789389788,1.6329458270415025,0.6329458270415025,True,1.473500000003014,Optimization terminated successfully
Iris,3,42,10,300,0.0001,50,least_cost,Unweighted k-means,Random 75% immutable,α = 1,1.0,15,1,2,False,,,,,,,False,3.820399999995061,Positive directional derivative for linesearch
Iris,3,42,10,300,0.0001,50,least_cost,Unweighted k-means,Random 75% immutable,α < 1,0.9568464819465536,15,1,2,False,,,,,,,False,1.6224000000022443,Positive directional derivative for linesearch
Iris,3,42,10,300,0.0001,50,least_cost,Unweighted k-means,All features mutable,α = 1,1.0,10,1,0,True,,4.0,0.7559895068949956,1.7389531412835662,2.2289798945676123,1.2289798945676123,True,1.5930000000139444,Optimization terminated successfully
Iris,3,42,10,300,0.0001,50,least_cost,Unweighted k-means,All features mutable,α < 1,0.9838316312572207,10,1,0,True,,4.0,0.777212592607083,1.7631932311656406,2.170870341901375,1.170870341901375,True,1.5509999999778756,Optimization terminated successfully
Iris,3,42,10,300,0.0001,50,least_cost,Unweighted k-means,Random 25% immutable,α = 1,1.0,10,1,0,True,,3.0,0.8432097141933318,1.836529024212067,2.872874505567426,1.872874505567426,True,1.4614000000108263,Optimization terminated successfully
Iris,3,42,10,300,0.0001,50,least_cost,Unweighted k-means,Random 25% immutable,α < 1,0.9838316312572207,10,1,0,True,,3.0,0.8668813549692655,1.862129270452796,2.833378713530844,1.833378713530844,True,1.6867999999874428,Optimization terminated successfully
Iris,3,42,10,300,0.0001,50,least_cost,Unweighted k-means,Random 50% immutable,α = 1,1.0,10,1,0,True,,2.0,1.275145529973104,2.258446837960198,2.0109551151851277,1.0109551151851277,True,1.4844000000096003,Optimization terminated successfully
Iris,3,42,10,300,0.0001,50,least_cost,Unweighted k-means,Random 50% immutable,α < 1,0.9838316312572207,10,1,0,True,,2.0,1.3109430147677799,2.2899283960576406,1.9833088521526874,0.9833088521526874,True,1.4917000000025382,Optimization terminated successfully
Iris,3,42,10,300,0.0001,50,least_cost,Unweighted k-means,Random 75% immutable,α = 1,1.0,10,1,0,True,,1.0,2.290570269599078,3.0269260113845387,1.2996189508594997,0.29961895085949974,True,1.3357999999925596,Optimization terminated successfully
Iris,3,42,10,300,0.0001,50,least_cost,Unweighted k-means,Random 75% immutable,α < 1,0.9838316312572207,10,1,0,True,,1.0,2.3548740313813443,3.0691197639592653,1.2817520037634855,0.2817520037634855,True,1.3400999999930718,Optimization terminated successfully
Iris,3,42,10,300,0.0001,50,least_cost,Unweighted k-means,All features mutable,α = 1,1.0,137,2,1,True,,4.0,0.79238229183692,1.7803171535846303,2.4488260778684596,1.4488260778684596,True,1.7050999999810301,Optimization terminated successfully
Iris,3,42,10,300,0.0001,50,least_cost,Unweighted k-means,All features mutable,α < 1,0.8507238734290548,137,2,1,True,,4.0,1.0135773400238417,2.0135315642163065,2.073471864270517,1.073471864270517,True,1.6233999999997195,Optimization terminated successfully
Iris,3,42,10,300,0.0001,50,least_cost,Unweighted k-means,Random 25% immutable,α = 1,1.0,137,2,1,True,,3.0,1.0999114450974845,2.097533260854268,1.7900998661933039,0.7900998661933039,True,1.5523000000143838,Optimization terminated successfully
Iris,3,42,10,300,0.0001,50,least_cost,Unweighted k-means,Random 25% immutable,α < 1,0.8507238734290548,137,2,1,True,,3.0,1.4472655037020261,2.406046968537419,1.5231057422741394,0.5231057422741394,True,1.4558000000022275,Optimization terminated successfully
Iris,3,42,10,300,0.0001,50,least_cost,Unweighted k-means,Random 50% immutable,α = 1,1.0,137,2,1,True,,2.0,1.909873730382798,2.763963625218536,1.0000000000000002,2.220446049250313e-16,True,1.3643999999999323,Optimization terminated successfully
Iris,3,42,10,300,0.0001,50,least_cost,Unweighted k-means,Random 50% immutable,α < 1,0.8507238734290548,137,2,1,False,,,,,,,False,16.46180000000186,Positive directional derivative for linesearch
Iris,3,42,10,300,0.0001,50,least_cost,Unweighted k-means,Random 75% immutable,α = 1,1.0,137,2,1,False,,,,,,,False,6.2853000000018255,Positive directional derivative for linesearch
Iris,3,42,10,300,0.0001,50,least_cost,Unweighted k-means,Random 75% immutable,α < 1,0.8507238734290548,137,2,1,False,,,,,,,False,5.060999999983551,Positive directional derivative for linesearch
Iris,3,42,10,300,0.0001,50,least_cost,Ranked k-means,All features mutable,α = 1,1.0,51,2,1,True,,4.0,0.3202399914088572,1.1317950192660458,3.1722445276568463,2.1722445276568463,True,1.7491000000120493,Optimization terminated successfully
Iris,3,42,10,300,0.0001,50,least_cost,Ranked k-means,All features mutable,α < 1,0.8507238734290548,51,2,1,True,,4.0,0.46521523549558025,1.3641337698269627,2.505874872709901,1.5058748727099012,True,1.7854000000170345,Optimization terminated successfully
Iris,3,42,10,300,0.0001,50,least_cost,Ranked k-means,Random 25% immutable,α = 1,1.0,51,2,1,True,,3.0,0.4634213642424115,1.3615011777334773,2.1042505588787703,1.1042505588787703,True,1.6588999999953558,Optimization terminated successfully
Iris,3,42,10,300,0.0001,50,least_cost,Ranked k-means,Random 25% immutable,α < 1,0.8507238734290548,51,2,1,True,,3.0,0.6949474859996745,1.6672702072545704,1.6299813309170696,0.6299813309170696,True,1.794100000012122,Optimization terminated successfully
Iris,3,42,10,300,0.0001,50,least_cost,Ranked k-means,Random 50% immutable,α = 1,1.0,51,2,1,True,,2.0,0.8457942894559087,1.8393415011420895,1.8037787322813836,0.8037787322813836,True,1.414199999999255,Optimization terminated successfully
Iris,3,42,10,300,0.0001,50,least_cost,Ranked k-means,Random 50% immutable,α < 1,0.8507238734290548,51,2,1,True,,2.0,1.3322076677018124,2.3084260158833874,1.3276314271805165,0.3276314271805165,True,1.385499999997819,Optimization terminated successfully
Iris,3,42,10,300,0.0001,50,least_cost,Ranked k-means,Random 75% immutable,α = 1,1.0,51,2,1,False,,,,,,,False,6.592999999980975,Positive directional derivative for linesearch
Iris,3,42,10,300,0.0001,50,least_cost,Ranked k-means,Random 75% immutable,α < 1,0.8507238734290548,51,2,1,False,,,,,,,False,2.558200000009947,Positive directional derivative for linesearch
Iris,3,42,10,300,0.0001,50,least_cost,Ranked k-means,All features mutable,α = 1,1.0,60,0,2,True,,4.0,1.9239943974242595,2.7741625023954595,1.762722551385125,0.762722551385125,True,1.6896999999858053,Optimization terminated successfully
Iris,3,42,10,300,0.0001,50,least_cost,Ranked k-means,All features mutable,α < 1,0.9568464819465536,60,0,2,True,,4.0,1.9789352548424943,2.8134926727059337,1.7380812012300917,0.7380812012300917,True,1.659200000005967,Optimization terminated successfully
Iris,3,42,10,300,0.0001,50,least_cost,Ranked k-means,Random 25% immutable,α = 1,1.0,60,0,2,True,,3.0,2.2976871476967995,3.0316247443882625,1.6298655499589465,0.6298655499589465,True,1.4991999999836025,Optimization terminated successfully
Iris,3,42,10,300,0.0001,50,least_cost,Ranked k-means,Random 25% immutable,α < 1,0.9568464819465536,60,0,2,True,,3.0,2.363299034167122,3.074605037507824,1.6070814566069607,0.6070814566069607,True,1.4955000000043128,Optimization terminated successfully
Iris,3,42,10,300,0.0001,50,least_cost,Ranked k-means,Random 50% immutable,α = 1,1.0,60,0,2,True,,2.0,3.4972629071504318,3.7401940629600663,1.0708148687244132,0.07081486872441323,True,1.5825000000120326,Optimization terminated successfully
Iris,3,42,10,300,0.0001,50,least_cost,Ranked k-means,Random 50% immutable,α < 1,0.9568464819465536,60,0,2,True,,2.0,3.5971294259890776,3.7932199651425846,1.0558458174358567,0.055845817435856704,True,1.6089000000079068,Optimization terminated successfully
Iris,3,42,10,300,0.0001,50,least_cost,Ranked k-means,Random 75% immutable,α = 1,1.0,60,0,2,False,,,,,,,False,1.5873000000112825,Positive directional derivative for linesearch
Iris,3,42,10,300,0.0001,50,least_cost,Ranked k-means,Random 75% immutable,α < 1,0.9568464819465536,60,0,2,False,,,,,,,False,7.887199999998984,Positive directional derivative for linesearch
Iris,3,42,10,300,0.0001,50,least_cost,Ranked k-means,All features mutable,α = 1,1.0,54,0,1,True,,4.0,0.7515692854568381,1.7338619154440622,2.070713121023774,1.0707131210237741,True,1.8689000000051692,Optimization terminated successfully
Iris,3,42,10,300,0.0001,50,least_cost,Ranked k-means,All features mutable,α < 1,0.8507238734290548,54,0,1,True,,4.0,0.9581091841710688,1.9576610372289365,1.8339899267240538,0.8339899267240538,True,1.705899999990379,Optimization terminated successfully
Iris,3,42,10,300,0.0001,50,least_cost,Ranked k-means,Random 25% immutable,α = 1,1.0,54,0,1,True,,3.0,1.1218192633783342,2.118319393649913,1.3872862002579383,0.38728620025793825,True,1.6511999999977434,Optimization terminated successfully
Iris,3,42,10,300,0.0001,50,least_cost,Ranked k-means,Random 25% immutable,α < 1,0.8507238734290548,54,0,1,True,,3.0,1.4301081217940856,2.391742562897676,1.2286921297893354,0.2286921297893354,True,1.6502999999943313,Optimization terminated successfully
Iris,3,42,10,300,0.0001,50,least_cost,Ranked k-means,Random 50% immutable,α = 1,1.0,54,0,1,True,,2.0,1.3266481135343131,2.303604231229239,1.1730950894419643,0.17309508944196428,True,1.530999999999949,Optimization terminated successfully
Iris,3,42,10,300,0.0001,50,least_cost,Ranked k-means,Random 50% immutable,α < 1,0.8507238734290548,54,0,1,True,,2.0,1.6912262998717866,2.600943136534735,1.0389872709475134,0.03898727094751342,True,1.423999999985881,Optimization terminated successfully
Iris,3,42,10,300,0.0001,50,least_cost,Ranked k-means,Random 75% immutable,α = 1,1.0,54,0,1,False,,,,,,,False,0.9300000000109776,Positive directional derivative for linesearch
Iris,3,42,10,300,0.0001,50,least_cost,Ranked k-means,Random 75% immutable,α < 1,0.8507238734290548,54,0,1,False,,,,,,,False,4.542700000001787,Positive directional derivative for linesearch
Iris,3,42,10,300,0.0001,50,least_cost,Ranked k-means,All features mutable,α = 1,1.0,9,1,0,True,,4.0,0.362141844907036,1.203564447642146,3.6813420627823383,2.6813420627823383,True,1.6595000000165783,Optimization terminated successfully
Iris,3,42,10,300,0.0001,50,least_cost,Ranked k-means,All features mutable,α < 1,0.9838316312572207,9,1,0,True,,4.0,0.3768759955912679,1.2278045375242232,3.608662719485949,2.608662719485949,True,1.6022000000077696,Optimization terminated successfully
Iris,3,42,10,300,0.0001,50,least_cost,Ranked k-means,Random 25% immutable,α = 1,1.0,9,1,0,True,,3.0,0.5200918680234901,1.4423479025859054,2.563331795928628,1.5633317959286281,True,1.5355999999826508,Optimization terminated successfully
Iris,3,42,10,300,0.0001,50,least_cost,Ranked k-means,Random 25% immutable,α < 1,0.9838316312572207,9,1,0,True,,3.0,0.5412523941015217,1.4713971511478765,2.512724903713599,1.512724903713599,True,1.5115000000207601,Optimization terminated successfully
Iris,3,42,10,300,0.0001,50,least_cost,Ranked k-means,Random 50% immutable,α = 1,1.0,9,1,0,True,,2.0,0.6392421892091097,1.5990524559364645,2.6228188237672887,1.6228188237672887,True,1.4245000000130403,Optimization terminated successfully
Iris,3,42,10,300,0.0001,50,least_cost,Ranked k-means,Random 50% immutable,α < 1,0.9838316312572207,9,1,0,True,,2.0,0.6652504809102341,1.631257773511267,2.5710374803585845,1.5710374803585845,True,1.452000000000453,Optimization terminated successfully
Iris,3,42,10,300,0.0001,50,least_cost,Ranked k-means,Random 75% immutable,α = 1,1.0,9,1,0,True,,1.0,1.0972524562262633,2.094996378255832,1.2150057359868847,0.21500573598688466,True,1.274700000010398,Optimization terminated successfully
Iris,3,42,10,300,0.0001,50,least_cost,Ranked k-means,Random 75% immutable,α < 1,0.9838316312572207,9,1,0,True,,1.0,1.141895413829881,2.1371901308305548,1.1910183280995121,0.19101832809951214,True,1.3591000000019449,Optimization terminated successfully
Iris,3,42,10,300,0.0001,50,least_cost,Ranked k-means,All features mutable,α = 1,1.0,116,2,1,True,,4.0,0.9527973209523672,1.9522267501008865,2.2331869092477725,1.2331869092477725,True,1.6827000000034786,Optimization terminated successfully
Iris,3,42,10,300,0.0001,50,least_cost,Ranked k-means,All features mutable,α < 1,0.8507238734290548,116,2,1,True,,4.0,1.1858957518833688,2.1779768151964967,1.9614409747343646,0.9614409747343646,True,1.6284000000155174,Optimization terminated successfully
Iris,3,42,10,300,0.0001,50,least_cost,Ranked k-means,Random 25% immutable,α = 1,1.0,116,2,1,True,,3.0,1.3772473620490087,2.3471236542193585,1.4867896195827706,0.48678961958277056,True,1.1833000000081029,Optimization terminated successfully
Iris,3,42,10,300,0.0001,50,least_cost,Ranked k-means,Random 25% immutable,α < 1,0.8507238734290548,116,2,1,True,,3.0,1.7496092542527255,2.645455918553719,1.2715140667220053,0.2715140667220053,True,1.465999999993528,Optimization terminated successfully
Iris,3,42,10,300,0.0001,50,least_cost,Ranked k-means,Random 50% immutable,α = 1,1.0,116,2,1,True,,2.0,2.506587528234095,3.1664412378783187,1.1024995206010422,0.10249952060104217,True,1.5154999999822394,Optimization terminated successfully
Iris,3,42,10,300,0.0001,50,least_cost,Ranked k-means,Random 50% immutable,α < 1,0.8507238734290548,116,2,1,True,,2.0,3.872063845278273,3.935512086261849,1.0,0.0,False,1.3916999999992186,Optimization terminated successfully
Iris,3,42,10,300,0.0001,50,least_cost,Ranked k-means,Random 75% immutable,α = 1,1.0,116,2,1,False,,,,,,,False,3.8348000000212323,Positive directional derivative for linesearch
Iris,3,42,10,300,0.0001,50,least_cost,Ranked k-means,Random 75% immutable,α < 1,0.8507238734290548,116,2,1,False,,,,,,,False,10.43549999999982,Positive directional derivative for linesearch
Iris,3,42,10,300,0.0001,50,least_cost,Ranked k-means,All features mutable,α = 1,1.0,141,2,1,True,,4.0,1.2478769666872784,2.2341682718070084,1.7996507197319176,0.7996507197319176,True,1.5821000000073582,Optimization terminated successfully
Iris,3,42,10,300,0.0001,50,least_cost,Ranked k-means,All features mutable,α < 1,0.8507238734290548,141,2,1,True,,4.0,1.5656114946237274,2.5024879577122663,1.5955989813374292,0.5955989813374292,True,1.5638000000137708,Optimization terminated successfully
Iris,3,42,10,300,0.0001,50,least_cost,Ranked k-means,Random 25% immutable,α = 1,1.0,141,2,1,True,,3.0,1.7845133773856854,2.671713590477606,1.296127207215198,0.2961272072151979,True,1.5582999999992353,Optimization terminated successfully
Iris,3,42,10,300,0.0001,50,least_cost,Ranked k-means,Random 25% immutable,α < 1,0.8507238734290548,141,2,1,True,,3.0,2.168457633371424,2.9451367597253775,1.175796221526751,0.175796221526751,True,1.4786000000128752,Optimization terminated successfully
Iris,3,42,10,300,0.0001,50,least_cost,Ranked k-means,Random 50% immutable,α = 1,1.0,141,2,1,True,,2.0,2.1103411066021946,2.905402627246141,1.096010660319374,0.096010660319374,True,1.3695000000097934,Optimization terminated successfully
Iris,3,42,10,300,0.0001,50,least_cost,Ranked k-means,Random 50% immutable,α < 1,0.8507238734290548,141,2,1,True,,2.0,2.5644860209793277,3.2028025358921695,1.0,0.0,False,1.3676000000089061,Optimization terminated successfully
Iris,3,42,10,300,0.0001,50,least_cost,Ranked k-means,Random 75% immutable,α = 1,1.0,141,2,1,False,,,,,,,False,4.024700000002213,Positive directional derivative for linesearch
Iris,3,42,10,300,0.0001,50,least_cost,Ranked k-means,Random 75% immutable,α < 1,0.8507238734290548,141,2,1,False,,,,,,,False,3.873399999974936,Positive directional derivative for linesearch
Iris,3,42,10,300,0.0001,50,least_cost,Ranked k-means,All features mutable,α = 1,1.0,81,0,1,True,,4.0,0.39493466683439976,1.256876552147266,1.8363534968067314,0.8363534968067314,True,1.5453000000036354,Optimization terminated successfully
Iris,3,42,10,300,0.0001,50,least_cost,Ranked k-means,All features mutable,α < 1,0.8507238734290548,81,0,1,True,,4.0,0.548100112843598,1.4806756739321385,1.558794893723445,0.558794893723445,True,1.5610000000094715,Optimization terminated successfully
Iris,3,42,10,300,0.0001,50,least_cost,Ranked k-means,Random 25% immutable,α = 1,1.0,81,0,1,True,,3.0,0.4404991663366141,1.327402224401653,1.6464041558590279,0.6464041558590279,True,1.5404000000103224,Optimization terminated successfully
Iris,3,42,10,300,0.0001,50,least_cost,Ranked k-means,Random 25% immutable,α < 1,0.8507238734290548,81,0,1,True,,3.0,0.6113356538484036,1.5637591295956084,1.3975557365412006,0.3975557365412006,True,1.4888999999982389,Optimization terminated successfully
Iris,3,42,10,300,0.0001,50,least_cost,Ranked k-means,Random 50% immutable,α = 1,1.0,81,0,1,True,,2.0,0.6661457208760582,1.6323550114801109,1.0887102291203832,0.08871022912038318,True,1.41179999999963,Optimization terminated successfully
Iris,3,42,10,300,0.0001,50,least_cost,Ranked k-means,Random 50% immutable,α < 1,0.8507238734290548,81,0,1,True,,2.0,0.9287284161015502,1.9274111300929548,1.0000000000000002,2.220446049250313e-16,True,1.411900000022115,Optimization terminated successfully
Iris,3,42,10,300,0.0001,50,least_cost,Ranked k-means,Random 75% immutable,α = 1,1.0,81,0,1,False,,,,,,,False,1.3289999999983593,Positive directional derivative for linesearch
Iris,3,42,10,300,0.0001,50,least_cost,Ranked k-means,Random 75% immutable,α < 1,0.8507238734290548,81,0,1,False,,,,,,,False,3.3090000000015607,Positive directional derivative for linesearch
Iris,3,42,10,300,0.0001,50,least_cost,Ranked k-means,All features mutable,α = 1,1.0,100,2,0,True,,4.0,0.3389383576774071,1.1643682539083708,3.198250059966498,2.198250059966498,True,1.6600999999809574,Optimization terminated successfully
Iris,3,42,10,300,0.0001,50,least_cost,Ranked k-means,All features mutable,α < 1,0.9838316312572207,100,2,0,True,,4.0,0.34757163463175905,1.1791041253964962,3.158279872232342,2.158279872232342,True,1.6281999999989694,Optimization terminated successfully
Iris,3,42,10,300,0.0001,50,least_cost,Ranked k-means,Random 25% immutable,α = 1,1.0,100,2,0,True,,3.0,0.4047695301708897,1.2724300062021323,2.6780909638785992,1.6780909638785992,True,1.5187999999852764,Optimization terminated successfully
Iris,3,42,10,300,0.0001,50,least_cost,Ranked k-means,Random 25% immutable,α < 1,0.9838316312572207,100,2,0,True,,3.0,0.4150796275012544,1.288533472597828,2.6446214787812377,1.6446214787812377,True,1.5388999999856878,Optimization terminated successfully
Iris,3,42,10,300,0.0001,50,least_cost,Ranked k-means,Random 50% immutable,α = 1,1.0,100,2,0,True,,2.0,0.5782793784008405,1.5208936562440394,1.8745430854937104,0.8745430854937104,True,1.4276999999935924,Optimization terminated successfully
Iris,3,42,10,300,0.0001,50,least_cost,Ranked k-means,Random 50% immutable,α < 1,0.9838316312572207,100,2,0,True,,2.0,0.5930090362210277,1.5401415989720266,1.8511159534312889,0.8511159534312889,True,1.4105000000199652,Optimization terminated successfully
Iris,3,42,10,300,0.0001,50,least_cost,Ranked k-means,Random 75% immutable,α = 1,1.0,100,2,0,True,,1.0,0.8003709515564518,1.7892690703820393,1.3543840046123403,0.3543840046123403,True,1.2634999999932006,Optimization terminated successfully
Iris,3,42,10,300,0.0001,50,least_cost,Ranked k-means,Random 75% immutable,α < 1,0.9838316312572207,100,2,0,True,,1.0,0.8207576205022581,1.8119134863477981,1.3374575702053473,0.3374575702053473,True,1.2767000000053486,Optimization terminated successfully
Iris,3,42,10,300,0.0001,50,least_cost,Ranked k-means,All features mutable,α = 1,1.0,38,1,2,True,,4.0,2.109539155118077,2.9048505332413073,2.203728959560694,1.203728959560694,True,1.6142000000058943,Optimization terminated successfully
Iris,3,42,10,300,0.0001,50,least_cost,Ranked k-means,All features mutable,α < 1,0.9568464819465536,38,1,2,True,,4.0,2.1843955433191304,2.955940150489607,2.1632198574477104,1.1632198574477104,True,1.6190999999992073,Optimization terminated successfully
Iris,3,42,10,300,0.0001,50,least_cost,Ranked k-means,Random 25% immutable,α = 1,1.0,38,1,2,True,,3.0,2.6681398668332834,3.266888346321792,1.5577484553245808,0.5577484553245808,True,1.5403999999819007,Optimization terminated successfully
Iris,3,42,10,300,0.0001,50,least_cost,Ranked k-means,Random 25% immutable,α < 1,0.9568464819465536,38,1,2,True,,3.0,2.7913940520907046,3.341493110626269,1.499864352545854,0.49986435254585393,True,1.5010000000188484,Optimization terminated successfully
Iris,3,42,10,300,0.0001,50,least_cost,Ranked k-means,Random 50% immutable,α = 1,1.0,38,1,2,False,,,,,,,False,8.65389999998456,Positive directional derivative for linesearch
Iris,3,42,10,300,0.0001,50,least_cost,Ranked k-means,Random 50% immutable,α < 1,0.9568464819465536,38,1,2,False,,,,,,,False,11.187500000005457,Positive directional derivative for linesearch
Iris,3,42,10,300,0.0001,50,least_cost,Ranked k-means,Random 75% immutable,α = 1,1.0,38,1,2,False,,,,,,,False,7.136199999990822,Positive directional derivative for linesearch
Iris,3,42,10,300,0.0001,50,least_cost,Ranked k-means,Random 75% immutable,α < 1,0.9568464819465536,38,1,2,False,,,,,,,False,2.0926999999915097,Positive directional derivative for linesearch
Iris,3,42,10,300,0.0001,50,least_cost,Ranked k-means,All features mutable,α = 1,1.0,65,2,1,True,,4.0,0.41146148259754284,1.2829052694529597,2.5986941281201865,1.5986941281201865,True,1.9522000000051776,Optimization terminated successfully
Iris,3,42,10,300,0.0001,50,least_cost,Ranked k-means,All features mutable,α < 1,0.8507238734290548,65,2,1,True,,4.0,0.5728218911267531,1.513699958547602,2.1096343663814623,1.1096343663814623,True,1.722499999999627,Optimization terminated successfully
Iris,3,42,10,300,0.0001,50,least_cost,Ranked k-means,Random 25% immutable,α = 1,1.0,65,2,1,True,,3.0,0.5654366011008918,1.5039103711337212,1.9100678822765935,0.9100678822765935,True,1.6635000000064792,Optimization terminated successfully
Iris,3,42,10,300,0.0001,50,least_cost,Ranked k-means,Random 25% immutable,α < 1,0.8507238734290548,65,2,1,True,,3.0,0.8178118792899666,1.8086590383927719,1.5310454587525757,0.5310454587525757,True,1.7280999999798041,Optimization terminated successfully
Iris,3,42,10,300,0.0001,50,least_cost,Ranked k-means,Random 50% immutable,α = 1,1.0,65,2,1,True,,2.0,1.0872446986577762,2.0854205318427037,1.8172499273582268,0.8172499273582268,True,1.5188999999793396,Optimization terminated successfully
Iris,3,42,10,300,0.0001,50,least_cost,Ranked k-means,Random 50% immutable,α < 1,0.8507238734290548,65,2,1,True,,2.0,1.6299543918851938,2.5533933436783247,1.3807239329475052,0.3807239329475052,True,1.4258000000211268,Optimization terminated successfully
Iris,3,42,10,300,0.0001,50,least_cost,Ranked k-means,Random 75% immutable,α = 1,1.0,65,2,1,False,,,,,,,False,2.7024000000039905,Positive directional derivative for linesearch
Iris,3,42,10,300,0.0001,50,least_cost,Ranked k-means,Random 75% immutable,α < 1,0.8507238734290548,65,2,1,False,,,,,,,False,6.64590000002363,Positive directional derivative for linesearch
Iris,3,42,10,300,0.0001,50,least_cost,Ranked k-means,All features mutable,α = 1,1.0,143,2,0,True,,4.0,0.42792707811565056,1.3083227096028724,3.557934151418554,2.557934151418554,True,1.613200000008419,Optimization terminated successfully
Iris,3,42,10,300,0.0001,50,least_cost,Ranked k-means,All features mutable,α < 1,0.9838316312572207,143,2,0,True,,4.0,0.4376210022496302,1.3230585810909965,3.518306830566044,2.518306830566044,True,1.8599999999935335,Optimization terminated successfully
Iris,3,42,10,300,0.0001,50,least_cost,Ranked k-means,Random 25% immutable,α = 1,1.0,143,2,0,True,,3.0,0.489992646321578,1.3999894947056968,3.10726369030234,2.10726369030234,True,1.4849000000083379,Optimization terminated successfully
Iris,3,42,10,300,0.0001,50,least_cost,Ranked k-means,Random 25% immutable,α < 1,0.9838316312572207,143,2,0,True,,3.0,0.5010925551204449,1.4157578255061067,3.0726558303562963,2.0726558303562963,True,1.5056999999956133,Optimization terminated successfully
Iris,3,42,10,300,0.0001,50,least_cost,Ranked k-means,Random 50% immutable,α = 1,1.0,143,2,0,True,,2.0,1.4791555781169092,2.4324108025717277,1.2435116592096955,0.24351165920969553,True,1.6521000000011554,Optimization terminated successfully
Iris,3,42,10,300,0.0001,50,least_cost,Ranked k-means,Random 50% immutable,α < 1,0.9838316312572207,143,2,0,True,,2.0,1.5126632075470452,2.4598074782771477,1.2165054514686977,0.2165054514686977,True,1.4117000000055668,Optimization terminated successfully
Iris,3,42,10,300,0.0001,50,least_cost,Ranked k-means,Random 75% immutable,α = 1,1.0,143,2,0,False,,,,,,,False,0.9814000000005763,Positive directional derivative for linesearch
Iris,3,42,10,300,0.0001,50,least_cost,Ranked k-means,Random 75% immutable,α < 1,0.9838316312572207,143,2,0,False,,,,,,,False,8.029300000004014,Positive directional derivative for linesearch
Iris,3,42,10,300,0.0001,50,least_cost,Ranked k-means,All features mutable,α = 1,1.0,101,0,1,True,,4.0,1.0204099139191964,2.0203068221626106,2.0940986013916785,1.0940986013916785,True,1.9996999999989384,Optimization terminated successfully
Iris,3,42,10,300,0.0001,50,least_cost,Ranked k-means,All features mutable,α < 1,0.8507238734290548,101,0,1,True,,4.0,1.2590028719151045,2.2441059439474818,1.8852593431799352,0.8852593431799352,True,1.6826000000094155,Optimization terminated successfully
Iris,3,42,10,300,0.0001,50,least_cost,Ranked k-means,Random 25% immutable,α = 1,1.0,101,0,1,True,,3.0,1.4654669316553557,2.421129432025769,1.5909634962111525,0.5909634962111525,True,1.4372999999920921,Optimization terminated successfully
Iris,3,42,10,300,0.0001,50,least_cost,Ranked k-means,Random 25% immutable,α < 1,0.8507238734290548,101,0,1,True,,3.0,1.8081234320473465,2.689329605717638,1.4323006718230535,0.43230067182305354,True,1.5953000000195061,Optimization terminated successfully
Iris,3,42,10,300,0.0001,50,least_cost,Ranked k-means,Random 50% immutable,α = 1,1.0,101,0,1,False,,,,,,,False,7.072300000004361,Positive directional derivative for linesearch
Iris,3,42,10,300,0.0001,50,least_cost,Ranked k-means,Random 50% immutable,α < 1,0.8507238734290548,101,0,1,False,,,,,,,False,4.585399999996298,Positive directional derivative for linesearch
Iris,3,42,10,300,0.0001,50,least_cost,Ranked k-means,Random 75% immutable,α = 1,1.0,101,0,1,False,,,,,,,False,1.692800000000716,Positive directional derivative for linesearch
Iris,3,42,10,300,0.0001,50,least_cost,Ranked k-means,Random 75% immutable,α < 1,0.8507238734290548,101,0,1,False,,,,,,,False,5.715100000003304,Positive directional derivative for linesearch
Iris,3,42,10,300,0.0001,50,least_cost,Ranked k-means,All features mutable,α = 1,1.0,104,2,1,True,,4.0,1.3413620565903226,2.3163437193908183,2.1229589371813855,1.1229589371813855,True,1.656700000012279,Optimization terminated successfully
Iris,3,42,10,300,0.0001,50,least_cost,Ranked k-means,All features mutable,α < 1,0.8507238734290548,104,2,1,True,,4.0,1.6296601697170137,2.553162877465528,1.880624760342917,0.8806247603429169,True,1.6425000000026557,Optimization terminated successfully
Iris,3,42,10,300,0.0001,50,least_cost,Ranked k-means,Random 25% immutable,α = 1,1.0,104,2,1,True,,3.0,1.6080753112971387,2.5361981872851644,1.6163020716611365,0.6163020716611365,True,1.5522000000203207,Optimization terminated successfully
Iris,3,42,10,300,0.0001,50,least_cost,Ranked k-means,Random 25% immutable,α < 1,0.8507238734290548,104,2,1,True,,3.0,2.049152933546707,2.8629725346546424,1.394862899643618,0.3948628996436181,True,1.5226000000154727,Optimization terminated successfully
Iris,3,42,10,300,0.0001,50,least_cost,Ranked k-means,Random 50% immutable,α = 1,1.0,104,2,1,False,,,,,,,False,45.39370000000531,Positive directional derivative for linesearch
Iris,3,42,10,300,0.0001,50,least_cost,Ranked k-means,Random 50% immutable,α < 1,0.8507238734290548,104,2,1,False,,,,,,,False,9.714999999999918,Positive directional derivative for linesearch
Iris,3,42,10,300,0.0001,50,least_cost,Ranked k-means,Random 75% immutable,α = 1,1.0,104,2,1,False,,,,,,,False,5.139400000018668,Positive directional derivative for linesearch
Iris,3,42,10,300,0.0001,50,least_cost,Ranked k-means,Random 75% immutable,α < 1,0.8507238734290548,104,2,1,False,,,,,,,False,5.409499999984746,Positive directional derivative for linesearch
Iris,3,42,10,300,0.0001,50,least_cost,Ranked k-means,All features mutable,α = 1,1.0,144,2,1,True,,4.0,1.3318472274474882,2.3081137124912092,1.9780078243622627,0.9780078243622627,True,1.5749000000084834,Optimization terminated successfully
Iris,3,42,10,300,0.0001,50,least_cost,Ranked k-means,All features mutable,α < 1,0.8507238734290548,144,2,1,True,,4.0,1.683701389023856,2.595150391806884,1.7619651151101354,0.7619651151101354,True,1.6396000000042932,Optimization terminated successfully
Iris,3,42,10,300,0.0001,50,least_cost,Ranked k-means,Random 25% immutable,α = 1,1.0,144,2,1,True,,3.0,2.0262961797523893,2.8469606107232246,1.574755393584498,0.574755393584498,True,1.4754000000039014,Optimization terminated successfully
Iris,3,42,10,300,0.0001,50,least_cost,Ranked k-means,Random 25% immutable,α < 1,0.8507238734290548,144,2,1,True,,3.0,2.558890133079205,3.199306257974816,1.3972727132650955,0.3972727132650955,True,1.4773999999988519,Optimization terminated successfully
Iris,3,42,10,300,0.0001,50,least_cost,Ranked k-means,Random 50% immutable,α = 1,1.0,144,2,1,True,,2.0,2.946353136914371,3.432988865064593,1.0000000000000004,4.440892098500626e-16,True,1.4103000000034172,Optimization terminated successfully
Iris,3,42,10,300,0.0001,50,least_cost,Ranked k-means,Random 50% immutable,α < 1,0.8507238734290548,144,2,1,True,,2.0,3.817036561865531,3.9074475361112815,1.0,0.0,False,1.3966999999865948,Optimization terminated successfully
Iris,3,42,10,300,0.0001,50,least_cost,Ranked k-means,Random 75% immutable,α = 1,1.0,144,2,1,False,,,,,,,False,5.512799999991103,Positive directional derivative for linesearch
Iris,3,42,10,300,0.0001,50,least_cost,Ranked k-means,Random 75% immutable,α < 1,0.8507238734290548,144,2,1,False,,,,,,,False,0.9957999999983258,Positive directional derivative for linesearch
Iris,3,42,10,300,0.0001,50,least_cost,Ranked k-means,All features mutable,α = 1,1.0,115,2,1,True,,4.0,0.9458915428789079,1.9451391136665859,2.186160796775514,1.1861607967755141,True,1.7913000000078227,Optimization terminated successfully
Iris,3,42,10,300,0.0001,50,least_cost,Ranked k-means,All features mutable,α < 1,0.8507238734290548,115,2,1,True,,4.0,1.2171891396000147,2.206525902499234,1.9041153652161664,0.9041153652161664,True,1.6186000000004697,Optimization terminated successfully
Iris,3,42,10,300,0.0001,50,least_cost,Ranked k-means,Random 25% immutable,α = 1,1.0,115,2,1,True,,3.0,1.3679148340566307,2.3391578262756285,1.4833487501970162,0.4833487501970162,True,1.5257999999960248,Optimization terminated successfully
Iris,3,42,10,300,0.0001,50,least_cost,Ranked k-means,Random 25% immutable,α < 1,0.8507238734290548,115,2,1,True,,3.0,1.7852809946686667,2.672288154124601,1.2876141949256075,0.28761419492560747,True,1.5131000000110362,Optimization terminated successfully
Iris,3,42,10,300,0.0001,50,least_cost,Ranked k-means,Random 50% immutable,α = 1,1.0,115,2,1,True,,2.0,3.205239660060009,3.5806366249928288,1.0,0.0,False,1.3998000000015054,Optimization terminated successfully
Iris,3,42,10,300,0.0001,50,least_cost,Ranked k-means,Random 50% immutable,α < 1,0.8507238734290548,115,2,1,False,,,,,,,False,24.08449999998652,Positive directional derivative for linesearch
Iris,3,42,10,300,0.0001,50,least_cost,Ranked k-means,Random 75% immutable,α = 1,1.0,115,2,1,False,,,,,,,False,2.024799999986726,Positive directional derivative for linesearch
Iris,3,42,10,300,0.0001,50,least_cost,Ranked k-means,Random 75% immutable,α < 1,0.8507238734290548,115,2,1,False,,,,,,,False,3.8568999999881726,Positive directional derivative for linesearch
Iris,3,42,10,300,0.0001,50,least_cost,Ranked k-means,All features mutable,α = 1,1.0,58,0,1,True,,4.0,0.5663238763277061,1.505089866190994,2.0446793955017704,1.0446793955017704,True,1.8281000000115455,Optimization terminated successfully
Iris,3,42,10,300,0.0001,50,least_cost,Ranked k-means,All features mutable,α < 1,0.8507238734290548,58,0,1,True,,4.0,0.7472642831860541,1.7288889879758667,1.7800022147006325,0.7800022147006325,True,1.6303000000164047,Optimization terminated successfully
Iris,3,42,10,300,0.0001,50,least_cost,Ranked k-means,Random 25% immutable,α = 1,1.0,58,0,1,True,,3.0,0.7682312028011881,1.7529759870587938,1.819464574985313,0.8194645749853131,True,1.5262000000006992,Optimization terminated successfully
Iris,3,42,10,300,0.0001,50,least_cost,Ranked k-means,Random 25% immutable,α < 1,0.8507238734290548,58,0,1,True,,3.0,1.0139317492295934,2.0138835609136825,1.5719354171594724,0.5719354171594724,True,1.5574999999898864,Optimization terminated successfully
Iris,3,42,10,300,0.0001,50,least_cost,Ranked k-means,Random 50% immutable,α = 1,1.0,58,0,1,True,,2.0,0.9334743725973178,1.9323295501516482,1.2819417507709747,0.2819417507709747,True,1.350999999999658,Optimization terminated successfully
Iris,3,42,10,300,0.0001,50,least_cost,Ranked k-means,Random 50% immutable,α < 1,0.8507238734290548,58,0,1,True,,2.0,1.4471353913895784,2.405938811682108,1.0,0.0,False,1.3652000000092812,Optimization terminated successfully
Iris,3,42,10,300,0.0001,50,least_cost,Ranked k-means,Random 75% immutable,α = 1,1.0,58,0,1,False,,,,,,,False,2.0096000000080494,Positive directional derivative for linesearch
Iris,3,42,10,300,0.0001,50,least_cost,Ranked k-means,Random 75% immutable,α < 1,0.8507238734290548,58,0,1,False,,,,,,,False,6.904300000002195,Positive directional derivative for linesearch
Iris,3,42,10,300,0.0001,50,least_cost,Ranked k-means,All features mutable,α = 1,1.0,120,2,1,True,,4.0,1.3781958222850546,2.347931704530653,1.9461548032887215,0.9461548032887215,True,1.8968999999913194,Optimization terminated successfully
Iris,3,42,10,300,0.0001,50,least_cost,Ranked k-means,All features mutable,α < 1,0.8507238734290548,120,2,1,True,,4.0,1.7278194440217525,2.628930918850286,1.7366456998043187,0.7366456998043187,True,1.590899999996509,Optimization terminated successfully
Iris,3,42,10,300,0.0001,50,least_cost,Ranked k-means,Random 25% immutable,α = 1,1.0,120,2,1,True,,3.0,1.911483290886412,2.76512805554203,1.394039039085745,0.3940390390857449,True,1.5467999999998483,Optimization terminated successfully
Iris,3,42,10,300,0.0001,50,least_cost,Ranked k-means,Random 25% immutable,α < 1,0.8507238734290548,120,2,1,True,,3.0,2.4286875949452034,3.116849431682707,1.2367284814030437,0.2367284814030437,True,1.5266000000053737,Optimization terminated successfully
Iris,3,42,10,300,0.0001,50,least_cost,Ranked k-means,Random 50% immutable,α = 1,1.0,120,2,1,True,,2.0,3.2151678367403935,3.5861778186478115,1.0,0.0,False,1.34259999998676,Optimization terminated successfully
Iris,3,42,10,300,0.0001,50,least_cost,Ranked k-means,Random 50% immutable,α < 1,0.8507238734290548,120,2,1,True,,2.0,4.168151706370293,4.083210357730933,1.000000000000003,3.1086244689504383e-15,True,1.352700000012419,Optimization terminated successfully
Iris,3,42,10,300,0.0001,50,least_cost,Ranked k-means,Random 75% immutable,α = 1,1.0,120,2,1,False,,,,,,,False,0.8948999999915941,Positive directional derivative for linesearch
Iris,3,42,10,300,0.0001,50,least_cost,Ranked k-means,Random 75% immutable,α < 1,0.8507238734290548,120,2,1,False,,,,,,,False,7.897500000012769,Positive directional derivative for linesearch
Iris,3,42,10,300,0.0001,50,least_cost,Ranked k-means,All features mutable,α = 1,1.0,107,2,0,True,,4.0,0.32854484913986853,1.1463766381776428,3.389830208484734,2.389830208484734,True,1.5894000000002961,Optimization terminated successfully
Iris,3,42,10,300,0.0001,50,least_cost,Ranked k-means,All features mutable,α < 1,0.9838316312572207,107,2,0,True,,4.0,0.3370455650255836,1.1611125096657664,3.3468093355117947,2.3468093355117947,True,1.5587000000039097,Optimization terminated successfully
Iris,3,42,10,300,0.0001,50,least_cost,Ranked k-means,Random 25% immutable,α = 1,1.0,107,2,0,True,,3.0,0.37619624533753016,1.2266967764488992,2.9604528875305545,1.9604528875305545,True,1.561400000014146,Optimization terminated successfully
Iris,3,42,10,300,0.0001,50,least_cost,Ranked k-means,Random 25% immutable,α < 1,0.9838316312572207,107,2,0,True,,3.0,0.3859298856830095,1.2424651072493094,2.9228812816782637,1.9228812816782637,True,1.6085000000032323,Optimization terminated successfully
Iris,3,42,10,300,0.0001,50,least_cost,Ranked k-means,Random 50% immutable,α = 1,1.0,107,2,0,True,,2.0,0.7303316040007579,1.709188818124853,1.524939158213929,0.5249391582139289,True,1.3899000000208162,Optimization terminated successfully
Iris,3,42,10,300,0.0001,50,least_cost,Ranked k-means,Random 50% immutable,α < 1,0.9838316312572207,107,2,0,True,,2.0,0.7492280849050321,1.7311592473311428,1.5055858926637395,0.5055858926637395,True,1.9223999999837815,Optimization terminated successfully
Iris,3,42,10,300,0.0001,50,least_cost,Ranked k-means,Random 75% immutable,α = 1,1.0,107,2,0,True,,1.0,0.775827661811366,1.7616215959295753,2.063460235562903,1.063460235562903,True,1.3264999999762495,Optimization terminated successfully
Iris,3,42,10,300,0.0001,50,least_cost,Ranked k-means,Random 75% immutable,α < 1,0.9838316312572207,107,2,0,True,,1.0,0.79590130030122,1.784266011895334,2.037272519386404,1.0372725193864039,True,1.2351999999964391,Optimization terminated successfully
Iris,3,42,10,300,0.0001,50,least_cost,Ranked k-means,All features mutable,α = 1,1.0,21,1,2,True,,4.0,0.910782330749536,1.9086983321096458,2.5174755753121163,1.5174755753121163,True,1.5740999999991345,Optimization terminated successfully
Iris,3,42,10,300,0.0001,50,least_cost,Ranked k-means,All features mutable,α < 1,0.9568464819465536,21,1,2,True,,4.0,0.9940366636706817,1.9940277467183667,2.4097465221170618,1.4097465221170618,True,1.6591999999775453,Optimization terminated successfully
Iris,3,42,10,300,0.0001,50,least_cost,Ranked k-means,Random 25% immutable,α = 1,1.0,21,1,2,True,,3.0,1.3596734777809583,2.332100750637466,1.8520580737215837,0.8520580737215837,True,1.4529999999979282,Optimization terminated successfully
Iris,3,42,10,300,0.0001,50,least_cost,Ranked k-means,Random 25% immutable,α < 1,0.9568464819465536,21,1,2,True,,3.0,1.4839608124837338,2.4363586045438663,1.7728039096203496,0.7728039096203496,True,1.5786000000161948,Optimization terminated successfully
Iris,3,42,10,300,0.0001,50,least_cost,Ranked k-means,Random 50% immutable,α = 1,1.0,21,1,2,True,,2.0,1.4828421485033496,2.435440123265895,1.5119741899806913,0.5119741899806913,True,1.3827999999875829,Optimization terminated successfully
Iris,3,42,10,300,0.0001,50,least_cost,Ranked k-means,Random 50% immutable,α < 1,0.9568464819465536,21,1,2,True,,2.0,1.5732209412662417,2.5085620911320827,1.4679017171291626,0.4679017171291626,True,3.430100000002767,Optimization terminated successfully
Iris,3,42,10,300,0.0001,50,least_cost,Ranked k-means,Random 75% immutable,α = 1,1.0,21,1,2,False,,,,,,,False,5.257000000000289,Positive directional derivative for linesearch
Iris,3,42,10,300,0.0001,50,least_cost,Ranked k-means,Random 75% immutable,α < 1,0.9568464819465536,21,1,2,False,,,,,,,False,8.222799999998642,Positive directional derivative for linesearch
Iris,3,42,10,300,0.0001,50,least_cost,Ranked k-means,All features mutable,α = 1,1.0,99,0,1,True,,4.0,0.31957075438069965,1.130611789042905,2.7219123743589035,1.7219123743589035,True,1.6275999999777468,Optimization terminated successfully
Iris,3,42,10,300,0.0001,50,least_cost,Ranked k-means,All features mutable,α < 1,0.8507238734290548,99,0,1,True,,4.0,0.4586072288423319,1.3544109108277766,2.272151086525597,1.272151086525597,True,1.6171000000042568,Optimization terminated successfully
Iris,3,42,10,300,0.0001,50,least_cost,Ranked k-means,Random 25% immutable,α = 1,1.0,99,0,1,True,,3.0,0.3564403500422202,1.1940525114788214,2.4403622802005196,1.4403622802005196,True,1.6414000000111173,Optimization terminated successfully
Iris,3,42,10,300,0.0001,50,least_cost,Ranked k-means,Random 25% immutable,α < 1,0.8507238734290548,99,0,1,True,,3.0,0.5115177748265373,1.4304094166727752,2.0371235811971555,1.0371235811971555,True,1.5245999999820015,Optimization terminated successfully
Iris,3,42,10,300,0.0001,50,least_cost,Ranked k-means,Random 50% immutable,α = 1,1.0,99,0,1,True,,2.0,0.8725467463308441,1.8682042140310509,1.0,0.0,False,1.371500000004744,Optimization terminated successfully
Iris,3,42,10,300,0.0001,50,least_cost,Ranked k-means,Random 50% immutable,α < 1,0.8507238734290548,99,0,1,False,,,,,,,False,12.451200000015206,Positive directional derivative for linesearch
Iris,3,42,10,300,0.0001,50,least_cost,Ranked k-means,Random 75% immutable,α = 1,1.0,99,0,1,True,,1.0,1.2376070647672208,2.224955788115549,1.6640543879070426,0.6640543879070426,True,1.4381999999955042,Optimization terminated successfully
Iris,3,42,10,300,0.0001,50,least_cost,Ranked k-means,Random 75% immutable,α < 1,0.8507238734290548,99,0,1,False,,,,,,,False,4.315499999989925,Positive directional derivative for linesearch
Iris,3,42,10,300,0.0001,50,least_cost,Ranked k-means,All features mutable,α = 1,1.0,74,0,1,True,,4.0,0.44431321970205984,1.3331364816882927,2.308410507335023,1.3084105073350232,True,1.60080000000562,Optimization terminated successfully
Iris,3,42,10,300,0.0001,50,least_cost,Ranked k-means,All features mutable,α < 1,0.8507238734290548,74,0,1,True,,4.0,0.6060121184064787,1.5569356035578077,1.9765918785729233,0.9765918785729233,True,1.1364000000071428,Optimization terminated successfully
Iris,3,42,10,300,0.0001,50,least_cost,Ranked k-means,Random 25% immutable,α = 1,1.0,74,0,1,True,,3.0,0.49557463374862876,1.4079412398940927,2.069632357203746,1.069632357203746,True,1.4837999999883777,Optimization terminated successfully
Iris,3,42,10,300,0.0001,50,least_cost,Ranked k-means,Random 25% immutable,α < 1,0.8507238734290548,74,0,1,True,,3.0,0.6759290974850004,1.6442981450880498,1.7721364962607769,0.7721364962607769,True,1.4867999999808035,Optimization terminated successfully
Iris,3,42,10,300,0.0001,50,least_cost,Ranked k-means,Random 50% immutable,α = 1,1.0,74,0,1,True,,2.0,0.7494337035682372,1.7313967812933433,1.3685764138002225,0.36857641380022255,True,1.5078999999786902,Optimization terminated successfully
Iris,3,42,10,300,0.0001,50,least_cost,Ranked k-means,Random 50% immutable,α < 1,0.8507238734290548,74,0,1,True,,2.0,1.2217175421739195,2.2106266461561703,1.0000000000000016,1.5543122344752192e-15,True,1.7713999999955377,Optimization terminated successfully
Iris,3,42,10,300,0.0001,50,least_cost,Ranked k-means,Random 75% immutable,α = 1,1.0,74,0,1,False,,,,,,,False,3.6867000000029293,Positive directional derivative for linesearch
Iris,3,42,10,300,0.0001,50,least_cost,Ranked k-means,Random 75% immutable,α < 1,0.8507238734290548,74,0,1,False,,,,,,,False,1.564700000017183,Positive directional derivative for linesearch
Iris,3,42,10,300,0.0001,50,least_cost,Ranked k-means,All features mutable,α = 1,1.0,105,2,1,True,,4.0,2.335497100618527,3.0564666532573375,1.5210120768064224,0.5210120768064224,True,1.6480000000171913,Optimization terminated successfully
Iris,3,42,10,300,0.0001,50,least_cost,Ranked k-means,All features mutable,α < 1,0.8507238734290548,105,2,1,True,,4.0,2.7811445206797485,3.335352767357449,1.3845638628197174,0.38456386281971744,True,1.5697999999986223,Optimization terminated successfully
Iris,3,42,10,300,0.0001,50,least_cost,Ranked k-means,Random 25% immutable,α = 1,1.0,105,2,1,True,,3.0,3.228386486418598,3.5935422560023405,1.0687217879525974,0.06872178795259742,True,1.6301999999939198,Optimization terminated successfully
Iris,3,42,10,300,0.0001,50,least_cost,Ranked k-means,Random 25% immutable,α < 1,0.8507238734290548,105,2,1,True,,3.0,3.8936976512998935,3.9464909229845664,1.0000000000000016,1.5543122344752192e-15,True,1.4892999999744916,Optimization terminated successfully
Iris,3,42,10,300,0.0001,50,least_cost,Ranked k-means,Random 50% immutable,α = 1,1.0,105,2,1,False,,,,,,,False,2.7838000000031116,Positive directional derivative for linesearch
Iris,3,42,10,300,0.0001,50,least_cost,Ranked k-means,Random 50% immutable,α < 1,0.8507238734290548,105,2,1,False,,,,,,,False,20.244500000018206,Positive directional derivative for linesearch
Iris,3,42,10,300,0.0001,50,least_cost,Ranked k-means,Random 75% immutable,α = 1,1.0,105,2,1,False,,,,,,,False,1.3112999999975727,Positive directional derivative for linesearch
Iris,3,42,10,300,0.0001,50,least_cost,Ranked k-means,Random 75% immutable,α < 1,0.8507238734290548,105,2,1,False,,,,,,,False,7.845900000006623,Positive directional derivative for linesearch
Iris,3,42,10,300,0.0001,50,least_cost,Ranked k-means,All features mutable,α = 1,1.0,23,1,2,True,,4.0,0.812959425456302,1.8032852524837018,2.8522657811628975,1.8522657811628975,True,1.5767000000153075,Optimization terminated successfully
Iris,3,42,10,300,0.0001,50,least_cost,Ranked k-means,All features mutable,α < 1,0.9568464819465536,23,1,2,True,,4.0,0.8713747330382743,1.866949097365297,2.708852496205769,1.7088524962057692,True,1.6024000000243177,Optimization terminated successfully
Iris,3,42,10,300,0.0001,50,least_cost,Ranked k-means,Random 25% immutable,α = 1,1.0,23,1,2,True,,3.0,1.443081232453658,2.4025663216266544,1.6521591380146314,0.6521591380146314,True,1.458000000013726,Optimization terminated successfully
Iris,3,42,10,300,0.0001,50,least_cost,Ranked k-means,Random 25% immutable,α < 1,0.9568464819465536,23,1,2,True,,3.0,1.5403141000234317,2.4821878253052745,1.5833880047974895,0.5833880047974895,True,1.500600000014174,Optimization terminated successfully
Iris,3,42,10,300,0.0001,50,least_cost,Ranked k-means,Random 50% immutable,α = 1,1.0,23,1,2,True,,2.0,2.534269198384854,3.183877634825091,1.1014788507181739,0.10147885071817386,True,1.4864000000045507,Optimization terminated successfully
Iris,3,42,10,300,0.0001,50,least_cost,Ranked k-means,Random 50% immutable,α < 1,0.9568464819465536,23,1,2,True,,2.0,2.65201160298277,3.2569996026912684,1.076749880400354,0.07674988040035391,True,1.5444000000002234,Optimization terminated successfully
Iris,3,42,10,300,0.0001,50,least_cost,Ranked k-means,Random 75% immutable,α = 1,1.0,23,1,2,False,,,,,,,False,5.949700000002167,Positive directional derivative for linesearch
Iris,3,42,10,300,0.0001,50,least_cost,Ranked k-means,Random 75% immutable,α < 1,0.9568464819465536,23,1,2,False,,,,,,,False,0.9046000000125787,Positive directional derivative for linesearch
Iris,3,42,10,300,0.0001,50,least_cost,Ranked k-means,All features mutable,α = 1,1.0,75,2,0,True,,4.0,0.003710221640934187,0.1218231774488613,34.78868464596725,33.78868464596725,True,1.166100000006054,Optimization terminated successfully
Iris,3,42,10,300,0.0001,50,least_cost,Ranked k-means,All features mutable,α < 1,0.9838316312572207,75,2,0,True,,4.0,0.0046620934629746915,0.1365590489564817,31.0346926306829,30.0346926306829,True,1.1207000000013068,Optimization terminated successfully
Iris,3,42,10,300,0.0001,50,least_cost,Ranked k-means,Random 25% immutable,α = 1,1.0,75,2,0,True,,3.0,0.006435509028630739,0.16044324889045022,20.056491512167863,19.056491512167863,True,1.0581999999885738,Optimization terminated successfully
Iris,3,42,10,300,0.0001,50,least_cost,Ranked k-means,Random 25% immutable,α < 1,0.9838316312572207,75,2,0,True,,3.0,0.008086563951403065,0.1798506486104853,17.892227166513777,16.892227166513777,True,1.0537999999939984,Optimization terminated successfully
Iris,3,42,10,300,0.0001,50,least_cost,Ranked k-means,Random 50% immutable,α = 1,1.0,75,2,0,True,,2.0,0.012824603332875495,0.22649153037476252,8.116029216592064,7.116029216592064,True,0.9946999999783657,Optimization terminated successfully
Iris,3,42,10,300,0.0001,50,least_cost,Ranked k-means,Random 50% immutable,α < 1,0.9838316312572207,75,2,0,True,,2.0,0.016114805299984197,0.25388820610642154,7.112775804360632,6.112775804360632,True,1.0096000000032745,Optimization terminated successfully
Iris,3,42,10,300,0.0001,50,least_cost,Ranked k-means,Random 75% immutable,α = 1,1.0,75,2,0,True,,1.0,0.00876133833673758,0.18720404201552465,14.886756665077069,13.886756665077069,True,0.8995999999967808,Optimization terminated successfully
Iris,3,42,10,300,0.0001,50,least_cost,Ranked k-means,Random 75% immutable,α < 1,0.9838316312572207,75,2,0,True,,1.0,0.011009093833092213,0.20984845801761054,13.280350241935565,12.280350241935565,True,1.0541999999986729,Optimization terminated successfully
Iris,3,42,10,300,0.0001,50,least_cost,Ranked k-means,All features mutable,α = 1,1.0,119,0,2,True,,4.0,0.3416089761831503,1.168946493528511,2.597040974684694,1.597040974684694,True,1.569600000010496,Optimization terminated successfully
Iris,3,42,10,300,0.0001,50,least_cost,Ranked k-means,All features mutable,α < 1,0.9568464819465536,119,0,2,True,,4.0,0.36498312409446576,1.208276663838983,2.5125056041727065,1.5125056041727065,True,1.5531999999893742,Optimization terminated successfully
Iris,3,42,10,300,0.0001,50,least_cost,Ranked k-means,Random 25% immutable,α = 1,1.0,119,0,2,True,,3.0,0.47926179870899066,1.3845747342906278,1.851122943897715,0.851122943897715,True,1.4352999999971416,Optimization terminated successfully
Iris,3,42,10,300,0.0001,50,least_cost,Ranked k-means,Random 25% immutable,α < 1,0.9568464819465536,119,0,2,True,,3.0,0.5120546611695529,1.4311598948678697,1.7908676912228194,0.7908676912228194,True,1.499599999988277,Optimization terminated successfully
Iris,3,42,10,300,0.0001,50,least_cost,Ranked k-means,Random 50% immutable,α = 1,1.0,119,0,2,True,,2.0,0.6209458836025515,1.5760023903567553,1.4287436935352678,0.42874369353526776,True,1.5367999999966742,Optimization terminated successfully
Iris,3,42,10,300,0.0001,50,least_cost,Ranked k-means,Random 50% immutable,α < 1,0.9568464819465536,119,0,2,True,,2.0,0.6634332944733574,1.6290282925392763,1.3822371698909623,0.38223716989096235,True,1.3993000000027678,Optimization terminated successfully
Iris,3,42,10,300,0.0001,50,least_cost,Ranked k-means,Random 75% immutable,α = 1,1.0,119,0,2,True,,1.0,1.18936996260966,2.1811647921325523,2.334012199017648,1.3340121990176481,True,1.3708999999835214,Optimization terminated successfully
Iris,3,42,10,300,0.0001,50,least_cost,Ranked k-means,Random 75% immutable,α < 1,0.9568464819465536,119,0,2,True,,1.0,1.2707510484872435,2.254551883179665,2.2580386243874604,1.2580386243874604,True,1.2609000000054493,Optimization terminated successfully
Iris,3,42,10,300,0.0001,50,least_cost,Ranked k-means,All features mutable,α = 1,1.0,132,2,1,True,,4.0,1.537697438779381,2.4800785784159185,1.9139165213247837,0.9139165213247837,True,1.613699999978735,Optimization terminated successfully
Iris,3,42,10,300,0.0001,50,least_cost,Ranked k-means,All features mutable,α < 1,0.8507238734290548,132,2,1,True,,4.0,1.8277386544107768,2.7038777002007888,1.7555022387642756,0.7555022387642756,True,1.5837999999916974,Optimization terminated successfully
Iris,3,42,10,300,0.0001,50,least_cost,Ranked k-means,Random 25% immutable,α = 1,1.0,132,2,1,True,,3.0,2.086838008620963,2.8891784359024713,1.3966834470200482,0.3966834470200482,True,1.4802000000031512,Optimization terminated successfully
Iris,3,42,10,300,0.0001,50,least_cost,Ranked k-means,Random 25% immutable,α < 1,0.8507238734290548,132,2,1,True,,3.0,2.506227370063984,3.166213745194082,1.2318635191818563,0.23186351918185633,True,1.6324999999994816,Optimization terminated successfully
Iris,3,42,10,300,0.0001,50,least_cost,Ranked k-means,Random 50% immutable,α = 1,1.0,132,2,1,True,,2.0,4.805994462396185,4.384515691565574,1.0,0.0,False,1.3889999999889824,Optimization terminated successfully
Iris,3,42,10,300,0.0001,50,least_cost,Ranked k-means,Random 50% immutable,α < 1,0.8507238734290548,132,2,1,False,,,,,,,False,3.6071000000106324,Positive directional derivative for linesearch
Iris,3,42,10,300,0.0001,50,least_cost,Ranked k-means,Random 75% immutable,α = 1,1.0,132,2,1,False,,,,,,,False,3.2214999999951033,Positive directional derivative for linesearch
Iris,3,42,10,300,0.0001,50,least_cost,Ranked k-means,Random 75% immutable,α < 1,0.8507238734290548,132,2,1,False,,,,,,,False,3.4903000000099382,Positive directional derivative for linesearch
Iris,3,42,10,300,0.0001,50,least_cost,Ranked k-means,All features mutable,α = 1,1.0,45,1,2,True,,4.0,1.5644689170317916,2.501574637728638,2.2724733180934265,1.2724733180934265,True,1.5986999999881846,Optimization terminated successfully
Iris,3,42,10,300,0.0001,50,least_cost,Ranked k-means,All features mutable,α < 1,0.9568464819465536,45,1,2,True,,4.0,1.625922174564216,2.5502330674385165,2.2239856863257166,1.2239856863257166,True,1.786399999986088,Optimization terminated successfully
Iris,3,42,10,300,0.0001,50,least_cost,Ranked k-means,Random 25% immutable,α = 1,1.0,45,1,2,True,,3.0,2.0246593640480293,2.845810509537154,1.7261658519266427,0.7261658519266427,True,1.4959000000089873,Optimization terminated successfully
Iris,3,42,10,300,0.0001,50,least_cost,Ranked k-means,Random 25% immutable,α < 1,0.9568464819465536,45,1,2,True,,3.0,2.127457556969817,2.917161330451106,1.6805754412749454,0.6805754412749454,True,1.4985999999908017,Optimization terminated successfully
Iris,3,42,10,300,0.0001,50,least_cost,Ranked k-means,Random 50% immutable,α = 1,1.0,45,1,2,False,,,,,,,False,5.658899999986033,Positive directional derivative for linesearch
Iris,3,42,10,300,0.0001,50,least_cost,Ranked k-means,Random 50% immutable,α < 1,0.9568464819465536,45,1,2,False,,,,,,,False,1.8004000000075848,Positive directional derivative for linesearch
Iris,3,42,10,300,0.0001,50,least_cost,Ranked k-means,Random 75% immutable,α = 1,1.0,45,1,2,False,,,,,,,False,2.292900000014697,Positive directional derivative for linesearch
Iris,3,42,10,300,0.0001,50,least_cost,Ranked k-means,Random 75% immutable,α < 1,0.9568464819465536,45,1,2,False,,,,,,,False,5.8490000000119835,Positive directional derivative for linesearch
Iris,3,42,10,300,0.0001,50,least_cost,Ranked k-means,All features mutable,α = 1,1.0,12,1,0,True,,4.0,0.3254316772753392,1.1409323858587577,3.5303919962824883,2.5303919962824883,True,1.8866000000059557,Optimization terminated successfully
Iris,3,42,10,300,0.0001,50,least_cost,Ranked k-means,All features mutable,α < 1,0.9838316312572207,12,1,0,True,,4.0,0.3394067245560062,1.1651724757408342,3.456946216288734,2.456946216288734,True,1.5683000000024094,Optimization terminated successfully
Iris,3,42,10,300,0.0001,50,least_cost,Ranked k-means,Random 25% immutable,α = 1,1.0,12,1,0,True,,3.0,0.4857509900222797,1.3939167694267542,2.4880895136369334,1.4880895136369334,True,1.4665000000206874,Optimization terminated successfully
Iris,3,42,10,300,0.0001,50,least_cost,Ranked k-means,Random 25% immutable,α < 1,0.9838316312572207,12,1,0,True,,3.0,0.5066106466759523,1.4235317301359354,2.4224869901712363,1.4224869901712363,True,1.4630000000011023,Optimization terminated successfully
Iris,3,42,10,300,0.0001,50,least_cost,Ranked k-means,Random 50% immutable,α = 1,1.0,12,1,0,True,,2.0,0.5135092581000741,1.4331912058062233,2.2373528446481985,1.2373528446481985,True,1.4836000000002514,Optimization terminated successfully
Iris,3,42,10,300,0.0001,50,least_cost,Ranked k-means,Random 50% immutable,α < 1,0.9838316312572207,12,1,0,True,,2.0,0.5355609410250193,1.4636405856972117,2.1908072709316433,1.1908072709316433,True,1.3792999999964195,Optimization terminated successfully
Iris,3,42,10,300,0.0001,50,least_cost,Ranked k-means,Random 75% immutable,α = 1,1.0,12,1,0,True,,1.0,3.146141932983296,3.5474734293484405,1.0588392157296826,0.05883921572968265,True,1.2392000000147618,Optimization terminated successfully
Iris,3,42,10,300,0.0001,50,least_cost,Ranked k-means,Random 75% immutable,α < 1,0.9838316312572207,12,1,0,True,,1.0,3.281247042090181,3.622842553625637,1.0368112685421809,0.036811268542180864,True,1.2340000000108375,Optimization terminated successfully
Iris,3,42,10,300,0.0001,50,least_cost,Ranked k-means,All features mutable,α = 1,1.0,91,0,2,True,,4.0,0.01345020147856308,0.23195000735988847,14.44943565960793,13.44943565960793,True,1.1176000000148179,Optimization terminated successfully
Iris,3,42,10,300,0.0001,50,least_cost,Ranked k-means,All features mutable,α < 1,0.9568464819465536,91,0,2,True,,4.0,0.01839823370627379,0.2712801777223967,12.354558076908965,11.354558076908965,True,1.1135999999964952,Optimization terminated successfully
Iris,3,42,10,300,0.0001,50,least_cost,Ranked k-means,Random 25% immutable,α = 1,1.0,91,0,2,True,,3.0,0.023329844259762516,0.3054822041282439,8.913326839372564,7.913326839372564,True,1.044399999983625,Optimization terminated successfully
Iris,3,42,10,300,0.0001,50,least_cost,Ranked k-means,Random 25% immutable,α < 1,0.9568464819465536,91,0,2,True,,3.0,0.03191237898600879,0.3572807242827902,7.621073691060199,6.621073691060199,True,1.1864000000230135,Optimization terminated successfully
Iris,3,42,10,300,0.0001,50,least_cost,Ranked k-means,Random 50% immutable,α = 1,1.0,91,0,2,True,,2.0,0.02294804936108815,0.30297227174174307,8.469034496732052,7.469034496732052,True,1.115300000009256,Optimization terminated successfully
Iris,3,42,10,300,0.0001,50,least_cost,Ranked k-means,Random 50% immutable,α < 1,0.9568464819465536,91,0,2,True,,2.0,0.03139013017175349,0.3543451998927232,7.241194808416145,6.241194808416145,True,1.014200000014398,Optimization terminated successfully
Iris,3,42,10,300,0.0001,50,least_cost,Ranked k-means,Random 75% immutable,α = 1,1.0,91,0,2,True,,1.0,0.08269990511432951,0.5751518238320366,2.5144711540294966,1.5144711540294966,True,0.9654999999781921,Optimization terminated successfully
Iris,3,42,10,300,0.0001,50,least_cost,Ranked k-means,Random 75% immutable,α < 1,0.9568464819465536,91,0,2,True,,1.0,0.113123374709674,0.6726763700611877,2.149923402365928,1.149923402365928,True,0.9615999999823543,Optimization terminated successfully
Iris,3,42,10,300,0.0001,50,least_cost,Ranked k-means,All features mutable,α = 1,1.0,114,0,1,True,,4.0,1.236957906610648,2.22437218703224,1.901984640285333,0.9019846402853331,True,1.6200000000026193,Optimization terminated successfully
Iris,3,42,10,300,0.0001,50,least_cost,Ranked k-means,All features mutable,α < 1,0.8507238734290548,114,0,1,True,,4.0,1.4983856893288245,2.4481713088171135,1.7281150891103318,0.7281150891103318,True,1.7279000000200995,Optimization terminated successfully
Iris,3,42,10,300,0.0001,50,least_cost,Ranked k-means,Random 25% immutable,α = 1,1.0,114,0,1,True,,3.0,1.379668518398127,2.349185832068742,1.7052465467602043,0.7052465467602043,True,1.6015999999865471,Optimization terminated successfully
Iris,3,42,10,300,0.0001,50,least_cost,Ranked k-means,Random 25% immutable,α < 1,0.8507238734290548,114,0,1,True,,3.0,1.6712578115529708,2.585542737262698,1.5493617441364196,0.5493617441364196,True,1.5429000000040105,Optimization terminated successfully
Iris,3,42,10,300,0.0001,50,least_cost,Ranked k-means,Random 50% immutable,α = 1,1.0,114,0,1,True,,2.0,3.878672768006795,3.938869263129608,1.0,0.0,False,1.6686000000163403,Optimization terminated successfully
Iris,3,42,10,300,0.0001,50,least_cost,Ranked k-means,Random 50% immutable,α < 1,0.8507238734290548,114,0,1,False,,,,,,,False,5.354100000005246,Positive directional derivative for linesearch
Iris,3,42,10,300,0.0001,50,least_cost,Ranked k-means,Random 75% immutable,α = 1,1.0,114,0,1,False,,,,,,,False,1.6291000000023814,Positive directional derivative for linesearch
Iris,3,42,10,300,0.0001,50,least_cost,Ranked k-means,Random 75% immutable,α < 1,0.8507238734290548,114,0,1,False,,,,,,,False,2.7312999999935528,Positive directional derivative for linesearch
Iris,3,42,10,300,0.0001,50,least_cost,Ranked k-means,All features mutable,α = 1,1.0,88,0,2,True,,4.0,0.15226174562454844,0.7804146221709289,5.012800669392152,4.012800669392152,True,1.7066999999997279,Optimization terminated successfully
Iris,3,42,10,300,0.0001,50,least_cost,Ranked k-means,All features mutable,α < 1,0.9568464819465536,88,0,2,True,,4.0,0.16799538120009444,0.8197447924814025,4.772293671846844,3.7722936718468443,True,1.6781000000207769,Optimization terminated successfully
Iris,3,42,10,300,0.0001,50,least_cost,Ranked k-means,Random 25% immutable,α = 1,1.0,88,0,2,True,,3.0,0.26410331616736865,1.0278196654420826,2.889996947392685,1.8899969473926852,True,1.5129999999885513,Optimization terminated successfully
Iris,3,42,10,300,0.0001,50,least_cost,Ranked k-means,Random 25% immutable,α < 1,0.9568464819465536,88,0,2,True,,3.0,0.2913938566365213,1.0796181855387974,2.751339052221568,1.7513390522215682,True,1.4492999999902167,Optimization terminated successfully
Iris,3,42,10,300,0.0001,50,least_cost,Ranked k-means,Random 50% immutable,α = 1,1.0,88,0,2,True,,2.0,0.3678843992051646,1.2130694938133835,2.3726402874866763,1.3726402874866763,True,1.3672000000042317,Optimization terminated successfully
Iris,3,42,10,300,0.0001,50,least_cost,Ranked k-means,Random 50% immutable,α < 1,0.9568464819465536,88,0,2,True,,2.0,0.4058989316622882,1.2742039580260112,2.2588044182833116,1.2588044182833116,True,1.3466999999991458,Optimization terminated successfully
Iris,3,42,10,300,0.0001,50,least_cost,Ranked k-means,Random 75% immutable,α = 1,1.0,88,0,2,False,,,,,,,False,11.462300000005143,Positive directional derivative for linesearch
Iris,3,42,10,300,0.0001,50,least_cost,Ranked k-means,Random 75% immutable,α < 1,0.9568464819465536,88,0,2,False,,,,,,,False,1.7301000000031763,Positive directional derivative for linesearch
Iris,3,42,10,300,0.0001,50,least_cost,Ranked k-means,All features mutable,α = 1,1.0,67,0,1,True,,4.0,0.30267508575250723,1.1003182916820156,2.097638164504126,1.0976381645041262,True,1.6052000000001954,Optimization terminated successfully
Iris,3,42,10,300,0.0001,50,least_cost,Ranked k-means,All features mutable,α < 1,0.8507238734290548,67,0,1,True,,4.0,0.43832173116156004,1.3241174134668874,1.7431004361639053,0.7431004361639053,True,1.5868000000125448,Optimization terminated successfully
Iris,3,42,10,300,0.0001,50,least_cost,Ranked k-means,Random 25% immutable,α = 1,1.0,67,0,1,True,,3.0,0.4105856293635233,1.2815391205320628,2.1431220008212843,1.1431220008212843,True,1.4997000000107619,Optimization terminated successfully
Iris,3,42,10,300,0.0001,50,least_cost,Ranked k-means,Random 25% immutable,α < 1,0.8507238734290548,67,0,1,True,,3.0,0.5945933851980005,1.5421976335061607,1.7808966887035964,0.7808966887035964,True,1.4575000000149885,Optimization terminated successfully
Iris,3,42,10,300,0.0001,50,least_cost,Ranked k-means,Random 50% immutable,α = 1,1.0,67,0,1,True,,2.0,0.5342732058073999,1.461879893571835,1.1883486002572374,0.18834860025723743,True,1.339700000016819,Optimization terminated successfully
Iris,3,42,10,300,0.0001,50,least_cost,Ranked k-means,Random 50% immutable,α < 1,0.8507238734290548,67,0,1,True,,2.0,0.7738173704420592,1.7593377963791481,1.0000000000000007,6.661338147750939e-16,True,1.3696000000038566,Optimization terminated successfully
Iris,3,42,10,300,0.0001,50,least_cost,Ranked k-means,Random 75% immutable,α = 1,1.0,67,0,1,False,,,,,,,False,1.3139999999793872,Positive directional derivative for linesearch
Iris,3,42,10,300,0.0001,50,least_cost,Ranked k-means,Random 75% immutable,α < 1,0.8507238734290548,67,0,1,False,,,,,,,False,0.9684999999990396,Positive directional derivative for linesearch
Iris,3,42,10,300,0.0001,50,least_cost,Ranked k-means,All features mutable,α = 1,1.0,83,0,2,True,,4.0,0.056551358922927786,0.4756105924931773,6.047011875361711,5.047011875361711,True,1.1729999999943175,Optimization terminated successfully
Iris,3,42,10,300,0.0001,50,least_cost,Ranked k-means,All features mutable,α < 1,0.9568464819465536,83,0,2,True,,4.0,0.06629099731259894,0.5149407628556859,5.585152908498129,4.585152908498129,True,1.1676000000022668,Optimization terminated successfully
Iris,3,42,10,300,0.0001,50,least_cost,Ranked k-means,Random 25% immutable,α = 1,1.0,83,0,2,True,,3.0,0.06753519171006145,0.5197506775755524,5.063533991272121,4.063533991272121,True,1.242299999972829,Optimization terminated successfully
Iris,3,42,10,300,0.0001,50,least_cost,Ranked k-means,Random 25% immutable,α < 1,0.9568464819465536,83,0,2,True,,3.0,0.07916653635607726,0.5627309707349588,4.676791146180667,3.6767911461806673,True,1.2259000000085507,Optimization terminated successfully
Iris,3,42,10,300,0.0001,50,least_cost,Ranked k-means,Random 50% immutable,α = 1,1.0,83,0,2,True,,2.0,0.10279394261553877,0.6412298889338792,3.3267207133387346,2.3267207133387346,True,0.9645000000091386,Optimization terminated successfully
Iris,3,42,10,300,0.0001,50,least_cost,Ranked k-means,Random 50% immutable,α < 1,0.9568464819465536,83,0,2,True,,2.0,0.12049777588837685,0.694255791155902,3.0726322776343973,2.0726322776343973,True,0.9589000000005399,Optimization terminated successfully
Iris,3,42,10,300,0.0001,50,least_cost,Ranked k-means,Random 75% immutable,α = 1,1.0,83,0,2,True,,1.0,0.19689320878281588,0.8874530044634834,4.432742226866586,3.432742226866586,True,0.9199999999793818,Optimization terminated successfully
Iris,3,42,10,300,0.0001,50,least_cost,Ranked k-means,Random 75% immutable,α < 1,0.9568464819465536,83,0,2,True,,1.0,0.23080342228520326,0.9608400955105969,4.094178027775193,3.094178027775193,True,0.9282000000041535,Optimization terminated successfully
Iris,3,42,10,300,0.0001,50,least_cost,Ranked k-means,All features mutable,α = 1,1.0,59,0,2,True,,4.0,0.5294868187975523,1.4553168985448528,2.4641077828877562,1.4641077828877562,True,1.7495000000167238,Optimization terminated successfully
Iris,3,42,10,300,0.0001,50,least_cost,Ranked k-means,All features mutable,α < 1,0.9568464819465536,59,0,2,True,,4.0,0.5584924651094537,1.494647068855325,2.399267193559211,1.399267193559211,True,1.5308000000118227,Optimization terminated successfully
Iris,3,42,10,300,0.0001,50,least_cost,Ranked k-means,Random 25% immutable,α = 1,1.0,59,0,2,True,,3.0,0.606282380347265,1.5572827364961894,2.1519883191575206,1.1519883191575206,True,2.479099999987966,Optimization terminated successfully
Iris,3,42,10,300,0.0001,50,least_cost,Ranked k-means,Random 25% immutable,α < 1,0.9568464819465536,59,0,2,True,,3.0,0.6394949394992132,1.5993685497710817,2.0953608236920096,1.0953608236920096,True,1.4669999999910033,Optimization terminated successfully
Iris,3,42,10,300,0.0001,50,least_cost,Ranked k-means,Random 50% immutable,α = 1,1.0,59,0,2,True,,2.0,0.9033834663738777,1.9009297371274696,1.4442511294081068,0.44425112940810685,True,1.363400000002457,Optimization terminated successfully
Iris,3,42,10,300,0.0001,50,least_cost,Ranked k-means,Random 50% immutable,α < 1,0.9568464819465536,59,0,2,True,,2.0,0.952871424108442,1.9523026651709943,1.4062470597566,0.4062470597565999,True,1.4675000000181626,Optimization terminated successfully
Iris,3,42,10,300,0.0001,50,least_cost,Ranked k-means,Random 75% immutable,α = 1,1.0,59,0,2,False,,,,,,,False,1.2860000000216587,Positive directional derivative for linesearch
Iris,3,42,10,300,0.0001,50,least_cost,Ranked k-means,Random 75% immutable,α < 1,0.9568464819465536,59,0,2,False,,,,,,,False,6.458699999996043,Positive directional derivative for linesearch
Iris,3,42,10,300,0.0001,50,least_cost,Ranked k-means,All features mutable,α = 1,1.0,109,2,1,True,,4.0,1.7254372450098014,2.6271179988799904,1.897180962018148,0.8971809620181479,True,2.047099999998636,Optimization terminated successfully
Iris,3,42,10,300,0.0001,50,least_cost,Ranked k-means,All features mutable,α < 1,0.8507238734290548,109,2,1,True,,4.0,2.134942483635004,2.9222884755855327,1.7055531513365005,0.7055531513365005,True,1.7252000000098633,Optimization terminated successfully
Iris,3,42,10,300,0.0001,50,least_cost,Ranked k-means,Random 25% immutable,α = 1,1.0,109,2,1,True,,3.0,2.6086960812622335,3.230291678014376,1.382581075686112,0.3825810756861121,True,1.5238000000010743,Optimization terminated successfully
Iris,3,42,10,300,0.0001,50,least_cost,Ranked k-means,Random 25% immutable,α < 1,0.8507238734290548,109,2,1,True,,3.0,3.2278288340456274,3.593231878988957,1.2429312466149807,0.24293124661498067,True,1.6632999999899312,Optimization terminated successfully
Iris,3,42,10,300,0.0001,50,least_cost,Ranked k-means,Random 50% immutable,α = 1,1.0,109,2,1,True,,2.0,2.7353194304520936,3.3077602273756748,1.1250736938916839,0.12507369389168388,True,1.0725999999863234,Optimization terminated successfully
Iris,3,42,10,300,0.0001,50,least_cost,Ranked k-means,Random 50% immutable,α < 1,0.8507238734290548,109,2,1,True,,2.0,3.3755845766299473,3.6745528036102284,1.0300246103311952,0.03002461033119519,True,1.4950000000055752,Optimization terminated successfully
Iris,3,42,10,300,0.0001,50,least_cost,Ranked k-means,Random 75% immutable,α = 1,1.0,109,2,1,False,,,,,,,False,6.97479999999473,Positive directional derivative for linesearch
Iris,3,42,10,300,0.0001,50,least_cost,Ranked k-means,Random 75% immutable,α < 1,0.8507238734290548,109,2,1,False,,,,,,,False,1.8333000000154698,Positive directional derivative for linesearch
Iris,3,42,10,300,0.0001,50,least_cost,Ranked k-means,All features mutable,α = 1,1.0,82,0,1,True,,4.0,0.34365652903127364,1.1724445044969483,2.4060618943700205,1.4060618943700205,True,1.7646000000013373,Optimization terminated successfully
Iris,3,42,10,300,0.0001,50,least_cost,Ranked k-means,All features mutable,α < 1,0.8507238734290548,82,0,1,True,,4.0,0.48737406598315147,1.3962436262818196,2.020402432226892,1.0204024322268919,True,1.7425000000059754,Optimization terminated successfully
Iris,3,42,10,300,0.0001,50,least_cost,Ranked k-means,Random 25% immutable,α = 1,1.0,82,0,1,True,,3.0,0.38330495460882374,1.2382325381103887,2.1571828632094014,1.1571828632094014,True,1.4985999999908017,Optimization terminated successfully
Iris,3,42,10,300,0.0001,50,least_cost,Ranked k-means,Random 25% immutable,α < 1,0.8507238734290548,82,0,1,True,,3.0,0.5436035065761531,1.474589443304343,1.8114153932538888,0.8114153932538888,True,1.6208000000119682,Optimization terminated successfully
Iris,3,42,10,300,0.0001,50,least_cost,Ranked k-means,Random 50% immutable,α = 1,1.0,82,0,1,True,,2.0,0.5796536629722933,1.5226997904673045,1.4264705298794376,0.42647052987943757,True,1.393000000007305,Optimization terminated successfully
Iris,3,42,10,300,0.0001,50,least_cost,Ranked k-means,Random 50% immutable,α < 1,0.8507238734290548,82,0,1,True,,2.0,0.8220654598973877,1.8133565119935877,1.1978264712871483,0.19782647128714825,True,1.3811999999973068,Optimization terminated successfully
Iris,3,42,10,300,0.0001,50,least_cost,Ranked k-means,Random 75% immutable,α = 1,1.0,82,0,1,False,,,,,,,False,0.9588000000064767,Positive directional derivative for linesearch
Iris,3,42,10,300,0.0001,50,least_cost,Ranked k-means,Random 75% immutable,α < 1,0.8507238734290548,82,0,1,False,,,,,,,False,2.3984999999981937,Positive directional derivative for linesearch
Iris,3,42,10,300,0.0001,50,least_cost,Ranked k-means,All features mutable,α = 1,1.0,8,1,0,True,,4.0,0.3005620443122414,1.0964707826700015,3.3061936138522623,2.3061936138522623,True,1.7029999999920165,Optimization terminated successfully
Iris,3,42,10,300,0.0001,50,least_cost,Ranked k-means,All features mutable,α < 1,0.9838316312572207,8,1,0,True,,4.0,0.31399821496411034,1.1207108725520787,3.234683265385316,2.234683265385316,True,1.640400000013642,Optimization terminated successfully
Iris,3,42,10,300,0.0001,50,least_cost,Ranked k-means,Random 25% immutable,α = 1,1.0,8,1,0,True,,3.0,0.3352385624012247,1.157995789977191,2.964206464338486,1.9642064643384858,True,1.690600000017639,Optimization terminated successfully
Iris,3,42,10,300,0.0001,50,least_cost,Ranked k-means,Random 25% immutable,α < 1,0.9838316312572207,8,1,0,True,,3.0,0.3502248942376913,1.1835960362179172,2.900093050381551,1.900093050381551,True,1.6558000000088668,Optimization terminated successfully
Iris,3,42,10,300,0.0001,50,least_cost,Ranked k-means,Random 50% immutable,α = 1,1.0,8,1,0,True,,2.0,0.7382373125750461,1.7184147492093358,2.107338858040895,1.1073388580408952,True,1.4300999999932174,Optimization terminated successfully
Iris,3,42,10,300,0.0001,50,least_cost,Ranked k-means,Random 50% immutable,α < 1,0.9838316312572207,8,1,0,True,,2.0,0.7712390927433721,1.7564043870855848,2.0617587842545597,1.0617587842545597,True,1.4119999999877564,Optimization terminated successfully
Iris,3,42,10,300,0.0001,50,least_cost,Ranked k-means,Random 75% immutable,α = 1,1.0,8,1,0,True,,1.0,2.9057123725354743,3.4092300435936993,1.2439393679217525,0.24393936792175253,True,1.2796999999977743,Optimization terminated successfully
Iris,3,42,10,300,0.0001,50,least_cost,Ranked k-means,Random 75% immutable,α < 1,0.9838316312572207,8,1,0,True,,1.0,3.035607840181684,3.484599167870924,1.2170339431375554,0.21703394313755542,True,1.2730999999917003,Optimization terminated successfully
Iris,3,42,10,300,0.0001,50,least_cost,Ranked k-means,All features mutable,α = 1,1.0,86,2,0,True,,4.0,0.04805421614560108,0.4384254378824344,10.192677287788257,9.192677287788257,True,1.3040000000046348,Optimization terminated successfully
Iris,3,42,10,300,0.0001,50,least_cost,Ranked k-means,All features mutable,α < 1,0.9838316312572207,86,2,0,True,,4.0,0.0513387930710197,0.4531613093414737,9.86123243637363,8.86123243637363,True,1.1534000000210654,Optimization terminated successfully
Iris,3,42,10,300,0.0001,50,least_cost,Ranked k-means,Random 25% immutable,α = 1,1.0,86,2,0,True,,3.0,0.06741787134077441,0.5192990326999442,3.835737640055599,2.835737640055599,True,1.0873999999887474,Optimization terminated successfully
Iris,3,42,10,300,0.0001,50,least_cost,Ranked k-means,Random 25% immutable,α < 1,0.9838316312572207,86,2,0,True,,3.0,0.07202598281003231,0.5367531380813058,3.6487253544130467,2.6487253544130467,True,1.086999999984073,Optimization terminated successfully
Iris,3,42,10,300,0.0001,50,least_cost,Ranked k-means,Random 50% immutable,α = 1,1.0,86,2,0,True,,2.0,0.08734860600269627,0.5910959516108912,4.4702454165826335,3.4702454165826335,True,1.088900000013382,Optimization terminated successfully
Iris,3,42,10,300,0.0001,50,least_cost,Ranked k-means,Random 50% immutable,α < 1,0.9838316312572207,86,2,0,True,,2.0,0.0933190127381768,0.6109632157116394,4.252297555883473,3.252297555883473,True,1.082300000007308,Optimization terminated successfully
Iris,3,42,10,300,0.0001,50,least_cost,Ranked k-means,Random 75% immutable,α = 1,1.0,86,2,0,True,,1.0,0.16730895736531473,0.8180683525606274,3.111515814644525,2.111515814644525,True,0.919600000003129,Optimization terminated successfully
Iris,3,42,10,300,0.0001,50,least_cost,Ranked k-means,Random 75% immutable,α < 1,0.9838316312572207,86,2,0,True,,1.0,0.1787447726767721,0.8455643622499049,3.0103357356258673,2.0103357356258673,True,0.926200000009203,Optimization terminated successfully
Iris,3,42,10,300,0.0001,50,least_cost,Ranked k-means,All features mutable,α = 1,1.0,57,0,2,True,,4.0,1.4369162873165886,2.3974288621909836,2.039717975448424,1.0397179754484238,True,1.6728000000227894,Optimization terminated successfully
Iris,3,42,10,300,0.0001,50,least_cost,Ranked k-means,All features mutable,α < 1,0.9568464819465536,57,0,2,True,,4.0,1.4844486456193504,2.43675903250145,2.006796170122667,1.006796170122667,True,1.6164999999830343,Optimization terminated successfully
Iris,3,42,10,300,0.0001,50,least_cost,Ranked k-means,Random 25% immutable,α = 1,1.0,57,0,2,True,,3.0,1.6453233510372702,2.5654031660051175,1.7813543538402596,0.7813543538402596,True,1.6949999999837928,Optimization terminated successfully
Iris,3,42,10,300,0.0001,50,least_cost,Ranked k-means,Random 25% immutable,α < 1,0.9568464819465536,57,0,2,True,,3.0,1.699749694266673,2.607488979280007,1.752602680484742,0.7526026804847421,True,1.5660999999909109,Optimization terminated successfully
Iris,3,42,10,300,0.0001,50,least_cost,Ranked k-means,Random 50% immutable,α = 1,1.0,57,0,2,True,,2.0,2.0218465744306044,2.8438330291566727,1.6558903206088702,0.6558903206088702,True,1.4243999999905554,Optimization terminated successfully
Iris,3,42,10,300,0.0001,50,least_cost,Ranked k-means,Random 50% immutable,α < 1,0.9568464819465536,57,0,2,True,,2.0,2.0887280877500283,2.890486524964286,1.6291636496836115,0.6291636496836115,True,1.4654000000007272,Optimization terminated successfully
Iris,3,42,10,300,0.0001,50,least_cost,Ranked k-means,Random 75% immutable,α = 1,1.0,57,0,2,False,,,,,,,False,0.9265000000198143,Positive directional derivative for linesearch
Iris,3,42,10,300,0.0001,50,least_cost,Ranked k-means,Random 75% immutable,α < 1,0.9568464819465536,57,0,2,False,,,,,,,False,3.5941000000150325,Positive directional derivative for linesearch
Iris,3,42,10,300,0.0001,50,least_cost,Ranked k-means,All features mutable,α = 1,1.0,117,2,1,True,,4.0,2.0181192778217985,2.8412105010518305,1.6912162692055461,0.6912162692055461,True,1.6809999999907177,Optimization terminated successfully
Iris,3,42,10,300,0.0001,50,least_cost,Ranked k-means,All features mutable,α < 1,0.8507238734290548,117,2,1,True,,4.0,2.4592214094095732,3.136380977757373,1.5320528499536024,0.5320528499536024,True,1.6193999999813968,Optimization terminated successfully
Iris,3,42,10,300,0.0001,50,least_cost,Ranked k-means,Random 25% immutable,α = 1,1.0,117,2,1,True,,3.0,2.0925209565360268,2.8931097155386465,1.6310834000690748,0.6310834000690748,True,1.5123999999957505,Optimization terminated successfully
Iris,3,42,10,300,0.0001,50,least_cost,Ranked k-means,Random 25% immutable,α < 1,0.8507238734290548,117,2,1,True,,3.0,2.549885129438795,3.193671948988371,1.4775791910478173,0.4775791910478173,True,1.535799999999199,Optimization terminated successfully
Iris,3,42,10,300,0.0001,50,least_cost,Ranked k-means,Random 50% immutable,α = 1,1.0,117,2,1,True,,2.0,3.017844198650663,3.4743886936557127,1.130965005363128,0.13096500536312794,True,1.4295000000004165,Optimization terminated successfully
Iris,3,42,10,300,0.0001,50,least_cost,Ranked k-means,Random 50% immutable,α < 1,0.8507238734290548,117,2,1,True,,2.0,3.677457098370517,3.835339410467093,1.0245278519070957,0.02452785190709572,True,1.367500000014843,Optimization terminated successfully
Iris,3,42,10,300,0.0001,50,least_cost,Ranked k-means,Random 75% immutable,α = 1,1.0,117,2,1,False,,,,,,,False,3.171799999989844,Positive directional derivative for linesearch
Iris,3,42,10,300,0.0001,50,least_cost,Ranked k-means,Random 75% immutable,α < 1,0.8507238734290548,117,2,1,False,,,,,,,False,1.6310000000032687,Positive directional derivative for linesearch
Iris,3,42,10,300,0.0001,50,least_cost,Ranked k-means,All features mutable,α = 1,1.0,70,2,1,True,,4.0,0.38017266178037384,1.2331628631780538,3.1797557729478085,2.1797557729478085,True,1.558100000011109,Optimization terminated successfully
Iris,3,42,10,300,0.0001,50,least_cost,Ranked k-means,All features mutable,α < 1,0.8507238734290548,70,2,1,True,,4.0,0.5306845564067773,1.4569619849629258,2.691323985515399,1.6913239855153992,True,1.5716000000054464,Optimization terminated successfully
Iris,3,42,10,300,0.0001,50,least_cost,Ranked k-means,Random 25% immutable,α = 1,1.0,70,2,1,True,,3.0,0.5157128516733489,1.4362630005306811,2.344049036700438,1.3440490367004378,True,1.4648000000079264,Optimization terminated successfully
Iris,3,42,10,300,0.0001,50,least_cost,Ranked k-means,Random 25% immutable,α < 1,0.8507238734290548,70,2,1,True,,3.0,0.7308801425441276,1.7098305676810526,1.8716734335648555,0.8716734335648555,True,1.4678999999944153,Optimization terminated successfully
Iris,3,42,10,300,0.0001,50,least_cost,Ranked k-means,Random 50% immutable,α = 1,1.0,70,2,1,True,,2.0,0.9326699855464615,1.931496813920708,1.461374354033616,0.46137435403361593,True,1.3747000000137177,Optimization terminated successfully
Iris,3,42,10,300,0.0001,50,least_cost,Ranked k-means,Random 50% immutable,α < 1,0.8507238734290548,70,2,1,True,,2.0,1.4097048153243765,2.374619814053927,1.0579201621869234,0.05792016218692342,True,1.360200000021905,Optimization terminated successfully
Iris,3,42,10,300,0.0001,50,least_cost,Ranked k-means,Random 75% immutable,α = 1,1.0,70,2,1,False,,,,,,,False,5.3979000000197175,Positive directional derivative for linesearch
Iris,3,42,10,300,0.0001,50,least_cost,Ranked k-means,Random 75% immutable,α < 1,0.8507238734290548,70,2,1,False,,,,,,,False,6.588100000016084,Inequality constraints incompatible
Iris,3,42,10,300,0.0001,50,least_cost,Ranked k-means,All features mutable,α = 1,1.0,29,1,2,True,,4.0,1.4599519075325638,2.4165693927818945,2.423896225136758,1.4238962251367582,True,1.6060000000095442,Optimization terminated successfully
Iris,3,42,10,300,0.0001,50,least_cost,Ranked k-means,All features mutable,α < 1,0.9568464819465536,29,1,2,True,,4.0,1.5334159078293106,2.4766234334910995,2.370493343643654,1.3704933436436542,True,1.5903000000037082,Optimization terminated successfully
Iris,3,42,10,300,0.0001,50,least_cost,Ranked k-means,Random 25% immutable,α = 1,1.0,29,1,2,True,,3.0,1.9061391202362037,2.7612599444718735,1.821770609127127,0.8217706091271271,True,1.670900000021902,Optimization terminated successfully
Iris,3,42,10,300,0.0001,50,least_cost,Ranked k-means,Random 25% immutable,α < 1,0.9568464819465536,29,1,2,True,,3.0,1.9709985334870734,2.807845105049118,1.7915454802752866,0.7915454802752866,True,1.4831000000015138,Optimization terminated successfully
Iris,3,42,10,300,0.0001,50,least_cost,Ranked k-means,Random 50% immutable,α = 1,1.0,29,1,2,False,,,,,,,False,7.5095999999916785,Positive directional derivative for linesearch
Iris,3,42,10,300,0.0001,50,least_cost,Ranked k-means,Random 50% immutable,α < 1,0.9568464819465536,29,1,2,False,,,,,,,False,23.968499999995174,Positive directional derivative for linesearch
Iris,3,42,10,300,0.0001,50,least_cost,Ranked k-means,Random 75% immutable,α = 1,1.0,29,1,2,True,,1.0,3.629795237446235,3.81040430266723,1.0175749201948818,0.017574920194881827,True,1.308099999988599,Optimization terminated successfully
Iris,3,42,10,300,0.0001,50,least_cost,Ranked k-means,Random 75% immutable,α < 1,0.9568464819465536,29,1,2,False,,,,,,,False,0.9118000000114534,Positive directional derivative for linesearch
Iris,3,42,10,300,0.0001,50,least_cost,Ranked k-means,All features mutable,α = 1,1.0,106,0,1,True,,4.0,0.6501427093730249,1.6126285491371222,1.4017276058591928,0.40172760585919276,True,1.5645000000006348,Optimization terminated successfully
Iris,3,42,10,300,0.0001,50,least_cost,Ranked k-means,All features mutable,α < 1,0.8507238734290548,106,0,1,True,,4.0,0.8431166476319971,1.8364276709219964,1.2309038917846336,0.23090389178463355,True,1.737300000002051,Optimization terminated successfully
Iris,3,42,10,300,0.0001,50,least_cost,Ranked k-means,Random 25% immutable,α = 1,1.0,106,0,1,True,,3.0,0.7251511339183874,1.7031161251287446,2.0079110629350514,1.0079110629350514,True,1.6458000000056927,Optimization terminated successfully
Iris,3,42,10,300,0.0001,50,least_cost,Ranked k-means,Random 25% immutable,α < 1,0.8507238734290548,106,0,1,True,,3.0,0.9403889088372769,1.9394730303226977,1.7632138441699026,0.7632138441699026,True,1.6212999999822841,Optimization terminated successfully
Iris,3,42,10,300,0.0001,50,least_cost,Ranked k-means,Random 50% immutable,α = 1,1.0,106,0,1,True,,2.0,1.0258813866692162,2.025716057762505,1.4193053729051688,0.4193053729051688,True,1.4932999999928143,Optimization terminated successfully
Iris,3,42,10,300,0.0001,50,least_cost,Ranked k-means,Random 50% immutable,α < 1,0.8507238734290548,106,0,1,True,,2.0,1.3303812580329155,2.3068430878869206,1.246339538231593,0.24633953823159294,True,1.4961999999911768,Optimization terminated successfully
Iris,3,42,10,300,0.0001,50,least_cost,Ranked k-means,Random 75% immutable,α = 1,1.0,106,0,1,False,,,,,,,False,0.9392000000048029,Positive directional derivative for linesearch
Iris,3,42,10,300,0.0001,50,least_cost,Ranked k-means,Random 75% immutable,α < 1,0.8507238734290548,106,0,1,False,,,,,,,False,12.857800000006137,Positive directional derivative for linesearch
Iris,3,42,10,300,0.0001,50,least_cost,Ranked k-means,All features mutable,α = 1,1.0,97,0,1,True,,4.0,0.3938797967694433,1.2551968718403392,2.451747851561896,1.4517478515618958,True,1.557099999985212,Optimization terminated successfully
Iris,3,42,10,300,0.0001,50,least_cost,Ranked k-means,All features mutable,α < 1,0.8507238734290548,97,0,1,True,,4.0,0.546857287289856,1.4789959936252106,2.0807535939120205,1.0807535939120205,True,1.550699999995686,Optimization terminated successfully
Iris,3,42,10,300,0.0001,50,least_cost,Ranked k-means,Random 25% immutable,α = 1,1.0,97,0,1,True,,3.0,0.5879191074219073,1.5335176652675473,1.6425626293846192,0.6425626293846192,True,1.64179999998737,Optimization terminated successfully
Iris,3,42,10,300,0.0001,50,least_cost,Ranked k-means,Random 25% immutable,α < 1,0.8507238734290548,97,0,1,True,,3.0,0.8162587948597235,1.8069408345153126,1.3940128867034614,0.39401288670346135,True,1.501399999995101,Optimization terminated successfully
Iris,3,42,10,300,0.0001,50,least_cost,Ranked k-means,Random 50% immutable,α = 1,1.0,97,0,1,True,,2.0,0.6643664463811569,1.630173544603343,1.4535561523352811,0.4535561523352811,True,1.385299999981271,Optimization terminated successfully
Iris,3,42,10,300,0.0001,50,least_cost,Ranked k-means,Random 50% immutable,α < 1,0.8507238734290548,97,0,1,True,,2.0,0.9327282448352531,1.9315571385131252,1.1028172877619478,0.10281728776194776,True,1.0350999999957367,Optimization terminated successfully
Iris,3,42,10,300,0.0001,50,least_cost,Ranked k-means,Random 75% immutable,α = 1,1.0,97,0,1,False,,,,,,,False,1.2872000000072603,Positive directional derivative for linesearch
Iris,3,42,10,300,0.0001,50,least_cost,Ranked k-means,Random 75% immutable,α < 1,0.8507238734290548,97,0,1,False,,,,,,,False,5.674799999979996,Positive directional derivative for linesearch
Iris,3,42,10,300,0.0001,50,least_cost,Ranked k-means,All features mutable,α = 1,1.0,78,0,2,True,,4.0,0.04040761451569974,0.4020329066914784,8.108919419328858,7.108919419328858,True,1.1269000000027063,Optimization terminated successfully
Iris,3,42,10,300,0.0001,50,least_cost,Ranked k-means,All features mutable,α < 1,0.9568464819465536,78,0,2,True,,4.0,0.04870034189436435,0.4413630790828084,7.386327979798092,6.386327979798092,True,1.1676000000022668,Optimization terminated successfully
Iris,3,42,10,300,0.0001,50,least_cost,Ranked k-means,Random 25% immutable,α = 1,1.0,78,0,2,True,,3.0,0.04626824331900827,0.43020108469881047,7.081792396081568,6.081792396081568,True,1.098800000022493,Optimization terminated successfully
Iris,3,42,10,300,0.0001,50,least_cost,Ranked k-means,Random 25% immutable,α < 1,0.9568464819465536,78,0,2,True,,3.0,0.05576372849940588,0.4722868979737036,6.450728930607256,5.450728930607256,True,1.3441000000113945,Optimization terminated successfully
Iris,3,42,10,300,0.0001,50,least_cost,Ranked k-means,Random 50% immutable,α = 1,1.0,78,0,2,True,,2.0,0.06894141638853975,0.5251339501062172,4.752761249838985,3.7527612498389846,True,1.0596999999847867,Optimization terminated successfully
Iris,3,42,10,300,0.0001,50,least_cost,Ranked k-means,Random 50% immutable,α < 1,0.9568464819465536,78,0,2,True,,2.0,0.08309004513848961,0.5765068781497393,4.329239390691547,3.329239390691547,True,1.0519999999871743,Optimization terminated successfully
Iris,3,42,10,300,0.0001,50,least_cost,Ranked k-means,Random 75% immutable,α = 1,1.0,78,0,2,True,,1.0,0.3190083446485921,1.1296164741160464,1.2081772238759434,0.2081772238759434,True,1.2707999999861386,Optimization terminated successfully
Iris,3,42,10,300,0.0001,50,least_cost,Ranked k-means,Random 75% immutable,α < 1,0.9568464819465536,78,0,2,True,,1.0,0.38447741785607714,1.2401248612233804,1.100515712906285,0.10051571290628503,True,1.2549999999862393,Optimization terminated successfully
Iris,3,42,10,300,0.0001,50,least_cost,Ranked k-means,All features mutable,α = 1,1.0,22,1,0,True,,4.0,1.0758475390330684,2.074461413507678,2.843340637278097,1.843340637278097,True,1.6856000000018412,Optimization terminated successfully
Iris,3,42,10,300,0.0001,50,least_cost,Ranked k-means,All features mutable,α < 1,0.9838316312572207,22,1,0,True,,4.0,1.1011370000826042,2.098701503389755,2.8104999110852678,1.8104999110852678,True,1.592800000025818,Optimization terminated successfully
Iris,3,42,10,300,0.0001,50,least_cost,Ranked k-means,Random 25% immutable,α = 1,1.0,22,1,0,True,,3.0,1.5450839613075436,2.4860281263956314,1.9798283252819806,0.9798283252819806,True,1.604100000008657,Optimization terminated successfully
Iris,3,42,10,300,0.0001,50,least_cost,Ranked k-means,Random 25% immutable,α < 1,0.9838316312572207,22,1,0,True,,3.0,1.5814035505059045,2.515077374957601,1.9569612189241397,0.9569612189241397,True,1.599900000002208,Optimization terminated successfully
Iris,3,42,10,300,0.0001,50,least_cost,Ranked k-means,Random 50% immutable,α = 1,1.0,22,1,0,False,,,,,,,False,6.000000000000227,Positive directional derivative for linesearch
Iris,3,42,10,300,0.0001,50,least_cost,Ranked k-means,Random 50% immutable,α < 1,0.9838316312572207,22,1,0,False,,,,,,,False,2.3095999999895866,Positive directional derivative for linesearch
Iris,3,42,10,300,0.0001,50,least_cost,Ranked k-means,Random 75% immutable,α = 1,1.0,22,1,0,False,,,,,,,False,0.9976999999992131,Positive directional derivative for linesearch
Iris,3,42,10,300,0.0001,50,least_cost,Ranked k-means,Random 75% immutable,α < 1,0.9838316312572207,22,1,0,False,,,,,,,False,1.7707000000086737,Positive directional derivative for linesearch
Iris,3,42,10,300,0.0001,50,least_cost,Ranked k-means,All features mutable,α = 1,1.0,121,0,1,True,,4.0,0.8227874160580104,1.8141526022449275,2.2183056850773397,1.2183056850773397,True,1.5732999999897856,Optimization terminated successfully
Iris,3,42,10,300,0.0001,50,least_cost,Ranked k-means,All features mutable,α < 1,0.8507238734290548,121,0,1,True,,4.0,1.0383118073690096,2.037951724029801,1.9747008964409627,0.9747008964409627,True,1.154800000023215,Optimization terminated successfully
Iris,3,42,10,300,0.0001,50,least_cost,Ranked k-means,Random 25% immutable,α = 1,1.0,121,0,1,True,,3.0,1.1161298202482395,2.1129409080693566,1.635288259181321,0.6352882591813209,True,1.4472999999952663,Optimization terminated successfully
Iris,3,42,10,300,0.0001,50,least_cost,Ranked k-means,Random 25% immutable,α < 1,0.8507238734290548,121,0,1,True,,3.0,1.4084935528944498,2.3735994210434495,1.4557079398497665,0.45570793984976654,True,1.451199999991104,Optimization terminated successfully
Iris,3,42,10,300,0.0001,50,least_cost,Ranked k-means,Random 50% immutable,α = 1,1.0,121,0,1,True,,2.0,1.3878151563421377,2.3561113355205756,1.592363441921814,0.592363441921814,True,1.4103999999974803,Optimization terminated successfully
Iris,3,42,10,300,0.0001,50,least_cost,Ranked k-means,Random 50% immutable,α < 1,0.8507238734290548,121,0,1,True,,2.0,1.7603060742743954,2.653530534419678,1.3123060036959473,0.3123060036959473,True,1.4703999999881034,Optimization terminated successfully
Iris,3,42,10,300,0.0001,50,least_cost,Ranked k-means,Random 75% immutable,α = 1,1.0,121,0,1,False,,,,,,,False,9.449000000017804,Positive directional derivative for linesearch
Iris,3,42,10,300,0.0001,50,least_cost,Ranked k-means,Random 75% immutable,α < 1,0.8507238734290548,121,0,1,False,,,,,,,False,15.59309999998959,Positive directional derivative for linesearch
Iris,3,42,10,300,0.0001,50,least_cost,Ranked k-means,All features mutable,α = 1,1.0,15,1,0,True,,4.0,1.6235286128641175,2.5483552443598736,2.6170885872191683,1.6170885872191683,True,1.5922000000045955,Optimization terminated successfully
Iris,3,42,10,300,0.0001,50,least_cost,Ranked k-means,All features mutable,α < 1,0.9838316312572207,15,1,0,True,,4.0,1.6624590451819523,2.5787276282554172,2.597668327286971,1.597668327286971,True,1.5520000000037726,Optimization terminated successfully
Iris,3,42,10,300,0.0001,50,least_cost,Ranked k-means,Random 25% immutable,α = 1,1.0,15,1,0,True,,3.0,2.1471908918791858,2.930659237700068,1.69754434952,0.69754434952,True,1.6182999999898584,Optimization terminated successfully
Iris,3,42,10,300,0.0001,50,least_cost,Ranked k-means,Random 25% immutable,α < 1,0.9838316312572207,15,1,0,True,,3.0,2.1939804408227404,2.962418228962778,1.6862886755717914,0.6862886755717914,True,1.7213000000140255,Optimization terminated successfully
Iris,3,42,10,300,0.0001,50,least_cost,Ranked k-means,Random 50% immutable,α = 1,1.0,15,1,0,True,,2.0,2.3060911394779415,3.0371639004030992,1.4605348067725155,0.46053480677251546,True,1.4168999999810694,Optimization terminated successfully
Iris,3,42,10,300,0.0001,50,least_cost,Ranked k-means,Random 50% immutable,α < 1,0.9838316312572207,15,1,0,True,,2.0,2.3525628093591555,3.0676132802940828,1.4460374197714898,0.4460374197714898,True,1.4089999999953307,Optimization terminated successfully
Iris,3,42,10,300,0.0001,50,least_cost,Ranked k-means,Random 75% immutable,α = 1,1.0,15,1,0,True,,1.0,4.428084152258234,4.208602690802843,1.3195997748387707,0.31959977483877067,True,1.3849000000050182,Optimization terminated successfully
Iris,3,42,10,300,0.0001,50,least_cost,Ranked k-means,Random 75% immutable,α < 1,0.9838316312572207,15,1,0,True,,1.0,4.517317600757873,4.250796443377581,1.3065013197283242,0.3065013197283242,True,1.373300000011568,Optimization terminated successfully
Iris,3,42,10,300,0.0001,50,least_cost,Ranked k-means,All features mutable,α = 1,1.0,10,1,2,True,,4.0,0.8668639383845254,1.8621105642625255,2.826217904429314,1.8262179044293139,True,1.7344000000036885,Optimization terminated successfully
Iris,3,42,10,300,0.0001,50,least_cost,Ranked k-means,All features mutable,α < 1,0.9568464819465536,10,1,2,True,,4.0,0.9481306178265145,1.9474399788712509,2.702383766197224,1.702383766197224,True,1.560600000004797,Optimization terminated successfully
Iris,3,42,10,300,0.0001,50,least_cost,Ranked k-means,Random 25% immutable,α = 1,1.0,10,1,2,True,,3.0,1.2941093234606433,2.275178519115055,1.898394375374714,0.8983943753747139,True,1.6261999999755972,Optimization terminated successfully
Iris,3,42,10,300,0.0001,50,least_cost,Ranked k-means,Random 25% immutable,α < 1,0.9568464819465536,10,1,2,True,,3.0,1.415429363314364,2.3794363730214463,1.8152139412981898,0.8152139412981898,True,1.4431999999828804,Optimization terminated successfully
Iris,3,42,10,300,0.0001,50,least_cost,Ranked k-means,Random 50% immutable,α = 1,1.0,10,1,2,True,,2.0,2.6185472331571757,3.236385164443303,1.0000000000000002,2.220446049250313e-16,True,1.6672000000141907,Optimization terminated successfully
Iris,3,42,10,300,0.0001,50,least_cost,Ranked k-means,Random 50% immutable,α < 1,0.9568464819465536,10,1,2,False,,,,,,,False,3.354500000000371,Positive directional derivative for linesearch
Iris,3,42,10,300,0.0001,50,least_cost,Ranked k-means,Random 75% immutable,α = 1,1.0,10,1,2,False,,,,,,,False,0.6290999999976066,Positive directional derivative for linesearch
Iris,3,42,10,300,0.0001,50,least_cost,Ranked k-means,Random 75% immutable,α < 1,0.9568464819465536,10,1,2,False,,,,,,,False,16.115900000016836,Positive directional derivative for linesearch
Iris,3,42,10,300,0.0001,50,least_cost,Ranked k-means,All features mutable,α = 1,1.0,137,2,0,True,,4.0,0.06834233610651065,0.522847343328856,7.478545910092762,6.478545910092762,True,1.5982999999835101,Optimization terminated successfully
Iris,3,42,10,300,0.0001,50,least_cost,Ranked k-means,All features mutable,α < 1,0.9838316312572207,137,2,0,True,,4.0,0.07224892821323992,0.5375832148169803,7.273548972784855,6.273548972784855,True,1.5366000000085478,Optimization terminated successfully
Iris,3,42,10,300,0.0001,50,least_cost,Ranked k-means,Random 25% immutable,α = 1,1.0,137,2,0,True,,3.0,0.07825455278989774,0.559480304532332,6.531265960806135,5.531265960806135,True,1.3465000000110194,Optimization terminated successfully
Iris,3,42,10,300,0.0001,50,least_cost,Ranked k-means,Random 25% immutable,α < 1,0.9838316312572207,137,2,0,True,,3.0,0.08272774811304559,0.5752486353327423,6.352235291904562,5.352235291904562,True,1.1781999999982418,Optimization terminated successfully
Iris,3,42,10,300,0.0001,50,least_cost,Ranked k-means,Random 50% immutable,α = 1,1.0,137,2,0,True,,2.0,0.12422651405496944,0.7049156376616125,4.1142690067440375,3.1142690067440375,True,1.375599999988708,Optimization terminated successfully
Iris,3,42,10,300,0.0001,50,least_cost,Ranked k-means,Random 50% immutable,α < 1,0.9838316312572207,137,2,0,True,,2.0,0.13132756366640352,0.7247829017475607,4.001491412626457,3.001491412626457,True,1.3723000000140928,Optimization terminated successfully
Iris,3,42,10,300,0.0001,50,least_cost,Ranked k-means,Random 75% immutable,α = 1,1.0,137,2,0,True,,1.0,0.23794550906671072,0.9755931714945748,2.6091127847410727,1.6091127847410727,True,1.0499000000265823,Optimization terminated successfully
Iris,3,42,10,300,0.0001,50,least_cost,Ranked k-means,Random 75% immutable,α < 1,0.9838316312572207,137,2,0,True,,1.0,0.25154697633442286,1.0030891811487608,2.5375935303553936,1.5375935303553936,True,0.939299999998866,Optimization terminated successfully
Iris,3,42,10,300,0.0001,50,least_cost,Ranked + weighted SHARK,All features mutable,α = 1,1.0,51,0,1,True,,4.0,0.03259734573685958,0.3459782515683517,6.416018024681222,5.416018024681222,True,5.182100000013179,Optimization terminated successfully
Iris,3,42,10,300,0.0001,50,least_cost,Ranked + weighted SHARK,All features mutable,α < 1,0.9279072178473525,51,0,1,True,,4.0,0.044555439864478956,0.4044902207534025,5.4879016888253105,4.4879016888253105,True,5.0032999999984895,Optimization terminated successfully
Iris,3,42,10,300,0.0001,50,least_cost,Ranked + weighted SHARK,Random 25% immutable,α = 1,1.0,51,0,1,True,,3.0,0.033484910435547015,0.3262488535518876,6.246021770184776,5.246021770184776,True,3.4780999999952655,Optimization terminated successfully
Iris,3,42,10,300,0.0001,50,least_cost,Ranked + weighted SHARK,Random 25% immutable,α < 1,0.9279072178473525,51,0,1,True,,3.0,0.04576860108130176,0.38142421088093015,5.342496547877137,4.342496547877137,True,3.2674999999926513,Optimization terminated successfully
Iris,3,42,10,300,0.0001,50,least_cost,Ranked + weighted SHARK,Random 50% immutable,α = 1,1.0,51,0,1,True,,2.0,0.08328261310973324,0.6199459246166256,3.468920581637661,2.468920581637661,True,2.117699999985234,Optimization terminated successfully
Iris,3,42,10,300,0.0001,50,least_cost,Ranked + weighted SHARK,Random 50% immutable,α < 1,0.9279072178473525,51,0,1,True,,2.0,0.11383422095624889,0.7247914494514022,2.9671199988554795,1.9671199988554795,True,2.120099999984859,Optimization terminated successfully
Iris,3,42,10,300,0.0001,50,least_cost,Ranked + weighted SHARK,Random 75% immutable,α = 1,1.0,51,0,1,False,,,,,,,False,16.814799999991692,Positive directional derivative for linesearch
Iris,3,42,10,300,0.0001,50,least_cost,Ranked + weighted SHARK,Random 75% immutable,α < 1,0.9279072178473525,51,0,1,False,,,,,,,False,11.55349999999089,Positive directional derivative for linesearch
Iris,3,42,10,300,0.0001,50,least_cost,Ranked + weighted SHARK,All features mutable,α = 1,1.0,60,0,1,True,,4.0,0.9079242265006083,1.8258869128261268,1.8235864523570544,0.8235864523570544,True,5.749400000013338,Optimization terminated successfully
Iris,3,42,10,300,0.0001,50,least_cost,Ranked + weighted SHARK,All features mutable,α < 1,0.9279072178473525,60,0,1,True,,4.0,0.9670457123320926,1.884397760136687,1.7669638129467202,0.7669638129467202,True,6.013200000012375,Optimization terminated successfully
Iris,3,42,10,300,0.0001,50,least_cost,Ranked + weighted SHARK,Random 25% immutable,α = 1,1.0,60,0,1,True,,3.0,1.318461084472041,2.3743773021197163,1.2557652347740393,0.25576523477403934,True,4.545500000006086,Optimization terminated successfully
Iris,3,42,10,300,0.0001,50,least_cost,Ranked + weighted SHARK,Random 25% immutable,α < 1,0.9279072178473525,60,0,1,True,,3.0,1.404315582049412,2.450464543719084,1.2167735338189405,0.2167735338189405,True,4.543999999981452,Optimization terminated successfully
Iris,3,42,10,300,0.0001,50,least_cost,Ranked + weighted SHARK,Random 50% immutable,α = 1,1.0,60,0,1,False,,,,,,,False,17.489600000004657,Positive directional derivative for linesearch
Iris,3,42,10,300,0.0001,50,least_cost,Ranked + weighted SHARK,Random 50% immutable,α < 1,0.9279072178473525,60,0,1,False,,,,,,,False,5.681000000009817,Positive directional derivative for linesearch
Iris,3,42,10,300,0.0001,50,least_cost,Ranked + weighted SHARK,Random 75% immutable,α = 1,1.0,60,0,1,False,,,,,,,False,9.642599999978074,Positive directional derivative for linesearch
Iris,3,42,10,300,0.0001,50,least_cost,Ranked + weighted SHARK,Random 75% immutable,α < 1,0.9279072178473525,60,0,1,False,,,,,,,False,0.9951000000114618,Positive directional derivative for linesearch
Iris,3,42,10,300,0.0001,50,least_cost,Ranked + weighted SHARK,All features mutable,α = 1,1.0,54,0,1,True,,4.0,0.03339161574914677,0.35016793149353076,6.339251373882055,5.339251373882055,True,5.377099999975599,Optimization terminated successfully
Iris,3,42,10,300,0.0001,50,least_cost,Ranked + weighted SHARK,All features mutable,α < 1,0.9279072178473525,54,0,1,True,,4.0,0.04548322872504028,0.4086799231693302,5.4316408255624715,4.4316408255624715,True,5.511699999999564,Optimization terminated successfully
Iris,3,42,10,300,0.0001,50,least_cost,Ranked + weighted SHARK,Random 25% immutable,α = 1,1.0,54,0,1,True,,3.0,0.0362964413093774,0.3198879419547397,5.832001011064385,4.832001011064385,True,3.788200000002462,Optimization terminated successfully
Iris,3,42,10,300,0.0001,50,least_cost,Ranked + weighted SHARK,Random 25% immutable,α < 1,0.9279072178473525,54,0,1,True,,3.0,0.0494399358906584,0.3733402337963652,4.997015168878281,3.9970151688782813,True,3.7738000000047123,Optimization terminated successfully
Iris,3,42,10,300,0.0001,50,least_cost,Ranked + weighted SHARK,Random 50% immutable,α = 1,1.0,54,0,1,True,,2.0,0.037373249443212284,0.2903629647168158,5.663923418647491,4.663923418647491,True,1.833299999987048,Optimization terminated successfully
Iris,3,42,10,300,0.0001,50,least_cost,Ranked + weighted SHARK,Random 50% immutable,α < 1,0.9279072178473525,54,0,1,True,,2.0,0.05090667265910292,0.33888172433045805,4.8530017517226245,3.8530017517226245,True,2.4697000000060143,Optimization terminated successfully
Iris,3,42,10,300,0.0001,50,least_cost,Ranked + weighted SHARK,Random 75% immutable,α = 1,1.0,54,0,1,False,,,,,,,False,9.75320000000579,Positive directional derivative for linesearch
Iris,3,42,10,300,0.0001,50,least_cost,Ranked + weighted SHARK,Random 75% immutable,α < 1,0.9279072178473525,54,0,1,False,,,,,,,False,15.740899999997282,Positive directional derivative for linesearch
Iris,3,42,10,300,0.0001,50,least_cost,Ranked + weighted SHARK,All features mutable,α = 1,1.0,9,2,1,True,,4.0,3.592825378698203,3.632178188880131,1.4667398709449417,0.46673987094494174,True,5.98259999998163,Optimization terminated successfully
Iris,3,42,10,300,0.0001,50,least_cost,Ranked + weighted SHARK,All features mutable,α < 1,0.9279072178473525,9,2,1,True,,4.0,3.70951151264023,3.6906890905845025,1.4434867005286742,0.4434867005286742,True,5.62120000000732,Optimization terminated successfully
Iris,3,42,10,300,0.0001,50,least_cost,Ranked + weighted SHARK,Random 25% immutable,α = 1,1.0,9,2,1,True,,3.0,3.6906513026172574,3.4251211612270414,1.4278671493490862,0.4278671493490862,True,3.051099999993312,Optimization terminated successfully
Iris,3,42,10,300,0.0001,50,least_cost,Ranked + weighted SHARK,Random 25% immutable,α < 1,0.9279072178473525,9,2,1,True,,3.0,3.81051458201589,3.480296539885288,1.405230264150973,0.4052302641509731,True,3.051199999987375,Optimization terminated successfully
Iris,3,42,10,300,0.0001,50,least_cost,Ranked + weighted SHARK,Random 50% immutable,α = 1,1.0,9,2,1,False,,,,,,,False,2.0008000000188986,Positive directional derivative for linesearch
Iris,3,42,10,300,0.0001,50,least_cost,Ranked + weighted SHARK,Random 50% immutable,α < 1,0.9279072178473525,9,2,1,False,,,,,,,False,1.1212000000000444,Positive directional derivative for linesearch
Iris,3,42,10,300,0.0001,50,least_cost,Ranked + weighted SHARK,Random 75% immutable,α = 1,1.0,9,2,1,False,,,,,,,False,0.9939999999915017,Positive directional derivative for linesearch
Iris,3,42,10,300,0.0001,50,least_cost,Ranked + weighted SHARK,Random 75% immutable,α < 1,0.9279072178473525,9,2,1,False,,,,,,,False,5.786200000017061,Positive directional derivative for linesearch
Iris,3,42,10,300,0.0001,50,least_cost,Ranked + weighted SHARK,All features mutable,α = 1,1.0,116,1,2,True,,4.0,1.7974801797955504,2.5880432358418908,1.7501275292596299,0.7501275292596299,True,5.684999999999718,Optimization terminated successfully
Iris,3,42,10,300,0.0001,50,least_cost,Ranked + weighted SHARK,All features mutable,α < 1,0.30512052245041466,116,1,2,True,,4.0,3.4562230107891825,3.5887264250715694,1.262120668547707,0.2621206685477071,True,6.814999999988913,Optimization terminated successfully
Iris,3,42,10,300,0.0001,50,least_cost,Ranked + weighted SHARK,Random 25% immutable,α = 1,1.0,116,1,2,True,,3.0,3.0466708955451365,3.815391042335987,1.043228937090431,0.043228937090431074,True,4.71089999999208,Optimization terminated successfully
Iris,3,42,10,300,0.0001,50,least_cost,Ranked + weighted SHARK,Random 25% immutable,α < 1,0.30512052245041466,116,1,2,False,,,,,,,False,29.71670000002291,Positive directional derivative for linesearch
Iris,3,42,10,300,0.0001,50,least_cost,Ranked + weighted SHARK,Random 50% immutable,α = 1,1.0,116,1,2,False,,,,,,,False,1.8215999999995347,Positive directional derivative for linesearch
Iris,3,42,10,300,0.0001,50,least_cost,Ranked + weighted SHARK,Random 50% immutable,α < 1,0.30512052245041466,116,1,2,False,,,,,,,False,1.954200000000128,Positive directional derivative for linesearch
Iris,3,42,10,300,0.0001,50,least_cost,Ranked + weighted SHARK,Random 75% immutable,α = 1,1.0,116,1,2,False,,,,,,,False,13.1155999999919,Positive directional derivative for linesearch
Iris,3,42,10,300,0.0001,50,least_cost,Ranked + weighted SHARK,Random 75% immutable,α < 1,0.30512052245041466,116,1,2,False,,,,,,,False,4.18739999997797,Positive directional derivative for linesearch
Iris,3,42,10,300,0.0001,50,least_cost,Ranked + weighted SHARK,All features mutable,α = 1,1.0,141,1,2,True,,4.0,2.3527658755779375,2.9609347571751967,1.40816725255437,0.40816725255437003,True,5.9374999999874944,Optimization terminated successfully
Iris,3,42,10,300,0.0001,50,least_cost,Ranked + weighted SHARK,All features mutable,α < 1,0.30512052245041466,141,1,2,True,,4.0,4.211785247715788,3.9616160608506052,1.0524744495906662,0.05247444959066616,True,5.390599999998358,Optimization terminated successfully
Iris,3,42,10,300,0.0001,50,least_cost,Ranked + weighted SHARK,Random 25% immutable,α = 1,1.0,141,1,2,True,,3.0,2.4791360668155953,2.613937484048038,1.3363928527668347,0.3363928527668347,True,3.616499999992584,Optimization terminated successfully
Iris,3,42,10,300,0.0001,50,least_cost,Ranked + weighted SHARK,Random 25% immutable,α < 1,0.30512052245041466,141,1,2,True,,3.0,4.43801262045059,3.498040326977819,1.0000000000000027,2.6645352591003757e-15,True,2.87529999999947,Optimization terminated successfully
Iris,3,42,10,300,0.0001,50,least_cost,Ranked + weighted SHARK,Random 50% immutable,α = 1,1.0,141,1,2,False,,,,,,,False,12.358299999988276,Positive directional derivative for linesearch
Iris,3,42,10,300,0.0001,50,least_cost,Ranked + weighted SHARK,Random 50% immutable,α < 1,0.30512052245041466,141,1,2,False,,,,,,,False,1.1125000000049567,Positive directional derivative for linesearch
Iris,3,42,10,300,0.0001,50,least_cost,Ranked + weighted SHARK,Random 75% immutable,α = 1,1.0,141,1,2,False,,,,,,,False,14.19990000002258,Positive directional derivative for linesearch
Iris,3,42,10,300,0.0001,50,least_cost,Ranked + weighted SHARK,Random 75% immutable,α < 1,0.30512052245041466,141,1,2,False,,,,,,,False,5.0132000000076005,Positive directional derivative for linesearch
Iris,3,42,10,300,0.0001,50,least_cost,Ranked + weighted SHARK,All features mutable,α = 1,1.0,81,0,1,True,,4.0,0.6928335278826977,1.5950104631045112,2.0875491860488307,1.0875491860488307,True,5.627700000019331,Optimization terminated successfully
Iris,3,42,10,300,0.0001,50,least_cost,Ranked + weighted SHARK,All features mutable,α < 1,0.9279072178473525,81,0,1,True,,4.0,0.7445972160047598,1.653521308539056,2.0136800211538053,1.0136800211538053,True,5.617200000017419,Optimization terminated successfully
Iris,3,42,10,300,0.0001,50,least_cost,Ranked + weighted SHARK,Random 25% immutable,α = 1,1.0,81,0,1,True,,3.0,1.0061126444868722,2.0741461970249357,1.4375362553382318,0.4375362553382318,True,5.193300000001955,Optimization terminated successfully
Iris,3,42,10,300,0.0001,50,least_cost,Ranked + weighted SHARK,Random 25% immutable,α < 1,0.9279072178473525,81,0,1,True,,3.0,1.0812823628392836,2.1502336206824095,1.3866682075348566,0.38666820753485664,True,4.964099999995142,Optimization terminated successfully
Iris,3,42,10,300,0.0001,50,least_cost,Ranked + weighted SHARK,Random 50% immutable,α = 1,1.0,81,0,1,True,,2.0,1.7701130431092365,2.858098643072836,1.0032514665877612,0.0032514665877612092,True,1.8103000000166958,Optimization terminated successfully
Iris,3,42,10,300,0.0001,50,least_cost,Ranked + weighted SHARK,Random 50% immutable,α < 1,0.9279072178473525,81,0,1,True,,2.0,1.9100612600392612,3.1548385399302052,1.0000000000000009,8.881784197001252e-16,True,1.443899999998166,Optimization terminated successfully
Iris,3,42,10,300,0.0001,50,least_cost,Ranked + weighted SHARK,Random 75% immutable,α = 1,1.0,81,0,1,False,,,,,,,False,0.9340000000008786,Positive directional derivative for linesearch
Iris,3,42,10,300,0.0001,50,least_cost,Ranked + weighted SHARK,Random 75% immutable,α < 1,0.9279072178473525,81,0,1,False,,,,,,,False,5.447000000003754,Positive directional derivative for linesearch
Iris,3,42,10,300,0.0001,50,least_cost,Ranked + weighted SHARK,All features mutable,α = 1,1.0,100,1,2,True,,4.0,3.317454393920714,3.515944067879693,1.32602192823466,0.3260219282346599,True,5.7544000000007145,Optimization terminated successfully
Iris,3,42,10,300,0.0001,50,least_cost,Ranked + weighted SHARK,All features mutable,α < 1,0.30512052245041466,100,1,2,True,,4.0,5.474564130745037,4.516626908520746,1.032234877024866,0.03223487702486594,True,5.730099999993854,Optimization terminated successfully
Iris,3,42,10,300,0.0001,50,least_cost,Ranked + weighted SHARK,Random 25% immutable,α = 1,1.0,100,1,2,False,,,,,,,False,2.836900000005471,Positive directional derivative for linesearch
Iris,3,42,10,300,0.0001,50,least_cost,Ranked + weighted SHARK,Random 25% immutable,α < 1,0.30512052245041466,100,1,2,False,,,,,,,False,9.595199999978377,Positive directional derivative for linesearch
Iris,3,42,10,300,0.0001,50,least_cost,Ranked + weighted SHARK,Random 50% immutable,α = 1,1.0,100,1,2,False,,,,,,,False,0.9989000000132364,Positive directional derivative for linesearch
Iris,3,42,10,300,0.0001,50,least_cost,Ranked + weighted SHARK,Random 50% immutable,α < 1,0.30512052245041466,100,1,2,False,,,,,,,False,1.3916999999992186,Positive directional derivative for linesearch
Iris,3,42,10,300,0.0001,50,least_cost,Ranked + weighted SHARK,Random 75% immutable,α = 1,1.0,100,1,2,False,,,,,,,False,4.045199999978877,Inequality constraints incompatible
Iris,3,42,10,300,0.0001,50,least_cost,Ranked + weighted SHARK,Random 75% immutable,α < 1,0.30512052245041466,100,1,2,False,,,,,,,False,5.689200000006167,Inequality constraints incompatible
Iris,3,42,10,300,0.0001,50,least_cost,Ranked + weighted SHARK,All features mutable,α = 1,1.0,38,2,0,True,,4.0,0.6518375653672106,1.5585085243046768,2.6405777010979157,1.6405777010979157,True,5.523899999985815,Optimization terminated successfully
Iris,3,42,10,300,0.0001,50,least_cost,Ranked + weighted SHARK,All features mutable,α < 1,0.8609434863422094,38,2,0,True,,4.0,0.830108393189879,1.7587612671673105,2.2683050751258897,1.2683050751258897,True,5.574299999977939,Optimization terminated successfully
Iris,3,42,10,300,0.0001,50,least_cost,Ranked + weighted SHARK,Random 25% immutable,α = 1,1.0,38,2,0,True,,3.0,1.3003437016994672,2.5775610568849974,1.3632317268686327,0.3632317268686327,True,4.306600000006711,Optimization terminated successfully
Iris,3,42,10,300,0.0001,50,least_cost,Ranked + weighted SHARK,Random 25% immutable,α < 1,0.8609434863422094,38,2,0,True,,3.0,1.6559742459520435,2.9087517930799454,1.2080140808817796,0.20801408088177964,True,4.324300000007497,Optimization terminated successfully
Iris,3,42,10,300,0.0001,50,least_cost,Ranked + weighted SHARK,Random 50% immutable,α = 1,1.0,38,2,0,False,,,,,,,False,3.8514000000020587,Positive directional derivative for linesearch
Iris,3,42,10,300,0.0001,50,least_cost,Ranked + weighted SHARK,Random 50% immutable,α < 1,0.8609434863422094,38,2,0,False,,,,,,,False,4.836799999992536,Positive directional derivative for linesearch
Iris,3,42,10,300,0.0001,50,least_cost,Ranked + weighted SHARK,Random 75% immutable,α = 1,1.0,38,2,0,False,,,,,,,False,2.0489000000054602,Positive directional derivative for linesearch
Iris,3,42,10,300,0.0001,50,least_cost,Ranked + weighted SHARK,Random 75% immutable,α < 1,0.8609434863422094,38,2,0,False,,,,,,,False,1.6630000000077416,Positive directional derivative for linesearch
Iris,3,42,10,300,0.0001,50,least_cost,Ranked + weighted SHARK,All features mutable,α = 1,1.0,65,0,1,True,,4.0,0.061900769162728575,0.47676645331706297,5.121549259697242,4.121549259697242,True,5.205100000011953,Optimization terminated successfully
Iris,3,42,10,300,0.0001,50,least_cost,Ranked + weighted SHARK,All features mutable,α < 1,0.9279072178473525,65,0,1,True,,4.0,0.07802686719462998,0.5352784411446362,4.56170602501114,3.56170602501114,True,5.300099999999475,Optimization terminated successfully
Iris,3,42,10,300,0.0001,50,least_cost,Ranked + weighted SHARK,Random 25% immutable,α = 1,1.0,65,0,1,True,,3.0,0.06358621122183511,0.4495788759703615,4.9858507704213135,3.9858507704213135,True,3.3391999999992095,Optimization terminated successfully
Iris,3,42,10,300,0.0001,50,least_cost,Ranked + weighted SHARK,Random 25% immutable,α < 1,0.9279072178473525,65,0,1,True,,3.0,0.08015139271495719,0.5047542333549891,4.440840967105648,3.4408409671056477,True,3.217300000017076,Optimization terminated successfully
Iris,3,42,10,300,0.0001,50,least_cost,Ranked + weighted SHARK,Random 50% immutable,α = 1,1.0,65,0,1,True,,2.0,0.18320221937712552,0.8411927134920827,2.26362062263581,1.26362062263581,True,2.1267000000193548,Optimization terminated successfully
Iris,3,42,10,300,0.0001,50,least_cost,Ranked + weighted SHARK,Random 50% immutable,α < 1,0.9279072178473525,65,0,1,True,,2.0,0.23092920287453791,0.9444294758996363,2.016181252194072,1.0161812521940718,True,3.1544999999937318,Optimization terminated successfully
Iris,3,42,10,300,0.0001,50,least_cost,Ranked + weighted SHARK,Random 75% immutable,α = 1,1.0,65,0,1,False,,,,,,,False,1.0835999999869728,Positive directional derivative for linesearch
Iris,3,42,10,300,0.0001,50,least_cost,Ranked + weighted SHARK,Random 75% immutable,α < 1,0.9279072178473525,65,0,1,False,,,,,,,False,8.484600000002729,Positive directional derivative for linesearch
Iris,3,42,10,300,0.0001,50,least_cost,Ranked + weighted SHARK,All features mutable,α = 1,1.0,143,1,2,True,,4.0,2.9799182506088484,3.332281144055762,1.4953871582293126,0.49538715822931256,True,6.02409999999054,Optimization terminated successfully
Iris,3,42,10,300,0.0001,50,least_cost,Ranked + weighted SHARK,All features mutable,α < 1,0.30512052245041466,143,1,2,True,,4.0,5.038384404059071,4.332964229625247,1.1500326337464348,0.15003263374643483,True,5.517099999991615,Optimization terminated successfully
Iris,3,42,10,300,0.0001,50,least_cost,Ranked + weighted SHARK,Random 25% immutable,α = 1,1.0,143,1,2,False,,,,,,,False,4.7854999999970005,Positive directional derivative for linesearch
Iris,3,42,10,300,0.0001,50,least_cost,Ranked + weighted SHARK,Random 25% immutable,α < 1,0.30512052245041466,143,1,2,False,,,,,,,False,5.45390000002044,Positive directional derivative for linesearch
Iris,3,42,10,300,0.0001,50,least_cost,Ranked + weighted SHARK,Random 50% immutable,α = 1,1.0,143,1,2,False,,,,,,,False,4.89170000000172,Positive directional derivative for linesearch
Iris,3,42,10,300,0.0001,50,least_cost,Ranked + weighted SHARK,Random 50% immutable,α < 1,0.30512052245041466,143,1,2,False,,,,,,,False,9.689299999990908,Inequality constraints incompatible
Iris,3,42,10,300,0.0001,50,least_cost,Ranked + weighted SHARK,Random 75% immutable,α = 1,1.0,143,1,2,False,,,,,,,False,2.8336999999964974,Positive directional derivative for linesearch
Iris,3,42,10,300,0.0001,50,least_cost,Ranked + weighted SHARK,Random 75% immutable,α < 1,0.30512052245041466,143,1,2,False,,,,,,,False,14.780099999995855,Positive directional derivative for linesearch
Iris,3,42,10,300,0.0001,50,least_cost,Ranked + weighted SHARK,All features mutable,α = 1,1.0,101,1,2,True,,4.0,1.6368791003277687,2.469720393653413,1.6882443066095125,0.6882443066095125,True,6.450000000000955,Optimization terminated successfully
Iris,3,42,10,300,0.0001,50,least_cost,Ranked + weighted SHARK,All features mutable,α < 1,0.30512052245041466,101,1,2,True,,4.0,3.232071788452118,3.4704035854176314,1.2014428182552517,0.20144281825525168,True,5.650300000013431,Optimization terminated successfully
Iris,3,42,10,300,0.0001,50,least_cost,Ranked + weighted SHARK,Random 25% immutable,α = 1,1.0,101,1,2,True,,3.0,3.2867821213506763,4.476353198695918,1.0000000000000013,1.3322676295501878e-15,True,1.4878000000067004,Optimization terminated successfully
Iris,3,42,10,300,0.0001,50,least_cost,Ranked + weighted SHARK,Random 25% immutable,α < 1,0.30512052245041466,101,1,2,False,,,,,,,False,1.8763999999862335,Positive directional derivative for linesearch
Iris,3,42,10,300,0.0001,50,least_cost,Ranked + weighted SHARK,Random 50% immutable,α = 1,1.0,101,1,2,False,,,,,,,False,3.9811999999983527,Positive directional derivative for linesearch
Iris,3,42,10,300,0.0001,50,least_cost,Ranked + weighted SHARK,Random 50% immutable,α < 1,0.30512052245041466,101,1,2,False,,,,,,,False,2.859900000004245,Positive directional derivative for linesearch
Iris,3,42,10,300,0.0001,50,least_cost,Ranked + weighted SHARK,Random 75% immutable,α = 1,1.0,101,1,2,False,,,,,,,False,5.075800000014397,Positive directional derivative for linesearch
Iris,3,42,10,300,0.0001,50,least_cost,Ranked + weighted SHARK,Random 75% immutable,α < 1,0.30512052245041466,101,1,2,False,,,,,,,False,1.7285000000129003,Positive directional derivative for linesearch
Iris,3,42,10,300,0.0001,50,least_cost,Ranked + weighted SHARK,All features mutable,α = 1,1.0,104,1,0,True,,4.0,0.3075077328903534,1.0626178849206827,3.2882432633560637,2.2882432633560637,True,5.799099999990176,Optimization terminated successfully
Iris,3,42,10,300,0.0001,50,least_cost,Ranked + weighted SHARK,All features mutable,α < 1,0.8609434863422094,104,1,0,True,,4.0,0.37629627225103757,1.1754767664689696,2.7851801563493956,1.7851801563493956,True,6.333400000016809,Optimization terminated successfully
Iris,3,42,10,300,0.0001,50,least_cost,Ranked + weighted SHARK,Random 25% immutable,α = 1,1.0,104,1,0,True,,3.0,0.44655376203939917,1.381824721188554,3.020878618702502,2.020878618702502,True,4.97959999998443,Optimization terminated successfully
Iris,3,42,10,300,0.0001,50,least_cost,Ranked + weighted SHARK,Random 25% immutable,α < 1,0.8609434863422094,104,1,0,True,,3.0,0.5464464728503364,1.5285859654482548,2.7308404693968473,1.7308404693968473,True,4.965400000003228,Optimization terminated successfully
Iris,3,42,10,300,0.0001,50,least_cost,Ranked + weighted SHARK,Random 50% immutable,α = 1,1.0,104,1,0,True,,2.0,0.7856482498850396,1.9041042152802674,1.8115005635689176,0.8115005635689176,True,2.1791000000064287,Optimization terminated successfully
Iris,3,42,10,300,0.0001,50,least_cost,Ranked + weighted SHARK,Random 50% immutable,α < 1,0.8609434863422094,104,1,0,True,,2.0,0.9613953609431463,2.1063360063569756,1.6375762695421254,0.6375762695421254,True,2.167499999984557,Optimization terminated successfully
Iris,3,42,10,300,0.0001,50,least_cost,Ranked + weighted SHARK,Random 75% immutable,α = 1,1.0,104,1,0,False,,,,,,,False,0.9374999999920419,Positive directional derivative for linesearch
Iris,3,42,10,300,0.0001,50,least_cost,Ranked + weighted SHARK,Random 75% immutable,α < 1,0.8609434863422094,104,1,0,False,,,,,,,False,0.9249000000011165,Positive directional derivative for linesearch
Iris,3,42,10,300,0.0001,50,least_cost,Ranked + weighted SHARK,All features mutable,α = 1,1.0,144,1,0,True,,4.0,0.6067562310224466,1.4926438550209666,2.5160997483001806,1.5160997483001806,True,5.707000000001017,Optimization terminated successfully
Iris,3,42,10,300,0.0001,50,least_cost,Ranked + weighted SHARK,All features mutable,α < 1,0.8609434863422094,144,1,0,True,,4.0,0.7019787409885063,1.6055028652776229,2.202057576684105,1.2020575766841048,True,5.710000000021864,Optimization terminated successfully
Iris,3,42,10,300,0.0001,50,least_cost,Ranked + weighted SHARK,Random 25% immutable,α = 1,1.0,144,1,0,True,,3.0,1.4518728583318992,2.877801659150573,1.5021268449781002,0.5021268449781002,True,4.860600000000659,Optimization terminated successfully
Iris,3,42,10,300,0.0001,50,least_cost,Ranked + weighted SHARK,Random 25% immutable,α < 1,0.8609434863422094,144,1,0,True,,3.0,1.6797254466591858,3.095392551458046,1.3965347670153663,0.3965347670153663,True,4.904799999991383,Optimization terminated successfully
Iris,3,42,10,300,0.0001,50,least_cost,Ranked + weighted SHARK,Random 50% immutable,α = 1,1.0,144,1,0,False,,,,,,,False,1.0415000000136843,Positive directional derivative for linesearch
Iris,3,42,10,300,0.0001,50,least_cost,Ranked + weighted SHARK,Random 50% immutable,α < 1,0.8609434863422094,144,1,0,False,,,,,,,False,5.209400000012465,Positive directional derivative for linesearch
Iris,3,42,10,300,0.0001,50,least_cost,Ranked + weighted SHARK,Random 75% immutable,α = 1,1.0,144,1,0,True,,1.0,1.042380276242412,1.5187840319978854,2.07755099736877,1.0775509973687698,True,1.3026999999965483,Optimization terminated successfully
Iris,3,42,10,300,0.0001,50,least_cost,Ranked + weighted SHARK,Random 75% immutable,α < 1,0.8609434863422094,144,1,0,True,,1.0,1.205968322258606,1.633619391492447,1.9315094427119235,0.9315094427119235,True,1.3097000000072967,Optimization terminated successfully
Iris,3,42,10,300,0.0001,50,least_cost,Ranked + weighted SHARK,All features mutable,α = 1,1.0,115,1,0,True,,4.0,0.2755905367117022,1.0059612111164336,3.2544183723490843,2.2544183723490843,True,5.823600000013585,Optimization terminated successfully
Iris,3,42,10,300,0.0001,50,least_cost,Ranked + weighted SHARK,All features mutable,α < 1,0.8609434863422094,115,1,0,True,,4.0,0.3408963571618166,1.1188201526779362,2.729292446805996,1.7292924468059958,True,5.793400000015936,Optimization terminated successfully
Iris,3,42,10,300,0.0001,50,least_cost,Ranked + weighted SHARK,Random 25% immutable,α = 1,1.0,115,1,0,True,,3.0,0.4002045405372391,1.3081486394743214,3.2135618126018275,2.2135618126018275,True,4.551300000002811,Optimization terminated successfully
Iris,3,42,10,300,0.0001,50,least_cost,Ranked + weighted SHARK,Random 25% immutable,α < 1,0.8609434863422094,115,1,0,True,,3.0,0.495039748512347,1.4549099583327418,2.889400024656149,1.8894000246561489,True,4.753099999987853,Optimization terminated successfully
Iris,3,42,10,300,0.0001,50,least_cost,Ranked + weighted SHARK,Random 50% immutable,α = 1,1.0,115,1,0,False,,,,,,,False,8.480000000020027,Positive directional derivative for linesearch
Iris,3,42,10,300,0.0001,50,least_cost,Ranked + weighted SHARK,Random 50% immutable,α < 1,0.8609434863422094,115,1,0,False,,,,,,,False,2.899200000001656,Positive directional derivative for linesearch
Iris,3,42,10,300,0.0001,50,least_cost,Ranked + weighted SHARK,Random 75% immutable,α = 1,1.0,115,1,0,False,,,,,,,False,10.883299999989049,Positive directional derivative for linesearch
Iris,3,42,10,300,0.0001,50,least_cost,Ranked + weighted SHARK,Random 75% immutable,α < 1,0.8609434863422094,115,1,0,False,,,,,,,False,7.220499999988306,Positive directional derivative for linesearch
Iris,3,42,10,300,0.0001,50,least_cost,Ranked + weighted SHARK,All features mutable,α = 1,1.0,58,0,2,True,,4.0,0.7040833476203054,1.6197631399489851,1.9738858349328359,0.9738858349328359,True,5.695299999985082,Optimization terminated successfully
Iris,3,42,10,300,0.0001,50,least_cost,Ranked + weighted SHARK,All features mutable,α < 1,0.30512052245041466,58,0,2,True,,4.0,1.8427719178614752,2.6204461861888455,1.2201079775900052,0.22010797759000522,True,5.410899999986896,Optimization terminated successfully
Iris,3,42,10,300,0.0001,50,least_cost,Ranked + weighted SHARK,Random 25% immutable,α = 1,1.0,58,0,2,True,,3.0,0.7336411906113549,1.5599735973050863,1.894349583552181,0.8943495835521811,True,3.579599999994798,Optimization terminated successfully
Iris,3,42,10,300,0.0001,50,least_cost,Ranked + weighted SHARK,Random 25% immutable,α < 1,0.30512052245041466,58,0,2,True,,3.0,1.92013259181452,2.523647559320406,1.1709477828203325,0.17094778282033252,True,3.940499999998792,Optimization terminated successfully
Iris,3,42,10,300,0.0001,50,least_cost,Ranked + weighted SHARK,Random 50% immutable,α = 1,1.0,58,0,2,True,,2.0,0.7747930662528223,1.3292876370065971,1.793740025807382,0.7937400258073819,True,1.7943000000002485,Optimization terminated successfully
Iris,3,42,10,300,0.0001,50,least_cost,Ranked + weighted SHARK,Random 50% immutable,α < 1,0.30512052245041466,58,0,2,True,,2.0,2.027837910696721,2.150516217238578,1.1087553954602347,0.10875539546023472,True,1.7722000000048865,Optimization terminated successfully
Iris,3,42,10,300,0.0001,50,least_cost,Ranked + weighted SHARK,Random 75% immutable,α = 1,1.0,58,0,2,True,,1.0,1.4117836289332804,1.816124972469251,1.1272161192903505,0.12721611929035048,True,1.2642000000084863,Optimization terminated successfully
Iris,3,42,10,300,0.0001,50,least_cost,Ranked + weighted SHARK,Random 75% immutable,α < 1,0.30512052245041466,58,0,2,False,,,,,,,False,1.5558999999996104,Positive directional derivative for linesearch
Iris,3,42,10,300,0.0001,50,least_cost,Ranked + weighted SHARK,All features mutable,α = 1,1.0,120,1,2,True,,4.0,2.823479986817799,3.243633956587777,1.4735512613884374,0.4735512613884374,True,6.276500000012675,Optimization terminated successfully
Iris,3,42,10,300,0.0001,50,least_cost,Ranked + weighted SHARK,All features mutable,α < 1,0.30512052245041466,120,1,2,True,,4.0,4.8343344738718415,4.244316717433909,1.1261318363455768,0.1261318363455768,True,6.273600000014312,Optimization terminated successfully
Iris,3,42,10,300,0.0001,50,least_cost,Ranked + weighted SHARK,Random 25% immutable,α = 1,1.0,120,1,2,True,,3.0,2.975132860390785,2.863506595684034,1.3984441696449241,0.39844416964492413,True,3.868799999992234,Optimization terminated successfully
Iris,3,42,10,300,0.0001,50,least_cost,Ranked + weighted SHARK,Random 25% immutable,α < 1,0.30512052245041466,120,1,2,True,,3.0,5.093993022317019,3.7469180203880943,1.068732815017169,0.0687328150171691,True,3.8495999999952346,Optimization terminated successfully
Iris,3,42,10,300,0.0001,50,least_cost,Ranked + weighted SHARK,Random 50% immutable,α = 1,1.0,120,1,2,False,,,,,,,False,6.566700000007586,Positive directional derivative for linesearch
Iris,3,42,10,300,0.0001,50,least_cost,Ranked + weighted SHARK,Random 50% immutable,α < 1,0.30512052245041466,120,1,2,False,,,,,,,False,11.215399999997544,Positive directional derivative for linesearch
Iris,3,42,10,300,0.0001,50,least_cost,Ranked + weighted SHARK,Random 75% immutable,α = 1,1.0,120,1,2,False,,,,,,,False,10.04389999999944,Positive directional derivative for linesearch
Iris,3,42,10,300,0.0001,50,least_cost,Ranked + weighted SHARK,Random 75% immutable,α < 1,0.30512052245041466,120,1,2,False,,,,,,,False,5.264600000003838,Positive directional derivative for linesearch
Iris,3,42,10,300,0.0001,50,least_cost,Ranked + weighted SHARK,All features mutable,α = 1,1.0,107,1,0,True,,4.0,0.2072410792535773,0.8723424737024265,3.9304837112544195,2.9304837112544195,True,5.3393999999968855,Optimization terminated successfully
Iris,3,42,10,300,0.0001,50,least_cost,Ranked + weighted SHARK,All features mutable,α < 1,0.8609434863422094,107,1,0,True,,4.0,0.26433327072817747,0.9852013693309949,3.256690985637773,2.256690985637773,True,5.712299999999004,Optimization terminated successfully
Iris,3,42,10,300,0.0001,50,least_cost,Ranked + weighted SHARK,Random 25% immutable,α = 1,1.0,107,1,0,True,,3.0,0.21288386672601164,0.8226134344752111,3.676580446579887,2.676580446579887,True,3.181200000000217,Optimization terminated successfully
Iris,3,42,10,300,0.0001,50,least_cost,Ranked + weighted SHARK,Random 25% immutable,α < 1,0.8609434863422094,107,1,0,True,,3.0,0.2715305719300807,0.9290386678528388,3.046313708044056,2.046313708044056,True,3.197599999992917,Optimization terminated successfully
Iris,3,42,10,300,0.0001,50,least_cost,Ranked + weighted SHARK,Random 50% immutable,α = 1,1.0,107,1,0,True,,2.0,0.6133530558044938,1.5391656719402131,2.033902992995328,1.033902992995328,True,2.581899999995585,Optimization terminated successfully
Iris,3,42,10,300,0.0001,50,least_cost,Ranked + weighted SHARK,Random 50% immutable,α < 1,0.8609434863422094,107,1,0,True,,2.0,0.7823237551946645,1.738294674970156,1.8009105610511098,0.8009105610511098,True,2.5873000000160573,Optimization terminated successfully
Iris,3,42,10,300,0.0001,50,least_cost,Ranked + weighted SHARK,Random 75% immutable,α = 1,1.0,107,1,0,False,,,,,,,False,2.1779999999864685,Positive directional derivative for linesearch
Iris,3,42,10,300,0.0001,50,least_cost,Ranked + weighted SHARK,Random 75% immutable,α < 1,0.8609434863422094,107,1,0,False,,,,,,,False,3.723399999984167,Positive directional derivative for linesearch
Iris,3,42,10,300,0.0001,50,least_cost,Ranked + weighted SHARK,All features mutable,α = 1,1.0,21,2,1,True,,4.0,2.6441716146384016,3.115974640168269,1.3107173396762506,0.3107173396762506,True,5.968300000006366,Optimization terminated successfully
Iris,3,42,10,300,0.0001,50,least_cost,Ranked + weighted SHARK,All features mutable,α < 1,0.9279072178473525,21,2,1,True,,4.0,2.744406870005987,3.1744855069905,1.2865588045553842,0.2865588045553842,True,6.0435999999981505,Optimization terminated successfully
Iris,3,42,10,300,0.0001,50,least_cost,Ranked + weighted SHARK,Random 25% immutable,α = 1,1.0,21,2,1,True,,3.0,3.8412471605971685,3.990607721218734,1.0000000000000016,1.5543122344752192e-15,True,3.214100000008102,Optimization terminated successfully
Iris,3,42,10,300,0.0001,50,least_cost,Ranked + weighted SHARK,Random 25% immutable,α < 1,0.9279072178473525,21,2,1,True,,3.0,3.9874223534733724,4.055550629142377,1.0,0.0,False,3.1761999999844193,Optimization terminated successfully
Iris,3,42,10,300,0.0001,50,least_cost,Ranked + weighted SHARK,Random 50% immutable,α = 1,1.0,21,2,1,True,,2.0,3.9961091471875134,3.880245812931152,1.0,0.0,False,1.3759999999933825,Optimization terminated successfully
Iris,3,42,10,300,0.0001,50,least_cost,Ranked + weighted SHARK,Random 50% immutable,α < 1,0.9279072178473525,21,2,1,True,,2.0,4.168062830443359,4.168240438556009,1.0000000000000018,1.7763568394002505e-15,True,1.3734999999996944,Optimization terminated successfully
Iris,3,42,10,300,0.0001,50,least_cost,Ranked + weighted SHARK,Random 75% immutable,α = 1,1.0,21,2,1,False,,,,,,,False,28.832300000004807,Positive directional derivative for linesearch
Iris,3,42,10,300,0.0001,50,least_cost,Ranked + weighted SHARK,Random 75% immutable,α < 1,0.9279072178473525,21,2,1,False,,,,,,,False,16.890000000017835,Positive directional derivative for linesearch
Iris,3,42,10,300,0.0001,50,least_cost,Ranked + weighted SHARK,All features mutable,α = 1,1.0,99,0,2,True,,4.0,0.4346806142351688,1.2726958228396636,2.4770587100064407,1.4770587100064407,True,6.276000000013937,Optimization terminated successfully
Iris,3,42,10,300,0.0001,50,least_cost,Ranked + weighted SHARK,All features mutable,α < 1,0.30512052245041466,99,0,2,True,,4.0,1.386962538698276,2.2733789911076157,1.3867209264280114,0.38672092642801137,True,5.841299999985949,Optimization terminated successfully
Iris,3,42,10,300,0.0001,50,least_cost,Ranked + weighted SHARK,Random 25% immutable,α = 1,1.0,99,0,2,True,,3.0,0.4529287682237029,1.2257173709063485,2.3772943852948347,1.3772943852948347,True,3.666600000002518,Optimization terminated successfully
Iris,3,42,10,300,0.0001,50,least_cost,Ranked + weighted SHARK,Random 25% immutable,α < 1,0.30512052245041466,99,0,2,True,,3.0,1.4451880606506657,2.189400712422371,1.3308550171914484,0.3308550171914484,True,4.0730999999993855,Optimization terminated successfully
Iris,3,42,10,300,0.0001,50,least_cost,Ranked + weighted SHARK,Random 50% immutable,α = 1,1.0,99,0,2,True,,2.0,0.9652972988528742,1.7632944493506844,1.1312464592854896,0.13124645928548961,True,2.654299999989007,Optimization terminated successfully
Iris,3,42,10,300,0.0001,50,least_cost,Ranked + weighted SHARK,Random 50% immutable,α < 1,0.30512052245041466,99,0,2,False,,,,,,,False,7.49239999998963,Positive directional derivative for linesearch
Iris,3,42,10,300,0.0001,50,least_cost,Ranked + weighted SHARK,Random 75% immutable,α = 1,1.0,99,0,2,False,,,,,,,False,1.3940999999988435,Positive directional derivative for linesearch
Iris,3,42,10,300,0.0001,50,least_cost,Ranked + weighted SHARK,Random 75% immutable,α < 1,0.30512052245041466,99,0,2,False,,,,,,,False,1.2380000000007385,Positive directional derivative for linesearch
Iris,3,42,10,300,0.0001,50,least_cost,Ranked + weighted SHARK,All features mutable,α = 1,1.0,74,0,1,True,,4.0,0.1452662373446179,0.7303507032840346,3.647193558294702,2.647193558294702,True,5.512600000002976,Optimization terminated successfully
Iris,3,42,10,300,0.0001,50,least_cost,Ranked + weighted SHARK,All features mutable,α < 1,0.9279072178473525,74,0,1,True,,4.0,0.1694741044444285,0.788861532796426,3.3766766641930075,2.3766766641930075,True,5.016100000005963,Optimization terminated successfully
Iris,3,42,10,300,0.0001,50,least_cost,Ranked + weighted SHARK,Random 25% immutable,α = 1,1.0,74,0,1,True,,3.0,0.347599408873472,1.4081084404703907,1.9007406424577356,0.9007406424577356,True,4.283600000007937,Optimization terminated successfully
Iris,3,42,10,300,0.0001,50,least_cost,Ranked + weighted SHARK,Random 25% immutable,α < 1,0.9279072178473525,74,0,1,True,,3.0,0.405525052489546,1.5209167296714892,1.759760377510444,0.759760377510444,True,4.380800000006957,Optimization terminated successfully
Iris,3,42,10,300,0.0001,50,least_cost,Ranked + weighted SHARK,Random 50% immutable,α = 1,1.0,74,0,1,True,,2.0,0.2193963628851701,0.8856022441832764,2.41486957407714,1.41486957407714,True,2.167499999984557,Optimization terminated successfully
Iris,3,42,10,300,0.0001,50,least_cost,Ranked + weighted SHARK,Random 50% immutable,α < 1,0.9279072178473525,74,0,1,True,,2.0,0.255957632039272,0.9565507917015535,2.2357557100504546,1.2357557100504546,True,2.147400000012567,Optimization terminated successfully
Iris,3,42,10,300,0.0001,50,least_cost,Ranked + weighted SHARK,Random 75% immutable,α = 1,1.0,74,0,1,False,,,,,,,False,1.5901000000155818,Positive directional derivative for linesearch
Iris,3,42,10,300,0.0001,50,least_cost,Ranked + weighted SHARK,Random 75% immutable,α < 1,0.9279072178473525,74,0,1,False,,,,,,,False,3.8765999999839096,Positive directional derivative for linesearch
Iris,3,42,10,300,0.0001,50,least_cost,Ranked + weighted SHARK,All features mutable,α = 1,1.0,105,1,2,True,,4.0,3.5057025869601253,3.6143233234966083,1.4743319786387625,0.47433197863876253,True,5.541600000015023,Optimization terminated successfully
Iris,3,42,10,300,0.0001,50,least_cost,Ranked + weighted SHARK,All features mutable,α < 1,0.30512052245041466,105,1,2,True,,4.0,5.715650959178781,4.615006673551309,1.1546489706684349,0.15464897066843486,True,5.499799999995503,Optimization terminated successfully
Iris,3,42,10,300,0.0001,50,least_cost,Ranked + weighted SHARK,Random 25% immutable,α = 1,1.0,105,1,2,False,,,,,,,False,25.86809999999673,Positive directional derivative for linesearch
Iris,3,42,10,300,0.0001,50,least_cost,Ranked + weighted SHARK,Random 25% immutable,α < 1,0.30512052245041466,105,1,2,False,,,,,,,False,16.9206999999858,Positive directional derivative for linesearch
Iris,3,42,10,300,0.0001,50,least_cost,Ranked + weighted SHARK,Random 50% immutable,α = 1,1.0,105,1,2,False,,,,,,,False,9.094500000003336,Positive directional derivative for linesearch
Iris,3,42,10,300,0.0001,50,least_cost,Ranked + weighted SHARK,Random 50% immutable,α < 1,0.30512052245041466,105,1,2,False,,,,,,,False,15.15850000001251,Positive directional derivative for linesearch
Iris,3,42,10,300,0.0001,50,least_cost,Ranked + weighted SHARK,Random 75% immutable,α = 1,1.0,105,1,2,False,,,,,,,False,1.2174999999956526,Positive directional derivative for linesearch
Iris,3,42,10,300,0.0001,50,least_cost,Ranked + weighted SHARK,Random 75% immutable,α < 1,0.30512052245041466,105,1,2,False,,,,,,,False,3.9489999999773318,Positive directional derivative for linesearch
Iris,3,42,10,300,0.0001,50,least_cost,Ranked + weighted SHARK,All features mutable,α = 1,1.0,23,2,0,True,,4.0,0.2700890366857084,1.0032125749097829,3.3030004926667655,2.3030004926667655,True,6.561900000008336,Optimization terminated successfully
Iris,3,42,10,300,0.0001,50,least_cost,Ranked + weighted SHARK,All features mutable,α < 1,0.8609434863422094,23,2,0,True,,4.0,0.38867640499647343,1.2034653035724452,2.64873098132271,1.6487309813227098,True,6.0777999999857,Optimization terminated successfully
Iris,3,42,10,300,0.0001,50,least_cost,Ranked + weighted SHARK,Random 25% immutable,α = 1,1.0,23,2,0,True,,3.0,0.2814275371166484,0.9661814374108083,3.3827510218556314,2.3827510218556314,True,3.5590000000240707,Optimization terminated successfully
Iris,3,42,10,300,0.0001,50,least_cost,Ranked + weighted SHARK,Random 25% immutable,α < 1,0.8609434863422094,23,2,0,True,,3.0,0.4049932745655407,1.159042294224419,2.712684237517774,1.7126842375177742,True,4.511899999982916,Optimization terminated successfully
Iris,3,42,10,300,0.0001,50,least_cost,Ranked + weighted SHARK,Random 50% immutable,α = 1,1.0,23,2,0,True,,2.0,0.5858869268972137,1.6015069276764535,2.4486212305643087,1.4486212305643087,True,2.572799999995823,Optimization terminated successfully
Iris,3,42,10,300,0.0001,50,least_cost,Ranked + weighted SHARK,Random 50% immutable,α < 1,0.8609434863422094,23,2,0,True,,2.0,0.8431309440591617,1.9211860677009598,2.041178565400269,1.0411785654002692,True,2.899100000007593,Optimization terminated successfully
Iris,3,42,10,300,0.0001,50,least_cost,Ranked + weighted SHARK,Random 75% immutable,α = 1,1.0,23,2,0,True,,1.0,0.6587244020377717,1.2073545019922225,2.1778685514889577,1.1778685514889577,True,1.399399999996831,Optimization terminated successfully
Iris,3,42,10,300,0.0001,50,least_cost,Ranked + weighted SHARK,Random 75% immutable,α < 1,0.8609434863422094,23,2,0,True,,1.0,0.9479490008527689,1.4483563124149796,1.8154782617014529,0.8154782617014529,True,1.4266999999961172,Optimization terminated successfully
Iris,3,42,10,300,0.0001,50,least_cost,Ranked + weighted SHARK,All features mutable,α = 1,1.0,75,0,1,True,,4.0,0.070865416180757,0.5101229242966075,4.786655846363734,3.7866558463637343,True,5.725999999981468,Optimization terminated successfully
Iris,3,42,10,300,0.0001,50,least_cost,Ranked + weighted SHARK,All features mutable,α < 1,0.9279072178473525,75,0,1,True,,4.0,0.08805452963960189,0.5686349255260419,4.294113605860727,3.294113605860727,True,5.552800000003799,Optimization terminated successfully
Iris,3,42,10,300,0.0001,50,least_cost,Ranked + weighted SHARK,Random 25% immutable,α = 1,1.0,75,0,1,True,,3.0,0.0727949487944044,0.48103319121409815,4.6598305786585135,3.6598305786585135,True,3.346999999990885,Optimization terminated successfully
Iris,3,42,10,300,0.0001,50,least_cost,Ranked + weighted SHARK,Random 25% immutable,α < 1,0.9279072178473525,75,0,1,True,,3.0,0.09045208963324378,0.5362085270418055,4.180338446918654,3.180338446918654,True,6.103599999988774,Optimization terminated successfully
Iris,3,42,10,300,0.0001,50,least_cost,Ranked + weighted SHARK,Random 50% immutable,α = 1,1.0,75,0,1,True,,2.0,0.10702841065169635,0.6185481835617945,3.169350662019578,2.169350662019578,True,3.080599999975675,Optimization terminated successfully
Iris,3,42,10,300,0.0001,50,least_cost,Ranked + weighted SHARK,Random 50% immutable,α < 1,0.9279072178473525,75,0,1,True,,2.0,0.13298921862005184,0.6894967595611927,2.843227553042026,1.8432275530420261,True,2.4809999999888532,Optimization terminated successfully
Iris,3,42,10,300,0.0001,50,least_cost,Ranked + weighted SHARK,Random 75% immutable,α = 1,1.0,75,0,1,False,,,,,,,False,1.7625999999779651,Positive directional derivative for linesearch
Iris,3,42,10,300,0.0001,50,least_cost,Ranked + weighted SHARK,Random 75% immutable,α < 1,0.9279072178473525,75,0,1,False,,,,,,,False,6.022500000000264,Positive directional derivative for linesearch
Iris,3,42,10,300,0.0001,50,least_cost,Ranked + weighted SHARK,All features mutable,α = 1,1.0,119,0,1,True,,4.0,0.03794641179470823,0.3732871402668374,5.946635703704916,4.946635703704916,True,5.875200000019731,Optimization terminated successfully
Iris,3,42,10,300,0.0001,50,least_cost,Ranked + weighted SHARK,All features mutable,α < 1,0.9279072178473525,119,0,1,True,,4.0,0.05077479523885979,0.431799101291782,5.140822298959511,4.140822298959511,True,5.598800000001347,Optimization terminated successfully
Iris,3,42,10,300,0.0001,50,least_cost,Ranked + weighted SHARK,Random 25% immutable,α = 1,1.0,119,0,1,True,,3.0,0.05510467237578005,0.4854117500359154,4.09502578456532,3.09502578456532,True,4.966400000000704,Optimization terminated successfully
Iris,3,42,10,300,0.0001,50,least_cost,Ranked + weighted SHARK,Random 25% immutable,α < 1,0.9279072178473525,119,0,1,True,,3.0,0.07373367663320884,0.5614990412532971,3.5401193897670473,2.5401193897670473,True,4.759499999977379,Optimization terminated successfully
Iris,3,42,10,300,0.0001,50,least_cost,Ranked + weighted SHARK,Random 50% immutable,α = 1,1.0,119,0,1,True,,2.0,0.11230663127744653,0.6586168515294368,2.197252157332915,1.197252157332915,True,2.390700000006518,Optimization terminated successfully
Iris,3,42,10,300,0.0001,50,least_cost,Ranked + weighted SHARK,Random 50% immutable,α < 1,0.9279072178473525,119,0,1,True,,2.0,0.15027366060552044,0.7618536751245011,1.899508170544143,0.899508170544143,True,2.3260000000107084,Optimization terminated successfully
Iris,3,42,10,300,0.0001,50,least_cost,Ranked + weighted SHARK,Random 75% immutable,α = 1,1.0,119,0,1,False,,,,,,,False,1.8021999999859872,Positive directional derivative for linesearch
Iris,3,42,10,300,0.0001,50,least_cost,Ranked + weighted SHARK,Random 75% immutable,α < 1,0.9279072178473525,119,0,1,False,,,,,,,False,5.963199999996505,Positive directional derivative for linesearch
Iris,3,42,10,300,0.0001,50,least_cost,Ranked + weighted SHARK,All features mutable,α = 1,1.0,132,1,2,True,,4.0,2.5892111443486083,3.106155710069766,1.5060307690080805,0.5060307690080805,True,6.181700000013279,Optimization terminated successfully
Iris,3,42,10,300,0.0001,50,least_cost,Ranked + weighted SHARK,All features mutable,α < 1,0.30512052245041466,132,1,2,True,,4.0,4.526227312782314,4.106838689989684,1.1390673252452177,0.1390673252452177,True,21.661899999998013,Optimization terminated successfully
Iris,3,42,10,300,0.0001,50,least_cost,Ranked + weighted SHARK,Random 25% immutable,α = 1,1.0,132,1,2,True,,3.0,2.697907786186465,2.9914150775280226,1.4453583252872275,0.4453583252872275,True,4.405800000000681,Optimization terminated successfully
Iris,3,42,10,300,0.0001,50,least_cost,Ranked + weighted SHARK,Random 25% immutable,α < 1,0.30512052245041466,132,1,2,True,,3.0,4.7162410590019075,3.955133239764021,1.0931784969420704,0.09317849694207037,True,4.274699999996301,Optimization terminated successfully
Iris,3,42,10,300,0.0001,50,least_cost,Ranked + weighted SHARK,Random 50% immutable,α = 1,1.0,132,1,2,False,,,,,,,False,24.813200000011193,Positive directional derivative for linesearch
Iris,3,42,10,300,0.0001,50,least_cost,Ranked + weighted SHARK,Random 50% immutable,α < 1,0.30512052245041466,132,1,2,False,,,,,,,False,6.0709999999915,Positive directional derivative for linesearch
Iris,3,42,10,300,0.0001,50,least_cost,Ranked + weighted SHARK,Random 75% immutable,α = 1,1.0,132,1,2,False,,,,,,,False,1.505700000024035,Positive directional derivative for linesearch
Iris,3,42,10,300,0.0001,50,least_cost,Ranked + weighted SHARK,Random 75% immutable,α < 1,0.30512052245041466,132,1,2,False,,,,,,,False,0.9946000000127242,Positive directional derivative for linesearch
Iris,3,42,10,300,0.0001,50,least_cost,Ranked + weighted SHARK,All features mutable,α = 1,1.0,45,2,0,True,,4.0,0.48720684036958756,1.347398885513907,2.855052330077595,1.8550523300775952,True,6.933000000003631,Optimization terminated successfully
Iris,3,42,10,300,0.0001,50,least_cost,Ranked + weighted SHARK,All features mutable,α < 1,0.8609434863422094,45,2,0,True,,4.0,0.6427875068837452,1.547651610063154,2.4042481421052764,1.4042481421052764,True,6.7940000000135115,Optimization terminated successfully
Iris,3,42,10,300,0.0001,50,least_cost,Ranked + weighted SHARK,Random 25% immutable,α = 1,1.0,45,2,0,True,,3.0,0.5076600769638079,1.297662947682069,2.923987185210822,1.9239871852108221,True,3.8810000000069067,Optimization terminated successfully
Iris,3,42,10,300,0.0001,50,least_cost,Ranked + weighted SHARK,Random 25% immutable,α < 1,0.8609434863422094,45,2,0,True,,3.0,0.6697721135675738,1.4905238101164016,2.462298383219287,1.462298383219287,True,4.059900000015659,Optimization terminated successfully
Iris,3,42,10,300,0.0001,50,least_cost,Ranked + weighted SHARK,Random 50% immutable,α = 1,1.0,45,2,0,True,,2.0,0.5361360739977769,1.1057669818161007,2.653356551163322,1.6533565511633221,True,2.044600000004948,Optimization terminated successfully
Iris,3,42,10,300,0.0001,50,least_cost,Ranked + weighted SHARK,Random 50% immutable,α < 1,0.8609434863422094,45,2,0,True,,2.0,0.7073414036713044,1.2701079746574058,2.2343995343041216,1.2343995343041216,True,1.9216999999969175,Optimization terminated successfully
Iris,3,42,10,300,0.0001,50,least_cost,Ranked + weighted SHARK,Random 75% immutable,α = 1,1.0,45,2,0,True,,1.0,0.9769165020887712,1.5107422753940418,2.0702496847737404,1.0702496847737404,True,1.451199999991104,Optimization terminated successfully
Iris,3,42,10,300,0.0001,50,least_cost,Ranked + weighted SHARK,Random 75% immutable,α < 1,0.8609434863422094,45,2,0,True,,1.0,1.288877065720303,1.7352713936663262,1.8023772712582873,0.8023772712582873,True,1.394500000003518,Optimization terminated successfully
Iris,3,42,10,300,0.0001,50,least_cost,Ranked + weighted SHARK,All features mutable,α = 1,1.0,12,2,1,True,,4.0,3.738971754338914,3.7053156474124918,1.4377886833651576,0.43778868336515764,True,6.248300000009976,Optimization terminated successfully
Iris,3,42,10,300,0.0001,50,least_cost,Ranked + weighted SHARK,All features mutable,α < 1,0.9279072178473525,12,2,1,True,,4.0,3.8579886967294037,3.763826206164844,1.4154374142212713,0.41543741422127134,True,6.6304000000059204,Optimization terminated successfully
Iris,3,42,10,300,0.0001,50,least_cost,Ranked + weighted SHARK,Random 25% immutable,α = 1,1.0,12,2,1,False,,,,,,,False,5.454999999983556,Positive directional derivative for linesearch
Iris,3,42,10,300,0.0001,50,least_cost,Ranked + weighted SHARK,Random 25% immutable,α < 1,0.9279072178473525,12,2,1,False,,,,,,,False,5.520499999988715,Positive directional derivative for linesearch
Iris,3,42,10,300,0.0001,50,least_cost,Ranked + weighted SHARK,Random 50% immutable,α = 1,1.0,12,2,1,False,,,,,,,False,9.400699999986273,Positive directional derivative for linesearch
Iris,3,42,10,300,0.0001,50,least_cost,Ranked + weighted SHARK,Random 50% immutable,α < 1,0.9279072178473525,12,2,1,False,,,,,,,False,3.64970000001108,Positive directional derivative for linesearch
Iris,3,42,10,300,0.0001,50,least_cost,Ranked + weighted SHARK,Random 75% immutable,α = 1,1.0,12,2,1,False,,,,,,,False,1.8605999999863343,Positive directional derivative for linesearch
Iris,3,42,10,300,0.0001,50,least_cost,Ranked + weighted SHARK,Random 75% immutable,α < 1,0.9279072178473525,12,2,1,False,,,,,,,False,4.356199999989485,Positive directional derivative for linesearch
Iris,3,42,10,300,0.0001,50,least_cost,Ranked + weighted SHARK,All features mutable,α = 1,1.0,91,0,2,True,,4.0,0.7248400257398924,1.643465403770728,2.107536459133427,1.107536459133427,True,7.562599999999975,Optimization terminated successfully
Iris,3,42,10,300,0.0001,50,least_cost,Ranked + weighted SHARK,All features mutable,α < 1,0.30512052245041466,91,0,2,True,,4.0,1.87625884677664,2.6441486013136575,1.309935150691089,0.309935150691089,True,6.391700000023093,Optimization terminated successfully
Iris,3,42,10,300,0.0001,50,least_cost,Ranked + weighted SHARK,Random 25% immutable,α = 1,1.0,91,0,2,True,,3.0,1.2285804512021508,2.4228622180920483,1.3142588044979266,0.31425880449792665,True,5.037999999984777,Optimization terminated successfully
Iris,3,42,10,300,0.0001,50,least_cost,Ranked + weighted SHARK,Random 25% immutable,α < 1,0.30512052245041466,91,0,2,False,,,,,,,False,9.194799999988845,Positive directional derivative for linesearch
Iris,3,42,10,300,0.0001,50,least_cost,Ranked + weighted SHARK,Random 50% immutable,α = 1,1.0,91,0,2,True,,2.0,0.7976342971098742,1.3487393014844569,1.9151930608825296,0.9151930608825296,True,2.306699999991224,Optimization terminated successfully
Iris,3,42,10,300,0.0001,50,least_cost,Ranked + weighted SHARK,Random 50% immutable,α < 1,0.30512052245041466,91,0,2,True,,2.0,2.064687866783475,2.1699678805513543,1.1903844888475827,0.19038448884758274,True,2.256900000020323,Optimization terminated successfully
Iris,3,42,10,300,0.0001,50,least_cost,Ranked + weighted SHARK,Random 75% immutable,α = 1,1.0,91,0,2,False,,,,,,,False,7.011399999981904,Positive directional derivative for linesearch
Iris,3,42,10,300,0.0001,50,least_cost,Ranked + weighted SHARK,Random 75% immutable,α < 1,0.30512052245041466,91,0,2,False,,,,,,,False,5.906600000002982,Positive directional derivative for linesearch
Iris,3,42,10,300,0.0001,50,least_cost,Ranked + weighted SHARK,All features mutable,α = 1,1.0,114,1,2,True,,4.0,2.4061402312351725,2.994331969931277,1.3924612985237896,0.39246129852378964,True,6.503100000003315,Optimization terminated successfully
Iris,3,42,10,300,0.0001,50,least_cost,Ranked + weighted SHARK,All features mutable,α < 1,0.30512052245041466,114,1,2,True,,4.0,4.283096942948491,3.995013135582472,1.0436760506777845,0.04367605067778446,True,5.964499999976169,Optimization terminated successfully
Iris,3,42,10,300,0.0001,50,least_cost,Ranked + weighted SHARK,Random 25% immutable,α = 1,1.0,114,1,2,True,,3.0,2.535377230260142,2.64342086109542,1.3214874234542777,0.3214874234542777,True,3.9002999999979693,Optimization terminated successfully
Iris,3,42,10,300,0.0001,50,least_cost,Ranked + weighted SHARK,Random 25% immutable,α < 1,0.30512052245041466,114,1,2,True,,3.0,4.513601151791565,3.5326695760337268,1.0,0.0,False,2.9447000000004664,Optimization terminated successfully
Iris,3,42,10,300,0.0001,50,least_cost,Ranked + weighted SHARK,Random 50% immutable,α = 1,1.0,114,1,2,False,,,,,,,False,6.603200000000697,Positive directional derivative for linesearch
Iris,3,42,10,300,0.0001,50,least_cost,Ranked + weighted SHARK,Random 50% immutable,α < 1,0.30512052245041466,114,1,2,False,,,,,,,False,7.704000000018141,Positive directional derivative for linesearch
Iris,3,42,10,300,0.0001,50,least_cost,Ranked + weighted SHARK,Random 75% immutable,α = 1,1.0,114,1,2,False,,,,,,,False,10.050599999999577,Positive directional derivative for linesearch
Iris,3,42,10,300,0.0001,50,least_cost,Ranked + weighted SHARK,Random 75% immutable,α < 1,0.30512052245041466,114,1,2,False,,,,,,,False,7.8056000000117365,Positive directional derivative for linesearch
Iris,3,42,10,300,0.0001,50,least_cost,Ranked + weighted SHARK,All features mutable,α = 1,1.0,88,0,1,True,,4.0,0.23939262210713863,0.937571617251009,2.8410950349470827,1.8410950349470827,True,5.624100000005683,Optimization terminated successfully
Iris,3,42,10,300,0.0001,50,least_cost,Ranked + weighted SHARK,All features mutable,α < 1,0.9279072178473525,88,0,1,True,,4.0,0.2702044095180786,0.9960825035116281,2.674206470921087,1.6742064709210869,True,6.084500000014259,Optimization terminated successfully
Iris,3,42,10,300,0.0001,50,least_cost,Ranked + weighted SHARK,Random 25% immutable,α = 1,1.0,88,0,1,True,,3.0,0.5728291408534456,1.80762835441596,1.594536671480909,0.594536671480909,True,5.240499999985104,Optimization terminated successfully
Iris,3,42,10,300,0.0001,50,least_cost,Ranked + weighted SHARK,Random 25% immutable,α < 1,0.9279072178473525,88,0,1,True,,3.0,0.6465569339418062,1.9204365257744205,1.5008720417580554,0.5008720417580554,True,5.26099999999019,Optimization terminated successfully
Iris,3,42,10,300,0.0001,50,least_cost,Ranked + weighted SHARK,Random 50% immutable,α = 1,1.0,88,0,1,True,,2.0,0.26793792443353814,0.7774597004198893,2.5384110668578908,1.5384110668578908,True,1.9413999999926546,Optimization terminated successfully
Iris,3,42,10,300,0.0001,50,least_cost,Ranked + weighted SHARK,Random 50% immutable,α < 1,0.9279072178473525,88,0,1,True,,2.0,0.3024237256004418,0.8259784600033028,2.3893023899554713,1.3893023899554713,True,1.9152000000133285,Optimization terminated successfully
Iris,3,42,10,300,0.0001,50,least_cost,Ranked + weighted SHARK,Random 75% immutable,α = 1,1.0,88,0,1,True,,1.0,0.41126590021483206,0.9539910071147402,1.6537636397684943,0.6537636397684943,True,1.3548000000014326,Optimization terminated successfully
Iris,3,42,10,300,0.0001,50,least_cost,Ranked + weighted SHARK,Random 75% immutable,α < 1,0.9279072178473525,88,0,1,True,,1.0,0.46419918351737616,1.0135265178052788,1.5566199921920456,0.5566199921920456,True,1.368899999988571,Optimization terminated successfully
Iris,3,42,10,300,0.0001,50,least_cost,Ranked + weighted SHARK,All features mutable,α = 1,1.0,67,0,1,True,,4.0,0.4859549282565831,1.3358173735721801,2.492603316042831,1.492603316042831,True,6.108899999986761,Optimization terminated successfully
Iris,3,42,10,300,0.0001,50,least_cost,Ranked + weighted SHARK,All features mutable,α < 1,0.9279072178473525,67,0,1,True,,4.0,0.5294583979958489,1.3943282217533244,2.388005080510965,1.3880050805109652,True,6.240600000012364,Optimization terminated successfully
Iris,3,42,10,300,0.0001,50,least_cost,Ranked + weighted SHARK,Random 25% immutable,α = 1,1.0,67,0,1,True,,3.0,0.528229440399324,1.2202255354877485,2.293113967799396,1.2931139677993961,True,4.421300000018391,Optimization terminated successfully
Iris,3,42,10,300,0.0001,50,least_cost,Ranked + weighted SHARK,Random 25% immutable,α < 1,0.9279072178473525,67,0,1,True,,3.0,0.5755173927212938,1.2736733390665491,2.196886998476513,1.1968869984765131,True,4.338899999993373,Optimization terminated successfully
Iris,3,42,10,300,0.0001,50,least_cost,Ranked + weighted SHARK,Random 50% immutable,α = 1,1.0,67,0,1,True,,2.0,1.2415610998692352,2.3936502294316844,1.048176145415972,0.04817614541597193,True,2.040499999992562,Optimization terminated successfully
Iris,3,42,10,300,0.0001,50,least_cost,Ranked + weighted SHARK,Random 50% immutable,α < 1,0.9279072178473525,67,0,1,True,,2.0,1.3527076539237282,2.498495830927118,1.0041910675141548,0.004191067514154767,True,1.9348000000150023,Optimization terminated successfully
Iris,3,42,10,300,0.0001,50,least_cost,Ranked + weighted SHARK,Random 75% immutable,α = 1,1.0,67,0,1,False,,,,,,,False,4.6284999999954834,Positive directional derivative for linesearch
Iris,3,42,10,300,0.0001,50,least_cost,Ranked + weighted SHARK,Random 75% immutable,α < 1,0.9279072178473525,67,0,1,False,,,,,,,False,1.2581999999952131,Positive directional derivative for linesearch
Iris,3,42,10,300,0.0001,50,least_cost,Ranked + weighted SHARK,All features mutable,α = 1,1.0,83,0,1,True,,4.0,0.0043898007497677125,0.12696384200806352,15.735363931021423,14.735363931021423,True,5.506400000001577,Optimization terminated successfully
Iris,3,42,10,300,0.0001,50,least_cost,Ranked + weighted SHARK,All features mutable,α < 1,0.9279072178473525,83,0,1,True,,4.0,0.009368268547339414,0.18547583817129812,10.771335216395045,9.771335216395045,True,5.801899999994475,Optimization terminated successfully
Iris,3,42,10,300,0.0001,50,least_cost,Ranked + weighted SHARK,Random 25% immutable,α = 1,1.0,83,0,1,True,,3.0,0.010504107291387874,0.24478772698283469,7.569834653652773,6.569834653652773,True,5.645100000009506,Optimization terminated successfully
Iris,3,42,10,300,0.0001,50,least_cost,Ranked + weighted SHARK,Random 25% immutable,α < 1,0.9279072178473525,83,0,1,True,,3.0,0.022416802848233743,0.3575994836198743,5.181781738516695,4.181781738516695,True,4.915600000003906,Optimization terminated successfully
Iris,3,42,10,300,0.0001,50,least_cost,Ranked + weighted SHARK,Random 50% immutable,α = 1,1.0,83,0,1,True,,2.0,0.0412044717550096,0.8003934627317378,3.564080864384217,2.564080864384217,True,2.4032000000033804,Optimization terminated successfully
Iris,3,42,10,300,0.0001,50,least_cost,Ranked + weighted SHARK,Random 50% immutable,α < 1,0.9279072178473525,83,0,1,True,,2.0,0.08793441354146339,1.1692592283013248,2.4397218807265286,1.4397218807265286,True,2.435700000006591,Optimization terminated successfully
Iris,3,42,10,300,0.0001,50,least_cost,Ranked + weighted SHARK,Random 75% immutable,α = 1,1.0,83,0,1,True,,1.0,0.16561278658194356,1.8996785496113286,2.0707979294969476,1.0707979294969476,True,1.3796000000070308,Optimization terminated successfully
Iris,3,42,10,300,0.0001,50,least_cost,Ranked + weighted SHARK,Random 75% immutable,α < 1,0.9279072178473525,83,0,1,True,,1.0,0.35343405042265974,2.7751558678678427,1.417524130011223,0.4175241300112229,True,1.3416000000177064,Optimization terminated successfully
Iris,3,42,10,300,0.0001,50,least_cost,Ranked + weighted SHARK,All features mutable,α = 1,1.0,59,0,2,True,,4.0,0.4114182183562322,1.23817276553188,2.307056043145083,1.3070560431450828,True,6.213299999984656,Optimization terminated successfully
Iris,3,42,10,300,0.0001,50,least_cost,Ranked + weighted SHARK,All features mutable,α < 1,0.30512052245041466,59,0,2,True,,4.0,1.3451581219765174,2.2388560030242974,1.2758899773710553,0.27588997737105525,True,6.153500000010581,Optimization terminated successfully
Iris,3,42,10,300,0.0001,50,least_cost,Ranked + weighted SHARK,Random 25% immutable,α = 1,1.0,59,0,2,True,,3.0,0.43351603925408005,1.093069051989906,2.189402723102548,1.189402723102548,True,4.133500000023105,Optimization terminated successfully
Iris,3,42,10,300,0.0001,50,least_cost,Ranked + weighted SHARK,Random 25% immutable,α < 1,0.30512052245041466,59,0,2,True,,3.0,1.4174083577011438,1.9764803839963998,1.2108232206260834,0.21082322062608339,True,3.8858000000061566,Optimization terminated successfully
Iris,3,42,10,300,0.0001,50,least_cost,Ranked + weighted SHARK,Random 50% immutable,α = 1,1.0,59,0,2,True,,2.0,0.7484515777900019,1.7603396646664795,1.3092929834154687,0.30929298341546874,True,2.7513999999939642,Optimization terminated successfully
Iris,3,42,10,300,0.0001,50,least_cost,Ranked + weighted SHARK,Random 50% immutable,α < 1,0.30512052245041466,59,0,2,False,,,,,,,False,4.4000999999980195,Positive directional derivative for linesearch
Iris,3,42,10,300,0.0001,50,least_cost,Ranked + weighted SHARK,Random 75% immutable,α = 1,1.0,59,0,2,True,,1.0,1.003414367350314,1.4901263261137812,1.146982360018618,0.14698236001861797,True,1.4826999999968393,Optimization terminated successfully
Iris,3,42,10,300,0.0001,50,least_cost,Ranked + weighted SHARK,Random 75% immutable,α < 1,0.30512052245041466,59,0,2,False,,,,,,,False,2.70609999998328,Positive directional derivative for linesearch
Iris,3,42,10,300,0.0001,50,least_cost,Ranked + weighted SHARK,All features mutable,α = 1,1.0,109,1,2,True,,4.0,3.511504000061972,3.5597016975508597,1.000000000000005,5.10702591327572e-15,True,6.85500000000161,Optimization terminated successfully
Iris,3,42,10,300,0.0001,50,least_cost,Ranked + weighted SHARK,All features mutable,α < 1,0.30512052245041466,109,1,2,True,,4.0,5.74381316491787,4.3386480910535035,1.000000000000002,1.9984014443252818e-15,True,5.719700000014427,Optimization terminated successfully
Iris,3,42,10,300,0.0001,50,least_cost,Ranked + weighted SHARK,Random 25% immutable,α = 1,1.0,109,1,2,False,,,,,,,False,2.940999999992755,Positive directional derivative for linesearch
Iris,3,42,10,300,0.0001,50,least_cost,Ranked + weighted SHARK,Random 25% immutable,α < 1,0.30512052245041466,109,1,2,False,,,,,,,False,1.1976000000117892,Positive directional derivative for linesearch
Iris,3,42,10,300,0.0001,50,least_cost,Ranked + weighted SHARK,Random 50% immutable,α = 1,1.0,109,1,2,False,,,,,,,False,5.529700000010962,Positive directional derivative for linesearch
Iris,3,42,10,300,0.0001,50,least_cost,Ranked + weighted SHARK,Random 50% immutable,α < 1,0.30512052245041466,109,1,2,False,,,,,,,False,7.479599999982156,Positive directional derivative for linesearch
Iris,3,42,10,300,0.0001,50,least_cost,Ranked + weighted SHARK,Random 75% immutable,α = 1,1.0,109,1,2,False,,,,,,,False,7.810599999999113,Positive directional derivative for linesearch
Iris,3,42,10,300,0.0001,50,least_cost,Ranked + weighted SHARK,Random 75% immutable,α < 1,0.30512052245041466,109,1,2,False,,,,,,,False,1.1261999999874206,Positive directional derivative for linesearch
Iris,3,42,10,300,0.0001,50,least_cost,Ranked + weighted SHARK,All features mutable,α = 1,1.0,82,0,1,True,,4.0,0.36453431978006945,1.1569599108755715,2.494215932441524,1.494215932441524,True,6.391000000007807,Optimization terminated successfully
Iris,3,42,10,300,0.0001,50,least_cost,Ranked + weighted SHARK,All features mutable,α < 1,0.9279072178473525,82,0,1,True,,4.0,0.40233778498565076,1.2154706574026302,2.374148265025094,1.3741482650250938,True,6.217800000001716,Optimization terminated successfully
Iris,3,42,10,300,0.0001,50,least_cost,Ranked + weighted SHARK,Random 25% immutable,α = 1,1.0,82,0,1,True,,3.0,0.3744599083773334,1.0910058767379873,2.4281122267223685,1.4281122267223685,True,3.6343000000158554,Optimization terminated successfully
Iris,3,42,10,300,0.0001,50,least_cost,Ranked + weighted SHARK,Random 25% immutable,α < 1,0.9279072178473525,82,0,1,True,,3.0,0.4132926913264744,1.1461812095987556,2.3112267490674783,1.3112267490674783,True,3.5230999999953383,Optimization terminated successfully
Iris,3,42,10,300,0.0001,50,least_cost,Ranked + weighted SHARK,Random 50% immutable,α = 1,1.0,82,0,1,True,,2.0,1.0788799198885086,2.041346161645757,1.11934429617041,0.11934429617041009,True,3.241200000019262,Optimization terminated successfully
Iris,3,42,10,300,0.0001,50,least_cost,Ranked + weighted SHARK,Random 50% immutable,α < 1,0.9279072178473525,82,0,1,True,,2.0,1.1907634855788243,2.1445831582720287,1.0654608562456784,0.06546085624567843,True,3.002699999996139,Optimization terminated successfully
Iris,3,42,10,300,0.0001,50,least_cost,Ranked + weighted SHARK,Random 75% immutable,α = 1,1.0,82,0,1,True,,1.0,1.1707214717946355,1.653820805912597,1.0315332311569247,0.031533231156924746,True,1.4091000000178155,Optimization terminated successfully
Iris,3,42,10,300,0.0001,50,least_cost,Ranked + weighted SHARK,Random 75% immutable,α < 1,0.9279072178473525,82,0,1,False,,,,,,,False,1.8498999999962962,Positive directional derivative for linesearch
Iris,3,42,10,300,0.0001,50,least_cost,Ranked + weighted SHARK,All features mutable,α = 1,1.0,8,2,1,True,,4.0,3.654323964330369,3.6631323826368756,1.3937478891106119,0.39374788911061187,True,7.713099999989481,Optimization terminated successfully
Iris,3,42,10,300,0.0001,50,least_cost,Ranked + weighted SHARK,All features mutable,α < 1,0.9279072178473525,8,2,1,True,,4.0,3.7719965767289714,3.7216433771666746,1.3718357026123553,0.3718357026123553,True,6.1906999999905565,Optimization terminated successfully
Iris,3,42,10,300,0.0001,50,least_cost,Ranked + weighted SHARK,Random 25% immutable,α = 1,1.0,8,2,1,False,,,,,,,False,6.446699999997918,Positive directional derivative for linesearch
Iris,3,42,10,300,0.0001,50,least_cost,Ranked + weighted SHARK,Random 25% immutable,α < 1,0.9279072178473525,8,2,1,False,,,,,,,False,4.86459999999056,Positive directional derivative for linesearch
Iris,3,42,10,300,0.0001,50,least_cost,Ranked + weighted SHARK,Random 50% immutable,α = 1,1.0,8,2,1,False,,,,,,,False,1.1815000000012787,Positive directional derivative for linesearch
Iris,3,42,10,300,0.0001,50,least_cost,Ranked + weighted SHARK,Random 50% immutable,α < 1,0.9279072178473525,8,2,1,False,,,,,,,False,22.306899999989582,Positive directional derivative for linesearch
Iris,3,42,10,300,0.0001,50,least_cost,Ranked + weighted SHARK,Random 75% immutable,α = 1,1.0,8,2,1,False,,,,,,,False,8.012700000023187,Positive directional derivative for linesearch
Iris,3,42,10,300,0.0001,50,least_cost,Ranked + weighted SHARK,Random 75% immutable,α < 1,0.9279072178473525,8,2,1,False,,,,,,,False,5.031200000018998,Positive directional derivative for linesearch
Iris,3,42,10,300,0.0001,50,least_cost,Ranked + weighted SHARK,All features mutable,α = 1,1.0,86,0,1,True,,4.0,0.01418218266003866,0.22820713444611912,9.727139718945832,8.727139718945832,True,5.7807000000025255,Optimization terminated successfully
Iris,3,42,10,300,0.0001,50,least_cost,Ranked + weighted SHARK,All features mutable,α < 1,0.9279072178473525,86,0,1,True,,4.0,0.02238710628459272,0.28671910753575547,7.742080898479161,6.742080898479161,True,5.6292999999811855,Optimization terminated successfully
Iris,3,42,10,300,0.0001,50,least_cost,Ranked + weighted SHARK,Random 25% immutable,α = 1,1.0,86,0,1,True,,3.0,0.033935747148647374,0.43998589939686344,4.9126992616110705,3.9126992616110705,True,4.804699999994,Optimization terminated successfully
Iris,3,42,10,300,0.0001,50,least_cost,Ranked + weighted SHARK,Random 25% immutable,α < 1,0.9279072178473525,86,0,1,True,,3.0,0.05356884737056753,0.5527976733989752,3.910143731561902,2.910143731561902,True,4.785900000001675,Optimization terminated successfully
Iris,3,42,10,300,0.0001,50,least_cost,Ranked + weighted SHARK,Random 50% immutable,α = 1,1.0,86,0,1,True,,2.0,0.02141942503820399,0.27671194168265917,6.440554228850622,5.440554228850622,True,2.5380000000154723,Optimization terminated successfully
Iris,3,42,10,300,0.0001,50,least_cost,Ranked + weighted SHARK,Random 50% immutable,α < 1,0.9279072178473525,86,0,1,True,,2.0,0.0338113642103569,0.3476605141720073,5.126203081902378,4.126203081902378,True,2.3688999999933458,Optimization terminated successfully
Iris,3,42,10,300,0.0001,50,least_cost,Ranked + weighted SHARK,Random 75% immutable,α = 1,1.0,86,0,1,True,,1.0,0.045546838222478556,0.3262051225282112,3.8351497305360596,2.8351497305360596,True,1.0379999999940992,Optimization terminated successfully
Iris,3,42,10,300,0.0001,50,least_cost,Ranked + weighted SHARK,Random 75% immutable,α < 1,0.9279072178473525,86,0,1,True,,1.0,0.0718973893293293,0.4098436587633255,3.052494435411038,2.052494435411038,True,1.3449999999863849,Optimization terminated successfully
Iris,3,42,10,300,0.0001,50,least_cost,Ranked + weighted SHARK,All features mutable,α = 1,1.0,57,0,1,True,,4.0,0.9436653333080759,1.8614787505140662,1.7887191724116551,0.7887191724116551,True,6.049599999983002,Optimization terminated successfully
Iris,3,42,10,300,0.0001,50,least_cost,Ranked + weighted SHARK,All features mutable,α < 1,0.9279072178473525,57,0,1,True,,4.0,1.0039210933265144,1.9199896715773828,1.734208744488073,0.7342087444880729,True,6.138199999980998,Optimization terminated successfully
Iris,3,42,10,300,0.0001,50,least_cost,Ranked + weighted SHARK,Random 25% immutable,α = 1,1.0,57,0,1,True,,3.0,1.0257572913746333,1.700400049292182,1.6455634343346563,0.6455634343346563,True,4.356500000000096,Optimization terminated successfully
Iris,3,42,10,300,0.0001,50,least_cost,Ranked + weighted SHARK,Random 25% immutable,α < 1,0.9279072178473525,57,0,1,True,,3.0,1.0912548602756293,1.7538479272181622,1.5954156506021233,0.5954156506021233,True,4.57670000000121,Optimization terminated successfully
Iris,3,42,10,300,0.0001,50,least_cost,Ranked + weighted SHARK,Random 50% immutable,α = 1,1.0,57,0,1,True,,2.0,1.0561884846176086,1.5435884003494025,1.5981529661690506,0.5981529661690506,True,1.8801999999880081,Optimization terminated successfully
Iris,3,42,10,300,0.0001,50,least_cost,Ranked + weighted SHARK,Random 50% immutable,α < 1,0.9279072178473525,57,0,1,True,,2.0,1.123629173248621,1.5921071597561225,1.5494499577328749,0.5494499577328749,True,1.8620000000169057,Optimization terminated successfully
Iris,3,42,10,300,0.0001,50,least_cost,Ranked + weighted SHARK,Random 75% immutable,α = 1,1.0,57,0,1,False,,,,,,,False,4.606899999998859,Positive directional derivative for linesearch
Iris,3,42,10,300,0.0001,50,least_cost,Ranked + weighted SHARK,Random 75% immutable,α < 1,0.9279072178473525,57,0,1,False,,,,,,,False,9.996000000001004,Positive directional derivative for linesearch
Iris,3,42,10,300,0.0001,50,least_cost,Ranked + weighted SHARK,All features mutable,α = 1,1.0,117,1,2,True,,4.0,3.5220684693754585,3.375048253373642,1.0,0.0,False,4.444500000005291,Optimization terminated successfully
Iris,3,42,10,300,0.0001,50,least_cost,Ranked + weighted SHARK,All features mutable,α < 1,0.30512052245041466,117,1,2,True,,4.0,5.777304064563067,4.196024409003373,1.0,0.0,False,6.491199999999253,Optimization terminated successfully
Iris,3,42,10,300,0.0001,50,least_cost,Ranked + weighted SHARK,Random 25% immutable,α = 1,1.0,117,1,2,True,,3.0,3.69381578301857,3.1906754235538934,1.4691714351007354,0.46917143510073545,True,4.2291999999974905,Optimization terminated successfully
Iris,3,42,10,300,0.0001,50,least_cost,Ranked + weighted SHARK,Random 25% immutable,α < 1,0.30512052245041466,117,1,2,True,,3.0,6.022412826553527,4.074086750399231,1.1506012107820014,0.1506012107820014,True,4.055499999992662,Optimization terminated successfully
Iris,3,42,10,300,0.0001,50,least_cost,Ranked + weighted SHARK,Random 50% immutable,α = 1,1.0,117,1,2,True,,2.0,3.857582601007337,2.9660858703753363,1.4068014087493335,0.40680140874933346,True,2.2514000000057877,Optimization terminated successfully
Iris,3,42,10,300,0.0001,50,least_cost,Ranked + weighted SHARK,Random 50% immutable,α < 1,0.30512052245041466,117,1,2,True,,2.0,6.289418936816088,3.7873144519217425,1.1017553236573676,0.10175532365736761,True,1.8530000000112068,Optimization terminated successfully
Iris,3,42,10,300,0.0001,50,least_cost,Ranked + weighted SHARK,Random 75% immutable,α = 1,1.0,117,1,2,False,,,,,,,False,5.947100000014416,Positive directional derivative for linesearch
Iris,3,42,10,300,0.0001,50,least_cost,Ranked + weighted SHARK,Random 75% immutable,α < 1,0.30512052245041466,117,1,2,False,,,,,,,False,0.9651999999960026,Positive directional derivative for linesearch
Iris,3,42,10,300,0.0001,50,least_cost,Ranked + weighted SHARK,All features mutable,α = 1,1.0,70,1,2,True,,4.0,1.1982755237877103,2.1130892103028374,1.82879488890834,0.8287948889083401,True,6.339999999994461,Optimization terminated successfully
Iris,3,42,10,300,0.0001,50,least_cost,Ranked + weighted SHARK,All features mutable,α < 1,0.30512052245041466,70,1,2,True,,4.0,2.601924913059759,3.113772446119358,1.2410690874523842,0.2410690874523842,True,6.004799999999477,Optimization terminated successfully
Iris,3,42,10,300,0.0001,50,least_cost,Ranked + weighted SHARK,Random 25% immutable,α = 1,1.0,70,1,2,True,,3.0,2.390426868589027,3.494748430637022,1.074492958970667,0.0744929589706671,True,5.2053999999941425,Optimization terminated successfully
Iris,3,42,10,300,0.0001,50,least_cost,Ranked + weighted SHARK,Random 25% immutable,α < 1,0.30512052245041466,70,1,2,False,,,,,,,False,10.078499999991664,Positive directional derivative for linesearch
Iris,3,42,10,300,0.0001,50,least_cost,Ranked + weighted SHARK,Random 50% immutable,α = 1,1.0,70,1,2,True,,2.0,2.1799015368888215,3.004229058083106,1.005277241235748,0.00527724123574802,True,2.7332999999885033,Optimization terminated successfully
Iris,3,42,10,300,0.0001,50,least_cost,Ranked + weighted SHARK,Random 50% immutable,α < 1,0.30512052245041466,70,1,2,False,,,,,,,False,22.072400000013204,Positive directional derivative for linesearch
Iris,3,42,10,300,0.0001,50,least_cost,Ranked + weighted SHARK,Random 75% immutable,α = 1,1.0,70,1,2,False,,,,,,,False,7.947999999998956,Positive directional derivative for linesearch
Iris,3,42,10,300,0.0001,50,least_cost,Ranked + weighted SHARK,Random 75% immutable,α < 1,0.30512052245041466,70,1,2,False,,,,,,,False,1.7678000000103111,Positive directional derivative for linesearch
Iris,3,42,10,300,0.0001,50,least_cost,Ranked + weighted SHARK,All features mutable,α = 1,1.0,29,2,1,True,,4.0,3.3047147261359373,3.483502177131765,1.46561787042143,0.46561787042143,True,5.906199999998307,Optimization terminated successfully
Iris,3,42,10,300,0.0001,50,least_cost,Ranked + weighted SHARK,All features mutable,α < 1,0.9279072178473525,29,2,1,True,,4.0,3.4166627062099497,3.542012918815828,1.4414071892172895,0.4414071892172895,True,5.899099999993496,Optimization terminated successfully
Iris,3,42,10,300,0.0001,50,least_cost,Ranked + weighted SHARK,Random 25% immutable,α = 1,1.0,29,2,1,True,,3.0,3.3946959350495334,3.2849203553790978,1.4267748693215823,0.42677486932158226,True,3.704400000003716,Optimization terminated successfully
Iris,3,42,10,300,0.0001,50,least_cost,Ranked + weighted SHARK,Random 25% immutable,α < 1,0.9279072178473525,29,2,1,True,,3.0,3.5096920495789643,3.3400958778348575,1.4032058991253327,0.40320589912533267,True,3.4568000000092525,Optimization terminated successfully
Iris,3,42,10,300,0.0001,50,least_cost,Ranked + weighted SHARK,Random 50% immutable,α = 1,1.0,29,2,1,False,,,,,,,False,8.897300000000996,Positive directional derivative for linesearch
Iris,3,42,10,300,0.0001,50,least_cost,Ranked + weighted SHARK,Random 50% immutable,α < 1,0.9279072178473525,29,2,1,False,,,,,,,False,9.800699999999551,Positive directional derivative for linesearch
Iris,3,42,10,300,0.0001,50,least_cost,Ranked + weighted SHARK,Random 75% immutable,α = 1,1.0,29,2,1,False,,,,,,,False,1.0069999999871015,Positive directional derivative for linesearch
Iris,3,42,10,300,0.0001,50,least_cost,Ranked + weighted SHARK,Random 75% immutable,α < 1,0.9279072178473525,29,2,1,False,,,,,,,False,5.060700000001361,Positive directional derivative for linesearch
Iris,3,42,10,300,0.0001,50,least_cost,Ranked + weighted SHARK,All features mutable,α = 1,1.0,106,0,1,True,,4.0,0.05867418971025773,0.4641744354700539,3.8258076266372627,2.8258076266372627,True,5.240100000008852,Optimization terminated successfully
Iris,3,42,10,300,0.0001,50,least_cost,Ranked + weighted SHARK,All features mutable,α < 1,0.9279072178473525,106,0,1,True,,4.0,0.07439900094789678,0.522686425611623,3.3975286184054965,2.3975286184054965,True,5.756399999995665,Optimization terminated successfully
Iris,3,42,10,300,0.0001,50,least_cost,Ranked + weighted SHARK,Random 25% immutable,α = 1,1.0,106,0,1,True,,3.0,0.14039816817657758,0.8949335498397338,2.7607303189243853,1.7607303189243853,True,4.40320000001293,Optimization terminated successfully
Iris,3,42,10,300,0.0001,50,least_cost,Ranked + weighted SHARK,Random 25% immutable,α < 1,0.9279072178473525,106,0,1,True,,3.0,0.17802518447156576,1.0077452772504272,2.4516810517336474,1.4516810517336474,True,5.062400000014122,Optimization terminated successfully
Iris,3,42,10,300,0.0001,50,least_cost,Ranked + weighted SHARK,Random 50% immutable,α = 1,1.0,106,0,1,True,,2.0,0.09640947089993658,0.5436470435388984,2.328377274766462,1.3283772747664622,True,2.579399999973475,Optimization terminated successfully
Iris,3,42,10,300,0.0001,50,least_cost,Ranked + weighted SHARK,Random 50% immutable,α < 1,0.9279072178473525,106,0,1,True,,2.0,0.12224741985354463,0.6121770336847837,2.067727724474749,1.0677277244747492,True,3.182600000002367,Optimization terminated successfully
Iris,3,42,10,300,0.0001,50,least_cost,Ranked + weighted SHARK,Random 75% immutable,α = 1,1.0,106,0,1,True,,1.0,0.1884352987580098,0.6635028454962903,2.0569269672403943,1.0569269672403943,True,1.0499999999922238,Optimization terminated successfully
Iris,3,42,10,300,0.0001,50,least_cost,Ranked + weighted SHARK,Random 75% immutable,α < 1,0.9279072178473525,106,0,1,True,,1.0,0.2389363711705246,0.7471413817314043,1.8266648443154907,0.8266648443154907,True,1.2418999999965763,Optimization terminated successfully
Iris,3,42,10,300,0.0001,50,least_cost,Ranked + weighted SHARK,All features mutable,α = 1,1.0,97,0,2,True,,4.0,0.5384321473336807,1.4164621221218028,2.257192407896865,1.257192407896865,True,5.667200000004868,Optimization terminated successfully
Iris,3,42,10,300,0.0001,50,least_cost,Ranked + weighted SHARK,All features mutable,α < 1,0.30512052245041466,97,0,2,True,,4.0,1.5679296294051261,2.4171453717391773,1.322728712470431,0.322728712470431,True,5.571499999973639,Optimization terminated successfully
Iris,3,42,10,300,0.0001,50,least_cost,Ranked + weighted SHARK,Random 25% immutable,α = 1,1.0,97,0,2,True,,3.0,0.5610358531716284,1.364176902789424,2.166240492631735,1.1662404926317351,True,3.656800000015892,Optimization terminated successfully
Iris,3,42,10,300,0.0001,50,least_cost,Ranked + weighted SHARK,Random 25% immutable,α < 1,0.30512052245041466,97,0,2,True,,3.0,1.6337522587003752,2.327856444859729,1.269433730775511,0.269433730775511,True,3.901600000006056,Optimization terminated successfully
Iris,3,42,10,300,0.0001,50,least_cost,Ranked + weighted SHARK,Random 50% immutable,α = 1,1.0,97,0,2,True,,2.0,0.9795151799960637,2.013818022037314,1.3023540206977613,0.3023540206977613,True,2.9011000000025433,Optimization terminated successfully
Iris,3,42,10,300,0.0001,50,least_cost,Ranked + weighted SHARK,Random 50% immutable,α < 1,0.30512052245041466,97,0,2,False,,,,,,,False,5.108100000001059,Positive directional derivative for linesearch
Iris,3,42,10,300,0.0001,50,least_cost,Ranked + weighted SHARK,Random 75% immutable,α = 1,1.0,97,0,2,True,,1.0,1.079630264615983,1.5881780325324673,1.181585561067735,0.18158556106773505,True,1.3610999999968953,Optimization terminated successfully
Iris,3,42,10,300,0.0001,50,least_cost,Ranked + weighted SHARK,Random 75% immutable,α < 1,0.30512052245041466,97,0,2,False,,,,,,,False,3.7403000000040265,Positive directional derivative for linesearch
Iris,3,42,10,300,0.0001,50,least_cost,Ranked + weighted SHARK,All features mutable,α = 1,1.0,78,0,2,True,,4.0,0.7854597787828739,1.710808725916617,2.0804908599412144,1.0804908599412144,True,6.3001000000042495,Optimization terminated successfully
Iris,3,42,10,300,0.0001,50,least_cost,Ranked + weighted SHARK,All features mutable,α < 1,0.30512052245041466,78,0,2,True,,4.0,1.9730480755086184,2.7114917740529383,1.3126802260358124,0.31268022603581236,True,6.129900000019006,Optimization terminated successfully
Iris,3,42,10,300,0.0001,50,least_cost,Ranked + weighted SHARK,Random 25% immutable,α = 1,1.0,78,0,2,True,,3.0,0.8276478704562198,1.5103159486236533,1.97444803530048,0.9744480353004801,True,3.7944000000038614,Optimization terminated successfully
Iris,3,42,10,300,0.0001,50,least_cost,Ranked + weighted SHARK,Random 25% immutable,α < 1,0.30512052245041466,78,0,2,True,,3.0,2.0790231175957965,2.3937272182057527,1.2457727889658896,0.2457727889658896,True,3.8313000000016473,Optimization terminated successfully
Iris,3,42,10,300,0.0001,50,least_cost,Ranked + weighted SHARK,Random 50% immutable,α = 1,1.0,78,0,2,True,,2.0,1.4289075799023097,2.4322974316722306,1.1436329742009281,0.14363297420092813,True,2.725100000020575,Optimization terminated successfully
Iris,3,42,10,300,0.0001,50,least_cost,Ranked + weighted SHARK,Random 50% immutable,α < 1,0.30512052245041466,78,0,2,False,,,,,,,False,1.9048000000054799,Positive directional derivative for linesearch
Iris,3,42,10,300,0.0001,50,least_cost,Ranked + weighted SHARK,Random 75% immutable,α = 1,1.0,78,0,2,False,,,,,,,False,13.050199999980805,Positive directional derivative for linesearch
Iris,3,42,10,300,0.0001,50,least_cost,Ranked + weighted SHARK,Random 75% immutable,α < 1,0.30512052245041466,78,0,2,False,,,,,,,False,13.817899999992278,Positive directional derivative for linesearch
Iris,3,42,10,300,0.0001,50,least_cost,Ranked + weighted SHARK,All features mutable,α = 1,1.0,22,2,0,True,,4.0,0.8837660787229077,1.8147138421697138,2.262099383498274,1.262099383498274,True,6.039899999990439,Optimization terminated successfully
Iris,3,42,10,300,0.0001,50,least_cost,Ranked + weighted SHARK,All features mutable,α < 1,0.8609434863422094,22,2,0,True,,4.0,1.0895739705594738,2.014966498197022,1.9747757990484505,0.9747757990484505,True,5.892200000005232,Optimization terminated successfully
Iris,3,42,10,300,0.0001,50,least_cost,Ranked + weighted SHARK,Random 25% immutable,α = 1,1.0,22,2,0,True,,3.0,0.9312343328057655,1.6020442173548017,2.062785813842207,1.0627858138422068,True,3.762100000017199,Optimization terminated successfully
Iris,3,42,10,300,0.0001,50,least_cost,Ranked + weighted SHARK,Random 25% immutable,α < 1,0.8609434863422094,22,2,0,True,,3.0,1.1480964408454597,1.7788290053255909,1.800778337804015,0.800778337804015,True,3.784300000006624,Optimization terminated successfully
Iris,3,42,10,300,0.0001,50,least_cost,Ranked + weighted SHARK,Random 50% immutable,α = 1,1.0,22,2,0,False,,,,,,,False,1.8941000000154418,Positive directional derivative for linesearch
Iris,3,42,10,300,0.0001,50,least_cost,Ranked + weighted SHARK,Random 50% immutable,α < 1,0.8609434863422094,22,2,0,False,,,,,,,False,7.565999999997075,Positive directional derivative for linesearch
Iris,3,42,10,300,0.0001,50,least_cost,Ranked + weighted SHARK,Random 75% immutable,α = 1,1.0,22,2,0,False,,,,,,,False,14.909999999986212,Positive directional derivative for linesearch
Iris,3,42,10,300,0.0001,50,least_cost,Ranked + weighted SHARK,Random 75% immutable,α < 1,0.8609434863422094,22,2,0,False,,,,,,,False,2.649099999985083,Positive directional derivative for linesearch
Iris,3,42,10,300,0.0001,50,least_cost,Ranked + weighted SHARK,All features mutable,α = 1,1.0,121,1,2,True,,4.0,1.5851070940787486,2.430349787573394,1.6319056287694735,0.6319056287694735,True,5.614500000007183,Optimization terminated successfully
Iris,3,42,10,300,0.0001,50,least_cost,Ranked + weighted SHARK,All features mutable,α < 1,0.30512052245041466,121,1,2,True,,4.0,3.1591542169629285,3.4310329114348277,1.1559496816412616,0.15594968164126155,True,6.0517999999945005,Optimization terminated successfully
Iris,3,42,10,300,0.0001,50,least_cost,Ranked + weighted SHARK,Random 25% immutable,α = 1,1.0,121,1,2,True,,3.0,1.6702453089318952,2.1455327586383794,1.5487272621187305,0.5487272621187305,True,3.990299999998115,Optimization terminated successfully
Iris,3,42,10,300,0.0001,50,least_cost,Ranked + weighted SHARK,Random 25% immutable,α < 1,0.30512052245041466,121,1,2,True,,3.0,3.328836600846139,3.028943941923817,1.0970308154823534,0.09703081548235337,True,4.096199999992223,Optimization terminated successfully
Iris,3,42,10,300,0.0001,50,least_cost,Ranked + weighted SHARK,Random 50% immutable,α = 1,1.0,121,1,2,False,,,,,,,False,1.086299999997209,Positive directional derivative for linesearch
Iris,3,42,10,300,0.0001,50,least_cost,Ranked + weighted SHARK,Random 50% immutable,α < 1,0.30512052245041466,121,1,2,False,,,,,,,False,1.1144999999999072,Positive directional derivative for linesearch
Iris,3,42,10,300,0.0001,50,least_cost,Ranked + weighted SHARK,Random 75% immutable,α = 1,1.0,121,1,2,False,,,,,,,False,2.3640000000000327,Positive directional derivative for linesearch
Iris,3,42,10,300,0.0001,50,least_cost,Ranked + weighted SHARK,Random 75% immutable,α < 1,0.30512052245041466,121,1,2,False,,,,,,,False,5.039600000003475,Positive directional derivative for linesearch
Iris,3,42,10,300,0.0001,50,least_cost,Ranked + weighted SHARK,All features mutable,α = 1,1.0,15,2,1,True,,3.0,2.3532975647940013,2.735034652276228,1.5646201988877535,0.5646201988877535,True,5.219799999991892,Optimization terminated successfully
Iris,3,42,10,300,0.0001,50,least_cost,Ranked + weighted SHARK,All features mutable,α < 1,0.9279072178473525,15,2,1,True,,3.0,2.4492039975814293,2.7902100797100657,1.5336804504671147,0.5336804504671147,True,3.7994999999853007,Optimization terminated successfully
Iris,3,42,10,300,0.0001,50,least_cost,Ranked + weighted SHARK,Random 25% immutable,α = 1,1.0,15,2,1,True,,2.0,2.5640906078723753,2.405068644465158,1.4359866944917932,0.43598669449179317,True,1.9986000000074,Optimization terminated successfully
Iris,3,42,10,300,0.0001,50,least_cost,Ranked + weighted SHARK,Random 25% immutable,α < 1,0.9279072178473525,15,2,1,True,,2.0,2.6685877135642677,2.4535874021016286,1.4075905686521848,0.4075905686521848,True,2.081399999980249,Optimization terminated successfully
Iris,3,42,10,300,0.0001,50,least_cost,Ranked + weighted SHARK,Random 50% immutable,α = 1,1.0,15,2,1,True,,2.0,3.4599886701290754,3.516910684220253,1.064165324216996,0.06416532421699594,True,2.22859999999514,Optimization terminated successfully
Iris,3,42,10,300,0.0001,50,least_cost,Ranked + weighted SHARK,Random 50% immutable,α < 1,0.9279072178473525,15,2,1,True,,2.0,3.600997260298261,3.587859194835779,1.0431218541670075,0.043121854167007534,True,2.210399999995616,Optimization terminated successfully
Iris,3,42,10,300,0.0001,50,least_cost,Ranked + weighted SHARK,Random 75% immutable,α = 1,1.0,15,2,1,False,,,,,,,False,7.575699999989638,Positive directional derivative for linesearch
Iris,3,42,10,300,0.0001,50,least_cost,Ranked + weighted SHARK,Random 75% immutable,α < 1,0.9279072178473525,15,2,1,False,,,,,,,False,3.2587000000035005,Positive directional derivative for linesearch
Iris,3,42,10,300,0.0001,50,least_cost,Ranked + weighted SHARK,All features mutable,α = 1,1.0,10,2,1,True,,4.0,3.0030826060901763,3.3207236745476263,1.2299010433773647,0.22990104337736472,True,5.558799999988651,Optimization terminated successfully
Iris,3,42,10,300,0.0001,50,least_cost,Ranked + weighted SHARK,All features mutable,α < 1,0.9279072178473525,10,2,1,True,,4.0,3.109843002152193,3.379234545354838,1.2086054947347826,0.20860549473478263,True,7.355399999994461,Optimization terminated successfully
Iris,3,42,10,300,0.0001,50,least_cost,Ranked + weighted SHARK,Random 25% immutable,α = 1,1.0,10,2,1,True,,3.0,3.084850935861454,3.13142140135612,1.4967139654569703,0.49671396545697033,True,3.1577999999967687,Optimization terminated successfully
Iris,3,42,10,300,0.0001,50,least_cost,Ranked + weighted SHARK,Random 25% immutable,α < 1,0.9279072178473525,10,2,1,True,,3.0,3.1945182180831093,3.1865967537655395,1.4707986392769865,0.4707986392769865,True,3.19909999998913,Optimization terminated successfully
Iris,3,42,10,300,0.0001,50,least_cost,Ranked + weighted SHARK,Random 50% immutable,α = 1,1.0,10,2,1,False,,,,,,,False,13.889000000006035,Positive directional derivative for linesearch
Iris,3,42,10,300,0.0001,50,least_cost,Ranked + weighted SHARK,Random 50% immutable,α < 1,0.9279072178473525,10,2,1,False,,,,,,,False,8.322599999985414,Positive directional derivative for linesearch
Iris,3,42,10,300,0.0001,50,least_cost,Ranked + weighted SHARK,Random 75% immutable,α = 1,1.0,10,2,1,False,,,,,,,False,6.0789999999997235,Inequality constraints incompatible
Iris,3,42,10,300,0.0001,50,least_cost,Ranked + weighted SHARK,Random 75% immutable,α < 1,0.9279072178473525,10,2,1,False,,,,,,,False,2.2586000000046624,Positive directional derivative for linesearch
Iris,3,42,10,300,0.0001,50,least_cost,Ranked + weighted SHARK,All features mutable,α = 1,1.0,137,1,0,True,,4.0,0.04896093498771167,0.4240162703690916,6.623661085842949,5.623661085842949,True,5.856099999988373,Optimization terminated successfully
Iris,3,42,10,300,0.0001,50,least_cost,Ranked + weighted SHARK,All features mutable,α < 1,0.8609434863422094,137,1,0,True,,4.0,0.0784937196660822,0.5368774047045055,4.821025067625229,3.8210250676252286,True,5.374299999999721,Optimization terminated successfully
Iris,3,42,10,300,0.0001,50,least_cost,Ranked + weighted SHARK,Random 25% immutable,α = 1,1.0,137,1,0,True,,3.0,0.07109964168143144,0.5513784442401459,6.128667642298146,5.128667642298146,True,4.470400000002428,Optimization terminated successfully
Iris,3,42,10,300,0.0001,50,least_cost,Ranked + weighted SHARK,Random 25% immutable,α < 1,0.8609434863422094,137,1,0,True,,3.0,0.11398629016898826,0.6981397515788064,4.840313171457859,3.8403131714578587,True,4.568900000009535,Optimization terminated successfully
Iris,3,42,10,300,0.0001,50,least_cost,Ranked + weighted SHARK,Random 50% immutable,α = 1,1.0,137,1,0,True,,2.0,0.12508977373599986,0.7597794591435676,4.3334945011198815,3.3334945011198815,True,2.1927999999888925,Optimization terminated successfully
Iris,3,42,10,300,0.0001,50,least_cost,Ranked + weighted SHARK,Random 50% immutable,α < 1,0.8609434863422094,137,1,0,True,,2.0,0.20054277230112674,0.9620112419757811,3.422517326498607,2.422517326498607,True,2.1787000000017542,Optimization terminated successfully
Iris,3,42,10,300,0.0001,50,least_cost,Ranked + weighted SHARK,Random 75% immutable,α = 1,1.0,137,1,0,True,,1.0,0.08411271301458881,0.4314333869987081,5.180499603606351,4.180499603606351,True,1.6512999999918065,Optimization terminated successfully
Iris,3,42,10,300,0.0001,50,least_cost,Ranked + weighted SHARK,Random 75% immutable,α < 1,0.8609434863422094,137,1,0,True,,1.0,0.1348487261821974,0.5462687464932716,4.091466891849508,3.0914668918495076,True,1.2838000000101601,Optimization terminated successfully
