dataset,n_clusters,seed,n_init,max_iter,tol,n_factuals,solution_type,cf_mode,mask_scenario,alpha_case,alpha,factual_idx,source_cluster,target_cluster,feasible,rank_step,changed_features,weighted_squared_distance,euclidean_distance,rho,tau,positive_tau,runtime_ms,solver_message
Diabetes,3,42,10,300,0.0001,50,most_parsimonious,Unweighted k-means,All features mutable,α = 1,1.0,102075,0,1,True,8.0,4.0,0.7953204954911764,3.988284080882846,1.0,0.0,False,117.81819999998788,Optimization terminated successfully
Diabetes,3,42,10,300,0.0001,50,most_parsimonious,Unweighted k-means,All features mutable,α < 1,0.999985952854013,102075,0,1,True,8.0,4.0,0.7954231322791251,3.9885414183110224,1.0000000000000007,6.661338147750939e-16,True,81.4089000000422,Optimization terminated successfully
Diabetes,3,42,10,300,0.0001,50,most_parsimonious,Unweighted k-means,Random 25% immutable,α = 1,1.0,102075,0,1,True,11.0,5.0,0.3334719423151374,2.582525671954249,1.2843763954674954,0.2843763954674954,True,80.65309999994952,Optimization terminated successfully
Diabetes,3,42,10,300,0.0001,50,most_parsimonious,Unweighted k-means,Random 25% immutable,α < 1,0.999985952854013,102075,0,1,True,11.0,5.0,0.3334853200083357,2.5825774722487442,1.284350632976876,0.2843506329768759,True,196.85309999999845,Optimization terminated successfully
Diabetes,3,42,10,300,0.0001,50,most_parsimonious,Unweighted k-means,Random 50% immutable,α = 1,1.0,102075,0,1,True,8.0,3.0,0.38307034812756213,2.767924667065786,1.1180805396972953,0.11808053969729526,True,68.51189999997587,Optimization terminated successfully
Diabetes,3,42,10,300,0.0001,50,most_parsimonious,Unweighted k-means,Random 50% immutable,α < 1,0.999985952854013,102075,0,1,True,8.0,3.0,0.3830857155301547,2.7679801860929376,1.1180581118361044,0.11805811183610437,True,109.32760000002872,Optimization terminated successfully
Diabetes,3,42,10,300,0.0001,50,most_parsimonious,Unweighted k-means,Random 75% immutable,α = 1,1.0,102075,0,1,False,,,,,,,False,24.645100000043385,No feasible counterfactual found.
Diabetes,3,42,10,300,0.0001,50,most_parsimonious,Unweighted k-means,Random 75% immutable,α < 1,0.999985952854013,102075,0,1,False,,,,,,,False,59.688600000072256,No feasible counterfactual found.
Diabetes,3,42,10,300,0.0001,50,most_parsimonious,Unweighted k-means,All features mutable,α = 1,1.0,130178,1,2,True,11.0,10.0,0.48560881818422313,3.116436484782654,1.5060074188714843,0.5060074188714843,True,54.52300000001742,Optimization terminated successfully
Diabetes,3,42,10,300,0.0001,50,most_parsimonious,Unweighted k-means,All features mutable,α < 1,0.9954269128149522,130178,1,2,True,11.0,10.0,0.4895767657759558,3.1291429042980954,1.4998920258950752,0.4998920258950752,True,44.22969999995985,Optimization terminated successfully
Diabetes,3,42,10,300,0.0001,50,most_parsimonious,Unweighted k-means,Random 25% immutable,α = 1,1.0,130178,1,2,True,10.0,9.0,0.4868602775925196,3.1204495752776378,1.502136273909957,0.5021362739099571,True,45.33480000009149,Optimization terminated successfully
Diabetes,3,42,10,300,0.0001,50,most_parsimonious,Unweighted k-means,Random 25% immutable,α < 1,0.9954269128149522,130178,1,2,True,10.0,9.0,0.49083845095684886,3.133172357074691,1.4960365993149234,0.4960365993149234,True,39.62090000004537,Optimization terminated successfully
Diabetes,3,42,10,300,0.0001,50,most_parsimonious,Unweighted k-means,Random 50% immutable,α = 1,1.0,130178,1,2,True,7.0,6.0,0.48719130604777205,3.1215102307946134,1.5011156279992994,0.5011156279992994,True,56.374600000026476,Optimization terminated successfully
Diabetes,3,42,10,300,0.0001,50,most_parsimonious,Unweighted k-means,Random 50% immutable,α < 1,0.9954269128149522,130178,1,2,True,7.0,6.0,0.4911721842714706,3.1342373371251595,1.4950200978684334,0.4950200978684334,True,40.769100000034086,Optimization terminated successfully
Diabetes,3,42,10,300,0.0001,50,most_parsimonious,Unweighted k-means,Random 75% immutable,α = 1,1.0,130178,1,2,False,,,,,,,False,42.25270000006276,No feasible counterfactual found.
Diabetes,3,42,10,300,0.0001,50,most_parsimonious,Unweighted k-means,Random 75% immutable,α < 1,0.9954269128149522,130178,1,2,False,,,,,,,False,33.566699999937555,No feasible counterfactual found.
Diabetes,3,42,10,300,0.0001,50,most_parsimonious,Unweighted k-means,All features mutable,α = 1,1.0,114240,0,1,True,6.0,4.0,0.7667082593939303,3.9158862582918066,1.0,0.0,False,31.256099999950493,Optimization terminated successfully
Diabetes,3,42,10,300,0.0001,50,most_parsimonious,Unweighted k-means,All features mutable,α < 1,0.999985952854013,114240,0,1,True,6.0,4.0,0.7667376938465,3.9159614243414094,1.0,0.0,False,17.63960000005227,Optimization terminated successfully
Diabetes,3,42,10,300,0.0001,50,most_parsimonious,Unweighted k-means,Random 25% immutable,α = 1,1.0,114240,0,1,True,4.0,3.0,0.775414717439121,3.938057179470915,1.0,0.0,False,39.069300000051044,Optimization terminated successfully
Diabetes,3,42,10,300,0.0001,50,most_parsimonious,Unweighted k-means,Random 25% immutable,α < 1,0.999985952854013,114240,0,1,True,4.0,3.0,0.7754446074075065,3.9381330790299773,1.0,0.0,False,23.61770000004526,Optimization terminated successfully
Diabetes,3,42,10,300,0.0001,50,most_parsimonious,Unweighted k-means,Random 50% immutable,α = 1,1.0,114240,0,1,True,8.0,2.0,0.5418752167383021,3.2920365026478735,1.0,0.0,False,94.19439999999213,Optimization terminated successfully
Diabetes,3,42,10,300,0.0001,50,most_parsimonious,Unweighted k-means,Random 50% immutable,α < 1,0.999985952854013,114240,0,1,True,8.0,2.0,0.5419025284879988,3.2921194646853227,1.0000000000000002,2.220446049250313e-16,True,43.64050000003772,Optimization terminated successfully
Diabetes,3,42,10,300,0.0001,50,most_parsimonious,Unweighted k-means,Random 75% immutable,α = 1,1.0,114240,0,1,False,,,,,,,False,55.17720000000281,No feasible counterfactual found.
Diabetes,3,42,10,300,0.0001,50,most_parsimonious,Unweighted k-means,Random 75% immutable,α < 1,0.999985952854013,114240,0,1,False,,,,,,,False,55.69040000000314,No feasible counterfactual found.
Diabetes,3,42,10,300,0.0001,50,most_parsimonious,Unweighted k-means,All features mutable,α = 1,1.0,22636,1,2,True,11.0,9.0,0.4484281008685992,2.994755752540094,1.5671078836920795,0.5671078836920795,True,55.21679999992557,Optimization terminated successfully
Diabetes,3,42,10,300,0.0001,50,most_parsimonious,Unweighted k-means,All features mutable,α < 1,0.9954269128149522,22636,1,2,True,11.0,9.0,0.45224165657301313,3.007462906082179,1.5604865419984078,0.5604865419984078,True,58.553599999982,Optimization terminated successfully
Diabetes,3,42,10,300,0.0001,50,most_parsimonious,Unweighted k-means,Random 25% immutable,α = 1,1.0,22636,1,2,True,8.0,7.0,0.45247266510156775,3.0082309256490523,1.553099817181847,0.5530998171818471,True,16.90730000007079,Optimization terminated successfully
Diabetes,3,42,10,300,0.0001,50,most_parsimonious,Unweighted k-means,Random 25% immutable,α < 1,0.9954269128149522,22636,1,2,True,8.0,7.0,0.45632061689082304,3.0209952561724522,1.5465376578599472,0.5465376578599472,True,47.121500000002925,Optimization terminated successfully
Diabetes,3,42,10,300,0.0001,50,most_parsimonious,Unweighted k-means,Random 50% immutable,α = 1,1.0,22636,1,2,True,8.0,6.0,0.4554331126316942,3.0180560386834907,1.5430042203831116,0.5430042203831116,True,38.2364999999254,Optimization terminated successfully
Diabetes,3,42,10,300,0.0001,50,most_parsimonious,Unweighted k-means,Random 50% immutable,α < 1,0.9954269128149522,22636,1,2,True,8.0,6.0,0.4593062408796578,3.030862058489821,1.5364847110489759,0.5364847110489759,True,10.576499999956468,Optimization terminated successfully
Diabetes,3,42,10,300,0.0001,50,most_parsimonious,Unweighted k-means,Random 75% immutable,α = 1,1.0,22636,1,2,False,,,,,,,False,33.37229999999636,No feasible counterfactual found.
Diabetes,3,42,10,300,0.0001,50,most_parsimonious,Unweighted k-means,Random 75% immutable,α < 1,0.9954269128149522,22636,1,2,False,,,,,,,False,16.551299999946423,No feasible counterfactual found.
Diabetes,3,42,10,300,0.0001,50,most_parsimonious,Unweighted k-means,All features mutable,α = 1,1.0,197460,1,0,True,2.0,1.0,0.014793928502854001,0.5439472125648591,3.719912660781165,2.719912660781165,True,4.497899999932997,Optimization terminated successfully
Diabetes,3,42,10,300,0.0001,50,most_parsimonious,Unweighted k-means,All features mutable,α < 1,0.9999667010862864,197460,1,0,True,2.0,1.0,0.01481300708443932,0.544297842811072,3.7175163369497057,2.7175163369497057,True,9.442299999932402,Optimization terminated successfully
Diabetes,3,42,10,300,0.0001,50,most_parsimonious,Unweighted k-means,Random 25% immutable,α = 1,1.0,197460,1,0,True,2.0,1.0,0.014793928502854001,0.5439472125648591,3.719912660781165,2.719912660781165,True,4.826500000035594,Optimization terminated successfully
Diabetes,3,42,10,300,0.0001,50,most_parsimonious,Unweighted k-means,Random 25% immutable,α < 1,0.9999667010862864,197460,1,0,True,2.0,1.0,0.01481300708443932,0.544297842811072,3.7175163369497057,2.7175163369497057,True,9.711700000025303,Optimization terminated successfully
Diabetes,3,42,10,300,0.0001,50,most_parsimonious,Unweighted k-means,Random 50% immutable,α = 1,1.0,197460,1,0,True,2.0,1.0,0.014793928502854001,0.5439472125648591,3.719912660781165,2.719912660781165,True,4.563200000006873,Optimization terminated successfully
Diabetes,3,42,10,300,0.0001,50,most_parsimonious,Unweighted k-means,Random 50% immutable,α < 1,0.9999667010862864,197460,1,0,True,2.0,1.0,0.01481300708443932,0.544297842811072,3.7175163369497057,2.7175163369497057,True,9.513999999967382,Optimization terminated successfully
Diabetes,3,42,10,300,0.0001,50,most_parsimonious,Unweighted k-means,Random 75% immutable,α = 1,1.0,197460,1,0,True,3.0,1.0,0.002532173984295172,0.22504106222177195,8.317709671853365,7.317709671853365,True,57.723499999951855,Optimization terminated successfully
Diabetes,3,42,10,300,0.0001,50,most_parsimonious,Unweighted k-means,Random 75% immutable,α < 1,0.9999667010862864,197460,1,0,True,3.0,1.0,0.002535439532586702,0.22518612446537206,8.31235150145331,7.3123515014533105,True,31.951300000059746,Optimization terminated successfully
Diabetes,3,42,10,300,0.0001,50,most_parsimonious,Unweighted k-means,All features mutable,α = 1,1.0,246242,1,0,True,6.0,4.0,1.1986692568993247,4.896262364088192,1.0,0.0,False,13.376300000004449,Optimization terminated successfully
Diabetes,3,42,10,300,0.0001,50,most_parsimonious,Unweighted k-means,All features mutable,α < 1,0.9999667010862864,246242,1,0,True,6.0,4.0,1.1987477513184195,4.89642267644128,1.0,0.0,False,39.69610000001467,Optimization terminated successfully
Diabetes,3,42,10,300,0.0001,50,most_parsimonious,Unweighted k-means,Random 25% immutable,α = 1,1.0,246242,1,0,True,5.0,3.0,1.427718294272962,5.343628531761844,1.0000000000000002,2.220446049250313e-16,True,22.90979999997944,Optimization terminated successfully
Diabetes,3,42,10,300,0.0001,50,most_parsimonious,Unweighted k-means,Random 25% immutable,α < 1,0.9999667010862864,246242,1,0,True,5.0,3.0,1.4278340006561274,5.3438450588618815,1.0000000000000002,2.220446049250313e-16,True,40.610700000002,Optimization terminated successfully
Diabetes,3,42,10,300,0.0001,50,most_parsimonious,Unweighted k-means,Random 50% immutable,α = 1,1.0,246242,1,0,True,6.0,4.0,0.5724541494172544,3.383649359544379,1.1898442902933042,0.18984429029330419,True,47.48400000005404,Optimization terminated successfully
Diabetes,3,42,10,300,0.0001,50,most_parsimonious,Unweighted k-means,Random 50% immutable,α < 1,0.9999667010862864,246242,1,0,True,6.0,4.0,0.572488381043504,3.3837505258027045,1.189808742173735,0.1898087421737349,True,22.87520000004406,Optimization terminated successfully
Diabetes,3,42,10,300,0.0001,50,most_parsimonious,Unweighted k-means,Random 75% immutable,α = 1,1.0,246242,1,0,True,5.0,4.0,0.7094588910390397,3.7668525084984137,1.0000000000000002,2.220446049250313e-16,True,11.016099999892504,Optimization terminated successfully
Diabetes,3,42,10,300,0.0001,50,most_parsimonious,Unweighted k-means,Random 75% immutable,α < 1,0.9999667010862864,246242,1,0,True,5.0,4.0,0.7095107040790753,3.7669900559440697,1.0,0.0,False,11.319499999899563,Optimization terminated successfully
Diabetes,3,42,10,300,0.0001,50,most_parsimonious,Unweighted k-means,All features mutable,α = 1,1.0,163320,0,2,True,11.0,7.0,0.08064498962552495,1.2699999183112174,3.709064602989331,2.709064602989331,True,47.753299999953924,Optimization terminated successfully
Diabetes,3,42,10,300,0.0001,50,most_parsimonious,Unweighted k-means,All features mutable,α < 1,0.9954269128149522,163320,0,2,True,11.0,7.0,0.08243751372930412,1.2840367107626176,3.668517966296636,2.668517966296636,True,135.645400000044,Optimization terminated successfully
Diabetes,3,42,10,300,0.0001,50,most_parsimonious,Unweighted k-means,Random 25% immutable,α = 1,1.0,163320,0,2,True,8.0,5.0,0.08079970662163183,1.271217578714453,3.7019624073594324,2.7019624073594324,True,44.23989999997957,Optimization terminated successfully
Diabetes,3,42,10,300,0.0001,50,most_parsimonious,Unweighted k-means,Random 25% immutable,α < 1,0.9954269128149522,163320,0,2,True,8.0,5.0,0.0825956696736465,1.2852678294709357,3.661493410225915,2.661493410225915,True,62.260899999955654,Optimization terminated successfully
Diabetes,3,42,10,300,0.0001,50,most_parsimonious,Unweighted k-means,Random 50% immutable,α = 1,1.0,163320,0,2,False,,,,,,,False,143.61440000004677,No feasible counterfactual found.
Diabetes,3,42,10,300,0.0001,50,most_parsimonious,Unweighted k-means,Random 50% immutable,α < 1,0.9954269128149522,163320,0,2,False,,,,,,,False,122.99170000005688,No feasible counterfactual found.
Diabetes,3,42,10,300,0.0001,50,most_parsimonious,Unweighted k-means,Random 75% immutable,α = 1,1.0,163320,0,2,False,,,,,,,False,41.176599999971586,No feasible counterfactual found.
Diabetes,3,42,10,300,0.0001,50,most_parsimonious,Unweighted k-means,Random 75% immutable,α < 1,0.9954269128149522,163320,0,2,False,,,,,,,False,12.950100000011844,No feasible counterfactual found.
Diabetes,3,42,10,300,0.0001,50,most_parsimonious,Unweighted k-means,All features mutable,α = 1,1.0,177703,1,0,True,6.0,3.0,0.6634589412226954,3.642688406171177,1.2766879662575303,0.27668796625753034,True,70.75820000000022,Optimization terminated successfully
Diabetes,3,42,10,300,0.0001,50,most_parsimonious,Unweighted k-means,All features mutable,α < 1,0.9999667010862864,177703,1,0,True,6.0,3.0,0.6635230523822259,3.6428644014901947,1.2766262863045443,0.27662628630454433,True,38.584099999980026,Optimization terminated successfully
Diabetes,3,42,10,300,0.0001,50,most_parsimonious,Unweighted k-means,Random 25% immutable,α = 1,1.0,177703,1,0,True,6.0,3.0,0.5442428696001815,3.2992207249597034,1.087571327654898,0.08757132765489795,True,54.862200000002304,Optimization terminated successfully
Diabetes,3,42,10,300,0.0001,50,most_parsimonious,Unweighted k-means,Random 25% immutable,α < 1,0.9999667010862864,177703,1,0,True,6.0,3.0,0.544295460709092,3.299380125748144,1.0875187791240137,0.08751877912401373,True,30.423700000028475,Optimization terminated successfully
Diabetes,3,42,10,300,0.0001,50,most_parsimonious,Unweighted k-means,Random 50% immutable,α = 1,1.0,177703,1,0,True,4.0,3.0,1.6407624125165134,5.7284595006275705,1.035862040557393,0.03586204055739306,True,13.344400000050882,Optimization terminated successfully
Diabetes,3,42,10,300,0.0001,50,most_parsimonious,Unweighted k-means,Random 50% immutable,α < 1,0.9999667010862864,177703,1,0,True,4.0,3.0,1.6409209621632876,5.728736269306325,1.0358119953579357,0.035811995357935666,True,11.279899999976806,Optimization terminated successfully
Diabetes,3,42,10,300,0.0001,50,most_parsimonious,Unweighted k-means,Random 75% immutable,α = 1,1.0,177703,1,0,True,2.0,2.0,0.9305435656283135,4.3140319090806765,1.0000000000000002,2.220446049250313e-16,True,8.825499999943531,Optimization terminated successfully
Diabetes,3,42,10,300,0.0001,50,most_parsimonious,Unweighted k-means,Random 75% immutable,α < 1,0.9999667010862864,177703,1,0,True,2.0,2.0,0.9306612104175342,4.314304603102415,1.0,0.0,False,6.1822999999776584,Optimization terminated successfully
Diabetes,3,42,10,300,0.0001,50,most_parsimonious,Unweighted k-means,All features mutable,α = 1,1.0,70205,0,1,True,10.0,5.0,1.474006136039018,5.429560085382642,1.0000000000000002,2.220446049250313e-16,True,110.92550000000756,Optimization terminated successfully
Diabetes,3,42,10,300,0.0001,50,most_parsimonious,Unweighted k-means,All features mutable,α < 1,0.999985952854013,70205,0,1,True,10.0,5.0,1.474212706967742,5.429940528160031,1.0,0.0,False,58.566099999893595,Optimization terminated successfully
Diabetes,3,42,10,300,0.0001,50,most_parsimonious,Unweighted k-means,Random 25% immutable,α = 1,1.0,70205,0,1,True,9.0,5.0,1.474006136039134,5.429560085382856,1.0,0.0,False,95.27330000003076,Optimization terminated successfully
Diabetes,3,42,10,300,0.0001,50,most_parsimonious,Unweighted k-means,Random 25% immutable,α < 1,0.999985952854013,70205,0,1,True,9.0,5.0,1.4742127069677395,5.429940528160027,1.0000000000000002,2.220446049250313e-16,True,94.35100000007424,Optimization terminated successfully
Diabetes,3,42,10,300,0.0001,50,most_parsimonious,Unweighted k-means,Random 50% immutable,α = 1,1.0,70205,0,1,True,10.0,5.0,0.5521942282282812,3.323234052029081,1.0,0.0,False,56.90160000006017,Optimization terminated successfully
Diabetes,3,42,10,300,0.0001,50,most_parsimonious,Unweighted k-means,Random 50% immutable,α < 1,0.999985952854013,70205,0,1,True,10.0,5.0,0.5522137160013846,3.3232926925005706,1.0000000000000002,2.220446049250313e-16,True,96.02449999999862,Optimization terminated successfully
Diabetes,3,42,10,300,0.0001,50,most_parsimonious,Unweighted k-means,Random 75% immutable,α = 1,1.0,70205,0,1,False,,,,,,,False,40.66520000003493,No feasible counterfactual found.
Diabetes,3,42,10,300,0.0001,50,most_parsimonious,Unweighted k-means,Random 75% immutable,α < 1,0.999985952854013,70205,0,1,False,,,,,,,False,43.94990000002963,No feasible counterfactual found.
Diabetes,3,42,10,300,0.0001,50,most_parsimonious,Unweighted k-means,All features mutable,α = 1,1.0,113060,1,0,True,5.0,2.0,1.390266422187501,5.273075804855266,1.0,0.0,False,25.56620000007115,Optimization terminated successfully
Diabetes,3,42,10,300,0.0001,50,most_parsimonious,Unweighted k-means,All features mutable,α < 1,0.9999667010862864,113060,1,0,True,5.0,2.0,1.3904242448407762,5.273375095402898,1.0000000000000009,8.881784197001252e-16,True,11.540000000081818,Optimization terminated successfully
Diabetes,3,42,10,300,0.0001,50,most_parsimonious,Unweighted k-means,Random 25% immutable,α = 1,1.0,113060,1,0,True,5.0,3.0,0.733693390233989,3.8306484835703447,1.0,0.0,False,15.83549999998013,Optimization terminated successfully
Diabetes,3,42,10,300,0.0001,50,most_parsimonious,Unweighted k-means,Random 25% immutable,α < 1,0.9999667010862864,113060,1,0,True,5.0,3.0,0.7337638529147423,3.83083242367698,1.0000000000000002,2.220446049250313e-16,True,34.326699999951416,Optimization terminated successfully
Diabetes,3,42,10,300,0.0001,50,most_parsimonious,Unweighted k-means,Random 50% immutable,α = 1,1.0,113060,1,0,True,5.0,4.0,0.7608817606121663,3.9009787505500877,1.0000000000000002,2.220446049250313e-16,True,47.08000000005086,Optimization terminated successfully
Diabetes,3,42,10,300,0.0001,50,most_parsimonious,Unweighted k-means,Random 50% immutable,α < 1,0.9999667010862864,113060,1,0,True,5.0,4.0,0.7609847788148643,3.901242824574918,1.0,0.0,False,38.102099999946404,Optimization terminated successfully
Diabetes,3,42,10,300,0.0001,50,most_parsimonious,Unweighted k-means,Random 75% immutable,α = 1,1.0,113060,1,0,True,4.0,4.0,0.611339583267334,3.4966829517911227,1.0823214496015832,0.08232144960158316,True,29.661400000009053,Optimization terminated successfully
Diabetes,3,42,10,300,0.0001,50,most_parsimonious,Unweighted k-means,Random 75% immutable,α < 1,0.9999667010862864,113060,1,0,True,4.0,4.0,0.6113924293396541,3.496834080535289,1.082274672022151,0.082274672022151,True,37.590199999954166,Optimization terminated successfully
Diabetes,3,42,10,300,0.0001,50,most_parsimonious,Unweighted k-means,All features mutable,α = 1,1.0,89934,0,2,True,11.0,8.0,0.5540609358572147,3.3288464544259617,1.448783043947886,0.44878304394788593,True,90.70310000004156,Optimization terminated successfully
Diabetes,3,42,10,300,0.0001,50,most_parsimonious,Unweighted k-means,All features mutable,α < 1,0.9954269128149522,89934,0,2,True,11.0,8.0,0.5586341972567902,3.342556498420902,1.4428406253005661,0.4428406253005661,True,108.29389999992145,Optimization terminated successfully
Diabetes,3,42,10,300,0.0001,50,most_parsimonious,Unweighted k-means,Random 25% immutable,α = 1,1.0,89934,0,2,True,9.0,6.0,0.565277691076966,3.362373242449345,1.4200349741754492,0.4200349741754492,True,88.16039999999248,Optimization terminated successfully
Diabetes,3,42,10,300,0.0001,50,most_parsimonious,Unweighted k-means,Random 25% immutable,α < 1,0.9954269128149522,89934,0,2,True,9.0,6.0,0.5699435364332074,3.3762213684330815,1.414210469457443,0.4142104694574431,True,63.85420000003705,Optimization terminated successfully
Diabetes,3,42,10,300,0.0001,50,most_parsimonious,Unweighted k-means,Random 50% immutable,α = 1,1.0,89934,0,2,False,,,,,,,False,118.2807000000139,No feasible counterfactual found.
Diabetes,3,42,10,300,0.0001,50,most_parsimonious,Unweighted k-means,Random 50% immutable,α < 1,0.9954269128149522,89934,0,2,False,,,,,,,False,111.6116000000602,No feasible counterfactual found.
Diabetes,3,42,10,300,0.0001,50,most_parsimonious,Unweighted k-means,Random 75% immutable,α = 1,1.0,89934,0,2,False,,,,,,,False,64.15860000004159,No feasible counterfactual found.
Diabetes,3,42,10,300,0.0001,50,most_parsimonious,Unweighted k-means,Random 75% immutable,α < 1,0.9954269128149522,89934,0,2,False,,,,,,,False,35.906299999965086,No feasible counterfactual found.
Diabetes,3,42,10,300,0.0001,50,most_parsimonious,Unweighted k-means,All features mutable,α = 1,1.0,171973,1,0,True,7.0,6.0,1.9386508292362676,6.226798261123076,1.0,0.0,False,28.860100000088096,Optimization terminated successfully
Diabetes,3,42,10,300,0.0001,50,most_parsimonious,Unweighted k-means,All features mutable,α < 1,0.9999667010862864,171973,1,0,True,7.0,6.0,1.9387501419760982,6.226957751544647,1.0,0.0,False,41.76749999999174,Optimization terminated successfully
Diabetes,3,42,10,300,0.0001,50,most_parsimonious,Unweighted k-means,Random 25% immutable,α = 1,1.0,171973,1,0,True,7.0,6.0,1.9386508292362676,6.226798261123076,1.0,0.0,False,29.619600000046375,Optimization terminated successfully
Diabetes,3,42,10,300,0.0001,50,most_parsimonious,Unweighted k-means,Random 25% immutable,α < 1,0.9999667010862864,171973,1,0,True,7.0,6.0,1.9387501419760982,6.226957751544647,1.0,0.0,False,45.4811999999265,Optimization terminated successfully
Diabetes,3,42,10,300,0.0001,50,most_parsimonious,Unweighted k-means,Random 50% immutable,α = 1,1.0,171973,1,0,True,7.0,7.0,1.2318177991210086,4.963502390693508,1.0583197598131173,0.05831975981311732,True,42.76440000001003,Optimization terminated successfully
Diabetes,3,42,10,300,0.0001,50,most_parsimonious,Unweighted k-means,Random 50% immutable,α < 1,0.9999667010862864,171973,1,0,True,7.0,7.0,1.2318653908180424,4.96359827306369,1.0582993124588844,0.05829931245888442,True,79.85760000008213,Optimization terminated successfully
Diabetes,3,42,10,300,0.0001,50,most_parsimonious,Unweighted k-means,Random 75% immutable,α = 1,1.0,171973,1,0,True,5.0,5.0,1.6786153870066802,5.7941615217504605,1.0000000000000002,2.220446049250313e-16,True,9.999399999969683,Optimization terminated successfully
Diabetes,3,42,10,300,0.0001,50,most_parsimonious,Unweighted k-means,Random 75% immutable,α < 1,0.9999667010862864,171973,1,0,True,5.0,5.0,1.6786827008457221,5.794277695874995,1.0,0.0,False,18.340800000032687,Optimization terminated successfully
Diabetes,3,42,10,300,0.0001,50,most_parsimonious,Unweighted k-means,All features mutable,α = 1,1.0,109827,1,0,True,7.0,6.0,2.479558920637594,7.042100426204661,1.0,0.0,False,45.91100000004644,Optimization terminated successfully
Diabetes,3,42,10,300,0.0001,50,most_parsimonious,Unweighted k-means,All features mutable,α < 1,0.9999667010862864,109827,1,0,True,7.0,6.0,2.4797045959102233,7.042307286550655,1.0000000000000002,2.220446049250313e-16,True,56.113200000027064,Optimization terminated successfully
Diabetes,3,42,10,300,0.0001,50,most_parsimonious,Unweighted k-means,Random 25% immutable,α = 1,1.0,109827,1,0,True,9.0,7.0,1.8110011344520203,6.018307294334546,1.0,0.0,False,92.29060000006939,Optimization terminated successfully
Diabetes,3,42,10,300,0.0001,50,most_parsimonious,Unweighted k-means,Random 25% immutable,α < 1,0.9999667010862864,109827,1,0,True,9.0,7.0,1.8110850544796697,6.018446733966614,1.0,0.0,False,34.84249999996791,Optimization terminated successfully
Diabetes,3,42,10,300,0.0001,50,most_parsimonious,Unweighted k-means,Random 50% immutable,α = 1,1.0,109827,1,0,True,10.0,8.0,2.30745547553909,6.79331358843251,1.0,0.0,False,89.24269999999979,Optimization terminated successfully
Diabetes,3,42,10,300,0.0001,50,most_parsimonious,Unweighted k-means,Random 50% immutable,α < 1,0.9999667010862864,109827,1,0,True,10.0,8.0,2.3075570035854334,6.793463039695489,1.0000000000000007,6.661338147750939e-16,True,90.46200000000226,Optimization terminated successfully
Diabetes,3,42,10,300,0.0001,50,most_parsimonious,Unweighted k-means,Random 75% immutable,α = 1,1.0,109827,1,0,False,,,,,,,False,56.443699999931596,No feasible counterfactual found.
Diabetes,3,42,10,300,0.0001,50,most_parsimonious,Unweighted k-means,Random 75% immutable,α < 1,0.9999667010862864,109827,1,0,False,,,,,,,False,37.58510000000115,No feasible counterfactual found.
Diabetes,3,42,10,300,0.0001,50,most_parsimonious,Unweighted k-means,All features mutable,α = 1,1.0,17229,1,0,True,5.0,4.0,1.7112216280429537,5.850165173809973,1.0,0.0,False,27.757800000017596,Optimization terminated successfully
Diabetes,3,42,10,300,0.0001,50,most_parsimonious,Unweighted k-means,All features mutable,α < 1,0.9999667010862864,17229,1,0,True,5.0,4.0,1.7113735958506544,5.850424934738766,1.0,0.0,False,38.84820000007494,Optimization terminated successfully
Diabetes,3,42,10,300,0.0001,50,most_parsimonious,Unweighted k-means,Random 25% immutable,α = 1,1.0,17229,1,0,True,5.0,4.0,0.9946050715326966,4.460056213844611,1.0,0.0,False,31.946299999958683,Optimization terminated successfully
Diabetes,3,42,10,300,0.0001,50,most_parsimonious,Unweighted k-means,Random 25% immutable,α < 1,0.9999667010862864,17229,1,0,True,5.0,4.0,0.9946726079043096,4.46020763620778,1.0,0.0,False,34.3176000000085,Optimization terminated successfully
Diabetes,3,42,10,300,0.0001,50,most_parsimonious,Unweighted k-means,Random 50% immutable,α = 1,1.0,17229,1,0,True,3.0,3.0,1.661192314085008,5.764013036218791,1.0000000000000004,4.440892098500626e-16,True,12.350599999990663,Optimization terminated successfully
Diabetes,3,42,10,300,0.0001,50,most_parsimonious,Unweighted k-means,Random 50% immutable,α < 1,0.9999667010862864,17229,1,0,True,3.0,3.0,1.6613275102031797,5.7642475835154405,1.0000000000000002,2.220446049250313e-16,True,10.613400000011097,Optimization terminated successfully
Diabetes,3,42,10,300,0.0001,50,most_parsimonious,Unweighted k-means,Random 75% immutable,α = 1,1.0,17229,1,0,True,5.0,3.0,0.7370705306246966,3.839454468084487,1.0,0.0,False,42.32590000003711,Optimization terminated successfully
Diabetes,3,42,10,300,0.0001,50,most_parsimonious,Unweighted k-means,Random 75% immutable,α < 1,0.9999667010862864,17229,1,0,True,5.0,3.0,0.737120910621042,3.839585682390854,1.0,0.0,False,39.212600000041675,Optimization terminated successfully
Diabetes,3,42,10,300,0.0001,50,most_parsimonious,Unweighted k-means,All features mutable,α = 1,1.0,199382,0,1,True,13.0,5.0,1.4089908906474236,5.308466615977581,1.0,0.0,False,344.1030999999839,Optimization terminated successfully
Diabetes,3,42,10,300,0.0001,50,most_parsimonious,Unweighted k-means,All features mutable,α < 1,0.999985952854013,199382,0,1,True,13.0,5.0,1.4090236969823287,5.308528415638987,1.0000000000000002,2.220446049250313e-16,True,100.4493000000366,Optimization terminated successfully
Diabetes,3,42,10,300,0.0001,50,most_parsimonious,Unweighted k-means,Random 25% immutable,α = 1,1.0,199382,0,1,True,10.0,5.0,1.4089908906474244,5.308466615977582,1.0,0.0,False,118.72420000008788,Optimization terminated successfully
Diabetes,3,42,10,300,0.0001,50,most_parsimonious,Unweighted k-means,Random 25% immutable,α < 1,0.999985952854013,199382,0,1,True,10.0,5.0,1.409023696982327,5.308528415638984,1.0,0.0,False,91.35779999996885,Optimization terminated successfully
Diabetes,3,42,10,300,0.0001,50,most_parsimonious,Unweighted k-means,Random 50% immutable,α = 1,1.0,199382,0,1,True,8.0,4.0,0.9634407450950906,4.3896258270952675,1.0000000000000002,2.220446049250313e-16,True,63.73140000005151,Optimization terminated successfully
Diabetes,3,42,10,300,0.0001,50,most_parsimonious,Unweighted k-means,Random 50% immutable,α < 1,0.999985952854013,199382,0,1,True,8.0,4.0,0.9634619043639248,4.389674029729143,1.0000000000000002,2.220446049250313e-16,True,26.28499999991618,Optimization terminated successfully
Diabetes,3,42,10,300,0.0001,50,most_parsimonious,Unweighted k-means,Random 75% immutable,α = 1,1.0,199382,0,1,False,,,,,,,False,43.1540000000723,No feasible counterfactual found.
Diabetes,3,42,10,300,0.0001,50,most_parsimonious,Unweighted k-means,Random 75% immutable,α < 1,0.999985952854013,199382,0,1,False,,,,,,,False,22.68000000003667,No feasible counterfactual found.
Diabetes,3,42,10,300,0.0001,50,most_parsimonious,Unweighted k-means,All features mutable,α = 1,1.0,133536,1,0,True,5.0,3.0,1.6165559495034274,5.686045989091941,1.0000000000000002,2.220446049250313e-16,True,20.321599999988393,Optimization terminated successfully
Diabetes,3,42,10,300,0.0001,50,most_parsimonious,Unweighted k-means,All features mutable,α < 1,0.9999667010862864,133536,1,0,True,5.0,3.0,1.6167152009555434,5.686326056348763,1.0,0.0,False,7.724499999994805,Optimization terminated successfully
Diabetes,3,42,10,300,0.0001,50,most_parsimonious,Unweighted k-means,Random 25% immutable,α = 1,1.0,133536,1,0,True,5.0,4.0,0.7232146524726275,3.803195110621141,1.0113559370875822,0.011355937087582202,True,49.48139999999057,Optimization terminated successfully
Diabetes,3,42,10,300,0.0001,50,most_parsimonious,Unweighted k-means,Random 25% immutable,α < 1,0.9999667010862864,133536,1,0,True,5.0,4.0,0.7232644545394407,3.8033260563339573,1.011321109980051,0.01132110998005098,True,14.234500000043226,Optimization terminated successfully
Diabetes,3,42,10,300,0.0001,50,most_parsimonious,Unweighted k-means,Random 50% immutable,α = 1,1.0,133536,1,0,True,8.0,5.0,0.4726074633963122,3.074434788367814,1.2515204102497188,0.25152041024971883,True,61.13269999991644,Optimization terminated successfully
Diabetes,3,42,10,300,0.0001,50,most_parsimonious,Unweighted k-means,Random 50% immutable,α < 1,0.9999667010862864,133536,1,0,True,8.0,5.0,0.4726400081302816,3.0745406425359922,1.2514772469278155,0.2514772469278155,True,51.08739999991485,Optimization terminated successfully
Diabetes,3,42,10,300,0.0001,50,most_parsimonious,Unweighted k-means,Random 75% immutable,α = 1,1.0,133536,1,0,True,4.0,3.0,0.40341569802869315,2.840477769772871,1.4661746796563857,0.4661746796563857,True,19.726200000036442,Optimization terminated successfully
Diabetes,3,42,10,300,0.0001,50,most_parsimonious,Unweighted k-means,Random 75% immutable,α < 1,0.9999667010862864,133536,1,0,True,4.0,3.0,0.4034434780736319,2.840575568696006,1.466124145088432,0.4661241450884319,True,26.77199999993718,Optimization terminated successfully
Diabetes,3,42,10,300,0.0001,50,most_parsimonious,Unweighted k-means,All features mutable,α = 1,1.0,126914,0,1,True,15.0,9.0,2.4120656065811517,6.945596600121766,1.0,0.0,False,235.26520000007167,Optimization terminated successfully
Diabetes,3,42,10,300,0.0001,50,most_parsimonious,Unweighted k-means,All features mutable,α < 1,0.999985952854013,126914,0,1,True,15.0,9.0,2.4121636606355743,6.94573777310312,1.0,0.0,False,166.75560000010137,Optimization terminated successfully
Diabetes,3,42,10,300,0.0001,50,most_parsimonious,Unweighted k-means,Random 25% immutable,α = 1,1.0,126914,0,1,True,12.0,9.0,3.046510835869781,7.805780980619147,1.0,0.0,False,199.51629999991383,Optimization terminated successfully
Diabetes,3,42,10,300,0.0001,50,most_parsimonious,Unweighted k-means,Random 25% immutable,α < 1,0.999985952854013,126914,0,1,True,12.0,9.0,3.0468030899247114,7.806155378833695,1.0,0.0,False,155.44310000007044,Optimization terminated successfully
Diabetes,3,42,10,300,0.0001,50,most_parsimonious,Unweighted k-means,Random 50% immutable,α = 1,1.0,126914,0,1,True,10.0,7.0,1.9613439578301084,6.263136527060716,1.0,0.0,False,89.76489999997739,Optimization terminated successfully
Diabetes,3,42,10,300,0.0001,50,most_parsimonious,Unweighted k-means,Random 50% immutable,α < 1,0.999985952854013,126914,0,1,True,10.0,7.0,1.9613683657603274,6.263175497717316,1.0,0.0,False,55.254999999988286,Optimization terminated successfully
Diabetes,3,42,10,300,0.0001,50,most_parsimonious,Unweighted k-means,Random 75% immutable,α = 1,1.0,126914,0,1,False,,,,,,,False,17.312000000060834,No feasible counterfactual found.
Diabetes,3,42,10,300,0.0001,50,most_parsimonious,Unweighted k-means,Random 75% immutable,α < 1,0.999985952854013,126914,0,1,False,,,,,,,False,72.67960000001494,No feasible counterfactual found.
Diabetes,3,42,10,300,0.0001,50,most_parsimonious,Unweighted k-means,All features mutable,α = 1,1.0,192305,0,2,True,11.0,6.0,0.6019202916583396,3.4696405913533455,1.385634952267057,0.385634952267057,True,87.19550000000709,Optimization terminated successfully
Diabetes,3,42,10,300,0.0001,50,most_parsimonious,Unweighted k-means,All features mutable,α < 1,0.9954269128149522,192305,0,2,True,11.0,6.0,0.6067016030294607,3.4833937561793404,1.380164175853919,0.38016417585391893,True,160.83130000004076,Optimization terminated successfully
Diabetes,3,42,10,300,0.0001,50,most_parsimonious,Unweighted k-means,Random 25% immutable,α = 1,1.0,192305,0,2,False,,,,,,,False,189.95559999996203,No feasible counterfactual found.
Diabetes,3,42,10,300,0.0001,50,most_parsimonious,Unweighted k-means,Random 25% immutable,α < 1,0.9954269128149522,192305,0,2,False,,,,,,,False,133.96590000002107,No feasible counterfactual found.
Diabetes,3,42,10,300,0.0001,50,most_parsimonious,Unweighted k-means,Random 50% immutable,α = 1,1.0,192305,0,2,False,,,,,,,False,100.24989999999434,No feasible counterfactual found.
Diabetes,3,42,10,300,0.0001,50,most_parsimonious,Unweighted k-means,Random 50% immutable,α < 1,0.9954269128149522,192305,0,2,False,,,,,,,False,184.73630000005414,No feasible counterfactual found.
Diabetes,3,42,10,300,0.0001,50,most_parsimonious,Unweighted k-means,Random 75% immutable,α = 1,1.0,192305,0,2,False,,,,,,,False,23.62110000001394,No feasible counterfactual found.
Diabetes,3,42,10,300,0.0001,50,most_parsimonious,Unweighted k-means,Random 75% immutable,α < 1,0.9954269128149522,192305,0,2,False,,,,,,,False,14.232900000024529,No feasible counterfactual found.
Diabetes,3,42,10,300,0.0001,50,most_parsimonious,Unweighted k-means,All features mutable,α = 1,1.0,51100,1,2,True,11.0,10.0,0.4376611179083168,2.958584519354878,1.5878628081919794,0.5878628081919794,True,74.80400000008558,Optimization terminated successfully
Diabetes,3,42,10,300,0.0001,50,most_parsimonious,Unweighted k-means,All features mutable,α < 1,0.9954269128149522,51100,1,2,True,11.0,10.0,0.4414249160130311,2.9712789031426556,1.5810788894882801,0.5810788894882801,True,49.35299999999643,Optimization terminated successfully
Diabetes,3,42,10,300,0.0001,50,most_parsimonious,Unweighted k-means,Random 25% immutable,α = 1,1.0,51100,1,2,True,8.0,7.0,0.439098254247675,2.9634380514789744,1.5826658506409341,0.5826658506409341,True,39.418699999941964,Optimization terminated successfully
Diabetes,3,42,10,300,0.0001,50,most_parsimonious,Unweighted k-means,Random 25% immutable,α < 1,0.9954269128149522,51100,1,2,True,8.0,7.0,0.4428744114375563,2.976153260292743,1.5759041348823486,0.5759041348823486,True,39.77029999998649,Optimization terminated successfully
Diabetes,3,42,10,300,0.0001,50,most_parsimonious,Unweighted k-means,Random 50% immutable,α = 1,1.0,51100,1,2,True,10.0,7.0,3.430752520535882,8.283420212129627,1.0000000000000004,4.440892098500626e-16,True,30.197600000064995,Optimization terminated successfully
Diabetes,3,42,10,300,0.0001,50,most_parsimonious,Unweighted k-means,Random 50% immutable,α < 1,0.9954269128149522,51100,1,2,True,10.0,7.0,3.4845025111390124,8.348056673428868,1.0000000000000004,4.440892098500626e-16,True,53.43440000001465,Optimization terminated successfully
Diabetes,3,42,10,300,0.0001,50,most_parsimonious,Unweighted k-means,Random 75% immutable,α = 1,1.0,51100,1,2,False,,,,,,,False,11.451999999962936,No feasible counterfactual found.
Diabetes,3,42,10,300,0.0001,50,most_parsimonious,Unweighted k-means,Random 75% immutable,α < 1,0.9954269128149522,51100,1,2,False,,,,,,,False,15.05629999996927,No feasible counterfactual found.
Diabetes,3,42,10,300,0.0001,50,most_parsimonious,Unweighted k-means,All features mutable,α = 1,1.0,213001,1,0,True,7.0,6.0,1.954987159323978,6.252978745084582,1.0000000000000002,2.220446049250313e-16,True,64.39260000001923,Optimization terminated successfully
Diabetes,3,42,10,300,0.0001,50,most_parsimonious,Unweighted k-means,All features mutable,α < 1,0.9999667010862864,213001,1,0,True,7.0,6.0,1.955088184381185,6.25314030608811,1.0,0.0,False,49.44890000001578,Optimization terminated successfully
Diabetes,3,42,10,300,0.0001,50,most_parsimonious,Unweighted k-means,Random 25% immutable,α = 1,1.0,213001,1,0,True,7.0,6.0,1.954987159323978,6.252978745084582,1.0000000000000002,2.220446049250313e-16,True,76.31999999989603,Optimization terminated successfully
Diabetes,3,42,10,300,0.0001,50,most_parsimonious,Unweighted k-means,Random 25% immutable,α < 1,0.9999667010862864,213001,1,0,True,7.0,6.0,1.955088184381185,6.25314030608811,1.0,0.0,False,49.75579999995716,Optimization terminated successfully
Diabetes,3,42,10,300,0.0001,50,most_parsimonious,Unweighted k-means,Random 50% immutable,α = 1,1.0,213001,1,0,True,9.0,7.0,2.5401675391628764,7.12764693172,1.0,0.0,False,98.18549999999959,Optimization terminated successfully
Diabetes,3,42,10,300,0.0001,50,most_parsimonious,Unweighted k-means,Random 50% immutable,α < 1,0.9999667010862864,213001,1,0,True,9.0,7.0,2.540304845763546,7.127839568569914,1.0000000000000002,2.220446049250313e-16,True,39.39939999997932,Optimization terminated successfully
Diabetes,3,42,10,300,0.0001,50,most_parsimonious,Unweighted k-means,Random 75% immutable,α = 1,1.0,213001,1,0,False,,,,,,,False,59.07090000005155,No feasible counterfactual found.
Diabetes,3,42,10,300,0.0001,50,most_parsimonious,Unweighted k-means,Random 75% immutable,α < 1,0.9999667010862864,213001,1,0,False,,,,,,,False,91.19079999993573,No feasible counterfactual found.
Diabetes,3,42,10,300,0.0001,50,most_parsimonious,Unweighted k-means,All features mutable,α = 1,1.0,140678,0,2,True,11.0,8.0,0.3449085840448289,2.6264370696623547,1.8181201064627694,0.8181201064627694,True,107.76099999998223,Optimization terminated successfully
Diabetes,3,42,10,300,0.0001,50,most_parsimonious,Unweighted k-means,All features mutable,α < 1,0.9954269128149522,140678,0,2,True,11.0,8.0,0.34855492019163936,2.6402837733533087,1.8085851586326378,0.8085851586326378,True,176.76879999999073,Optimization terminated successfully
Diabetes,3,42,10,300,0.0001,50,most_parsimonious,Unweighted k-means,Random 25% immutable,α = 1,1.0,140678,0,2,True,9.0,7.0,0.34528683801733934,2.6278768541061406,1.816128397244601,0.816128397244601,True,134.78250000002845,Optimization terminated successfully
Diabetes,3,42,10,300,0.0001,50,most_parsimonious,Unweighted k-means,Random 25% immutable,α < 1,0.9954269128149522,140678,0,2,True,9.0,7.0,0.3489371730241271,2.6417311484105532,1.8066038931372776,0.8066038931372776,True,131.86039999993682,Optimization terminated successfully
Diabetes,3,42,10,300,0.0001,50,most_parsimonious,Unweighted k-means,Random 50% immutable,α = 1,1.0,140678,0,2,False,,,,,,,False,132.5335000000223,No feasible counterfactual found.
Diabetes,3,42,10,300,0.0001,50,most_parsimonious,Unweighted k-means,Random 50% immutable,α < 1,0.9954269128149522,140678,0,2,False,,,,,,,False,58.452699999975266,No feasible counterfactual found.
Diabetes,3,42,10,300,0.0001,50,most_parsimonious,Unweighted k-means,Random 75% immutable,α = 1,1.0,140678,0,2,False,,,,,,,False,14.868100000057893,No feasible counterfactual found.
Diabetes,3,42,10,300,0.0001,50,most_parsimonious,Unweighted k-means,Random 75% immutable,α < 1,0.9954269128149522,140678,0,2,False,,,,,,,False,12.78940000008788,No feasible counterfactual found.
Diabetes,3,42,10,300,0.0001,50,most_parsimonious,Unweighted k-means,All features mutable,α = 1,1.0,208700,1,2,True,11.0,10.0,0.5005281028516203,3.163947227283098,1.4848582273980135,0.48485822739801354,True,175.60649999995803,Optimization terminated successfully
Diabetes,3,42,10,300,0.0001,50,most_parsimonious,Unweighted k-means,All features mutable,α < 1,0.9954269128149522,208700,1,2,True,11.0,10.0,0.5045524359862374,3.1766411065345026,1.478924728413144,0.47892472841314393,True,39.237500000012915,Optimization terminated successfully
Diabetes,3,42,10,300,0.0001,50,most_parsimonious,Unweighted k-means,Random 25% immutable,α = 1,1.0,208700,1,2,False,,,,,,,False,139.62199999991753,No feasible counterfactual found.
Diabetes,3,42,10,300,0.0001,50,most_parsimonious,Unweighted k-means,Random 25% immutable,α < 1,0.9954269128149522,208700,1,2,False,,,,,,,False,412.90459999993345,No feasible counterfactual found.
Diabetes,3,42,10,300,0.0001,50,most_parsimonious,Unweighted k-means,Random 50% immutable,α = 1,1.0,208700,1,2,False,,,,,,,False,88.1410000000642,No feasible counterfactual found.
Diabetes,3,42,10,300,0.0001,50,most_parsimonious,Unweighted k-means,Random 50% immutable,α < 1,0.9954269128149522,208700,1,2,False,,,,,,,False,59.1013999999177,No feasible counterfactual found.
Diabetes,3,42,10,300,0.0001,50,most_parsimonious,Unweighted k-means,Random 75% immutable,α = 1,1.0,208700,1,2,False,,,,,,,False,70.37689999992836,No feasible counterfactual found.
Diabetes,3,42,10,300,0.0001,50,most_parsimonious,Unweighted k-means,Random 75% immutable,α < 1,0.9954269128149522,208700,1,2,False,,,,,,,False,18.678399999998874,No feasible counterfactual found.
Diabetes,3,42,10,300,0.0001,50,most_parsimonious,Unweighted k-means,All features mutable,α = 1,1.0,41913,1,2,True,11.0,9.0,0.40666731693994407,2.851902231633981,1.6453220254929477,0.6453220254929477,True,93.68439999991551,Optimization terminated successfully
Diabetes,3,42,10,300,0.0001,50,most_parsimonious,Unweighted k-means,All features mutable,α < 1,0.9954269128149522,41913,1,2,True,11.0,9.0,0.4102999731366636,2.8646115727500074,1.63802228680599,0.6380222868059899,True,35.35620000002382,Optimization terminated successfully
Diabetes,3,42,10,300,0.0001,50,most_parsimonious,Unweighted k-means,Random 25% immutable,α = 1,1.0,41913,1,2,True,15.0,10.0,3.3841684323020087,8.226990254402892,1.0,0.0,False,211.34949999998298,Optimization terminated successfully
Diabetes,3,42,10,300,0.0001,50,most_parsimonious,Unweighted k-means,Random 25% immutable,α < 1,0.9954269128149522,41913,1,2,True,15.0,9.0,3.4304932019423564,8.283107148820854,1.0,0.0,False,82.21089999995002,Optimization terminated successfully
Diabetes,3,42,10,300,0.0001,50,most_parsimonious,Unweighted k-means,Random 50% immutable,α = 1,1.0,41913,1,2,True,7.0,5.0,0.41455959409840626,2.8794429811976006,1.6139988188248127,0.6139988188248127,True,31.629800000018804,Optimization terminated successfully
Diabetes,3,42,10,300,0.0001,50,most_parsimonious,Unweighted k-means,Random 50% immutable,α < 1,0.9954269128149522,41913,1,2,True,7.0,5.0,0.4182627500090978,2.8922750561075543,1.6068380462939944,0.6068380462939944,True,54.82110000002649,Optimization terminated successfully
Diabetes,3,42,10,300,0.0001,50,most_parsimonious,Unweighted k-means,Random 75% immutable,α = 1,1.0,41913,1,2,True,3.0,3.0,0.41629723624549125,2.8854713176376965,1.607261924066899,0.607261924066899,True,14.398400000004585,Optimization terminated successfully
Diabetes,3,42,10,300,0.0001,50,most_parsimonious,Unweighted k-means,Random 75% immutable,α < 1,0.9954269128149522,41913,1,2,True,3.0,3.0,0.42001591407360905,2.8983302574882974,1.6001310330854206,0.6001310330854206,True,6.47690000005241,Optimization terminated successfully
Diabetes,3,42,10,300,0.0001,50,most_parsimonious,Unweighted k-means,All features mutable,α = 1,1.0,176879,0,2,True,11.0,6.0,0.669030797792783,3.657952426680213,1.2983486497657744,0.29834864976577435,True,109.45449999996981,Optimization terminated successfully
Diabetes,3,42,10,300,0.0001,50,most_parsimonious,Unweighted k-means,All features mutable,α < 1,0.9954269128149522,176879,0,2,True,11.0,6.0,0.6741331485894131,3.6718745855200803,1.2934258740534736,0.29342587405347365,True,179.35559999989437,Optimization terminated successfully
Diabetes,3,42,10,300,0.0001,50,most_parsimonious,Unweighted k-means,Random 25% immutable,α = 1,1.0,176879,0,2,True,7.0,4.0,0.6871656849980464,3.707197553403504,1.2640841264538132,0.2640841264538132,True,80.05000000002838,Optimization terminated successfully
Diabetes,3,42,10,300,0.0001,50,most_parsimonious,Unweighted k-means,Random 25% immutable,α < 1,0.9954269128149522,176879,0,2,True,7.0,4.0,0.6924063411708757,3.721307139086683,1.2592912664563138,0.25929126645631384,True,77.07000000004882,Optimization terminated successfully
Diabetes,3,42,10,300,0.0001,50,most_parsimonious,Unweighted k-means,Random 50% immutable,α = 1,1.0,176879,0,2,True,7.0,5.0,0.6809100386884203,3.6902846467133674,1.2756974995934627,0.2756974995934627,True,71.78009999995538,Optimization terminated successfully
Diabetes,3,42,10,300,0.0001,50,most_parsimonious,Unweighted k-means,Random 50% immutable,α < 1,0.9954269128149522,176879,0,2,True,7.0,5.0,0.6861029862923228,3.7043298619111202,1.270860606817348,0.270860606817348,True,44.306499999947846,Optimization terminated successfully
Diabetes,3,42,10,300,0.0001,50,most_parsimonious,Unweighted k-means,Random 75% immutable,α = 1,1.0,176879,0,2,False,,,,,,,False,51.158800000052906,No feasible counterfactual found.
Diabetes,3,42,10,300,0.0001,50,most_parsimonious,Unweighted k-means,Random 75% immutable,α < 1,0.9954269128149522,176879,0,2,False,,,,,,,False,38.90830000000278,No feasible counterfactual found.
Diabetes,3,42,10,300,0.0001,50,most_parsimonious,Unweighted k-means,All features mutable,α = 1,1.0,225226,0,1,True,10.0,6.0,3.8458913336500378,8.77028087765727,1.0,0.0,False,131.6445999999587,Optimization terminated successfully
Diabetes,3,42,10,300,0.0001,50,most_parsimonious,Unweighted k-means,All features mutable,α < 1,0.999985952854013,225226,0,1,True,10.0,6.0,3.846181529226503,8.770611756572631,1.0,0.0,False,106.432199999972,Optimization terminated successfully
Diabetes,3,42,10,300,0.0001,50,most_parsimonious,Unweighted k-means,Random 25% immutable,α = 1,1.0,225226,0,1,True,10.0,6.0,1.48454604064642,5.4489375857068145,1.0,0.0,False,141.85350000002472,Optimization terminated successfully
Diabetes,3,42,10,300,0.0001,50,most_parsimonious,Unweighted k-means,Random 25% immutable,α < 1,0.999985952854013,225226,0,1,True,10.0,6.0,1.4845968074181606,5.449030753112265,1.0000000000000007,6.661338147750939e-16,True,131.90980000001673,Optimization terminated successfully
Diabetes,3,42,10,300,0.0001,50,most_parsimonious,Unweighted k-means,Random 50% immutable,α = 1,1.0,225226,0,1,False,,,,,,,False,188.27510000005532,No feasible counterfactual found.
Diabetes,3,42,10,300,0.0001,50,most_parsimonious,Unweighted k-means,Random 50% immutable,α < 1,0.999985952854013,225226,0,1,False,,,,,,,False,81.32280000006631,No feasible counterfactual found.
Diabetes,3,42,10,300,0.0001,50,most_parsimonious,Unweighted k-means,Random 75% immutable,α = 1,1.0,225226,0,1,False,,,,,,,False,15.585799999939809,No feasible counterfactual found.
Diabetes,3,42,10,300,0.0001,50,most_parsimonious,Unweighted k-means,Random 75% immutable,α < 1,0.999985952854013,225226,0,1,False,,,,,,,False,33.22860000002947,No feasible counterfactual found.
Diabetes,3,42,10,300,0.0001,50,most_parsimonious,Unweighted k-means,All features mutable,α = 1,1.0,226565,1,0,True,6.0,4.0,2.1861221150412176,6.6122947832673304,1.0000000000000004,4.440892098500626e-16,True,24.50670000007449,Optimization terminated successfully
Diabetes,3,42,10,300,0.0001,50,most_parsimonious,Unweighted k-means,All features mutable,α < 1,0.9999667010862864,226565,1,0,True,6.0,4.0,2.1862804141126966,6.612534180044284,1.0,0.0,False,27.690800000073068,Optimization terminated successfully
Diabetes,3,42,10,300,0.0001,50,most_parsimonious,Unweighted k-means,Random 25% immutable,α = 1,1.0,226565,1,0,True,8.0,6.0,1.5542586725818799,5.575407917958793,1.0,0.0,False,56.09909999998308,Optimization terminated successfully
Diabetes,3,42,10,300,0.0001,50,most_parsimonious,Unweighted k-means,Random 25% immutable,α < 1,0.9999667010862864,226565,1,0,True,8.0,6.0,1.554362534635161,5.575594200863547,1.0,0.0,False,23.393999999939297,Optimization terminated successfully
Diabetes,3,42,10,300,0.0001,50,most_parsimonious,Unweighted k-means,Random 50% immutable,α = 1,1.0,226565,1,0,True,6.0,4.0,1.608104515307125,5.671163047042687,1.0,0.0,False,40.25950000004741,Optimization terminated successfully
Diabetes,3,42,10,300,0.0001,50,most_parsimonious,Unweighted k-means,Random 50% immutable,α < 1,0.9999667010862864,226565,1,0,True,6.0,4.0,1.6082116387209462,5.6713519353341955,1.0000000000000004,4.440892098500626e-16,True,23.456099999975777,Optimization terminated successfully
Diabetes,3,42,10,300,0.0001,50,most_parsimonious,Unweighted k-means,Random 75% immutable,α = 1,1.0,226565,1,0,True,5.0,4.0,1.3081941132122774,5.11506424830085,1.0000000000000002,2.220446049250313e-16,True,54.75880000005873,Optimization terminated successfully
Diabetes,3,42,10,300,0.0001,50,most_parsimonious,Unweighted k-means,Random 75% immutable,α < 1,0.9999667010862864,226565,1,0,True,5.0,4.0,1.3082795177794124,5.115231212329336,1.0,0.0,False,24.51280000002498,Optimization terminated successfully
Diabetes,3,42,10,300,0.0001,50,most_parsimonious,Unweighted k-means,All features mutable,α = 1,1.0,111314,1,2,True,11.0,9.0,0.4613010049163513,3.0374364352735066,1.5462970729344685,0.5462970729344685,True,133.86129999992136,Optimization terminated successfully
Diabetes,3,42,10,300,0.0001,50,most_parsimonious,Unweighted k-means,All features mutable,α < 1,0.9954269128149522,111314,1,2,True,11.0,9.0,0.465165764051655,3.0501336497001406,1.5398600684233856,0.5398600684233856,True,101.64640000004965,Optimization terminated successfully
Diabetes,3,42,10,300,0.0001,50,most_parsimonious,Unweighted k-means,Random 25% immutable,α = 1,1.0,111314,1,2,True,9.0,7.0,0.46806624401300195,3.0596282258241834,1.5239475226666637,0.5239475226666637,True,77.05510000005233,Optimization terminated successfully
Diabetes,3,42,10,300,0.0001,50,most_parsimonious,Unweighted k-means,Random 25% immutable,α < 1,0.9954269128149522,111314,1,2,True,9.0,7.0,0.4719876820181162,3.0724182072696946,1.5176035616148875,0.5176035616148875,True,84.54200000005585,Optimization terminated successfully
Diabetes,3,42,10,300,0.0001,50,most_parsimonious,Unweighted k-means,Random 50% immutable,α = 1,1.0,111314,1,2,True,6.0,5.0,0.46277095831123466,3.042272040141166,1.54138538805036,0.5413853880503601,True,29.586699999981647,Optimization terminated successfully
Diabetes,3,42,10,300,0.0001,50,most_parsimonious,Unweighted k-means,Random 50% immutable,α < 1,0.9954269128149522,111314,1,2,True,6.0,5.0,0.46664803265017013,3.0549894685585093,1.5349688330214097,0.5349688330214097,True,22.112399999969057,Optimization terminated successfully
Diabetes,3,42,10,300,0.0001,50,most_parsimonious,Unweighted k-means,Random 75% immutable,α = 1,1.0,111314,1,2,False,,,,,,,False,10.864100000048893,No feasible counterfactual found.
Diabetes,3,42,10,300,0.0001,50,most_parsimonious,Unweighted k-means,Random 75% immutable,α < 1,0.9954269128149522,111314,1,2,False,,,,,,,False,22.29130000000623,No feasible counterfactual found.
Diabetes,3,42,10,300,0.0001,50,most_parsimonious,Unweighted k-means,All features mutable,α = 1,1.0,23371,1,0,True,7.0,4.0,1.386434224547339,5.265803309177696,1.0,0.0,False,34.814200000027995,Optimization terminated successfully
Diabetes,3,42,10,300,0.0001,50,most_parsimonious,Unweighted k-means,All features mutable,α < 1,0.9999667010862864,23371,1,0,True,7.0,4.0,1.3865168116015125,5.265960143414517,1.0,0.0,False,51.54689999994844,Optimization terminated successfully
Diabetes,3,42,10,300,0.0001,50,most_parsimonious,Unweighted k-means,Random 25% immutable,α = 1,1.0,23371,1,0,True,7.0,4.0,1.386434224547339,5.265803309177696,1.0,0.0,False,33.938500000090244,Optimization terminated successfully
Diabetes,3,42,10,300,0.0001,50,most_parsimonious,Unweighted k-means,Random 25% immutable,α < 1,0.9999667010862864,23371,1,0,True,7.0,4.0,1.3865168116015125,5.265960143414517,1.0,0.0,False,48.86599999997543,Optimization terminated successfully
Diabetes,3,42,10,300,0.0001,50,most_parsimonious,Unweighted k-means,Random 50% immutable,α = 1,1.0,23371,1,0,True,8.0,5.0,1.8291014484512247,6.04830794264185,1.0,0.0,False,28.43289999998433,Optimization terminated successfully
Diabetes,3,42,10,300,0.0001,50,most_parsimonious,Unweighted k-means,Random 50% immutable,α < 1,0.9999667010862864,23371,1,0,True,8.0,5.0,1.8292042920820992,6.048477977280068,1.0,0.0,False,59.15509999999813,Optimization terminated successfully
Diabetes,3,42,10,300,0.0001,50,most_parsimonious,Unweighted k-means,Random 75% immutable,α = 1,1.0,23371,1,0,True,5.0,5.0,0.9097308156576402,4.265514777040727,1.1874636404105694,0.1874636404105694,True,50.51489999993919,Optimization terminated successfully
Diabetes,3,42,10,300,0.0001,50,most_parsimonious,Unweighted k-means,Random 75% immutable,α < 1,0.9999667010862864,23371,1,0,True,5.0,5.0,0.9097765492226422,4.265621992682057,1.1874337089502445,0.18743370895024447,True,78.4724999999753,Optimization terminated successfully
Diabetes,3,42,10,300,0.0001,50,most_parsimonious,Unweighted k-means,All features mutable,α = 1,1.0,217771,1,2,True,11.0,9.0,0.3972023840423956,2.8185187032992904,1.6646982181405046,0.6646982181405046,True,171.3359999999966,Optimization terminated successfully
Diabetes,3,42,10,300,0.0001,50,most_parsimonious,Unweighted k-means,All features mutable,α < 1,0.9954269128149522,217771,1,2,True,11.0,9.0,0.4007928531828576,2.831228896372943,1.6572249106712875,0.6572249106712875,True,171.4087999999947,Optimization terminated successfully
Diabetes,3,42,10,300,0.0001,50,most_parsimonious,Unweighted k-means,Random 25% immutable,α = 1,1.0,217771,1,2,False,,,,,,,False,312.3554999999669,No feasible counterfactual found.
Diabetes,3,42,10,300,0.0001,50,most_parsimonious,Unweighted k-means,Random 25% immutable,α < 1,0.9954269128149522,217771,1,2,False,,,,,,,False,171.8049000000974,No feasible counterfactual found.
Diabetes,3,42,10,300,0.0001,50,most_parsimonious,Unweighted k-means,Random 50% immutable,α = 1,1.0,217771,1,2,False,,,,,,,False,122.8160000000571,No feasible counterfactual found.
Diabetes,3,42,10,300,0.0001,50,most_parsimonious,Unweighted k-means,Random 50% immutable,α < 1,0.9954269128149522,217771,1,2,False,,,,,,,False,86.37609999993856,No feasible counterfactual found.
Diabetes,3,42,10,300,0.0001,50,most_parsimonious,Unweighted k-means,Random 75% immutable,α = 1,1.0,217771,1,2,False,,,,,,,False,16.950900000097135,No feasible counterfactual found.
Diabetes,3,42,10,300,0.0001,50,most_parsimonious,Unweighted k-means,Random 75% immutable,α < 1,0.9954269128149522,217771,1,2,False,,,,,,,False,39.43469999990157,No feasible counterfactual found.
Diabetes,3,42,10,300,0.0001,50,most_parsimonious,Unweighted k-means,All features mutable,α = 1,1.0,235077,1,0,True,2.0,1.0,6.337220208269699e-05,0.03560118034074067,56.836208896734185,55.836208896734185,True,1.8888999999262523,Optimization terminated successfully
Diabetes,3,42,10,300,0.0001,50,most_parsimonious,Unweighted k-means,All features mutable,α < 1,0.9999667010862864,235077,1,0,True,2.0,1.0,6.462663422400795e-05,0.03595181058695318,56.28189762300713,55.28189762300713,True,1.7411000000038257,Optimization terminated successfully
Diabetes,3,42,10,300,0.0001,50,most_parsimonious,Unweighted k-means,Random 25% immutable,α = 1,1.0,235077,1,0,True,1.0,1.0,6.337220208269699e-05,0.03560118034074067,56.836208896734185,55.836208896734185,True,1.1657000000013795,Optimization terminated successfully
Diabetes,3,42,10,300,0.0001,50,most_parsimonious,Unweighted k-means,Random 25% immutable,α < 1,0.9999667010862864,235077,1,0,True,1.0,1.0,6.462663422400795e-05,0.03595181058695318,56.28189762300713,55.28189762300713,True,1.016499999991538,Optimization terminated successfully
Diabetes,3,42,10,300,0.0001,50,most_parsimonious,Unweighted k-means,Random 50% immutable,α = 1,1.0,235077,1,0,True,3.0,1.0,2.946045989589042e-05,0.02427363174141456,141.0436053830928,140.0436053830928,True,19.35019999996257,Optimization terminated successfully
Diabetes,3,42,10,300,0.0001,50,most_parsimonious,Unweighted k-means,Random 50% immutable,α < 1,0.9999667010862864,235077,1,0,True,3.0,1.0,3.0043620123508554e-05,0.024512698800217225,139.6680375528561,138.6680375528561,True,11.310900000012225,Optimization terminated successfully
Diabetes,3,42,10,300,0.0001,50,most_parsimonious,Unweighted k-means,Random 75% immutable,α = 1,1.0,235077,1,0,True,2.0,1.0,3.1058058996565994e-05,0.024923105342860463,93.49110970997395,92.49110970997395,True,1.8909000000348897,Optimization terminated successfully
Diabetes,3,42,10,300,0.0001,50,most_parsimonious,Unweighted k-means,Random 75% immutable,α < 1,0.9999667010862864,235077,1,0,True,2.0,1.0,3.167284317908813e-05,0.025168568961738025,92.57931110286297,91.57931110286297,True,1.8873000000212414,Optimization terminated successfully
Diabetes,3,42,10,300,0.0001,50,most_parsimonious,Unweighted k-means,All features mutable,α = 1,1.0,160234,1,2,True,11.0,10.0,0.3810918722412328,2.7607675463219743,1.7016377691120983,0.7016377691120983,True,76.77010000008977,Optimization terminated successfully
Diabetes,3,42,10,300,0.0001,50,most_parsimonious,Unweighted k-means,All features mutable,α < 1,0.9954269128149522,160234,1,2,True,11.0,10.0,0.3846045538884061,2.773461930109754,1.6938492200013309,0.6938492200013309,True,42.428999999970074,Optimization terminated successfully
Diabetes,3,42,10,300,0.0001,50,most_parsimonious,Unweighted k-means,Random 25% immutable,α = 1,1.0,160234,1,2,True,9.0,9.0,0.38352929478909104,2.7695822601579865,1.690823444591298,0.690823444591298,True,40.207799999961935,Optimization terminated successfully
Diabetes,3,42,10,300,0.0001,50,most_parsimonious,Unweighted k-means,Random 25% immutable,α < 1,0.9954269128149522,160234,1,2,True,9.0,9.0,0.3870644431695488,2.7823171751960585,1.6830843937994706,0.6830843937994706,True,61.39280000002145,Optimization terminated successfully
Diabetes,3,42,10,300,0.0001,50,most_parsimonious,Unweighted k-means,Random 50% immutable,α = 1,1.0,160234,1,2,False,,,,,,,False,70.55019999995693,No feasible counterfactual found.
Diabetes,3,42,10,300,0.0001,50,most_parsimonious,Unweighted k-means,Random 50% immutable,α < 1,0.9954269128149522,160234,1,2,False,,,,,,,False,42.51249999992979,No feasible counterfactual found.
Diabetes,3,42,10,300,0.0001,50,most_parsimonious,Unweighted k-means,Random 75% immutable,α = 1,1.0,160234,1,2,False,,,,,,,False,41.7126999999482,No feasible counterfactual found.
Diabetes,3,42,10,300,0.0001,50,most_parsimonious,Unweighted k-means,Random 75% immutable,α < 1,0.9954269128149522,160234,1,2,False,,,,,,,False,33.38780000001407,No feasible counterfactual found.
Diabetes,3,42,10,300,0.0001,50,most_parsimonious,Unweighted k-means,All features mutable,α = 1,1.0,166020,0,2,True,11.0,8.0,0.3939541510913254,2.806970434797365,1.7157419648946926,0.7157419648946926,True,90.62940000001163,Optimization terminated successfully
Diabetes,3,42,10,300,0.0001,50,most_parsimonious,Unweighted k-means,All features mutable,α < 1,0.9954269128149522,166020,0,2,True,11.0,8.0,0.3978173297638997,2.8206996641397315,1.7073909122949456,0.7073909122949456,True,62.24650000001475,Optimization terminated successfully
Diabetes,3,42,10,300,0.0001,50,most_parsimonious,Unweighted k-means,Random 25% immutable,α = 1,1.0,166020,0,2,False,,,,,,,False,253.22249999999258,No feasible counterfactual found.
Diabetes,3,42,10,300,0.0001,50,most_parsimonious,Unweighted k-means,Random 25% immutable,α < 1,0.9954269128149522,166020,0,2,False,,,,,,,False,241.56190000007882,No feasible counterfactual found.
Diabetes,3,42,10,300,0.0001,50,most_parsimonious,Unweighted k-means,Random 50% immutable,α = 1,1.0,166020,0,2,True,7.0,5.0,0.412158042351114,2.8710905327109204,1.6399623372970582,0.6399623372970582,True,47.74409999993168,Optimization terminated successfully
Diabetes,3,42,10,300,0.0001,50,most_parsimonious,Unweighted k-means,Random 50% immutable,α < 1,0.9954269128149522,166020,0,2,True,7.0,5.0,0.41619973135103905,2.88513338114909,1.6319801262533926,0.6319801262533926,True,45.87160000005497,Optimization terminated successfully
Diabetes,3,42,10,300,0.0001,50,most_parsimonious,Unweighted k-means,Random 75% immutable,α = 1,1.0,166020,0,2,False,,,,,,,False,20.411500000022897,No feasible counterfactual found.
Diabetes,3,42,10,300,0.0001,50,most_parsimonious,Unweighted k-means,Random 75% immutable,α < 1,0.9954269128149522,166020,0,2,False,,,,,,,False,48.52219999997942,No feasible counterfactual found.
Diabetes,3,42,10,300,0.0001,50,most_parsimonious,Unweighted k-means,All features mutable,α = 1,1.0,186618,1,0,True,5.0,3.0,0.7937176708588852,3.984263221372015,1.0,0.0,False,14.188700000090648,Optimization terminated successfully
Diabetes,3,42,10,300,0.0001,50,most_parsimonious,Unweighted k-means,All features mutable,α < 1,0.9999667010862864,186618,1,0,True,5.0,3.0,0.7938078190331397,3.9844894755367086,1.0,0.0,False,21.16430000000946,Optimization terminated successfully
Diabetes,3,42,10,300,0.0001,50,most_parsimonious,Unweighted k-means,Random 25% immutable,α = 1,1.0,186618,1,0,True,4.0,2.0,1.119352941066045,4.731496467431937,1.0,0.0,False,7.784900000046946,Optimization terminated successfully
Diabetes,3,42,10,300,0.0001,50,most_parsimonious,Unweighted k-means,Random 25% immutable,α < 1,0.9999667010862864,186618,1,0,True,4.0,2.0,1.1194915745842764,4.731789459780044,1.0,0.0,False,19.50679999993099,Optimization terminated successfully
Diabetes,3,42,10,300,0.0001,50,most_parsimonious,Unweighted k-means,Random 50% immutable,α = 1,1.0,186618,1,0,True,4.0,3.0,0.5871377205674326,3.4267702594934275,1.0,0.0,False,8.730500000069696,Optimization terminated successfully
Diabetes,3,42,10,300,0.0001,50,most_parsimonious,Unweighted k-means,Random 50% immutable,α < 1,0.9999667010862864,186618,1,0,True,4.0,3.0,0.5871957379765779,3.4269395616980987,1.0,0.0,False,16.93950000003497,Optimization terminated successfully
Diabetes,3,42,10,300,0.0001,50,most_parsimonious,Unweighted k-means,Random 75% immutable,α = 1,1.0,186618,1,0,True,4.0,3.0,0.8033165273551879,4.008282742909207,1.0,0.0,False,36.61669999996775,Optimization terminated successfully
Diabetes,3,42,10,300,0.0001,50,most_parsimonious,Unweighted k-means,Random 75% immutable,α < 1,0.9999667010862864,186618,1,0,True,4.0,3.0,0.803418547246459,4.008537257520401,1.0000000000000004,4.440892098500626e-16,True,30.112299999927927,Optimization terminated successfully
Diabetes,3,42,10,300,0.0001,50,most_parsimonious,Unweighted k-means,All features mutable,α = 1,1.0,114264,1,2,True,11.0,7.0,0.35509290343125227,2.6649311564513343,1.7554127439412868,0.7554127439412868,True,115.13179999997192,Optimization terminated successfully
Diabetes,3,42,10,300,0.0001,50,most_parsimonious,Unweighted k-means,All features mutable,α < 1,0.9954269128149522,114264,1,2,True,11.0,7.0,0.35849829337291556,2.6776791942759517,1.7470554669395306,0.7470554669395306,True,73.61179999998058,Optimization terminated successfully
Diabetes,3,42,10,300,0.0001,50,most_parsimonious,Unweighted k-means,Random 25% immutable,α = 1,1.0,114264,1,2,True,14.0,9.0,3.22320179512665,8.028949862997838,1.0,0.0,False,142.53650000000562,Optimization terminated successfully
Diabetes,3,42,10,300,0.0001,50,most_parsimonious,Unweighted k-means,Random 25% immutable,α < 1,0.9954269128149522,114264,1,2,True,14.0,9.0,3.273031021143363,8.090773783938547,1.0,0.0,False,121.1091000000124,Optimization terminated successfully
Diabetes,3,42,10,300,0.0001,50,most_parsimonious,Unweighted k-means,Random 50% immutable,α = 1,1.0,114264,1,2,True,9.0,7.0,3.399625741930024,8.245757384170387,1.0,0.0,False,37.03229999996438,Optimization terminated successfully
Diabetes,3,42,10,300,0.0001,50,most_parsimonious,Unweighted k-means,Random 50% immutable,α < 1,0.9954269128149522,114264,1,2,True,9.0,7.0,3.453023445220665,8.310262866144084,1.0,0.0,False,84.73849999995764,Optimization terminated successfully
Diabetes,3,42,10,300,0.0001,50,most_parsimonious,Unweighted k-means,Random 75% immutable,α = 1,1.0,114264,1,2,False,,,,,,,False,37.82140000009804,No feasible counterfactual found.
Diabetes,3,42,10,300,0.0001,50,most_parsimonious,Unweighted k-means,Random 75% immutable,α < 1,0.9954269128149522,114264,1,2,False,,,,,,,False,38.0353999998988,No feasible counterfactual found.
Diabetes,3,42,10,300,0.0001,50,most_parsimonious,Unweighted k-means,All features mutable,α = 1,1.0,247458,0,2,True,11.0,8.0,0.34406740217552084,2.623232365519764,1.8349924941815141,0.8349924941815141,True,92.18160000000353,Optimization terminated successfully
Diabetes,3,42,10,300,0.0001,50,most_parsimonious,Unweighted k-means,All features mutable,α < 1,0.9954269128149522,247458,0,2,True,11.0,8.0,0.3476801466596096,2.6369685119834467,1.8254338927140483,0.8254338927140483,True,78.23739999992085,Optimization terminated successfully
Diabetes,3,42,10,300,0.0001,50,most_parsimonious,Unweighted k-means,Random 25% immutable,α = 1,1.0,247458,0,2,True,7.0,5.0,0.34737899314384746,2.635826220158861,1.8174993675979545,0.8174993675979545,True,54.41629999995712,Optimization terminated successfully
Diabetes,3,42,10,300,0.0001,50,most_parsimonious,Unweighted k-means,Random 25% immutable,α < 1,0.9954269128149522,247458,0,2,True,7.0,5.0,0.35102650968692395,2.649628312374866,1.8080318890983778,0.8080318890983778,True,52.06729999997606,Optimization terminated successfully
Diabetes,3,42,10,300,0.0001,50,most_parsimonious,Unweighted k-means,Random 50% immutable,α = 1,1.0,247458,0,2,True,5.0,4.0,0.3608902741578804,2.686597380173964,1.7494544663755744,0.7494544663755744,True,49.70350000007784,Optimization terminated successfully
Diabetes,3,42,10,300,0.0001,50,most_parsimonious,Unweighted k-means,Random 50% immutable,α < 1,0.9954269128149522,247458,0,2,True,5.0,4.0,0.36467966059519213,2.7006653276375885,1.7403414396855046,0.7403414396855046,True,34.04179999995449,Optimization terminated successfully
Diabetes,3,42,10,300,0.0001,50,most_parsimonious,Unweighted k-means,Random 75% immutable,α = 1,1.0,247458,0,2,True,5.0,5.0,0.35113999895377423,2.6500565992211347,1.7980324140534472,0.7980324140534472,True,62.30759999994007,Optimization terminated successfully
Diabetes,3,42,10,300,0.0001,50,most_parsimonious,Unweighted k-means,Random 75% immutable,α < 1,0.9954269128149522,247458,0,2,True,5.0,5.0,0.35482700645969284,2.663933206593937,1.7886663431320742,0.7886663431320742,True,33.439499999985856,Optimization terminated successfully
Diabetes,3,42,10,300,0.0001,50,most_parsimonious,Unweighted k-means,All features mutable,α = 1,1.0,181984,1,0,True,5.0,4.0,0.5305213001649731,3.2573648864226836,1.0,0.0,False,29.90859999999884,Optimization terminated successfully
Diabetes,3,42,10,300,0.0001,50,most_parsimonious,Unweighted k-means,All features mutable,α < 1,0.9999667010862864,181984,1,0,True,5.0,4.0,0.5305746688868265,3.2575287224729927,1.0,0.0,False,40.6926000000567,Optimization terminated successfully
Diabetes,3,42,10,300,0.0001,50,most_parsimonious,Unweighted k-means,Random 25% immutable,α = 1,1.0,181984,1,0,True,5.0,4.0,0.5305213001649731,3.2573648864226836,1.0,0.0,False,28.671899999949346,Optimization terminated successfully
Diabetes,3,42,10,300,0.0001,50,most_parsimonious,Unweighted k-means,Random 25% immutable,α < 1,0.9999667010862864,181984,1,0,True,5.0,4.0,0.5305746688868265,3.2575287224729927,1.0,0.0,False,40.01159999995707,Optimization terminated successfully
Diabetes,3,42,10,300,0.0001,50,most_parsimonious,Unweighted k-means,Random 50% immutable,α = 1,1.0,181984,1,0,True,6.0,4.0,0.2882477391233106,2.401032024456611,1.4368737184941345,0.4368737184941345,True,54.69299999992927,Optimization terminated successfully
Diabetes,3,42,10,300,0.0001,50,most_parsimonious,Unweighted k-means,Random 50% immutable,α < 1,0.9999667010862864,181984,1,0,True,6.0,4.0,0.2882760858714477,2.4011500822374585,1.4368030703458101,0.4368030703458101,True,39.63080000005448,Optimization terminated successfully
Diabetes,3,42,10,300,0.0001,50,most_parsimonious,Unweighted k-means,Random 75% immutable,α = 1,1.0,181984,1,0,True,3.0,3.0,0.6694296774843894,3.659042709464839,1.0777232641351076,0.07772326413510755,True,24.63769999997112,Optimization terminated successfully
Diabetes,3,42,10,300,0.0001,50,most_parsimonious,Unweighted k-means,Random 75% immutable,α < 1,0.9999667010862864,181984,1,0,True,3.0,3.0,0.6694955102798903,3.6592226231260936,1.0776702764163226,0.07767027641632263,True,11.424700000020493,Optimization terminated successfully
Diabetes,3,42,10,300,0.0001,50,most_parsimonious,Unweighted k-means,All features mutable,α = 1,1.0,16188,1,0,True,7.0,5.0,2.0406940005662952,6.388574176710004,1.0,0.0,False,47.24090000001979,Optimization terminated successfully
Diabetes,3,42,10,300,0.0001,50,most_parsimonious,Unweighted k-means,All features mutable,α < 1,0.9999667010862864,16188,1,0,True,7.0,5.0,2.0408215171001,6.388773774520585,1.0000000000000002,2.220446049250313e-16,True,27.348899999992682,Optimization terminated successfully
Diabetes,3,42,10,300,0.0001,50,most_parsimonious,Unweighted k-means,Random 25% immutable,α = 1,1.0,16188,1,0,True,9.0,7.0,1.4177328427390998,5.324909093569767,1.0,0.0,False,73.592099999928,Optimization terminated successfully
Diabetes,3,42,10,300,0.0001,50,most_parsimonious,Unweighted k-means,Random 25% immutable,α < 1,0.9999667010862864,16188,1,0,True,9.0,7.0,1.4177972660418088,5.325030076988878,1.0,0.0,False,68.53169999999409,Optimization terminated successfully
Diabetes,3,42,10,300,0.0001,50,most_parsimonious,Unweighted k-means,Random 50% immutable,α = 1,1.0,16188,1,0,True,7.0,5.0,2.2130549462807974,6.6529015418549475,1.0,0.0,False,80.22449999998571,Optimization terminated successfully
Diabetes,3,42,10,300,0.0001,50,most_parsimonious,Unweighted k-means,Random 50% immutable,α < 1,0.9999667010862864,16188,1,0,True,7.0,5.0,2.213198195424755,6.6531168566691425,1.0,0.0,False,83.32660000007763,Optimization terminated successfully
Diabetes,3,42,10,300,0.0001,50,most_parsimonious,Unweighted k-means,Random 75% immutable,α = 1,1.0,16188,1,0,False,,,,,,,False,62.6559999999472,No feasible counterfactual found.
Diabetes,3,42,10,300,0.0001,50,most_parsimonious,Unweighted k-means,Random 75% immutable,α < 1,0.9999667010862864,16188,1,0,False,,,,,,,False,35.57899999998426,No feasible counterfactual found.
Diabetes,3,42,10,300,0.0001,50,most_parsimonious,Unweighted k-means,All features mutable,α = 1,1.0,193058,0,2,True,11.0,7.0,0.24941770568904387,2.2334623600546477,2.1443857414378127,1.1443857414378127,True,89.68649999997069,Optimization terminated successfully
Diabetes,3,42,10,300,0.0001,50,most_parsimonious,Unweighted k-means,All features mutable,α < 1,0.9954269128149522,193058,0,2,True,11.0,7.0,0.2525106580394526,2.247267932577033,2.1312122046397106,1.1312122046397106,True,148.78710000004958,Optimization terminated successfully
Diabetes,3,42,10,300,0.0001,50,most_parsimonious,Unweighted k-means,Random 25% immutable,α = 1,1.0,193058,0,2,False,,,,,,,False,160.61039999999593,No feasible counterfactual found.
Diabetes,3,42,10,300,0.0001,50,most_parsimonious,Unweighted k-means,Random 25% immutable,α < 1,0.9954269128149522,193058,0,2,False,,,,,,,False,238.5209000000259,No feasible counterfactual found.
Diabetes,3,42,10,300,0.0001,50,most_parsimonious,Unweighted k-means,Random 50% immutable,α = 1,1.0,193058,0,2,True,6.0,2.0,0.26154211967702806,2.2871034942784205,2.0449775769330154,1.0449775769330154,True,17.580800000018826,Optimization terminated successfully
Diabetes,3,42,10,300,0.0001,50,most_parsimonious,Unweighted k-means,Random 50% immutable,α < 1,0.9954269128149522,193058,0,2,True,6.0,2.0,0.2647854231608409,2.3012406356608643,2.0324147287821135,1.0324147287821135,True,64.17199999998502,Optimization terminated successfully
Diabetes,3,42,10,300,0.0001,50,most_parsimonious,Unweighted k-means,Random 75% immutable,α = 1,1.0,193058,0,2,False,,,,,,,False,50.05770000002485,No feasible counterfactual found.
Diabetes,3,42,10,300,0.0001,50,most_parsimonious,Unweighted k-means,Random 75% immutable,α < 1,0.9954269128149522,193058,0,2,False,,,,,,,False,30.646999999930813,No feasible counterfactual found.
Diabetes,3,42,10,300,0.0001,50,most_parsimonious,Unweighted k-means,All features mutable,α = 1,1.0,112476,1,2,True,11.0,11.0,0.4105571249285298,2.865509116818614,1.6395331510204485,0.6395331510204485,True,69.28989999994428,Optimization terminated successfully
Diabetes,3,42,10,300,0.0001,50,most_parsimonious,Unweighted k-means,All features mutable,α < 1,0.9954269128149522,112476,1,2,True,11.0,11.0,0.41420255891361574,2.8782027687903287,1.632302365366105,0.6323023653661051,True,101.05770000006942,Optimization terminated successfully
Diabetes,3,42,10,300,0.0001,50,most_parsimonious,Unweighted k-means,Random 25% immutable,α = 1,1.0,112476,1,2,True,7.0,7.0,0.4186166770772755,2.893498495169042,1.6079675109677387,0.6079675109677387,True,14.894900000058442,Optimization terminated successfully
Diabetes,3,42,10,300,0.0001,50,most_parsimonious,Unweighted k-means,Random 25% immutable,α < 1,0.9954269128149522,112476,1,2,True,7.0,7.0,0.42233367373543107,2.90631613468126,1.6008759395262864,0.6008759395262864,True,68.56539999989764,Optimization terminated successfully
Diabetes,3,42,10,300,0.0001,50,most_parsimonious,Unweighted k-means,Random 50% immutable,α = 1,1.0,112476,1,2,True,7.0,7.0,0.4183377903139661,2.8925344952617804,1.609039469154745,0.6090394691547449,True,36.55279999998129,Optimization terminated successfully
Diabetes,3,42,10,300,0.0001,50,most_parsimonious,Unweighted k-means,Random 50% immutable,α < 1,0.9954269128149522,112476,1,2,True,7.0,7.0,0.42205231067047433,2.905347864440588,1.6019431699570326,0.6019431699570326,True,36.875400000099035,Optimization terminated successfully
Diabetes,3,42,10,300,0.0001,50,most_parsimonious,Unweighted k-means,Random 75% immutable,α = 1,1.0,112476,1,2,False,,,,,,,False,49.62709999995241,No feasible counterfactual found.
Diabetes,3,42,10,300,0.0001,50,most_parsimonious,Unweighted k-means,Random 75% immutable,α < 1,0.9954269128149522,112476,1,2,False,,,,,,,False,70.7510000000866,No feasible counterfactual found.
Diabetes,3,42,10,300,0.0001,50,most_parsimonious,Unweighted k-means,All features mutable,α = 1,1.0,217720,1,2,True,11.0,9.0,0.5137214465657908,3.205375006347278,1.464136139629277,0.4641361396292769,True,39.24010000002909,Optimization terminated successfully
Diabetes,3,42,10,300,0.0001,50,most_parsimonious,Unweighted k-means,All features mutable,α < 1,0.9954269128149522,217720,1,2,True,11.0,9.0,0.5178026393899083,3.21808215988936,1.4583547339397605,0.45835473393976045,True,107.47870000000148,Optimization terminated successfully
Diabetes,3,42,10,300,0.0001,50,most_parsimonious,Unweighted k-means,Random 25% immutable,α = 1,1.0,217720,1,2,True,8.0,7.0,0.5233975833466936,3.235421404845723,1.4370684153833986,0.4370684153833986,True,29.32429999998476,Optimization terminated successfully
Diabetes,3,42,10,300,0.0001,50,most_parsimonious,Unweighted k-means,Random 25% immutable,α < 1,0.9954269128149522,217720,1,2,True,8.0,7.0,0.5275556469735784,3.2482476721259363,1.4313938938027926,0.4313938938027926,True,61.57250000001113,Optimization terminated successfully
Diabetes,3,42,10,300,0.0001,50,most_parsimonious,Unweighted k-means,Random 50% immutable,α = 1,1.0,217720,1,2,True,6.0,4.0,0.5216615863867966,3.230051350634527,1.4418507210305007,0.4418507210305007,True,40.49469999995381,Optimization terminated successfully
Diabetes,3,42,10,300,0.0001,50,most_parsimonious,Unweighted k-means,Random 50% immutable,α < 1,0.9954269128149522,217720,1,2,True,6.0,4.0,0.5258058586129465,3.242856329265749,1.4361573191869463,0.43615731918694634,True,58.17089999993641,Optimization terminated successfully
Diabetes,3,42,10,300,0.0001,50,most_parsimonious,Unweighted k-means,Random 75% immutable,α = 1,1.0,217720,1,2,False,,,,,,,False,19.401700000003075,No feasible counterfactual found.
Diabetes,3,42,10,300,0.0001,50,most_parsimonious,Unweighted k-means,Random 75% immutable,α < 1,0.9954269128149522,217720,1,2,False,,,,,,,False,13.071499999909975,No feasible counterfactual found.
Diabetes,3,42,10,300,0.0001,50,most_parsimonious,Unweighted k-means,All features mutable,α = 1,1.0,138353,1,0,True,5.0,2.0,0.29206557305851055,2.4168805227338424,1.233572709024354,0.233572709024354,True,24.051600000007056,Optimization terminated successfully
Diabetes,3,42,10,300,0.0001,50,most_parsimonious,Unweighted k-means,All features mutable,α < 1,0.9999667010862864,138353,1,0,True,5.0,2.0,0.29212308996248004,2.4171184909411454,1.2334512623618934,0.2334512623618934,True,27.936699999941084,Optimization terminated successfully
Diabetes,3,42,10,300,0.0001,50,most_parsimonious,Unweighted k-means,Random 25% immutable,α = 1,1.0,138353,1,0,True,4.0,1.0,0.2947691053960882,2.4280407961815147,1.4100424267725717,0.41004242677257174,True,4.121899999972811,Optimization terminated successfully
Diabetes,3,42,10,300,0.0001,50,most_parsimonious,Unweighted k-means,Random 25% immutable,α < 1,0.9999667010862864,138353,1,0,True,4.0,1.0,0.2948271547106675,2.4282798632392746,1.4099036064086639,0.40990360640866386,True,8.626100000014958,Optimization terminated successfully
Diabetes,3,42,10,300,0.0001,50,most_parsimonious,Unweighted k-means,Random 50% immutable,α = 1,1.0,138353,1,0,True,3.0,1.0,0.2947691053960881,2.4280407961815142,1.4100424267725722,0.4100424267725722,True,3.1551000000717977,Optimization terminated successfully
Diabetes,3,42,10,300,0.0001,50,most_parsimonious,Unweighted k-means,Random 50% immutable,α < 1,0.9999667010862864,138353,1,0,True,3.0,1.0,0.2948271547106676,2.428279863239275,1.4099036064086636,0.40990360640866363,True,16.9472999999698,Optimization terminated successfully
Diabetes,3,42,10,300,0.0001,50,most_parsimonious,Unweighted k-means,Random 75% immutable,α = 1,1.0,138353,1,0,True,4.0,2.0,0.40064095575105496,2.8306923384608753,1.429714040196077,0.42971404019607706,True,37.66450000000532,Optimization terminated successfully
Diabetes,3,42,10,300,0.0001,50,most_parsimonious,Unweighted k-means,Random 75% immutable,α < 1,0.9999667010862864,138353,1,0,True,4.0,2.0,0.40071985456523834,2.8309710509478485,1.4295732831386272,0.4295732831386272,True,86.74359999997705,Optimization terminated successfully
Diabetes,3,42,10,300,0.0001,50,most_parsimonious,Unweighted k-means,All features mutable,α = 1,1.0,57641,1,0,True,1.0,1.0,0.09171958747283672,1.354397190434451,1.491788025072939,0.49178802507293895,True,1.113199999963399,Optimization terminated successfully
Diabetes,3,42,10,300,0.0001,50,most_parsimonious,Unweighted k-means,All features mutable,α < 1,0.9999667010862864,57641,1,0,True,1.0,1.0,0.09175335325099687,1.3546464723387934,1.4915135063941847,0.4915135063941847,True,1.057999999943604,Optimization terminated successfully
Diabetes,3,42,10,300,0.0001,50,most_parsimonious,Unweighted k-means,Random 25% immutable,α = 1,1.0,57641,1,0,True,1.0,1.0,0.09171958747283672,1.354397190434451,1.491788025072939,0.49178802507293895,True,1.1488000000099419,Optimization terminated successfully
Diabetes,3,42,10,300,0.0001,50,most_parsimonious,Unweighted k-means,Random 25% immutable,α < 1,0.9999667010862864,57641,1,0,True,1.0,1.0,0.09175335325099687,1.3546464723387934,1.4915135063941847,0.4915135063941847,True,1.2593000000151733,Optimization terminated successfully
Diabetes,3,42,10,300,0.0001,50,most_parsimonious,Unweighted k-means,Random 50% immutable,α = 1,1.0,57641,1,0,True,3.0,1.0,0.08435679257592828,1.298897937298603,2.6358041215085337,1.6358041215085337,True,2.543399999922258,Optimization terminated successfully
Diabetes,3,42,10,300,0.0001,50,most_parsimonious,Unweighted k-means,Random 50% immutable,α < 1,0.9999667010862864,57641,1,0,True,3.0,1.0,0.08438784780440134,1.2991370043563637,2.63531908110552,1.63531908110552,True,2.7976000000080603,Optimization terminated successfully
Diabetes,3,42,10,300,0.0001,50,most_parsimonious,Unweighted k-means,Random 75% immutable,α = 1,1.0,57641,1,0,True,1.0,1.0,0.09171958747283672,1.354397190434451,1.491788025072939,0.49178802507293895,True,1.1109999999234788,Optimization terminated successfully
Diabetes,3,42,10,300,0.0001,50,most_parsimonious,Unweighted k-means,Random 75% immutable,α < 1,0.9999667010862864,57641,1,0,True,1.0,1.0,0.09175335325099687,1.3546464723387934,1.4915135063941847,0.4915135063941847,True,1.043600000002698,Optimization terminated successfully
Diabetes,3,42,10,300,0.0001,50,most_parsimonious,Unweighted k-means,All features mutable,α = 1,1.0,21798,1,2,True,11.0,10.0,0.5544862927888696,3.3301240000602674,1.4107622000859164,0.41076220008591635,True,107.58310000005622,Optimization terminated successfully
Diabetes,3,42,10,300,0.0001,50,most_parsimonious,Unweighted k-means,All features mutable,α < 1,0.9954269128149522,21798,1,2,True,11.0,10.0,0.5587215687122895,3.3428178793116725,1.40540502644667,0.40540502644667,True,111.64989999997488,Optimization terminated successfully
Diabetes,3,42,10,300,0.0001,50,most_parsimonious,Unweighted k-means,Random 25% immutable,α = 1,1.0,21798,1,2,True,8.0,7.0,0.5563068996889876,3.335586604149224,1.4061452459617636,0.4061452459617636,True,64.17660000010983,Optimization terminated successfully
Diabetes,3,42,10,300,0.0001,50,most_parsimonious,Unweighted k-means,Random 25% immutable,α < 1,0.9954269128149522,21798,1,2,True,8.0,7.0,0.5605560817678341,3.348301305939578,1.4008056048285082,0.40080560482850824,True,79.66079999994236,Optimization terminated successfully
Diabetes,3,42,10,300,0.0001,50,most_parsimonious,Unweighted k-means,Random 50% immutable,α = 1,1.0,21798,1,2,False,,,,,,,False,115.13819999993302,No feasible counterfactual found.
Diabetes,3,42,10,300,0.0001,50,most_parsimonious,Unweighted k-means,Random 50% immutable,α < 1,0.9954269128149522,21798,1,2,False,,,,,,,False,267.9722999999967,No feasible counterfactual found.
Diabetes,3,42,10,300,0.0001,50,most_parsimonious,Unweighted k-means,Random 75% immutable,α = 1,1.0,21798,1,2,False,,,,,,,False,47.89809999999761,No feasible counterfactual found.
Diabetes,3,42,10,300,0.0001,50,most_parsimonious,Unweighted k-means,Random 75% immutable,α < 1,0.9954269128149522,21798,1,2,False,,,,,,,False,62.11880000000747,No feasible counterfactual found.
Diabetes,3,42,10,300,0.0001,50,most_parsimonious,Unweighted k-means,All features mutable,α = 1,1.0,198248,1,0,True,2.0,1.0,0.11757250766901745,1.5334438866095976,1.319537115433943,0.31953711543394303,True,10.403400000086549,Optimization terminated successfully
Diabetes,3,42,10,300,0.0001,50,most_parsimonious,Unweighted k-means,All features mutable,α < 1,0.9999667010862864,198248,1,0,True,2.0,1.0,0.11762628099727834,1.5337945168586198,1.3192354651005422,0.31923546510054224,True,2.327799999989111,Optimization terminated successfully
Diabetes,3,42,10,300,0.0001,50,most_parsimonious,Unweighted k-means,Random 25% immutable,α = 1,1.0,198248,1,0,True,2.0,1.0,0.11757250766901745,1.5334438866095976,1.319537115433943,0.31953711543394303,True,10.22330000000693,Optimization terminated successfully
Diabetes,3,42,10,300,0.0001,50,most_parsimonious,Unweighted k-means,Random 25% immutable,α < 1,0.9999667010862864,198248,1,0,True,2.0,1.0,0.11762628099727834,1.5337945168586198,1.3192354651005422,0.31923546510054224,True,2.2094999999353604,Optimization terminated successfully
Diabetes,3,42,10,300,0.0001,50,most_parsimonious,Unweighted k-means,Random 50% immutable,α = 1,1.0,198248,1,0,True,2.0,1.0,0.11757250766901745,1.5334438866095976,1.319537115433943,0.31953711543394303,True,9.75549999998293,Optimization terminated successfully
Diabetes,3,42,10,300,0.0001,50,most_parsimonious,Unweighted k-means,Random 50% immutable,α < 1,0.9999667010862864,198248,1,0,True,2.0,1.0,0.11762628099727834,1.5337945168586198,1.3192354651005422,0.31923546510054224,True,2.32379999999921,Optimization terminated successfully
Diabetes,3,42,10,300,0.0001,50,most_parsimonious,Unweighted k-means,Random 75% immutable,α = 1,1.0,198248,1,0,True,2.0,1.0,0.18170763334779183,1.906345369274895,1.055971193187555,0.05597119318755506,True,25.037400000087473,Optimization terminated successfully
Diabetes,3,42,10,300,0.0001,50,most_parsimonious,Unweighted k-means,Random 75% immutable,α < 1,0.9999667010862864,198248,1,0,True,2.0,1.0,0.18179073971686777,1.9067812654673726,1.0557297948526687,0.05572979485266871,True,8.991100000002916,Optimization terminated successfully
Diabetes,3,42,10,300,0.0001,50,most_parsimonious,Unweighted k-means,All features mutable,α = 1,1.0,196300,0,2,True,11.0,9.0,0.11811824679779737,1.5369986779291473,3.13351323314588,2.13351323314588,True,195.79459999999926,Optimization terminated successfully
Diabetes,3,42,10,300,0.0001,50,most_parsimonious,Unweighted k-means,All features mutable,α < 1,0.9954269128149522,196300,0,2,True,11.0,9.0,0.12023777751968559,1.5507274262080075,3.105771920476914,2.105771920476914,True,129.60029999999279,Optimization terminated successfully
Diabetes,3,42,10,300,0.0001,50,most_parsimonious,Unweighted k-means,Random 25% immutable,α = 1,1.0,196300,0,2,True,14.0,8.0,2.6074745605353544,7.221460462448513,1.0,0.0,False,246.88309999999092,Optimization terminated successfully
Diabetes,3,42,10,300,0.0001,50,most_parsimonious,Unweighted k-means,Random 25% immutable,α < 1,0.9954269128149522,196300,0,2,True,14.0,8.0,2.750298679663375,7.416601215736727,1.0000000000000007,6.661338147750939e-16,True,152.36540000000787,Optimization terminated successfully
Diabetes,3,42,10,300,0.0001,50,most_parsimonious,Unweighted k-means,Random 50% immutable,α = 1,1.0,196300,0,2,True,7.0,5.0,0.12166353930663218,1.5598944791660247,3.0422022207770825,2.0422022207770825,True,81.0282999999572,Optimization terminated successfully
Diabetes,3,42,10,300,0.0001,50,most_parsimonious,Unweighted k-means,Random 50% immutable,α < 1,0.9954269128149522,196300,0,2,True,7.0,5.0,0.12384668726458957,1.5738277368542566,3.015269293822361,2.015269293822361,True,60.5899000000818,Optimization terminated successfully
Diabetes,3,42,10,300,0.0001,50,most_parsimonious,Unweighted k-means,Random 75% immutable,α = 1,1.0,196300,0,2,False,,,,,,,False,44.61689999993723,No feasible counterfactual found.
Diabetes,3,42,10,300,0.0001,50,most_parsimonious,Unweighted k-means,Random 75% immutable,α < 1,0.9954269128149522,196300,0,2,False,,,,,,,False,16.2843000000521,No feasible counterfactual found.
Diabetes,3,42,10,300,0.0001,50,most_parsimonious,Unweighted k-means,All features mutable,α = 1,1.0,46304,1,2,True,11.0,10.0,0.4287037088824057,2.9281520072646696,1.6043655970384592,0.6043655970384592,True,50.26759999998376,Optimization terminated successfully
Diabetes,3,42,10,300,0.0001,50,most_parsimonious,Unweighted k-means,All features mutable,α < 1,0.9954269128149522,46304,1,2,True,11.0,10.0,0.43242887478831216,2.940846391052454,1.597440227031836,0.597440227031836,True,136.85999999995602,Optimization terminated successfully
Diabetes,3,42,10,300,0.0001,50,most_parsimonious,Unweighted k-means,Random 25% immutable,α = 1,1.0,46304,1,2,True,14.0,11.0,3.285333099157514,8.10596459301114,1.0000000000000009,8.881784197001252e-16,True,200.1717999999073,Optimization terminated successfully
Diabetes,3,42,10,300,0.0001,50,most_parsimonious,Unweighted k-means,Random 25% immutable,α < 1,0.9954269128149522,46304,1,2,True,14.0,11.0,3.33153887600917,8.162767761009949,1.0,0.0,False,284.0032000000292,Optimization terminated successfully
Diabetes,3,42,10,300,0.0001,50,most_parsimonious,Unweighted k-means,Random 50% immutable,α = 1,1.0,46304,1,2,False,,,,,,,False,114.67950000007932,No feasible counterfactual found.
Diabetes,3,42,10,300,0.0001,50,most_parsimonious,Unweighted k-means,Random 50% immutable,α < 1,0.9954269128149522,46304,1,2,False,,,,,,,False,53.25980000009167,No feasible counterfactual found.
Diabetes,3,42,10,300,0.0001,50,most_parsimonious,Unweighted k-means,Random 75% immutable,α = 1,1.0,46304,1,2,False,,,,,,,False,60.192600000050334,No feasible counterfactual found.
Diabetes,3,42,10,300,0.0001,50,most_parsimonious,Unweighted k-means,Random 75% immutable,α < 1,0.9954269128149522,46304,1,2,False,,,,,,,False,28.418599999895378,No feasible counterfactual found.
Diabetes,3,42,10,300,0.0001,50,most_parsimonious,Unweighted k-means,All features mutable,α = 1,1.0,94053,0,2,True,11.0,9.0,0.7083916805058552,3.7640182797267476,1.2949473097629285,0.2949473097629285,True,232.4401000000762,Optimization terminated successfully
Diabetes,3,42,10,300,0.0001,50,most_parsimonious,Unweighted k-means,All features mutable,α < 1,0.9954269128149522,94053,0,2,True,11.0,9.0,0.7135069176190266,3.7775836658346207,1.290297126542157,0.290297126542157,True,53.703699999914534,Optimization terminated successfully
Diabetes,3,42,10,300,0.0001,50,most_parsimonious,Unweighted k-means,Random 25% immutable,α = 1,1.0,94053,0,2,True,8.0,6.0,0.7356961750852214,3.835873238482266,1.2468868604815098,0.24688686048150976,True,70.80870000004325,Optimization terminated successfully
Diabetes,3,42,10,300,0.0001,50,most_parsimonious,Unweighted k-means,Random 25% immutable,α < 1,0.9954269128149522,94053,0,2,True,8.0,6.0,0.7410085756714717,3.849697587269607,1.242409262034303,0.24240926203430302,True,39.86069999996289,Optimization terminated successfully
Diabetes,3,42,10,300,0.0001,50,most_parsimonious,Unweighted k-means,Random 50% immutable,α = 1,1.0,94053,0,2,True,6.0,4.0,0.7673545184479788,3.9175362626221566,1.1954446883813632,0.1954446883813632,True,37.136200000077224,Optimization terminated successfully
Diabetes,3,42,10,300,0.0001,50,most_parsimonious,Unweighted k-means,Random 50% immutable,α < 1,0.9954269128149522,94053,0,2,True,6.0,4.0,0.7728955212854518,3.9316549220028243,1.1911518201752453,0.19115182017524535,True,15.485399999988658,Optimization terminated successfully
Diabetes,3,42,10,300,0.0001,50,most_parsimonious,Unweighted k-means,Random 75% immutable,α = 1,1.0,94053,0,2,False,,,,,,,False,5.980100000101629,No feasible counterfactual found.
Diabetes,3,42,10,300,0.0001,50,most_parsimonious,Unweighted k-means,Random 75% immutable,α < 1,0.9954269128149522,94053,0,2,False,,,,,,,False,42.00860000003104,No feasible counterfactual found.
Diabetes,3,42,10,300,0.0001,50,most_parsimonious,Unweighted k-means,All features mutable,α = 1,1.0,32495,0,2,True,11.0,8.0,0.5264847584525763,3.2449491781923987,1.494376794579715,0.49437679457971506,True,72.20340000003489,Optimization terminated successfully
Diabetes,3,42,10,300,0.0001,50,most_parsimonious,Unweighted k-means,All features mutable,α < 1,0.9954269128149522,32495,0,2,True,11.0,8.0,0.5309186734192007,3.2585845805171325,1.4881236410692582,0.4881236410692582,True,179.47130000004563,Optimization terminated successfully
Diabetes,3,42,10,300,0.0001,50,most_parsimonious,Unweighted k-means,Random 25% immutable,α = 1,1.0,32495,0,2,True,9.0,6.0,0.5481138641826283,3.3109329929270035,1.4354072325514518,0.43540723255145175,True,62.10790000000088,Optimization terminated successfully
Diabetes,3,42,10,300,0.0001,50,most_parsimonious,Unweighted k-means,Random 25% immutable,α < 1,0.9954269128149522,32495,0,2,True,9.0,6.0,0.5527299337398115,3.3248456618008944,1.4294008342145414,0.42940083421454145,True,20.770200000015393,Optimization terminated successfully
Diabetes,3,42,10,300,0.0001,50,most_parsimonious,Unweighted k-means,Random 50% immutable,α = 1,1.0,32495,0,2,True,7.0,5.0,0.5401584161469479,3.2868173546668147,1.4565478984747753,0.4565478984747753,True,68.32890000009684,Optimization terminated successfully
Diabetes,3,42,10,300,0.0001,50,most_parsimonious,Unweighted k-means,Random 50% immutable,α < 1,0.9954269128149522,32495,0,2,True,7.0,5.0,0.5447074870312438,3.300628688693242,1.4504530393184882,0.45045303931848824,True,40.50689999996848,Optimization terminated successfully
Diabetes,3,42,10,300,0.0001,50,most_parsimonious,Unweighted k-means,Random 75% immutable,α = 1,1.0,32495,0,2,False,,,,,,,False,26.595000000043,No feasible counterfactual found.
Diabetes,3,42,10,300,0.0001,50,most_parsimonious,Unweighted k-means,Random 75% immutable,α < 1,0.9954269128149522,32495,0,2,False,,,,,,,False,17.588799999998628,No feasible counterfactual found.
Diabetes,3,42,10,300,0.0001,50,most_parsimonious,Unweighted k-means,All features mutable,α = 1,1.0,23887,1,0,True,6.0,3.0,1.9118054376231552,6.1835352956430265,1.0000000000000002,2.220446049250313e-16,True,52.57289999997283,Optimization terminated successfully
Diabetes,3,42,10,300,0.0001,50,most_parsimonious,Unweighted k-means,All features mutable,α < 1,0.9999667010862864,23887,1,0,True,6.0,3.0,1.9119590100579025,6.183783647667345,1.0000000000000009,8.881784197001252e-16,True,42.8613999999925,Optimization terminated successfully
Diabetes,3,42,10,300,0.0001,50,most_parsimonious,Unweighted k-means,Random 25% immutable,α = 1,1.0,23887,1,0,True,6.0,5.0,1.7440460365557828,5.906007173303776,1.0,0.0,False,83.25680000007196,Optimization terminated successfully
Diabetes,3,42,10,300,0.0001,50,most_parsimonious,Unweighted k-means,Random 25% immutable,α < 1,0.9999667010862864,23887,1,0,True,6.0,5.0,1.7441766082624466,5.906228252044525,1.0,0.0,False,41.05889999993906,Optimization terminated successfully
Diabetes,3,42,10,300,0.0001,50,most_parsimonious,Unweighted k-means,Random 50% immutable,α = 1,1.0,23887,1,0,True,7.0,4.0,1.828753125767208,6.047732014180536,1.0,0.0,False,64.0329999999949,Optimization terminated successfully
Diabetes,3,42,10,300,0.0001,50,most_parsimonious,Unweighted k-means,Random 50% immutable,α < 1,0.9999667010862864,23887,1,0,True,7.0,4.0,1.8288822711203192,6.047945553855985,1.0,0.0,False,52.84320000009757,Optimization terminated successfully
Diabetes,3,42,10,300,0.0001,50,most_parsimonious,Unweighted k-means,Random 75% immutable,α = 1,1.0,23887,1,0,True,5.0,3.0,0.9780369823894088,4.4227524967816345,1.0,0.0,False,55.870000000027176,Optimization terminated successfully
Diabetes,3,42,10,300,0.0001,50,most_parsimonious,Unweighted k-means,Random 75% immutable,α < 1,0.9999667010862864,23887,1,0,True,5.0,3.0,0.9780975718057449,4.422889489475732,1.0000000000000002,2.220446049250313e-16,True,28.79470000004858,Optimization terminated successfully
Diabetes,3,42,10,300,0.0001,50,most_parsimonious,Unweighted k-means,All features mutable,α = 1,1.0,209943,1,2,True,11.0,9.0,0.5089685905094469,3.1905127816996655,1.4719868320911202,0.47198683209112025,True,185.2113999999574,Optimization terminated successfully
Diabetes,3,42,10,300,0.0001,50,most_parsimonious,Unweighted k-means,All features mutable,α < 1,0.9954269128149522,209943,1,2,True,11.0,9.0,0.5130280484682188,3.2032110404037346,1.4661515371002933,0.46615153710029333,True,206.45119999994677,Optimization terminated successfully
Diabetes,3,42,10,300,0.0001,50,most_parsimonious,Unweighted k-means,Random 25% immutable,α = 1,1.0,209943,1,2,True,9.0,7.0,0.5164341474601618,3.213826838708526,1.450707831869916,0.45070783186991603,True,50.08620000000974,Optimization terminated successfully
Diabetes,3,42,10,300,0.0001,50,most_parsimonious,Unweighted k-means,Random 25% immutable,α < 1,0.9954269128149522,209943,1,2,True,9.0,7.0,0.5205531495934578,3.226617887489802,1.4449568921212261,0.44495689212122613,True,53.93630000003213,Optimization terminated successfully
Diabetes,3,42,10,300,0.0001,50,most_parsimonious,Unweighted k-means,Random 50% immutable,α = 1,1.0,209943,1,2,True,6.0,5.0,0.5115539733448065,3.1986058630122174,1.4645474420535673,0.46454744205356735,True,17.803700000058598,Optimization terminated successfully
Diabetes,3,42,10,300,0.0001,50,most_parsimonious,Unweighted k-means,Random 50% immutable,α < 1,0.9954269128149522,209943,1,2,True,6.0,5.0,0.5156340519334631,3.211336332225147,1.4587416385519671,0.45874163855196715,True,15.792200000078083,Optimization terminated successfully
Diabetes,3,42,10,300,0.0001,50,most_parsimonious,Unweighted k-means,Random 75% immutable,α = 1,1.0,209943,1,2,True,3.0,3.0,0.5128610423805305,3.2026896271119702,1.4608149197031115,0.4608149197031115,True,23.955000000000837,Optimization terminated successfully
Diabetes,3,42,10,300,0.0001,50,most_parsimonious,Unweighted k-means,Random 75% immutable,α < 1,0.9954269128149522,209943,1,2,True,3.0,3.0,0.5169515459578775,3.2154363497288436,1.4550239138129795,0.45502391381297946,True,12.281499999971857,Optimization terminated successfully
Diabetes,3,42,10,300,0.0001,50,most_parsimonious,Ranked k-means,All features mutable,α = 1,1.0,102075,0,2,True,18.0,8.0,1.8574392435136748,6.09498030105705,1.0,0.0,False,227.75239999998576,Optimization terminated successfully
Diabetes,3,42,10,300,0.0001,50,most_parsimonious,Ranked k-means,All features mutable,α < 1,0.9954269128149522,102075,0,2,True,18.0,8.0,1.8867989972724113,6.142961821910358,1.0,0.0,False,291.6631000000507,Optimization terminated successfully
Diabetes,3,42,10,300,0.0001,50,most_parsimonious,Ranked k-means,Random 25% immutable,α = 1,1.0,102075,0,2,True,15.0,8.0,0.2594046485308844,2.277738565028412,2.149652952029268,1.149652952029268,True,181.18089999995846,Optimization terminated successfully
Diabetes,3,42,10,300,0.0001,50,most_parsimonious,Ranked k-means,Random 25% immutable,α < 1,0.9954269128149522,102075,0,2,True,15.0,8.0,0.26248963394355396,2.291242605851916,2.1369834069932887,1.1369834069932887,True,215.77819999993153,Optimization terminated successfully
Diabetes,3,42,10,300,0.0001,50,most_parsimonious,Ranked k-means,Random 50% immutable,α = 1,1.0,102075,0,2,True,10.0,4.0,0.2607490442124753,2.2836332639566943,2.1385695634058752,1.1385695634058752,True,78.775999999948,Optimization terminated successfully
Diabetes,3,42,10,300,0.0001,50,most_parsimonious,Ranked k-means,Random 50% immutable,α < 1,0.9954269128149522,102075,0,2,True,10.0,4.0,0.2638500179317925,2.29717225271329,2.125965340878557,1.1259653408785568,True,76.58259999993788,Optimization terminated successfully
Diabetes,3,42,10,300,0.0001,50,most_parsimonious,Ranked k-means,Random 75% immutable,α = 1,1.0,102075,0,2,False,,,,,,,False,38.537099999985,No feasible counterfactual found.
Diabetes,3,42,10,300,0.0001,50,most_parsimonious,Ranked k-means,Random 75% immutable,α < 1,0.9954269128149522,102075,0,2,False,,,,,,,False,48.61940000000686,No feasible counterfactual found.
Diabetes,3,42,10,300,0.0001,50,most_parsimonious,Ranked k-means,All features mutable,α = 1,1.0,130178,1,0,True,3.0,3.0,0.9075468681709186,4.260391691314118,1.0,0.0,False,6.274599999983366,Optimization terminated successfully
Diabetes,3,42,10,300,0.0001,50,most_parsimonious,Ranked k-means,All features mutable,α < 1,0.9999667010862864,130178,1,0,True,3.0,3.0,0.9075935666926359,4.2605013007688095,1.0,0.0,False,8.690000000001419,Optimization terminated successfully
Diabetes,3,42,10,300,0.0001,50,most_parsimonious,Ranked k-means,Random 25% immutable,α = 1,1.0,130178,1,0,True,3.0,3.0,0.6563368164376557,3.623083814756859,1.1906443264153042,0.19064432641530416,True,4.893499999980122,Optimization terminated successfully
Diabetes,3,42,10,300,0.0001,50,most_parsimonious,Ranked k-means,Random 25% immutable,α < 1,0.9999667010862864,130178,1,0,True,3.0,3.0,0.6563670496622012,3.6231672599045193,1.1906169368150255,0.19061693681502545,True,21.548000000052525,Optimization terminated successfully
Diabetes,3,42,10,300,0.0001,50,most_parsimonious,Ranked k-means,Random 50% immutable,α = 1,1.0,130178,1,0,True,3.0,3.0,0.8440476309032918,4.10864364700394,1.0,0.0,False,6.5771999999242325,Optimization terminated successfully
Diabetes,3,42,10,300,0.0001,50,most_parsimonious,Ranked k-means,Random 50% immutable,α < 1,0.9999667010862864,130178,1,0,True,3.0,3.0,0.8440889400041796,4.108744187715218,1.0,0.0,False,9.612800000013522,Optimization terminated successfully
Diabetes,3,42,10,300,0.0001,50,most_parsimonious,Ranked k-means,Random 75% immutable,α = 1,1.0,130178,1,0,True,3.0,3.0,0.8441863053240701,4.108981151877117,1.0,0.0,False,5.600600000093436,Optimization terminated successfully
Diabetes,3,42,10,300,0.0001,50,most_parsimonious,Ranked k-means,Random 75% immutable,α < 1,0.9999667010862864,130178,1,0,True,3.0,3.0,0.8442276261947806,4.10908171297379,1.0,0.0,False,23.602999999980057,Optimization terminated successfully
Diabetes,3,42,10,300,0.0001,50,most_parsimonious,Ranked k-means,All features mutable,α = 1,1.0,114240,0,1,True,4.0,2.0,0.2859269754492959,2.391346798142402,1.1505689694348529,0.15056896943485287,True,45.08330000010119,Optimization terminated successfully
Diabetes,3,42,10,300,0.0001,50,most_parsimonious,Ranked k-means,All features mutable,α < 1,0.999985952854013,114240,0,1,True,4.0,2.0,0.2859369310865204,2.391388429705724,1.1505489389283579,0.15054893892835786,True,6.053800000017873,Optimization terminated successfully
Diabetes,3,42,10,300,0.0001,50,most_parsimonious,Ranked k-means,Random 25% immutable,α = 1,1.0,114240,0,1,True,4.0,2.0,0.34019071652286437,2.6084122240277297,1.2325084622905895,0.23250846229058952,True,34.48769999999968,Optimization terminated successfully
Diabetes,3,42,10,300,0.0001,50,most_parsimonious,Ranked k-means,Random 25% immutable,α < 1,0.999985952854013,114240,0,1,True,4.0,2.0,0.3402025615590159,2.6084576345381416,1.2324870036594622,0.23248700365946218,True,5.958400000054098,Optimization terminated successfully
Diabetes,3,42,10,300,0.0001,50,most_parsimonious,Ranked k-means,Random 50% immutable,α = 1,1.0,114240,0,1,True,4.0,2.0,0.4120582459990447,2.870742921262873,1.0584023336327035,0.05840233363270353,True,31.43550000004325,Optimization terminated successfully
Diabetes,3,42,10,300,0.0001,50,most_parsimonious,Ranked k-means,Random 50% immutable,α < 1,0.999985952854013,114240,0,1,True,4.0,2.0,0.4120725933770982,2.87079289875497,1.0583839066092458,0.05838390660924575,True,10.81299999998464,Optimization terminated successfully
Diabetes,3,42,10,300,0.0001,50,most_parsimonious,Ranked k-means,Random 75% immutable,α = 1,1.0,114240,0,1,False,,,,,,,False,64.66679999994085,No feasible counterfactual found.
Diabetes,3,42,10,300,0.0001,50,most_parsimonious,Ranked k-means,Random 75% immutable,α < 1,0.999985952854013,114240,0,1,False,,,,,,,False,21.095500000001266,No feasible counterfactual found.
Diabetes,3,42,10,300,0.0001,50,most_parsimonious,Ranked k-means,All features mutable,α = 1,1.0,22636,1,0,True,3.0,3.0,0.8869926150941138,4.211870404212632,1.0,0.0,False,3.7679000000707674,Optimization terminated successfully
Diabetes,3,42,10,300,0.0001,50,most_parsimonious,Ranked k-means,All features mutable,α < 1,0.9999667010862864,22636,1,0,True,3.0,3.0,0.8870384330737983,4.2119791857838,1.0,0.0,False,12.252600000010716,Optimization terminated successfully
Diabetes,3,42,10,300,0.0001,50,most_parsimonious,Ranked k-means,Random 25% immutable,α = 1,1.0,22636,1,0,True,3.0,3.0,0.772051928485821,3.9295086931722674,1.133559987977819,0.1335599879778191,True,18.892899999968904,Optimization terminated successfully
Diabetes,3,42,10,300,0.0001,50,most_parsimonious,Ranked k-means,Random 25% immutable,α < 1,0.9999667010862864,22636,1,0,True,3.0,3.0,0.7720878596862528,3.9296001315305675,1.1335335875706838,0.1335335875706838,True,36.38609999995879,Optimization terminated successfully
Diabetes,3,42,10,300,0.0001,50,most_parsimonious,Ranked k-means,Random 50% immutable,α = 1,1.0,22636,1,0,True,3.0,3.0,1.6605598903862728,5.762915738384994,1.0,0.0,False,5.06760000007489,Optimization terminated successfully
Diabetes,3,42,10,300,0.0001,50,most_parsimonious,Ranked k-means,Random 50% immutable,α < 1,0.9999667010862864,22636,1,0,True,3.0,3.0,1.6606627020007272,5.7630941377019465,1.0,0.0,False,8.519900000010239,Optimization terminated successfully
Diabetes,3,42,10,300,0.0001,50,most_parsimonious,Ranked k-means,Random 75% immutable,α = 1,1.0,22636,1,0,False,,,,,,,False,44.47349999998096,No feasible counterfactual found.
Diabetes,3,42,10,300,0.0001,50,most_parsimonious,Ranked k-means,Random 75% immutable,α < 1,0.9999667010862864,22636,1,0,False,,,,,,,False,95.53549999998268,No feasible counterfactual found.
Diabetes,3,42,10,300,0.0001,50,most_parsimonious,Ranked k-means,All features mutable,α = 1,1.0,197460,1,0,True,1.0,1.0,0.012633528489295137,0.5026634756831878,10.083456507407407,9.083456507407407,True,1.061800000002222,Optimization terminated successfully
Diabetes,3,42,10,300,0.0001,50,most_parsimonious,Ranked k-means,All features mutable,α < 1,0.9999667010862864,197460,1,0,True,1.0,1.0,0.012649820970629447,0.5029874942904534,10.07696086373626,9.07696086373626,True,1.0643000000527536,Optimization terminated successfully
Diabetes,3,42,10,300,0.0001,50,most_parsimonious,Ranked k-means,Random 25% immutable,α = 1,1.0,197460,1,0,True,1.0,1.0,0.012633528489295137,0.5026634756831878,10.083456507407407,9.083456507407407,True,1.2231000000610948,Optimization terminated successfully
Diabetes,3,42,10,300,0.0001,50,most_parsimonious,Ranked k-means,Random 25% immutable,α < 1,0.9999667010862864,197460,1,0,True,1.0,1.0,0.012649820970629447,0.5029874942904534,10.07696086373626,9.07696086373626,True,1.1302999999998065,Optimization terminated successfully
Diabetes,3,42,10,300,0.0001,50,most_parsimonious,Ranked k-means,Random 50% immutable,α = 1,1.0,197460,1,0,True,1.0,1.0,0.012633528489295137,0.5026634756831878,10.083456507407407,9.083456507407407,True,1.0829000000285305,Optimization terminated successfully
Diabetes,3,42,10,300,0.0001,50,most_parsimonious,Ranked k-means,Random 50% immutable,α < 1,0.9999667010862864,197460,1,0,True,1.0,1.0,0.012649820970629447,0.5029874942904534,10.07696086373626,9.07696086373626,True,1.0912999999845852,Optimization terminated successfully
Diabetes,3,42,10,300,0.0001,50,most_parsimonious,Ranked k-means,Random 75% immutable,α = 1,1.0,197460,1,0,True,1.0,1.0,0.003863795516981871,0.27798544987037976,8.684358684041152,7.684358684041152,True,1.172200000041812,Optimization terminated successfully
Diabetes,3,42,10,300,0.0001,50,most_parsimonious,Ranked k-means,Random 75% immutable,α < 1,0.9999667010862864,197460,1,0,True,1.0,1.0,0.00386877835423064,0.2781646402485636,8.678764322674853,7.678764322674853,True,0.9787000000187618,Optimization terminated successfully
Diabetes,3,42,10,300,0.0001,50,most_parsimonious,Ranked k-means,All features mutable,α = 1,1.0,246242,1,0,True,2.0,2.0,1.327205248349943,5.152097142620552,1.0,0.0,False,3.9845000000013897,Optimization terminated successfully
Diabetes,3,42,10,300,0.0001,50,most_parsimonious,Ranked k-means,All features mutable,α < 1,0.9999667010862864,246242,1,0,True,2.0,2.0,1.3273479594081545,5.1523741312295135,1.0,0.0,False,2.730300000052921,Optimization terminated successfully
Diabetes,3,42,10,300,0.0001,50,most_parsimonious,Ranked k-means,Random 25% immutable,α = 1,1.0,246242,1,0,True,2.0,2.0,0.5820748220930562,3.4119637222369645,1.034194856899525,0.03419485689952495,True,6.9398000000546745,Optimization terminated successfully
Diabetes,3,42,10,300,0.0001,50,most_parsimonious,Ranked k-means,Random 25% immutable,α < 1,0.9999667010862864,246242,1,0,True,2.0,2.0,0.5821096290165092,3.4120657350540866,1.0341639576770694,0.03416395767706937,True,2.832899999930305,Optimization terminated successfully
Diabetes,3,42,10,300,0.0001,50,most_parsimonious,Ranked k-means,Random 50% immutable,α = 1,1.0,246242,1,0,True,2.0,2.0,0.5820748220930562,3.4119637222369645,1.034194856899525,0.03419485689952495,True,7.048499999996238,Optimization terminated successfully
Diabetes,3,42,10,300,0.0001,50,most_parsimonious,Ranked k-means,Random 50% immutable,α < 1,0.9999667010862864,246242,1,0,True,2.0,2.0,0.5821096290165092,3.4120657350540866,1.0341639576770694,0.03416395767706937,True,2.8383999999732623,Optimization terminated successfully
Diabetes,3,42,10,300,0.0001,50,most_parsimonious,Ranked k-means,Random 75% immutable,α = 1,1.0,246242,1,0,True,2.0,2.0,0.7759691060915599,3.9394646999092653,1.1590972225319267,0.1590972225319267,True,4.9256999999443,Optimization terminated successfully
Diabetes,3,42,10,300,0.0001,50,most_parsimonious,Ranked k-means,Random 75% immutable,α < 1,0.9999667010862864,246242,1,0,True,2.0,2.0,0.7760155075098194,3.9395824842483482,1.1590625970712447,0.1590625970712447,True,15.797399999996742,Optimization terminated successfully
Diabetes,3,42,10,300,0.0001,50,most_parsimonious,Ranked k-means,All features mutable,α = 1,1.0,163320,0,1,True,4.0,2.0,0.12162445813614142,1.5596439217727964,1.0,0.0,False,30.901599999992868,Optimization terminated successfully
Diabetes,3,42,10,300,0.0001,50,most_parsimonious,Ranked k-means,All features mutable,α < 1,0.999985952854013,163320,0,1,True,4.0,2.0,0.1216337672762477,1.5597036082297668,1.0,0.0,False,26.398099999937585,Optimization terminated successfully
Diabetes,3,42,10,300,0.0001,50,most_parsimonious,Ranked k-means,Random 25% immutable,α = 1,1.0,163320,0,1,True,4.0,2.0,0.12162445813614142,1.5596439217727964,1.0,0.0,False,31.076099999950202,Optimization terminated successfully
Diabetes,3,42,10,300,0.0001,50,most_parsimonious,Ranked k-means,Random 25% immutable,α < 1,0.999985952854013,163320,0,1,True,4.0,2.0,0.1216337672762477,1.5597036082297668,1.0,0.0,False,27.544599999941966,Optimization terminated successfully
Diabetes,3,42,10,300,0.0001,50,most_parsimonious,Ranked k-means,Random 50% immutable,α = 1,1.0,163320,0,1,True,5.0,2.0,0.16729295739919817,1.829168977427718,1.3123869305518214,0.31238693055182143,True,70.36879999998291,Optimization terminated successfully
Diabetes,3,42,10,300,0.0001,50,most_parsimonious,Ranked k-means,Random 50% immutable,α < 1,0.999985952854013,163320,0,1,True,5.0,2.0,0.16730408157489476,1.829229791879056,1.3123432975890776,0.31234329758907764,True,45.141899999975976,Optimization terminated successfully
Diabetes,3,42,10,300,0.0001,50,most_parsimonious,Ranked k-means,Random 75% immutable,α = 1,1.0,163320,0,1,False,,,,,,,False,39.92709999999988,No feasible counterfactual found.
Diabetes,3,42,10,300,0.0001,50,most_parsimonious,Ranked k-means,Random 75% immutable,α < 1,0.999985952854013,163320,0,1,False,,,,,,,False,56.41579999996793,No feasible counterfactual found.
Diabetes,3,42,10,300,0.0001,50,most_parsimonious,Ranked k-means,All features mutable,α = 1,1.0,177703,1,0,True,2.0,2.0,0.3311646841099415,2.5735760494298257,1.1248857536251684,0.1248857536251684,True,9.348300000056042,Optimization terminated successfully
Diabetes,3,42,10,300,0.0001,50,most_parsimonious,Ranked k-means,All features mutable,α < 1,0.9999667010862864,177703,1,0,True,2.0,2.0,0.3311966851134315,2.573700390929105,1.1248314087700373,0.12483140877003729,True,6.38179999998556,Optimization terminated successfully
Diabetes,3,42,10,300,0.0001,50,most_parsimonious,Ranked k-means,Random 25% immutable,α = 1,1.0,177703,1,0,True,2.0,2.0,0.3311646841099415,2.5735760494298257,1.1248857536251684,0.1248857536251684,True,8.732399999985319,Optimization terminated successfully
Diabetes,3,42,10,300,0.0001,50,most_parsimonious,Ranked k-means,Random 25% immutable,α < 1,0.9999667010862864,177703,1,0,True,2.0,2.0,0.3311966851134315,2.573700390929105,1.1248314087700373,0.12483140877003729,True,6.0829999999896245,Optimization terminated successfully
Diabetes,3,42,10,300,0.0001,50,most_parsimonious,Ranked k-means,Random 50% immutable,α = 1,1.0,177703,1,0,True,2.0,2.0,0.2482038561175669,2.2280208980957377,1.5008728601193935,0.5008728601193935,True,7.390299999997296,Optimization terminated successfully
Diabetes,3,42,10,300,0.0001,50,most_parsimonious,Ranked k-means,Random 50% immutable,α < 1,0.9999667010862864,177703,1,0,True,2.0,2.0,0.24822784047594523,2.228128544208997,1.5008003479453964,0.5008003479453964,True,6.1183999999911975,Optimization terminated successfully
Diabetes,3,42,10,300,0.0001,50,most_parsimonious,Ranked k-means,Random 75% immutable,α = 1,1.0,177703,1,0,True,2.0,2.0,0.3148661234296243,2.509446645894765,1.18311374125238,0.18311374125238,True,7.3879999999917345,Optimization terminated successfully
Diabetes,3,42,10,300,0.0001,50,most_parsimonious,Ranked k-means,Random 75% immutable,α < 1,0.9999667010862864,177703,1,0,True,2.0,2.0,0.3148965494756317,2.509567889002534,1.1830565827044626,0.18305658270446257,True,5.843599999934668,Optimization terminated successfully
Diabetes,3,42,10,300,0.0001,50,most_parsimonious,Ranked k-means,All features mutable,α = 1,1.0,70205,0,1,True,4.0,2.0,0.40465802608829726,2.844848066552227,1.0000000000000004,4.440892098500626e-16,True,101.81060000002162,Optimization terminated successfully
Diabetes,3,42,10,300,0.0001,50,most_parsimonious,Ranked k-means,All features mutable,α < 1,0.999985952854013,70205,0,1,True,4.0,2.0,0.4046721508429035,2.844897716414084,1.0000000000000002,2.220446049250313e-16,True,14.059800000040923,Optimization terminated successfully
Diabetes,3,42,10,300,0.0001,50,most_parsimonious,Ranked k-means,Random 25% immutable,α = 1,1.0,70205,0,1,True,3.0,2.0,0.4926590612504511,3.138977735666346,1.0,0.0,False,8.484100000032413,Optimization terminated successfully
Diabetes,3,42,10,300,0.0001,50,most_parsimonious,Ranked k-means,Random 25% immutable,α < 1,0.999985952854013,70205,0,1,True,3.0,2.0,0.49267537644064024,3.139029711361905,1.0,0.0,False,5.1412999999911335,Optimization terminated successfully
Diabetes,3,42,10,300,0.0001,50,most_parsimonious,Ranked k-means,Random 50% immutable,α = 1,1.0,70205,0,1,True,4.0,3.0,0.3740620559803316,2.7351857559600283,1.0,0.0,False,45.49009999993814,Optimization terminated successfully
Diabetes,3,42,10,300,0.0001,50,most_parsimonious,Ranked k-means,Random 50% immutable,α < 1,0.999985952854013,70205,0,1,True,4.0,3.0,0.37407429744729415,2.7352305111170945,1.0,0.0,False,18.20420000001377,Optimization terminated successfully
Diabetes,3,42,10,300,0.0001,50,most_parsimonious,Ranked k-means,Random 75% immutable,α = 1,1.0,70205,0,1,True,2.0,2.0,0.615387707436922,3.508240890922178,1.1628415001367793,0.16284150013677934,True,10.056400000053145,Optimization terminated successfully
Diabetes,3,42,10,300,0.0001,50,most_parsimonious,Ranked k-means,Random 75% immutable,α < 1,0.999985952854013,70205,0,1,True,2.0,2.0,0.6154072187081332,3.5082965060214995,1.1628230672718878,0.16282306727188778,True,5.657100000007631,Optimization terminated successfully
Diabetes,3,42,10,300,0.0001,50,most_parsimonious,Ranked k-means,All features mutable,α = 1,1.0,113060,1,0,True,2.0,2.0,0.4138286639826283,2.876903418547895,1.0062830027060632,0.00628300270606319,True,8.414300000026742,Optimization terminated successfully
Diabetes,3,42,10,300,0.0001,50,most_parsimonious,Ranked k-means,All features mutable,α < 1,0.9999667010862864,113060,1,0,True,2.0,2.0,0.41386443660410355,2.8770277600471763,1.0062395127285058,0.006239512728505758,True,2.7062999999998283,Optimization terminated successfully
Diabetes,3,42,10,300,0.0001,50,most_parsimonious,Ranked k-means,Random 25% immutable,α = 1,1.0,113060,1,0,True,2.0,2.0,0.2785465933857958,2.3602821584962923,1.4950057247761075,0.4950057247761075,True,13.561900000013338,Optimization terminated successfully
Diabetes,3,42,10,300,0.0001,50,most_parsimonious,Ranked k-means,Random 25% immutable,α < 1,0.9999667010862864,113060,1,0,True,2.0,2.0,0.2785706718093456,2.360384171313414,1.4949411120262515,0.49494111202625146,True,8.62449999999626,Optimization terminated successfully
Diabetes,3,42,10,300,0.0001,50,most_parsimonious,Ranked k-means,Random 50% immutable,α = 1,1.0,113060,1,0,True,2.0,2.0,0.9940846159912837,4.458889135179936,1.0000000000000002,2.220446049250313e-16,True,8.832099999949605,Optimization terminated successfully
Diabetes,3,42,10,300,0.0001,50,most_parsimonious,Ranked k-means,Random 50% immutable,α < 1,0.9999667010862864,113060,1,0,True,2.0,2.0,0.9941771816110514,4.459096728287134,1.0,0.0,False,2.5309000000106607,Optimization terminated successfully
Diabetes,3,42,10,300,0.0001,50,most_parsimonious,Ranked k-means,Random 75% immutable,α = 1,1.0,113060,1,0,True,3.0,3.0,0.5293664826954341,3.2538177044678886,1.1006941611215286,0.10069416112152862,True,3.2878000000664542,Optimization terminated successfully
Diabetes,3,42,10,300,0.0001,50,most_parsimonious,Ranked k-means,Random 75% immutable,α < 1,0.9999667010862864,113060,1,0,True,3.0,3.0,0.5294122427610246,3.253958336429723,1.1006465862371266,0.10064658623712663,True,13.060599999903388,Optimization terminated successfully
Diabetes,3,42,10,300,0.0001,50,most_parsimonious,Ranked k-means,All features mutable,α = 1,1.0,89934,0,1,True,3.0,2.0,0.6538740032003392,3.616279865276854,1.0,0.0,False,25.027700000009645,Optimization terminated successfully
Diabetes,3,42,10,300,0.0001,50,most_parsimonious,Ranked k-means,All features mutable,α < 1,0.999985952854013,89934,0,1,True,3.0,2.0,0.653919713301538,3.616406263962991,1.0,0.0,False,24.296999999933178,Optimization terminated successfully
Diabetes,3,42,10,300,0.0001,50,most_parsimonious,Ranked k-means,Random 25% immutable,α = 1,1.0,89934,0,1,True,2.0,2.0,0.3206747964368306,2.5324880905419103,1.214725946010294,0.21472594601029393,True,9.995600000024751,Optimization terminated successfully
Diabetes,3,42,10,300,0.0001,50,most_parsimonious,Ranked k-means,Random 25% immutable,α < 1,0.999985952854013,89934,0,1,True,2.0,2.0,0.3206889412000923,2.5325439431531778,1.2146991588462492,0.21469915884624924,True,6.556499999987864,Optimization terminated successfully
Diabetes,3,42,10,300,0.0001,50,most_parsimonious,Ranked k-means,Random 50% immutable,α = 1,1.0,89934,0,1,True,2.0,2.0,0.206803920971661,2.0337350907709735,1.0000000000000002,2.220446049250313e-16,True,11.870199999975739,Optimization terminated successfully
Diabetes,3,42,10,300,0.0001,50,most_parsimonious,Ranked k-means,Random 50% immutable,α < 1,0.999985952854013,89934,0,1,True,2.0,2.0,0.20681308277682997,2.0337801394291857,1.0000000000000002,2.220446049250313e-16,True,7.39249999992353,Optimization terminated successfully
Diabetes,3,42,10,300,0.0001,50,most_parsimonious,Ranked k-means,Random 75% immutable,α = 1,1.0,89934,0,1,True,1.0,1.0,0.38494855498382163,2.774701983939254,1.0119066285176774,0.011906628517677431,True,1.4505000000326618,Optimization terminated successfully
Diabetes,3,42,10,300,0.0001,50,most_parsimonious,Ranked k-means,Random 75% immutable,α < 1,0.999985952854013,89934,0,1,True,1.0,1.0,0.38496553482208296,2.7747631784427402,1.0118843119739853,0.011884311973985318,True,1.6423999999233274,Optimization terminated successfully
Diabetes,3,42,10,300,0.0001,50,most_parsimonious,Ranked k-means,All features mutable,α = 1,1.0,171973,1,0,True,3.0,3.0,1.463406691392062,5.410003126416956,1.0,0.0,False,7.171999999968648,Optimization terminated successfully
Diabetes,3,42,10,300,0.0001,50,most_parsimonious,Ranked k-means,All features mutable,α < 1,0.9999667010862864,171973,1,0,True,3.0,3.0,1.4635105833351112,5.410195159761082,1.0,0.0,False,9.150900000008733,Optimization terminated successfully
Diabetes,3,42,10,300,0.0001,50,most_parsimonious,Ranked k-means,Random 25% immutable,α = 1,1.0,171973,1,0,True,3.0,3.0,1.463406691392062,5.410003126416956,1.0,0.0,False,7.508400000006077,Optimization terminated successfully
Diabetes,3,42,10,300,0.0001,50,most_parsimonious,Ranked k-means,Random 25% immutable,α < 1,0.9999667010862864,171973,1,0,True,3.0,3.0,1.4635105833351112,5.410195159761082,1.0,0.0,False,10.313500000052045,Optimization terminated successfully
Diabetes,3,42,10,300,0.0001,50,most_parsimonious,Ranked k-means,Random 50% immutable,α = 1,1.0,171973,1,0,True,4.0,4.0,1.9377814804028413,6.2254019635728595,1.0,0.0,False,10.407700000087061,Optimization terminated successfully
Diabetes,3,42,10,300,0.0001,50,most_parsimonious,Ranked k-means,Random 50% immutable,α < 1,0.9999667010862864,171973,1,0,True,4.0,4.0,1.937891504735195,6.225578695567497,1.0,0.0,False,12.185899999963112,Optimization terminated successfully
Diabetes,3,42,10,300,0.0001,50,most_parsimonious,Ranked k-means,Random 75% immutable,α = 1,1.0,171973,1,0,True,3.0,3.0,1.2537660708190843,5.007526476852787,1.0000000000000002,2.220446049250313e-16,True,6.792000000018561,Optimization terminated successfully
Diabetes,3,42,10,300,0.0001,50,most_parsimonious,Ranked k-means,Random 75% immutable,α < 1,0.9999667010862864,171973,1,0,True,3.0,3.0,1.2538301767233933,5.0076544943184595,1.0,0.0,False,9.309199999961493,Optimization terminated successfully
Diabetes,3,42,10,300,0.0001,50,most_parsimonious,Ranked k-means,All features mutable,α = 1,1.0,109827,1,2,True,18.0,12.0,3.072635716790044,7.839178167116811,1.0,0.0,False,211.21679999998832,Optimization terminated successfully
Diabetes,3,42,10,300,0.0001,50,most_parsimonious,Ranked k-means,All features mutable,α < 1,0.9954269128149522,109827,1,2,True,18.0,12.0,3.1109212033677607,7.887865621786113,1.0,0.0,False,240.57170000003225,Optimization terminated successfully
Diabetes,3,42,10,300,0.0001,50,most_parsimonious,Ranked k-means,Random 25% immutable,α = 1,1.0,109827,1,2,True,13.0,10.0,3.155355718639374,7.943998638770495,1.0,0.0,False,108.44440000005307,Optimization terminated successfully
Diabetes,3,42,10,300,0.0001,50,most_parsimonious,Ranked k-means,Random 25% immutable,α < 1,0.9954269128149522,109827,1,2,True,13.0,10.0,3.193969193589492,7.992457936817049,1.0,0.0,False,97.0586999999341,Optimization terminated successfully
Diabetes,3,42,10,300,0.0001,50,most_parsimonious,Ranked k-means,Random 50% immutable,α = 1,1.0,109827,1,2,True,10.0,10.0,0.5131236038322413,3.2035093376865356,1.5390788801781157,0.5390788801781157,True,93.14719999997578,Optimization terminated successfully
Diabetes,3,42,10,300,0.0001,50,most_parsimonious,Ranked k-means,Random 50% immutable,α < 1,0.9954269128149522,109827,1,2,True,10.0,10.0,0.5170057046534154,3.215604778741988,1.533289665597262,0.5332896655972621,True,61.577000000056614,Optimization terminated successfully
Diabetes,3,42,10,300,0.0001,50,most_parsimonious,Ranked k-means,Random 75% immutable,α = 1,1.0,109827,1,2,False,,,,,,,False,13.857099999995626,No feasible counterfactual found.
Diabetes,3,42,10,300,0.0001,50,most_parsimonious,Ranked k-means,Random 75% immutable,α < 1,0.9954269128149522,109827,1,2,False,,,,,,,False,43.12690000006114,No feasible counterfactual found.
Diabetes,3,42,10,300,0.0001,50,most_parsimonious,Ranked k-means,All features mutable,α = 1,1.0,17229,1,0,True,2.0,2.0,1.2601989304927979,5.020356422591523,1.0,0.0,False,2.514700000006087,Optimization terminated successfully
Diabetes,3,42,10,300,0.0001,50,most_parsimonious,Ranked k-means,All features mutable,α < 1,0.9999667010862864,17229,1,0,True,2.0,2.0,1.2603366237054876,5.0206306848950515,1.0,0.0,False,5.26830000001155,Optimization terminated successfully
Diabetes,3,42,10,300,0.0001,50,most_parsimonious,Ranked k-means,Random 25% immutable,α = 1,1.0,17229,1,0,True,2.0,2.0,1.2601989304927979,5.020356422591523,1.0,0.0,False,2.6422000000820844,Optimization terminated successfully
Diabetes,3,42,10,300,0.0001,50,most_parsimonious,Ranked k-means,Random 25% immutable,α < 1,0.9999667010862864,17229,1,0,True,2.0,2.0,1.2603366237054876,5.0206306848950515,1.0,0.0,False,4.844899999966401,Optimization terminated successfully
Diabetes,3,42,10,300,0.0001,50,most_parsimonious,Ranked k-means,Random 50% immutable,α = 1,1.0,17229,1,0,True,2.0,2.0,0.5655581559184311,3.3632072666382933,1.0491875926938683,0.0491875926938683,True,2.910100000008242,Optimization terminated successfully
Diabetes,3,42,10,300,0.0001,50,most_parsimonious,Ranked k-means,Random 50% immutable,α < 1,0.9999667010862864,17229,1,0,True,2.0,2.0,0.5655924654635452,3.3633092794554154,1.0491557714261095,0.049155771426109496,True,3.8827999999284657,Optimization terminated successfully
Diabetes,3,42,10,300,0.0001,50,most_parsimonious,Ranked k-means,Random 75% immutable,α = 1,1.0,17229,1,0,True,3.0,3.0,0.8654127757652588,4.1603191602694585,1.0244487181146167,0.024448718114616685,True,12.4386999999615,Optimization terminated successfully
Diabetes,3,42,10,300,0.0001,50,most_parsimonious,Ranked k-means,Random 75% immutable,α < 1,0.9999667010862864,17229,1,0,True,3.0,3.0,0.8654652759694577,4.160445351087928,1.0244176452428728,0.02441764524287282,True,19.02630000006411,Optimization terminated successfully
Diabetes,3,42,10,300,0.0001,50,most_parsimonious,Ranked k-means,All features mutable,α = 1,1.0,199382,0,1,True,4.0,3.0,0.6835259341940965,3.6973664524742373,1.0,0.0,False,18.33410000006097,Optimization terminated successfully
Diabetes,3,42,10,300,0.0001,50,most_parsimonious,Ranked k-means,All features mutable,α < 1,0.999985952854013,199382,0,1,True,4.0,3.0,0.6835397993114553,3.6974039522655766,1.0000000000000002,2.220446049250313e-16,True,21.124299999996765,Optimization terminated successfully
Diabetes,3,42,10,300,0.0001,50,most_parsimonious,Ranked k-means,Random 25% immutable,α = 1,1.0,199382,0,1,True,4.0,3.0,0.6835259341940965,3.6973664524742373,1.0,0.0,False,17.854800000009163,Optimization terminated successfully
Diabetes,3,42,10,300,0.0001,50,most_parsimonious,Ranked k-means,Random 25% immutable,α < 1,0.999985952854013,199382,0,1,True,4.0,3.0,0.6835397993114553,3.6974039522655766,1.0000000000000002,2.220446049250313e-16,True,22.031400000059875,Optimization terminated successfully
Diabetes,3,42,10,300,0.0001,50,most_parsimonious,Ranked k-means,Random 50% immutable,α = 1,1.0,199382,0,1,True,4.0,3.0,0.7961581438099175,3.990383800613463,1.0,0.0,False,18.266799999992145,Optimization terminated successfully
Diabetes,3,42,10,300,0.0001,50,most_parsimonious,Ranked k-means,Random 50% immutable,α < 1,0.999985952854013,199382,0,1,True,4.0,3.0,0.7961769625513148,3.9904309605638204,1.0,0.0,False,20.6670000000031,Optimization terminated successfully
Diabetes,3,42,10,300,0.0001,50,most_parsimonious,Ranked k-means,Random 75% immutable,α = 1,1.0,199382,0,1,False,,,,,,,False,24.770399999965775,No feasible counterfactual found.
Diabetes,3,42,10,300,0.0001,50,most_parsimonious,Ranked k-means,Random 75% immutable,α < 1,0.999985952854013,199382,0,1,False,,,,,,,False,36.74900000009984,No feasible counterfactual found.
Diabetes,3,42,10,300,0.0001,50,most_parsimonious,Ranked k-means,All features mutable,α = 1,1.0,133536,1,2,True,18.0,7.0,1.0078228134380125,4.48959422094695,1.0,0.0,False,212.27209999995011,Optimization terminated successfully
Diabetes,3,42,10,300,0.0001,50,most_parsimonious,Ranked k-means,All features mutable,α < 1,0.9954269128149522,133536,1,2,True,18.0,7.0,1.0367634479624304,4.553599560704543,1.0,0.0,False,167.5143999999591,Optimization terminated successfully
Diabetes,3,42,10,300,0.0001,50,most_parsimonious,Ranked k-means,Random 25% immutable,α = 1,1.0,133536,1,2,True,14.0,7.0,1.032916718521074,4.545144042868332,1.0,0.0,False,209.5692999999983,Optimization terminated successfully
Diabetes,3,42,10,300,0.0001,50,most_parsimonious,Ranked k-means,Random 25% immutable,α < 1,0.9954269128149522,133536,1,2,True,14.0,7.0,1.0605292728492257,4.605495137005848,1.0,0.0,False,254.03380000000197,Optimization terminated successfully
Diabetes,3,42,10,300,0.0001,50,most_parsimonious,Ranked k-means,Random 50% immutable,α = 1,1.0,133536,1,2,False,,,,,,,False,86.23640000007526,No feasible counterfactual found.
Diabetes,3,42,10,300,0.0001,50,most_parsimonious,Ranked k-means,Random 50% immutable,α < 1,0.9954269128149522,133536,1,2,False,,,,,,,False,46.157200000038756,No feasible counterfactual found.
Diabetes,3,42,10,300,0.0001,50,most_parsimonious,Ranked k-means,Random 75% immutable,α = 1,1.0,133536,1,2,False,,,,,,,False,41.44189999999526,No feasible counterfactual found.
Diabetes,3,42,10,300,0.0001,50,most_parsimonious,Ranked k-means,Random 75% immutable,α < 1,0.9954269128149522,133536,1,2,False,,,,,,,False,58.868700000061835,No feasible counterfactual found.
Diabetes,3,42,10,300,0.0001,50,most_parsimonious,Ranked k-means,All features mutable,α = 1,1.0,126914,0,1,True,5.0,4.0,1.8048511162302836,6.008079753515733,1.0,0.0,False,26.11139999999068,Optimization terminated successfully
Diabetes,3,42,10,300,0.0001,50,most_parsimonious,Ranked k-means,All features mutable,α < 1,0.999985952854013,126914,0,1,True,5.0,4.0,1.8048718708428453,6.0081142979188495,1.0000000000000002,2.220446049250313e-16,True,68.70520000006763,Optimization terminated successfully
Diabetes,3,42,10,300,0.0001,50,most_parsimonious,Ranked k-means,Random 25% immutable,α = 1,1.0,126914,0,1,True,13.0,8.0,2.4061949752144574,6.937139144077272,1.0,0.0,False,181.8898999999874,Optimization terminated successfully
Diabetes,3,42,10,300,0.0001,50,most_parsimonious,Ranked k-means,Random 25% immutable,α < 1,0.999985952854013,126914,0,1,True,13.0,8.0,2.4062447001946223,6.937210823082461,1.0,0.0,False,147.72229999994124,Optimization terminated successfully
Diabetes,3,42,10,300,0.0001,50,most_parsimonious,Ranked k-means,Random 50% immutable,α = 1,1.0,126914,0,1,True,5.0,5.0,1.9999610438027118,6.324493724880611,1.0000000000000004,4.440892098500626e-16,True,53.24350000000777,Optimization terminated successfully
Diabetes,3,42,10,300,0.0001,50,most_parsimonious,Ranked k-means,Random 50% immutable,α < 1,0.999985952854013,126914,0,1,True,5.0,5.0,1.9999850982374623,6.324531758537484,1.0,0.0,False,39.31760000000395,Optimization terminated successfully
Diabetes,3,42,10,300,0.0001,50,most_parsimonious,Ranked k-means,Random 75% immutable,α = 1,1.0,126914,0,1,False,,,,,,,False,10.77620000000934,No feasible counterfactual found.
Diabetes,3,42,10,300,0.0001,50,most_parsimonious,Ranked k-means,Random 75% immutable,α < 1,0.999985952854013,126914,0,1,False,,,,,,,False,21.66809999994257,No feasible counterfactual found.
Diabetes,3,42,10,300,0.0001,50,most_parsimonious,Ranked k-means,All features mutable,α = 1,1.0,192305,0,1,True,5.0,4.0,0.7124967575847488,3.7749086282577724,1.0,0.0,False,40.55160000007163,Optimization terminated successfully
Diabetes,3,42,10,300,0.0001,50,most_parsimonious,Ranked k-means,All features mutable,α < 1,0.999985952854013,192305,0,1,True,5.0,4.0,0.7125103637148051,3.774944671686739,1.0,0.0,False,43.34059999996498,Optimization terminated successfully
Diabetes,3,42,10,300,0.0001,50,most_parsimonious,Ranked k-means,Random 25% immutable,α = 1,1.0,192305,0,1,True,5.0,4.0,1.0041652349273045,4.481440025097523,1.0,0.0,False,44.96849999998176,Optimization terminated successfully
Diabetes,3,42,10,300,0.0001,50,most_parsimonious,Ranked k-means,Random 25% immutable,α < 1,0.999985952854013,192305,0,1,True,5.0,4.0,1.0041862708259301,4.481486964894421,1.0,0.0,False,22.10390000004736,Optimization terminated successfully
Diabetes,3,42,10,300,0.0001,50,most_parsimonious,Ranked k-means,Random 50% immutable,α = 1,1.0,192305,0,1,True,4.0,3.0,0.8194382817224499,4.048304044220123,1.0286061537366769,0.028606153736676854,True,40.55629999993471,Optimization terminated successfully
Diabetes,3,42,10,300,0.0001,50,most_parsimonious,Ranked k-means,Random 50% immutable,α < 1,0.999985952854013,192305,0,1,True,4.0,3.0,0.8194530446465667,4.048340510991057,1.0285968900179674,0.02859689001796739,True,52.9046000000335,Optimization terminated successfully
Diabetes,3,42,10,300,0.0001,50,most_parsimonious,Ranked k-means,Random 75% immutable,α = 1,1.0,192305,0,1,False,,,,,,,False,90.60780000004343,No feasible counterfactual found.
Diabetes,3,42,10,300,0.0001,50,most_parsimonious,Ranked k-means,Random 75% immutable,α < 1,0.999985952854013,192305,0,1,False,,,,,,,False,18.493300000045565,No feasible counterfactual found.
Diabetes,3,42,10,300,0.0001,50,most_parsimonious,Ranked k-means,All features mutable,α = 1,1.0,51100,1,0,True,3.0,3.0,0.9801805272247777,4.427596474894201,1.0,0.0,False,15.484799999967436,Optimization terminated successfully
Diabetes,3,42,10,300,0.0001,50,most_parsimonious,Ranked k-means,All features mutable,α < 1,0.9999667010862864,51100,1,0,True,3.0,3.0,0.9802302125115419,4.42770869075991,1.0,0.0,False,17.897699999934957,Optimization terminated successfully
Diabetes,3,42,10,300,0.0001,50,most_parsimonious,Ranked k-means,Random 25% immutable,α = 1,1.0,51100,1,0,True,3.0,3.0,0.7026948979077817,3.7488528856379033,1.150699779279346,0.15069977927934608,True,6.829499999980726,Optimization terminated successfully
Diabetes,3,42,10,300,0.0001,50,most_parsimonious,Ranked k-means,Random 25% immutable,α < 1,0.9999667010862864,51100,1,0,True,3.0,3.0,0.7027261806141966,3.7489363307855643,1.1506742011268039,0.15067420112680385,True,12.21629999997731,Optimization terminated successfully
Diabetes,3,42,10,300,0.0001,50,most_parsimonious,Ranked k-means,Random 50% immutable,α = 1,1.0,51100,1,0,True,3.0,3.0,0.7931458460090892,3.9828277542697954,1.0194731288864314,0.01947312888643138,True,6.694100000004255,Optimization terminated successfully
Diabetes,3,42,10,300,0.0001,50,most_parsimonious,Ranked k-means,Random 50% immutable,α < 1,0.9999667010862864,51100,1,0,True,3.0,3.0,0.7931811554281807,3.982916407428558,1.0194504448200212,0.01945044482002123,True,11.675900000000183,Optimization terminated successfully
Diabetes,3,42,10,300,0.0001,50,most_parsimonious,Ranked k-means,Random 75% immutable,α = 1,1.0,51100,1,0,False,,,,,,,False,58.01650000000791,No feasible counterfactual found.
Diabetes,3,42,10,300,0.0001,50,most_parsimonious,Ranked k-means,Random 75% immutable,α < 1,0.9999667010862864,51100,1,0,False,,,,,,,False,45.408599999973376,No feasible counterfactual found.
Diabetes,3,42,10,300,0.0001,50,most_parsimonious,Ranked k-means,All features mutable,α = 1,1.0,213001,1,2,True,18.0,12.0,2.665292365295482,7.301085351227559,1.0000000000000004,4.440892098500626e-16,True,268.7041000000363,Optimization terminated successfully
Diabetes,3,42,10,300,0.0001,50,most_parsimonious,Ranked k-means,All features mutable,α < 1,0.9954269128149522,213001,1,2,True,18.0,12.0,2.7067986474211803,7.357715198920355,1.0,0.0,False,305.03219999991416,Optimization terminated successfully
Diabetes,3,42,10,300,0.0001,50,most_parsimonious,Ranked k-means,Random 25% immutable,α = 1,1.0,213001,1,2,True,15.0,15.0,0.37940406046732594,2.754647202337628,1.254985157012743,0.25498515701274305,True,118.38990000001104,Optimization terminated successfully
Diabetes,3,42,10,300,0.0001,50,most_parsimonious,Ranked k-means,Random 25% immutable,α < 1,0.9954269128149522,213001,1,2,True,15.0,15.0,0.3826512918550223,2.766410279965798,1.2496488471459157,0.24964884714591573,True,221.75449999997454,Optimization terminated successfully
Diabetes,3,42,10,300,0.0001,50,most_parsimonious,Ranked k-means,Random 50% immutable,α = 1,1.0,213001,1,2,True,10.0,10.0,0.39565054246803844,2.8130074385541124,1.2034520710654737,0.2034520710654737,True,72.25479999999607,Optimization terminated successfully
Diabetes,3,42,10,300,0.0001,50,most_parsimonious,Ranked k-means,Random 50% immutable,α < 1,0.9954269128149522,213001,1,2,True,10.0,10.0,0.39903682372838917,2.825019729943099,1.1983348540859413,0.19833485408594131,True,73.95969999993213,Optimization terminated successfully
Diabetes,3,42,10,300,0.0001,50,most_parsimonious,Ranked k-means,Random 75% immutable,α = 1,1.0,213001,1,2,False,,,,,,,False,27.580600000078448,No feasible counterfactual found.
Diabetes,3,42,10,300,0.0001,50,most_parsimonious,Ranked k-means,Random 75% immutable,α < 1,0.9954269128149522,213001,1,2,False,,,,,,,False,39.73410000003241,No feasible counterfactual found.
Diabetes,3,42,10,300,0.0001,50,most_parsimonious,Ranked k-means,All features mutable,α = 1,1.0,140678,0,1,True,4.0,2.0,0.45909198402033075,3.0301550588058386,1.0,0.0,False,16.71699999997145,Optimization terminated successfully
Diabetes,3,42,10,300,0.0001,50,most_parsimonious,Ranked k-means,All features mutable,α < 1,0.999985952854013,140678,0,1,True,4.0,2.0,0.4591076949815406,3.0302069070660527,1.0000000000000002,2.220446049250313e-16,True,48.380400000041845,Optimization terminated successfully
Diabetes,3,42,10,300,0.0001,50,most_parsimonious,Ranked k-means,Random 25% immutable,α = 1,1.0,140678,0,1,True,7.0,4.0,0.4093061194272757,2.861140050494822,1.0000000000000004,4.440892098500626e-16,True,45.11400000001231,Optimization terminated successfully
Diabetes,3,42,10,300,0.0001,50,most_parsimonious,Ranked k-means,Random 25% immutable,α < 1,0.999985952854013,140678,0,1,True,7.0,4.0,0.4093221676839217,2.8611961403717907,1.0,0.0,False,72.25270000003547,Optimization terminated successfully
Diabetes,3,42,10,300,0.0001,50,most_parsimonious,Ranked k-means,Random 50% immutable,α = 1,1.0,140678,0,1,True,3.0,2.0,0.4590919840203307,3.0301550588058386,1.0000000000000002,2.220446049250313e-16,True,7.373400000005859,Optimization terminated successfully
Diabetes,3,42,10,300,0.0001,50,most_parsimonious,Ranked k-means,Random 50% immutable,α < 1,0.999985952854013,140678,0,1,True,3.0,2.0,0.4591076949815409,3.0302069070660536,1.0,0.0,False,64.35510000005706,Optimization terminated successfully
Diabetes,3,42,10,300,0.0001,50,most_parsimonious,Ranked k-means,Random 75% immutable,α = 1,1.0,140678,0,1,False,,,,,,,False,36.214000000086344,No feasible counterfactual found.
Diabetes,3,42,10,300,0.0001,50,most_parsimonious,Ranked k-means,Random 75% immutable,α < 1,0.999985952854013,140678,0,1,False,,,,,,,False,76.4444999999796,No feasible counterfactual found.
Diabetes,3,42,10,300,0.0001,50,most_parsimonious,Ranked k-means,All features mutable,α = 1,1.0,208700,1,0,True,2.0,2.0,0.24142654758536336,2.1973918521072355,1.31746143017585,0.31746143017585005,True,6.4102000000048065,Optimization terminated successfully
Diabetes,3,42,10,300,0.0001,50,most_parsimonious,Ranked k-means,All features mutable,α < 1,0.9999667010862864,208700,1,0,True,2.0,2.0,0.24145387105814328,2.1975161936065146,1.3173868845720582,0.3173868845720582,True,4.110100000048078,Optimization terminated successfully
Diabetes,3,42,10,300,0.0001,50,most_parsimonious,Ranked k-means,Random 25% immutable,α = 1,1.0,208700,1,0,True,2.0,2.0,0.24142654758536336,2.1973918521072355,1.31746143017585,0.31746143017585005,True,6.540800000038871,Optimization terminated successfully
Diabetes,3,42,10,300,0.0001,50,most_parsimonious,Ranked k-means,Random 25% immutable,α < 1,0.9999667010862864,208700,1,0,True,2.0,2.0,0.24145387105814328,2.1975161936065146,1.3173868845720582,0.3173868845720582,True,3.626000000053864,Optimization terminated successfully
Diabetes,3,42,10,300,0.0001,50,most_parsimonious,Ranked k-means,Random 50% immutable,α = 1,1.0,208700,1,0,True,1.0,1.0,0.28311943583911403,2.3795774239940757,1.1234487126455897,0.12344871264558965,True,1.3839000000643864,Optimization terminated successfully
Diabetes,3,42,10,300,0.0001,50,most_parsimonious,Ranked k-means,Random 50% immutable,α < 1,0.9999667010862864,208700,1,0,True,1.0,1.0,0.28315147790853873,2.379712074636504,1.1233851448331196,0.12338514483311958,True,1.4005000000452128,Optimization terminated successfully
Diabetes,3,42,10,300,0.0001,50,most_parsimonious,Ranked k-means,Random 75% immutable,α = 1,1.0,208700,1,0,True,1.0,1.0,0.28311943583911403,2.3795774239940757,1.1234487126455897,0.12344871264558965,True,1.4179000000922315,Optimization terminated successfully
Diabetes,3,42,10,300,0.0001,50,most_parsimonious,Ranked k-means,Random 75% immutable,α < 1,0.9999667010862864,208700,1,0,True,1.0,1.0,0.28315147790853873,2.379712074636504,1.1233851448331196,0.12338514483311958,True,1.5491000000338317,Optimization terminated successfully
Diabetes,3,42,10,300,0.0001,50,most_parsimonious,Ranked k-means,All features mutable,α = 1,1.0,41913,1,2,True,18.0,11.0,2.396197218855145,6.9227122125004525,1.0,0.0,False,250.9992999999895,Optimization terminated successfully
Diabetes,3,42,10,300,0.0001,50,most_parsimonious,Ranked k-means,All features mutable,α < 1,0.9954269128149522,41913,1,2,True,18.0,11.0,2.434275639566879,6.977500468745063,1.0000000000000007,6.661338147750939e-16,True,321.76320000007763,Optimization terminated successfully
Diabetes,3,42,10,300,0.0001,50,most_parsimonious,Ranked k-means,Random 25% immutable,α = 1,1.0,41913,1,2,True,14.0,8.0,3.061507086637045,7.824969120242002,1.0000000000000002,2.220446049250313e-16,True,108.27040000003763,Optimization terminated successfully
Diabetes,3,42,10,300,0.0001,50,most_parsimonious,Ranked k-means,Random 25% immutable,α < 1,0.9954269128149522,41913,1,2,True,14.0,8.0,3.1132100540694325,7.890766824674814,1.0000000000000004,4.440892098500626e-16,True,149.00090000003274,Optimization terminated successfully
Diabetes,3,42,10,300,0.0001,50,most_parsimonious,Ranked k-means,Random 50% immutable,α = 1,1.0,41913,1,2,False,,,,,,,False,72.31520000004821,No feasible counterfactual found.
Diabetes,3,42,10,300,0.0001,50,most_parsimonious,Ranked k-means,Random 50% immutable,α < 1,0.9954269128149522,41913,1,2,False,,,,,,,False,51.18019999997614,No feasible counterfactual found.
Diabetes,3,42,10,300,0.0001,50,most_parsimonious,Ranked k-means,Random 75% immutable,α = 1,1.0,41913,1,2,True,5.0,4.0,0.4091867391160532,2.8607227727134035,1.6351915404958624,0.6351915404958624,True,7.954699999913828,Optimization terminated successfully
Diabetes,3,42,10,300,0.0001,50,most_parsimonious,Ranked k-means,Random 75% immutable,α < 1,0.9954269128149522,41913,1,2,True,5.0,4.0,0.41284190067329535,2.873471422072248,1.6279367448284672,0.6279367448284672,True,8.45440000000508,Optimization terminated successfully
Diabetes,3,42,10,300,0.0001,50,most_parsimonious,Ranked k-means,All features mutable,α = 1,1.0,176879,0,2,True,18.0,14.0,3.4423486248637487,8.297407576904666,1.0,0.0,False,274.51970000004167,Optimization terminated successfully
Diabetes,3,42,10,300,0.0001,50,most_parsimonious,Ranked k-means,All features mutable,α < 1,0.9954269128149522,176879,0,2,True,18.0,14.0,3.490063308831168,8.354715206194845,1.0,0.0,False,289.73210000003746,Optimization terminated successfully
Diabetes,3,42,10,300,0.0001,50,most_parsimonious,Ranked k-means,Random 25% immutable,α = 1,1.0,176879,0,2,True,15.0,10.0,0.5728643054828232,3.384861313208631,1.5163018769492773,0.5163018769492773,True,92.13030000000799,Optimization terminated successfully
Diabetes,3,42,10,300,0.0001,50,most_parsimonious,Ranked k-means,Random 25% immutable,α < 1,0.9954269128149522,176879,0,2,True,15.0,10.0,0.5772332443344931,3.3977440878750507,1.5105527181070713,0.5105527181070713,True,192.3117999999704,Optimization terminated successfully
Diabetes,3,42,10,300,0.0001,50,most_parsimonious,Ranked k-means,Random 50% immutable,α = 1,1.0,176879,0,2,False,,,,,,,False,82.0793999999978,No feasible counterfactual found.
Diabetes,3,42,10,300,0.0001,50,most_parsimonious,Ranked k-means,Random 50% immutable,α < 1,0.9954269128149522,176879,0,2,False,,,,,,,False,114.55160000002707,No feasible counterfactual found.
Diabetes,3,42,10,300,0.0001,50,most_parsimonious,Ranked k-means,Random 75% immutable,α = 1,1.0,176879,0,2,False,,,,,,,False,17.91060000005018,No feasible counterfactual found.
Diabetes,3,42,10,300,0.0001,50,most_parsimonious,Ranked k-means,Random 75% immutable,α < 1,0.9954269128149522,176879,0,2,False,,,,,,,False,37.85819999995965,No feasible counterfactual found.
Diabetes,3,42,10,300,0.0001,50,most_parsimonious,Ranked k-means,All features mutable,α = 1,1.0,225226,0,2,True,18.0,15.0,5.139301688106195,10.138344724959982,1.0,0.0,False,414.20080000000326,Optimization terminated successfully
Diabetes,3,42,10,300,0.0001,50,most_parsimonious,Ranked k-means,All features mutable,α < 1,0.9954269128149522,225226,0,2,True,18.0,15.0,5.195656957148239,10.193779433701947,1.0,0.0,False,351.80170000001,Optimization terminated successfully
Diabetes,3,42,10,300,0.0001,50,most_parsimonious,Ranked k-means,Random 25% immutable,α = 1,1.0,225226,0,2,True,15.0,9.0,0.8468200625875627,4.115385917717955,1.2622071046795766,0.26220710467957664,True,264.86339999996744,Optimization terminated successfully
Diabetes,3,42,10,300,0.0001,50,most_parsimonious,Ranked k-means,Random 25% immutable,α < 1,0.9954269128149522,225226,0,2,True,15.0,9.0,0.8520666447470497,4.1281149323802735,1.258315098174692,0.258315098174692,True,155.93230000001768,Optimization terminated successfully
Diabetes,3,42,10,300,0.0001,50,most_parsimonious,Ranked k-means,Random 50% immutable,α = 1,1.0,225226,0,2,True,10.0,7.0,0.9453264896794312,4.348163956613023,1.130680569393498,0.13068056939349804,True,92.52719999994952,Optimization terminated successfully
Diabetes,3,42,10,300,0.0001,50,most_parsimonious,Ranked k-means,Random 50% immutable,α < 1,0.9954269128149522,225226,0,2,True,10.0,7.0,0.951183381024794,4.361612960877647,1.1271941233523246,0.1271941233523246,True,100.32869999997729,Optimization terminated successfully
Diabetes,3,42,10,300,0.0001,50,most_parsimonious,Ranked k-means,Random 75% immutable,α = 1,1.0,225226,0,2,False,,,,,,,False,19.479900000078487,No feasible counterfactual found.
Diabetes,3,42,10,300,0.0001,50,most_parsimonious,Ranked k-means,Random 75% immutable,α < 1,0.9954269128149522,225226,0,2,False,,,,,,,False,16.604700000016237,No feasible counterfactual found.
Diabetes,3,42,10,300,0.0001,50,most_parsimonious,Ranked k-means,All features mutable,α = 1,1.0,226565,1,2,True,18.0,14.0,3.042479535809542,7.800614765272724,1.0,0.0,False,221.45960000000287,Optimization terminated successfully
Diabetes,3,42,10,300,0.0001,50,most_parsimonious,Ranked k-means,All features mutable,α < 1,0.9954269128149522,226565,1,2,True,18.0,14.0,3.08534485663671,7.855373774221962,1.0000000000000004,4.440892098500626e-16,True,208.84620000003906,Optimization terminated successfully
Diabetes,3,42,10,300,0.0001,50,most_parsimonious,Ranked k-means,Random 25% immutable,α = 1,1.0,226565,1,2,True,15.0,15.0,0.43558205054325877,2.9515489172407725,1.6913818709110309,0.6913818709110309,True,171.69259999991482,Optimization terminated successfully
Diabetes,3,42,10,300,0.0001,50,most_parsimonious,Ranked k-means,Random 25% immutable,α < 1,0.9954269128149522,226565,1,2,True,15.0,15.0,0.43911506073234935,2.9634947637286264,1.6845639063546676,0.6845639063546676,True,163.19639999994706,Optimization terminated successfully
Diabetes,3,42,10,300,0.0001,50,most_parsimonious,Ranked k-means,Random 50% immutable,α = 1,1.0,226565,1,2,True,10.0,10.0,0.43657259938303294,2.9549030420067353,1.6875442602951922,0.6875442602951922,True,50.441400000067915,Optimization terminated successfully
Diabetes,3,42,10,300,0.0001,50,most_parsimonious,Ranked k-means,Random 50% immutable,α < 1,0.9954269128149522,226565,1,2,True,10.0,10.0,0.4401136439232616,2.966862463692112,1.6807417652365215,0.6807417652365215,True,109.9931999999626,Optimization terminated successfully
Diabetes,3,42,10,300,0.0001,50,most_parsimonious,Ranked k-means,Random 75% immutable,α = 1,1.0,226565,1,2,False,,,,,,,False,21.389600000020437,No feasible counterfactual found.
Diabetes,3,42,10,300,0.0001,50,most_parsimonious,Ranked k-means,Random 75% immutable,α < 1,0.9954269128149522,226565,1,2,False,,,,,,,False,10.712000000012267,No feasible counterfactual found.
Diabetes,3,42,10,300,0.0001,50,most_parsimonious,Ranked k-means,All features mutable,α = 1,1.0,111314,1,2,True,18.0,15.0,3.625548096153836,8.515336864920654,1.0,0.0,False,316.7131000000154,Optimization terminated successfully
Diabetes,3,42,10,300,0.0001,50,most_parsimonious,Ranked k-means,All features mutable,α < 1,0.9954269128149522,111314,1,2,True,18.0,15.0,3.6731611686642784,8.571068974946215,1.0,0.0,False,265.08910000006836,Optimization terminated successfully
Diabetes,3,42,10,300,0.0001,50,most_parsimonious,Ranked k-means,Random 25% immutable,α = 1,1.0,111314,1,2,True,15.0,14.0,0.3946860710540733,2.809576733438947,1.8072803865330862,0.8072803865330862,True,164.89639999997507,Optimization terminated successfully
Diabetes,3,42,10,300,0.0001,50,most_parsimonious,Ranked k-means,Random 25% immutable,α < 1,0.9954269128149522,111314,1,2,True,15.0,14.0,0.39799273326036944,2.821321439539881,1.7997569445792094,0.7997569445792094,True,247.79509999996208,Optimization terminated successfully
Diabetes,3,42,10,300,0.0001,50,most_parsimonious,Ranked k-means,Random 50% immutable,α = 1,1.0,111314,1,2,False,,,,,,,False,96.11169999993763,No feasible counterfactual found.
Diabetes,3,42,10,300,0.0001,50,most_parsimonious,Ranked k-means,Random 50% immutable,α < 1,0.9954269128149522,111314,1,2,False,,,,,,,False,74.08229999998639,No feasible counterfactual found.
Diabetes,3,42,10,300,0.0001,50,most_parsimonious,Ranked k-means,Random 75% immutable,α = 1,1.0,111314,1,2,False,,,,,,,False,46.773499999972046,No feasible counterfactual found.
Diabetes,3,42,10,300,0.0001,50,most_parsimonious,Ranked k-means,Random 75% immutable,α < 1,0.9954269128149522,111314,1,2,False,,,,,,,False,34.871699999939665,No feasible counterfactual found.
Diabetes,3,42,10,300,0.0001,50,most_parsimonious,Ranked k-means,All features mutable,α = 1,1.0,23371,1,0,True,3.0,3.0,0.7509209136367837,3.8753604055281974,1.0,0.0,False,15.679500000032931,Optimization terminated successfully
Diabetes,3,42,10,300,0.0001,50,most_parsimonious,Ranked k-means,All features mutable,α < 1,0.9999667010862864,23371,1,0,True,3.0,3.0,0.7509604102200849,3.875462321375567,1.0,0.0,False,12.32520000007753,Optimization terminated successfully
Diabetes,3,42,10,300,0.0001,50,most_parsimonious,Ranked k-means,Random 25% immutable,α = 1,1.0,23371,1,0,True,3.0,3.0,0.7509209136367837,3.8753604055281974,1.0,0.0,False,14.048999999999978,Optimization terminated successfully
Diabetes,3,42,10,300,0.0001,50,most_parsimonious,Ranked k-means,Random 25% immutable,α < 1,0.9999667010862864,23371,1,0,True,3.0,3.0,0.7509604102200849,3.875462321375567,1.0,0.0,False,12.324899999953232,Optimization terminated successfully
Diabetes,3,42,10,300,0.0001,50,most_parsimonious,Ranked k-means,Random 50% immutable,α = 1,1.0,23371,1,0,True,2.0,2.0,0.8946471771996584,4.230005147040978,1.1958484210980564,0.19584842109805645,True,7.042099999921447,Optimization terminated successfully
Diabetes,3,42,10,300,0.0001,50,most_parsimonious,Ranked k-means,Random 50% immutable,α < 1,0.9999667010862864,23371,1,0,True,2.0,2.0,0.8946921524869873,4.230111470131696,1.195818428835656,0.19581842883565592,True,5.641900000000533,Optimization terminated successfully
Diabetes,3,42,10,300,0.0001,50,most_parsimonious,Ranked k-means,Random 75% immutable,α = 1,1.0,23371,1,0,False,,,,,,,False,70.49949999998262,No feasible counterfactual found.
Diabetes,3,42,10,300,0.0001,50,most_parsimonious,Ranked k-means,Random 75% immutable,α < 1,0.9999667010862864,23371,1,0,False,,,,,,,False,21.698199999946155,No feasible counterfactual found.
Diabetes,3,42,10,300,0.0001,50,most_parsimonious,Ranked k-means,All features mutable,α = 1,1.0,217771,1,0,True,2.0,2.0,0.2792555753493384,2.3632840512699205,1.2249814104970946,0.22498141049709464,True,2.708400000074107,Optimization terminated successfully
Diabetes,3,42,10,300,0.0001,50,most_parsimonious,Ranked k-means,All features mutable,α < 1,0.9999667010862864,217771,1,0,True,2.0,2.0,0.27928496155059485,2.363408392769201,1.2249169659189902,0.22491696591899024,True,5.1597000000356275,Optimization terminated successfully
Diabetes,3,42,10,300,0.0001,50,most_parsimonious,Ranked k-means,Random 25% immutable,α = 1,1.0,217771,1,0,True,2.0,2.0,0.3579298749710695,2.6755555496796157,1.4279615525904494,0.42796155259044943,True,3.0887000000348053,Optimization terminated successfully
Diabetes,3,42,10,300,0.0001,50,most_parsimonious,Ranked k-means,Random 25% immutable,α < 1,0.9999667010862864,217771,1,0,True,2.0,2.0,0.3579675401074895,2.6756963209882003,1.4278864263345783,0.4278864263345783,True,4.925799999909941,Optimization terminated successfully
Diabetes,3,42,10,300,0.0001,50,most_parsimonious,Ranked k-means,Random 50% immutable,α = 1,1.0,217771,1,0,True,2.0,2.0,0.3579298749710695,2.6755555496796157,1.4279615525904494,0.42796155259044943,True,2.627399999937552,Optimization terminated successfully
Diabetes,3,42,10,300,0.0001,50,most_parsimonious,Ranked k-means,Random 50% immutable,α < 1,0.9999667010862864,217771,1,0,True,2.0,2.0,0.3579675401074895,2.6756963209882003,1.4278864263345783,0.4278864263345783,True,5.218599999921025,Optimization terminated successfully
Diabetes,3,42,10,300,0.0001,50,most_parsimonious,Ranked k-means,Random 75% immutable,α = 1,1.0,217771,1,0,True,2.0,2.0,0.806424514722448,4.01602917001968,1.3292430254185439,0.3292430254185439,True,2.728700000034223,Optimization terminated successfully
Diabetes,3,42,10,300,0.0001,50,most_parsimonious,Ranked k-means,Random 75% immutable,α < 1,0.9999667010862864,217771,1,0,True,2.0,2.0,0.8065093751699401,4.016240468821408,1.329173088965064,0.3291730889650639,True,5.727500000034524,Optimization terminated successfully
Diabetes,3,42,10,300,0.0001,50,most_parsimonious,Ranked k-means,All features mutable,α = 1,1.0,235077,1,0,True,1.0,1.0,5.4117779013817115e-05,0.03289917294213249,154.06421625944753,153.06421625944753,True,1.00679999991371,Optimization terminated successfully
Diabetes,3,42,10,300,0.0001,50,most_parsimonious,Ranked k-means,All features mutable,α < 1,0.9999667010862864,235077,1,0,True,1.0,1.0,5.518902285859789e-05,0.033223191556079584,152.56166122264534,151.56166122264534,True,1.1541000000079293,Optimization terminated successfully
Diabetes,3,42,10,300,0.0001,50,most_parsimonious,Ranked k-means,Random 25% immutable,α = 1,1.0,235077,1,0,True,1.0,1.0,5.4117779013817115e-05,0.03289917294213249,154.06421625944753,153.06421625944753,True,1.0163000000602551,Optimization terminated successfully
Diabetes,3,42,10,300,0.0001,50,most_parsimonious,Ranked k-means,Random 25% immutable,α < 1,0.9999667010862864,235077,1,0,True,1.0,1.0,5.518902285859789e-05,0.033223191556079584,152.56166122264534,151.56166122264534,True,1.1454000000412634,Optimization terminated successfully
Diabetes,3,42,10,300,0.0001,50,most_parsimonious,Ranked k-means,Random 50% immutable,α = 1,1.0,235077,1,0,True,1.0,1.0,5.4117779013817115e-05,0.03289917294213249,154.06421625944753,153.06421625944753,True,1.070800000093186,Optimization terminated successfully
Diabetes,3,42,10,300,0.0001,50,most_parsimonious,Ranked k-means,Random 50% immutable,α < 1,0.9999667010862864,235077,1,0,True,1.0,1.0,5.518902285859789e-05,0.033223191556079584,152.56166122264534,151.56166122264534,True,1.2325999999802661,Optimization terminated successfully
Diabetes,3,42,10,300,0.0001,50,most_parsimonious,Ranked k-means,Random 75% immutable,α = 1,1.0,235077,1,0,True,1.0,1.0,9.345808980358447e-06,0.013671729210570582,195.53731298011004,194.53731298011004,True,1.0846000000128697,Optimization terminated successfully
Diabetes,3,42,10,300,0.0001,50,most_parsimonious,Ranked k-means,Random 75% immutable,α < 1,0.9999667010862864,235077,1,0,True,1.0,1.0,9.530806231301669e-06,0.013806379852301376,193.6302797855469,192.6302797855469,True,1.1752000000342377,Optimization terminated successfully
Diabetes,3,42,10,300,0.0001,50,most_parsimonious,Ranked k-means,All features mutable,α = 1,1.0,160234,1,2,True,18.0,12.0,2.3381487163480306,6.8383458765231095,1.0000000000000002,2.220446049250313e-16,True,171.48520000000644,Optimization terminated successfully
Diabetes,3,42,10,300,0.0001,50,most_parsimonious,Ranked k-means,All features mutable,α < 1,0.9954269128149522,160234,1,2,True,18.0,12.0,2.3733222201644764,6.889589567114251,1.0000000000000007,6.661338147750939e-16,True,234.916099999964,Optimization terminated successfully
Diabetes,3,42,10,300,0.0001,50,most_parsimonious,Ranked k-means,Random 25% immutable,α = 1,1.0,160234,1,2,True,15.0,14.0,0.3302264322803256,2.569927751047977,1.9637444477199837,0.9637444477199837,True,192.93210000000727,Optimization terminated successfully
Diabetes,3,42,10,300,0.0001,50,most_parsimonious,Ranked k-means,Random 25% immutable,α < 1,0.9954269128149522,160234,1,2,True,15.0,14.0,0.3332702660972503,2.5817446275619527,1.9547562218523802,0.9547562218523802,True,185.3847999999516,Optimization terminated successfully
Diabetes,3,42,10,300,0.0001,50,most_parsimonious,Ranked k-means,Random 50% immutable,α = 1,1.0,160234,1,2,False,,,,,,,False,107.04580000003716,No feasible counterfactual found.
Diabetes,3,42,10,300,0.0001,50,most_parsimonious,Ranked k-means,Random 50% immutable,α < 1,0.9954269128149522,160234,1,2,False,,,,,,,False,132.6122000000396,No feasible counterfactual found.
Diabetes,3,42,10,300,0.0001,50,most_parsimonious,Ranked k-means,Random 75% immutable,α = 1,1.0,160234,1,2,False,,,,,,,False,10.309499999948457,No feasible counterfactual found.
Diabetes,3,42,10,300,0.0001,50,most_parsimonious,Ranked k-means,Random 75% immutable,α < 1,0.9954269128149522,160234,1,2,False,,,,,,,False,10.36460000000261,No feasible counterfactual found.
Diabetes,3,42,10,300,0.0001,50,most_parsimonious,Ranked k-means,All features mutable,α = 1,1.0,166020,0,1,True,5.0,3.0,0.2434931723356224,2.206776709753945,1.0000000000000007,6.661338147750939e-16,True,40.457100000026,Optimization terminated successfully
Diabetes,3,42,10,300,0.0001,50,most_parsimonious,Ranked k-means,All features mutable,α < 1,0.999985952854013,166020,0,1,True,5.0,3.0,0.24350354007164457,2.2068236906089465,1.0000000000000007,6.661338147750939e-16,True,17.077599999993254,Optimization terminated successfully
Diabetes,3,42,10,300,0.0001,50,most_parsimonious,Ranked k-means,Random 25% immutable,α = 1,1.0,166020,0,1,True,4.0,3.0,0.24349317233562248,2.2067767097539455,1.0000000000000002,2.220446049250313e-16,True,33.16529999995055,Optimization terminated successfully
Diabetes,3,42,10,300,0.0001,50,most_parsimonious,Ranked k-means,Random 25% immutable,α < 1,0.999985952854013,166020,0,1,True,4.0,3.0,0.24350354007164468,2.206823690608947,1.0,0.0,False,28.198900000006688,Optimization terminated successfully
Diabetes,3,42,10,300,0.0001,50,most_parsimonious,Ranked k-means,Random 50% immutable,α = 1,1.0,166020,0,1,True,4.0,3.0,0.24349317233562248,2.2067767097539455,1.0000000000000002,2.220446049250313e-16,True,31.430399999976544,Optimization terminated successfully
Diabetes,3,42,10,300,0.0001,50,most_parsimonious,Ranked k-means,Random 50% immutable,α < 1,0.999985952854013,166020,0,1,True,4.0,3.0,0.24350354007164468,2.206823690608947,1.0,0.0,False,27.675000000044747,Optimization terminated successfully
Diabetes,3,42,10,300,0.0001,50,most_parsimonious,Ranked k-means,Random 75% immutable,α = 1,1.0,166020,0,1,True,4.0,3.0,0.46690452415649675,3.0558289355148682,1.1356694937858502,0.13566949378585025,True,24.594600000000355,Optimization terminated successfully
Diabetes,3,42,10,300,0.0001,50,most_parsimonious,Ranked k-means,Random 75% immutable,α < 1,0.999985952854013,166020,0,1,True,4.0,3.0,0.46692281675527436,3.0558887962596883,1.135647249897113,0.13564724989711308,True,41.88580000004549,Optimization terminated successfully
Diabetes,3,42,10,300,0.0001,50,most_parsimonious,Ranked k-means,All features mutable,α = 1,1.0,186618,1,2,True,18.0,13.0,3.2410503193937537,8.051149383030666,1.0000000000000004,4.440892098500626e-16,True,148.26240000002144,Optimization terminated successfully
Diabetes,3,42,10,300,0.0001,50,most_parsimonious,Ranked k-means,All features mutable,α < 1,0.9954269128149522,186618,1,2,True,18.0,13.0,3.2865602813927794,8.10747837665051,1.0,0.0,False,164.99039999996512,Optimization terminated successfully
Diabetes,3,42,10,300,0.0001,50,most_parsimonious,Ranked k-means,Random 25% immutable,α = 1,1.0,186618,1,2,True,14.0,9.0,3.865678085245298,8.792813071190924,1.0,0.0,False,167.35970000001998,Optimization terminated successfully
Diabetes,3,42,10,300,0.0001,50,most_parsimonious,Ranked k-means,Random 25% immutable,α < 1,0.9954269128149522,186618,1,2,True,14.0,9.0,4.011311024926222,8.956909092902777,1.0,0.0,False,128.62300000006144,Optimization terminated successfully
Diabetes,3,42,10,300,0.0001,50,most_parsimonious,Ranked k-means,Random 50% immutable,α = 1,1.0,186618,1,2,False,,,,,,,False,123.743300000001,No feasible counterfactual found.
Diabetes,3,42,10,300,0.0001,50,most_parsimonious,Ranked k-means,Random 50% immutable,α < 1,0.9954269128149522,186618,1,2,False,,,,,,,False,82.28280000002997,No feasible counterfactual found.
Diabetes,3,42,10,300,0.0001,50,most_parsimonious,Ranked k-means,Random 75% immutable,α = 1,1.0,186618,1,2,False,,,,,,,False,40.12439999996786,No feasible counterfactual found.
Diabetes,3,42,10,300,0.0001,50,most_parsimonious,Ranked k-means,Random 75% immutable,α < 1,0.9954269128149522,186618,1,2,False,,,,,,,False,70.25439999995342,No feasible counterfactual found.
Diabetes,3,42,10,300,0.0001,50,most_parsimonious,Ranked k-means,All features mutable,α = 1,1.0,114264,1,2,True,18.0,10.0,2.3975016933541093,6.9245962963253085,1.0000000000000002,2.220446049250313e-16,True,217.12079999997513,Optimization terminated successfully
Diabetes,3,42,10,300,0.0001,50,most_parsimonious,Ranked k-means,All features mutable,α < 1,0.9954269128149522,114264,1,2,True,18.0,10.0,2.4333780496610986,6.97621394405461,1.0,0.0,False,129.5077999999421,Optimization terminated successfully
Diabetes,3,42,10,300,0.0001,50,most_parsimonious,Ranked k-means,Random 25% immutable,α = 1,1.0,114264,1,2,True,14.0,9.0,4.335575536978811,9.311901564104735,1.0,0.0,False,192.7167000000054,Optimization terminated successfully
Diabetes,3,42,10,300,0.0001,50,most_parsimonious,Ranked k-means,Random 25% immutable,α < 1,0.9954269128149522,114264,1,2,True,14.0,9.0,4.618495965831107,9.610927078935836,1.0000000000000047,4.6629367034256575e-15,True,152.00149999998303,Optimization terminated successfully
Diabetes,3,42,10,300,0.0001,50,most_parsimonious,Ranked k-means,Random 50% immutable,α = 1,1.0,114264,1,2,True,10.0,9.0,0.3097748638021271,2.489075586647087,2.012218156269562,1.012218156269562,True,69.83040000000074,Optimization terminated successfully
Diabetes,3,42,10,300,0.0001,50,most_parsimonious,Ranked k-means,Random 50% immutable,α < 1,0.9954269128149522,114264,1,2,True,10.0,9.0,0.3127456474905046,2.5009823969412683,2.0026382723058815,1.0026382723058815,True,93.96449999997003,Optimization terminated successfully
Diabetes,3,42,10,300,0.0001,50,most_parsimonious,Ranked k-means,Random 75% immutable,α = 1,1.0,114264,1,2,False,,,,,,,False,19.93830000003527,No feasible counterfactual found.
Diabetes,3,42,10,300,0.0001,50,most_parsimonious,Ranked k-means,Random 75% immutable,α < 1,0.9954269128149522,114264,1,2,False,,,,,,,False,17.6625999999942,No feasible counterfactual found.
Diabetes,3,42,10,300,0.0001,50,most_parsimonious,Ranked k-means,All features mutable,α = 1,1.0,247458,0,1,True,4.0,1.0,0.14620692333254248,1.7100112475217377,1.094628016347239,0.09462801634723905,True,31.279499999982363,Optimization terminated successfully
Diabetes,3,42,10,300,0.0001,50,most_parsimonious,Ranked k-means,All features mutable,α < 1,0.999985952854013,247458,0,1,True,4.0,1.0,0.14621738784870583,1.7100724420252251,1.0945888453645851,0.09458884536458512,True,4.066899999997986,Optimization terminated successfully
Diabetes,3,42,10,300,0.0001,50,most_parsimonious,Ranked k-means,Random 25% immutable,α = 1,1.0,247458,0,1,True,2.0,1.0,0.14620692333254245,1.7100112475217375,1.0946280163472393,0.09462801634723927,True,2.2543999999697917,Optimization terminated successfully
Diabetes,3,42,10,300,0.0001,50,most_parsimonious,Ranked k-means,Random 25% immutable,α < 1,0.999985952854013,247458,0,1,True,2.0,1.0,0.14621738784870597,1.7100724420252258,1.0945888453645847,0.09458884536458467,True,2.3802999999134045,Optimization terminated successfully
Diabetes,3,42,10,300,0.0001,50,most_parsimonious,Ranked k-means,Random 50% immutable,α = 1,1.0,247458,0,1,True,4.0,2.0,0.1455363354204399,1.7060851996335933,1.4015469130851252,0.40154691308512525,True,30.6222000000389,Optimization terminated successfully
Diabetes,3,42,10,300,0.0001,50,most_parsimonious,Ranked k-means,Random 50% immutable,α < 1,0.999985952854013,247458,0,1,True,4.0,2.0,0.14554675194039457,1.7061462536394385,1.4014967562804599,0.4014967562804599,True,29.707499999972242,Optimization terminated successfully
Diabetes,3,42,10,300,0.0001,50,most_parsimonious,Ranked k-means,Random 75% immutable,α = 1,1.0,247458,0,1,False,,,,,,,False,35.73649999998452,No feasible counterfactual found.
Diabetes,3,42,10,300,0.0001,50,most_parsimonious,Ranked k-means,Random 75% immutable,α < 1,0.999985952854013,247458,0,1,False,,,,,,,False,59.69100000004346,No feasible counterfactual found.
Diabetes,3,42,10,300,0.0001,50,most_parsimonious,Ranked k-means,All features mutable,α = 1,1.0,181984,1,0,True,2.0,2.0,0.319748766702046,2.5288288463320168,1.14479041891936,0.14479041891936006,True,8.629100000007384,Optimization terminated successfully
Diabetes,3,42,10,300,0.0001,50,most_parsimonious,Ranked k-means,All features mutable,α < 1,0.9999667010862864,181984,1,0,True,2.0,2.0,0.3197802113121043,2.5289531878312985,1.1447341332998218,0.14473413329982177,True,3.207800000041061,Optimization terminated successfully
Diabetes,3,42,10,300,0.0001,50,most_parsimonious,Ranked k-means,Random 25% immutable,α = 1,1.0,181984,1,0,True,2.0,2.0,0.319748766702046,2.5288288463320168,1.14479041891936,0.14479041891936006,True,9.221300000035626,Optimization terminated successfully
Diabetes,3,42,10,300,0.0001,50,most_parsimonious,Ranked k-means,Random 25% immutable,α < 1,0.9999667010862864,181984,1,0,True,2.0,2.0,0.3197802113121043,2.5289531878312985,1.1447341332998218,0.14473413329982177,True,2.9384999999138017,Optimization terminated successfully
Diabetes,3,42,10,300,0.0001,50,most_parsimonious,Ranked k-means,Random 50% immutable,α = 1,1.0,181984,1,0,True,1.0,1.0,0.5051851755250442,3.178632333331567,1.082598385163492,0.08259838516349194,True,1.5832999999929598,Optimization terminated successfully
Diabetes,3,42,10,300,0.0001,50,most_parsimonious,Ranked k-means,Random 50% immutable,α < 1,0.9999667010862864,181984,1,0,True,1.0,1.0,0.5052348562509946,3.1787886254074667,1.0825451568526725,0.0825451568526725,True,1.3600999999425767,Optimization terminated successfully
Diabetes,3,42,10,300,0.0001,50,most_parsimonious,Ranked k-means,Random 75% immutable,α = 1,1.0,181984,1,0,True,1.0,1.0,0.5051851755250442,3.178632333331567,1.082598385163492,0.08259838516349194,True,1.7731000000367203,Optimization terminated successfully
Diabetes,3,42,10,300,0.0001,50,most_parsimonious,Ranked k-means,Random 75% immutable,α < 1,0.9999667010862864,181984,1,0,True,1.0,1.0,0.5052348562509946,3.1787886254074667,1.0825451568526725,0.0825451568526725,True,1.3732999999547246,Optimization terminated successfully
Diabetes,3,42,10,300,0.0001,50,most_parsimonious,Ranked k-means,All features mutable,α = 1,1.0,16188,1,0,True,3.0,3.0,1.2823087091231897,5.064205187634462,1.0000000000000002,2.220446049250313e-16,True,7.022000000006301,Optimization terminated successfully
Diabetes,3,42,10,300,0.0001,50,most_parsimonious,Ranked k-means,All features mutable,α < 1,0.9999667010862864,16188,1,0,True,3.0,3.0,1.282392319516153,5.064370285664651,1.0000000000000004,4.440892098500626e-16,True,8.114399999954003,Optimization terminated successfully
Diabetes,3,42,10,300,0.0001,50,most_parsimonious,Ranked k-means,Random 25% immutable,α = 1,1.0,16188,1,0,True,3.0,3.0,1.2672956942842923,5.034472552878389,1.0574729032257961,0.057472903225796124,True,7.0647999999664535,Optimization terminated successfully
Diabetes,3,42,10,300,0.0001,50,most_parsimonious,Ranked k-means,Random 25% immutable,α < 1,0.9999667010862864,16188,1,0,True,3.0,3.0,1.267346554679559,5.03457357614239,1.0574517529600302,0.057451752960030245,True,13.406800000097974,Optimization terminated successfully
Diabetes,3,42,10,300,0.0001,50,most_parsimonious,Ranked k-means,Random 50% immutable,α = 1,1.0,16188,1,0,True,3.0,3.0,2.1343331170243025,6.533503068070455,1.0000000000000002,2.220446049250313e-16,True,7.375000000024556,Optimization terminated successfully
Diabetes,3,42,10,300,0.0001,50,most_parsimonious,Ranked k-means,Random 50% immutable,α < 1,0.9999667010862864,16188,1,0,True,3.0,3.0,2.1344748174025123,6.533719947170237,1.0,0.0,False,13.599600000020473,Optimization terminated successfully
Diabetes,3,42,10,300,0.0001,50,most_parsimonious,Ranked k-means,Random 75% immutable,α = 1,1.0,16188,1,0,True,3.0,3.0,2.1343331170243025,6.533503068070455,1.0000000000000002,2.220446049250313e-16,True,7.293799999956718,Optimization terminated successfully
Diabetes,3,42,10,300,0.0001,50,most_parsimonious,Ranked k-means,Random 75% immutable,α < 1,0.9999667010862864,16188,1,0,True,3.0,3.0,2.1344748174025123,6.533719947170237,1.0,0.0,False,14.22930000001088,Optimization terminated successfully
Diabetes,3,42,10,300,0.0001,50,most_parsimonious,Ranked k-means,All features mutable,α = 1,1.0,193058,0,2,True,18.0,10.0,2.24023278222706,6.693627988209472,1.0000000000000007,6.661338147750939e-16,True,321.31189999995513,Optimization terminated successfully
Diabetes,3,42,10,300,0.0001,50,most_parsimonious,Ranked k-means,All features mutable,α < 1,0.9954269128149522,193058,0,2,True,18.0,10.0,2.2830955515885956,6.757359767821446,1.0,0.0,False,371.29350000009254,Optimization terminated successfully
Diabetes,3,42,10,300,0.0001,50,most_parsimonious,Ranked k-means,Random 25% immutable,α = 1,1.0,193058,0,2,True,14.0,10.0,2.626246333019301,7.247408271953915,1.0000000000000002,2.220446049250313e-16,True,370.41450000003806,Optimization terminated successfully
Diabetes,3,42,10,300,0.0001,50,most_parsimonious,Ranked k-means,Random 25% immutable,α < 1,0.9954269128149522,193058,0,2,True,14.0,10.0,2.6777793721996583,7.31816831208419,1.0,0.0,False,203.74609999998938,Optimization terminated successfully
Diabetes,3,42,10,300,0.0001,50,most_parsimonious,Ranked k-means,Random 50% immutable,α = 1,1.0,193058,0,2,True,10.0,7.0,0.23917446242672807,2.1871189379031404,2.2362243959191663,1.2362243959191663,True,114.0067999999701,Optimization terminated successfully
Diabetes,3,42,10,300,0.0001,50,most_parsimonious,Ranked k-means,Random 50% immutable,α < 1,0.9954269128149522,193058,0,2,True,10.0,7.0,0.24214039146402974,2.2006380504936733,2.2224866674668378,1.2224866674668378,True,108.38449999994282,Optimization terminated successfully
Diabetes,3,42,10,300,0.0001,50,most_parsimonious,Ranked k-means,Random 75% immutable,α = 1,1.0,193058,0,2,False,,,,,,,False,110.67559999992227,No feasible counterfactual found.
Diabetes,3,42,10,300,0.0001,50,most_parsimonious,Ranked k-means,Random 75% immutable,α < 1,0.9954269128149522,193058,0,2,False,,,,,,,False,30.197599999951308,No feasible counterfactual found.
Diabetes,3,42,10,300,0.0001,50,most_parsimonious,Ranked k-means,All features mutable,α = 1,1.0,112476,1,2,True,18.0,13.0,2.869234314351577,7.575268067008028,1.0000000000000002,2.220446049250313e-16,True,183.27350000004117,Optimization terminated successfully
Diabetes,3,42,10,300,0.0001,50,most_parsimonious,Ranked k-means,All features mutable,α < 1,0.9954269128149522,112476,1,2,True,18.0,13.0,2.9149594633306357,7.635390577214286,1.0,0.0,False,308.8763000000654,Optimization terminated successfully
Diabetes,3,42,10,300,0.0001,50,most_parsimonious,Ranked k-means,Random 25% immutable,α = 1,1.0,112476,1,2,True,14.0,10.0,2.9198315265700736,7.6417688090782665,1.0,0.0,False,136.88200000001416,Optimization terminated successfully
Diabetes,3,42,10,300,0.0001,50,most_parsimonious,Ranked k-means,Random 25% immutable,α < 1,0.9954269128149522,112476,1,2,True,14.0,10.0,2.9667473394308437,7.702918069706887,1.0,0.0,False,79.62139999995088,Optimization terminated successfully
Diabetes,3,42,10,300,0.0001,50,most_parsimonious,Ranked k-means,Random 50% immutable,α = 1,1.0,112476,1,2,True,10.0,10.0,0.3854109137384913,2.776367820511149,1.7465048165473398,0.7465048165473398,True,77.58230000001731,Optimization terminated successfully
Diabetes,3,42,10,300,0.0001,50,most_parsimonious,Ranked k-means,Random 50% immutable,α < 1,0.9954269128149522,112476,1,2,True,10.0,10.0,0.3888330685565573,2.7886665937560813,1.7388022623296377,0.7388022623296377,True,53.505400000062764,Optimization terminated successfully
Diabetes,3,42,10,300,0.0001,50,most_parsimonious,Ranked k-means,Random 75% immutable,α = 1,1.0,112476,1,2,False,,,,,,,False,57.81530000001567,No feasible counterfactual found.
Diabetes,3,42,10,300,0.0001,50,most_parsimonious,Ranked k-means,Random 75% immutable,α < 1,0.9954269128149522,112476,1,2,False,,,,,,,False,25.72459999998955,No feasible counterfactual found.
Diabetes,3,42,10,300,0.0001,50,most_parsimonious,Ranked k-means,All features mutable,α = 1,1.0,217720,1,0,True,3.0,3.0,1.9471058162597528,6.240361874538612,1.0,0.0,False,14.185699999984536,Optimization terminated successfully
Diabetes,3,42,10,300,0.0001,50,most_parsimonious,Ranked k-means,All features mutable,α < 1,0.9999667010862864,217720,1,0,True,3.0,3.0,1.9472505591043454,6.240593816463855,1.0,0.0,False,10.115700000028482,Optimization terminated successfully
Diabetes,3,42,10,300,0.0001,50,most_parsimonious,Ranked k-means,Random 25% immutable,α = 1,1.0,217720,1,0,True,3.0,3.0,1.5826575362264634,5.626113287566227,1.0000000000000004,4.440892098500626e-16,True,13.545499999963795,Optimization terminated successfully
Diabetes,3,42,10,300,0.0001,50,most_parsimonious,Ranked k-means,Random 25% immutable,α < 1,0.9999667010862864,217720,1,0,True,3.0,3.0,1.5827624930323092,5.626299837428342,1.0,0.0,False,10.004200000025776,Optimization terminated successfully
Diabetes,3,42,10,300,0.0001,50,most_parsimonious,Ranked k-means,Random 50% immutable,α = 1,1.0,217720,1,0,True,3.0,3.0,1.6169757501806115,5.686784240993519,1.0000000000000002,2.220446049250313e-16,True,7.026700000096753,Optimization terminated successfully
Diabetes,3,42,10,300,0.0001,50,most_parsimonious,Ranked k-means,Random 50% immutable,α < 1,0.9999667010862864,217720,1,0,True,3.0,3.0,1.6170385585478901,5.686894686114541,1.0,0.0,False,7.992000000058397,Optimization terminated successfully
Diabetes,3,42,10,300,0.0001,50,most_parsimonious,Ranked k-means,Random 75% immutable,α = 1,1.0,217720,1,0,True,4.0,4.0,1.808493482226992,6.014139144095341,1.0,0.0,False,22.813700000028803,Optimization terminated successfully
Diabetes,3,42,10,300,0.0001,50,most_parsimonious,Ranked k-means,Random 75% immutable,α < 1,0.9999667010862864,217720,1,0,True,4.0,4.0,1.8085777384195771,6.0142792393096896,1.0000000000000007,6.661338147750939e-16,True,20.827899999972033,Optimization terminated successfully
Diabetes,3,42,10,300,0.0001,50,most_parsimonious,Ranked k-means,All features mutable,α = 1,1.0,138353,1,0,True,1.0,1.0,0.5414799647893286,3.2908356531110106,1.5402122224250392,0.5402122224250392,True,1.4887999999473323,Optimization terminated successfully
Diabetes,3,42,10,300,0.0001,50,most_parsimonious,Ranked k-means,All features mutable,α < 1,0.9999667010862864,138353,1,0,True,1.0,1.0,0.5415865992372361,3.2911596717182716,1.5400605866890142,0.5400605866890142,True,1.3534999999365027,Optimization terminated successfully
Diabetes,3,42,10,300,0.0001,50,most_parsimonious,Ranked k-means,Random 25% immutable,α = 1,1.0,138353,1,0,True,1.0,1.0,0.5414799647893286,3.2908356531110106,1.5402122224250392,0.5402122224250392,True,1.4840000000049258,Optimization terminated successfully
Diabetes,3,42,10,300,0.0001,50,most_parsimonious,Ranked k-means,Random 25% immutable,α < 1,0.9999667010862864,138353,1,0,True,1.0,1.0,0.5415865992372361,3.2911596717182716,1.5400605866890142,0.5400605866890142,True,1.5036000000918648,Optimization terminated successfully
Diabetes,3,42,10,300,0.0001,50,most_parsimonious,Ranked k-means,Random 50% immutable,α = 1,1.0,138353,1,0,True,1.0,1.0,0.5414799647893286,3.2908356531110106,1.5402122224250392,0.5402122224250392,True,1.380700000026991,Optimization terminated successfully
Diabetes,3,42,10,300,0.0001,50,most_parsimonious,Ranked k-means,Random 50% immutable,α < 1,0.9999667010862864,138353,1,0,True,1.0,1.0,0.5415865992372361,3.2911596717182716,1.5400605866890142,0.5400605866890142,True,1.4228999999659209,Optimization terminated successfully
Diabetes,3,42,10,300,0.0001,50,most_parsimonious,Ranked k-means,Random 75% immutable,α = 1,1.0,138353,1,0,True,1.0,1.0,0.10853036441159239,1.4732980989032218,1.2705006686695957,0.27050066866959566,True,1.4294000000063534,Optimization terminated successfully
Diabetes,3,42,10,300,0.0001,50,most_parsimonious,Ranked k-means,Random 75% immutable,α < 1,0.9999667010862864,138353,1,0,True,1.0,1.0,0.10855173745629015,1.4734431611452825,1.2703755863587223,0.2703755863587223,True,1.3290000000552027,Optimization terminated successfully
Diabetes,3,42,10,300,0.0001,50,most_parsimonious,Ranked k-means,All features mutable,α = 1,1.0,57641,1,0,True,1.0,1.0,0.1549603138102833,1.7604562693249912,2.879131611066433,1.8791316110664331,True,1.4151000000310887,Optimization terminated successfully
Diabetes,3,42,10,300,0.0001,50,most_parsimonious,Ranked k-means,All features mutable,α < 1,0.9999667010862864,57641,1,0,True,1.0,1.0,0.15501736111854003,1.7607802879322565,2.8786017935638495,1.8786017935638495,True,1.3566000000082568,Optimization terminated successfully
Diabetes,3,42,10,300,0.0001,50,most_parsimonious,Ranked k-means,Random 25% immutable,α = 1,1.0,57641,1,0,True,1.0,1.0,0.1549603138102833,1.7604562693249912,2.879131611066433,1.8791316110664331,True,1.4840000000049258,Optimization terminated successfully
Diabetes,3,42,10,300,0.0001,50,most_parsimonious,Ranked k-means,Random 25% immutable,α < 1,0.9999667010862864,57641,1,0,True,1.0,1.0,0.15501736111854003,1.7607802879322565,2.8786017935638495,1.8786017935638495,True,1.4770000000225991,Optimization terminated successfully
Diabetes,3,42,10,300,0.0001,50,most_parsimonious,Ranked k-means,Random 50% immutable,α = 1,1.0,57641,1,0,True,1.0,1.0,0.1549603138102833,1.7604562693249912,2.879131611066433,1.8791316110664331,True,1.561400000014146,Optimization terminated successfully
Diabetes,3,42,10,300,0.0001,50,most_parsimonious,Ranked k-means,Random 50% immutable,α < 1,0.9999667010862864,57641,1,0,True,1.0,1.0,0.15501736111854003,1.7607802879322565,2.8786017935638495,1.8786017935638495,True,1.3766000000714484,Optimization terminated successfully
Diabetes,3,42,10,300,0.0001,50,most_parsimonious,Ranked k-means,Random 75% immutable,α = 1,1.0,57641,1,0,True,1.0,1.0,0.03605408707099809,0.8491653204293977,4.052429071588926,3.052429071588926,True,1.0150000000521686,Optimization terminated successfully
Diabetes,3,42,10,300,0.0001,50,most_parsimonious,Ranked k-means,Random 75% immutable,α < 1,0.9999667010862864,57641,1,0,True,1.0,1.0,0.036067360073410576,0.8493216125050695,4.051683344008483,3.0516833440084827,True,1.0176999999202962,Optimization terminated successfully
Diabetes,3,42,10,300,0.0001,50,most_parsimonious,Ranked k-means,All features mutable,α = 1,1.0,21798,1,2,True,18.0,13.0,3.5203526248455135,8.390891043084178,1.0,0.0,False,238.00300000004881,Optimization terminated successfully
Diabetes,3,42,10,300,0.0001,50,most_parsimonious,Ranked k-means,All features mutable,α < 1,0.9954269128149522,21798,1,2,True,18.0,13.0,3.563384279661433,8.442019047196508,1.0,0.0,False,346.965100000034,Optimization terminated successfully
Diabetes,3,42,10,300,0.0001,50,most_parsimonious,Ranked k-means,Random 25% immutable,α = 1,1.0,21798,1,2,False,,,,,,,False,271.13489999999274,No feasible counterfactual found.
Diabetes,3,42,10,300,0.0001,50,most_parsimonious,Ranked k-means,Random 25% immutable,α < 1,0.9954269128149522,21798,1,2,False,,,,,,,False,398.64639999996143,No feasible counterfactual found.
Diabetes,3,42,10,300,0.0001,50,most_parsimonious,Ranked k-means,Random 50% immutable,α = 1,1.0,21798,1,2,True,10.0,8.0,0.4934672578041802,3.141551393194707,1.5852081120313257,0.5852081120313257,True,116.46220000000085,Optimization terminated successfully
Diabetes,3,42,10,300,0.0001,50,most_parsimonious,Ranked k-means,Random 50% immutable,α < 1,0.9954269128149522,21798,1,2,True,10.0,8.0,0.4972364582752364,3.1535264650078214,1.5791885154835008,0.5791885154835008,True,119.42739999994956,Optimization terminated successfully
Diabetes,3,42,10,300,0.0001,50,most_parsimonious,Ranked k-means,Random 75% immutable,α = 1,1.0,21798,1,2,True,5.0,4.0,0.5447931224523895,3.300888130344285,1.435863029279333,0.43586302927933307,True,29.528000000027532,Optimization terminated successfully
Diabetes,3,42,10,300,0.0001,50,most_parsimonious,Ranked k-means,Random 75% immutable,α < 1,0.9954269128149522,21798,1,2,True,5.0,4.0,0.5489543600244892,3.3134705673190736,1.4304105430563563,0.4304105430563563,True,23.04500000002463,Optimization terminated successfully
Diabetes,3,42,10,300,0.0001,50,most_parsimonious,Ranked k-means,All features mutable,α = 1,1.0,198248,1,0,True,1.0,1.0,0.10040305393563163,1.4170607180754933,3.57683000471377,2.57683000471377,True,1.4308999999457228,Optimization terminated successfully
Diabetes,3,42,10,300,0.0001,50,most_parsimonious,Ranked k-means,All features mutable,α < 1,0.9999667010862864,198248,1,0,True,1.0,1.0,0.10044897458906293,1.4173847366827605,3.576012330128624,2.576012330128624,True,1.4212999999472231,Optimization terminated successfully
Diabetes,3,42,10,300,0.0001,50,most_parsimonious,Ranked k-means,Random 25% immutable,α = 1,1.0,198248,1,0,True,1.0,1.0,0.10040305393563163,1.4170607180754933,3.57683000471377,2.57683000471377,True,1.7265999999835913,Optimization terminated successfully
Diabetes,3,42,10,300,0.0001,50,most_parsimonious,Ranked k-means,Random 25% immutable,α < 1,0.9999667010862864,198248,1,0,True,1.0,1.0,0.10044897458906293,1.4173847366827605,3.576012330128624,2.576012330128624,True,1.4644000000316737,Optimization terminated successfully
Diabetes,3,42,10,300,0.0001,50,most_parsimonious,Ranked k-means,Random 50% immutable,α = 1,1.0,198248,1,0,True,1.0,1.0,0.10040305393563163,1.4170607180754933,3.57683000471377,2.57683000471377,True,1.4740000000301734,Optimization terminated successfully
Diabetes,3,42,10,300,0.0001,50,most_parsimonious,Ranked k-means,Random 50% immutable,α < 1,0.9999667010862864,198248,1,0,True,1.0,1.0,0.10044897458906293,1.4173847366827605,3.576012330128624,2.576012330128624,True,1.5197999999827516,Optimization terminated successfully
Diabetes,3,42,10,300,0.0001,50,most_parsimonious,Ranked k-means,Random 75% immutable,α = 1,1.0,198248,1,0,True,2.0,2.0,0.042142842504159506,0.918072355581623,2.1685931820591104,1.1685931820591104,True,13.617600000088714,Optimization terminated successfully
Diabetes,3,42,10,300,0.0001,50,most_parsimonious,Ranked k-means,Random 75% immutable,α < 1,0.9999667010862864,198248,1,0,True,2.0,2.0,0.04216211708585177,0.9182822777975383,2.1680974348392805,1.1680974348392805,True,23.076099999912003,Optimization terminated successfully
Diabetes,3,42,10,300,0.0001,50,most_parsimonious,Ranked k-means,All features mutable,α = 1,1.0,196300,0,1,True,4.0,2.0,0.2897462724748473,2.4072651390108537,1.0000000000000002,2.220446049250313e-16,True,14.81459999990875,Optimization terminated successfully
Diabetes,3,42,10,300,0.0001,50,most_parsimonious,Ranked k-means,All features mutable,α < 1,0.999985952854013,196300,0,1,True,4.0,2.0,0.28976093675436193,2.4073260550011164,1.0,0.0,False,31.65960000001178,Optimization terminated successfully
Diabetes,3,42,10,300,0.0001,50,most_parsimonious,Ranked k-means,Random 25% immutable,α = 1,1.0,196300,0,1,True,4.0,2.0,0.2897462724748473,2.4072651390108537,1.0000000000000002,2.220446049250313e-16,True,15.380899999968278,Optimization terminated successfully
Diabetes,3,42,10,300,0.0001,50,most_parsimonious,Ranked k-means,Random 25% immutable,α < 1,0.999985952854013,196300,0,1,True,4.0,2.0,0.28976093675436193,2.4073260550011164,1.0,0.0,False,31.20369999999184,Optimization terminated successfully
Diabetes,3,42,10,300,0.0001,50,most_parsimonious,Ranked k-means,Random 50% immutable,α = 1,1.0,196300,0,1,True,3.0,3.0,0.25492437373071325,2.25798305454542,1.0000000000000002,2.220446049250313e-16,True,8.797300000082942,Optimization terminated successfully
Diabetes,3,42,10,300,0.0001,50,most_parsimonious,Ranked k-means,Random 50% immutable,α < 1,0.999985952854013,196300,0,1,True,3.0,3.0,0.25493715445419934,2.2580396562248386,1.0000000000000002,2.220446049250313e-16,True,31.059400000003734,Optimization terminated successfully
Diabetes,3,42,10,300,0.0001,50,most_parsimonious,Ranked k-means,Random 75% immutable,α = 1,1.0,196300,0,1,False,,,,,,,False,41.831499999943844,No feasible counterfactual found.
Diabetes,3,42,10,300,0.0001,50,most_parsimonious,Ranked k-means,Random 75% immutable,α < 1,0.999985952854013,196300,0,1,False,,,,,,,False,22.790699999973185,No feasible counterfactual found.
Diabetes,3,42,10,300,0.0001,50,most_parsimonious,Ranked k-means,All features mutable,α = 1,1.0,46304,1,0,True,3.0,3.0,0.7357112149481089,3.83591244672792,1.0,0.0,False,12.695199999939177,Optimization terminated successfully
Diabetes,3,42,10,300,0.0001,50,most_parsimonious,Ranked k-means,All features mutable,α < 1,0.9999667010862864,46304,1,0,True,3.0,3.0,0.7357499408797294,3.8360134016442893,1.0,0.0,False,15.872800000011011,Optimization terminated successfully
Diabetes,3,42,10,300,0.0001,50,most_parsimonious,Ranked k-means,Random 25% immutable,α = 1,1.0,46304,1,0,True,2.0,2.0,0.8237465965244539,4.058932363379449,1.0,0.0,False,6.950999999958185,Optimization terminated successfully
Diabetes,3,42,10,300,0.0001,50,most_parsimonious,Ranked k-means,Random 25% immutable,α < 1,0.9999667010862864,46304,1,0,True,2.0,2.0,0.8237943326863726,4.059049969355816,1.0,0.0,False,12.139299999944342,Optimization terminated successfully
Diabetes,3,42,10,300,0.0001,50,most_parsimonious,Ranked k-means,Random 50% immutable,α = 1,1.0,46304,1,0,True,3.0,3.0,0.7357112149481089,3.83591244672792,1.0,0.0,False,13.457600000037928,Optimization terminated successfully
Diabetes,3,42,10,300,0.0001,50,most_parsimonious,Ranked k-means,Random 50% immutable,α < 1,0.9999667010862864,46304,1,0,True,3.0,3.0,0.7357499408797294,3.8360134016442893,1.0,0.0,False,15.892300000018622,Optimization terminated successfully
Diabetes,3,42,10,300,0.0001,50,most_parsimonious,Ranked k-means,Random 75% immutable,α = 1,1.0,46304,1,0,True,4.0,4.0,2.0270889276945936,6.367242617797116,1.0000000000000002,2.220446049250313e-16,True,49.28159999997206,Optimization terminated successfully
Diabetes,3,42,10,300,0.0001,50,most_parsimonious,Ranked k-means,Random 75% immutable,α < 1,0.9999667010862864,46304,1,0,True,4.0,4.0,2.027247124490846,6.367491067117167,1.0000000000000002,2.220446049250313e-16,True,38.26370000001589,Optimization terminated successfully
Diabetes,3,42,10,300,0.0001,50,most_parsimonious,Ranked k-means,All features mutable,α = 1,1.0,94053,0,2,True,18.0,14.0,4.689558645430902,9.684584291987862,1.0,0.0,False,181.7962999999736,Optimization terminated successfully
Diabetes,3,42,10,300,0.0001,50,most_parsimonious,Ranked k-means,All features mutable,α < 1,0.9954269128149522,94053,0,2,True,18.0,14.0,4.7434183474858695,9.740039371055817,1.0,0.0,False,311.01169999999456,Optimization terminated successfully
Diabetes,3,42,10,300,0.0001,50,most_parsimonious,Ranked k-means,Random 25% immutable,α = 1,1.0,94053,0,2,True,15.0,11.0,0.6392301515134634,3.5755563245835282,1.4350541762147833,0.43505417621478326,True,84.40440000003946,Optimization terminated successfully
Diabetes,3,42,10,300,0.0001,50,most_parsimonious,Ranked k-means,Random 25% immutable,α < 1,0.9954269128149522,94053,0,2,True,15.0,11.0,0.6438459790067315,3.5884425006031,1.4299008656914471,0.42990086569144714,True,199.19500000003154,Optimization terminated successfully
Diabetes,3,42,10,300,0.0001,50,most_parsimonious,Ranked k-means,Random 50% immutable,α = 1,1.0,94053,0,2,True,10.0,6.0,0.6892968004164456,3.712941692018461,1.3308198683236023,0.33081986832360233,True,91.79939999989983,Optimization terminated successfully
Diabetes,3,42,10,300,0.0001,50,most_parsimonious,Ranked k-means,Random 50% immutable,α < 1,0.9954269128149522,94053,0,2,True,10.0,6.0,0.6942741549965601,3.726322999946623,1.326040865333503,0.32604086533350296,True,129.89279999999326,Optimization terminated successfully
Diabetes,3,42,10,300,0.0001,50,most_parsimonious,Ranked k-means,Random 75% immutable,α = 1,1.0,94053,0,2,True,5.0,4.0,0.7154795191102625,3.782801922147821,1.2821189951530145,0.28211899515301453,True,134.52759999995578,Optimization terminated successfully
Diabetes,3,42,10,300,0.0001,50,most_parsimonious,Ranked k-means,Random 75% immutable,α < 1,0.9954269128149522,94053,0,2,True,5.0,4.0,0.7206459369135496,3.79643500382543,1.2775148782121688,0.2775148782121688,True,37.74550000002819,Optimization terminated successfully
Diabetes,3,42,10,300,0.0001,50,most_parsimonious,Ranked k-means,All features mutable,α = 1,1.0,32495,0,1,True,4.0,2.0,0.20685434675304915,2.0339830223138495,1.0,0.0,False,17.54280000000108,Optimization terminated successfully
Diabetes,3,42,10,300,0.0001,50,most_parsimonious,Ranked k-means,All features mutable,α < 1,0.999985952854013,32495,0,1,True,4.0,2.0,0.206866472978503,2.0340426395653703,1.0000000000000002,2.220446049250313e-16,True,6.520199999954457,Optimization terminated successfully
Diabetes,3,42,10,300,0.0001,50,most_parsimonious,Ranked k-means,Random 25% immutable,α = 1,1.0,32495,0,1,True,4.0,2.0,0.20685434675304915,2.0339830223138495,1.0,0.0,False,16.374100000007275,Optimization terminated successfully
Diabetes,3,42,10,300,0.0001,50,most_parsimonious,Ranked k-means,Random 25% immutable,α < 1,0.999985952854013,32495,0,1,True,4.0,2.0,0.206866472978503,2.0340426395653703,1.0000000000000002,2.220446049250313e-16,True,5.909599999995407,Optimization terminated successfully
Diabetes,3,42,10,300,0.0001,50,most_parsimonious,Ranked k-means,Random 50% immutable,α = 1,1.0,32495,0,1,True,3.0,2.0,0.5437549623166315,3.2977415372240175,1.0000000000000004,4.440892098500626e-16,True,5.788299999949231,Optimization terminated successfully
Diabetes,3,42,10,300,0.0001,50,most_parsimonious,Ranked k-means,Random 50% immutable,α < 1,0.999985952854013,32495,0,1,True,3.0,2.0,0.543787897215987,3.2978414067871333,1.0,0.0,False,24.49350000006234,Optimization terminated successfully
Diabetes,3,42,10,300,0.0001,50,most_parsimonious,Ranked k-means,Random 75% immutable,α = 1,1.0,32495,0,1,False,,,,,,,False,46.86530000003586,No feasible counterfactual found.
Diabetes,3,42,10,300,0.0001,50,most_parsimonious,Ranked k-means,Random 75% immutable,α < 1,0.999985952854013,32495,0,1,False,,,,,,,False,29.388499999981832,No feasible counterfactual found.
Diabetes,3,42,10,300,0.0001,50,most_parsimonious,Ranked k-means,All features mutable,α = 1,1.0,23887,1,2,True,18.0,14.0,3.545716384814744,8.421064522748587,1.0,0.0,False,383.3014000000503,Optimization terminated successfully
Diabetes,3,42,10,300,0.0001,50,most_parsimonious,Ranked k-means,All features mutable,α < 1,0.9954269128149522,23887,1,2,True,18.0,14.0,3.590008202743196,8.473497746200438,1.0000000000000009,8.881784197001252e-16,True,320.30139999994844,Optimization terminated successfully
Diabetes,3,42,10,300,0.0001,50,most_parsimonious,Ranked k-means,Random 25% immutable,α = 1,1.0,23887,1,2,False,,,,,,,False,306.8706999999904,No feasible counterfactual found.
Diabetes,3,42,10,300,0.0001,50,most_parsimonious,Ranked k-means,Random 25% immutable,α < 1,0.9954269128149522,23887,1,2,False,,,,,,,False,333.558499999981,No feasible counterfactual found.
Diabetes,3,42,10,300,0.0001,50,most_parsimonious,Ranked k-means,Random 50% immutable,α = 1,1.0,23887,1,2,False,,,,,,,False,107.42529999993167,No feasible counterfactual found.
Diabetes,3,42,10,300,0.0001,50,most_parsimonious,Ranked k-means,Random 50% immutable,α < 1,0.9954269128149522,23887,1,2,False,,,,,,,False,48.14190000001872,No feasible counterfactual found.
Diabetes,3,42,10,300,0.0001,50,most_parsimonious,Ranked k-means,Random 75% immutable,α = 1,1.0,23887,1,2,False,,,,,,,False,40.16490000003614,No feasible counterfactual found.
Diabetes,3,42,10,300,0.0001,50,most_parsimonious,Ranked k-means,Random 75% immutable,α < 1,0.9954269128149522,23887,1,2,False,,,,,,,False,17.61599999997543,No feasible counterfactual found.
Diabetes,3,42,10,300,0.0001,50,most_parsimonious,Ranked k-means,All features mutable,α = 1,1.0,209943,1,2,True,18.0,16.0,3.8293585012810882,8.751409602208193,1.0000000000000009,8.881784197001252e-16,True,196.48189999998067,Optimization terminated successfully
Diabetes,3,42,10,300,0.0001,50,most_parsimonious,Ranked k-means,All features mutable,α < 1,0.9954269128149522,209943,1,2,True,18.0,16.0,3.8781720947779297,8.807010951256878,1.0000000000000009,8.881784197001252e-16,True,217.65959999993356,Optimization terminated successfully
Diabetes,3,42,10,300,0.0001,50,most_parsimonious,Ranked k-means,Random 25% immutable,α = 1,1.0,209943,1,2,True,15.0,14.0,0.4390593265999636,2.963306688818974,1.7063640825220372,0.7063640825220372,True,346.5641999999889,Optimization terminated successfully
Diabetes,3,42,10,300,0.0001,50,most_parsimonious,Ranked k-means,Random 25% immutable,α < 1,0.9954269128149522,209943,1,2,True,15.0,14.0,0.442561198642708,2.975100666003448,1.6995996594959344,0.6995996594959344,True,207.3652999999922,Optimization terminated successfully
Diabetes,3,42,10,300,0.0001,50,most_parsimonious,Ranked k-means,Random 50% immutable,α = 1,1.0,209943,1,2,False,,,,,,,False,167.55080000007183,No feasible counterfactual found.
Diabetes,3,42,10,300,0.0001,50,most_parsimonious,Ranked k-means,Random 50% immutable,α < 1,0.9954269128149522,209943,1,2,False,,,,,,,False,86.5496000000121,No feasible counterfactual found.
Diabetes,3,42,10,300,0.0001,50,most_parsimonious,Ranked k-means,Random 75% immutable,α = 1,1.0,209943,1,2,False,,,,,,,False,28.043500000080712,No feasible counterfactual found.
Diabetes,3,42,10,300,0.0001,50,most_parsimonious,Ranked k-means,Random 75% immutable,α < 1,0.9954269128149522,209943,1,2,False,,,,,,,False,43.196199999897544,No feasible counterfactual found.
Diabetes,3,42,10,300,0.0001,50,most_parsimonious,Ranked + weighted SHARK,All features mutable,α = 1,1.0,102075,1,2,True,1.0,1.0,6.422639222950592,2.5342926474562075,2.000000000000493,1.000000000000493,True,2.091199999995297,Optimization terminated successfully
Diabetes,3,42,10,300,0.0001,50,most_parsimonious,Ranked + weighted SHARK,All features mutable,α < 1,0.01,102075,1,2,True,1.0,1.0,25.434293586805985,5.043242368437788,1.0050251256284015,0.005025125628401517,True,1.8730000000459768,Optimization terminated successfully
Diabetes,3,42,10,300,0.0001,50,most_parsimonious,Ranked + weighted SHARK,Random 25% immutable,α = 1,1.0,102075,1,2,True,1.0,1.0,6.422639222950592,2.5342926474562075,2.000000000000493,1.000000000000493,True,1.9965999999840278,Optimization terminated successfully
Diabetes,3,42,10,300,0.0001,50,most_parsimonious,Ranked + weighted SHARK,Random 25% immutable,α < 1,0.01,102075,1,2,True,1.0,1.0,25.434293586805985,5.043242368437788,1.0050251256284015,0.005025125628401517,True,1.8992000000253029,Optimization terminated successfully
Diabetes,3,42,10,300,0.0001,50,most_parsimonious,Ranked + weighted SHARK,Random 50% immutable,α = 1,1.0,102075,1,2,False,,,,,,,False,958.7966999999935,No feasible counterfactual found.
Diabetes,3,42,10,300,0.0001,50,most_parsimonious,Ranked + weighted SHARK,Random 50% immutable,α < 1,0.01,102075,1,2,False,,,,,,,False,983.4233000000268,No feasible counterfactual found.
Diabetes,3,42,10,300,0.0001,50,most_parsimonious,Ranked + weighted SHARK,Random 75% immutable,α = 1,1.0,102075,1,2,False,,,,,,,False,5.442600000037601,No feasible counterfactual found.
Diabetes,3,42,10,300,0.0001,50,most_parsimonious,Ranked + weighted SHARK,Random 75% immutable,α < 1,0.01,102075,1,2,False,,,,,,,False,4.258400000026086,No feasible counterfactual found.
Diabetes,3,42,10,300,0.0001,50,most_parsimonious,Ranked + weighted SHARK,All features mutable,α = 1,1.0,130178,1,2,True,1.0,1.0,6.422639222950592,2.5342926474562075,2.000000000000493,1.000000000000493,True,2.274499999998625,Optimization terminated successfully
Diabetes,3,42,10,300,0.0001,50,most_parsimonious,Ranked + weighted SHARK,All features mutable,α < 1,0.01,130178,1,2,True,1.0,1.0,25.434293586805985,5.043242368437788,1.0050251256284015,0.005025125628401517,True,2.2546000000147615,Optimization terminated successfully
Diabetes,3,42,10,300,0.0001,50,most_parsimonious,Ranked + weighted SHARK,Random 25% immutable,α = 1,1.0,130178,1,2,True,1.0,1.0,6.422639222950592,2.5342926474562075,2.000000000000493,1.000000000000493,True,2.077600000006896,Optimization terminated successfully
Diabetes,3,42,10,300,0.0001,50,most_parsimonious,Ranked + weighted SHARK,Random 25% immutable,α < 1,0.01,130178,1,2,True,1.0,1.0,25.434293586805985,5.043242368437788,1.0050251256284015,0.005025125628401517,True,2.0948999999745865,Optimization terminated successfully
Diabetes,3,42,10,300,0.0001,50,most_parsimonious,Ranked + weighted SHARK,Random 50% immutable,α = 1,1.0,130178,1,2,True,1.0,1.0,6.422639222950592,2.5342926474562075,2.000000000000493,1.000000000000493,True,2.1663999999645966,Optimization terminated successfully
Diabetes,3,42,10,300,0.0001,50,most_parsimonious,Ranked + weighted SHARK,Random 50% immutable,α < 1,0.01,130178,1,2,True,1.0,1.0,25.434293586805985,5.043242368437788,1.0050251256284015,0.005025125628401517,True,2.0630999999866617,Optimization terminated successfully
Diabetes,3,42,10,300,0.0001,50,most_parsimonious,Ranked + weighted SHARK,Random 75% immutable,α = 1,1.0,130178,1,2,True,1.0,1.0,6.422639222950592,2.5342926474562075,2.000000000000493,1.000000000000493,True,2.3444999999355787,Optimization terminated successfully
Diabetes,3,42,10,300,0.0001,50,most_parsimonious,Ranked + weighted SHARK,Random 75% immutable,α < 1,0.01,130178,1,2,True,1.0,1.0,25.434293586805985,5.043242368437788,1.0050251256284015,0.005025125628401517,True,2.0149000000628803,Optimization terminated successfully
Diabetes,3,42,10,300,0.0001,50,most_parsimonious,Ranked + weighted SHARK,All features mutable,α = 1,1.0,114240,0,1,True,1.0,1.0,0.0660715689346714,0.2570439046829771,9.859376555074778,8.859376555074778,True,1.471300000048359,Optimization terminated successfully
Diabetes,3,42,10,300,0.0001,50,most_parsimonious,Ranked + weighted SHARK,All features mutable,α < 1,0.01,114240,0,1,True,1.0,1.0,0.0006422639233764215,0.025342926495896673,1.0,0.0,False,1.2904999999818756,Optimization terminated successfully
Diabetes,3,42,10,300,0.0001,50,most_parsimonious,Ranked + weighted SHARK,Random 25% immutable,α = 1,1.0,114240,0,1,True,1.0,1.0,0.0660715689346714,0.2570439046829771,9.859376555074778,8.859376555074778,True,1.3843000000406391,Optimization terminated successfully
Diabetes,3,42,10,300,0.0001,50,most_parsimonious,Ranked + weighted SHARK,Random 25% immutable,α < 1,0.01,114240,0,1,True,1.0,1.0,0.0006422639233764215,0.025342926495896673,1.0,0.0,False,1.1653999999907683,Optimization terminated successfully
Diabetes,3,42,10,300,0.0001,50,most_parsimonious,Ranked + weighted SHARK,Random 50% immutable,α = 1,1.0,114240,0,1,True,1.0,1.0,1.0263040661187014e-16,1.3734522415270098,1.9464333107457963,0.9464333107457963,True,1.0109999999485808,Optimization terminated successfully
Diabetes,3,42,10,300,0.0001,50,most_parsimonious,Ranked + weighted SHARK,Random 50% immutable,α < 1,0.01,114240,0,1,True,1.0,1.0,3.8882582873413355e-16,2.6733331936265907,1.0000000000000233,2.3314683517128287e-14,True,0.8133999999699881,Optimization terminated successfully
Diabetes,3,42,10,300,0.0001,50,most_parsimonious,Ranked + weighted SHARK,Random 75% immutable,α = 1,1.0,114240,0,1,True,1.0,1.0,4.216921267536901e-18,1.01443311826945,1.0,0.0,False,0.6822000000283879,Optimization terminated successfully
Diabetes,3,42,10,300,0.0001,50,most_parsimonious,Ranked + weighted SHARK,Random 75% immutable,α < 1,0.01,114240,0,1,True,1.0,1.0,4.216921267457283e-18,1.0144331182598734,1.0000000000094402,9.440226378387706e-12,True,0.7721000000628919,Optimization terminated successfully
Diabetes,3,42,10,300,0.0001,50,most_parsimonious,Ranked + weighted SHARK,All features mutable,α = 1,1.0,22636,1,2,True,1.0,1.0,6.422639222950592,2.5342926474562075,2.000000000000493,1.000000000000493,True,1.9104000000425003,Optimization terminated successfully
Diabetes,3,42,10,300,0.0001,50,most_parsimonious,Ranked + weighted SHARK,All features mutable,α < 1,0.01,22636,1,2,True,1.0,1.0,25.434293586805985,5.043242368437788,1.0050251256284015,0.005025125628401517,True,1.9556999999394975,Optimization terminated successfully
Diabetes,3,42,10,300,0.0001,50,most_parsimonious,Ranked + weighted SHARK,Random 25% immutable,α = 1,1.0,22636,1,2,True,1.0,1.0,6.422639222950592,2.5342926474562075,2.000000000000493,1.000000000000493,True,1.772299999970528,Optimization terminated successfully
Diabetes,3,42,10,300,0.0001,50,most_parsimonious,Ranked + weighted SHARK,Random 25% immutable,α < 1,0.01,22636,1,2,True,1.0,1.0,25.434293586805985,5.043242368437788,1.0050251256284015,0.005025125628401517,True,1.9643999999061634,Optimization terminated successfully
Diabetes,3,42,10,300,0.0001,50,most_parsimonious,Ranked + weighted SHARK,Random 50% immutable,α = 1,1.0,22636,1,2,True,1.0,1.0,6.422639222950592,2.5342926474562075,2.000000000000493,1.000000000000493,True,1.7470000000230357,Optimization terminated successfully
Diabetes,3,42,10,300,0.0001,50,most_parsimonious,Ranked + weighted SHARK,Random 50% immutable,α < 1,0.01,22636,1,2,True,1.0,1.0,25.434293586805985,5.043242368437788,1.0050251256284015,0.005025125628401517,True,1.8109000000094966,Optimization terminated successfully
Diabetes,3,42,10,300,0.0001,50,most_parsimonious,Ranked + weighted SHARK,Random 75% immutable,α = 1,1.0,22636,1,2,True,1.0,1.0,6.422639222950592,2.5342926474562075,2.000000000000493,1.000000000000493,True,2.0016999999370455,Optimization terminated successfully
Diabetes,3,42,10,300,0.0001,50,most_parsimonious,Ranked + weighted SHARK,Random 75% immutable,α < 1,0.01,22636,1,2,True,1.0,1.0,25.434293586805985,5.043242368437788,1.0050251256284015,0.005025125628401517,True,1.8779999999196662,Optimization terminated successfully
Diabetes,3,42,10,300,0.0001,50,most_parsimonious,Ranked + weighted SHARK,All features mutable,α = 1,1.0,197460,1,0,True,2.0,1.0,9.447640537923618e-17,1.3177627235205052,2.028690860585763,1.0286908605857632,True,1.392300000020441,Optimization terminated successfully
Diabetes,3,42,10,300,0.0001,50,most_parsimonious,Ranked + weighted SHARK,All features mutable,α < 1,0.01,197460,1,0,True,2.0,1.0,3.888258287911681e-16,2.673333193626653,1.0,0.0,False,1.3526999999839973,Optimization terminated successfully
Diabetes,3,42,10,300,0.0001,50,most_parsimonious,Ranked + weighted SHARK,Random 25% immutable,α = 1,1.0,197460,1,0,True,2.0,1.0,9.447640537923618e-17,1.3177627235205052,2.028690860585763,1.0286908605857632,True,1.350999999999658,Optimization terminated successfully
Diabetes,3,42,10,300,0.0001,50,most_parsimonious,Ranked + weighted SHARK,Random 25% immutable,α < 1,0.01,197460,1,0,True,2.0,1.0,3.888258287911681e-16,2.673333193626653,1.0,0.0,False,1.3408999999455773,Optimization terminated successfully
Diabetes,3,42,10,300,0.0001,50,most_parsimonious,Ranked + weighted SHARK,Random 50% immutable,α = 1,1.0,197460,1,0,True,2.0,1.0,9.447640537923618e-17,1.3177627235205052,2.028690860585763,1.0286908605857632,True,1.4400999999679698,Optimization terminated successfully
Diabetes,3,42,10,300,0.0001,50,most_parsimonious,Ranked + weighted SHARK,Random 50% immutable,α < 1,0.01,197460,1,0,True,2.0,1.0,3.888258287911681e-16,2.673333193626653,1.0,0.0,False,1.42459999995026,Optimization terminated successfully
Diabetes,3,42,10,300,0.0001,50,most_parsimonious,Ranked + weighted SHARK,Random 75% immutable,α = 1,1.0,197460,1,0,True,2.0,1.0,2.565196631339475e-17,2.4141253556155573,1.0000000000013924,1.3924417174848713e-12,True,1.3691999999991822,Optimization terminated successfully
Diabetes,3,42,10,300,0.0001,50,most_parsimonious,Ranked + weighted SHARK,Random 75% immutable,α < 1,0.01,197460,1,0,True,2.0,1.0,2.565195929950061e-17,2.4141253556134683,1.0000000000022577,2.2577495428777183e-12,True,1.3876000000436761,Optimization terminated successfully
Diabetes,3,42,10,300,0.0001,50,most_parsimonious,Ranked + weighted SHARK,All features mutable,α = 1,1.0,246242,1,0,True,2.0,1.0,1.1416721433313488e-16,1.4485925253416045,1.8454694103824898,0.8454694103824898,True,1.7040999999835549,Optimization terminated successfully
Diabetes,3,42,10,300,0.0001,50,most_parsimonious,Ranked + weighted SHARK,All features mutable,α < 1,0.01,246242,1,0,True,2.0,1.0,3.888258287995652e-16,2.673333193626348,1.0000000000001141,1.141309269314661e-13,True,1.4204000000290762,Optimization terminated successfully
Diabetes,3,42,10,300,0.0001,50,most_parsimonious,Ranked + weighted SHARK,Random 25% immutable,α = 1,1.0,246242,1,0,True,1.0,1.0,1.1416721433313197e-16,1.4485925253416025,1.8454694103824925,0.8454694103824925,True,0.7155999999213236,Optimization terminated successfully
Diabetes,3,42,10,300,0.0001,50,most_parsimonious,Ranked + weighted SHARK,Random 25% immutable,α < 1,0.01,246242,1,0,True,1.0,1.0,3.8882582873415165e-16,2.673333193626653,1.0,0.0,False,0.7815999999820633,Optimization terminated successfully
Diabetes,3,42,10,300,0.0001,50,most_parsimonious,Ranked + weighted SHARK,Random 50% immutable,α = 1,1.0,246242,1,0,True,2.0,1.0,1.1416721433313488e-16,1.4485925253416045,1.8454694103824898,0.8454694103824898,True,1.3436000000410786,Optimization terminated successfully
Diabetes,3,42,10,300,0.0001,50,most_parsimonious,Ranked + weighted SHARK,Random 50% immutable,α < 1,0.01,246242,1,0,True,2.0,1.0,3.888258287995652e-16,2.673333193626348,1.0000000000001141,1.141309269314661e-13,True,1.34719999994104,Optimization terminated successfully
Diabetes,3,42,10,300,0.0001,50,most_parsimonious,Ranked + weighted SHARK,Random 75% immutable,α = 1,1.0,246242,1,0,True,1.0,1.0,5.0277832027881135e-17,3.3797754978622545,1.000000000001252,1.2521095271722515e-12,True,0.7452999999486565,Optimization terminated successfully
Diabetes,3,42,10,300,0.0001,50,most_parsimonious,Ranked + weighted SHARK,Random 75% immutable,α < 1,0.01,246242,1,0,True,1.0,1.0,5.027783202800705e-17,3.3797754978664867,1.0,0.0,False,0.7205000000567452,Optimization terminated successfully
Diabetes,3,42,10,300,0.0001,50,most_parsimonious,Ranked + weighted SHARK,All features mutable,α = 1,1.0,163320,1,0,True,1.0,0.0,0.0,0.0,inf,inf,True,1.0613000000603279,Optimization terminated successfully
Diabetes,3,42,10,300,0.0001,50,most_parsimonious,Ranked + weighted SHARK,All features mutable,α < 1,0.01,163320,1,0,True,2.0,1.0,3.888258287341893e-16,2.6733331936266387,1.0000000000000053,5.329070518200751e-15,True,1.4191999999866312,Optimization terminated successfully
Diabetes,3,42,10,300,0.0001,50,most_parsimonious,Ranked + weighted SHARK,Random 25% immutable,α = 1,1.0,163320,1,0,True,1.0,0.0,0.0,0.0,inf,inf,True,1.0528999999905864,Optimization terminated successfully
Diabetes,3,42,10,300,0.0001,50,most_parsimonious,Ranked + weighted SHARK,Random 25% immutable,α < 1,0.01,163320,1,0,True,2.0,1.0,3.888258287341893e-16,2.6733331936266387,1.0000000000000053,5.329070518200751e-15,True,1.366100000041115,Optimization terminated successfully
Diabetes,3,42,10,300,0.0001,50,most_parsimonious,Ranked + weighted SHARK,Random 50% immutable,α = 1,1.0,163320,1,0,True,1.0,0.0,0.0,0.0,inf,inf,True,1.2450000000399086,Optimization terminated successfully
Diabetes,3,42,10,300,0.0001,50,most_parsimonious,Ranked + weighted SHARK,Random 50% immutable,α < 1,0.01,163320,1,0,True,2.0,1.0,4.8349351339557085e-17,3.0970640079838954,1.0,0.0,False,1.463300000068557,Optimization terminated successfully
Diabetes,3,42,10,300,0.0001,50,most_parsimonious,Ranked + weighted SHARK,Random 75% immutable,α = 1,1.0,163320,1,0,True,1.0,1.0,1.749161630245817e-17,1.871826219800127,1.0000000000032376,3.2376323844118815e-12,True,0.7113000000344982,Optimization terminated successfully
Diabetes,3,42,10,300,0.0001,50,most_parsimonious,Ranked + weighted SHARK,Random 75% immutable,α < 1,0.01,163320,1,0,True,1.0,1.0,1.7491616302571438e-17,1.8718262198061875,1.0,0.0,False,0.8111000000781132,Optimization terminated successfully
Diabetes,3,42,10,300,0.0001,50,most_parsimonious,Ranked + weighted SHARK,All features mutable,α = 1,1.0,177703,1,0,True,2.0,1.0,1.0482208145249092e-16,1.388039826454444,1.9259772973916125,0.9259772973916125,True,1.3425000000779619,Optimization terminated successfully
Diabetes,3,42,10,300,0.0001,50,most_parsimonious,Ranked + weighted SHARK,All features mutable,α < 1,0.01,177703,1,0,True,2.0,1.0,3.88825828827672e-16,2.673333193626653,1.0,0.0,False,1.4425000000528598,Optimization terminated successfully
Diabetes,3,42,10,300,0.0001,50,most_parsimonious,Ranked + weighted SHARK,Random 25% immutable,α = 1,1.0,177703,1,0,True,2.0,1.0,1.0482208145249092e-16,1.388039826454444,1.9259772973916125,0.9259772973916125,True,1.4526999999588952,Optimization terminated successfully
Diabetes,3,42,10,300,0.0001,50,most_parsimonious,Ranked + weighted SHARK,Random 25% immutable,α < 1,0.01,177703,1,0,True,2.0,1.0,3.88825828827672e-16,2.673333193626653,1.0,0.0,False,1.40360000000328,Optimization terminated successfully
Diabetes,3,42,10,300,0.0001,50,most_parsimonious,Ranked + weighted SHARK,Random 50% immutable,α = 1,1.0,177703,1,0,True,1.0,1.0,1.0482208145249013e-16,1.388039826454444,1.9259772973916125,0.9259772973916125,True,0.7124999999632564,Optimization terminated successfully
Diabetes,3,42,10,300,0.0001,50,most_parsimonious,Ranked + weighted SHARK,Random 50% immutable,α < 1,0.01,177703,1,0,True,1.0,1.0,3.8882582873402e-16,2.6733331936262004,1.0000000000001692,1.6919798895287386e-13,True,0.8075999999164196,Optimization terminated successfully
Diabetes,3,42,10,300,0.0001,50,most_parsimonious,Ranked + weighted SHARK,Random 75% immutable,α = 1,1.0,177703,1,0,True,1.0,1.0,1.0482208145249013e-16,1.388039826454444,1.9259772973916125,0.9259772973916125,True,0.6893999999419975,Optimization terminated successfully
Diabetes,3,42,10,300,0.0001,50,most_parsimonious,Ranked + weighted SHARK,Random 75% immutable,α < 1,0.01,177703,1,0,True,1.0,1.0,3.8882582873402e-16,2.6733331936262004,1.0000000000001692,1.6919798895287386e-13,True,0.8318000000144821,Optimization terminated successfully
Diabetes,3,42,10,300,0.0001,50,most_parsimonious,Ranked + weighted SHARK,All features mutable,α = 1,1.0,70205,1,0,True,2.0,1.0,6.917881844799189e-17,1.1276182802654537,2.370778516465094,1.3707785164650939,True,1.5548999999737134,Optimization terminated successfully
Diabetes,3,42,10,300,0.0001,50,most_parsimonious,Ranked + weighted SHARK,All features mutable,α < 1,0.01,70205,1,0,True,2.0,1.0,3.5780153217965684e-16,2.564464170579011,1.0424529319990699,0.042452931999069854,True,1.4667000000372354,Optimization terminated successfully
Diabetes,3,42,10,300,0.0001,50,most_parsimonious,Ranked + weighted SHARK,Random 25% immutable,α = 1,1.0,70205,1,0,True,2.0,1.0,6.917881844799189e-17,1.1276182802654537,2.370778516465094,1.3707785164650939,True,1.398200000039651,Optimization terminated successfully
Diabetes,3,42,10,300,0.0001,50,most_parsimonious,Ranked + weighted SHARK,Random 25% immutable,α < 1,0.01,70205,1,0,True,2.0,1.0,3.5780153217965684e-16,2.564464170579011,1.0424529319990699,0.042452931999069854,True,1.346499999954176,Optimization terminated successfully
Diabetes,3,42,10,300,0.0001,50,most_parsimonious,Ranked + weighted SHARK,Random 50% immutable,α = 1,1.0,70205,1,0,True,1.0,1.0,6.917881844798939e-17,1.1276182802654537,2.370778516465094,1.3707785164650939,True,0.7395000000087748,Optimization terminated successfully
Diabetes,3,42,10,300,0.0001,50,most_parsimonious,Ranked + weighted SHARK,Random 50% immutable,α < 1,0.01,70205,1,0,True,1.0,1.0,3.578015321796465e-16,2.5644641705789963,1.0424529319990758,0.04245293199907585,True,0.6859999999733191,Optimization terminated successfully
Diabetes,3,42,10,300,0.0001,50,most_parsimonious,Ranked + weighted SHARK,Random 75% immutable,α = 1,1.0,70205,1,0,True,1.0,1.0,6.806154872415378e-17,4.047036227684216,1.0000000000003921,3.921307722976053e-13,True,0.7698000000573302,Optimization terminated successfully
Diabetes,3,42,10,300,0.0001,50,most_parsimonious,Ranked + weighted SHARK,Random 75% immutable,α < 1,0.01,70205,1,0,True,1.0,1.0,6.806154872420716e-17,4.047036227685803,1.0,0.0,False,0.694699999939985,Optimization terminated successfully
Diabetes,3,42,10,300,0.0001,50,most_parsimonious,Ranked + weighted SHARK,All features mutable,α = 1,1.0,113060,1,0,True,2.0,1.0,1.0832302345894194e-16,1.4110289504280509,1.894598401269987,0.894598401269987,True,1.6409999999495994,Optimization terminated successfully
Diabetes,3,42,10,300,0.0001,50,most_parsimonious,Ranked + weighted SHARK,All features mutable,α < 1,0.01,113060,1,0,True,2.0,1.0,3.8882582881345475e-16,2.673333193626653,1.0,0.0,False,1.5707999999676758,Optimization terminated successfully
Diabetes,3,42,10,300,0.0001,50,most_parsimonious,Ranked + weighted SHARK,Random 25% immutable,α = 1,1.0,113060,1,0,True,2.0,1.0,5.969060043697912e-17,3.441182231093217,1.0,0.0,False,1.3776000000689237,Optimization terminated successfully
Diabetes,3,42,10,300,0.0001,50,most_parsimonious,Ranked + weighted SHARK,Random 25% immutable,α < 1,0.01,113060,1,0,True,2.0,1.0,5.969058454566223e-17,3.441182231093217,1.0,0.0,False,1.6188999999258158,Optimization terminated successfully
Diabetes,3,42,10,300,0.0001,50,most_parsimonious,Ranked + weighted SHARK,Random 50% immutable,α = 1,1.0,113060,1,0,True,1.0,1.0,5.969054060213038e-17,3.441182231086865,1.0000000000018459,1.8458568007417853e-12,True,0.7011999999804175,Optimization terminated successfully
Diabetes,3,42,10,300,0.0001,50,most_parsimonious,Ranked + weighted SHARK,Random 50% immutable,α < 1,0.01,113060,1,0,True,1.0,1.0,5.969054060235073e-17,3.441182231093217,1.0,0.0,False,0.7034000000203378,Optimization terminated successfully
Diabetes,3,42,10,300,0.0001,50,most_parsimonious,Ranked + weighted SHARK,Random 75% immutable,α = 1,1.0,113060,1,0,True,1.0,1.0,1.7491616302571438e-17,1.8718262198061875,1.0,0.0,False,0.704400000017813,Optimization terminated successfully
Diabetes,3,42,10,300,0.0001,50,most_parsimonious,Ranked + weighted SHARK,Random 75% immutable,α < 1,0.01,113060,1,0,True,1.0,1.0,1.7491616302505892e-17,1.8718262198026805,1.0000000000018736,1.873612376357414e-12,True,0.698499999998603,Optimization terminated successfully
Diabetes,3,42,10,300,0.0001,50,most_parsimonious,Ranked + weighted SHARK,All features mutable,α = 1,1.0,89934,2,0,True,1.0,1.0,25.69055689181504,5.068585294913665,1.0,0.0,False,1.1183000000301035,Optimization terminated successfully
Diabetes,3,42,10,300,0.0001,50,most_parsimonious,Ranked + weighted SHARK,All features mutable,α < 1,0.01,89934,2,0,True,1.0,1.0,25.6905568918116,5.068585294913325,1.0000000000000668,6.683542608243442e-14,True,1.4965999999958512,Optimization terminated successfully
Diabetes,3,42,10,300,0.0001,50,most_parsimonious,Ranked + weighted SHARK,Random 25% immutable,α = 1,1.0,89934,2,0,True,1.0,1.0,25.69055689181504,5.068585294913665,1.0,0.0,False,1.0858999999072694,Optimization terminated successfully
Diabetes,3,42,10,300,0.0001,50,most_parsimonious,Ranked + weighted SHARK,Random 25% immutable,α < 1,0.01,89934,2,0,True,1.0,1.0,25.6905568918116,5.068585294913325,1.0000000000000668,6.683542608243442e-14,True,1.4525000000276123,Optimization terminated successfully
Diabetes,3,42,10,300,0.0001,50,most_parsimonious,Ranked + weighted SHARK,Random 50% immutable,α = 1,1.0,89934,2,0,False,,,,,,,False,8.718100000010054,No feasible counterfactual found.
Diabetes,3,42,10,300,0.0001,50,most_parsimonious,Ranked + weighted SHARK,Random 50% immutable,α < 1,0.01,89934,2,0,False,,,,,,,False,13.359000000036758,No feasible counterfactual found.
Diabetes,3,42,10,300,0.0001,50,most_parsimonious,Ranked + weighted SHARK,Random 75% immutable,α = 1,1.0,89934,2,0,False,,,,,,,False,4.0201000000479326,No feasible counterfactual found.
Diabetes,3,42,10,300,0.0001,50,most_parsimonious,Ranked + weighted SHARK,Random 75% immutable,α < 1,0.01,89934,2,0,False,,,,,,,False,3.724799999986317,No feasible counterfactual found.
Diabetes,3,42,10,300,0.0001,50,most_parsimonious,Ranked + weighted SHARK,All features mutable,α = 1,1.0,171973,1,2,True,1.0,1.0,6.422639222950592,2.5342926474562075,2.000000000000493,1.000000000000493,True,1.9269000000576852,Optimization terminated successfully
Diabetes,3,42,10,300,0.0001,50,most_parsimonious,Ranked + weighted SHARK,All features mutable,α < 1,0.01,171973,1,2,True,1.0,1.0,25.434293586805985,5.043242368437788,1.0050251256284015,0.005025125628401517,True,2.175700000066172,Optimization terminated successfully
Diabetes,3,42,10,300,0.0001,50,most_parsimonious,Ranked + weighted SHARK,Random 25% immutable,α = 1,1.0,171973,1,2,True,1.0,1.0,6.422639222950592,2.5342926474562075,2.000000000000493,1.000000000000493,True,2.265100000045095,Optimization terminated successfully
Diabetes,3,42,10,300,0.0001,50,most_parsimonious,Ranked + weighted SHARK,Random 25% immutable,α < 1,0.01,171973,1,2,True,1.0,1.0,25.434293586805985,5.043242368437788,1.0050251256284015,0.005025125628401517,True,2.11699999999837,Optimization terminated successfully
Diabetes,3,42,10,300,0.0001,50,most_parsimonious,Ranked + weighted SHARK,Random 50% immutable,α = 1,1.0,171973,1,2,True,1.0,1.0,6.422639222950592,2.5342926474562075,2.000000000000493,1.000000000000493,True,1.7597000000932894,Optimization terminated successfully
Diabetes,3,42,10,300,0.0001,50,most_parsimonious,Ranked + weighted SHARK,Random 50% immutable,α < 1,0.01,171973,1,2,True,1.0,1.0,25.434293586805985,5.043242368437788,1.0050251256284015,0.005025125628401517,True,1.996899999994639,Optimization terminated successfully
Diabetes,3,42,10,300,0.0001,50,most_parsimonious,Ranked + weighted SHARK,Random 75% immutable,α = 1,1.0,171973,1,2,True,1.0,1.0,6.422639222950592,2.5342926474562075,2.000000000000493,1.000000000000493,True,1.9961000000421336,Optimization terminated successfully
Diabetes,3,42,10,300,0.0001,50,most_parsimonious,Ranked + weighted SHARK,Random 75% immutable,α < 1,0.01,171973,1,2,True,1.0,1.0,25.434293586805985,5.043242368437788,1.0050251256284015,0.005025125628401517,True,1.8861999999444379,Optimization terminated successfully
Diabetes,3,42,10,300,0.0001,50,most_parsimonious,Ranked + weighted SHARK,All features mutable,α = 1,1.0,109827,1,0,True,2.0,1.0,1.327452289249561e-16,1.5620142735682765,1.7114652784315931,0.7114652784315931,True,1.4507000000776316,Optimization terminated successfully
Diabetes,3,42,10,300,0.0001,50,most_parsimonious,Ranked + weighted SHARK,All features mutable,α < 1,0.01,109827,1,0,True,2.0,1.0,3.8882582881206956e-16,2.673333193626653,1.0,0.0,False,1.4181000000235144,Optimization terminated successfully
Diabetes,3,42,10,300,0.0001,50,most_parsimonious,Ranked + weighted SHARK,Random 25% immutable,α = 1,1.0,109827,1,0,True,2.0,1.0,1.327452289249561e-16,1.5620142735682765,1.7114652784315931,0.7114652784315931,True,1.5442999999777385,Optimization terminated successfully
Diabetes,3,42,10,300,0.0001,50,most_parsimonious,Ranked + weighted SHARK,Random 25% immutable,α < 1,0.01,109827,1,0,True,2.0,1.0,3.8882582881206956e-16,2.673333193626653,1.0,0.0,False,1.5032000000019252,Optimization terminated successfully
Diabetes,3,42,10,300,0.0001,50,most_parsimonious,Ranked + weighted SHARK,Random 50% immutable,α = 1,1.0,109827,1,0,True,1.0,1.0,1.327452289249493e-16,1.5620142735682783,1.7114652784315911,0.7114652784315911,True,0.7062999999334352,Optimization terminated successfully
Diabetes,3,42,10,300,0.0001,50,most_parsimonious,Ranked + weighted SHARK,Random 50% immutable,α < 1,0.01,109827,1,0,True,1.0,1.0,3.8882582873412916e-16,2.6733331936265756,1.0000000000000289,2.886579864025407e-14,True,0.6943999999293737,Optimization terminated successfully
Diabetes,3,42,10,300,0.0001,50,most_parsimonious,Ranked + weighted SHARK,Random 75% immutable,α = 1,1.0,109827,1,0,True,1.0,1.0,6.996646521028575e-17,3.743652439612375,1.0,0.0,False,0.7607999999663662,Optimization terminated successfully
Diabetes,3,42,10,300,0.0001,50,most_parsimonious,Ranked + weighted SHARK,Random 75% immutable,α < 1,0.01,109827,1,0,True,1.0,1.0,6.996646521028575e-17,3.743652439612375,1.0,0.0,False,0.7110999999895284,Optimization terminated successfully
Diabetes,3,42,10,300,0.0001,50,most_parsimonious,Ranked + weighted SHARK,All features mutable,α = 1,1.0,17229,1,0,True,2.0,1.0,1.158242045295935e-16,1.4590668849570765,1.832221141599892,0.8322211415998919,True,1.4499000000114393,Optimization terminated successfully
Diabetes,3,42,10,300,0.0001,50,most_parsimonious,Ranked + weighted SHARK,All features mutable,α < 1,0.01,17229,1,0,True,2.0,1.0,3.8882582884723594e-16,2.673333193625739,1.000000000000342,3.419486915845482e-13,True,1.4052999999876192,Optimization terminated successfully
Diabetes,3,42,10,300,0.0001,50,most_parsimonious,Ranked + weighted SHARK,Random 25% immutable,α = 1,1.0,17229,1,0,True,2.0,1.0,3.935617757391513e-17,2.8077393297092814,1.0,0.0,False,1.4075000000275395,Optimization terminated successfully
Diabetes,3,42,10,300,0.0001,50,most_parsimonious,Ranked + weighted SHARK,Random 25% immutable,α < 1,0.01,17229,1,0,True,2.0,1.0,3.9356144818648986e-17,2.807739329704391,1.0000000000017417,1.7417178810319456e-12,True,1.496999999972104,Optimization terminated successfully
Diabetes,3,42,10,300,0.0001,50,most_parsimonious,Ranked + weighted SHARK,Random 50% immutable,α = 1,1.0,17229,1,0,True,2.0,1.0,1.158242045295935e-16,1.4590668849570765,1.832221141599892,0.8322211415998919,True,1.4654999999947904,Optimization terminated successfully
Diabetes,3,42,10,300,0.0001,50,most_parsimonious,Ranked + weighted SHARK,Random 50% immutable,α < 1,0.01,17229,1,0,True,2.0,1.0,3.8882582884723594e-16,2.673333193625739,1.000000000000342,3.419486915845482e-13,True,1.6779000000042288,Optimization terminated successfully
Diabetes,3,42,10,300,0.0001,50,most_parsimonious,Ranked + weighted SHARK,Random 75% immutable,α = 1,1.0,17229,1,0,True,1.0,1.0,3.935613668078574e-17,2.8077393297092814,1.0,0.0,False,0.6795000000465734,Optimization terminated successfully
Diabetes,3,42,10,300,0.0001,50,most_parsimonious,Ranked + weighted SHARK,Random 75% immutable,α < 1,0.01,17229,1,0,True,1.0,1.0,3.935613668078574e-17,2.8077393297092814,1.0,0.0,False,0.9765000000925284,Optimization terminated successfully
Diabetes,3,42,10,300,0.0001,50,most_parsimonious,Ranked + weighted SHARK,All features mutable,α = 1,1.0,199382,0,1,True,1.0,1.0,0.08048008179607778,0.28369011578847403,8.93331316959188,7.93331316959188,True,1.4941999999109612,Optimization terminated successfully
Diabetes,3,42,10,300,0.0001,50,most_parsimonious,Ranked + weighted SHARK,All features mutable,α < 1,0.01,199382,0,1,True,1.0,1.0,0.0006422639231356943,0.025342926491147277,1.0,0.0,False,1.5434999999115462,Optimization terminated successfully
Diabetes,3,42,10,300,0.0001,50,most_parsimonious,Ranked + weighted SHARK,Random 25% immutable,α = 1,1.0,199382,0,1,True,1.0,1.0,0.08048008179607778,0.28369011578847403,8.93331316959188,7.93331316959188,True,1.622300000008181,Optimization terminated successfully
Diabetes,3,42,10,300,0.0001,50,most_parsimonious,Ranked + weighted SHARK,Random 25% immutable,α < 1,0.01,199382,0,1,True,1.0,1.0,0.0006422639231356943,0.025342926491147277,1.0,0.0,False,1.5673999999989974,Optimization terminated successfully
Diabetes,3,42,10,300,0.0001,50,most_parsimonious,Ranked + weighted SHARK,Random 50% immutable,α = 1,1.0,199382,0,1,True,1.0,1.0,1.2999273286708293e-17,1.6058850411752368,1.000000000000995,9.949818746690653e-13,True,0.7384000000456581,Optimization terminated successfully
Diabetes,3,42,10,300,0.0001,50,most_parsimonious,Ranked + weighted SHARK,Random 50% immutable,α < 1,0.01,199382,0,1,True,1.0,1.0,1.2999273286606701e-17,1.6058850411689616,1.0000000000049025,4.902522832139766e-12,True,0.7266000000072381,Optimization terminated successfully
Diabetes,3,42,10,300,0.0001,50,most_parsimonious,Ranked + weighted SHARK,Random 75% immutable,α = 1,1.0,199382,0,1,True,1.0,1.0,1.2999273286708293e-17,1.6058850411752368,1.000000000000995,9.949818746690653e-13,True,0.6943999999293737,Optimization terminated successfully
Diabetes,3,42,10,300,0.0001,50,most_parsimonious,Ranked + weighted SHARK,Random 75% immutable,α < 1,0.01,199382,0,1,True,1.0,1.0,1.2999273286606701e-17,1.6058850411689616,1.0000000000049025,4.902522832139766e-12,True,0.7540999999946507,Optimization terminated successfully
Diabetes,3,42,10,300,0.0001,50,most_parsimonious,Ranked + weighted SHARK,All features mutable,α = 1,1.0,133536,1,0,True,2.0,1.0,1.146425435821805e-16,1.4516049628224499,1.8416396072583807,0.8416396072583807,True,1.5371000000641288,Optimization terminated successfully
Diabetes,3,42,10,300,0.0001,50,most_parsimonious,Ranked + weighted SHARK,All features mutable,α < 1,0.01,133536,1,0,True,2.0,1.0,3.8882582883153056e-16,2.673333193626653,1.0,0.0,False,1.3897999999699095,Optimization terminated successfully
Diabetes,3,42,10,300,0.0001,50,most_parsimonious,Ranked + weighted SHARK,Random 25% immutable,α = 1,1.0,133536,1,0,True,2.0,1.0,1.146425435821805e-16,1.4516049628224499,1.8416396072583807,0.8416396072583807,True,1.3805999999476626,Optimization terminated successfully
Diabetes,3,42,10,300,0.0001,50,most_parsimonious,Ranked + weighted SHARK,Random 25% immutable,α < 1,0.01,133536,1,0,True,2.0,1.0,3.8882582883153056e-16,2.673333193626653,1.0,0.0,False,1.3902000000598491,Optimization terminated successfully
Diabetes,3,42,10,300,0.0001,50,most_parsimonious,Ranked + weighted SHARK,Random 50% immutable,α = 1,1.0,133536,1,0,True,1.0,1.0,1.1464254358218016e-16,1.4516049628224508,1.8416396072583796,0.8416396072583796,True,0.7267999999385211,Optimization terminated successfully
Diabetes,3,42,10,300,0.0001,50,most_parsimonious,Ranked + weighted SHARK,Random 50% immutable,α < 1,0.01,133536,1,0,True,1.0,1.0,3.8882582873415165e-16,2.673333193626653,1.0,0.0,False,0.7150999999794294,Optimization terminated successfully
Diabetes,3,42,10,300,0.0001,50,most_parsimonious,Ranked + weighted SHARK,Random 75% immutable,α = 1,1.0,133536,1,0,True,1.0,1.0,2.565195511633013e-17,2.414125355618919,1.0,0.0,False,0.7583000000295215,Optimization terminated successfully
Diabetes,3,42,10,300,0.0001,50,most_parsimonious,Ranked + weighted SHARK,Random 75% immutable,α < 1,0.01,133536,1,0,True,1.0,1.0,2.5651955116217094e-17,2.4141253556136,1.0000000000022031,2.2031265700661606e-12,True,0.6762000000435364,Optimization terminated successfully
Diabetes,3,42,10,300,0.0001,50,most_parsimonious,Ranked + weighted SHARK,All features mutable,α = 1,1.0,126914,0,1,True,1.0,1.0,0.1007850668440988,0.3174666389466755,7.982862879276907,6.982862879276907,True,1.4750000000276486,Optimization terminated successfully
Diabetes,3,42,10,300,0.0001,50,most_parsimonious,Ranked + weighted SHARK,All features mutable,α < 1,0.01,126914,0,1,True,1.0,1.0,0.0006422639234182559,0.02534292649672204,1.0,0.0,False,1.546100000041406,Optimization terminated successfully
Diabetes,3,42,10,300,0.0001,50,most_parsimonious,Ranked + weighted SHARK,Random 25% immutable,α = 1,1.0,126914,0,1,True,1.0,1.0,1.5655163873649865e-16,1.696306580033963,1.5759728961100465,0.5759728961100465,True,0.7127000000082262,Optimization terminated successfully
Diabetes,3,42,10,300,0.0001,50,most_parsimonious,Ranked + weighted SHARK,Random 25% immutable,α < 1,0.01,126914,0,1,True,1.0,1.0,3.8882582873415165e-16,2.673333193626653,1.0,0.0,False,0.7158999999319349,Optimization terminated successfully
Diabetes,3,42,10,300,0.0001,50,most_parsimonious,Ranked + weighted SHARK,Random 50% immutable,α = 1,1.0,126914,0,1,True,1.0,1.0,1.5655163873649865e-16,1.696306580033963,1.5759728961100465,0.5759728961100465,True,0.7284999999228603,Optimization terminated successfully
Diabetes,3,42,10,300,0.0001,50,most_parsimonious,Ranked + weighted SHARK,Random 50% immutable,α < 1,0.01,126914,0,1,True,1.0,1.0,3.8882582873415165e-16,2.673333193626653,1.0,0.0,False,0.7427000000461703,Optimization terminated successfully
Diabetes,3,42,10,300,0.0001,50,most_parsimonious,Ranked + weighted SHARK,Random 75% immutable,α = 1,1.0,126914,0,1,True,2.0,1.0,1.710473285926156e-17,2.020473509876203,1.0000000000031397,3.1397107136399427e-12,True,1.4485000000377113,Optimization terminated successfully
Diabetes,3,42,10,300,0.0001,50,most_parsimonious,Ranked + weighted SHARK,Random 75% immutable,α < 1,0.01,126914,0,1,True,2.0,1.0,1.7104732859292805e-17,2.0204735098780486,1.0000000000022262,2.226219208978364e-12,True,1.4198999999734951,Optimization terminated successfully
Diabetes,3,42,10,300,0.0001,50,most_parsimonious,Ranked + weighted SHARK,All features mutable,α = 1,1.0,192305,0,1,True,1.0,1.0,0.07997568095056773,0.2827997187950648,8.961439771772667,7.9614397717726675,True,1.4201999999841064,Optimization terminated successfully
Diabetes,3,42,10,300,0.0001,50,most_parsimonious,Ranked + weighted SHARK,All features mutable,α < 1,0.01,192305,0,1,True,1.0,1.0,0.0006422639230696753,0.025342926489844764,1.0,0.0,False,1.5043999999306834,Optimization terminated successfully
Diabetes,3,42,10,300,0.0001,50,most_parsimonious,Ranked + weighted SHARK,Random 25% immutable,α = 1,1.0,192305,0,1,True,1.0,1.0,0.07997568095056773,0.2827997187950648,8.961439771772667,7.9614397717726675,True,1.421999999934087,Optimization terminated successfully
Diabetes,3,42,10,300,0.0001,50,most_parsimonious,Ranked + weighted SHARK,Random 25% immutable,α < 1,0.01,192305,0,1,True,1.0,1.0,0.0006422639230696753,0.025342926489844764,1.0,0.0,False,1.5920000000733125,Optimization terminated successfully
Diabetes,3,42,10,300,0.0001,50,most_parsimonious,Ranked + weighted SHARK,Random 50% immutable,α = 1,1.0,192305,0,1,True,1.0,1.0,1.2422796654236536e-16,1.5110722355440949,1.7691630689409499,0.7691630689409499,True,0.9160999999267005,Optimization terminated successfully
Diabetes,3,42,10,300,0.0001,50,most_parsimonious,Ranked + weighted SHARK,Random 50% immutable,α < 1,0.01,192305,0,1,True,1.0,1.0,3.888258287341448e-16,2.6733331936266294,1.0000000000000089,8.881784197001252e-15,True,1.9181999999773325,Optimization terminated successfully
Diabetes,3,42,10,300,0.0001,50,most_parsimonious,Ranked + weighted SHARK,Random 75% immutable,α = 1,1.0,192305,0,1,True,1.0,1.0,0.07997568095056773,0.2827997187950648,8.961439771772667,7.9614397717726675,True,1.5521000000262575,Optimization terminated successfully
Diabetes,3,42,10,300,0.0001,50,most_parsimonious,Ranked + weighted SHARK,Random 75% immutable,α < 1,0.01,192305,0,1,True,1.0,1.0,0.0006422639230696753,0.025342926489844764,1.0,0.0,False,1.6041999999742984,Optimization terminated successfully
Diabetes,3,42,10,300,0.0001,50,most_parsimonious,Ranked + weighted SHARK,All features mutable,α = 1,1.0,51100,1,0,True,2.0,1.0,1.223277890982233e-16,1.4994711040252082,1.7828507574772914,0.7828507574772914,True,1.3616999999612744,Optimization terminated successfully
Diabetes,3,42,10,300,0.0001,50,most_parsimonious,Ranked + weighted SHARK,All features mutable,α < 1,0.01,51100,1,0,True,2.0,1.0,3.88825828738825e-16,2.673333193626653,1.0,0.0,False,1.6647999999577223,Optimization terminated successfully
Diabetes,3,42,10,300,0.0001,50,most_parsimonious,Ranked + weighted SHARK,Random 25% immutable,α = 1,1.0,51100,1,0,True,2.0,1.0,1.223277890982233e-16,1.4994711040252082,1.7828507574772914,0.7828507574772914,True,1.5766999999868858,Optimization terminated successfully
Diabetes,3,42,10,300,0.0001,50,most_parsimonious,Ranked + weighted SHARK,Random 25% immutable,α < 1,0.01,51100,1,0,True,2.0,1.0,3.88825828738825e-16,2.673333193626653,1.0,0.0,False,1.3700000000653745,Optimization terminated successfully
Diabetes,3,42,10,300,0.0001,50,most_parsimonious,Ranked + weighted SHARK,Random 50% immutable,α = 1,1.0,51100,1,0,True,1.0,1.0,1.2232778909821939e-16,1.499471104025206,1.782850757477294,0.782850757477294,True,0.7138999999369844,Optimization terminated successfully
Diabetes,3,42,10,300,0.0001,50,most_parsimonious,Ranked + weighted SHARK,Random 50% immutable,α < 1,0.01,51100,1,0,True,1.0,1.0,3.8882582873415165e-16,2.673333193626653,1.0,0.0,False,0.6928000000243628,Optimization terminated successfully
Diabetes,3,42,10,300,0.0001,50,most_parsimonious,Ranked + weighted SHARK,Random 75% immutable,α = 1,1.0,51100,1,0,True,1.0,1.0,5.1997093146816707e-17,3.211770082349965,1.0000000000011533,1.1532996779806126e-12,True,0.7189999998900021,Optimization terminated successfully
Diabetes,3,42,10,300,0.0001,50,most_parsimonious,Ranked + weighted SHARK,Random 75% immutable,α < 1,0.01,51100,1,0,True,1.0,1.0,5.199709314693665e-17,3.2117700823536692,1.0,0.0,False,0.7172000000537082,Optimization terminated successfully
Diabetes,3,42,10,300,0.0001,50,most_parsimonious,Ranked + weighted SHARK,All features mutable,α = 1,1.0,213001,1,0,True,2.0,1.0,1.275979079156947e-16,1.531430578787616,1.745644386794891,0.745644386794891,True,1.5514000000393935,Optimization terminated successfully
Diabetes,3,42,10,300,0.0001,50,most_parsimonious,Ranked + weighted SHARK,All features mutable,α < 1,0.01,213001,1,0,True,2.0,1.0,3.8882582948228495e-16,2.673333193626653,1.0,0.0,False,1.3902000000598491,Optimization terminated successfully
Diabetes,3,42,10,300,0.0001,50,most_parsimonious,Ranked + weighted SHARK,Random 25% immutable,α = 1,1.0,213001,1,0,True,2.0,1.0,5.969057994220966e-17,3.441182231093217,1.0,0.0,False,1.4439000000265878,Optimization terminated successfully
Diabetes,3,42,10,300,0.0001,50,most_parsimonious,Ranked + weighted SHARK,Random 25% immutable,α < 1,0.01,213001,1,0,True,2.0,1.0,5.969056739217822e-17,3.4411822310853992,1.0000000000022717,2.2717383529879953e-12,True,1.4385999999149135,Optimization terminated successfully
Diabetes,3,42,10,300,0.0001,50,most_parsimonious,Ranked + weighted SHARK,Random 50% immutable,α = 1,1.0,213001,1,0,True,2.0,1.0,1.275979079156947e-16,1.531430578787616,1.745644386794891,0.745644386794891,True,1.4930000000958898,Optimization terminated successfully
Diabetes,3,42,10,300,0.0001,50,most_parsimonious,Ranked + weighted SHARK,Random 50% immutable,α < 1,0.01,213001,1,0,True,2.0,1.0,3.8882582948228495e-16,2.673333193626653,1.0,0.0,False,1.413300000081108,Optimization terminated successfully
Diabetes,3,42,10,300,0.0001,50,most_parsimonious,Ranked + weighted SHARK,Random 75% immutable,α = 1,1.0,213001,1,0,True,2.0,1.0,5.400775679877097e-17,3.601580802042891,1.0000000000012323,1.2323475573339238e-12,True,1.5008999999963635,Optimization terminated successfully
Diabetes,3,42,10,300,0.0001,50,most_parsimonious,Ranked + weighted SHARK,Random 75% immutable,α < 1,0.01,213001,1,0,True,2.0,1.0,5.4007733681005834e-17,3.6015808020473297,1.0,0.0,False,1.4280000000326254,Optimization terminated successfully
Diabetes,3,42,10,300,0.0001,50,most_parsimonious,Ranked + weighted SHARK,All features mutable,α = 1,1.0,140678,1,0,True,2.0,1.0,7.181439047777632e-17,1.1488974806326764,2.3268683574399502,1.3268683574399502,True,1.5335000000504806,Optimization terminated successfully
Diabetes,3,42,10,300,0.0001,50,most_parsimonious,Ranked + weighted SHARK,All features mutable,α < 1,0.01,140678,1,0,True,1.0,0.0,0.0,0.0,inf,inf,True,1.0959999999613501,Optimization terminated successfully
Diabetes,3,42,10,300,0.0001,50,most_parsimonious,Ranked + weighted SHARK,Random 25% immutable,α = 1,1.0,140678,1,0,True,2.0,1.0,7.181439047777632e-17,1.1488974806326764,2.3268683574399502,1.3268683574399502,True,1.548899999988862,Optimization terminated successfully
Diabetes,3,42,10,300,0.0001,50,most_parsimonious,Ranked + weighted SHARK,Random 25% immutable,α < 1,0.01,140678,1,0,True,1.0,0.0,0.0,0.0,inf,inf,True,1.083699999981036,Optimization terminated successfully
Diabetes,3,42,10,300,0.0001,50,most_parsimonious,Ranked + weighted SHARK,Random 50% immutable,α = 1,1.0,140678,1,0,True,1.0,1.0,7.181439047777485e-17,1.1488974806326766,2.32686835743995,1.3268683574399498,True,0.6939000001011664,Optimization terminated successfully
Diabetes,3,42,10,300,0.0001,50,most_parsimonious,Ranked + weighted SHARK,Random 50% immutable,α < 1,0.01,140678,1,0,True,1.0,1.0,3.63764039963331e-16,2.5857433709462216,1.0338741360278065,0.033874136027806534,True,0.6989999999404972,Optimization terminated successfully
Diabetes,3,42,10,300,0.0001,50,most_parsimonious,Ranked + weighted SHARK,Random 75% immutable,α = 1,1.0,140678,1,0,True,1.0,1.0,7.181439047777485e-17,1.1488974806326766,2.32686835743995,1.3268683574399498,True,0.6730000000061409,Optimization terminated successfully
Diabetes,3,42,10,300,0.0001,50,most_parsimonious,Ranked + weighted SHARK,Random 75% immutable,α < 1,0.01,140678,1,0,True,1.0,1.0,3.63764039963331e-16,2.5857433709462216,1.0338741360278065,0.033874136027806534,True,0.7676000000174099,Optimization terminated successfully
Diabetes,3,42,10,300,0.0001,50,most_parsimonious,Ranked + weighted SHARK,All features mutable,α = 1,1.0,208700,1,2,True,1.0,1.0,6.422639222950592,2.5342926474562075,2.000000000000493,1.000000000000493,True,1.8727000000353655,Optimization terminated successfully
Diabetes,3,42,10,300,0.0001,50,most_parsimonious,Ranked + weighted SHARK,All features mutable,α < 1,0.01,208700,1,2,True,1.0,1.0,25.434293586805985,5.043242368437788,1.0050251256284015,0.005025125628401517,True,1.858900000001995,Optimization terminated successfully
Diabetes,3,42,10,300,0.0001,50,most_parsimonious,Ranked + weighted SHARK,Random 25% immutable,α = 1,1.0,208700,1,2,True,1.0,1.0,6.422639222950592,2.5342926474562075,2.000000000000493,1.000000000000493,True,1.9945999999890773,Optimization terminated successfully
Diabetes,3,42,10,300,0.0001,50,most_parsimonious,Ranked + weighted SHARK,Random 25% immutable,α < 1,0.01,208700,1,2,True,1.0,1.0,25.434293586805985,5.043242368437788,1.0050251256284015,0.005025125628401517,True,1.9920999999385458,Optimization terminated successfully
Diabetes,3,42,10,300,0.0001,50,most_parsimonious,Ranked + weighted SHARK,Random 50% immutable,α = 1,1.0,208700,1,2,False,,,,,,,False,2768.1707000000415,No feasible counterfactual found.
Diabetes,3,42,10,300,0.0001,50,most_parsimonious,Ranked + weighted SHARK,Random 50% immutable,α < 1,0.01,208700,1,2,False,,,,,,,False,2746.113799999989,No feasible counterfactual found.
Diabetes,3,42,10,300,0.0001,50,most_parsimonious,Ranked + weighted SHARK,Random 75% immutable,α = 1,1.0,208700,1,2,False,,,,,,,False,1512.4014000000443,No feasible counterfactual found.
Diabetes,3,42,10,300,0.0001,50,most_parsimonious,Ranked + weighted SHARK,Random 75% immutable,α < 1,0.01,208700,1,2,False,,,,,,,False,1544.590400000061,No feasible counterfactual found.
Diabetes,3,42,10,300,0.0001,50,most_parsimonious,Ranked + weighted SHARK,All features mutable,α = 1,1.0,41913,1,0,True,1.0,0.0,0.0,0.0,inf,inf,True,1.0353000000122847,Optimization terminated successfully
Diabetes,3,42,10,300,0.0001,50,most_parsimonious,Ranked + weighted SHARK,All features mutable,α < 1,0.01,41913,1,0,True,2.0,1.0,3.88825828748951e-16,2.673333193626653,1.0,0.0,False,1.4925000000403088,Optimization terminated successfully
Diabetes,3,42,10,300,0.0001,50,most_parsimonious,Ranked + weighted SHARK,Random 25% immutable,α = 1,1.0,41913,1,0,True,1.0,0.0,0.0,0.0,inf,inf,True,1.2892999999394306,Optimization terminated successfully
Diabetes,3,42,10,300,0.0001,50,most_parsimonious,Ranked + weighted SHARK,Random 25% immutable,α < 1,0.01,41913,1,0,True,2.0,1.0,3.88825828748951e-16,2.673333193626653,1.0,0.0,False,1.5046999999412947,Optimization terminated successfully
Diabetes,3,42,10,300,0.0001,50,most_parsimonious,Ranked + weighted SHARK,Random 50% immutable,α = 1,1.0,41913,1,0,True,1.0,0.0,0.0,0.0,inf,inf,True,1.092200000016419,Optimization terminated successfully
Diabetes,3,42,10,300,0.0001,50,most_parsimonious,Ranked + weighted SHARK,Random 50% immutable,α < 1,0.01,41913,1,0,True,2.0,1.0,3.88825828748951e-16,2.673333193626653,1.0,0.0,False,1.592999999957101,Optimization terminated successfully
Diabetes,3,42,10,300,0.0001,50,most_parsimonious,Ranked + weighted SHARK,Random 75% immutable,α = 1,1.0,41913,1,0,True,1.0,1.0,5.969054060221584e-17,3.4411822310893285,1.00000000000113,1.1299849944634843e-12,True,0.7132000000638072,Optimization terminated successfully
Diabetes,3,42,10,300,0.0001,50,most_parsimonious,Ranked + weighted SHARK,Random 75% immutable,α < 1,0.01,41913,1,0,True,1.0,1.0,5.969054060235073e-17,3.441182231093217,1.0,0.0,False,0.6738000000723332,Optimization terminated successfully
Diabetes,3,42,10,300,0.0001,50,most_parsimonious,Ranked + weighted SHARK,All features mutable,α = 1,1.0,176879,0,1,True,1.0,1.0,0.09325866075315223,0.30538281017953883,8.29874034483563,7.298740344835631,True,1.5333000000055108,Optimization terminated successfully
Diabetes,3,42,10,300,0.0001,50,most_parsimonious,Ranked + weighted SHARK,All features mutable,α < 1,0.01,176879,0,1,True,1.0,1.0,0.0006422639231682424,0.02534292649178943,1.0,0.0,False,1.5155999999478809,Optimization terminated successfully
Diabetes,3,42,10,300,0.0001,50,most_parsimonious,Ranked + weighted SHARK,Random 25% immutable,α = 1,1.0,176879,0,1,True,1.0,1.0,0.09325866075315223,0.30538281017953883,8.29874034483563,7.298740344835631,True,1.5974000000369415,Optimization terminated successfully
Diabetes,3,42,10,300,0.0001,50,most_parsimonious,Ranked + weighted SHARK,Random 25% immutable,α < 1,0.01,176879,0,1,True,1.0,1.0,0.0006422639231682424,0.02534292649178943,1.0,0.0,False,1.5043000000787288,Optimization terminated successfully
Diabetes,3,42,10,300,0.0001,50,most_parsimonious,Ranked + weighted SHARK,Random 50% immutable,α = 1,1.0,176879,0,1,True,1.0,1.0,0.09325866075315223,0.30538281017953883,8.29874034483563,7.298740344835631,True,1.5759000000343804,Optimization terminated successfully
Diabetes,3,42,10,300,0.0001,50,most_parsimonious,Ranked + weighted SHARK,Random 50% immutable,α < 1,0.01,176879,0,1,True,1.0,1.0,0.0006422639231682424,0.02534292649178943,1.0,0.0,False,1.6338000000359898,Optimization terminated successfully
Diabetes,3,42,10,300,0.0001,50,most_parsimonious,Ranked + weighted SHARK,Random 75% immutable,α = 1,1.0,176879,0,1,True,1.0,1.0,5.57774940517522e-17,3.326476156723443,1.0,0.0,False,0.7027999999991152,Optimization terminated successfully
Diabetes,3,42,10,300,0.0001,50,most_parsimonious,Ranked + weighted SHARK,Random 75% immutable,α < 1,0.01,176879,0,1,True,1.0,1.0,5.577749405169931e-17,3.326476156721866,1.000000000000474,4.740652315149418e-13,True,0.9305000000949804,Optimization terminated successfully
Diabetes,3,42,10,300,0.0001,50,most_parsimonious,Ranked + weighted SHARK,All features mutable,α = 1,1.0,225226,2,1,True,1.0,1.0,6.422639222956893,2.5342926474574505,1.9999999999995122,0.9999999999995122,True,1.9189000000778833,Optimization terminated successfully
Diabetes,3,42,10,300,0.0001,50,most_parsimonious,Ranked + weighted SHARK,All features mutable,α < 1,0.01,225226,2,1,True,3.0,3.0,25.434293586819514,5.800620041656234,1.0,0.0,False,7.046400000035646,Optimization terminated successfully
Diabetes,3,42,10,300,0.0001,50,most_parsimonious,Ranked + weighted SHARK,Random 25% immutable,α = 1,1.0,225226,2,1,False,,,,,,,False,8208.702700000003,No feasible counterfactual found.
Diabetes,3,42,10,300,0.0001,50,most_parsimonious,Ranked + weighted SHARK,Random 25% immutable,α < 1,0.01,225226,2,1,False,,,,,,,False,8215.372399999978,No feasible counterfactual found.
Diabetes,3,42,10,300,0.0001,50,most_parsimonious,Ranked + weighted SHARK,Random 50% immutable,α = 1,1.0,225226,2,1,False,,,,,,,False,4846.051699999975,No feasible counterfactual found.
Diabetes,3,42,10,300,0.0001,50,most_parsimonious,Ranked + weighted SHARK,Random 50% immutable,α < 1,0.01,225226,2,1,False,,,,,,,False,4844.1647000000785,No feasible counterfactual found.
Diabetes,3,42,10,300,0.0001,50,most_parsimonious,Ranked + weighted SHARK,Random 75% immutable,α = 1,1.0,225226,2,1,False,,,,,,,False,2410.442900000021,No feasible counterfactual found.
Diabetes,3,42,10,300,0.0001,50,most_parsimonious,Ranked + weighted SHARK,Random 75% immutable,α < 1,0.01,225226,2,1,False,,,,,,,False,2424.597800000015,No feasible counterfactual found.
Diabetes,3,42,10,300,0.0001,50,most_parsimonious,Ranked + weighted SHARK,All features mutable,α = 1,1.0,226565,1,2,True,1.0,1.0,6.422639222950592,2.5342926474562075,2.000000000000493,1.000000000000493,True,1.898999999980333,Optimization terminated successfully
Diabetes,3,42,10,300,0.0001,50,most_parsimonious,Ranked + weighted SHARK,All features mutable,α < 1,0.01,226565,1,2,True,1.0,1.0,25.434293586805985,5.043242368437788,1.0050251256284015,0.005025125628401517,True,1.924000000030901,Optimization terminated successfully
Diabetes,3,42,10,300,0.0001,50,most_parsimonious,Ranked + weighted SHARK,Random 25% immutable,α = 1,1.0,226565,1,2,True,1.0,1.0,6.422639222950592,2.5342926474562075,2.000000000000493,1.000000000000493,True,1.8857000000025437,Optimization terminated successfully
Diabetes,3,42,10,300,0.0001,50,most_parsimonious,Ranked + weighted SHARK,Random 25% immutable,α < 1,0.01,226565,1,2,True,1.0,1.0,25.434293586805985,5.043242368437788,1.0050251256284015,0.005025125628401517,True,1.9280999999864434,Optimization terminated successfully
Diabetes,3,42,10,300,0.0001,50,most_parsimonious,Ranked + weighted SHARK,Random 50% immutable,α = 1,1.0,226565,1,2,True,1.0,1.0,6.422639222950592,2.5342926474562075,2.000000000000493,1.000000000000493,True,1.9480000000839937,Optimization terminated successfully
Diabetes,3,42,10,300,0.0001,50,most_parsimonious,Ranked + weighted SHARK,Random 50% immutable,α < 1,0.01,226565,1,2,True,1.0,1.0,25.434293586805985,5.043242368437788,1.0050251256284015,0.005025125628401517,True,2.0332999999936874,Optimization terminated successfully
Diabetes,3,42,10,300,0.0001,50,most_parsimonious,Ranked + weighted SHARK,Random 75% immutable,α = 1,1.0,226565,1,2,True,1.0,1.0,6.422639222950592,2.5342926474562075,2.000000000000493,1.000000000000493,True,1.777300000071591,Optimization terminated successfully
Diabetes,3,42,10,300,0.0001,50,most_parsimonious,Ranked + weighted SHARK,Random 75% immutable,α < 1,0.01,226565,1,2,True,1.0,1.0,25.434293586805985,5.043242368437788,1.0050251256284015,0.005025125628401517,True,1.9188999999641965,Optimization terminated successfully
Diabetes,3,42,10,300,0.0001,50,most_parsimonious,Ranked + weighted SHARK,All features mutable,α = 1,1.0,111314,2,1,True,1.0,1.0,6.422639222956893,2.5342926474574505,1.9999999999995122,0.9999999999995122,True,2.1175000000539512,Optimization terminated successfully
Diabetes,3,42,10,300,0.0001,50,most_parsimonious,Ranked + weighted SHARK,All features mutable,α < 1,0.01,111314,2,1,True,1.0,1.0,25.43429358681962,5.04324236843914,1.005025125628132,0.0050251256281319545,True,2.0673000000215325,Optimization terminated successfully
Diabetes,3,42,10,300,0.0001,50,most_parsimonious,Ranked + weighted SHARK,Random 25% immutable,α = 1,1.0,111314,2,1,True,1.0,1.0,6.422639222956893,2.5342926474574505,1.9999999999995122,0.9999999999995122,True,2.0553000000518296,Optimization terminated successfully
Diabetes,3,42,10,300,0.0001,50,most_parsimonious,Ranked + weighted SHARK,Random 25% immutable,α < 1,0.01,111314,2,1,True,1.0,1.0,25.43429358681962,5.04324236843914,1.005025125628132,0.0050251256281319545,True,1.9260000000258515,Optimization terminated successfully
Diabetes,3,42,10,300,0.0001,50,most_parsimonious,Ranked + weighted SHARK,Random 50% immutable,α = 1,1.0,111314,2,1,False,,,,,,,False,9.097399999973277,No feasible counterfactual found.
Diabetes,3,42,10,300,0.0001,50,most_parsimonious,Ranked + weighted SHARK,Random 50% immutable,α < 1,0.01,111314,2,1,False,,,,,,,False,8.318299999928058,No feasible counterfactual found.
Diabetes,3,42,10,300,0.0001,50,most_parsimonious,Ranked + weighted SHARK,Random 75% immutable,α = 1,1.0,111314,2,1,False,,,,,,,False,1523.234900000034,No feasible counterfactual found.
Diabetes,3,42,10,300,0.0001,50,most_parsimonious,Ranked + weighted SHARK,Random 75% immutable,α < 1,0.01,111314,2,1,False,,,,,,,False,1521.4359999999942,No feasible counterfactual found.
Diabetes,3,42,10,300,0.0001,50,most_parsimonious,Ranked + weighted SHARK,All features mutable,α = 1,1.0,23371,1,2,True,1.0,1.0,6.422639222950592,2.5342926474562075,2.000000000000493,1.000000000000493,True,2.295799999956216,Optimization terminated successfully
Diabetes,3,42,10,300,0.0001,50,most_parsimonious,Ranked + weighted SHARK,All features mutable,α < 1,0.01,23371,1,2,True,1.0,1.0,25.434293586805985,5.043242368437788,1.0050251256284015,0.005025125628401517,True,1.7705000000205473,Optimization terminated successfully
Diabetes,3,42,10,300,0.0001,50,most_parsimonious,Ranked + weighted SHARK,Random 25% immutable,α = 1,1.0,23371,1,2,True,1.0,1.0,6.422639222950592,2.5342926474562075,2.000000000000493,1.000000000000493,True,1.9330999999738196,Optimization terminated successfully
Diabetes,3,42,10,300,0.0001,50,most_parsimonious,Ranked + weighted SHARK,Random 25% immutable,α < 1,0.01,23371,1,2,True,1.0,1.0,25.434293586805985,5.043242368437788,1.0050251256284015,0.005025125628401517,True,2.0157000000153857,Optimization terminated successfully
Diabetes,3,42,10,300,0.0001,50,most_parsimonious,Ranked + weighted SHARK,Random 50% immutable,α = 1,1.0,23371,1,2,True,1.0,1.0,6.422639222950592,2.5342926474562075,2.000000000000493,1.000000000000493,True,1.9591000000218628,Optimization terminated successfully
Diabetes,3,42,10,300,0.0001,50,most_parsimonious,Ranked + weighted SHARK,Random 50% immutable,α < 1,0.01,23371,1,2,True,1.0,1.0,25.434293586805985,5.043242368437788,1.0050251256284015,0.005025125628401517,True,1.889299999902505,Optimization terminated successfully
Diabetes,3,42,10,300,0.0001,50,most_parsimonious,Ranked + weighted SHARK,Random 75% immutable,α = 1,1.0,23371,1,2,True,1.0,1.0,6.422639222950592,2.5342926474562075,2.000000000000493,1.000000000000493,True,2.0176000000446948,Optimization terminated successfully
Diabetes,3,42,10,300,0.0001,50,most_parsimonious,Ranked + weighted SHARK,Random 75% immutable,α < 1,0.01,23371,1,2,True,1.0,1.0,25.434293586805985,5.043242368437788,1.0050251256284015,0.005025125628401517,True,2.128699999957462,Optimization terminated successfully
Diabetes,3,42,10,300,0.0001,50,most_parsimonious,Ranked + weighted SHARK,All features mutable,α = 1,1.0,217771,1,0,True,2.0,1.0,1.0541875423779009e-16,1.391984750717973,1.9205190231055131,0.9205190231055131,True,1.5065000000049622,Optimization terminated successfully
Diabetes,3,42,10,300,0.0001,50,most_parsimonious,Ranked + weighted SHARK,All features mutable,α < 1,0.01,217771,1,0,True,2.0,1.0,3.8882582883250737e-16,2.673333193626488,1.0000000000000617,6.17284001691587e-14,True,1.380000000040127,Optimization terminated successfully
Diabetes,3,42,10,300,0.0001,50,most_parsimonious,Ranked + weighted SHARK,Random 25% immutable,α = 1,1.0,217771,1,0,True,1.0,1.0,1.0541875423778781e-16,1.3919847507179757,1.9205190231055096,0.9205190231055096,True,0.754400000005262,Optimization terminated successfully
Diabetes,3,42,10,300,0.0001,50,most_parsimonious,Ranked + weighted SHARK,Random 25% immutable,α < 1,0.01,217771,1,0,True,1.0,1.0,3.8882582873415165e-16,2.673333193626653,1.0,0.0,False,0.7298000000446336,Optimization terminated successfully
Diabetes,3,42,10,300,0.0001,50,most_parsimonious,Ranked + weighted SHARK,Random 50% immutable,α = 1,1.0,217771,1,0,True,1.0,1.0,5.96905406020038e-17,3.441182231083216,1.0000000000029063,2.9063418338637348e-12,True,0.7308000000421089,Optimization terminated successfully
Diabetes,3,42,10,300,0.0001,50,most_parsimonious,Ranked + weighted SHARK,Random 50% immutable,α < 1,0.01,217771,1,0,True,1.0,1.0,5.969054060220396e-17,3.4411822310889857,1.0000000000012297,1.2296830220748234e-12,True,0.7173000000193497,Optimization terminated successfully
Diabetes,3,42,10,300,0.0001,50,most_parsimonious,Ranked + weighted SHARK,Random 75% immutable,α = 1,1.0,217771,1,0,True,1.0,1.0,2.280527436928965e-17,2.330088775921869,1.0000000000003162,3.161915174132446e-13,True,0.6955999999718188,Optimization terminated successfully
Diabetes,3,42,10,300,0.0001,50,most_parsimonious,Ranked + weighted SHARK,Random 75% immutable,α < 1,0.01,217771,1,0,True,1.0,1.0,2.2805274369304068e-17,2.3300887759226057,1.0,0.0,False,0.7007000000385233,Optimization terminated successfully
Diabetes,3,42,10,300,0.0001,50,most_parsimonious,Ranked + weighted SHARK,All features mutable,α = 1,1.0,235077,1,0,True,2.0,1.0,9.116635050936002e-17,1.2944724821072673,2.0651912115387288,1.0651912115387288,True,1.4446000000134518,Optimization terminated successfully
Diabetes,3,42,10,300,0.0001,50,most_parsimonious,Ranked + weighted SHARK,All features mutable,α < 1,0.01,235077,1,0,True,2.0,1.0,3.888258287342142e-16,2.673333193626653,1.0,0.0,False,1.4734000000089509,Optimization terminated successfully
Diabetes,3,42,10,300,0.0001,50,most_parsimonious,Ranked + weighted SHARK,Random 25% immutable,α = 1,1.0,235077,1,0,True,2.0,1.0,9.116635050936002e-17,1.2944724821072673,2.0651912115387288,1.0651912115387288,True,1.4236000000664717,Optimization terminated successfully
Diabetes,3,42,10,300,0.0001,50,most_parsimonious,Ranked + weighted SHARK,Random 25% immutable,α < 1,0.01,235077,1,0,True,2.0,1.0,3.888258287342142e-16,2.673333193626653,1.0,0.0,False,1.7775999999685155,Optimization terminated successfully
Diabetes,3,42,10,300,0.0001,50,most_parsimonious,Ranked + weighted SHARK,Random 50% immutable,α = 1,1.0,235077,1,0,True,2.0,1.0,9.116635050936002e-17,1.2944724821072673,2.0651912115387288,1.0651912115387288,True,1.4308999999457228,Optimization terminated successfully
Diabetes,3,42,10,300,0.0001,50,most_parsimonious,Ranked + weighted SHARK,Random 50% immutable,α < 1,0.01,235077,1,0,True,2.0,1.0,3.888258287342142e-16,2.673333193626653,1.0,0.0,False,1.4422000000422486,Optimization terminated successfully
Diabetes,3,42,10,300,0.0001,50,most_parsimonious,Ranked + weighted SHARK,Random 75% immutable,α = 1,1.0,235077,1,0,True,2.0,1.0,3.795247173937635e-17,3.043299354808349,1.0,0.0,False,1.4372000000548724,Optimization terminated successfully
Diabetes,3,42,10,300,0.0001,50,most_parsimonious,Ranked + weighted SHARK,Random 75% immutable,α < 1,0.01,235077,1,0,True,2.0,1.0,3.795229310439956e-17,3.0432993548035796,1.0000000000015672,1.567190821560871e-12,True,1.498399999945832,Optimization terminated successfully
Diabetes,3,42,10,300,0.0001,50,most_parsimonious,Ranked + weighted SHARK,All features mutable,α = 1,1.0,160234,1,2,True,1.0,1.0,6.422639222950592,2.5342926474562075,2.000000000000493,1.000000000000493,True,1.7448999999487569,Optimization terminated successfully
Diabetes,3,42,10,300,0.0001,50,most_parsimonious,Ranked + weighted SHARK,All features mutable,α < 1,0.01,160234,1,2,True,1.0,1.0,25.434293586805985,5.043242368437788,1.0050251256284015,0.005025125628401517,True,1.9394000000829692,Optimization terminated successfully
Diabetes,3,42,10,300,0.0001,50,most_parsimonious,Ranked + weighted SHARK,Random 25% immutable,α = 1,1.0,160234,1,2,True,1.0,1.0,6.422639222950592,2.5342926474562075,2.000000000000493,1.000000000000493,True,1.7559000000346714,Optimization terminated successfully
Diabetes,3,42,10,300,0.0001,50,most_parsimonious,Ranked + weighted SHARK,Random 25% immutable,α < 1,0.01,160234,1,2,True,1.0,1.0,25.434293586805985,5.043242368437788,1.0050251256284015,0.005025125628401517,True,1.7838999999639782,Optimization terminated successfully
Diabetes,3,42,10,300,0.0001,50,most_parsimonious,Ranked + weighted SHARK,Random 50% immutable,α = 1,1.0,160234,1,2,False,,,,,,,False,8.764199999973243,No feasible counterfactual found.
Diabetes,3,42,10,300,0.0001,50,most_parsimonious,Ranked + weighted SHARK,Random 50% immutable,α < 1,0.01,160234,1,2,False,,,,,,,False,8.433999999965636,No feasible counterfactual found.
Diabetes,3,42,10,300,0.0001,50,most_parsimonious,Ranked + weighted SHARK,Random 75% immutable,α = 1,1.0,160234,1,2,False,,,,,,,False,3.9699999999811553,No feasible counterfactual found.
Diabetes,3,42,10,300,0.0001,50,most_parsimonious,Ranked + weighted SHARK,Random 75% immutable,α < 1,0.01,160234,1,2,False,,,,,,,False,4.114999999956126,No feasible counterfactual found.
Diabetes,3,42,10,300,0.0001,50,most_parsimonious,Ranked + weighted SHARK,All features mutable,α = 1,1.0,166020,1,0,True,2.0,1.0,7.906050924962331e-17,1.205467042965326,2.2176742277835535,1.2176742277835535,True,1.556899999968664,Optimization terminated successfully
Diabetes,3,42,10,300,0.0001,50,most_parsimonious,Ranked + weighted SHARK,All features mutable,α < 1,0.01,166020,1,0,True,2.0,1.0,3.7985463109594735e-16,2.6423129332788773,1.0117398132360054,0.01173981323600537,True,1.476499999967018,Optimization terminated successfully
Diabetes,3,42,10,300,0.0001,50,most_parsimonious,Ranked + weighted SHARK,Random 25% immutable,α = 1,1.0,166020,1,0,True,1.0,1.0,7.906050924962215e-17,1.2054670429653267,2.217674227783552,1.2176742277835522,True,0.6746999999904801,Optimization terminated successfully
Diabetes,3,42,10,300,0.0001,50,most_parsimonious,Ranked + weighted SHARK,Random 25% immutable,α < 1,0.01,166020,1,0,True,1.0,1.0,3.7985463109593744e-16,2.6423129332788853,1.0117398132360023,0.011739813236002261,True,0.9602999999742678,Optimization terminated successfully
Diabetes,3,42,10,300,0.0001,50,most_parsimonious,Ranked + weighted SHARK,Random 50% immutable,α = 1,1.0,166020,1,0,True,1.0,1.0,7.906050924962215e-17,1.2054670429653267,2.217674227783552,1.2176742277835522,True,0.6985999999642445,Optimization terminated successfully
Diabetes,3,42,10,300,0.0001,50,most_parsimonious,Ranked + weighted SHARK,Random 50% immutable,α < 1,0.01,166020,1,0,True,1.0,1.0,3.7985463109593744e-16,2.6423129332788853,1.0117398132360023,0.011739813236002261,True,0.6885999999894921,Optimization terminated successfully
Diabetes,3,42,10,300,0.0001,50,most_parsimonious,Ranked + weighted SHARK,Random 75% immutable,α = 1,1.0,166020,1,0,True,2.0,0.0,0.0,0.0,inf,inf,True,1.8443999999817606,Optimization terminated successfully
Diabetes,3,42,10,300,0.0001,50,most_parsimonious,Ranked + weighted SHARK,Random 75% immutable,α < 1,0.01,166020,1,0,True,3.0,1.0,4.464185912022139e-19,0.3274164365497574,1.0,0.0,False,2.3410999999669,Optimization terminated successfully
Diabetes,3,42,10,300,0.0001,50,most_parsimonious,Ranked + weighted SHARK,All features mutable,α = 1,1.0,186618,1,2,True,1.0,1.0,6.422639222950592,2.5342926474562075,2.000000000000493,1.000000000000493,True,1.8814000000020314,Optimization terminated successfully
Diabetes,3,42,10,300,0.0001,50,most_parsimonious,Ranked + weighted SHARK,All features mutable,α < 1,0.01,186618,1,2,True,1.0,1.0,25.434293586805985,5.043242368437788,1.0050251256284015,0.005025125628401517,True,1.7718999999942753,Optimization terminated successfully
Diabetes,3,42,10,300,0.0001,50,most_parsimonious,Ranked + weighted SHARK,Random 25% immutable,α = 1,1.0,186618,1,2,True,1.0,1.0,6.422639222950592,2.5342926474562075,2.000000000000493,1.000000000000493,True,1.8200999999180567,Optimization terminated successfully
Diabetes,3,42,10,300,0.0001,50,most_parsimonious,Ranked + weighted SHARK,Random 25% immutable,α < 1,0.01,186618,1,2,True,1.0,1.0,25.434293586805985,5.043242368437788,1.0050251256284015,0.005025125628401517,True,1.867599999968661,Optimization terminated successfully
Diabetes,3,42,10,300,0.0001,50,most_parsimonious,Ranked + weighted SHARK,Random 50% immutable,α = 1,1.0,186618,1,2,True,1.0,1.0,6.422639222950592,2.5342926474562075,2.000000000000493,1.000000000000493,True,1.8565000000307919,Optimization terminated successfully
Diabetes,3,42,10,300,0.0001,50,most_parsimonious,Ranked + weighted SHARK,Random 50% immutable,α < 1,0.01,186618,1,2,True,1.0,1.0,25.434293586805985,5.043242368437788,1.0050251256284015,0.005025125628401517,True,1.7603999999664666,Optimization terminated successfully
Diabetes,3,42,10,300,0.0001,50,most_parsimonious,Ranked + weighted SHARK,Random 75% immutable,α = 1,1.0,186618,1,2,False,,,,,,,False,2402.477699999963,No feasible counterfactual found.
Diabetes,3,42,10,300,0.0001,50,most_parsimonious,Ranked + weighted SHARK,Random 75% immutable,α < 1,0.01,186618,1,2,False,,,,,,,False,2407.5837999999976,No feasible counterfactual found.
Diabetes,3,42,10,300,0.0001,50,most_parsimonious,Ranked + weighted SHARK,All features mutable,α = 1,1.0,114264,1,2,True,1.0,1.0,6.422639222950592,2.5342926474562075,2.000000000000493,1.000000000000493,True,1.8345999999382911,Optimization terminated successfully
Diabetes,3,42,10,300,0.0001,50,most_parsimonious,Ranked + weighted SHARK,All features mutable,α < 1,0.01,114264,1,2,True,1.0,1.0,25.434293586805985,5.043242368437788,1.0050251256284015,0.005025125628401517,True,1.7798000000084357,Optimization terminated successfully
Diabetes,3,42,10,300,0.0001,50,most_parsimonious,Ranked + weighted SHARK,Random 25% immutable,α = 1,1.0,114264,1,2,True,1.0,1.0,6.422639222950592,2.5342926474562075,2.000000000000493,1.000000000000493,True,1.9244999999727952,Optimization terminated successfully
Diabetes,3,42,10,300,0.0001,50,most_parsimonious,Ranked + weighted SHARK,Random 25% immutable,α < 1,0.01,114264,1,2,True,1.0,1.0,25.434293586805985,5.043242368437788,1.0050251256284015,0.005025125628401517,True,1.8231000000241693,Optimization terminated successfully
Diabetes,3,42,10,300,0.0001,50,most_parsimonious,Ranked + weighted SHARK,Random 50% immutable,α = 1,1.0,114264,1,2,True,1.0,1.0,6.422639222950592,2.5342926474562075,2.000000000000493,1.000000000000493,True,1.7723999999361695,Optimization terminated successfully
Diabetes,3,42,10,300,0.0001,50,most_parsimonious,Ranked + weighted SHARK,Random 50% immutable,α < 1,0.01,114264,1,2,True,1.0,1.0,25.434293586805985,5.043242368437788,1.0050251256284015,0.005025125628401517,True,1.8072999999958483,Optimization terminated successfully
Diabetes,3,42,10,300,0.0001,50,most_parsimonious,Ranked + weighted SHARK,Random 75% immutable,α = 1,1.0,114264,1,2,False,,,,,,,False,4.032199999983277,No feasible counterfactual found.
Diabetes,3,42,10,300,0.0001,50,most_parsimonious,Ranked + weighted SHARK,Random 75% immutable,α < 1,0.01,114264,1,2,False,,,,,,,False,3.8900999999214037,No feasible counterfactual found.
Diabetes,3,42,10,300,0.0001,50,most_parsimonious,Ranked + weighted SHARK,All features mutable,α = 1,1.0,247458,1,0,True,2.0,1.0,8.522146893174553e-17,1.2515553054282562,2.1360088379889004,1.1360088379889004,True,1.354499999933978,Optimization terminated successfully
Diabetes,3,42,10,300,0.0001,50,most_parsimonious,Ranked + weighted SHARK,All features mutable,α < 1,0.01,247458,1,0,True,2.0,1.0,3.888258287346096e-16,2.673333193626653,1.0,0.0,False,1.3887999999724343,Optimization terminated successfully
Diabetes,3,42,10,300,0.0001,50,most_parsimonious,Ranked + weighted SHARK,Random 25% immutable,α = 1,1.0,247458,1,0,True,2.0,1.0,8.522146893174553e-17,1.2515553054282562,2.1360088379889004,1.1360088379889004,True,1.3314999999920474,Optimization terminated successfully
Diabetes,3,42,10,300,0.0001,50,most_parsimonious,Ranked + weighted SHARK,Random 25% immutable,α < 1,0.01,247458,1,0,True,2.0,1.0,3.888258287346096e-16,2.673333193626653,1.0,0.0,False,1.3947999999572858,Optimization terminated successfully
Diabetes,3,42,10,300,0.0001,50,most_parsimonious,Ranked + weighted SHARK,Random 50% immutable,α = 1,1.0,247458,1,0,True,1.0,1.0,8.52214689317449e-17,1.2515553054282582,2.136008837988897,1.1360088379888968,True,0.7587000000057742,Optimization terminated successfully
Diabetes,3,42,10,300,0.0001,50,most_parsimonious,Ranked + weighted SHARK,Random 50% immutable,α < 1,0.01,247458,1,0,True,1.0,1.0,3.8882582873415165e-16,2.673333193626653,1.0,0.0,False,0.740699999937533,Optimization terminated successfully
Diabetes,3,42,10,300,0.0001,50,most_parsimonious,Ranked + weighted SHARK,Random 75% immutable,α = 1,1.0,247458,1,0,True,2.0,1.0,4.968461921384011e-17,3.4236405365505904,1.0,0.0,False,1.4134999998987041,Optimization terminated successfully
Diabetes,3,42,10,300,0.0001,50,most_parsimonious,Ranked + weighted SHARK,Random 75% immutable,α < 1,0.01,247458,1,0,True,2.0,1.0,4.9684689790784376e-17,3.4236405365383193,1.0000000000035842,3.5842440126998554e-12,True,1.5835999998898842,Optimization terminated successfully
Diabetes,3,42,10,300,0.0001,50,most_parsimonious,Ranked + weighted SHARK,All features mutable,α = 1,1.0,181984,1,0,True,2.0,1.0,1.074257271839785e-16,1.4051726520083874,1.9024944655773843,0.9024944655773843,True,1.4456999999765685,Optimization terminated successfully
Diabetes,3,42,10,300,0.0001,50,most_parsimonious,Ranked + weighted SHARK,All features mutable,α < 1,0.01,181984,1,0,True,2.0,1.0,3.8882582875984406e-16,2.673333193626653,1.0,0.0,False,1.4215999999578344,Optimization terminated successfully
Diabetes,3,42,10,300,0.0001,50,most_parsimonious,Ranked + weighted SHARK,Random 25% immutable,α = 1,1.0,181984,1,0,True,2.0,1.0,1.074257271839785e-16,1.4051726520083874,1.9024944655773843,0.9024944655773843,True,1.4336000000412241,Optimization terminated successfully
Diabetes,3,42,10,300,0.0001,50,most_parsimonious,Ranked + weighted SHARK,Random 25% immutable,α < 1,0.01,181984,1,0,True,2.0,1.0,3.8882582875984406e-16,2.673333193626653,1.0,0.0,False,1.4430999999603955,Optimization terminated successfully
Diabetes,3,42,10,300,0.0001,50,most_parsimonious,Ranked + weighted SHARK,Random 50% immutable,α = 1,1.0,181984,1,0,True,2.0,1.0,5.969059402404376e-17,3.441182231093217,1.0,0.0,False,1.4399000000366868,Optimization terminated successfully
Diabetes,3,42,10,300,0.0001,50,most_parsimonious,Ranked + weighted SHARK,Random 50% immutable,α < 1,0.01,181984,1,0,True,2.0,1.0,5.969055111320989e-17,3.441182231093217,1.0,0.0,False,1.5706000000363929,Optimization terminated successfully
Diabetes,3,42,10,300,0.0001,50,most_parsimonious,Ranked + weighted SHARK,Random 75% immutable,α = 1,1.0,181984,1,0,True,1.0,1.0,5.969054060235073e-17,3.441182231093217,1.0,0.0,False,0.7560000000239597,Optimization terminated successfully
Diabetes,3,42,10,300,0.0001,50,most_parsimonious,Ranked + weighted SHARK,Random 75% immutable,α < 1,0.01,181984,1,0,True,1.0,1.0,5.969054060212707e-17,3.4411822310867697,1.0000000000018736,1.873612376357414e-12,True,0.7001000000173008,Optimization terminated successfully
Diabetes,3,42,10,300,0.0001,50,most_parsimonious,Ranked + weighted SHARK,All features mutable,α = 1,1.0,16188,1,0,True,2.0,1.0,1.2852007321492729e-16,1.5369545319124658,1.7393703835208232,0.7393703835208232,True,1.3348999999607258,Optimization terminated successfully
Diabetes,3,42,10,300,0.0001,50,most_parsimonious,Ranked + weighted SHARK,All features mutable,α < 1,0.01,16188,1,0,True,1.0,0.0,0.0,0.0,inf,inf,True,1.1395000000220534,Optimization terminated successfully
Diabetes,3,42,10,300,0.0001,50,most_parsimonious,Ranked + weighted SHARK,Random 25% immutable,α = 1,1.0,16188,1,0,True,1.0,1.0,1.2852007321492413e-16,1.536954531912464,1.7393703835208252,0.7393703835208252,True,0.7349999999632928,Optimization terminated successfully
Diabetes,3,42,10,300,0.0001,50,most_parsimonious,Ranked + weighted SHARK,Random 25% immutable,α < 1,0.01,16188,1,0,True,1.0,1.0,3.8882582873409727e-16,2.673333193626466,1.00000000000007,6.994405055138486e-14,True,0.7332999999789536,Optimization terminated successfully
Diabetes,3,42,10,300,0.0001,50,most_parsimonious,Ranked + weighted SHARK,Random 50% immutable,α = 1,1.0,16188,1,0,True,1.0,1.0,1.2852007321492413e-16,1.536954531912464,1.7393703835208252,0.7393703835208252,True,0.6881000000475979,Optimization terminated successfully
Diabetes,3,42,10,300,0.0001,50,most_parsimonious,Ranked + weighted SHARK,Random 50% immutable,α < 1,0.01,16188,1,0,True,1.0,1.0,3.8882582873409727e-16,2.673333193626466,1.00000000000007,6.994405055138486e-14,True,0.7375999999794658,Optimization terminated successfully
Diabetes,3,42,10,300,0.0001,50,most_parsimonious,Ranked + weighted SHARK,Random 75% immutable,α = 1,1.0,16188,1,0,True,2.0,1.0,1.2852007321492729e-16,1.5369545319124658,1.7393703835208232,0.7393703835208232,True,1.4434999999366482,Optimization terminated successfully
Diabetes,3,42,10,300,0.0001,50,most_parsimonious,Ranked + weighted SHARK,Random 75% immutable,α < 1,0.01,16188,1,0,True,1.0,0.0,0.0,0.0,inf,inf,True,1.1825999999928172,Optimization terminated successfully
Diabetes,3,42,10,300,0.0001,50,most_parsimonious,Ranked + weighted SHARK,All features mutable,α = 1,1.0,193058,1,0,True,2.0,1.0,7.15713914151382e-17,1.1469520656796455,2.330815099968912,1.3308150999689121,True,1.4742999999270978,Optimization terminated successfully
Diabetes,3,42,10,300,0.0001,50,most_parsimonious,Ranked + weighted SHARK,All features mutable,α < 1,0.01,193058,1,0,True,1.0,0.0,0.0,0.0,inf,inf,True,1.1070000000472646,Optimization terminated successfully
Diabetes,3,42,10,300,0.0001,50,most_parsimonious,Ranked + weighted SHARK,Random 25% immutable,α = 1,1.0,193058,1,0,True,2.0,1.0,6.6322941299958204e-18,1.1470607436977391,1.0,0.0,False,1.4000000001033186,Optimization terminated successfully
Diabetes,3,42,10,300,0.0001,50,most_parsimonious,Ranked + weighted SHARK,Random 25% immutable,α < 1,0.01,193058,1,0,True,1.0,0.0,0.0,0.0,inf,inf,True,1.0309999998980857,Optimization terminated successfully
Diabetes,3,42,10,300,0.0001,50,most_parsimonious,Ranked + weighted SHARK,Random 50% immutable,α = 1,1.0,193058,1,0,True,2.0,1.0,6.6322941299958204e-18,1.1470607436977391,1.0,0.0,False,1.7963999999892621,Optimization terminated successfully
Diabetes,3,42,10,300,0.0001,50,most_parsimonious,Ranked + weighted SHARK,Random 50% immutable,α < 1,0.01,193058,1,0,True,1.0,0.0,0.0,0.0,inf,inf,True,1.0421999999152831,Optimization terminated successfully
Diabetes,3,42,10,300,0.0001,50,most_parsimonious,Ranked + weighted SHARK,Random 75% immutable,α = 1,1.0,193058,1,0,True,1.0,1.0,6.632282289150085e-18,1.1470607436977391,1.0,0.0,False,0.9009999999989304,Optimization terminated successfully
Diabetes,3,42,10,300,0.0001,50,most_parsimonious,Ranked + weighted SHARK,Random 75% immutable,α < 1,0.01,193058,1,0,True,1.0,1.0,6.632282289150085e-18,1.1470607436977391,1.0,0.0,False,0.684799999930874,Optimization terminated successfully
Diabetes,3,42,10,300,0.0001,50,most_parsimonious,Ranked + weighted SHARK,All features mutable,α = 1,1.0,112476,1,2,True,1.0,1.0,6.422639222950592,2.5342926474562075,2.000000000000493,1.000000000000493,True,2.0995999999513515,Optimization terminated successfully
Diabetes,3,42,10,300,0.0001,50,most_parsimonious,Ranked + weighted SHARK,All features mutable,α < 1,0.01,112476,1,2,True,1.0,1.0,25.434293586805985,5.043242368437788,1.0050251256284015,0.005025125628401517,True,2.0224999999527427,Optimization terminated successfully
Diabetes,3,42,10,300,0.0001,50,most_parsimonious,Ranked + weighted SHARK,Random 25% immutable,α = 1,1.0,112476,1,2,True,1.0,1.0,6.422639222950592,2.5342926474562075,2.000000000000493,1.000000000000493,True,1.9504999999071515,Optimization terminated successfully
Diabetes,3,42,10,300,0.0001,50,most_parsimonious,Ranked + weighted SHARK,Random 25% immutable,α < 1,0.01,112476,1,2,True,1.0,1.0,25.434293586805985,5.043242368437788,1.0050251256284015,0.005025125628401517,True,1.9125000000030923,Optimization terminated successfully
Diabetes,3,42,10,300,0.0001,50,most_parsimonious,Ranked + weighted SHARK,Random 50% immutable,α = 1,1.0,112476,1,2,True,1.0,1.0,6.422639222950592,2.5342926474562075,2.000000000000493,1.000000000000493,True,1.8261999999822365,Optimization terminated successfully
Diabetes,3,42,10,300,0.0001,50,most_parsimonious,Ranked + weighted SHARK,Random 50% immutable,α < 1,0.01,112476,1,2,True,1.0,1.0,25.434293586805985,5.043242368437788,1.0050251256284015,0.005025125628401517,True,2.264400000058231,Optimization terminated successfully
Diabetes,3,42,10,300,0.0001,50,most_parsimonious,Ranked + weighted SHARK,Random 75% immutable,α = 1,1.0,112476,1,2,True,1.0,1.0,6.422639222950592,2.5342926474562075,2.000000000000493,1.000000000000493,True,1.8026999999847249,Optimization terminated successfully
Diabetes,3,42,10,300,0.0001,50,most_parsimonious,Ranked + weighted SHARK,Random 75% immutable,α < 1,0.01,112476,1,2,True,1.0,1.0,25.434293586805985,5.043242368437788,1.0050251256284015,0.005025125628401517,True,2.031099999953767,Optimization terminated successfully
Diabetes,3,42,10,300,0.0001,50,most_parsimonious,Ranked + weighted SHARK,All features mutable,α = 1,1.0,217720,1,0,True,2.0,1.0,1.3327220984260945e-16,1.5651116970643528,1.7080782148909677,0.7080782148909677,True,1.4465000000427608,Optimization terminated successfully
Diabetes,3,42,10,300,0.0001,50,most_parsimonious,Ranked + weighted SHARK,All features mutable,α < 1,0.01,217720,1,0,True,2.0,1.0,3.8882582940254585e-16,2.6733331936256355,1.0000000000003806,3.8058445284150366e-13,True,1.4526999999588952,Optimization terminated successfully
Diabetes,3,42,10,300,0.0001,50,most_parsimonious,Ranked + weighted SHARK,Random 25% immutable,α = 1,1.0,217720,1,0,True,1.0,1.0,1.3327220984260518e-16,1.5651116970643533,1.7080782148909672,0.7080782148909672,True,0.6925000000137516,Optimization terminated successfully
Diabetes,3,42,10,300,0.0001,50,most_parsimonious,Ranked + weighted SHARK,Random 25% immutable,α < 1,0.01,217720,1,0,True,1.0,1.0,3.8882582873415165e-16,2.673333193626653,1.0,0.0,False,0.7378000000244356,Optimization terminated successfully
Diabetes,3,42,10,300,0.0001,50,most_parsimonious,Ranked + weighted SHARK,Random 50% immutable,α = 1,1.0,217720,1,0,True,2.0,1.0,1.3327220984260945e-16,1.5651116970643528,1.7080782148909677,0.7080782148909677,True,1.4422000000422486,Optimization terminated successfully
Diabetes,3,42,10,300,0.0001,50,most_parsimonious,Ranked + weighted SHARK,Random 50% immutable,α < 1,0.01,217720,1,0,True,2.0,1.0,3.8882582940254585e-16,2.6733331936256355,1.0000000000003806,3.8058445284150366e-13,True,1.437100000089231,Optimization terminated successfully
Diabetes,3,42,10,300,0.0001,50,most_parsimonious,Ranked + weighted SHARK,Random 75% immutable,α = 1,1.0,217720,1,0,True,1.0,1.0,1.710473285936897e-17,2.020473509882547,1.0,0.0,False,0.7302999999865278,Optimization terminated successfully
Diabetes,3,42,10,300,0.0001,50,most_parsimonious,Ranked + weighted SHARK,Random 75% immutable,α < 1,0.01,217720,1,0,True,1.0,1.0,1.710473285936897e-17,2.020473509882547,1.0,0.0,False,0.6806000000096901,Optimization terminated successfully
Diabetes,3,42,10,300,0.0001,50,most_parsimonious,Ranked + weighted SHARK,All features mutable,α = 1,1.0,138353,1,2,True,1.0,1.0,6.422639222950592,2.5342926474562075,2.000000000000493,1.000000000000493,True,1.920399999903566,Optimization terminated successfully
Diabetes,3,42,10,300,0.0001,50,most_parsimonious,Ranked + weighted SHARK,All features mutable,α < 1,0.01,138353,1,2,True,1.0,1.0,25.434293586805985,5.043242368437788,1.0050251256284015,0.005025125628401517,True,1.9224000000122032,Optimization terminated successfully
Diabetes,3,42,10,300,0.0001,50,most_parsimonious,Ranked + weighted SHARK,Random 25% immutable,α = 1,1.0,138353,1,2,True,1.0,1.0,6.422639222950592,2.5342926474562075,2.000000000000493,1.000000000000493,True,1.9025000000283399,Optimization terminated successfully
Diabetes,3,42,10,300,0.0001,50,most_parsimonious,Ranked + weighted SHARK,Random 25% immutable,α < 1,0.01,138353,1,2,True,1.0,1.0,25.434293586805985,5.043242368437788,1.0050251256284015,0.005025125628401517,True,1.951799999915238,Optimization terminated successfully
Diabetes,3,42,10,300,0.0001,50,most_parsimonious,Ranked + weighted SHARK,Random 50% immutable,α = 1,1.0,138353,1,2,True,1.0,1.0,6.422639222950592,2.5342926474562075,2.000000000000493,1.000000000000493,True,1.9204000000172528,Optimization terminated successfully
Diabetes,3,42,10,300,0.0001,50,most_parsimonious,Ranked + weighted SHARK,Random 50% immutable,α < 1,0.01,138353,1,2,True,1.0,1.0,25.434293586805985,5.043242368437788,1.0050251256284015,0.005025125628401517,True,2.030399999966903,Optimization terminated successfully
Diabetes,3,42,10,300,0.0001,50,most_parsimonious,Ranked + weighted SHARK,Random 75% immutable,α = 1,1.0,138353,1,2,False,,,,,,,False,1493.7512000000197,No feasible counterfactual found.
Diabetes,3,42,10,300,0.0001,50,most_parsimonious,Ranked + weighted SHARK,Random 75% immutable,α < 1,0.01,138353,1,2,False,,,,,,,False,1525.1510000000508,No feasible counterfactual found.
Diabetes,3,42,10,300,0.0001,50,most_parsimonious,Ranked + weighted SHARK,All features mutable,α = 1,1.0,57641,1,2,True,1.0,1.0,6.422639222950592,2.5342926474562075,2.000000000000493,1.000000000000493,True,1.9370999999637206,Optimization terminated successfully
Diabetes,3,42,10,300,0.0001,50,most_parsimonious,Ranked + weighted SHARK,All features mutable,α < 1,0.01,57641,1,2,True,1.0,1.0,25.434293586805985,5.043242368437788,1.0050251256284015,0.005025125628401517,True,1.9148999999742955,Optimization terminated successfully
Diabetes,3,42,10,300,0.0001,50,most_parsimonious,Ranked + weighted SHARK,Random 25% immutable,α = 1,1.0,57641,1,2,True,1.0,1.0,6.422639222950592,2.5342926474562075,2.000000000000493,1.000000000000493,True,1.908399999933863,Optimization terminated successfully
Diabetes,3,42,10,300,0.0001,50,most_parsimonious,Ranked + weighted SHARK,Random 25% immutable,α < 1,0.01,57641,1,2,True,1.0,1.0,25.434293586805985,5.043242368437788,1.0050251256284015,0.005025125628401517,True,1.7871000000013737,Optimization terminated successfully
Diabetes,3,42,10,300,0.0001,50,most_parsimonious,Ranked + weighted SHARK,Random 50% immutable,α = 1,1.0,57641,1,2,False,,,,,,,False,2882.7238999999736,No feasible counterfactual found.
Diabetes,3,42,10,300,0.0001,50,most_parsimonious,Ranked + weighted SHARK,Random 50% immutable,α < 1,0.01,57641,1,2,False,,,,,,,False,2898.3431999999993,No feasible counterfactual found.
Diabetes,3,42,10,300,0.0001,50,most_parsimonious,Ranked + weighted SHARK,Random 75% immutable,α = 1,1.0,57641,1,2,False,,,,,,,False,1993.0113000000347,No feasible counterfactual found.
Diabetes,3,42,10,300,0.0001,50,most_parsimonious,Ranked + weighted SHARK,Random 75% immutable,α < 1,0.01,57641,1,2,False,,,,,,,False,1980.2363000000014,No feasible counterfactual found.
Diabetes,3,42,10,300,0.0001,50,most_parsimonious,Ranked + weighted SHARK,All features mutable,α = 1,1.0,21798,1,0,True,2.0,1.0,1.1580112825708376e-16,1.4589215288875095,1.8324036904611207,0.8324036904611207,True,1.4631999999892287,Optimization terminated successfully
Diabetes,3,42,10,300,0.0001,50,most_parsimonious,Ranked + weighted SHARK,All features mutable,α < 1,0.01,21798,1,0,True,2.0,1.0,3.8882582902018507e-16,2.6733331936261377,1.0000000000001927,1.9273471707492718e-13,True,1.4784999999619686,Optimization terminated successfully
Diabetes,3,42,10,300,0.0001,50,most_parsimonious,Ranked + weighted SHARK,Random 25% immutable,α = 1,1.0,21798,1,0,True,2.0,1.0,1.1580112825708376e-16,1.4589215288875095,1.8324036904611207,0.8324036904611207,True,1.3249000000996602,Optimization terminated successfully
Diabetes,3,42,10,300,0.0001,50,most_parsimonious,Ranked + weighted SHARK,Random 25% immutable,α < 1,0.01,21798,1,0,True,2.0,1.0,3.8882582902018507e-16,2.6733331936261377,1.0000000000001927,1.9273471707492718e-13,True,1.3625999999931082,Optimization terminated successfully
Diabetes,3,42,10,300,0.0001,50,most_parsimonious,Ranked + weighted SHARK,Random 50% immutable,α = 1,1.0,21798,1,0,True,2.0,1.0,1.1580112825708376e-16,1.4589215288875095,1.8324036904611207,0.8324036904611207,True,1.3717999999016683,Optimization terminated successfully
Diabetes,3,42,10,300,0.0001,50,most_parsimonious,Ranked + weighted SHARK,Random 50% immutable,α < 1,0.01,21798,1,0,True,2.0,1.0,3.8882582902018507e-16,2.6733331936261377,1.0000000000001927,1.9273471707492718e-13,True,1.3794000000189044,Optimization terminated successfully
Diabetes,3,42,10,300,0.0001,50,most_parsimonious,Ranked + weighted SHARK,Random 75% immutable,α = 1,1.0,21798,1,0,True,1.0,1.0,1.1580112825708258e-16,1.4589215288875086,1.8324036904611218,0.8324036904611218,True,0.6789999999909924,Optimization terminated successfully
Diabetes,3,42,10,300,0.0001,50,most_parsimonious,Ranked + weighted SHARK,Random 75% immutable,α < 1,0.01,21798,1,0,True,1.0,1.0,3.8882582873415165e-16,2.673333193626653,1.0,0.0,False,0.6882000000132393,Optimization terminated successfully
Diabetes,3,42,10,300,0.0001,50,most_parsimonious,Ranked + weighted SHARK,All features mutable,α = 1,1.0,198248,1,0,True,2.0,1.0,9.447537590814407e-17,1.3177555439378308,2.028701913587074,1.0287019135870739,True,1.4591999999993277,Optimization terminated successfully
Diabetes,3,42,10,300,0.0001,50,most_parsimonious,Ranked + weighted SHARK,All features mutable,α < 1,0.01,198248,1,0,True,1.0,0.0,0.0,0.0,inf,inf,True,1.1318000000528627,Optimization terminated successfully
Diabetes,3,42,10,300,0.0001,50,most_parsimonious,Ranked + weighted SHARK,Random 25% immutable,α = 1,1.0,198248,1,0,True,2.0,1.0,5.9690682710387e-17,3.4411822310924074,1.0000000000002354,2.353672812205332e-13,True,1.3700999999173291,Optimization terminated successfully
Diabetes,3,42,10,300,0.0001,50,most_parsimonious,Ranked + weighted SHARK,Random 25% immutable,α < 1,0.01,198248,1,0,True,1.0,0.0,0.0,0.0,inf,inf,True,1.1637999999720705,Optimization terminated successfully
Diabetes,3,42,10,300,0.0001,50,most_parsimonious,Ranked + weighted SHARK,Random 50% immutable,α = 1,1.0,198248,1,0,True,1.0,1.0,9.447537590814274e-17,1.317755543937831,2.028701913587074,1.0287019135870739,True,0.8205000000316431,Optimization terminated successfully
Diabetes,3,42,10,300,0.0001,50,most_parsimonious,Ranked + weighted SHARK,Random 50% immutable,α < 1,0.01,198248,1,0,True,1.0,1.0,3.8882582873415165e-16,2.673333193626653,1.0,0.0,False,0.7215000000542204,Optimization terminated successfully
Diabetes,3,42,10,300,0.0001,50,most_parsimonious,Ranked + weighted SHARK,Random 75% immutable,α = 1,1.0,198248,1,0,True,1.0,1.0,1.7491616302571438e-17,1.8718262198061875,1.0,0.0,False,0.7233000000042011,Optimization terminated successfully
Diabetes,3,42,10,300,0.0001,50,most_parsimonious,Ranked + weighted SHARK,Random 75% immutable,α < 1,0.01,198248,1,0,True,1.0,1.0,1.7491616302571438e-17,1.8718262198061875,1.0,0.0,False,0.7164999999531574,Optimization terminated successfully
Diabetes,3,42,10,300,0.0001,50,most_parsimonious,Ranked + weighted SHARK,All features mutable,α = 1,1.0,196300,1,2,True,1.0,1.0,6.422639222950592,2.5342926474562075,2.000000000000493,1.000000000000493,True,1.9657000000279368,Optimization terminated successfully
Diabetes,3,42,10,300,0.0001,50,most_parsimonious,Ranked + weighted SHARK,All features mutable,α < 1,0.01,196300,1,2,True,1.0,1.0,25.434293586805985,5.043242368437788,1.0050251256284015,0.005025125628401517,True,2.0064000000274973,Optimization terminated successfully
Diabetes,3,42,10,300,0.0001,50,most_parsimonious,Ranked + weighted SHARK,Random 25% immutable,α = 1,1.0,196300,1,2,True,1.0,1.0,6.422639222950592,2.5342926474562075,2.000000000000493,1.000000000000493,True,1.9376999999849431,Optimization terminated successfully
Diabetes,3,42,10,300,0.0001,50,most_parsimonious,Ranked + weighted SHARK,Random 25% immutable,α < 1,0.01,196300,1,2,True,1.0,1.0,25.434293586805985,5.043242368437788,1.0050251256284015,0.005025125628401517,True,1.910100000031889,Optimization terminated successfully
Diabetes,3,42,10,300,0.0001,50,most_parsimonious,Ranked + weighted SHARK,Random 50% immutable,α = 1,1.0,196300,1,2,True,1.0,1.0,6.422639222950592,2.5342926474562075,2.000000000000493,1.000000000000493,True,1.8301999999721374,Optimization terminated successfully
Diabetes,3,42,10,300,0.0001,50,most_parsimonious,Ranked + weighted SHARK,Random 50% immutable,α < 1,0.01,196300,1,2,True,1.0,1.0,25.434293586805985,5.043242368437788,1.0050251256284015,0.005025125628401517,True,1.868800000011106,Optimization terminated successfully
Diabetes,3,42,10,300,0.0001,50,most_parsimonious,Ranked + weighted SHARK,Random 75% immutable,α = 1,1.0,196300,1,2,False,,,,,,,False,2408.58860000003,No feasible counterfactual found.
Diabetes,3,42,10,300,0.0001,50,most_parsimonious,Ranked + weighted SHARK,Random 75% immutable,α < 1,0.01,196300,1,2,False,,,,,,,False,2414.0555999999833,No feasible counterfactual found.
Diabetes,3,42,10,300,0.0001,50,most_parsimonious,Ranked + weighted SHARK,All features mutable,α = 1,1.0,46304,1,2,True,1.0,1.0,6.422639222950592,2.5342926474562075,2.000000000000493,1.000000000000493,True,2.205900000035399,Optimization terminated successfully
Diabetes,3,42,10,300,0.0001,50,most_parsimonious,Ranked + weighted SHARK,All features mutable,α < 1,0.01,46304,1,2,True,1.0,1.0,25.434293586805985,5.043242368437788,1.0050251256284015,0.005025125628401517,True,1.728899999989153,Optimization terminated successfully
Diabetes,3,42,10,300,0.0001,50,most_parsimonious,Ranked + weighted SHARK,Random 25% immutable,α = 1,1.0,46304,1,2,True,1.0,1.0,6.422639222950592,2.5342926474562075,2.000000000000493,1.000000000000493,True,2.6667000000770713,Optimization terminated successfully
Diabetes,3,42,10,300,0.0001,50,most_parsimonious,Ranked + weighted SHARK,Random 25% immutable,α < 1,0.01,46304,1,2,True,1.0,1.0,25.434293586805985,5.043242368437788,1.0050251256284015,0.005025125628401517,True,1.907500000015716,Optimization terminated successfully
Diabetes,3,42,10,300,0.0001,50,most_parsimonious,Ranked + weighted SHARK,Random 50% immutable,α = 1,1.0,46304,1,2,False,,,,,,,False,9.86909999994623,No feasible counterfactual found.
Diabetes,3,42,10,300,0.0001,50,most_parsimonious,Ranked + weighted SHARK,Random 50% immutable,α < 1,0.01,46304,1,2,False,,,,,,,False,9.796899999969355,No feasible counterfactual found.
Diabetes,3,42,10,300,0.0001,50,most_parsimonious,Ranked + weighted SHARK,Random 75% immutable,α = 1,1.0,46304,1,2,False,,,,,,,False,4.136000000016793,No feasible counterfactual found.
Diabetes,3,42,10,300,0.0001,50,most_parsimonious,Ranked + weighted SHARK,Random 75% immutable,α < 1,0.01,46304,1,2,False,,,,,,,False,4.03259999995953,No feasible counterfactual found.
Diabetes,3,42,10,300,0.0001,50,most_parsimonious,Ranked + weighted SHARK,All features mutable,α = 1,1.0,94053,2,0,True,1.0,1.0,23.237093443276528,4.820486847122035,1.0514675085027463,0.051467508502746284,True,1.5209000000595552,Optimization terminated successfully
Diabetes,3,42,10,300,0.0001,50,most_parsimonious,Ranked + weighted SHARK,All features mutable,α < 1,0.01,94053,2,0,True,1.0,1.0,25.69055689181504,5.068585294913665,1.0,0.0,False,1.536700000087876,Optimization terminated successfully
Diabetes,3,42,10,300,0.0001,50,most_parsimonious,Ranked + weighted SHARK,Random 25% immutable,α = 1,1.0,94053,2,0,True,1.0,1.0,23.237093443276528,4.820486847122035,1.0514675085027463,0.051467508502746284,True,1.5236999998933243,Optimization terminated successfully
Diabetes,3,42,10,300,0.0001,50,most_parsimonious,Ranked + weighted SHARK,Random 25% immutable,α < 1,0.01,94053,2,0,True,1.0,1.0,25.69055689181504,5.068585294913665,1.0,0.0,False,3.0680000000984364,Optimization terminated successfully
Diabetes,3,42,10,300,0.0001,50,most_parsimonious,Ranked + weighted SHARK,Random 50% immutable,α = 1,1.0,94053,2,0,False,,,,,,,False,9.199699999953737,No feasible counterfactual found.
Diabetes,3,42,10,300,0.0001,50,most_parsimonious,Ranked + weighted SHARK,Random 50% immutable,α < 1,0.01,94053,2,0,False,,,,,,,False,15.355200000044533,No feasible counterfactual found.
Diabetes,3,42,10,300,0.0001,50,most_parsimonious,Ranked + weighted SHARK,Random 75% immutable,α = 1,1.0,94053,2,0,False,,,,,,,False,3.946799999994255,No feasible counterfactual found.
Diabetes,3,42,10,300,0.0001,50,most_parsimonious,Ranked + weighted SHARK,Random 75% immutable,α < 1,0.01,94053,2,0,False,,,,,,,False,13.939399999912894,No feasible counterfactual found.
Diabetes,3,42,10,300,0.0001,50,most_parsimonious,Ranked + weighted SHARK,All features mutable,α = 1,1.0,32495,1,0,True,2.0,1.0,8.247893602874347e-17,1.2312523224236895,2.1712309856717775,1.1712309856717775,True,1.5824999999267675,Optimization terminated successfully
Diabetes,3,42,10,300,0.0001,50,most_parsimonious,Ranked + weighted SHARK,All features mutable,α < 1,0.01,32495,1,0,True,2.0,1.0,3.8730450485961365e-16,2.6680982127372395,1.0019620645388623,0.0019620645388622737,True,1.6470000000481377,Optimization terminated successfully
Diabetes,3,42,10,300,0.0001,50,most_parsimonious,Ranked + weighted SHARK,Random 25% immutable,α = 1,1.0,32495,1,0,True,2.0,1.0,8.247893602874347e-17,1.2312523224236895,2.1712309856717775,1.1712309856717775,True,1.4931000000615313,Optimization terminated successfully
Diabetes,3,42,10,300,0.0001,50,most_parsimonious,Ranked + weighted SHARK,Random 25% immutable,α < 1,0.01,32495,1,0,True,2.0,1.0,3.8730450485961365e-16,2.6680982127372395,1.0019620645388623,0.0019620645388622737,True,1.5495000000100845,Optimization terminated successfully
Diabetes,3,42,10,300,0.0001,50,most_parsimonious,Ranked + weighted SHARK,Random 50% immutable,α = 1,1.0,32495,1,0,True,2.0,1.0,8.247893602874347e-17,1.2312523224236895,2.1712309856717775,1.1712309856717775,True,1.488999999992302,Optimization terminated successfully
Diabetes,3,42,10,300,0.0001,50,most_parsimonious,Ranked + weighted SHARK,Random 50% immutable,α < 1,0.01,32495,1,0,True,2.0,1.0,3.8730450485961365e-16,2.6680982127372395,1.0019620645388623,0.0019620645388622737,True,1.365599999985534,Optimization terminated successfully
Diabetes,3,42,10,300,0.0001,50,most_parsimonious,Ranked + weighted SHARK,Random 75% immutable,α = 1,1.0,32495,1,0,True,2.0,1.0,4.3735459061228866e-18,0.9359131099030937,1.0,0.0,False,1.5157999999928506,Optimization terminated successfully
Diabetes,3,42,10,300,0.0001,50,most_parsimonious,Ranked + weighted SHARK,Random 75% immutable,α < 1,0.01,32495,1,0,True,2.0,1.0,4.372911993099606e-18,0.935913109898771,1.0000000000046187,4.618749827045576e-12,True,1.4198999999734951,Optimization terminated successfully
Diabetes,3,42,10,300,0.0001,50,most_parsimonious,Ranked + weighted SHARK,All features mutable,α = 1,1.0,23887,1,0,True,2.0,1.0,1.1493000561861368e-16,1.4534237469040403,1.839335017967857,0.8393350179678569,True,1.5110000000504442,Optimization terminated successfully
Diabetes,3,42,10,300,0.0001,50,most_parsimonious,Ranked + weighted SHARK,All features mutable,α < 1,0.01,23887,1,0,True,2.0,1.0,3.888258287339182e-16,2.6733331936258504,1.0000000000003002,3.0020430585864233e-13,True,1.7232999999805543,Optimization terminated successfully
Diabetes,3,42,10,300,0.0001,50,most_parsimonious,Ranked + weighted SHARK,Random 25% immutable,α = 1,1.0,23887,1,0,True,1.0,1.0,1.1493000561860695e-16,1.4534237469040372,1.839335017967861,0.8393350179678609,True,0.7362000000057378,Optimization terminated successfully
Diabetes,3,42,10,300,0.0001,50,most_parsimonious,Ranked + weighted SHARK,Random 25% immutable,α < 1,0.01,23887,1,0,True,1.0,1.0,3.8882582873404057e-16,2.673333193626271,1.0000000000001428,1.4277468096679513e-13,True,0.7342999999764288,Optimization terminated successfully
Diabetes,3,42,10,300,0.0001,50,most_parsimonious,Ranked + weighted SHARK,Random 50% immutable,α = 1,1.0,23887,1,0,True,2.0,1.0,3.935619763314714e-17,2.8077393297092814,1.0,0.0,False,1.3475999999172927,Optimization terminated successfully
Diabetes,3,42,10,300,0.0001,50,most_parsimonious,Ranked + weighted SHARK,Random 50% immutable,α < 1,0.01,23887,1,0,True,2.0,1.0,3.9356157345662385e-17,2.8077393297092814,1.0,0.0,False,1.495799999929659,Optimization terminated successfully
Diabetes,3,42,10,300,0.0001,50,most_parsimonious,Ranked + weighted SHARK,Random 75% immutable,α = 1,1.0,23887,1,0,True,1.0,1.0,5.969054060235073e-17,3.441182231093217,1.0,0.0,False,0.8344000000306551,Optimization terminated successfully
Diabetes,3,42,10,300,0.0001,50,most_parsimonious,Ranked + weighted SHARK,Random 75% immutable,α < 1,0.01,23887,1,0,True,1.0,1.0,5.969054060235073e-17,3.441182231093217,1.0,0.0,False,0.739299999963805,Optimization terminated successfully
Diabetes,3,42,10,300,0.0001,50,most_parsimonious,Ranked + weighted SHARK,All features mutable,α = 1,1.0,209943,1,0,True,2.0,1.0,1.0751027296676379e-16,1.4057254900457272,1.9017462602457975,0.9017462602457975,True,1.3987999999471867,Optimization terminated successfully
Diabetes,3,42,10,300,0.0001,50,most_parsimonious,Ranked + weighted SHARK,All features mutable,α < 1,0.01,209943,1,0,True,2.0,1.0,3.888258287875055e-16,2.6733331936260836,1.000000000000213,2.1294077612310502e-13,True,1.356700000087585,Optimization terminated successfully
Diabetes,3,42,10,300,0.0001,50,most_parsimonious,Ranked + weighted SHARK,Random 25% immutable,α = 1,1.0,209943,1,0,True,2.0,1.0,1.0751027296676379e-16,1.4057254900457272,1.9017462602457975,0.9017462602457975,True,1.575099999968188,Optimization terminated successfully
Diabetes,3,42,10,300,0.0001,50,most_parsimonious,Ranked + weighted SHARK,Random 25% immutable,α < 1,0.01,209943,1,0,True,2.0,1.0,3.888258287875055e-16,2.6733331936260836,1.000000000000213,2.1294077612310502e-13,True,1.4571000000387357,Optimization terminated successfully
Diabetes,3,42,10,300,0.0001,50,most_parsimonious,Ranked + weighted SHARK,Random 50% immutable,α = 1,1.0,209943,1,0,True,1.0,1.0,5.577749405163404e-17,3.32647615671992,1.0000000000010592,1.0591527654923993e-12,True,0.7219999999961146,Optimization terminated successfully
Diabetes,3,42,10,300,0.0001,50,most_parsimonious,Ranked + weighted SHARK,Random 50% immutable,α < 1,0.01,209943,1,0,True,1.0,1.0,5.57774940517522e-17,3.326476156723443,1.0,0.0,False,0.7365999999819905,Optimization terminated successfully
Diabetes,3,42,10,300,0.0001,50,most_parsimonious,Ranked + weighted SHARK,Random 75% immutable,α = 1,1.0,209943,1,0,True,1.0,0.0,1.8592292125574094e-48,6.661338147750939e-16,inf,inf,True,1.1988999999630323,Optimization terminated successfully
Diabetes,3,42,10,300,0.0001,50,most_parsimonious,Ranked + weighted SHARK,Random 75% immutable,α < 1,0.01,209943,1,0,True,2.0,1.0,1.0542303168806894e-16,5.072165591338743,1.0000000000016769,1.6768808563938364e-12,True,1.5352000000348198,Optimization terminated successfully
