dataset,n_clusters,seed,n_init,max_iter,tol,n_factuals,solution_type,cf_mode,mask_scenario,alpha_case,alpha,factual_idx,source_cluster,target_cluster,feasible,rank_step,changed_features,weighted_squared_distance,euclidean_distance,rho,tau,positive_tau,runtime_ms,solver_message
Student Performance,5,42,10,300,0.0001,50,least_cost,Unweighted k-means,All features mutable,α = 1,1.0,251,3,0,True,,24.0,0.13752790724283454,2.3159422234741838,3.1567500882872013,2.1567500882872013,True,8.57090000044991,Optimization terminated successfully
Student Performance,5,42,10,300,0.0001,50,least_cost,Unweighted k-means,All features mutable,α < 1,0.9546250367985473,251,3,0,True,,24.0,0.1486106035116088,2.407449591778142,3.036761738802466,2.036761738802466,True,9.824200000366545,Optimization terminated successfully
Student Performance,5,42,10,300,0.0001,50,least_cost,Unweighted k-means,Random 25% immutable,α = 1,1.0,251,3,0,True,,18.0,0.20540016937972053,2.8303015044000355,2.274036777073036,1.2740367770730359,True,7.743099999970582,Optimization terminated successfully
Student Performance,5,42,10,300,0.0001,50,least_cost,Unweighted k-means,Random 25% immutable,α < 1,0.9546250367985473,251,3,0,True,,18.0,0.22195235676064815,2.942132205334301,2.1876004437829777,1.1876004437829777,True,7.264900000336638,Optimization terminated successfully
Student Performance,5,42,10,300,0.0001,50,least_cost,Unweighted k-means,Random 50% immutable,α = 1,1.0,251,3,0,True,,12.0,0.15172278230458813,2.43252718584581,2.861410978396167,1.861410978396167,True,5.631500000163214,Optimization terminated successfully
Student Performance,5,42,10,300,0.0001,50,least_cost,Unweighted k-means,Random 50% immutable,α < 1,0.9546250367985473,251,3,0,True,,12.0,0.16394937359828138,2.528641052093589,2.7526484920989334,1.7526484920989334,True,5.677699999978358,Optimization terminated successfully
Student Performance,5,42,10,300,0.0001,50,least_cost,Unweighted k-means,Random 75% immutable,α = 1,1.0,251,3,0,False,,,,,,,False,21.66769999985263,Positive directional derivative for linesearch
Student Performance,5,42,10,300,0.0001,50,least_cost,Unweighted k-means,Random 75% immutable,α < 1,0.9546250367985473,251,3,0,False,,,,,,,False,22.893999999723746,Inequality constraints incompatible
Student Performance,5,42,10,300,0.0001,50,least_cost,Unweighted k-means,All features mutable,α = 1,1.0,316,4,1,True,,23.0,0.19222640006520644,2.7380338936074278,1.8689929307624848,0.8689929307624848,True,19.576500000766828,Optimization terminated successfully
Student Performance,5,42,10,300,0.0001,50,least_cost,Unweighted k-means,All features mutable,α < 1,0.9849107803895755,316,4,1,True,,23.0,0.1987457739166038,2.784077079167807,1.8380834469088347,0.8380834469088347,True,9.531299999252951,Optimization terminated successfully
Student Performance,5,42,10,300,0.0001,50,least_cost,Unweighted k-means,Random 25% immutable,α = 1,1.0,316,4,1,True,,18.0,0.24607077057958632,3.0978637885813938,1.4600262478826735,0.46002624788267354,True,7.514200000514393,Optimization terminated successfully
Student Performance,5,42,10,300,0.0001,50,least_cost,Unweighted k-means,Random 25% immutable,α < 1,0.9849107803895755,316,4,1,True,,18.0,0.25441628059676213,3.1499579272227947,1.4358802712529468,0.4358802712529468,True,7.856600000195613,Optimization terminated successfully
Student Performance,5,42,10,300,0.0001,50,least_cost,Unweighted k-means,Random 50% immutable,α = 1,1.0,316,4,1,True,,10.0,0.2600634538764208,3.1847252159614037,1.3814697008546262,0.38146970085462617,True,5.000799999834271,Optimization terminated successfully
Student Performance,5,42,10,300,0.0001,50,least_cost,Unweighted k-means,Random 50% immutable,α < 1,0.9849107803895755,316,4,1,True,,10.0,0.2688835268753996,3.238280029296507,1.358622897032724,0.3586228970327241,True,5.156700000043202,Optimization terminated successfully
Student Performance,5,42,10,300,0.0001,50,least_cost,Unweighted k-means,Random 75% immutable,α = 1,1.0,316,4,1,False,,,,,,,False,2.7513999993971083,Positive directional derivative for linesearch
Student Performance,5,42,10,300,0.0001,50,least_cost,Unweighted k-means,Random 75% immutable,α < 1,0.9849107803895755,316,4,1,False,,,,,,,False,2.95170000026701,Positive directional derivative for linesearch
Student Performance,5,42,10,300,0.0001,50,least_cost,Unweighted k-means,All features mutable,α = 1,1.0,278,3,1,True,,22.0,0.0922043377729562,1.8963040824575819,1.5133499155387093,0.5133499155387093,True,8.696799999597715,Optimization terminated successfully
Student Performance,5,42,10,300,0.0001,50,least_cost,Unweighted k-means,All features mutable,α < 1,0.9849107803895755,278,3,1,True,,22.0,0.09528047763601037,1.9276770029764854,1.488720163807855,0.4887201638078551,True,9.607199999663862,Optimization terminated successfully
Student Performance,5,42,10,300,0.0001,50,least_cost,Unweighted k-means,Random 25% immutable,α = 1,1.0,278,3,1,True,,15.0,0.11813379474965587,2.1464431031910856,1.1811812814557376,0.18118128145573764,True,7.133000000067113,Optimization terminated successfully
Student Performance,5,42,10,300,0.0001,50,least_cost,Unweighted k-means,Random 25% immutable,α < 1,0.9849107803895755,278,3,1,True,,15.0,0.12207499842814334,2.181954385109274,1.161957567466629,0.16195756746662893,True,7.417499999974098,Optimization terminated successfully
Student Performance,5,42,10,300,0.0001,50,least_cost,Unweighted k-means,Random 50% immutable,α = 1,1.0,278,3,1,True,,10.0,0.15829126976080393,2.4846246236949665,1.4790822315964778,0.4790822315964778,True,5.765799999608134,Optimization terminated successfully
Student Performance,5,42,10,300,0.0001,50,least_cost,Unweighted k-means,Random 50% immutable,α < 1,0.9849107803895755,278,3,1,True,,10.0,0.16357221528512045,2.525730863754034,1.4550101865301839,0.4550101865301839,True,5.194800000026589,Optimization terminated successfully
Student Performance,5,42,10,300,0.0001,50,least_cost,Unweighted k-means,Random 75% immutable,α = 1,1.0,278,3,1,True,,4.0,0.16137072122200705,2.508676568961865,1.4508567799560412,0.45085677995604123,True,4.3428999997559,Optimization terminated successfully
Student Performance,5,42,10,300,0.0001,50,least_cost,Unweighted k-means,Random 75% immutable,α < 1,0.9849107803895755,278,3,1,True,,4.0,0.16675440403206251,2.550180730311175,1.4272441044853874,0.4272441044853874,True,4.070200000569457,Optimization terminated successfully
Student Performance,5,42,10,300,0.0001,50,least_cost,Unweighted k-means,All features mutable,α = 1,1.0,53,2,4,True,,20.0,0.05330722434685831,1.4418674521354153,3.6814975907003284,2.6814975907003284,True,9.165299999949639,Optimization terminated successfully
Student Performance,5,42,10,300,0.0001,50,least_cost,Unweighted k-means,All features mutable,α < 1,0.890151690365568,53,2,4,True,,20.0,0.07471939131641489,1.707060708158963,3.1095739764931936,2.1095739764931936,True,8.986800000457151,Optimization terminated successfully
Student Performance,5,42,10,300,0.0001,50,least_cost,Unweighted k-means,Random 25% immutable,α = 1,1.0,53,2,4,True,,14.0,0.06570084427958198,1.6007288736396608,2.9870303740570416,1.9870303740570416,True,8.820500000183529,Optimization terminated successfully
Student Performance,5,42,10,300,0.0001,50,least_cost,Unweighted k-means,Random 25% immutable,α < 1,0.890151690365568,53,2,4,True,,14.0,0.09209121565966977,1.8951404725579373,2.5229928005522075,1.5229928005522075,True,6.853400000181864,Optimization terminated successfully
Student Performance,5,42,10,300,0.0001,50,least_cost,Unweighted k-means,Random 50% immutable,α = 1,1.0,53,2,4,True,,10.0,0.06679804329124714,1.6140395560080423,2.9379665588173838,1.9379665588173838,True,3.5472999998091836,Optimization terminated successfully
Student Performance,5,42,10,300,0.0001,50,least_cost,Unweighted k-means,Random 50% immutable,α < 1,0.890151690365568,53,2,4,True,,10.0,0.0936291318297399,1.9108993017320028,2.481551087707548,1.481551087707548,True,5.218199999944773,Optimization terminated successfully
Student Performance,5,42,10,300,0.0001,50,least_cost,Unweighted k-means,Random 75% immutable,α = 1,1.0,53,2,4,False,,,,,,,False,56.97260000033566,Positive directional derivative for linesearch
Student Performance,5,42,10,300,0.0001,50,least_cost,Unweighted k-means,Random 75% immutable,α < 1,0.890151690365568,53,2,4,False,,,,,,,False,97.5429999998596,Positive directional derivative for linesearch
Student Performance,5,42,10,300,0.0001,50,least_cost,Unweighted k-means,All features mutable,α = 1,1.0,505,3,0,True,,24.0,0.06000006070606104,1.5297066279311142,4.760831380307998,3.760831380307998,True,6.459900000663765,Optimization terminated successfully
Student Performance,5,42,10,300,0.0001,50,least_cost,Unweighted k-means,All features mutable,α < 1,0.9546250367985473,505,3,0,True,,24.0,0.06742263713656142,1.6215680214921282,4.49113157794724,3.4911315779472396,True,9.230999999999767,Optimization terminated successfully
Student Performance,5,42,10,300,0.0001,50,least_cost,Unweighted k-means,Random 25% immutable,α = 1,1.0,505,3,0,True,,18.0,0.06165315746320147,1.550636366484695,4.633179933976418,3.633179933976418,True,4.958800000167685,Optimization terminated successfully
Student Performance,5,42,10,300,0.0001,50,least_cost,Unweighted k-means,Random 25% immutable,α < 1,0.9546250367985473,505,3,0,True,,18.0,0.06928023763723967,1.6437546251957278,4.370711537105547,3.3707115371055467,True,4.997899999580113,Optimization terminated successfully
Student Performance,5,42,10,300,0.0001,50,least_cost,Unweighted k-means,Random 50% immutable,α = 1,1.0,505,3,0,True,,12.0,0.07151138814007749,1.6700132147570035,3.9944711032619558,2.9944711032619558,True,5.032699999901524,Optimization terminated successfully
Student Performance,5,42,10,300,0.0001,50,least_cost,Unweighted k-means,Random 50% immutable,α < 1,0.9546250367985473,505,3,0,True,,12.0,0.08035802492468472,1.7703002491280126,3.768185382823213,2.768185382823213,True,6.257299999560928,Optimization terminated successfully
Student Performance,5,42,10,300,0.0001,50,least_cost,Unweighted k-means,Random 75% immutable,α = 1,1.0,505,3,0,True,,7.0,0.3336275274837916,3.6071420226916313,1.4000357380467534,0.4000357380467534,True,3.7496999993891222,Optimization terminated successfully
Student Performance,5,42,10,300,0.0001,50,least_cost,Unweighted k-means,Random 75% immutable,α < 1,0.9546250367985473,505,3,0,True,,7.0,0.3749004160930049,3.823756821193941,1.3207240882316493,0.32072408823164933,True,4.118200000448269,Optimization terminated successfully
Student Performance,5,42,10,300,0.0001,50,least_cost,Unweighted k-means,All features mutable,α = 1,1.0,626,1,4,True,,26.0,0.15070031561169836,2.4243168746795942,2.1748286456347725,1.1748286456347725,True,8.944000000155938,Optimization terminated successfully
Student Performance,5,42,10,300,0.0001,50,least_cost,Unweighted k-means,All features mutable,α < 1,0.890151690365568,626,1,4,True,,26.0,0.18920604777934905,2.716438083850728,1.940951288214827,0.940951288214827,True,9.63450000017474,Optimization terminated successfully
Student Performance,5,42,10,300,0.0001,50,least_cost,Unweighted k-means,Random 25% immutable,α = 1,1.0,626,1,4,True,,19.0,0.1542217402373806,2.4524779039285645,2.1251696676295024,1.1251696676295024,True,6.993099999817787,Optimization terminated successfully
Student Performance,5,42,10,300,0.0001,50,least_cost,Unweighted k-means,Random 25% immutable,α < 1,0.890151690365568,626,1,4,True,,19.0,0.1936272384933417,2.74799241287896,1.896632541212867,0.8966325412128671,True,6.797899999583024,Optimization terminated successfully
Student Performance,5,42,10,300,0.0001,50,least_cost,Unweighted k-means,Random 50% immutable,α = 1,1.0,626,1,4,True,,13.0,0.5478628527702828,4.622407517521689,1.2224676546963786,0.22246765469637864,True,4.848300000048766,Optimization terminated successfully
Student Performance,5,42,10,300,0.0001,50,least_cost,Unweighted k-means,Random 50% immutable,α < 1,0.890151690365568,626,1,4,True,,13.0,0.6878483610138946,5.1793905123616515,1.0910055223088322,0.09100552230883219,True,5.413900000348804,Optimization terminated successfully
Student Performance,5,42,10,300,0.0001,50,least_cost,Unweighted k-means,Random 75% immutable,α = 1,1.0,626,1,4,False,,,,,,,False,28.173200000310317,Positive directional derivative for linesearch
Student Performance,5,42,10,300,0.0001,50,least_cost,Unweighted k-means,Random 75% immutable,α < 1,0.890151690365568,626,1,4,False,,,,,,,False,68.80530000034923,Positive directional derivative for linesearch
Student Performance,5,42,10,300,0.0001,50,least_cost,Unweighted k-means,All features mutable,α = 1,1.0,402,4,1,True,,25.0,0.15321695361756543,2.444475647472286,2.195399719891304,1.195399719891304,True,8.757100000366336,Optimization terminated successfully
Student Performance,5,42,10,300,0.0001,50,least_cost,Unweighted k-means,All features mutable,α < 1,0.9849107803895755,402,4,1,True,,25.0,0.15819880428818367,2.4838988238733,2.160555447671725,1.160555447671725,True,9.27869999941322,Optimization terminated successfully
Student Performance,5,42,10,300,0.0001,50,least_cost,Unweighted k-means,Random 25% immutable,α = 1,1.0,402,4,1,True,,19.0,0.3298864703450652,3.5868610711118354,1.1355775754740158,0.13557757547401583,True,8.329199999934644,Optimization terminated successfully
Student Performance,5,42,10,300,0.0001,50,least_cost,Unweighted k-means,Random 25% immutable,α < 1,0.9849107803895755,402,4,1,True,,19.0,0.3406127315917894,3.644708017397249,1.1175543012275648,0.11755430122756483,True,5.4620999999315245,Optimization terminated successfully
Student Performance,5,42,10,300,0.0001,50,least_cost,Unweighted k-means,Random 50% immutable,α = 1,1.0,402,4,1,True,,12.0,2.066661107444461,8.977738200144511,1.0,0.0,False,5.4867999997441075,Optimization terminated successfully
Student Performance,5,42,10,300,0.0001,50,least_cost,Unweighted k-means,Random 50% immutable,α < 1,0.9849107803895755,402,4,1,True,,12.0,2.4010377817348214,9.676800787846057,1.0,0.0,False,5.747799999880954,Optimization terminated successfully
Student Performance,5,42,10,300,0.0001,50,least_cost,Unweighted k-means,Random 75% immutable,α = 1,1.0,402,4,1,False,,,,,,,False,3.6690999995698803,Positive directional derivative for linesearch
Student Performance,5,42,10,300,0.0001,50,least_cost,Unweighted k-means,Random 75% immutable,α < 1,0.9849107803895755,402,4,1,False,,,,,,,False,5.028599999604921,Positive directional derivative for linesearch
Student Performance,5,42,10,300,0.0001,50,least_cost,Unweighted k-means,All features mutable,α = 1,1.0,449,2,0,True,,27.0,0.22881542981412767,2.987273298971987,2.443985053225996,1.4439850532259961,True,8.727100000214705,Optimization terminated successfully
Student Performance,5,42,10,300,0.0001,50,least_cost,Unweighted k-means,All features mutable,α < 1,0.9546250367985473,449,2,0,True,,27.0,0.24516257085904064,3.0921416952498446,2.3711844567512115,1.3711844567512115,True,9.578099999998813,Optimization terminated successfully
Student Performance,5,42,10,300,0.0001,50,least_cost,Unweighted k-means,Random 25% immutable,α = 1,1.0,449,2,0,True,,20.0,0.3546822193330939,3.7192212295036526,1.3992385684832394,0.39923856848323935,True,6.768199999896751,Optimization terminated successfully
Student Performance,5,42,10,300,0.0001,50,least_cost,Unweighted k-means,Random 25% immutable,α < 1,0.9546250367985473,449,2,0,True,,20.0,0.3799294101141733,3.8493177310340023,1.3576620898571221,0.3576620898571221,True,7.760599999528495,Optimization terminated successfully
Student Performance,5,42,10,300,0.0001,50,least_cost,Unweighted k-means,Random 50% immutable,α = 1,1.0,449,2,0,True,,14.0,0.42080155883444526,4.051081435190284,1.3762057004309234,0.3762057004309234,True,5.63620000048104,Optimization terminated successfully
Student Performance,5,42,10,300,0.0001,50,least_cost,Unweighted k-means,Random 50% immutable,α < 1,0.9546250367985473,449,2,0,True,,14.0,0.4512742641967967,4.1951991971389235,1.3283789572925688,0.32837895729256883,True,5.808100000649574,Optimization terminated successfully
Student Performance,5,42,10,300,0.0001,50,least_cost,Unweighted k-means,Random 75% immutable,α = 1,1.0,449,2,0,True,,5.0,0.5807410047025022,4.759085960917032,1.0,0.0,False,3.9104999996197876,Optimization terminated successfully
Student Performance,5,42,10,300,0.0001,50,least_cost,Unweighted k-means,Random 75% immutable,α < 1,0.9546250367985473,449,2,0,True,,5.0,0.6240798199036705,4.933468655646162,1.0,0.0,False,4.804000000149244,Optimization terminated successfully
Student Performance,5,42,10,300,0.0001,50,least_cost,Unweighted k-means,All features mutable,α = 1,1.0,176,3,1,True,,21.0,0.1610629696374791,2.5062832672827873,2.0623910634818854,1.0623910634818854,True,8.775199999945471,Optimization terminated successfully
Student Performance,5,42,10,300,0.0001,50,least_cost,Unweighted k-means,All features mutable,α < 1,0.9849107803895755,176,3,1,True,,21.0,0.16511358864616554,2.5376031914388144,2.0369363622750765,1.0369363622750765,True,9.27769999998418,Optimization terminated successfully
Student Performance,5,42,10,300,0.0001,50,least_cost,Unweighted k-means,Random 25% immutable,α = 1,1.0,176,3,1,True,,15.0,0.18479253518078215,2.684568656609569,1.7975554366551738,0.7975554366551738,True,8.569599999646016,Optimization terminated successfully
Student Performance,5,42,10,300,0.0001,50,least_cost,Unweighted k-means,Random 25% immutable,α < 1,0.9849107803895755,176,3,1,True,,15.0,0.18943993586730523,2.718116535181099,1.7753694219214262,0.7753694219214262,True,9.769299999788927,Optimization terminated successfully
Student Performance,5,42,10,300,0.0001,50,least_cost,Unweighted k-means,Random 50% immutable,α = 1,1.0,176,3,1,True,,9.0,0.280853103140094,3.309572634414248,1.1827351091797196,0.18273510917971958,True,5.404300000009243,Optimization terminated successfully
Student Performance,5,42,10,300,0.0001,50,least_cost,Unweighted k-means,Random 50% immutable,α < 1,0.9849107803895755,176,3,1,True,,9.0,0.28791635871515503,3.350930913923927,1.1681374068839683,0.16813740688396828,True,5.855800000063027,Optimization terminated successfully
Student Performance,5,42,10,300,0.0001,50,least_cost,Unweighted k-means,Random 75% immutable,α = 1,1.0,176,3,1,True,,7.0,0.2771388707712829,3.287615543228866,1.1985862240310399,0.19858622403103987,True,4.105699999854551,Optimization terminated successfully
Student Performance,5,42,10,300,0.0001,50,least_cost,Unweighted k-means,Random 75% immutable,α < 1,0.9849107803895755,176,3,1,True,,7.0,0.28410871604682186,3.3286994345879375,1.1837928830304634,0.18379288303046337,True,3.825400000096124,Optimization terminated successfully
Student Performance,5,42,10,300,0.0001,50,least_cost,Unweighted k-means,All features mutable,α = 1,1.0,287,4,3,True,,27.0,0.009620079829710023,0.6125219288798491,4.573029111799716,3.573029111799716,True,6.4782999997987645,Optimization terminated successfully
Student Performance,5,42,10,300,0.0001,50,least_cost,Unweighted k-means,All features mutable,α < 1,0.9803072113728922,287,4,3,True,,27.0,0.011354991689000286,0.6654657586014558,4.209203218709944,3.209203218709944,True,6.316599999991013,Optimization terminated successfully
Student Performance,5,42,10,300,0.0001,50,least_cost,Unweighted k-means,Random 25% immutable,α = 1,1.0,287,4,3,True,,21.0,0.029526389708218477,1.0730932851437105,1.4899521045711677,0.48995210457116767,True,7.145399999899382,Optimization terminated successfully
Student Performance,5,42,10,300,0.0001,50,least_cost,Unweighted k-means,Random 25% immutable,α < 1,0.9803072113728922,287,4,3,True,,21.0,0.034851260662886796,1.1658469736001313,1.3714129129231536,0.3714129129231536,True,7.099299999936193,Optimization terminated successfully
Student Performance,5,42,10,300,0.0001,50,least_cost,Unweighted k-means,Random 50% immutable,α = 1,1.0,287,4,3,True,,12.0,0.010958699217091413,0.6537501582918089,4.0144276494590745,3.0144276494590745,True,3.9627999994991114,Optimization terminated successfully
Student Performance,5,42,10,300,0.0001,50,least_cost,Unweighted k-means,Random 50% immutable,α < 1,0.9803072113728922,287,4,3,True,,12.0,0.012935021406789857,0.7102575834616653,3.695043562956289,2.695043562956289,True,3.9040000001477893,Optimization terminated successfully
Student Performance,5,42,10,300,0.0001,50,least_cost,Unweighted k-means,Random 75% immutable,α = 1,1.0,287,4,3,True,,7.0,0.43527168914066694,4.1201451280854196,1.0,0.0,False,3.7408999996841885,Optimization terminated successfully
Student Performance,5,42,10,300,0.0001,50,least_cost,Unweighted k-means,Random 75% immutable,α < 1,0.9803072113728922,287,4,3,True,,7.0,0.5275042838042102,4.535710205509629,1.0,0.0,False,3.9543000002595363,Optimization terminated successfully
Student Performance,5,42,10,300,0.0001,50,least_cost,Unweighted k-means,All features mutable,α = 1,1.0,227,3,4,True,,25.0,0.10018427697331582,1.9766605176305103,2.7643679447937135,1.7643679447937135,True,9.510599999885017,Optimization terminated successfully
Student Performance,5,42,10,300,0.0001,50,least_cost,Unweighted k-means,All features mutable,α < 1,0.890151690365568,227,3,4,True,,25.0,0.1277287373751082,2.2319096660996878,2.448224969297997,1.4482249692979972,True,9.97170000027836,Optimization terminated successfully
Student Performance,5,42,10,300,0.0001,50,least_cost,Unweighted k-means,Random 25% immutable,α = 1,1.0,227,3,4,True,,19.0,0.10974323511469244,2.0688127439362427,2.523583367126066,1.523583367126066,True,7.445600000210106,Optimization terminated successfully
Student Performance,5,42,10,300,0.0001,50,least_cost,Unweighted k-means,Random 25% immutable,α < 1,0.890151690365568,227,3,4,True,,19.0,0.13991581593579638,2.3359616481218306,2.234977374408555,1.234977374408555,True,7.202000000688713,Optimization terminated successfully
Student Performance,5,42,10,300,0.0001,50,least_cost,Unweighted k-means,Random 50% immutable,α = 1,1.0,227,3,4,True,,12.0,0.2876046037648655,3.349116233699535,1.3409681901338308,0.34096819013383084,True,5.61070000003383,Optimization terminated successfully
Student Performance,5,42,10,300,0.0001,50,least_cost,Unweighted k-means,Random 50% immutable,α < 1,0.890151690365568,227,3,4,True,,11.0,0.3709333092918838,3.8034719747072496,1.3544315998519303,0.3544315998519303,True,5.803699999887613,Optimization terminated successfully
Student Performance,5,42,10,300,0.0001,50,least_cost,Unweighted k-means,Random 75% immutable,α = 1,1.0,227,3,4,True,,7.0,0.32463613514346373,3.5582030957486235,1.2350158867603933,0.2350158867603933,True,3.904799999872921,Optimization terminated successfully
Student Performance,5,42,10,300,0.0001,50,least_cost,Unweighted k-means,Random 75% immutable,α < 1,0.890151690365568,227,3,4,True,,7.0,0.4138909308019856,4.017679218314653,1.0937750658420298,0.09377506584202977,True,3.8710999997420004,Optimization terminated successfully
Student Performance,5,42,10,300,0.0001,50,least_cost,Unweighted k-means,All features mutable,α = 1,1.0,439,2,4,True,,28.0,0.13942681209333554,2.331875998341268,1.4828203555699648,0.48282035556996483,True,9.541899999931047,Optimization terminated successfully
Student Performance,5,42,10,300,0.0001,50,least_cost,Unweighted k-means,All features mutable,α < 1,0.890151690365568,439,2,4,True,,28.0,0.171083534441489,2.5830713972358703,1.338620759047268,0.33862075904726807,True,9.748100000251725,Optimization terminated successfully
Student Performance,5,42,10,300,0.0001,50,least_cost,Unweighted k-means,Random 25% immutable,α = 1,1.0,439,2,4,True,,23.0,0.14424671821599713,2.3718393728125617,1.4332729137131683,0.43327291371316834,True,7.373000000370666,Optimization terminated successfully
Student Performance,5,42,10,300,0.0001,50,least_cost,Unweighted k-means,Random 25% immutable,α < 1,0.890151690365568,439,2,4,True,,23.0,0.1769977955707547,2.6273397243712955,1.2938916600518324,0.2938916600518324,True,7.589799999550451,Optimization terminated successfully
Student Performance,5,42,10,300,0.0001,50,least_cost,Unweighted k-means,Random 50% immutable,α = 1,1.0,439,2,4,True,,15.0,0.19488701617392892,2.7569174145743336,1.0608449777181146,0.06084497771811459,True,5.460499999571766,Optimization terminated successfully
Student Performance,5,42,10,300,0.0001,50,least_cost,Unweighted k-means,Random 50% immutable,α < 1,0.890151690365568,439,2,4,True,,15.0,0.23917877894689427,3.0541729451569823,1.0,0.0,False,5.725400000301306,Optimization terminated successfully
Student Performance,5,42,10,300,0.0001,50,least_cost,Unweighted k-means,Random 75% immutable,α = 1,1.0,439,2,4,True,,7.0,0.578442845509388,4.74966009045554,1.1837256717353777,0.18372567173537768,True,3.6460000001170556,Optimization terminated successfully
Student Performance,5,42,10,300,0.0001,50,least_cost,Unweighted k-means,Random 75% immutable,α < 1,0.890151690365568,439,2,4,True,,7.0,0.7097777321042879,5.261305118700799,1.0686121298136122,0.0686121298136122,True,4.099599999790371,Optimization terminated successfully
Student Performance,5,42,10,300,0.0001,50,least_cost,Unweighted k-means,All features mutable,α = 1,1.0,261,2,1,True,,21.0,0.14244532433185533,2.3569827426059695,2.0585633307115536,1.0585633307115536,True,9.463300000788877,Optimization terminated successfully
Student Performance,5,42,10,300,0.0001,50,least_cost,Unweighted k-means,All features mutable,α < 1,0.9849107803895755,261,2,1,True,,21.0,0.14642903572054625,2.3897138726427696,2.0303679126608314,1.0303679126608314,True,10.185899999669346,Optimization terminated successfully
Student Performance,5,42,10,300,0.0001,50,least_cost,Unweighted k-means,Random 25% immutable,α = 1,1.0,261,2,1,True,,18.0,0.14317295533923258,2.362994976344653,2.0481013348262165,1.0481013348262165,True,7.011799999418145,Optimization terminated successfully
Student Performance,5,42,10,300,0.0001,50,least_cost,Unweighted k-means,Random 25% immutable,α < 1,0.9849107803895755,261,2,1,True,,18.0,0.14717701609315856,2.3958095975334066,2.0200492128430003,1.0200492128430003,True,7.040899999992689,Optimization terminated successfully
Student Performance,5,42,10,300,0.0001,50,least_cost,Unweighted k-means,Random 50% immutable,α = 1,1.0,261,2,1,False,,,,,,,False,45.988300000317395,Positive directional derivative for linesearch
Student Performance,5,42,10,300,0.0001,50,least_cost,Unweighted k-means,Random 50% immutable,α < 1,0.9849107803895755,261,2,1,False,,,,,,,False,36.59319999951549,Positive directional derivative for linesearch
Student Performance,5,42,10,300,0.0001,50,least_cost,Unweighted k-means,Random 75% immutable,α = 1,1.0,261,2,1,True,,6.0,0.1954127245358946,2.7606333072141056,1.5005814958032693,0.5005814958032693,True,3.7870000005568727,Optimization terminated successfully
Student Performance,5,42,10,300,0.0001,50,least_cost,Unweighted k-means,Random 75% immutable,α < 1,0.9849107803895755,261,2,1,True,,6.0,0.20087775401215271,2.7989698830951997,1.4800285830386124,0.4800285830386124,True,3.8502999996126164,Optimization terminated successfully
Student Performance,5,42,10,300,0.0001,50,least_cost,Unweighted k-means,All features mutable,α = 1,1.0,43,2,3,True,,22.0,0.09186936455591718,1.892856364778049,1.6719268421861382,0.6719268421861382,True,10.17390000015439,Optimization terminated successfully
Student Performance,5,42,10,300,0.0001,50,least_cost,Unweighted k-means,All features mutable,α < 1,0.9803072113728922,43,2,3,True,,22.0,0.09483490639654406,1.92316441040937,1.6455781675461483,0.6455781675461483,True,9.662800000114657,Optimization terminated successfully
Student Performance,5,42,10,300,0.0001,50,least_cost,Unweighted k-means,Random 25% immutable,α = 1,1.0,43,2,3,True,,15.0,0.23026509439650017,2.996721321955631,1.0000000000000002,2.220446049250313e-16,True,7.045100000141247,Optimization terminated successfully
Student Performance,5,42,10,300,0.0001,50,least_cost,Unweighted k-means,Random 25% immutable,α < 1,0.9803072113728922,43,2,3,True,,15.0,0.24315571122319976,3.0794598126464963,1.0,0.0,False,7.461000000148488,Optimization terminated successfully
Student Performance,5,42,10,300,0.0001,50,least_cost,Unweighted k-means,Random 50% immutable,α = 1,1.0,43,2,3,False,,,,,,,False,10.02749999952357,Positive directional derivative for linesearch
Student Performance,5,42,10,300,0.0001,50,least_cost,Unweighted k-means,Random 50% immutable,α < 1,0.9803072113728922,43,2,3,False,,,,,,,False,30.975499999840395,Positive directional derivative for linesearch
Student Performance,5,42,10,300,0.0001,50,least_cost,Unweighted k-means,Random 75% immutable,α = 1,1.0,43,2,3,False,,,,,,,False,19.697200000337034,Positive directional derivative for linesearch
Student Performance,5,42,10,300,0.0001,50,least_cost,Unweighted k-means,Random 75% immutable,α < 1,0.9803072113728922,43,2,3,False,,,,,,,False,23.501100000430597,Positive directional derivative for linesearch
Student Performance,5,42,10,300,0.0001,50,least_cost,Unweighted k-means,All features mutable,α = 1,1.0,483,3,2,True,,26.0,0.05332815564757036,1.4421505019432763,2.191848389780489,1.191848389780489,True,6.343600000036531,Optimization terminated successfully
Student Performance,5,42,10,300,0.0001,50,least_cost,Unweighted k-means,All features mutable,α < 1,0.9840515780810501,483,3,2,True,,26.0,0.055355810216691906,1.4693116069952568,2.154605862672671,1.1546058626726712,True,6.579900000360794,Optimization terminated successfully
Student Performance,5,42,10,300,0.0001,50,least_cost,Unweighted k-means,Random 25% immutable,α = 1,1.0,483,3,2,True,,19.0,0.10433364409950113,2.017179248326867,1.1205345898427002,0.12053458984270016,True,7.206000000223867,Optimization terminated successfully
Student Performance,5,42,10,300,0.0001,50,least_cost,Unweighted k-means,Random 25% immutable,α < 1,0.9840515780810501,483,3,2,True,,19.0,0.10829266414355711,2.055094621081649,1.100756425901194,0.10075642590119394,True,7.039500000246335,Optimization terminated successfully
Student Performance,5,42,10,300,0.0001,50,least_cost,Unweighted k-means,Random 50% immutable,α = 1,1.0,483,3,2,True,,12.0,0.14223034533423007,2.3552034876067447,1.0,0.0,False,5.189599999539496,Optimization terminated successfully
Student Performance,5,42,10,300,0.0001,50,least_cost,Unweighted k-means,Random 50% immutable,α < 1,0.9840515780810501,483,3,2,True,,12.0,0.15699361321998864,2.4744193087630797,1.0,0.0,False,5.497799999830022,Optimization terminated successfully
Student Performance,5,42,10,300,0.0001,50,least_cost,Unweighted k-means,Random 75% immutable,α = 1,1.0,483,3,2,True,,7.0,0.11070897138624135,2.077895542144362,1.0581567063277724,0.05815670632777237,True,3.842099999928905,Optimization terminated successfully
Student Performance,5,42,10,300,0.0001,50,least_cost,Unweighted k-means,Random 75% immutable,α < 1,0.9840515780810501,483,3,2,True,,7.0,0.11610489587763997,2.127931140621792,1.0690847764585047,0.06908477645850475,True,3.9784999999028514,Optimization terminated successfully
Student Performance,5,42,10,300,0.0001,50,least_cost,Unweighted k-means,All features mutable,α = 1,1.0,321,2,3,True,,24.0,0.03411478120929876,1.1534628156826954,2.6518976391025912,1.6518976391025912,True,6.806399999732093,Optimization terminated successfully
Student Performance,5,42,10,300,0.0001,50,least_cost,Unweighted k-means,All features mutable,α < 1,0.9803072113728922,321,2,3,True,,24.0,0.03599481159084285,1.1848196706853205,2.5817138206247874,1.5817138206247874,True,5.660699999680219,Optimization terminated successfully
Student Performance,5,42,10,300,0.0001,50,least_cost,Unweighted k-means,Random 25% immutable,α = 1,1.0,321,2,3,True,,20.0,0.03455595480100216,1.160897169106327,2.6180410568644645,1.6180410568644645,True,4.9019999996744446,Optimization terminated successfully
Student Performance,5,42,10,300,0.0001,50,least_cost,Unweighted k-means,Random 25% immutable,α < 1,0.9803072113728922,321,2,3,True,,20.0,0.036460297803836424,1.1924561268028357,2.5487532691646417,1.5487532691646417,True,5.2877999996781,Optimization terminated successfully
Student Performance,5,42,10,300,0.0001,50,least_cost,Unweighted k-means,Random 50% immutable,α = 1,1.0,321,2,3,True,,12.0,0.06234308050415281,1.5592883439768155,1.4726255096885383,0.47262550968853834,True,3.786500000387605,Optimization terminated successfully
Student Performance,5,42,10,300,0.0001,50,least_cost,Unweighted k-means,Random 50% immutable,α < 1,0.9803072113728922,321,2,3,True,,12.0,0.06577874332455248,1.6016775548335396,1.433651727014021,0.433651727014021,True,3.8606999996773084,Optimization terminated successfully
Student Performance,5,42,10,300,0.0001,50,least_cost,Unweighted k-means,Random 75% immutable,α = 1,1.0,321,2,3,True,,7.0,0.0753033898937018,1.7137188234521936,1.2013922306038407,0.2013922306038407,True,3.6472000001595006,Optimization terminated successfully
Student Performance,5,42,10,300,0.0001,50,least_cost,Unweighted k-means,Random 75% immutable,α < 1,0.9803072113728922,321,2,3,True,,7.0,0.07945328198783111,1.76030622265713,1.1695967744006206,0.1695967744006206,True,8.377300000574905,Optimization terminated successfully
Student Performance,5,42,10,300,0.0001,50,least_cost,Unweighted k-means,All features mutable,α = 1,1.0,310,3,1,True,,24.0,0.22930038531221825,2.990437263541322,1.6226077293716514,0.6226077293716514,True,9.088400000109687,Optimization terminated successfully
Student Performance,5,42,10,300,0.0001,50,least_cost,Unweighted k-means,All features mutable,α < 1,0.9849107803895755,310,3,1,True,,24.0,0.234101735702036,3.0215836398119786,1.6049231703072568,0.6049231703072568,True,9.953300000233867,Optimization terminated successfully
Student Performance,5,42,10,300,0.0001,50,least_cost,Unweighted k-means,Random 25% immutable,α = 1,1.0,310,3,1,True,,18.0,0.37304352568294163,3.8142754884295815,1.0000000000000002,2.220446049250313e-16,True,7.819800000106625,Optimization terminated successfully
Student Performance,5,42,10,300,0.0001,50,least_cost,Unweighted k-means,Random 25% immutable,α < 1,0.9849107803895755,310,3,1,True,,18.0,0.38086785140686025,3.8540687856948725,1.0,0.0,False,7.514699999774166,Optimization terminated successfully
Student Performance,5,42,10,300,0.0001,50,least_cost,Unweighted k-means,Random 50% immutable,α = 1,1.0,310,3,1,False,,,,,,,False,23.971000000528875,Positive directional derivative for linesearch
Student Performance,5,42,10,300,0.0001,50,least_cost,Unweighted k-means,Random 50% immutable,α < 1,0.9849107803895755,310,3,1,False,,,,,,,False,11.680300000080024,Positive directional derivative for linesearch
Student Performance,5,42,10,300,0.0001,50,least_cost,Unweighted k-means,Random 75% immutable,α = 1,1.0,310,3,1,False,,,,,,,False,53.963199999998324,Positive directional derivative for linesearch
Student Performance,5,42,10,300,0.0001,50,least_cost,Unweighted k-means,Random 75% immutable,α < 1,0.9849107803895755,310,3,1,False,,,,,,,False,3.7978000000293832,Positive directional derivative for linesearch
Student Performance,5,42,10,300,0.0001,50,least_cost,Unweighted k-means,All features mutable,α = 1,1.0,485,3,2,True,,26.0,0.056891531340047666,1.4895535311837098,2.100772772546016,1.1007727725460161,True,6.5523000002940535,Optimization terminated successfully
Student Performance,5,42,10,300,0.0001,50,least_cost,Unweighted k-means,All features mutable,α < 1,0.9840515780810501,485,3,2,True,,26.0,0.058803555972589294,1.51437732515083,2.0663367376134123,1.0663367376134123,True,6.1695999993389705,Optimization terminated successfully
Student Performance,5,42,10,300,0.0001,50,least_cost,Unweighted k-means,Random 25% immutable,α = 1,1.0,485,3,2,True,,20.0,0.05786734616630119,1.5022737768082575,2.065347522414564,1.065347522414564,True,4.850799999985611,Optimization terminated successfully
Student Performance,5,42,10,300,0.0001,50,least_cost,Unweighted k-means,Random 25% immutable,α < 1,0.9840515780810501,485,3,2,True,,20.0,0.05981216622446478,1.5273095569510873,2.0314921810075353,1.0314921810075353,True,4.72760000047856,Optimization terminated successfully
Student Performance,5,42,10,300,0.0001,50,least_cost,Unweighted k-means,Random 50% immutable,α = 1,1.0,485,3,2,True,,12.0,0.11145242594636916,2.0848608135576816,1.088224271673665,0.08822427167366498,True,3.8937999997870065,Optimization terminated successfully
Student Performance,5,42,10,300,0.0001,50,least_cost,Unweighted k-means,Random 50% immutable,α < 1,0.9840515780810501,485,3,2,True,,12.0,0.11519814659664045,2.119605557000872,1.0703860126701075,0.07038601267010747,True,3.610599999774422,Optimization terminated successfully
Student Performance,5,42,10,300,0.0001,50,least_cost,Unweighted k-means,Random 75% immutable,α = 1,1.0,485,3,2,False,,,,,,,False,76.29550000001473,Inequality constraints incompatible
Student Performance,5,42,10,300,0.0001,50,least_cost,Unweighted k-means,Random 75% immutable,α < 1,0.9840515780810501,485,3,2,False,,,,,,,False,6.025499999850581,Positive directional derivative for linesearch
Student Performance,5,42,10,300,0.0001,50,least_cost,Unweighted k-means,All features mutable,α = 1,1.0,122,4,1,True,,24.0,0.19217477546311007,2.737666203732897,1.8614151697995265,0.8614151697995265,True,9.740100000271923,Optimization terminated successfully
Student Performance,5,42,10,300,0.0001,50,least_cost,Unweighted k-means,All features mutable,α < 1,0.9849107803895755,122,4,1,True,,24.0,0.19872092602234073,2.7839030361834243,1.8304996008085577,0.8304996008085577,True,8.861199999955716,Optimization terminated successfully
Student Performance,5,42,10,300,0.0001,50,least_cost,Unweighted k-means,Random 25% immutable,α = 1,1.0,122,4,1,True,,20.0,0.19425184419432023,2.752421102153246,1.8415116954095798,0.8415116954095798,True,7.453199999872595,Optimization terminated successfully
Student Performance,5,42,10,300,0.0001,50,least_cost,Unweighted k-means,Random 25% immutable,α < 1,0.9849107803895755,122,4,1,True,,20.0,0.20086874703934687,2.7989071321740076,1.810926697832825,0.8109266978328249,True,7.227999999486201,Optimization terminated successfully
Student Performance,5,42,10,300,0.0001,50,least_cost,Unweighted k-means,Random 50% immutable,α = 1,1.0,122,4,1,True,,9.0,1.0872973821578351,6.511881287627683,1.0,0.0,False,5.279899999550253,Optimization terminated successfully
Student Performance,5,42,10,300,0.0001,50,least_cost,Unweighted k-means,Random 50% immutable,α < 1,0.9849107803895755,122,4,1,True,,9.0,1.2505228416083285,6.9835800863686535,1.0,0.0,False,5.846099999871512,Optimization terminated successfully
Student Performance,5,42,10,300,0.0001,50,least_cost,Unweighted k-means,Random 75% immutable,α = 1,1.0,122,4,1,True,,4.0,0.6437427700298526,5.01058559762871,1.0,0.0,False,3.6485000000539003,Optimization terminated successfully
Student Performance,5,42,10,300,0.0001,50,least_cost,Unweighted k-means,Random 75% immutable,α < 1,0.9849107803895755,122,4,1,True,,4.0,0.6865537873998064,5.174514248564058,1.0,0.0,False,4.140799999731826,Optimization terminated successfully
Student Performance,5,42,10,300,0.0001,50,least_cost,Unweighted k-means,All features mutable,α = 1,1.0,518,2,4,True,,25.0,0.12104083111139508,2.1726924341342952,2.5237655740617737,1.5237655740617737,True,8.6751999997432,Optimization terminated successfully
Student Performance,5,42,10,300,0.0001,50,least_cost,Unweighted k-means,All features mutable,α < 1,0.890151690365568,518,2,4,True,,25.0,0.15133487647055796,2.4294156051099534,2.2570721498283812,1.2570721498283812,True,9.55089999933989,Optimization terminated successfully
Student Performance,5,42,10,300,0.0001,50,least_cost,Unweighted k-means,Random 25% immutable,α = 1,1.0,518,2,4,True,,20.0,0.24329614044290826,3.0803489213518365,1.427480451419163,0.427480451419163,True,7.516799999393697,Optimization terminated successfully
Student Performance,5,42,10,300,0.0001,50,least_cost,Unweighted k-means,Random 25% immutable,α < 1,0.890151690365568,518,2,4,True,,19.0,0.3052390258805938,3.450264049220459,1.332149444263316,0.33214944426331594,True,6.964000000152737,Optimization terminated successfully
Student Performance,5,42,10,300,0.0001,50,least_cost,Unweighted k-means,Random 50% immutable,α = 1,1.0,518,2,4,True,,13.0,0.4213852512791992,4.053890082363947,1.4813974750417604,0.48139747504176045,True,6.1361999996734085,Optimization terminated successfully
Student Performance,5,42,10,300,0.0001,50,least_cost,Unweighted k-means,Random 50% immutable,α < 1,0.890151690365568,518,2,4,True,,13.0,0.5268493644939112,4.532893691149456,1.3248540388313175,0.32485403883131747,True,5.689100000381586,Optimization terminated successfully
Student Performance,5,42,10,300,0.0001,50,least_cost,Unweighted k-means,Random 75% immutable,α = 1,1.0,518,2,4,False,,,,,,,False,45.49330000008922,Positive directional derivative for linesearch
Student Performance,5,42,10,300,0.0001,50,least_cost,Unweighted k-means,Random 75% immutable,α < 1,0.890151690365568,518,2,4,False,,,,,,,False,21.438499999931082,Positive directional derivative for linesearch
Student Performance,5,42,10,300,0.0001,50,least_cost,Unweighted k-means,All features mutable,α = 1,1.0,351,0,2,True,,19.0,0.2865621376281018,3.343041035867788,1.5074310787655467,0.5074310787655467,True,8.969900000010966,Optimization terminated successfully
Student Performance,5,42,10,300,0.0001,50,least_cost,Unweighted k-means,All features mutable,α < 1,0.9840515780810501,351,0,2,True,,19.0,0.29357906262331485,3.3837233105425866,1.4893073373127286,0.4893073373127286,True,9.078799999770126,Optimization terminated successfully
Student Performance,5,42,10,300,0.0001,50,least_cost,Unweighted k-means,Random 25% immutable,α = 1,1.0,351,0,2,True,,13.0,0.419566209011728,4.045130671740703,1.029569717283855,0.029569717283854935,True,7.041199999548553,Optimization terminated successfully
Student Performance,5,42,10,300,0.0001,50,least_cost,Unweighted k-means,Random 25% immutable,α < 1,0.9840515780810501,351,0,2,True,,13.0,0.42983994804623343,4.094356844951733,1.017191271574714,0.017191271574714007,True,6.882300000143005,Optimization terminated successfully
Student Performance,5,42,10,300,0.0001,50,least_cost,Unweighted k-means,Random 50% immutable,α = 1,1.0,351,0,2,True,,9.0,0.5435660179809386,4.60424529116951,1.0,0.0,False,5.423000000519096,Optimization terminated successfully
Student Performance,5,42,10,300,0.0001,50,least_cost,Unweighted k-means,Random 50% immutable,α < 1,0.9840515780810501,351,0,2,True,,9.0,0.558056925449868,4.665213831384886,1.0,0.0,False,5.134400000315509,Optimization terminated successfully
Student Performance,5,42,10,300,0.0001,50,least_cost,Unweighted k-means,Random 75% immutable,α = 1,1.0,351,0,2,False,,,,,,,False,8.603199999924982,Positive directional derivative for linesearch
Student Performance,5,42,10,300,0.0001,50,least_cost,Unweighted k-means,Random 75% immutable,α < 1,0.9840515780810501,351,0,2,False,,,,,,,False,10.407799999484268,Positive directional derivative for linesearch
Student Performance,5,42,10,300,0.0001,50,least_cost,Unweighted k-means,All features mutable,α = 1,1.0,515,3,4,True,,28.0,0.17666149216354068,2.624842508490383,2.074263797888099,1.074263797888099,True,8.853000000272004,Optimization terminated successfully
Student Performance,5,42,10,300,0.0001,50,least_cost,Unweighted k-means,All features mutable,α < 1,0.890151690365568,515,3,4,True,,28.0,0.2128262024501377,2.881010568456036,1.8898284702097539,0.8898284702097539,True,9.414099999958125,Optimization terminated successfully
Student Performance,5,42,10,300,0.0001,50,least_cost,Unweighted k-means,Random 25% immutable,α = 1,1.0,515,3,4,True,,22.0,0.17900461284247898,2.642192252818988,2.047112267478869,1.047112267478869,True,5.260599999928672,Optimization terminated successfully
Student Performance,5,42,10,300,0.0001,50,least_cost,Unweighted k-means,Random 25% immutable,α < 1,0.890151690365568,515,3,4,True,,22.0,0.21564898782273734,2.9000535383138635,1.865091142470424,0.865091142470424,True,7.618500000717177,Optimization terminated successfully
Student Performance,5,42,10,300,0.0001,50,least_cost,Unweighted k-means,Random 50% immutable,α = 1,1.0,515,3,4,True,,12.0,0.5219363067819434,4.5117087632620745,1.2492362310569947,0.24923623105699466,True,5.17409999974916,Optimization terminated successfully
Student Performance,5,42,10,300,0.0001,50,least_cost,Unweighted k-means,Random 50% immutable,α < 1,0.890151690365568,515,3,4,True,,12.0,0.6287828815032274,4.9520230591775185,1.1381590869590792,0.1381590869590792,True,5.390100000113307,Optimization terminated successfully
Student Performance,5,42,10,300,0.0001,50,least_cost,Unweighted k-means,Random 75% immutable,α = 1,1.0,515,3,4,False,,,,,,,False,27.064400000199385,Positive directional derivative for linesearch
Student Performance,5,42,10,300,0.0001,50,least_cost,Unweighted k-means,Random 75% immutable,α < 1,0.890151690365568,515,3,4,False,,,,,,,False,32.799900000100024,Positive directional derivative for linesearch
Student Performance,5,42,10,300,0.0001,50,least_cost,Unweighted k-means,All features mutable,α = 1,1.0,105,4,3,True,,21.0,0.06339116711738076,1.5723407765423658,3.122215570694591,2.122215570694591,True,8.823000000120373,Optimization terminated successfully
Student Performance,5,42,10,300,0.0001,50,least_cost,Unweighted k-means,All features mutable,α < 1,0.9803072113728922,105,4,3,True,,21.0,0.0686654110809715,1.6364446315588832,2.999910145116148,1.9999101451161478,True,9.14809999994759,Optimization terminated successfully
Student Performance,5,42,10,300,0.0001,50,least_cost,Unweighted k-means,Random 25% immutable,α = 1,1.0,105,4,3,True,,18.0,0.07549258795518864,1.715870312772022,2.6217261003774266,1.6217261003774266,True,7.449299999279901,Optimization terminated successfully
Student Performance,5,42,10,300,0.0001,50,least_cost,Unweighted k-means,Random 25% immutable,α < 1,0.9803072113728922,105,4,3,True,,18.0,0.08177368900482271,1.785825823306429,2.5190261764253226,1.5190261764253226,True,7.149199999730627,Optimization terminated successfully
Student Performance,5,42,10,300,0.0001,50,least_cost,Unweighted k-means,Random 50% immutable,α = 1,1.0,105,4,3,True,,9.0,0.22501811546386294,2.962381896901656,1.2434910869452613,0.24349108694526134,True,5.572999999458261,Optimization terminated successfully
Student Performance,5,42,10,300,0.0001,50,least_cost,Unweighted k-means,Random 50% immutable,α < 1,0.9803072113728922,105,4,3,True,,9.0,0.24373997358939994,3.0831573054235486,1.1947802547935453,0.19478025479354533,True,5.613499999526539,Optimization terminated successfully
Student Performance,5,42,10,300,0.0001,50,least_cost,Unweighted k-means,Random 75% immutable,α = 1,1.0,105,4,3,True,,7.0,0.0968002787656293,1.9429901883075844,2.044631394328282,1.044631394328282,True,3.491100000246661,Optimization terminated successfully
Student Performance,5,42,10,300,0.0001,50,least_cost,Unweighted k-means,Random 75% immutable,α < 1,0.9803072113728922,105,4,3,True,,7.0,0.10485421292033784,2.02220530705791,1.9645377832424717,0.9645377832424717,True,3.4432000002198038,Optimization terminated successfully
Student Performance,5,42,10,300,0.0001,50,least_cost,Unweighted k-means,All features mutable,α = 1,1.0,423,0,4,True,,23.0,0.1025453503505091,1.9998171575596244,1.9074756482670028,0.9074756482670028,True,10.222500000054424,Optimization terminated successfully
Student Performance,5,42,10,300,0.0001,50,least_cost,Unweighted k-means,All features mutable,α < 1,0.890151690365568,423,0,4,True,,25.0,0.13761958191367948,2.316713986368084,1.6282885903157516,0.6282885903157516,True,10.432000000037078,Optimization terminated successfully
Student Performance,5,42,10,300,0.0001,50,least_cost,Unweighted k-means,Random 25% immutable,α = 1,1.0,423,0,4,True,,18.0,0.11356956351049151,2.1045695467028804,1.7289693412282434,0.7289693412282434,True,7.156699999541161,Optimization terminated successfully
Student Performance,5,42,10,300,0.0001,50,least_cost,Unweighted k-means,Random 25% immutable,α < 1,0.890151690365568,423,0,4,True,,19.0,0.15165621347977762,2.4319934880075906,1.4785942690675054,0.47859426906750535,True,7.566000000224449,Optimization terminated successfully
Student Performance,5,42,10,300,0.0001,50,least_cost,Unweighted k-means,Random 50% immutable,α = 1,1.0,423,0,4,True,,11.0,0.37968615338147643,3.84808523578644,1.4590879615540537,0.45908796155405374,True,5.595500000708853,Optimization terminated successfully
Student Performance,5,42,10,300,0.0001,50,least_cost,Unweighted k-means,Random 50% immutable,α < 1,0.890151690365568,423,0,4,True,,10.0,0.5430305389659265,4.601976859966935,1.3733664540338375,0.3733664540338375,True,5.6979999999384745,Optimization terminated successfully
Student Performance,5,42,10,300,0.0001,50,least_cost,Unweighted k-means,Random 75% immutable,α = 1,1.0,423,0,4,True,,7.0,0.3459510266014163,3.6731580468930596,1.0,0.0,False,3.6565000000337022,Optimization terminated successfully
Student Performance,5,42,10,300,0.0001,50,least_cost,Unweighted k-means,Random 75% immutable,α < 1,0.890151690365568,423,0,4,True,,7.0,0.5043082326833511,4.434864267894869,1.0,0.0,False,3.626000000622298,Optimization terminated successfully
Student Performance,5,42,10,300,0.0001,50,least_cost,Unweighted k-means,All features mutable,α = 1,1.0,562,2,0,True,,28.0,0.16155616194387445,2.5101175900365913,2.243490468765196,1.243490468765196,True,5.790600000182167,Optimization terminated successfully
Student Performance,5,42,10,300,0.0001,50,least_cost,Unweighted k-means,All features mutable,α < 1,0.9546250367985473,562,2,0,True,,28.0,0.17516412997743125,2.6136949074289104,2.1545837705158624,1.1545837705158624,True,9.200700000292272,Optimization terminated successfully
Student Performance,5,42,10,300,0.0001,50,least_cost,Unweighted k-means,Random 25% immutable,α = 1,1.0,562,2,0,True,,20.0,0.19251786101228197,2.740108862705823,2.0292645672978598,1.0292645672978598,True,7.786400000441063,Optimization terminated successfully
Student Performance,5,42,10,300,0.0001,50,least_cost,Unweighted k-means,Random 25% immutable,α < 1,0.9546250367985473,562,2,0,True,,20.0,0.20901206409740616,2.8550780199144894,1.9820913320958422,0.9820913320958422,True,7.5450000003911555,Optimization terminated successfully
Student Performance,5,42,10,300,0.0001,50,least_cost,Unweighted k-means,Random 50% immutable,α = 1,1.0,562,2,0,True,,15.0,0.3602169969062635,3.748127916619746,1.5693327512605741,0.5693327512605741,True,5.438099999992119,Optimization terminated successfully
Student Performance,5,42,10,300,0.0001,50,least_cost,Unweighted k-means,Random 50% immutable,α < 1,0.9546250367985473,562,2,0,True,,15.0,0.39345339610222835,3.9172289246337018,1.497754251028506,0.497754251028506,True,5.44759999957023,Optimization terminated successfully
Student Performance,5,42,10,300,0.0001,50,least_cost,Unweighted k-means,Random 75% immutable,α = 1,1.0,562,2,0,True,,5.0,1.2854392341471903,7.0804046587564775,1.0,0.0,False,3.690399999868532,Optimization terminated successfully
Student Performance,5,42,10,300,0.0001,50,least_cost,Unweighted k-means,Random 75% immutable,α < 1,0.9546250367985473,562,2,0,False,,,,,,,False,4.452800000763091,Positive directional derivative for linesearch
Student Performance,5,42,10,300,0.0001,50,least_cost,Unweighted k-means,All features mutable,α = 1,1.0,646,3,2,True,,25.0,0.08030137034439903,1.7696760843249144,1.790931232500551,0.7909312325005511,True,8.573199999773351,Optimization terminated successfully
Student Performance,5,42,10,300,0.0001,50,least_cost,Unweighted k-means,All features mutable,α < 1,0.9840515780810501,646,3,2,True,,25.0,0.0825410549052173,1.7941853698276204,1.7664664198296411,0.7664664198296411,True,9.33919999988575,Optimization terminated successfully
Student Performance,5,42,10,300,0.0001,50,least_cost,Unweighted k-means,Random 25% immutable,α = 1,1.0,646,3,2,True,,17.0,0.1483180334640495,2.4050786484225273,1.0,0.0,False,7.347799999479321,Optimization terminated successfully
Student Performance,5,42,10,300,0.0001,50,least_cost,Unweighted k-means,Random 25% immutable,α < 1,0.9840515780810501,646,3,2,True,,17.0,0.1531310477973456,2.4437902659795663,1.0,0.0,False,7.2116000001187786,Optimization terminated successfully
Student Performance,5,42,10,300,0.0001,50,least_cost,Unweighted k-means,Random 50% immutable,α = 1,1.0,646,3,2,True,,14.0,0.0869229426282451,1.8411938416423077,1.6545025916015008,0.6545025916015008,True,5.159999999705178,Optimization terminated successfully
Student Performance,5,42,10,300,0.0001,50,least_cost,Unweighted k-means,Random 50% immutable,α < 1,0.9840515780810501,646,3,2,True,,14.0,0.08934730938251662,1.8666936186525493,1.6319014364132853,0.6319014364132853,True,5.210800000895688,Optimization terminated successfully
Student Performance,5,42,10,300,0.0001,50,least_cost,Unweighted k-means,Random 75% immutable,α = 1,1.0,646,3,2,True,,7.0,0.2430089437706556,3.078530299843672,1.0,0.0,False,3.633600000284787,Optimization terminated successfully
Student Performance,5,42,10,300,0.0001,50,least_cost,Unweighted k-means,Random 75% immutable,α < 1,0.9840515780810501,646,3,2,True,,7.0,0.2573595416663837,3.168125964192233,1.0000000000000004,4.440892098500626e-16,True,3.784300000006624,Optimization terminated successfully
Student Performance,5,42,10,300,0.0001,50,least_cost,Unweighted k-means,All features mutable,α = 1,1.0,264,3,1,True,,26.0,0.1930107629412808,2.7436143596923297,1.7670479186279773,0.7670479186279773,True,9.497400000327616,Optimization terminated successfully
Student Performance,5,42,10,300,0.0001,50,least_cost,Unweighted k-means,All features mutable,α < 1,0.9849107803895755,264,3,1,True,,26.0,0.19741973265437002,2.7747737878105365,1.7472047880838861,0.7472047880838861,True,9.761700000126439,Optimization terminated successfully
Student Performance,5,42,10,300,0.0001,50,least_cost,Unweighted k-means,Random 25% immutable,α = 1,1.0,264,3,1,True,,20.0,0.3423752678613257,3.6541258115439463,1.0000000000000002,2.220446049250313e-16,True,7.244100000207254,Optimization terminated successfully
Student Performance,5,42,10,300,0.0001,50,least_cost,Unweighted k-means,Random 25% immutable,α < 1,0.9849107803895755,264,3,1,True,,20.0,0.3502188776028586,3.6957456928895263,1.0,0.0,False,7.144199999856937,Optimization terminated successfully
Student Performance,5,42,10,300,0.0001,50,least_cost,Unweighted k-means,Random 50% immutable,α = 1,1.0,264,3,1,True,,13.0,0.3101407085485148,3.4778567586075306,1.0996920427472578,0.09969204274725785,True,5.130900000040128,Optimization terminated successfully
Student Performance,5,42,10,300,0.0001,50,least_cost,Unweighted k-means,Random 50% immutable,α < 1,0.9849107803895755,264,3,1,True,,13.0,0.3172252926926776,3.5173550311298443,1.0873430113250337,0.08734301132503375,True,5.3766999999425025,Optimization terminated successfully
Student Performance,5,42,10,300,0.0001,50,least_cost,Unweighted k-means,Random 75% immutable,α = 1,1.0,264,3,1,True,,6.0,0.909710615465027,5.956401094884062,1.0,0.0,False,4.17970000034984,Optimization terminated successfully
Student Performance,5,42,10,300,0.0001,50,least_cost,Unweighted k-means,Random 75% immutable,α < 1,0.9849107803895755,264,3,1,False,,,,,,,False,48.305100000106904,Positive directional derivative for linesearch
Student Performance,5,42,10,300,0.0001,50,least_cost,Unweighted k-means,All features mutable,α = 1,1.0,58,3,0,True,,28.0,0.20215049115817,2.807822849677064,2.5507981107788056,1.5507981107788056,True,8.62649999999121,Optimization terminated successfully
Student Performance,5,42,10,300,0.0001,50,least_cost,Unweighted k-means,All features mutable,α < 1,0.9546250367985473,58,3,0,True,,28.0,0.21582392591953908,2.9012295860310715,2.4686736489651313,1.4686736489651313,True,8.862499999850115,Optimization terminated successfully
Student Performance,5,42,10,300,0.0001,50,least_cost,Unweighted k-means,Random 25% immutable,α = 1,1.0,58,3,0,True,,20.0,0.2463627984428021,3.099701459700479,2.0930315002209037,1.0930315002209037,True,7.599099999424652,Optimization terminated successfully
Student Performance,5,42,10,300,0.0001,50,least_cost,Unweighted k-means,Random 25% immutable,α < 1,0.9546250367985473,58,3,0,True,,20.0,0.2630267483191365,3.2028180067631573,2.02564507044887,1.0256450704488702,True,7.548700000370445,Optimization terminated successfully
Student Performance,5,42,10,300,0.0001,50,least_cost,Unweighted k-means,Random 50% immutable,α = 1,1.0,58,3,0,True,,14.0,0.38683894672582525,3.8841625767090626,1.4341280724196248,0.4341280724196248,True,5.653799999890907,Optimization terminated successfully
Student Performance,5,42,10,300,0.0001,50,least_cost,Unweighted k-means,Random 50% immutable,α < 1,0.9546250367985473,58,3,0,True,,14.0,0.4130046862741583,4.013375482644525,1.3879555020346321,0.38795550203463214,True,5.647700000736222,Optimization terminated successfully
Student Performance,5,42,10,300,0.0001,50,least_cost,Unweighted k-means,Random 75% immutable,α = 1,1.0,58,3,0,False,,,,,,,False,5.401000000347267,Positive directional derivative for linesearch
Student Performance,5,42,10,300,0.0001,50,least_cost,Unweighted k-means,Random 75% immutable,α < 1,0.9546250367985473,58,3,0,False,,,,,,,False,32.39209999992454,Positive directional derivative for linesearch
Student Performance,5,42,10,300,0.0001,50,least_cost,Unweighted k-means,All features mutable,α = 1,1.0,519,2,0,True,,28.0,0.2254549406725665,2.965255922552064,2.1600325739631128,1.1600325739631128,True,9.775700000318466,Optimization terminated successfully
Student Performance,5,42,10,300,0.0001,50,least_cost,Unweighted k-means,All features mutable,α < 1,0.9546250367985473,519,2,0,True,,28.0,0.24144539015433855,3.0686104699064045,2.1037738813512674,1.1037738813512674,True,10.605100000248058,Optimization terminated successfully
Student Performance,5,42,10,300,0.0001,50,least_cost,Unweighted k-means,Random 25% immutable,α = 1,1.0,519,2,0,True,,20.0,0.46804333067057363,4.27243372051017,1.0000000000000002,2.220446049250313e-16,True,7.091999999829568,Optimization terminated successfully
Student Performance,5,42,10,300,0.0001,50,least_cost,Unweighted k-means,Random 25% immutable,α < 1,0.9546250367985473,519,2,0,True,,20.0,0.5012057972267042,4.421201883180802,1.0000000000000002,2.220446049250313e-16,True,7.480700000087381,Optimization terminated successfully
Student Performance,5,42,10,300,0.0001,50,least_cost,Unweighted k-means,Random 50% immutable,α = 1,1.0,519,2,0,True,,12.0,0.5408305871180773,4.592645522746668,1.0653188602058157,0.06531886020581568,True,5.667800000082934,Optimization terminated successfully
Student Performance,5,42,10,300,0.0001,50,least_cost,Unweighted k-means,Random 50% immutable,α < 1,0.9546250367985473,519,2,0,True,,12.0,0.5799114054341719,4.755685524919905,1.0269766158059435,0.02697661580594346,True,5.771300000560586,Optimization terminated successfully
Student Performance,5,42,10,300,0.0001,50,least_cost,Unweighted k-means,Random 75% immutable,α = 1,1.0,519,2,0,True,,7.0,0.4970289427112001,4.402741051406135,1.336284599942652,0.33628459994265203,True,4.171700000370038,Optimization terminated successfully
Student Performance,5,42,10,300,0.0001,50,least_cost,Unweighted k-means,Random 75% immutable,α < 1,0.9546250367985473,519,2,0,True,,7.0,0.5319451610111011,4.5547624833170985,1.2916843176311443,0.29168431763114433,True,3.5631000000648783,Optimization terminated successfully
Student Performance,5,42,10,300,0.0001,50,least_cost,Unweighted k-means,All features mutable,α = 1,1.0,577,0,1,True,,25.0,0.4681037112476379,4.2727092972325975,1.2584983464143793,0.2584983464143793,True,8.253599999989092,Optimization terminated successfully
Student Performance,5,42,10,300,0.0001,50,least_cost,Unweighted k-means,All features mutable,α < 1,0.9849107803895755,577,0,1,True,,25.0,0.4782641254834979,4.318830963797543,1.2439216201718066,0.24392162017180663,True,9.256499999537482,Optimization terminated successfully
Student Performance,5,42,10,300,0.0001,50,least_cost,Unweighted k-means,Random 25% immutable,α = 1,1.0,577,0,1,True,,20.0,0.5568807883159289,4.660295134894487,1.0000000000000002,2.220446049250313e-16,True,7.73269999990589,Optimization terminated successfully
Student Performance,5,42,10,300,0.0001,50,least_cost,Unweighted k-means,Random 25% immutable,α < 1,0.9849107803895755,577,0,1,True,,20.0,0.569084666791704,4.711082890894243,1.0000000000000002,2.220446049250313e-16,True,7.238700000016252,Optimization terminated successfully
Student Performance,5,42,10,300,0.0001,50,least_cost,Unweighted k-means,Random 50% immutable,α = 1,1.0,577,0,1,True,,11.0,0.5939489018577853,4.812900079209377,1.0,0.0,False,5.748199999288772,Optimization terminated successfully
Student Performance,5,42,10,300,0.0001,50,least_cost,Unweighted k-means,Random 50% immutable,α < 1,0.9849107803895755,577,0,1,True,,11.0,0.6070876134917269,4.86584185174337,1.0000000000000002,2.220446049250313e-16,True,5.4763999996794155,Optimization terminated successfully
Student Performance,5,42,10,300,0.0001,50,least_cost,Unweighted k-means,Random 75% immutable,α = 1,1.0,577,0,1,False,,,,,,,False,21.476699999766424,Positive directional derivative for linesearch
Student Performance,5,42,10,300,0.0001,50,least_cost,Unweighted k-means,Random 75% immutable,α < 1,0.9849107803895755,577,0,1,False,,,,,,,False,17.526100000395672,Positive directional derivative for linesearch
Student Performance,5,42,10,300,0.0001,50,least_cost,Unweighted k-means,All features mutable,α = 1,1.0,403,3,0,True,,30.0,0.07651234395339837,1.7274204508985462,4.290856453150435,3.290856453150435,True,6.929399999535235,Optimization terminated successfully
Student Performance,5,42,10,300,0.0001,50,least_cost,Unweighted k-means,All features mutable,α < 1,0.9546250367985473,403,3,0,True,,30.0,0.08471672051267766,1.817677666692978,4.077792957975764,3.077792957975764,True,6.291699999565026,Optimization terminated successfully
Student Performance,5,42,10,300,0.0001,50,least_cost,Unweighted k-means,Random 25% immutable,α = 1,1.0,403,3,0,True,,23.0,0.10203740877629762,1.994858125851462,3.4616514017525395,2.4616514017525395,True,4.747500000121363,Optimization terminated successfully
Student Performance,5,42,10,300,0.0001,50,least_cost,Unweighted k-means,Random 25% immutable,α < 1,0.9546250367985473,403,3,0,True,,23.0,0.11297882399739945,2.099088882324562,3.2897622785673586,2.2897622785673586,True,4.648899999665446,Optimization terminated successfully
Student Performance,5,42,10,300,0.0001,50,least_cost,Unweighted k-means,Random 50% immutable,α = 1,1.0,403,3,0,True,,14.0,0.1271150858719325,2.226541791434728,2.582726374130609,1.5827263741306088,True,3.6520000003292807,Optimization terminated successfully
Student Performance,5,42,10,300,0.0001,50,least_cost,Unweighted k-means,Random 50% immutable,α < 1,0.9546250367985473,403,3,0,True,,14.0,0.14074556661493182,2.3428779520031213,2.45448048326633,1.4544804832663298,True,3.76109999979235,Optimization terminated successfully
Student Performance,5,42,10,300,0.0001,50,least_cost,Unweighted k-means,Random 75% immutable,α = 1,1.0,403,3,0,True,,8.0,0.3300242042474206,3.587609784473418,1.2398138717738676,0.2398138717738676,True,3.999100000328326,Optimization terminated successfully
Student Performance,5,42,10,300,0.0001,50,least_cost,Unweighted k-means,Random 75% immutable,α < 1,0.9546250367985473,403,3,0,True,,8.0,0.3672969909692982,3.7847830384055876,1.1692746471909417,0.16927464719094165,True,3.989200000432902,Optimization terminated successfully
Student Performance,5,42,10,300,0.0001,50,least_cost,Unweighted k-means,All features mutable,α = 1,1.0,394,3,2,True,,29.0,0.11797442771194624,2.1449947973750203,1.4973973713013826,0.4973973713013826,True,9.444100000109756,Optimization terminated successfully
Student Performance,5,42,10,300,0.0001,50,least_cost,Unweighted k-means,All features mutable,α < 1,0.9840515780810501,394,3,2,True,,29.0,0.12064973162541398,2.169179460854068,1.4807025255768789,0.48070252557687887,True,8.851300000060291,Optimization terminated successfully
Student Performance,5,42,10,300,0.0001,50,least_cost,Unweighted k-means,Random 25% immutable,α = 1,1.0,394,3,2,True,,24.0,0.12255393268855777,2.1862304029662,1.4414437231989474,0.4414437231989474,True,7.09039999946981,Optimization terminated successfully
Student Performance,5,42,10,300,0.0001,50,least_cost,Unweighted k-means,Random 25% immutable,α < 1,0.9840515780810501,394,3,2,True,,24.0,0.12533308595161174,2.210879994959667,1.4253727279216828,0.4253727279216828,True,6.811700000071141,Optimization terminated successfully
Student Performance,5,42,10,300,0.0001,50,least_cost,Unweighted k-means,Random 50% immutable,α = 1,1.0,394,3,2,True,,14.0,0.37636726703476064,3.8312300132406127,1.0,0.0,False,5.544699999518343,Optimization terminated successfully
Student Performance,5,42,10,300,0.0001,50,least_cost,Unweighted k-means,Random 50% immutable,α < 1,0.9840515780810501,394,3,2,True,,14.0,0.3915607993553132,3.907796204365987,1.0000000000000002,2.220446049250313e-16,True,5.421799999567156,Optimization terminated successfully
Student Performance,5,42,10,300,0.0001,50,least_cost,Unweighted k-means,Random 75% immutable,α = 1,1.0,394,3,2,True,,6.0,0.8030281022368889,5.596257319605548,1.0,0.0,False,3.966499999478401,Optimization terminated successfully
Student Performance,5,42,10,300,0.0001,50,least_cost,Unweighted k-means,Random 75% immutable,α < 1,0.9840515780810501,394,3,2,True,,6.0,0.8917814369063357,5.897412656355929,1.0,0.0,False,3.97400000019843,Optimization terminated successfully
Student Performance,5,42,10,300,0.0001,50,least_cost,Unweighted k-means,All features mutable,α = 1,1.0,450,2,1,True,,23.0,0.13156493111681136,2.2651782079023373,1.6053012058331453,0.6053012058331453,True,9.780399999726797,Optimization terminated successfully
Student Performance,5,42,10,300,0.0001,50,least_cost,Unweighted k-means,All features mutable,α < 1,0.9849107803895755,450,2,1,True,,23.0,0.1353263970840867,2.2973309483571107,1.582833823902718,0.582833823902718,True,9.388000000399188,Optimization terminated successfully
Student Performance,5,42,10,300,0.0001,50,least_cost,Unweighted k-means,Random 25% immutable,α = 1,1.0,450,2,1,True,,17.0,0.14489390248106246,2.3771542223342252,1.9799365962288016,0.9799365962288016,True,7.295500000509492,Optimization terminated successfully
Student Performance,5,42,10,300,0.0001,50,least_cost,Unweighted k-means,Random 25% immutable,α < 1,0.9849107803895755,450,2,1,True,,17.0,0.1490364462305389,2.410896389932802,1.9522260439532602,0.9522260439532602,True,6.954899999982445,Optimization terminated successfully
Student Performance,5,42,10,300,0.0001,50,least_cost,Unweighted k-means,Random 50% immutable,α = 1,1.0,450,2,1,True,,12.0,0.20460254473770845,2.824800744259784,1.032251797890951,0.032251797890950895,True,5.333200000677607,Optimization terminated successfully
Student Performance,5,42,10,300,0.0001,50,least_cost,Unweighted k-means,Random 50% immutable,α < 1,0.9849107803895755,450,2,1,True,,12.0,0.21045216972755804,2.8648969648793243,1.0178046763515787,0.017804676351578674,True,5.583000000115135,Optimization terminated successfully
Student Performance,5,42,10,300,0.0001,50,least_cost,Unweighted k-means,Random 75% immutable,α = 1,1.0,450,2,1,False,,,,,,,False,4.2475000000195,Positive directional derivative for linesearch
Student Performance,5,42,10,300,0.0001,50,least_cost,Unweighted k-means,Random 75% immutable,α < 1,0.9849107803895755,450,2,1,False,,,,,,,False,15.781199999764794,Positive directional derivative for linesearch
Student Performance,5,42,10,300,0.0001,50,least_cost,Unweighted k-means,All features mutable,α = 1,1.0,283,0,1,True,,21.0,0.06911533379564788,1.6417971915039529,1.4824687201617874,0.48246872016178743,True,10.527299999921524,Optimization terminated successfully
Student Performance,5,42,10,300,0.0001,50,least_cost,Unweighted k-means,All features mutable,α < 1,0.9849107803895755,283,0,1,True,,21.0,0.07296868554380201,1.6869436078921778,1.4474669279728831,0.4474669279728831,True,9.116700000049605,Optimization terminated successfully
Student Performance,5,42,10,300,0.0001,50,least_cost,Unweighted k-means,Random 25% immutable,α = 1,1.0,283,0,1,True,,19.0,0.10510320770915609,2.0246049245858035,1.0,0.0,False,7.556900000054156,Optimization terminated successfully
Student Performance,5,42,10,300,0.0001,50,least_cost,Unweighted k-means,Random 25% immutable,α < 1,0.9849107803895755,283,0,1,True,,19.0,0.1106520415828769,2.0773612159978816,1.0000000000000002,2.220446049250313e-16,True,7.278000000042084,Optimization terminated successfully
Student Performance,5,42,10,300,0.0001,50,least_cost,Unweighted k-means,Random 50% immutable,α = 1,1.0,283,0,1,True,,11.0,0.10123366170966347,1.9869858597073295,1.0907453236362974,0.09074532363629739,True,5.860700000084762,Optimization terminated successfully
Student Performance,5,42,10,300,0.0001,50,least_cost,Unweighted k-means,Random 50% immutable,α < 1,0.9849107803895755,283,0,1,True,,11.0,0.10731094717741141,2.045758279934129,1.059409393421814,0.05940939342181406,True,5.5322000007436145,Optimization terminated successfully
Student Performance,5,42,10,300,0.0001,50,least_cost,Unweighted k-means,Random 75% immutable,α = 1,1.0,283,0,1,False,,,,,,,False,7.17850000000908,Positive directional derivative for linesearch
Student Performance,5,42,10,300,0.0001,50,least_cost,Unweighted k-means,Random 75% immutable,α < 1,0.9849107803895755,283,0,1,False,,,,,,,False,9.169699999802106,Positive directional derivative for linesearch
Student Performance,5,42,10,300,0.0001,50,least_cost,Unweighted k-means,All features mutable,α = 1,1.0,596,3,0,True,,27.0,0.15231695884232052,2.437285661314755,3.0485441484489018,2.0485441484489018,True,9.714400000120804,Optimization terminated successfully
Student Performance,5,42,10,300,0.0001,50,least_cost,Unweighted k-means,All features mutable,α < 1,0.9546250367985473,596,3,0,True,,27.0,0.1637785659967416,2.527323500043657,2.9399374010195283,1.9399374010195283,True,9.465500000260363,Optimization terminated successfully
Student Performance,5,42,10,300,0.0001,50,least_cost,Unweighted k-means,Random 25% immutable,α = 1,1.0,596,3,0,True,,18.0,0.26190355472303256,3.1959722517879072,1.9075090775270938,0.9075090775270938,True,6.937400000424532,Optimization terminated successfully
Student Performance,5,42,10,300,0.0001,50,least_cost,Unweighted k-means,Random 25% immutable,α < 1,0.9546250367985473,596,3,0,True,,18.0,0.28161137798938296,3.314037377819679,1.8395526441748287,0.8395526441748287,True,5.258999999568914,Optimization terminated successfully
Student Performance,5,42,10,300,0.0001,50,least_cost,Unweighted k-means,Random 50% immutable,α = 1,1.0,596,3,0,True,,13.0,0.2775948704263356,3.290319125347432,1.6727433539248888,0.6727433539248888,True,4.965300000549178,Optimization terminated successfully
Student Performance,5,42,10,300,0.0001,50,least_cost,Unweighted k-means,Random 50% immutable,α < 1,0.9546250367985473,596,3,0,True,,13.0,0.2984834397431814,3.411869597447135,1.6131505661299193,0.6131505661299193,True,5.575000000135333,Optimization terminated successfully
Student Performance,5,42,10,300,0.0001,50,least_cost,Unweighted k-means,Random 75% immutable,α = 1,1.0,596,3,0,True,,8.0,0.6024397144172504,4.847179474939294,1.0,0.0,False,4.02840000060678,Optimization terminated successfully
Student Performance,5,42,10,300,0.0001,50,least_cost,Unweighted k-means,Random 75% immutable,α < 1,0.9546250367985473,596,3,0,True,,8.0,0.6669425180882985,5.100074333325313,1.0,0.0,False,3.8253000002441695,Optimization terminated successfully
Student Performance,5,42,10,300,0.0001,50,least_cost,Unweighted k-means,All features mutable,α = 1,1.0,440,2,0,True,,27.0,0.08168302085753522,1.7848355143944985,3.1983389222922196,2.1983389222922196,True,9.87280000026658,Optimization terminated successfully
Student Performance,5,42,10,300,0.0001,50,least_cost,Unweighted k-means,All features mutable,α < 1,0.9546250367985473,440,2,0,True,,27.0,0.09130314258083147,1.8870141919584038,3.0251541006518594,2.0251541006518594,True,9.61639999968611,Optimization terminated successfully
Student Performance,5,42,10,300,0.0001,50,least_cost,Unweighted k-means,Random 25% immutable,α = 1,1.0,440,2,0,True,,20.0,0.2553061802563638,3.1554620945272327,1.2974361701700785,0.2974361701700785,True,8.058400000663823,Optimization terminated successfully
Student Performance,5,42,10,300,0.0001,50,least_cost,Unweighted k-means,Random 25% immutable,α < 1,0.9546250367985473,440,2,0,True,,20.0,0.2853745653992166,3.3361067205006267,1.2271823736317224,0.22718237363172245,True,7.617299999765237,Optimization terminated successfully
Student Performance,5,42,10,300,0.0001,50,least_cost,Unweighted k-means,Random 50% immutable,α = 1,1.0,440,2,0,True,,12.0,0.291157144141685,3.3697371739537365,1.0,0.0,False,5.782100000033097,Optimization terminated successfully
Student Performance,5,42,10,300,0.0001,50,least_cost,Unweighted k-means,Random 50% immutable,α < 1,0.9546250367985473,440,2,0,True,,12.0,0.3269047358017581,3.5706140503096333,1.0000000000000002,2.220446049250313e-16,True,6.24100000004546,Optimization terminated successfully
Student Performance,5,42,10,300,0.0001,50,least_cost,Unweighted k-means,Random 75% immutable,α = 1,1.0,440,2,0,False,,,,,,,False,18.476299999747425,Positive directional derivative for linesearch
Student Performance,5,42,10,300,0.0001,50,least_cost,Unweighted k-means,Random 75% immutable,α < 1,0.9546250367985473,440,2,0,False,,,,,,,False,85.72920000005979,Positive directional derivative for linesearch
Student Performance,5,42,10,300,0.0001,50,least_cost,Unweighted k-means,All features mutable,α = 1,1.0,40,3,4,True,,27.0,0.18238000875649088,2.66698712810976,2.125797098533665,1.1257970985336652,True,8.323300000483869,Optimization terminated successfully
Student Performance,5,42,10,300,0.0001,50,least_cost,Unweighted k-means,All features mutable,α < 1,0.890151690365568,40,3,4,True,,27.0,0.21757798787566798,2.9129952844368026,1.9462693714346806,0.9462693714346806,True,8.582499999647553,Optimization terminated successfully
Student Performance,5,42,10,300,0.0001,50,least_cost,Unweighted k-means,Random 25% immutable,α = 1,1.0,40,3,4,True,,21.0,0.21148105900788006,2.8718915894071144,1.8332747761493453,0.8332747761493453,True,7.560000000012224,Optimization terminated successfully
Student Performance,5,42,10,300,0.0001,50,least_cost,Unweighted k-means,Random 25% immutable,α < 1,0.890151690365568,40,3,4,True,,21.0,0.2522953234100683,3.136800537648619,1.678451131321139,0.678451131321139,True,7.243400000334077,Optimization terminated successfully
Student Performance,5,42,10,300,0.0001,50,least_cost,Unweighted k-means,Random 50% immutable,α = 1,1.0,40,3,4,False,,,,,,,False,7.014199999503035,Positive directional derivative for linesearch
Student Performance,5,42,10,300,0.0001,50,least_cost,Unweighted k-means,Random 50% immutable,α < 1,0.890151690365568,40,3,4,False,,,,,,,False,6.94030000067869,Positive directional derivative for linesearch
Student Performance,5,42,10,300,0.0001,50,least_cost,Unweighted k-means,Random 75% immutable,α = 1,1.0,40,3,4,True,,6.0,0.6651944866948573,5.093386396210231,1.0,0.0,False,4.068600000209699,Optimization terminated successfully
Student Performance,5,42,10,300,0.0001,50,least_cost,Unweighted k-means,Random 75% immutable,α < 1,0.890151690365568,40,3,4,True,,6.0,0.7981836735341981,5.579351509614153,1.0,0.0,False,4.9670999997033505,Optimization terminated successfully
Student Performance,5,42,10,300,0.0001,50,least_cost,Unweighted k-means,All features mutable,α = 1,1.0,466,2,4,True,,24.0,0.1350536388959041,2.295014578807782,1.5024428277798159,0.5024428277798159,True,10.500299999876006,Optimization terminated successfully
Student Performance,5,42,10,300,0.0001,50,least_cost,Unweighted k-means,All features mutable,α < 1,0.890151690365568,466,2,4,True,,24.0,0.16632708773817545,2.5469111531007207,1.3538469931148476,0.3538469931148476,True,8.846499999890511,Optimization terminated successfully
Student Performance,5,42,10,300,0.0001,50,least_cost,Unweighted k-means,Random 25% immutable,α = 1,1.0,466,2,4,True,,19.0,0.15894040451040112,2.489713994800536,1.2766443528046167,0.27664435280461674,True,7.128199999897333,Optimization terminated successfully
Student Performance,5,42,10,300,0.0001,50,least_cost,Unweighted k-means,Random 25% immutable,α < 1,0.890151690365568,466,2,4,True,,19.0,0.19574514853701103,2.7629804184871505,1.1503806430408596,0.15038064304085963,True,6.8242000006648595,Optimization terminated successfully
Student Performance,5,42,10,300,0.0001,50,least_cost,Unweighted k-means,Random 50% immutable,α = 1,1.0,466,2,4,True,,13.0,0.23755021063911835,3.043757252956552,1.0,0.0,False,5.247399999461777,Optimization terminated successfully
Student Performance,5,42,10,300,0.0001,50,least_cost,Unweighted k-means,Random 50% immutable,α < 1,0.890151690365568,466,2,4,True,,13.0,0.29374978051530665,3.384706994718592,1.0,0.0,False,5.169199999727425,Optimization terminated successfully
Student Performance,5,42,10,300,0.0001,50,least_cost,Unweighted k-means,Random 75% immutable,α = 1,1.0,466,2,4,True,,7.0,0.22197766777762695,2.942299958081679,1.415769385930861,0.4157693859308611,True,4.092000000127882,Optimization terminated successfully
Student Performance,5,42,10,300,0.0001,50,least_cost,Unweighted k-means,Random 75% immutable,α < 1,0.890151690365568,466,2,4,True,,7.0,0.27621416123888126,3.2821261840941416,1.2520680212480724,0.25206802124807237,True,3.9133999998739455,Optimization terminated successfully
Student Performance,5,42,10,300,0.0001,50,least_cost,Unweighted k-means,All features mutable,α = 1,1.0,628,3,2,True,,26.0,0.021142789633463815,0.9080577050524314,2.7560653007660743,1.7560653007660743,True,10.363500000494241,Optimization terminated successfully
Student Performance,5,42,10,300,0.0001,50,least_cost,Unweighted k-means,All features mutable,α < 1,0.9840515780810501,628,3,2,True,,26.0,0.02263499331483347,0.9395556073370567,2.6636702633432736,1.6636702633432736,True,6.320600000435661,Optimization terminated successfully
Student Performance,5,42,10,300,0.0001,50,least_cost,Unweighted k-means,Random 25% immutable,α = 1,1.0,628,3,2,True,,19.0,0.022167762642278478,0.929807906531699,2.6286328403349506,1.6286328403349506,True,5.468199999995704,Optimization terminated successfully
Student Performance,5,42,10,300,0.0001,50,least_cost,Unweighted k-means,Random 25% immutable,α < 1,0.9840515780810501,628,3,2,True,,19.0,0.023732306280842674,0.9620602605621253,2.540509881267725,1.5405098812677251,True,5.1199999998061685,Optimization terminated successfully
Student Performance,5,42,10,300,0.0001,50,least_cost,Unweighted k-means,Random 50% immutable,α = 1,1.0,628,3,2,True,,12.0,0.023498097386884728,0.9573013099795197,2.479813915420003,1.479813915420003,True,3.8988999995126505,Optimization terminated successfully
Student Performance,5,42,10,300,0.0001,50,least_cost,Unweighted k-means,Random 50% immutable,α < 1,0.9840515780810501,628,3,2,True,,12.0,0.025156532628107346,0.9905073308644347,2.396680000010665,1.3966800000106652,True,3.756699999939883,Optimization terminated successfully
Student Performance,5,42,10,300,0.0001,50,least_cost,Unweighted k-means,Random 75% immutable,α = 1,1.0,628,3,2,True,,7.0,0.8202899064405399,5.656085780040916,1.0,0.0,False,4.054400000313763,Optimization terminated successfully
Student Performance,5,42,10,300,0.0001,50,least_cost,Unweighted k-means,Random 75% immutable,α < 1,0.9840515780810501,628,3,2,True,,7.0,1.0297289088769412,6.337146632846735,1.0,0.0,False,4.030999999486085,Optimization terminated successfully
Student Performance,5,42,10,300,0.0001,50,least_cost,Unweighted k-means,All features mutable,α = 1,1.0,545,3,0,True,,25.0,0.001008069717050101,0.1982793962189565,33.52869003930259,32.52869003930259,True,6.415500000002794,Optimization terminated successfully
Student Performance,5,42,10,300,0.0001,50,least_cost,Unweighted k-means,All features mutable,α < 1,0.9546250367985473,545,3,0,True,,25.0,0.0021503809020061234,0.2895942941051132,22.956420517489583,21.956420517489583,True,6.513700000141398,Optimization terminated successfully
Student Performance,5,42,10,300,0.0001,50,least_cost,Unweighted k-means,Random 25% immutable,α = 1,1.0,545,3,0,True,,19.0,0.0025791310879716076,0.3171531371922603,14.441819126369998,13.441819126369998,True,5.251699999462289,Optimization terminated successfully
Student Performance,5,42,10,300,0.0001,50,least_cost,Unweighted k-means,Random 25% immutable,α < 1,0.9546250367985473,545,3,0,True,,19.0,0.005501852999816155,0.46321945878042525,9.873963172694166,8.873963172694166,True,5.4412999998021405,Optimization terminated successfully
Student Performance,5,42,10,300,0.0001,50,least_cost,Unweighted k-means,Random 50% immutable,α = 1,1.0,545,3,0,True,,11.0,0.002414866210127098,0.30688724671278994,15.424185626739702,14.424185626739702,True,3.972299999986717,Optimization terminated successfully
Student Performance,5,42,10,300,0.0001,50,least_cost,Unweighted k-means,Random 50% immutable,α < 1,0.9546250367985473,545,3,0,True,,11.0,0.005151312544486581,0.4482200232419081,10.56063008218366,9.56063008218366,True,4.088700000465906,Optimization terminated successfully
Student Performance,5,42,10,300,0.0001,50,least_cost,Unweighted k-means,Random 75% immutable,α = 1,1.0,545,3,0,True,,7.0,0.0021794592548975856,0.2915457270155161,17.09017711973217,16.09017711973217,True,2.8388999999151565,Optimization terminated successfully
Student Performance,5,42,10,300,0.0001,50,least_cost,Unweighted k-means,Random 75% immutable,α < 1,0.9546250367985473,545,3,0,True,,7.0,0.004649150231540322,0.42581317385688355,11.701300993387932,10.701300993387932,True,2.595400000245718,Optimization terminated successfully
Student Performance,5,42,10,300,0.0001,50,least_cost,Unweighted k-means,All features mutable,α = 1,1.0,342,0,3,True,,19.0,0.011142936355174644,0.6592226618160295,7.38269445047038,6.38269445047038,True,6.335000000035507,Optimization terminated successfully
Student Performance,5,42,10,300,0.0001,50,least_cost,Unweighted k-means,All features mutable,α < 1,0.9803072113728922,342,0,3,True,,19.0,0.013048190607405719,0.7133578580830404,6.822437621485475,5.822437621485475,True,6.087899999329238,Optimization terminated successfully
Student Performance,5,42,10,300,0.0001,50,least_cost,Unweighted k-means,Random 25% immutable,α = 1,1.0,342,0,3,True,,15.0,0.011841678326108286,0.6795774089227975,7.511163310490768,6.511163310490768,True,5.343599999832804,Optimization terminated successfully
Student Performance,5,42,10,300,0.0001,50,least_cost,Unweighted k-means,Random 25% immutable,α < 1,0.9803072113728922,342,0,3,True,,15.0,0.01386640567491821,0.7353841318126263,6.941157254332552,5.941157254332552,True,4.692399999839836,Optimization terminated successfully
Student Performance,5,42,10,300,0.0001,50,least_cost,Unweighted k-means,Random 50% immutable,α = 1,1.0,342,0,3,True,,9.0,0.016098117204324684,0.792355078843231,6.058915423930924,5.058915423930924,True,3.697400000419293,Optimization terminated successfully
Student Performance,5,42,10,300,0.0001,50,least_cost,Unweighted k-means,Random 50% immutable,α < 1,0.9803072113728922,342,0,3,True,,9.0,0.01885062383981405,0.8574230751226305,5.599117341020087,4.599117341020087,True,4.267499999514257,Optimization terminated successfully
Student Performance,5,42,10,300,0.0001,50,least_cost,Unweighted k-means,Random 75% immutable,α = 1,1.0,342,0,3,True,,8.0,0.014475155960601917,0.7513528348675307,5.683178455359626,4.683178455359626,True,2.7808000004370115,Optimization terminated successfully
Student Performance,5,42,10,300,0.0001,50,least_cost,Unweighted k-means,Random 75% immutable,α < 1,0.9803072113728922,342,0,3,True,,8.0,0.016950163585754293,0.8130537373657523,5.251894245378605,4.251894245378605,True,2.938200000244251,Optimization terminated successfully
Student Performance,5,42,10,300,0.0001,50,least_cost,Unweighted k-means,All features mutable,α = 1,1.0,143,0,3,True,,23.0,0.23327955130678982,3.0162729486843203,2.0071999651918166,1.0071999651918166,True,9.399699999448785,Optimization terminated successfully
Student Performance,5,42,10,300,0.0001,50,least_cost,Unweighted k-means,All features mutable,α < 1,0.9803072113728922,143,0,3,True,,23.0,0.24141803544501733,3.068436634893358,1.9758946930547447,0.9758946930547447,True,9.951299999556795,Optimization terminated successfully
Student Performance,5,42,10,300,0.0001,50,least_cost,Unweighted k-means,Random 25% immutable,α = 1,1.0,143,0,3,True,,18.0,0.26813512138637824,3.2337702042768517,1.3144514690407783,0.31445146904077825,True,7.80399999985093,Optimization terminated successfully
Student Performance,5,42,10,300,0.0001,50,least_cost,Unweighted k-means,Random 25% immutable,α < 1,0.9803072113728922,143,0,3,True,,18.0,0.2780712969955337,3.293141445918443,1.2804752777951407,0.2804752777951407,True,7.381200000054378,Optimization terminated successfully
Student Performance,5,42,10,300,0.0001,50,least_cost,Unweighted k-means,Random 50% immutable,α = 1,1.0,143,0,3,True,,9.0,0.4523528970642382,4.20020987398312,1.0533868951180592,0.05338689511805916,True,5.951299999651383,Optimization terminated successfully
Student Performance,5,42,10,300,0.0001,50,least_cost,Unweighted k-means,Random 50% immutable,α < 1,0.9803072113728922,143,0,3,True,,9.0,0.46848689673150323,4.27445774017344,1.0278872324644326,0.027887232464432588,True,5.412000000433181,Optimization terminated successfully
Student Performance,5,42,10,300,0.0001,50,least_cost,Unweighted k-means,Random 75% immutable,α = 1,1.0,143,0,3,False,,,,,,,False,41.67379999944387,Positive directional derivative for linesearch
Student Performance,5,42,10,300,0.0001,50,least_cost,Unweighted k-means,Random 75% immutable,α < 1,0.9803072113728922,143,0,3,False,,,,,,,False,71.39860000006593,Positive directional derivative for linesearch
Student Performance,5,42,10,300,0.0001,50,least_cost,Unweighted k-means,All features mutable,α = 1,1.0,52,4,1,True,,25.0,0.5748155676487717,4.7347446750909485,1.2566169754517285,0.25661697545172846,True,9.50710000051913,Optimization terminated successfully
Student Performance,5,42,10,300,0.0001,50,least_cost,Unweighted k-means,All features mutable,α < 1,0.9849107803895755,52,4,1,True,,25.0,0.5834820165030282,4.770303831373647,1.2472498106983372,0.24724981069833718,True,9.556099999826984,Optimization terminated successfully
Student Performance,5,42,10,300,0.0001,50,least_cost,Unweighted k-means,Random 25% immutable,α = 1,1.0,52,4,1,True,,17.0,1.1478615809630048,6.69078483121055,1.0,0.0,False,7.164999999986321,Optimization terminated successfully
Student Performance,5,42,10,300,0.0001,50,least_cost,Unweighted k-means,Random 25% immutable,α < 1,0.9849107803895755,52,4,1,True,,17.0,1.1976788688934856,6.834433106472397,1.0,0.0,False,6.967899999835936,Optimization terminated successfully
Student Performance,5,42,10,300,0.0001,50,least_cost,Unweighted k-means,Random 50% immutable,α = 1,1.0,52,4,1,False,,,,,,,False,11.359100000845501,Positive directional derivative for linesearch
Student Performance,5,42,10,300,0.0001,50,least_cost,Unweighted k-means,Random 50% immutable,α < 1,0.9849107803895755,52,4,1,False,,,,,,,False,15.411900000799506,Positive directional derivative for linesearch
Student Performance,5,42,10,300,0.0001,50,least_cost,Unweighted k-means,Random 75% immutable,α = 1,1.0,52,4,1,False,,,,,,,False,24.295400000482914,Positive directional derivative for linesearch
Student Performance,5,42,10,300,0.0001,50,least_cost,Unweighted k-means,Random 75% immutable,α < 1,0.9849107803895755,52,4,1,False,,,,,,,False,5.9740999995483435,Positive directional derivative for linesearch
Student Performance,5,42,10,300,0.0001,50,least_cost,Unweighted k-means,All features mutable,α = 1,1.0,487,0,1,True,,30.0,0.535386615109706,4.569472397255347,1.0,0.0,False,8.710099999916565,Optimization terminated successfully
Student Performance,5,42,10,300,0.0001,50,least_cost,Unweighted k-means,All features mutable,α < 1,0.9849107803895755,487,0,1,True,,30.0,0.5459705854286623,4.614417929892982,1.0,0.0,False,9.853799999291368,Optimization terminated successfully
Student Performance,5,42,10,300,0.0001,50,least_cost,Unweighted k-means,Random 25% immutable,α = 1,1.0,487,0,1,True,,22.0,0.6202988955053236,4.918501491786662,1.2850413240249992,0.28504132402499915,True,7.994699999471777,Optimization terminated successfully
Student Performance,5,42,10,300,0.0001,50,least_cost,Unweighted k-means,Random 25% immutable,α < 1,0.9849107803895755,487,0,1,True,,22.0,0.6322844626957345,4.965792388444531,1.2728034465740978,0.27280344657409783,True,7.61049999982788,Optimization terminated successfully
Student Performance,5,42,10,300,0.0001,50,least_cost,Unweighted k-means,Random 50% immutable,α = 1,1.0,487,0,1,True,,15.0,0.8496365664498599,5.756372650510436,1.0,0.0,False,6.2150999992809375,Optimization terminated successfully
Student Performance,5,42,10,300,0.0001,50,least_cost,Unweighted k-means,Random 50% immutable,α < 1,0.9849107803895755,487,0,1,True,,15.0,0.8675839590516949,5.816852620018501,1.0,0.0,False,5.866800000148942,Optimization terminated successfully
Student Performance,5,42,10,300,0.0001,50,least_cost,Unweighted k-means,Random 75% immutable,α = 1,1.0,487,0,1,False,,,,,,,False,39.497300000221,Positive directional derivative for linesearch
Student Performance,5,42,10,300,0.0001,50,least_cost,Unweighted k-means,Random 75% immutable,α < 1,0.9849107803895755,487,0,1,False,,,,,,,False,163.06520000034652,Positive directional derivative for linesearch
Student Performance,5,42,10,300,0.0001,50,least_cost,Unweighted k-means,All features mutable,α = 1,1.0,465,0,3,True,,23.0,0.0022726966036163364,0.29771658929431044,9.791278809836648,8.791278809836648,True,6.671500000265951,Optimization terminated successfully
Student Performance,5,42,10,300,0.0001,50,least_cost,Unweighted k-means,All features mutable,α < 1,0.9803072113728922,465,0,3,True,,23.0,0.003183224307725975,0.35234322471322344,8.273257234215333,7.2732572342153325,True,6.551999999828695,Optimization terminated successfully
Student Performance,5,42,10,300,0.0001,50,least_cost,Unweighted k-means,Random 25% immutable,α = 1,1.0,465,0,3,True,,20.0,0.003497984869274201,0.3693526903945521,7.341832602757217,6.341832602757217,True,5.373400000280526,Optimization terminated successfully
Student Performance,5,42,10,300,0.0001,50,least_cost,Unweighted k-means,Random 25% immutable,α < 1,0.9803072113728922,465,0,3,True,,20.0,0.004899409118759356,0.4371235015777748,6.203568592137498,5.203568592137498,True,5.258799999865005,Optimization terminated successfully
Student Performance,5,42,10,300,0.0001,50,least_cost,Unweighted k-means,Random 50% immutable,α = 1,1.0,465,0,3,True,,10.0,0.004524181956284289,0.42005130197999296,5.676522211730229,4.676522211730229,True,3.99219999962952,Optimization terminated successfully
Student Performance,5,42,10,300,0.0001,50,least_cost,Unweighted k-means,Random 50% immutable,α < 1,0.9803072113728922,465,0,3,True,,10.0,0.006336739339911725,0.49712456613665484,4.796444812760616,3.7964448127606163,True,3.9127000000007683,Optimization terminated successfully
Student Performance,5,42,10,300,0.0001,50,least_cost,Unweighted k-means,Random 75% immutable,α = 1,1.0,465,0,3,True,,8.0,0.00758865234187892,0.5440197067508473,5.245682508518984,4.245682508518984,True,2.8030000003127498,Optimization terminated successfully
Student Performance,5,42,10,300,0.0001,50,least_cost,Unweighted k-means,Random 75% immutable,α < 1,0.9803072113728922,465,0,3,True,,8.0,0.010628951774342761,0.6438393582248352,4.4324016912765165,3.4324016912765165,True,2.900200000112818,Optimization terminated successfully
Student Performance,5,42,10,300,0.0001,50,least_cost,Unweighted k-means,All features mutable,α = 1,1.0,113,1,0,True,,26.0,0.2078648372459229,2.847231752525774,2.755758952923355,1.755758952923355,True,9.755600000062259,Optimization terminated successfully
Student Performance,5,42,10,300,0.0001,50,least_cost,Unweighted k-means,All features mutable,α < 1,0.9546250367985473,113,1,0,True,,26.0,0.22667855180349192,2.9732916978218236,2.6627977419504654,1.6627977419504654,True,8.859700000357407,Optimization terminated successfully
Student Performance,5,42,10,300,0.0001,50,least_cost,Unweighted k-means,Random 25% immutable,α = 1,1.0,113,1,0,True,,22.0,0.2725377236811702,3.2602103035794543,2.2708366322231086,1.2708366322231086,True,6.6957999997612205,Optimization terminated successfully
Student Performance,5,42,10,300,0.0001,50,least_cost,Unweighted k-means,Random 25% immutable,α < 1,0.9546250367985473,113,1,0,True,,21.0,0.29626087194902095,3.3991431282033147,2.197544123798267,1.197544123798267,True,6.893299999319424,Optimization terminated successfully
Student Performance,5,42,10,300,0.0001,50,least_cost,Unweighted k-means,Random 50% immutable,α = 1,1.0,113,1,0,True,,14.0,0.5076539786491757,4.449551119755548,1.7118112401886043,0.7118112401886043,True,5.834699999468285,Optimization terminated successfully
Student Performance,5,42,10,300,0.0001,50,least_cost,Unweighted k-means,Random 50% immutable,α < 1,0.9546250367985473,113,1,0,True,,14.0,0.5486858824818217,4.625878231945912,1.6523879245654034,0.6523879245654034,True,5.064500000116823,Optimization terminated successfully
Student Performance,5,42,10,300,0.0001,50,least_cost,Unweighted k-means,Random 75% immutable,α = 1,1.0,113,1,0,True,,6.0,1.1193369912767954,6.607128170377431,1.0,0.0,False,4.03459999961342,Optimization terminated successfully
Student Performance,5,42,10,300,0.0001,50,least_cost,Unweighted k-means,Random 75% immutable,α < 1,0.9546250367985473,113,1,0,True,,6.0,1.2900260800496286,7.093025949616673,1.0,0.0,False,3.587100000004284,Optimization terminated successfully
Student Performance,5,42,10,300,0.0001,50,least_cost,Unweighted k-means,All features mutable,α = 1,1.0,230,3,4,True,,24.0,0.07910773561215016,1.756474220953401,2.2348852080870443,1.2348852080870443,True,9.51230000009673,Optimization terminated successfully
Student Performance,5,42,10,300,0.0001,50,least_cost,Unweighted k-means,All features mutable,α < 1,0.890151690365568,230,3,4,True,,24.0,0.1039694406846403,2.0136554289900177,1.949448841500613,0.949448841500613,True,9.360000000015134,Optimization terminated successfully
Student Performance,5,42,10,300,0.0001,50,least_cost,Unweighted k-means,Random 25% immutable,α = 1,1.0,230,3,4,True,,18.0,0.16171173848799472,2.511325904981628,1.09328308793474,0.09328308793473994,True,7.173399999373942,Optimization terminated successfully
Student Performance,5,42,10,300,0.0001,50,least_cost,Unweighted k-means,Random 25% immutable,α < 1,0.890151690365568,230,3,4,True,,18.0,0.2125902689748727,2.8794132197411395,1.0,0.0,False,7.3130000000674045,Optimization terminated successfully
Student Performance,5,42,10,300,0.0001,50,least_cost,Unweighted k-means,Random 50% immutable,α = 1,1.0,230,3,4,False,,,,,,,False,36.224200000106066,Positive directional derivative for linesearch
Student Performance,5,42,10,300,0.0001,50,least_cost,Unweighted k-means,Random 50% immutable,α < 1,0.890151690365568,230,3,4,False,,,,,,,False,35.482000000229164,Positive directional derivative for linesearch
Student Performance,5,42,10,300,0.0001,50,least_cost,Unweighted k-means,Random 75% immutable,α = 1,1.0,230,3,4,False,,,,,,,False,22.885999999743944,Positive directional derivative for linesearch
Student Performance,5,42,10,300,0.0001,50,least_cost,Unweighted k-means,Random 75% immutable,α < 1,0.890151690365568,230,3,4,False,,,,,,,False,3.025500000148895,Positive directional derivative for linesearch
Student Performance,5,42,10,300,0.0001,50,least_cost,Unweighted k-means,All features mutable,α = 1,1.0,79,3,1,True,,19.0,0.019872072765735146,0.8803469985543603,2.524682176210876,1.524682176210876,True,6.872399999338086,Optimization terminated successfully
Student Performance,5,42,10,300,0.0001,50,least_cost,Unweighted k-means,All features mutable,α < 1,0.9849107803895755,79,3,1,True,,19.0,0.021435912082118286,0.914330668414121,2.4308452651780263,1.4308452651780263,True,6.519999999909487,Optimization terminated successfully
Student Performance,5,42,10,300,0.0001,50,least_cost,Unweighted k-means,Random 25% immutable,α = 1,1.0,79,3,1,True,,17.0,0.019913477590145133,0.8812636529527699,2.5194327655792446,1.5194327655792446,True,5.0696000007519615,Optimization terminated successfully
Student Performance,5,42,10,300,0.0001,50,least_cost,Unweighted k-means,Random 25% immutable,α < 1,0.9849107803895755,79,3,1,True,,17.0,0.021480575272832758,0.9152827080418802,2.4257909636486463,1.4257909636486463,True,4.699599999185011,Optimization terminated successfully
Student Performance,5,42,10,300,0.0001,50,least_cost,Unweighted k-means,Random 50% immutable,α = 1,1.0,79,3,1,True,,12.0,0.07627654026641584,1.7247565249594556,1.0000000000000002,2.220446049250313e-16,True,5.608500000562344,Optimization terminated successfully
Student Performance,5,42,10,300,0.0001,50,least_cost,Unweighted k-means,Random 50% immutable,α < 1,0.9849107803895755,79,3,1,True,,12.0,0.08372741751077027,1.807033282183823,1.0,0.0,False,5.335400000149093,Optimization terminated successfully
Student Performance,5,42,10,300,0.0001,50,least_cost,Unweighted k-means,Random 75% immutable,α = 1,1.0,79,3,1,False,,,,,,,False,12.420699999893259,Positive directional derivative for linesearch
Student Performance,5,42,10,300,0.0001,50,least_cost,Unweighted k-means,Random 75% immutable,α < 1,0.9849107803895755,79,3,1,False,,,,,,,False,2.563000000009197,Positive directional derivative for linesearch
Student Performance,5,42,10,300,0.0001,50,least_cost,Unweighted k-means,All features mutable,α = 1,1.0,57,4,3,True,,27.0,0.33942484119956523,3.6383469882328487,1.3871313092798991,0.38713130927989914,True,10.125300000254356,Optimization terminated successfully
Student Performance,5,42,10,300,0.0001,50,least_cost,Unweighted k-means,All features mutable,α < 1,0.9803072113728922,57,4,3,True,,27.0,0.3509177750190364,3.6994314733134903,1.363668855652052,0.363668855652052,True,9.320000000116124,Optimization terminated successfully
Student Performance,5,42,10,300,0.0001,50,least_cost,Unweighted k-means,Random 25% immutable,α = 1,1.0,57,4,3,True,,18.0,0.7738479358927122,5.493639003412563,1.0000000000000002,2.220446049250313e-16,True,18.062400000417256,Optimization terminated successfully
Student Performance,5,42,10,300,0.0001,50,least_cost,Unweighted k-means,Random 25% immutable,α < 1,0.9803072113728922,57,4,3,True,,18.0,0.8024182268446919,5.594131822449573,1.0,0.0,False,7.26699999995617,Optimization terminated successfully
Student Performance,5,42,10,300,0.0001,50,least_cost,Unweighted k-means,Random 50% immutable,α = 1,1.0,57,4,3,False,,,,,,,False,116.06199999914679,Positive directional derivative for linesearch
Student Performance,5,42,10,300,0.0001,50,least_cost,Unweighted k-means,Random 50% immutable,α < 1,0.9803072113728922,57,4,3,False,,,,,,,False,6.339800000205287,Positive directional derivative for linesearch
Student Performance,5,42,10,300,0.0001,50,least_cost,Unweighted k-means,Random 75% immutable,α = 1,1.0,57,4,3,False,,,,,,,False,18.20029999998951,Positive directional derivative for linesearch
Student Performance,5,42,10,300,0.0001,50,least_cost,Unweighted k-means,Random 75% immutable,α < 1,0.9803072113728922,57,4,3,False,,,,,,,False,67.6815999995597,Positive directional derivative for linesearch
Student Performance,5,42,10,300,0.0001,50,least_cost,Unweighted k-means,All features mutable,α = 1,1.0,527,2,4,True,,25.0,0.23503773069321007,3.027618122722084,1.8811258516314842,0.8811258516314842,True,9.343700000499666,Optimization terminated successfully
Student Performance,5,42,10,300,0.0001,50,least_cost,Unweighted k-means,All features mutable,α < 1,0.890151690365568,527,2,4,True,,25.0,0.27498021499446457,3.2747867693613455,1.7391455345409252,0.7391455345409252,True,9.180999999443884,Optimization terminated successfully
Student Performance,5,42,10,300,0.0001,50,least_cost,Unweighted k-means,Random 25% immutable,α = 1,1.0,527,2,4,True,,19.0,0.47047748561697067,4.2835291453498785,1.0684176711342317,0.0684176711342317,True,7.563800000752963,Optimization terminated successfully
Student Performance,5,42,10,300,0.0001,50,least_cost,Unweighted k-means,Random 25% immutable,α < 1,0.890151690365568,527,2,4,True,,20.0,0.5506005969255561,4.633942520154592,1.0077342652843877,0.007734265284387698,True,6.822199999987788,Optimization terminated successfully
Student Performance,5,42,10,300,0.0001,50,least_cost,Unweighted k-means,Random 50% immutable,α = 1,1.0,527,2,4,False,,,,,,,False,39.14089999943826,Positive directional derivative for linesearch
Student Performance,5,42,10,300,0.0001,50,least_cost,Unweighted k-means,Random 50% immutable,α < 1,0.890151690365568,527,2,4,False,,,,,,,False,7.090999999491032,Positive directional derivative for linesearch
Student Performance,5,42,10,300,0.0001,50,least_cost,Unweighted k-means,Random 75% immutable,α = 1,1.0,527,2,4,True,,8.0,0.31267350563929,3.4920290262156053,1.4140486699391306,0.4140486699391306,True,4.095700000107172,Optimization terminated successfully
Student Performance,5,42,10,300,0.0001,50,least_cost,Unweighted k-means,Random 75% immutable,α < 1,0.890151690365568,527,2,4,True,,8.0,0.36580947046323964,3.777111243803437,1.3073215703987928,0.3073215703987928,True,3.58810000034282,Optimization terminated successfully
Student Performance,5,42,10,300,0.0001,50,least_cost,Ranked k-means,All features mutable,α = 1,1.0,251,3,4,True,,27.0,0.20730155612542842,2.84337135965243,1.9868299571299366,0.9868299571299366,True,9.665200000199548,Optimization terminated successfully
Student Performance,5,42,10,300,0.0001,50,least_cost,Ranked k-means,All features mutable,α < 1,0.890151690365568,251,3,4,True,,27.0,0.2448639934639225,3.0902582003924817,1.8280981813791453,0.8280981813791453,True,9.192000000439293,Optimization terminated successfully
Student Performance,5,42,10,300,0.0001,50,least_cost,Ranked k-means,Random 25% immutable,α = 1,1.0,251,3,4,True,,19.0,0.21943752035360253,2.9254167726651357,1.8769485928947447,0.8769485928947447,True,6.727599999976519,Optimization terminated successfully
Student Performance,5,42,10,300,0.0001,50,least_cost,Ranked k-means,Random 25% immutable,α < 1,0.890151690365568,251,3,4,True,,19.0,0.25919895901356843,3.1794275273277055,1.7269954563235472,0.7269954563235472,True,7.362800000009884,Optimization terminated successfully
Student Performance,5,42,10,300,0.0001,50,least_cost,Ranked k-means,Random 50% immutable,α = 1,1.0,251,3,4,False,,,,,,,False,5.746800000451913,Positive directional derivative for linesearch
Student Performance,5,42,10,300,0.0001,50,least_cost,Ranked k-means,Random 50% immutable,α < 1,0.890151690365568,251,3,4,False,,,,,,,False,4.310700000132783,Positive directional derivative for linesearch
Student Performance,5,42,10,300,0.0001,50,least_cost,Ranked k-means,Random 75% immutable,α = 1,1.0,251,3,4,True,,8.0,0.26587164226337906,3.2200922421992484,1.5491420658097705,0.5491420658097705,True,3.8436999993791687,Optimization terminated successfully
Student Performance,5,42,10,300,0.0001,50,least_cost,Ranked k-means,Random 75% immutable,α < 1,0.890151690365568,251,3,4,True,,8.0,0.31404680838011656,3.4996893471884825,1.4253780415576904,0.42537804155769043,True,3.7333999998736545,Optimization terminated successfully
Student Performance,5,42,10,300,0.0001,50,least_cost,Ranked k-means,All features mutable,α = 1,1.0,316,4,0,True,,29.0,0.2448461280572499,3.0901454648984967,2.116996067368848,1.1169960673688482,True,9.589300000698131,Optimization terminated successfully
Student Performance,5,42,10,300,0.0001,50,least_cost,Ranked k-means,All features mutable,α < 1,0.9546250367985473,316,4,0,True,,29.0,0.27020349417914774,3.2462187654233596,2.0152143672578853,1.0152143672578853,True,23.27900000000227,Optimization terminated successfully
Student Performance,5,42,10,300,0.0001,50,least_cost,Ranked k-means,Random 25% immutable,α = 1,1.0,316,4,0,True,,22.0,0.3236515100165545,3.5528029625417767,1.725210192005379,0.7252101920053791,True,7.597599999826343,Optimization terminated successfully
Student Performance,5,42,10,300,0.0001,50,least_cost,Ranked k-means,Random 25% immutable,α < 1,0.9546250367985473,316,4,0,True,,22.0,0.35644946633240326,3.7284754507658664,1.6267736977263267,0.6267736977263267,True,8.369700000002922,Optimization terminated successfully
Student Performance,5,42,10,300,0.0001,50,least_cost,Ranked k-means,Random 50% immutable,α = 1,1.0,316,4,0,True,,16.0,0.4219441256464995,4.056577486035917,1.7448348439321753,0.7448348439321753,True,6.256100000427978,Optimization terminated successfully
Student Performance,5,42,10,300,0.0001,50,least_cost,Ranked k-means,Random 50% immutable,α < 1,0.9546250367985473,316,4,0,True,,15.0,0.4638687021962944,4.253337440840484,1.677897663175216,0.677897663175216,True,5.288400000608817,Optimization terminated successfully
Student Performance,5,42,10,300,0.0001,50,least_cost,Ranked k-means,Random 75% immutable,α = 1,1.0,316,4,0,True,,7.0,1.7287494551010396,8.211043097496233,1.0000000000000013,1.3322676295501878e-15,True,4.1909000001396635,Optimization terminated successfully
Student Performance,5,42,10,300,0.0001,50,least_cost,Ranked k-means,Random 75% immutable,α < 1,0.9546250367985473,316,4,0,False,,,,,,,False,22.37020000029588,Inequality constraints incompatible
Student Performance,5,42,10,300,0.0001,50,least_cost,Ranked k-means,All features mutable,α = 1,1.0,278,3,1,True,,22.0,0.0922043377729562,1.8963040824575819,1.5133499155387093,0.5133499155387093,True,9.119999999711581,Optimization terminated successfully
Student Performance,5,42,10,300,0.0001,50,least_cost,Ranked k-means,All features mutable,α < 1,0.9849107803895755,278,3,1,True,,22.0,0.09528047763601037,1.9276770029764854,1.488720163807855,0.4887201638078551,True,9.25210000059451,Optimization terminated successfully
Student Performance,5,42,10,300,0.0001,50,least_cost,Ranked k-means,Random 25% immutable,α = 1,1.0,278,3,1,True,,15.0,0.1314412677402318,2.264113389799425,1.7812199262609865,0.7812199262609865,True,7.278600000063307,Optimization terminated successfully
Student Performance,5,42,10,300,0.0001,50,least_cost,Ranked k-means,Random 25% immutable,α < 1,0.9849107803895755,278,3,1,True,,15.0,0.13582643803820332,2.301571437841965,1.7522305917407128,0.7522305917407128,True,6.866400000035355,Optimization terminated successfully
Student Performance,5,42,10,300,0.0001,50,least_cost,Ranked k-means,Random 50% immutable,α = 1,1.0,278,3,1,True,,12.0,0.1804827232249132,2.6530786278909293,1.2972200507417766,0.2972200507417766,True,5.605100000138918,Optimization terminated successfully
Student Performance,5,42,10,300,0.0001,50,least_cost,Ranked k-means,Random 50% immutable,α < 1,0.9849107803895755,278,3,1,True,,12.0,0.1865040245314942,2.6969718123718445,1.276107808369546,0.27610780836954607,True,5.034200000409328,Optimization terminated successfully
Student Performance,5,42,10,300,0.0001,50,least_cost,Ranked k-means,Random 75% immutable,α = 1,1.0,278,3,1,False,,,,,,,False,10.763400000541878,Positive directional derivative for linesearch
Student Performance,5,42,10,300,0.0001,50,least_cost,Ranked k-means,Random 75% immutable,α < 1,0.9849107803895755,278,3,1,False,,,,,,,False,2.7053000003434136,Positive directional derivative for linesearch
Student Performance,5,42,10,300,0.0001,50,least_cost,Ranked k-means,All features mutable,α = 1,1.0,53,2,1,True,,16.0,0.03632393385013702,1.1902241050135658,3.915410772493319,2.915410772493319,True,8.404199999858974,Optimization terminated successfully
Student Performance,5,42,10,300,0.0001,50,least_cost,Ranked k-means,All features mutable,α < 1,0.9849107803895755,53,2,1,True,,16.0,0.03854592321937209,1.2260876826538596,3.8008833694462636,2.8008833694462636,True,6.851500000266242,Optimization terminated successfully
Student Performance,5,42,10,300,0.0001,50,least_cost,Ranked k-means,Random 25% immutable,α = 1,1.0,53,2,1,True,,10.0,0.07356752806661966,1.6938517038389656,2.1626462648097498,1.1626462648097498,True,7.823699999789824,Optimization terminated successfully
Student Performance,5,42,10,300,0.0001,50,least_cost,Ranked k-means,Random 25% immutable,α < 1,0.9849107803895755,53,2,1,True,,10.0,0.07806776380538501,1.7448904803482694,2.0993879572463836,1.0993879572463836,True,7.5370999993538135,Optimization terminated successfully
Student Performance,5,42,10,300,0.0001,50,least_cost,Ranked k-means,Random 50% immutable,α = 1,1.0,53,2,1,True,,7.0,0.0829829370925859,1.7989815303695729,1.9172681167617072,0.9172681167617072,True,5.407799999375129,Optimization terminated successfully
Student Performance,5,42,10,300,0.0001,50,least_cost,Ranked k-means,Random 50% immutable,α < 1,0.9849107803895755,53,2,1,True,,7.0,0.08805912748562994,1.8531880562801952,1.8611872219705583,0.8611872219705583,True,5.647799999678682,Optimization terminated successfully
Student Performance,5,42,10,300,0.0001,50,least_cost,Ranked k-means,Random 75% immutable,α = 1,1.0,53,2,1,False,,,,,,,False,43.248400000265974,Positive directional derivative for linesearch
Student Performance,5,42,10,300,0.0001,50,least_cost,Ranked k-means,Random 75% immutable,α < 1,0.9849107803895755,53,2,1,False,,,,,,,False,12.372300000606629,Positive directional derivative for linesearch
Student Performance,5,42,10,300,0.0001,50,least_cost,Ranked k-means,All features mutable,α = 1,1.0,505,3,1,True,,21.0,0.1997950437487217,2.7914166127971916,1.8116658960469456,0.8116658960469456,True,10.204000000157976,Optimization terminated successfully
Student Performance,5,42,10,300,0.0001,50,least_cost,Ranked k-means,All features mutable,α < 1,0.9849107803895755,505,3,1,True,,21.0,0.20440389103080775,2.823429076531143,1.7911249561707783,0.7911249561707783,True,10.020900000199617,Optimization terminated successfully
Student Performance,5,42,10,300,0.0001,50,least_cost,Ranked k-means,Random 25% immutable,α = 1,1.0,505,3,1,True,,15.0,0.22967680436663435,2.992890804940725,1.575961788365621,0.575961788365621,True,7.5489000000743545,Optimization terminated successfully
Student Performance,5,42,10,300,0.0001,50,least_cost,Ranked k-means,Random 25% immutable,α < 1,0.9849107803895755,505,3,1,True,,15.0,0.23497496039544313,3.027213810655317,1.5580932960048741,0.5580932960048741,True,7.3413000000073225,Optimization terminated successfully
Student Performance,5,42,10,300,0.0001,50,least_cost,Ranked k-means,Random 50% immutable,α = 1,1.0,505,3,1,True,,13.0,0.25974548000419573,3.182777673693787,1.393525177414585,0.3935251774145849,True,5.625499999950989,Optimization terminated successfully
Student Performance,5,42,10,300,0.0001,50,least_cost,Ranked k-means,Random 50% immutable,α < 1,0.9849107803895755,505,3,1,True,,13.0,0.26573725651221125,3.219278335897075,1.3777251806550652,0.3777251806550652,True,6.252299999687239,Optimization terminated successfully
Student Performance,5,42,10,300,0.0001,50,least_cost,Ranked k-means,Random 75% immutable,α = 1,1.0,505,3,1,True,,7.0,0.40268203307819206,3.9629028867800296,1.0,0.0,False,4.070399999363872,Optimization terminated successfully
Student Performance,5,42,10,300,0.0001,50,least_cost,Ranked k-means,Random 75% immutable,α < 1,0.9849107803895755,505,3,1,True,,7.0,0.4213365465195268,4.053655796224137,1.0,0.0,False,3.858899999613641,Optimization terminated successfully
Student Performance,5,42,10,300,0.0001,50,least_cost,Ranked k-means,All features mutable,α = 1,1.0,626,1,2,True,,22.0,0.045193537125489236,1.327609862833988,3.4186993290206247,2.4186993290206247,True,9.266299999580951,Optimization terminated successfully
Student Performance,5,42,10,300,0.0001,50,least_cost,Ranked k-means,All features mutable,α < 1,0.9840515780810501,626,1,2,True,,22.0,0.048206405701631275,1.371149088306454,3.3101425626256056,2.3101425626256056,True,9.31840000066586,Optimization terminated successfully
Student Performance,5,42,10,300,0.0001,50,least_cost,Ranked k-means,Random 25% immutable,α = 1,1.0,626,1,2,True,,16.0,0.06139083953094813,1.5473340756627112,2.274833781676697,1.2748337816766968,True,7.324500000322587,Optimization terminated successfully
Student Performance,5,42,10,300,0.0001,50,least_cost,Ranked k-means,Random 25% immutable,α < 1,0.9840515780810501,626,1,2,True,,16.0,0.06548351611813787,1.5980791997292803,1.9206936677982536,0.9206936677982536,True,7.206900000710448,Optimization terminated successfully
Student Performance,5,42,10,300,0.0001,50,least_cost,Ranked k-means,Random 50% immutable,α = 1,1.0,626,1,2,True,,9.0,0.14218212618738804,2.354804221439254,1.086656389543593,0.086656389543593,True,5.565499999647727,Optimization terminated successfully
Student Performance,5,42,10,300,0.0001,50,least_cost,Ranked k-means,Random 50% immutable,α < 1,0.9840515780810501,626,1,2,True,,9.0,0.1516608279515269,2.432030487084722,1.0521508946267004,0.05215089462670042,True,5.21649999973306,Optimization terminated successfully
Student Performance,5,42,10,300,0.0001,50,least_cost,Ranked k-means,Random 75% immutable,α = 1,1.0,626,1,2,False,,,,,,,False,32.49870000036026,Positive directional derivative for linesearch
Student Performance,5,42,10,300,0.0001,50,least_cost,Ranked k-means,Random 75% immutable,α < 1,0.9840515780810501,626,1,2,False,,,,,,,False,20.561799999995856,Inequality constraints incompatible
Student Performance,5,42,10,300,0.0001,50,least_cost,Ranked k-means,All features mutable,α = 1,1.0,402,4,1,True,,25.0,0.15321695361756543,2.444475647472286,2.195399719891304,1.195399719891304,True,9.733699999742385,Optimization terminated successfully
Student Performance,5,42,10,300,0.0001,50,least_cost,Ranked k-means,All features mutable,α < 1,0.9849107803895755,402,4,1,True,,25.0,0.15819880428818367,2.4838988238733,2.160555447671725,1.160555447671725,True,8.800600000540726,Optimization terminated successfully
Student Performance,5,42,10,300,0.0001,50,least_cost,Ranked k-means,Random 25% immutable,α = 1,1.0,402,4,1,True,,17.0,0.18284241753163355,2.6703659456587046,1.8396850343145408,0.8396850343145408,True,7.151499999963562,Optimization terminated successfully
Student Performance,5,42,10,300,0.0001,50,least_cost,Ranked k-means,Random 25% immutable,α < 1,0.9849107803895755,402,4,1,True,,17.0,0.18878754043670787,2.7134321581774636,1.8104864707808308,0.8104864707808308,True,7.462600000508246,Optimization terminated successfully
Student Performance,5,42,10,300,0.0001,50,least_cost,Ranked k-means,Random 50% immutable,α = 1,1.0,402,4,1,True,,14.0,0.2250123373437003,2.9623438619451847,1.4949067008809203,0.49490670088092026,True,6.5211000000999775,Optimization terminated successfully
Student Performance,5,42,10,300,0.0001,50,least_cost,Ranked k-means,Random 50% immutable,α < 1,0.9849107803895755,402,4,1,True,,14.0,0.23233600607546454,3.010166812145652,1.474590247736223,0.47459024773622294,True,5.61440000001312,Optimization terminated successfully
Student Performance,5,42,10,300,0.0001,50,least_cost,Ranked k-means,Random 75% immutable,α = 1,1.0,402,4,1,False,,,,,,,False,16.35420000002341,Positive directional derivative for linesearch
Student Performance,5,42,10,300,0.0001,50,least_cost,Ranked k-means,Random 75% immutable,α < 1,0.9849107803895755,402,4,1,False,,,,,,,False,36.93699999985256,Positive directional derivative for linesearch
Student Performance,5,42,10,300,0.0001,50,least_cost,Ranked k-means,All features mutable,α = 1,1.0,449,2,1,True,,23.0,0.24411007396996956,3.085497186002414,1.6746735642743416,0.6746735642743416,True,9.723099999973783,Optimization terminated successfully
Student Performance,5,42,10,300,0.0001,50,least_cost,Ranked k-means,All features mutable,α < 1,0.9849107803895755,449,2,1,True,,23.0,0.24925165167366517,3.1178220627984756,1.6554444648880815,0.6554444648880815,True,6.058799999664188,Optimization terminated successfully
Student Performance,5,42,10,300,0.0001,50,least_cost,Ranked k-means,Random 25% immutable,α = 1,1.0,449,2,1,True,,16.0,0.3000258672099789,3.4206737379044463,1.374349653881594,0.374349653881594,True,7.066599999234313,Optimization terminated successfully
Student Performance,5,42,10,300,0.0001,50,least_cost,Ranked k-means,Random 25% immutable,α < 1,0.9849107803895755,449,2,1,True,,16.0,0.3062945861340006,3.456224654044645,1.3602129942296832,0.3602129942296832,True,7.067600000482344,Optimization terminated successfully
Student Performance,5,42,10,300,0.0001,50,least_cost,Ranked k-means,Random 50% immutable,α = 1,1.0,449,2,1,True,,13.0,0.30593812328588565,3.4542129071829866,1.3477903304323793,0.3477903304323793,True,5.754100000558537,Optimization terminated successfully
Student Performance,5,42,10,300,0.0001,50,least_cost,Ranked k-means,Random 50% immutable,α < 1,0.9849107803895755,449,2,1,True,,13.0,0.3123303724637865,3.4901123944778156,1.3339268621355977,0.33392686213559775,True,5.755700000008801,Optimization terminated successfully
Student Performance,5,42,10,300,0.0001,50,least_cost,Ranked k-means,Random 75% immutable,α = 1,1.0,449,2,1,True,,7.0,0.4537015568647399,4.206466535909309,1.0,0.0,False,4.193700000541867,Optimization terminated successfully
Student Performance,5,42,10,300,0.0001,50,least_cost,Ranked k-means,Random 75% immutable,α < 1,0.9849107803895755,449,2,1,True,,7.0,0.4647521818153709,4.257385945718272,1.0,0.0,False,3.6670999998023035,Optimization terminated successfully
Student Performance,5,42,10,300,0.0001,50,least_cost,Ranked k-means,All features mutable,α = 1,1.0,176,3,0,True,,27.0,0.10989856145954134,2.070276285166333,3.2243137987478514,2.2243137987478514,True,9.698300000309246,Optimization terminated successfully
Student Performance,5,42,10,300,0.0001,50,least_cost,Ranked k-means,All features mutable,α < 1,0.9546250367985473,176,3,0,True,,27.0,0.11976588957109378,2.1612194921554493,3.0886360402666444,2.0886360402666444,True,8.333699999639066,Optimization terminated successfully
Student Performance,5,42,10,300,0.0001,50,least_cost,Ranked k-means,Random 25% immutable,α = 1,1.0,176,3,0,True,,19.0,0.1275504365477718,2.2303513233038195,2.7780967018867258,1.7780967018867258,True,6.7453999999997905,Optimization terminated successfully
Student Performance,5,42,10,300,0.0001,50,least_cost,Ranked k-means,Random 25% immutable,α < 1,0.9546250367985473,176,3,0,True,,19.0,0.1390026520406194,2.3283263150993583,2.661195584195287,1.661195584195287,True,19.59919999990234,Optimization terminated successfully
Student Performance,5,42,10,300,0.0001,50,least_cost,Ranked k-means,Random 50% immutable,α = 1,1.0,176,3,0,True,,12.0,0.12217762100068852,2.1828713244318485,2.9002647488554167,1.9002647488554167,True,3.9419000004272675,Optimization terminated successfully
Student Performance,5,42,10,300,0.0001,50,least_cost,Ranked k-means,Random 50% immutable,α < 1,0.9546250367985473,176,3,0,True,,12.0,0.13314743405639912,2.278760612306516,2.7782228410898147,1.7782228410898147,True,5.843299999469309,Optimization terminated successfully
Student Performance,5,42,10,300,0.0001,50,least_cost,Ranked k-means,Random 75% immutable,α = 1,1.0,176,3,0,True,,8.0,0.5603167933674326,4.674650248021757,1.0000000000000033,3.3306690738754696e-15,True,2.5867000003927387,Optimization terminated successfully
Student Performance,5,42,10,300,0.0001,50,least_cost,Ranked k-means,Random 75% immutable,α < 1,0.9546250367985473,176,3,0,True,,8.0,0.6723707180158695,5.120786853855461,1.0,0.0,False,2.807799999573035,Optimization terminated successfully
Student Performance,5,42,10,300,0.0001,50,least_cost,Ranked k-means,All features mutable,α = 1,1.0,287,4,1,True,,24.0,0.18876823701387507,2.7132934311535726,1.8601057744369887,0.8601057744369887,True,8.859300000040093,Optimization terminated successfully
Student Performance,5,42,10,300,0.0001,50,least_cost,Ranked k-means,All features mutable,α < 1,0.9849107803895755,287,4,1,True,,24.0,0.19454438957940254,2.754492910427743,1.832541535070724,0.8325415350707239,True,10.033100000327977,Optimization terminated successfully
Student Performance,5,42,10,300,0.0001,50,least_cost,Ranked k-means,Random 25% immutable,α = 1,1.0,287,4,1,True,,18.0,0.19275162163820886,2.741771916824984,1.7832780969582092,0.7832780969582092,True,6.924799999978859,Optimization terminated successfully
Student Performance,5,42,10,300,0.0001,50,least_cost,Ranked k-means,Random 25% immutable,α < 1,0.9849107803895755,287,4,1,True,,18.0,0.19863946091496806,2.78333235092106,1.7569432807326046,0.7569432807326046,True,8.015200000045297,Optimization terminated successfully
Student Performance,5,42,10,300,0.0001,50,least_cost,Ranked k-means,Random 50% immutable,α = 1,1.0,287,4,1,False,,,,,,,False,28.91670000008162,Positive directional derivative for linesearch
Student Performance,5,42,10,300,0.0001,50,least_cost,Ranked k-means,Random 50% immutable,α < 1,0.9849107803895755,287,4,1,False,,,,,,,False,14.391400000022259,Positive directional derivative for linesearch
Student Performance,5,42,10,300,0.0001,50,least_cost,Ranked k-means,Random 75% immutable,α = 1,1.0,287,4,1,False,,,,,,,False,22.45760000005248,Inequality constraints incompatible
Student Performance,5,42,10,300,0.0001,50,least_cost,Ranked k-means,Random 75% immutable,α < 1,0.9849107803895755,287,4,1,False,,,,,,,False,24.940700000115612,Positive directional derivative for linesearch
Student Performance,5,42,10,300,0.0001,50,least_cost,Ranked k-means,All features mutable,α = 1,1.0,227,3,1,True,,19.0,0.06140958013064024,1.5475702326857317,3.011679880331381,2.011679880331381,True,8.845299999848066,Optimization terminated successfully
Student Performance,5,42,10,300,0.0001,50,least_cost,Ranked k-means,All features mutable,α < 1,0.9849107803895755,227,3,1,True,,19.0,0.06400879176037626,1.579981923521492,2.9498983965967764,1.9498983965967764,True,9.050899999238027,Optimization terminated successfully
Student Performance,5,42,10,300,0.0001,50,least_cost,Ranked k-means,Random 25% immutable,α = 1,1.0,227,3,1,True,,14.0,0.08157401149341625,1.783644148434108,2.429708206330217,1.4297082063302171,True,7.124400000066089,Optimization terminated successfully
Student Performance,5,42,10,300,0.0001,50,least_cost,Ranked k-means,Random 25% immutable,α < 1,0.9849107803895755,227,3,1,True,,14.0,0.08502669947641249,1.8210000767655359,2.3798652624332823,1.3798652624332823,True,7.481499999812513,Optimization terminated successfully
Student Performance,5,42,10,300,0.0001,50,least_cost,Ranked k-means,Random 50% immutable,α = 1,1.0,227,3,1,True,,9.0,0.07057973417238872,1.6590990424694845,2.620383872092512,1.620383872092512,True,5.386499999985972,Optimization terminated successfully
Student Performance,5,42,10,300,0.0001,50,least_cost,Ranked k-means,Random 50% immutable,α < 1,0.9849107803895755,227,3,1,True,,9.0,0.07356708021016134,1.6938465480073135,2.5666294128191236,1.5666294128191236,True,5.62640000043757,Optimization terminated successfully
Student Performance,5,42,10,300,0.0001,50,least_cost,Ranked k-means,Random 75% immutable,α = 1,1.0,227,3,1,False,,,,,,,False,67.88129999949888,Positive directional derivative for linesearch
Student Performance,5,42,10,300,0.0001,50,least_cost,Ranked k-means,Random 75% immutable,α < 1,0.9849107803895755,227,3,1,False,,,,,,,False,6.645599999501428,Positive directional derivative for linesearch
Student Performance,5,42,10,300,0.0001,50,least_cost,Ranked k-means,All features mutable,α = 1,1.0,439,2,1,True,,24.0,0.12177782995824393,2.179296989483424,1.136880978015315,0.13688097801531507,True,9.859400000095775,Optimization terminated successfully
Student Performance,5,42,10,300,0.0001,50,least_cost,Ranked k-means,All features mutable,α < 1,0.9849107803895755,439,2,1,True,,24.0,0.1253859732158789,2.2113464123513706,1.1204039275281306,0.12040392752813056,True,8.503099999870756,Optimization terminated successfully
Student Performance,5,42,10,300,0.0001,50,least_cost,Ranked k-means,Random 25% immutable,α = 1,1.0,439,2,1,True,,19.0,0.15488012264490725,2.457707220795712,1.0,0.0,False,6.599299999834329,Optimization terminated successfully
Student Performance,5,42,10,300,0.0001,50,least_cost,Ranked k-means,Random 25% immutable,α < 1,0.9849107803895755,439,2,1,True,,19.0,0.15955676778315755,2.494536819440263,1.0000000000000007,6.661338147750939e-16,True,5.142199999681907,Optimization terminated successfully
Student Performance,5,42,10,300,0.0001,50,least_cost,Ranked k-means,Random 50% immutable,α = 1,1.0,439,2,1,True,,13.0,0.14528343724547108,2.380347464672621,1.0,0.0,False,5.7952000006480375,Optimization terminated successfully
Student Performance,5,42,10,300,0.0001,50,least_cost,Ranked k-means,Random 50% immutable,α < 1,0.9849107803895755,439,2,1,True,,13.0,0.14962746182508405,2.415671958519674,1.0,0.0,False,5.188400000406546,Optimization terminated successfully
Student Performance,5,42,10,300,0.0001,50,least_cost,Ranked k-means,Random 75% immutable,α = 1,1.0,439,2,1,True,,6.0,0.4377031273156924,4.131636717490056,1.0,0.0,False,5.171299999346957,Optimization terminated successfully
Student Performance,5,42,10,300,0.0001,50,least_cost,Ranked k-means,Random 75% immutable,α < 1,0.9849107803895755,439,2,1,True,,6.0,0.4514888179084763,4.196196360804696,1.0,0.0,False,3.9027000002533896,Optimization terminated successfully
Student Performance,5,42,10,300,0.0001,50,least_cost,Ranked k-means,All features mutable,α = 1,1.0,261,2,4,True,,28.0,0.19243408536012405,2.7395126079368275,2.022401640601174,1.0224016406011742,True,10.07859999936045,Optimization terminated successfully
Student Performance,5,42,10,300,0.0001,50,least_cost,Ranked k-means,All features mutable,α < 1,0.890151690365568,261,2,4,True,,28.0,0.22978463359377949,2.993593277343701,1.8507506733029984,0.8507506733029984,True,9.360099999867089,Optimization terminated successfully
Student Performance,5,42,10,300,0.0001,50,least_cost,Ranked k-means,Random 25% immutable,α = 1,1.0,261,2,4,True,,20.0,0.1971979411099212,2.7732146875579122,1.9735449844016248,0.9735449844016248,True,7.254300000568037,Optimization terminated successfully
Student Performance,5,42,10,300,0.0001,50,least_cost,Ranked k-means,Random 25% immutable,α < 1,0.890151690365568,261,2,4,True,,20.0,0.2354731312729316,3.0304211125921645,1.8060407300622592,0.8060407300622592,True,7.365399999798683,Optimization terminated successfully
Student Performance,5,42,10,300,0.0001,50,least_cost,Ranked k-means,Random 50% immutable,α = 1,1.0,261,2,4,True,,13.0,0.3626603366289722,3.7608181461657937,1.0731226141622603,0.07312261416226029,True,5.32530000054976,Optimization terminated successfully
Student Performance,5,42,10,300,0.0001,50,least_cost,Ranked k-means,Random 50% immutable,α < 1,0.890151690365568,261,2,4,True,,13.0,0.43425965116937953,4.115352523855739,1.0000000000000002,2.220446049250313e-16,True,5.470600000080594,Optimization terminated successfully
Student Performance,5,42,10,300,0.0001,50,least_cost,Ranked k-means,Random 75% immutable,α = 1,1.0,261,2,4,True,,7.0,0.3920495130082754,3.9102341371486617,1.0,0.0,False,3.852300000289688,Optimization terminated successfully
Student Performance,5,42,10,300,0.0001,50,least_cost,Ranked k-means,Random 75% immutable,α < 1,0.890151690365568,261,2,4,True,,7.0,0.5833264680855685,4.769667939735132,1.0,0.0,False,3.5327999994478887,Optimization terminated successfully
Student Performance,5,42,10,300,0.0001,50,least_cost,Ranked k-means,All features mutable,α = 1,1.0,43,2,3,True,,22.0,0.09186936455591718,1.892856364778049,1.6719268421861382,0.6719268421861382,True,9.114500000578118,Optimization terminated successfully
Student Performance,5,42,10,300,0.0001,50,least_cost,Ranked k-means,All features mutable,α < 1,0.9803072113728922,43,2,3,True,,22.0,0.09483490639654406,1.92316441040937,1.6455781675461483,0.6455781675461483,True,8.520400000634254,Optimization terminated successfully
Student Performance,5,42,10,300,0.0001,50,least_cost,Ranked k-means,Random 25% immutable,α = 1,1.0,43,2,3,True,,15.0,0.20303079653754474,2.8139298258777248,1.0000000000000004,4.440892098500626e-16,True,18.752700000732148,Optimization terminated successfully
Student Performance,5,42,10,300,0.0001,50,least_cost,Ranked k-means,Random 25% immutable,α < 1,0.9803072113728922,43,2,3,True,,15.0,0.21313319804590705,2.8830877065726557,1.0000000000000002,2.220446049250313e-16,True,6.913000000167813,Optimization terminated successfully
Student Performance,5,42,10,300,0.0001,50,least_cost,Ranked k-means,Random 50% immutable,α = 1,1.0,43,2,3,True,,13.0,0.2064286016094221,2.8373782727665096,1.0,0.0,False,5.874899999980698,Optimization terminated successfully
Student Performance,5,42,10,300,0.0001,50,least_cost,Ranked k-means,Random 50% immutable,α < 1,0.9803072113728922,43,2,3,True,,13.0,0.2209243661979384,2.935310934418975,1.0000000000000002,2.220446049250313e-16,True,5.773400000180118,Optimization terminated successfully
Student Performance,5,42,10,300,0.0001,50,least_cost,Ranked k-means,Random 75% immutable,α = 1,1.0,43,2,3,False,,,,,,,False,9.336000000075728,Positive directional derivative for linesearch
Student Performance,5,42,10,300,0.0001,50,least_cost,Ranked k-means,Random 75% immutable,α < 1,0.9803072113728922,43,2,3,False,,,,,,,False,32.76740000001155,Positive directional derivative for linesearch
Student Performance,5,42,10,300,0.0001,50,least_cost,Ranked k-means,All features mutable,α = 1,1.0,483,3,1,True,,26.0,0.19818766460990994,2.780165268430366,1.750246919392111,0.7502469193921111,True,9.402900000168302,Optimization terminated successfully
Student Performance,5,42,10,300,0.0001,50,least_cost,Ranked k-means,All features mutable,α < 1,0.9849107803895755,483,3,1,True,,26.0,0.20263853524712894,2.811210215305506,1.7309184784125855,0.7309184784125855,True,9.24620000023424,Optimization terminated successfully
Student Performance,5,42,10,300,0.0001,50,least_cost,Ranked k-means,Random 25% immutable,α = 1,1.0,483,3,1,True,,17.0,0.23754862531313997,3.0437470964606206,1.4602372493020224,0.46023724930202237,True,7.443800000146439,Optimization terminated successfully
Student Performance,5,42,10,300,0.0001,50,least_cost,Ranked k-means,Random 25% immutable,α < 1,0.9849107803895755,483,3,1,True,,17.0,0.24288345885789708,3.0777353517575197,1.4441114550388257,0.44411145503882565,True,7.568999999421067,Optimization terminated successfully
Student Performance,5,42,10,300,0.0001,50,least_cost,Ranked k-means,Random 50% immutable,α = 1,1.0,483,3,1,False,,,,,,,False,250.3457000002527,Positive directional derivative for linesearch
Student Performance,5,42,10,300,0.0001,50,least_cost,Ranked k-means,Random 50% immutable,α < 1,0.9849107803895755,483,3,1,False,,,,,,,False,4.390399999465444,Positive directional derivative for linesearch
Student Performance,5,42,10,300,0.0001,50,least_cost,Ranked k-means,Random 75% immutable,α = 1,1.0,483,3,1,False,,,,,,,False,21.071000000119966,Positive directional derivative for linesearch
Student Performance,5,42,10,300,0.0001,50,least_cost,Ranked k-means,Random 75% immutable,α < 1,0.9849107803895755,483,3,1,False,,,,,,,False,23.749199999656412,Positive directional derivative for linesearch
Student Performance,5,42,10,300,0.0001,50,least_cost,Ranked k-means,All features mutable,α = 1,1.0,321,2,4,True,,27.0,0.1380201912281478,2.3200835023545516,2.3823578926077045,1.3823578926077045,True,8.867700000337209,Optimization terminated successfully
Student Performance,5,42,10,300,0.0001,50,least_cost,Ranked k-means,All features mutable,α < 1,0.890151690365568,321,2,4,True,,27.0,0.1699853298209384,2.574767535723681,2.146706091136863,1.146706091136863,True,9.8111000006611,Optimization terminated successfully
Student Performance,5,42,10,300,0.0001,50,least_cost,Ranked k-means,Random 25% immutable,α = 1,1.0,321,2,4,True,,22.0,0.32608566809926937,3.566138115086333,1.1982744177649904,0.19827441776499044,True,7.469899999705376,Optimization terminated successfully
Student Performance,5,42,10,300,0.0001,50,least_cost,Ranked k-means,Random 25% immutable,α < 1,0.890151690365568,321,2,4,True,,22.0,0.40347849010922565,3.9668200254435284,1.1559341544513992,0.15593415445139924,True,7.543499999883352,Optimization terminated successfully
Student Performance,5,42,10,300,0.0001,50,least_cost,Ranked k-means,Random 50% immutable,α = 1,1.0,321,2,4,True,,14.0,0.16037080814248983,2.500892144327121,2.0503325749827037,1.0503325749827037,True,5.740200000218465,Optimization terminated successfully
Student Performance,5,42,10,300,0.0001,50,least_cost,Ranked k-means,Random 50% immutable,α < 1,0.890151690365568,321,2,4,True,,14.0,0.1975122949271213,2.7754242022000404,1.8475231825787857,0.8475231825787857,True,5.7369000005564885,Optimization terminated successfully
Student Performance,5,42,10,300,0.0001,50,least_cost,Ranked k-means,Random 75% immutable,α = 1,1.0,321,2,4,True,,8.0,0.2819259313876675,3.3158877128333275,1.1663116222867642,0.16631162228676422,True,3.975499999796739,Optimization terminated successfully
Student Performance,5,42,10,300,0.0001,50,least_cost,Ranked k-means,Random 75% immutable,α < 1,0.890151690365568,321,2,4,True,,8.0,0.3472192873055155,3.679884808647562,1.0509454932693667,0.050945493269366704,True,4.02609999946435,Optimization terminated successfully
Student Performance,5,42,10,300,0.0001,50,least_cost,Ranked k-means,All features mutable,α = 1,1.0,310,3,4,True,,27.0,0.20819814724079463,2.849513597509405,1.9843341966745167,0.9843341966745167,True,9.84749999952328,Optimization terminated successfully
Student Performance,5,42,10,300,0.0001,50,least_cost,Ranked k-means,All features mutable,α < 1,0.890151690365568,310,3,4,True,,25.0,0.24702141709891826,3.1038420170585055,1.826553426821882,0.8265534268218819,True,8.843800000249757,Optimization terminated successfully
Student Performance,5,42,10,300,0.0001,50,least_cost,Ranked k-means,Random 25% immutable,α = 1,1.0,310,3,4,True,,19.0,0.39183025691616397,3.909140573032696,1.236168907709336,0.23616890770933607,True,7.426099999975122,Optimization terminated successfully
Student Performance,5,42,10,300,0.0001,50,least_cost,Ranked k-means,Random 25% immutable,α < 1,0.890151690365568,310,3,4,True,,19.0,0.469624908478212,4.279646180544633,1.103733483507895,0.10373348350789491,True,6.875400000353693,Optimization terminated successfully
Student Performance,5,42,10,300,0.0001,50,least_cost,Ranked k-means,Random 50% immutable,α = 1,1.0,310,3,4,False,,,,,,,False,5.943600000136939,Positive directional derivative for linesearch
Student Performance,5,42,10,300,0.0001,50,least_cost,Ranked k-means,Random 50% immutable,α < 1,0.890151690365568,310,3,4,False,,,,,,,False,116.11179999999877,Positive directional derivative for linesearch
Student Performance,5,42,10,300,0.0001,50,least_cost,Ranked k-means,Random 75% immutable,α = 1,1.0,310,3,4,False,,,,,,,False,8.536899999853631,Positive directional derivative for linesearch
Student Performance,5,42,10,300,0.0001,50,least_cost,Ranked k-means,Random 75% immutable,α < 1,0.890151690365568,310,3,4,False,,,,,,,False,26.857200000449666,Positive directional derivative for linesearch
Student Performance,5,42,10,300,0.0001,50,least_cost,Ranked k-means,All features mutable,α = 1,1.0,485,3,1,True,,22.0,0.12119745199834836,2.1740976583253073,2.174523702525899,1.174523702525899,True,8.787200000369921,Optimization terminated successfully
Student Performance,5,42,10,300,0.0001,50,least_cost,Ranked k-means,All features mutable,α < 1,0.9849107803895755,485,3,1,True,,22.0,0.1247861916227707,2.2060511039611157,2.1430269127896553,1.1430269127896553,True,9.201799999573268,Optimization terminated successfully
Student Performance,5,42,10,300,0.0001,50,least_cost,Ranked k-means,Random 25% immutable,α = 1,1.0,485,3,1,True,,16.0,0.24743383834149726,3.1064319878790836,1.0651200093377602,0.06512000933776019,True,7.395599999654223,Optimization terminated successfully
Student Performance,5,42,10,300,0.0001,50,least_cost,Ranked k-means,Random 25% immutable,α < 1,0.9849107803895755,485,3,1,True,,16.0,0.2547605238900611,3.152088265215996,1.0496923297520406,0.04969232975204063,True,8.467300000120304,Optimization terminated successfully
Student Performance,5,42,10,300,0.0001,50,least_cost,Ranked k-means,Random 50% immutable,α = 1,1.0,485,3,1,False,,,,,,,False,27.575299999625713,Positive directional derivative for linesearch
Student Performance,5,42,10,300,0.0001,50,least_cost,Ranked k-means,Random 50% immutable,α < 1,0.9849107803895755,485,3,1,False,,,,,,,False,39.87380000035046,Positive directional derivative for linesearch
Student Performance,5,42,10,300,0.0001,50,least_cost,Ranked k-means,Random 75% immutable,α = 1,1.0,485,3,1,True,,8.0,0.29841523105680917,3.4114797392356824,1.0,0.0,False,3.9572000005136942,Optimization terminated successfully
Student Performance,5,42,10,300,0.0001,50,least_cost,Ranked k-means,Random 75% immutable,α < 1,0.9849107803895755,485,3,1,True,,8.0,0.3139341045826672,3.4990613139417865,1.0,0.0,False,3.8354999996954575,Optimization terminated successfully
Student Performance,5,42,10,300,0.0001,50,least_cost,Ranked k-means,All features mutable,α = 1,1.0,122,4,1,True,,24.0,0.19217477546311007,2.737666203732897,1.8614151697995265,0.8614151697995265,True,9.721899999931338,Optimization terminated successfully
Student Performance,5,42,10,300,0.0001,50,least_cost,Ranked k-means,All features mutable,α < 1,0.9849107803895755,122,4,1,True,,24.0,0.19872092602234073,2.7839030361834243,1.8304996008085577,0.8304996008085577,True,8.955999999670894,Optimization terminated successfully
Student Performance,5,42,10,300,0.0001,50,least_cost,Ranked k-means,Random 25% immutable,α = 1,1.0,122,4,1,True,,17.0,0.29731763606239264,3.4052001125386613,1.2031477384945173,0.20314773849451728,True,7.538099999692349,Optimization terminated successfully
Student Performance,5,42,10,300,0.0001,50,least_cost,Ranked k-means,Random 25% immutable,α < 1,0.9849107803895755,122,4,1,True,,17.0,0.30744532324136153,3.4627110197666076,1.1831650958431117,0.1831650958431117,True,7.032299999991665,Optimization terminated successfully
Student Performance,5,42,10,300,0.0001,50,least_cost,Ranked k-means,Random 50% immutable,α = 1,1.0,122,4,1,True,,13.0,0.3362625989536044,3.621359048643281,1.921131328564068,0.9211313285640681,True,5.7229000003644614,Optimization terminated successfully
Student Performance,5,42,10,300,0.0001,50,least_cost,Ranked k-means,Random 50% immutable,α < 1,0.9849107803895755,122,4,1,True,,13.0,0.34771688890858765,3.6825206947734754,1.8892239570408966,0.8892239570408966,True,5.463700000291283,Optimization terminated successfully
Student Performance,5,42,10,300,0.0001,50,least_cost,Ranked k-means,Random 75% immutable,α = 1,1.0,122,4,1,False,,,,,,,False,28.513199999906647,Positive directional derivative for linesearch
Student Performance,5,42,10,300,0.0001,50,least_cost,Ranked k-means,Random 75% immutable,α < 1,0.9849107803895755,122,4,1,False,,,,,,,False,41.79649999969115,Inequality constraints incompatible
Student Performance,5,42,10,300,0.0001,50,least_cost,Ranked k-means,All features mutable,α = 1,1.0,518,2,3,True,,25.0,0.07054779392223676,1.6587235945048928,1.8589939011001697,0.8589939011001697,True,6.331300000056217,Optimization terminated successfully
Student Performance,5,42,10,300,0.0001,50,least_cost,Ranked k-means,All features mutable,α < 1,0.9803072113728922,518,2,3,True,,25.0,0.07321854529885287,1.689829360218144,1.8247742226796528,0.8247742226796528,True,6.316200000583194,Optimization terminated successfully
Student Performance,5,42,10,300,0.0001,50,least_cost,Ranked k-means,Random 25% immutable,α = 1,1.0,518,2,3,True,,19.0,0.07136624290525237,1.6683175576924323,1.837674416094693,0.837674416094693,True,4.984500000318803,Optimization terminated successfully
Student Performance,5,42,10,300,0.0001,50,least_cost,Ranked k-means,Random 25% immutable,α < 1,0.9803072113728922,518,2,3,True,,19.0,0.0740679782836649,1.699603234011671,1.803847184470203,0.8038471844702031,True,4.39989999995305,Optimization terminated successfully
Student Performance,5,42,10,300,0.0001,50,least_cost,Ranked k-means,Random 50% immutable,α = 1,1.0,518,2,3,True,,12.0,0.1292725710142561,2.2453574925957756,1.0295234604595644,0.029523460459564443,True,3.996299999926123,Optimization terminated successfully
Student Performance,5,42,10,300,0.0001,50,least_cost,Ranked k-means,Random 50% immutable,α < 1,0.9803072113728922,518,2,3,True,,12.0,0.13416648569645093,2.2874643040191,1.0105723727867317,0.010572372786731732,True,6.195799999659357,Optimization terminated successfully
Student Performance,5,42,10,300,0.0001,50,least_cost,Ranked k-means,Random 75% immutable,α = 1,1.0,518,2,3,False,,,,,,,False,6.4910999999483465,Positive directional derivative for linesearch
Student Performance,5,42,10,300,0.0001,50,least_cost,Ranked k-means,Random 75% immutable,α < 1,0.9803072113728922,518,2,3,False,,,,,,,False,7.795199999236502,Positive directional derivative for linesearch
Student Performance,5,42,10,300,0.0001,50,least_cost,Ranked k-means,All features mutable,α = 1,1.0,351,0,3,True,,18.0,0.2513618588691363,3.1309922542057365,2.1005921333506477,1.1005921333506477,True,9.266800000659714,Optimization terminated successfully
Student Performance,5,42,10,300,0.0001,50,least_cost,Ranked k-means,All features mutable,α < 1,0.9803072113728922,351,0,3,True,,18.0,0.25904586092626963,3.1784884105694826,2.0692029806573555,1.0692029806573555,True,9.734199999911652,Optimization terminated successfully
Student Performance,5,42,10,300,0.0001,50,least_cost,Ranked k-means,Random 25% immutable,α = 1,1.0,351,0,3,True,,14.0,0.4837476400388915,4.343519075762965,1.1127995157108015,0.11279951571080149,True,7.471300000361225,Optimization terminated successfully
Student Performance,5,42,10,300,0.0001,50,least_cost,Ranked k-means,Random 25% immutable,α < 1,0.9803072113728922,351,0,3,True,,14.0,0.4985355552696083,4.409408878241472,1.0961709534081865,0.09617095340818649,True,7.2871000002123765,Optimization terminated successfully
Student Performance,5,42,10,300,0.0001,50,least_cost,Ranked k-means,Random 50% immutable,α = 1,1.0,351,0,3,True,,10.0,0.5332402667915894,4.560303762346538,1.0095152095243318,0.009515209524331825,True,5.413400000179536,Optimization terminated successfully
Student Performance,5,42,10,300,0.0001,50,least_cost,Ranked k-means,Random 50% immutable,α < 1,0.9803072113728922,351,0,3,True,,10.0,0.5495609289969047,4.629565447304886,1.0,0.0,False,5.231300000559713,Optimization terminated successfully
Student Performance,5,42,10,300,0.0001,50,least_cost,Ranked k-means,Random 75% immutable,α = 1,1.0,351,0,3,False,,,,,,,False,10.330699999940407,Positive directional derivative for linesearch
Student Performance,5,42,10,300,0.0001,50,least_cost,Ranked k-means,Random 75% immutable,α < 1,0.9803072113728922,351,0,3,False,,,,,,,False,36.682800000562565,Positive directional derivative for linesearch
Student Performance,5,42,10,300,0.0001,50,least_cost,Ranked k-means,All features mutable,α = 1,1.0,515,3,1,True,,27.0,0.2567026540855149,3.1640801995738164,1.5754819056406029,0.5754819056406029,True,9.269799999856332,Optimization terminated successfully
Student Performance,5,42,10,300,0.0001,50,least_cost,Ranked k-means,All features mutable,α < 1,0.9849107803895755,515,3,1,True,,27.0,0.26199925090899806,3.1965560820124717,1.5594755639775126,0.5594755639775126,True,9.96110000050976,Optimization terminated successfully
Student Performance,5,42,10,300,0.0001,50,least_cost,Ranked k-means,Random 25% immutable,α = 1,1.0,515,3,1,True,,21.0,0.2604125197321438,3.1868618215344084,1.553037418722466,0.553037418722466,True,7.660900000701076,Optimization terminated successfully
Student Performance,5,42,10,300,0.0001,50,least_cost,Ranked k-means,Random 25% immutable,α < 1,0.9849107803895755,515,3,1,True,,21.0,0.2657856629500129,3.219571532836396,1.537259101691341,0.5372591016913411,True,7.0253000003503985,Optimization terminated successfully
Student Performance,5,42,10,300,0.0001,50,least_cost,Ranked k-means,Random 50% immutable,α = 1,1.0,515,3,1,False,,,,,,,False,23.418100000526465,Positive directional derivative for linesearch
Student Performance,5,42,10,300,0.0001,50,least_cost,Ranked k-means,Random 50% immutable,α < 1,0.9849107803895755,515,3,1,False,,,,,,,False,32.84669999993639,Inequality constraints incompatible
Student Performance,5,42,10,300,0.0001,50,least_cost,Ranked k-means,Random 75% immutable,α = 1,1.0,515,3,1,False,,,,,,,False,26.54660000007425,Positive directional derivative for linesearch
Student Performance,5,42,10,300,0.0001,50,least_cost,Ranked k-means,Random 75% immutable,α < 1,0.9849107803895755,515,3,1,False,,,,,,,False,10.926300000392075,Positive directional derivative for linesearch
Student Performance,5,42,10,300,0.0001,50,least_cost,Ranked k-means,All features mutable,α = 1,1.0,105,4,3,True,,21.0,0.06339116711738076,1.5723407765423658,3.122215570694591,2.122215570694591,True,9.205700000165962,Optimization terminated successfully
Student Performance,5,42,10,300,0.0001,50,least_cost,Ranked k-means,All features mutable,α < 1,0.9803072113728922,105,4,3,True,,21.0,0.0686654110809715,1.6364446315588832,2.999910145116148,1.9999101451161478,True,8.570699999836506,Optimization terminated successfully
Student Performance,5,42,10,300,0.0001,50,least_cost,Ranked k-means,Random 25% immutable,α = 1,1.0,105,4,3,True,,20.0,0.06461197400814385,1.5874088907139239,3.0632230697367193,2.0632230697367193,True,7.276299999830371,Optimization terminated successfully
Student Performance,5,42,10,300,0.0001,50,least_cost,Ranked k-means,Random 25% immutable,α < 1,0.9803072113728922,105,4,3,True,,20.0,0.06998779100891186,1.6521270681601832,2.94322853360601,1.94322853360601,True,7.423800000651681,Optimization terminated successfully
Student Performance,5,42,10,300,0.0001,50,least_cost,Ranked k-means,Random 50% immutable,α = 1,1.0,105,4,3,True,,10.0,0.08329274940585414,1.8023366019776417,3.3593322776970367,2.3593322776970367,True,5.552300000090327,Optimization terminated successfully
Student Performance,5,42,10,300,0.0001,50,least_cost,Ranked k-means,Random 50% immutable,α < 1,0.9803072113728922,105,4,3,True,,10.0,0.09022283605264605,1.87581731681238,3.227738364224585,2.227738364224585,True,5.398999999670195,Optimization terminated successfully
Student Performance,5,42,10,300,0.0001,50,least_cost,Ranked k-means,Random 75% immutable,α = 1,1.0,105,4,3,True,,7.0,0.5612355033323962,4.678481017377697,1.0,0.0,False,3.664799999569368,Optimization terminated successfully
Student Performance,5,42,10,300,0.0001,50,least_cost,Ranked k-means,Random 75% immutable,α < 1,0.9803072113728922,105,4,3,True,,7.0,0.6348052608991733,4.975681377969027,1.0000000000000002,2.220446049250313e-16,True,4.36360000003333,Optimization terminated successfully
Student Performance,5,42,10,300,0.0001,50,least_cost,Ranked k-means,All features mutable,α = 1,1.0,423,0,1,True,,20.0,0.1208836313775734,2.171281101959247,1.2619291039196012,0.2619291039196012,True,6.762900000467198,Optimization terminated successfully
Student Performance,5,42,10,300,0.0001,50,least_cost,Ranked k-means,All features mutable,α < 1,0.9849107803895755,423,0,1,True,,20.0,0.12527497961285855,2.2103674366271058,1.238325299816847,0.23832529981684702,True,5.928399999902467,Optimization terminated successfully
Student Performance,5,42,10,300,0.0001,50,least_cost,Ranked k-means,Random 25% immutable,α = 1,1.0,423,0,1,True,,17.0,0.28808274748759,3.3518990366680215,1.0,0.0,False,7.370699999228236,Optimization terminated successfully
Student Performance,5,42,10,300,0.0001,50,least_cost,Ranked k-means,Random 25% immutable,α < 1,0.9849107803895755,423,0,1,True,,16.0,0.2990590527015267,3.415157837547123,1.0,0.0,False,6.683300000076997,Optimization terminated successfully
Student Performance,5,42,10,300,0.0001,50,least_cost,Ranked k-means,Random 50% immutable,α = 1,1.0,423,0,1,True,,13.0,0.17240731440195325,2.5930455571925797,1.0,0.0,False,5.951600000116741,Optimization terminated successfully
Student Performance,5,42,10,300,0.0001,50,least_cost,Ranked k-means,Random 50% immutable,α < 1,0.9849107803895755,423,0,1,True,,13.0,0.1783195456296906,2.6371314490479865,1.0,0.0,False,5.808299999443989,Optimization terminated successfully
Student Performance,5,42,10,300,0.0001,50,least_cost,Ranked k-means,Random 75% immutable,α = 1,1.0,423,0,1,False,,,,,,,False,79.63370000015857,Positive directional derivative for linesearch
Student Performance,5,42,10,300,0.0001,50,least_cost,Ranked k-means,Random 75% immutable,α < 1,0.9849107803895755,423,0,1,False,,,,,,,False,23.05259999957343,Positive directional derivative for linesearch
Student Performance,5,42,10,300,0.0001,50,least_cost,Ranked k-means,All features mutable,α = 1,1.0,562,2,0,True,,28.0,0.16155616194387445,2.5101175900365913,2.243490468765196,1.243490468765196,True,6.391899999471207,Optimization terminated successfully
Student Performance,5,42,10,300,0.0001,50,least_cost,Ranked k-means,All features mutable,α < 1,0.9546250367985473,562,2,0,True,,28.0,0.17516412997743125,2.6136949074289104,2.1545837705158624,1.1545837705158624,True,8.948700000473764,Optimization terminated successfully
Student Performance,5,42,10,300,0.0001,50,least_cost,Ranked k-means,Random 25% immutable,α = 1,1.0,562,2,0,True,,22.0,0.17297747337827352,2.5973296790651488,2.0953578570659177,1.0953578570659177,True,7.611699999870325,Optimization terminated successfully
Student Performance,5,42,10,300,0.0001,50,least_cost,Ranked k-means,Random 25% immutable,α < 1,0.9546250367985473,562,2,0,True,,22.0,0.18754746501421382,2.704505710024355,2.0123214678243193,1.0123214678243193,True,7.572699999400356,Optimization terminated successfully
Student Performance,5,42,10,300,0.0001,50,least_cost,Ranked k-means,Random 50% immutable,α = 1,1.0,562,2,0,True,,13.0,0.31977187350741354,3.531444897883744,1.7380067538322133,0.7380067538322133,True,5.80790000003617,Optimization terminated successfully
Student Performance,5,42,10,300,0.0001,50,least_cost,Ranked k-means,Random 50% immutable,α < 1,0.9546250367985473,562,2,0,True,,13.0,0.3467064415261268,3.6771661941662286,1.669131839737433,0.6691318397374331,True,5.175799999960873,Optimization terminated successfully
Student Performance,5,42,10,300,0.0001,50,least_cost,Ranked k-means,Random 75% immutable,α = 1,1.0,562,2,0,True,,6.0,0.6237784263156338,4.932277225208424,1.0,0.0,False,4.032700000607292,Optimization terminated successfully
Student Performance,5,42,10,300,0.0001,50,least_cost,Ranked k-means,Random 75% immutable,α < 1,0.9546250367985473,562,2,0,True,,6.0,0.7017819108773401,5.231586234041857,1.0,0.0,False,4.306900000301539,Optimization terminated successfully
Student Performance,5,42,10,300,0.0001,50,least_cost,Ranked k-means,All features mutable,α = 1,1.0,646,3,4,True,,27.0,0.27074744542663903,3.249484631697605,1.7498151688820147,0.7498151688820147,True,9.415999999873748,Optimization terminated successfully
Student Performance,5,42,10,300,0.0001,50,least_cost,Ranked k-means,All features mutable,α < 1,0.890151690365568,646,3,4,True,,27.0,0.31316595660013785,3.4947778623834416,1.6269982599944808,0.6269982599944808,True,9.458200000153738,Optimization terminated successfully
Student Performance,5,42,10,300,0.0001,50,least_cost,Ranked k-means,Random 25% immutable,α = 1,1.0,646,3,4,True,,20.0,0.5292184377793704,4.543073747298787,1.1267023888288423,0.12670238882884233,True,8.27449999997043,Optimization terminated successfully
Student Performance,5,42,10,300,0.0001,50,least_cost,Ranked k-means,Random 25% immutable,α < 1,0.890151690365568,646,3,4,True,,20.0,0.6121320851483849,4.8860158944468255,1.047620828446533,0.047620828446532926,True,7.562399999187619,Optimization terminated successfully
Student Performance,5,42,10,300,0.0001,50,least_cost,Ranked k-means,Random 50% immutable,α = 1,1.0,646,3,4,True,,14.0,0.7400166042380971,5.372210677671324,1.0,0.0,False,5.3728000002593035,Optimization terminated successfully
Student Performance,5,42,10,300,0.0001,50,least_cost,Ranked k-means,Random 50% immutable,α < 1,0.890151690365568,646,3,4,True,,14.0,0.8616653030133908,5.796977386321448,1.0,0.0,False,5.689200000233541,Optimization terminated successfully
Student Performance,5,42,10,300,0.0001,50,least_cost,Ranked k-means,Random 75% immutable,α = 1,1.0,646,3,4,True,,7.0,0.4772664529090811,4.314324010022215,1.0000000000000002,2.220446049250313e-16,True,3.884799999468669,Optimization terminated successfully
Student Performance,5,42,10,300,0.0001,50,least_cost,Ranked k-means,Random 75% immutable,α < 1,0.890151690365568,646,3,4,True,,7.0,0.5646399918714895,4.692649537626701,1.0,0.0,False,4.807000000255357,Optimization terminated successfully
Student Performance,5,42,10,300,0.0001,50,least_cost,Ranked k-means,All features mutable,α = 1,1.0,264,3,2,True,,26.0,0.11589695673634291,2.1260247676632025,1.5086378055644611,0.5086378055644611,True,10.304500000529515,Optimization terminated successfully
Student Performance,5,42,10,300,0.0001,50,least_cost,Ranked k-means,All features mutable,α < 1,0.9840515780810501,264,3,2,True,,26.0,0.1188210720158855,2.152677822763902,1.4907480101137591,0.4907480101137591,True,6.229399999938323,Optimization terminated successfully
Student Performance,5,42,10,300,0.0001,50,least_cost,Ranked k-means,Random 25% immutable,α = 1,1.0,264,3,2,True,,18.0,1.5466659089831554,7.766593233222856,1.0,0.0,False,7.650699999430799,Optimization terminated successfully
Student Performance,5,42,10,300,0.0001,50,least_cost,Ranked k-means,Random 25% immutable,α < 1,0.9840515780810501,264,3,2,True,,18.0,1.6482873491504668,8.017680875219979,1.0000000000000002,2.220446049250313e-16,True,7.496199999877717,Optimization terminated successfully
Student Performance,5,42,10,300,0.0001,50,least_cost,Ranked k-means,Random 50% immutable,α = 1,1.0,264,3,2,False,,,,,,,False,47.89059999984602,Inequality constraints incompatible
Student Performance,5,42,10,300,0.0001,50,least_cost,Ranked k-means,Random 50% immutable,α < 1,0.9840515780810501,264,3,2,False,,,,,,,False,39.70680000020366,Positive directional derivative for linesearch
Student Performance,5,42,10,300,0.0001,50,least_cost,Ranked k-means,Random 75% immutable,α = 1,1.0,264,3,2,True,,8.0,0.1306393539137797,2.257196225993081,1.338215522745257,0.338215522745257,True,2.6133999999728985,Optimization terminated successfully
Student Performance,5,42,10,300,0.0001,50,least_cost,Ranked k-means,Random 75% immutable,α < 1,0.9840515780810501,264,3,2,True,,8.0,0.13396895058679859,2.285779751613253,1.3234843396615183,0.32348433966151835,True,4.023200000119687,Optimization terminated successfully
Student Performance,5,42,10,300,0.0001,50,least_cost,Ranked k-means,All features mutable,α = 1,1.0,58,3,1,True,,18.0,0.06977923070851759,1.6496636013539812,2.9556668422062993,1.9556668422062993,True,9.521199999653618,Optimization terminated successfully
Student Performance,5,42,10,300,0.0001,50,least_cost,Ranked k-means,All features mutable,α < 1,0.9849107803895755,58,3,1,True,,18.0,0.07261636843041422,1.6828661173088473,2.8973522941215872,1.8973522941215872,True,10.003299999880255,Optimization terminated successfully
Student Performance,5,42,10,300,0.0001,50,least_cost,Ranked k-means,Random 25% immutable,α = 1,1.0,58,3,1,True,,14.0,0.0745255243956246,1.7048447000912899,2.7674298230073298,1.7674298230073298,True,7.233600000290608,Optimization terminated successfully
Student Performance,5,42,10,300,0.0001,50,least_cost,Ranked k-means,Random 25% immutable,α < 1,0.9849107803895755,58,3,1,True,,14.0,0.07755564058292079,1.739157837211422,2.712829146166875,1.7128291461668752,True,7.336100000429724,Optimization terminated successfully
Student Performance,5,42,10,300,0.0001,50,least_cost,Ranked k-means,Random 50% immutable,α = 1,1.0,58,3,1,True,,11.0,0.07448630481164877,1.70439604777009,2.7688869697987064,1.7688869697987064,True,5.077599999822269,Optimization terminated successfully
Student Performance,5,42,10,300,0.0001,50,least_cost,Ranked k-means,Random 50% immutable,α < 1,0.9849107803895755,58,3,1,True,,11.0,0.07751482637888395,1.7387001549365761,2.714257544983338,1.714257544983338,True,5.397099999754573,Optimization terminated successfully
Student Performance,5,42,10,300,0.0001,50,least_cost,Ranked k-means,Random 75% immutable,α = 1,1.0,58,3,1,True,,6.0,0.10779611279914757,2.0503776235529774,1.9132801288577628,0.9132801288577628,True,3.8168999999470543,Optimization terminated successfully
Student Performance,5,42,10,300,0.0001,50,least_cost,Ranked k-means,Random 75% immutable,α < 1,0.9849107803895755,58,3,1,True,,6.0,0.11217897020228831,2.091645246663316,1.8755316028175082,0.8755316028175082,True,3.7774000002173125,Optimization terminated successfully
Student Performance,5,42,10,300,0.0001,50,least_cost,Ranked k-means,All features mutable,α = 1,1.0,519,2,1,True,,20.0,0.16541440595155105,2.5399137450138913,1.9381694868299837,0.9381694868299837,True,9.54379999984667,Optimization terminated successfully
Student Performance,5,42,10,300,0.0001,50,least_cost,Ranked k-means,All features mutable,α < 1,0.9849107803895755,519,2,1,True,,20.0,0.16964308387857355,2.5721742303476196,1.91386072934162,0.9138607293416201,True,9.767700000338664,Optimization terminated successfully
Student Performance,5,42,10,300,0.0001,50,least_cost,Ranked k-means,Random 25% immutable,α = 1,1.0,519,2,1,True,,14.0,0.18531340093208395,2.6883494260142737,1.7300483994781695,0.7300483994781695,True,5.129500000293774,Optimization terminated successfully
Student Performance,5,42,10,300,0.0001,50,least_cost,Ranked k-means,Random 25% immutable,α < 1,0.9849107803895755,519,2,1,True,,14.0,0.19005077985995092,2.722495255191106,1.7083499300159053,0.7083499300159053,True,7.40360000054352,Optimization terminated successfully
Student Performance,5,42,10,300,0.0001,50,least_cost,Ranked k-means,Random 50% immutable,α = 1,1.0,519,2,1,False,,,,,,,False,4.557199999908335,Positive directional derivative for linesearch
Student Performance,5,42,10,300,0.0001,50,least_cost,Ranked k-means,Random 50% immutable,α < 1,0.9849107803895755,519,2,1,False,,,,,,,False,9.826000000430213,Positive directional derivative for linesearch
Student Performance,5,42,10,300,0.0001,50,least_cost,Ranked k-means,Random 75% immutable,α = 1,1.0,519,2,1,False,,,,,,,False,12.214999999741849,Positive directional derivative for linesearch
Student Performance,5,42,10,300,0.0001,50,least_cost,Ranked k-means,Random 75% immutable,α < 1,0.9849107803895755,519,2,1,False,,,,,,,False,36.30669999984093,Positive directional derivative for linesearch
Student Performance,5,42,10,300,0.0001,50,least_cost,Ranked k-means,All features mutable,α = 1,1.0,577,0,2,True,,25.0,0.20487907864996016,2.8267090524757665,1.3868208937223847,0.3868208937223847,True,10.047699999631732,Optimization terminated successfully
Student Performance,5,42,10,300,0.0001,50,least_cost,Ranked k-means,All features mutable,α < 1,0.9840515780810501,577,0,2,True,,25.0,0.2115010323552219,2.8720272042328663,1.3649380377932876,0.3649380377932876,True,9.689700000308221,Optimization terminated successfully
Student Performance,5,42,10,300,0.0001,50,least_cost,Ranked k-means,Random 25% immutable,α = 1,1.0,577,0,2,True,,20.0,0.21156419111194588,2.872455996767555,1.342999426298661,0.3429994262986611,True,7.305899999664689,Optimization terminated successfully
Student Performance,5,42,10,300,0.0001,50,least_cost,Ranked k-means,Random 25% immutable,α < 1,0.9840515780810501,577,0,2,True,,20.0,0.21840221619711317,2.9185075692359295,1.3218080334732631,0.32180803347326314,True,7.627199999660661,Optimization terminated successfully
Student Performance,5,42,10,300,0.0001,50,least_cost,Ranked k-means,Random 50% immutable,α = 1,1.0,577,0,2,True,,12.0,0.4101897110742718,3.9996748282699937,1.2257104911858874,0.22571049118588737,True,6.303000000116299,Optimization terminated successfully
Student Performance,5,42,10,300,0.0001,50,least_cost,Ranked k-means,Random 50% immutable,α < 1,0.9840515780810501,577,0,2,True,,12.0,0.4234475668544086,4.063798113504402,1.2063698194169743,0.2063698194169743,True,6.351400000312424,Optimization terminated successfully
Student Performance,5,42,10,300,0.0001,50,least_cost,Ranked k-means,Random 75% immutable,α = 1,1.0,577,0,2,True,,10.0,0.8105682650269294,5.622469416195187,1.0,0.0,False,4.130600000280538,Optimization terminated successfully
Student Performance,5,42,10,300,0.0001,50,least_cost,Ranked k-means,Random 75% immutable,α < 1,0.9840515780810501,577,0,2,True,,10.0,0.8532897501389624,5.768734718759352,1.0,0.0,False,4.1049999999813735,Optimization terminated successfully
Student Performance,5,42,10,300,0.0001,50,least_cost,Ranked k-means,All features mutable,α = 1,1.0,403,3,2,True,,23.0,0.02518104350627269,0.9909897561249738,3.102737692078893,2.102737692078893,True,7.131100000151491,Optimization terminated successfully
Student Performance,5,42,10,300,0.0001,50,least_cost,Ranked k-means,All features mutable,α < 1,0.9840515780810501,403,3,2,True,,23.0,0.02648128653928493,1.0162530073914233,3.025606051079773,2.025606051079773,True,5.681999999978871,Optimization terminated successfully
Student Performance,5,42,10,300,0.0001,50,least_cost,Ranked k-means,Random 25% immutable,α = 1,1.0,403,3,2,True,,16.0,0.04459171086706398,1.3187405824556608,1.7780578301472718,0.7780578301472718,True,5.343900000298163,Optimization terminated successfully
Student Performance,5,42,10,300,0.0001,50,least_cost,Ranked k-means,Random 25% immutable,α < 1,0.9840515780810501,403,3,2,True,,16.0,0.046894238784168985,1.352359165526152,1.7338566932704567,0.7338566932704567,True,7.231999999930849,Optimization terminated successfully
Student Performance,5,42,10,300,0.0001,50,least_cost,Ranked k-means,Random 50% immutable,α = 1,1.0,403,3,2,True,,12.0,0.04633392569721189,1.3442555940710323,1.7112005699628683,0.7112005699628683,True,4.1504999999233405,Optimization terminated successfully
Student Performance,5,42,10,300,0.0001,50,least_cost,Ranked k-means,Random 50% immutable,α < 1,0.9840515780810501,403,3,2,True,,12.0,0.048726414190796034,1.3785246292471691,1.6686614672038416,0.6686614672038416,True,3.611500000261003,Optimization terminated successfully
Student Performance,5,42,10,300,0.0001,50,least_cost,Ranked k-means,Random 75% immutable,α = 1,1.0,403,3,2,False,,,,,,,False,12.208299999656447,Positive directional derivative for linesearch
Student Performance,5,42,10,300,0.0001,50,least_cost,Ranked k-means,Random 75% immutable,α < 1,0.9840515780810501,403,3,2,False,,,,,,,False,6.269400000746828,Inequality constraints incompatible
Student Performance,5,42,10,300,0.0001,50,least_cost,Ranked k-means,All features mutable,α = 1,1.0,394,3,2,True,,29.0,0.11797442771194624,2.1449947973750203,1.4973973713013826,0.4973973713013826,True,9.14459999967221,Optimization terminated successfully
Student Performance,5,42,10,300,0.0001,50,least_cost,Ranked k-means,All features mutable,α < 1,0.9840515780810501,394,3,2,True,,29.0,0.12064973162541398,2.169179460854068,1.4807025255768789,0.48070252557687887,True,9.843499999988126,Optimization terminated successfully
Student Performance,5,42,10,300,0.0001,50,least_cost,Ranked k-means,Random 25% immutable,α = 1,1.0,394,3,2,True,,21.0,0.12469598670093303,2.2052536093012947,1.4166823030237223,0.41668230302372233,True,6.821400000262656,Optimization terminated successfully
Student Performance,5,42,10,300,0.0001,50,least_cost,Ranked k-means,Random 25% immutable,α < 1,0.9840515780810501,394,3,2,True,,21.0,0.12752371528317527,2.2301176865905163,1.4008873761513922,0.40088737615139225,True,7.066299999678449,Optimization terminated successfully
Student Performance,5,42,10,300,0.0001,50,least_cost,Ranked k-means,Random 50% immutable,α = 1,1.0,394,3,2,False,,,,,,,False,26.91880000020319,Positive directional derivative for linesearch
Student Performance,5,42,10,300,0.0001,50,least_cost,Ranked k-means,Random 50% immutable,α < 1,0.9840515780810501,394,3,2,False,,,,,,,False,32.62399999948684,Positive directional derivative for linesearch
Student Performance,5,42,10,300,0.0001,50,least_cost,Ranked k-means,Random 75% immutable,α = 1,1.0,394,3,2,False,,,,,,,False,3.299699999843142,Positive directional derivative for linesearch
Student Performance,5,42,10,300,0.0001,50,least_cost,Ranked k-means,Random 75% immutable,α < 1,0.9840515780810501,394,3,2,False,,,,,,,False,46.12420000012207,Positive directional derivative for linesearch
Student Performance,5,42,10,300,0.0001,50,least_cost,Ranked k-means,All features mutable,α = 1,1.0,450,2,3,True,,21.0,0.03648378540092204,1.192840153011274,2.5715776220558366,1.5715776220558366,True,13.149200000043493,Optimization terminated successfully
Student Performance,5,42,10,300,0.0001,50,least_cost,Ranked k-means,All features mutable,α < 1,0.9803072113728922,450,2,3,True,,21.0,0.0384216072826516,1.2241089347045109,2.5058889427355404,1.5058889427355404,True,6.363800000144693,Optimization terminated successfully
Student Performance,5,42,10,300,0.0001,50,least_cost,Ranked k-means,Random 25% immutable,α = 1,1.0,450,2,3,True,,17.0,0.06563560983010237,1.5999339934428523,1.4505785311198485,0.45057853111984847,True,5.479900000864291,Optimization terminated successfully
Student Performance,5,42,10,300,0.0001,50,least_cost,Ranked k-means,Random 25% immutable,α < 1,0.9803072113728922,450,2,3,True,,17.0,0.06912181937639074,1.6418742204198344,1.4135247838991605,0.4135247838991605,True,4.847999999583408,Optimization terminated successfully
Student Performance,5,42,10,300,0.0001,50,least_cost,Ranked k-means,Random 50% immutable,α = 1,1.0,450,2,3,True,,10.0,0.08066056720798385,1.773629645983448,1.1631567927890298,0.16315679278902984,True,4.482999999709136,Optimization terminated successfully
Student Performance,5,42,10,300,0.0001,50,least_cost,Ranked k-means,Random 50% immutable,α < 1,0.9803072113728922,450,2,3,True,,10.0,0.08494482144341178,1.820123082731786,1.1334449795879176,0.13344497958791757,True,3.6242999995010905,Optimization terminated successfully
Student Performance,5,42,10,300,0.0001,50,least_cost,Ranked k-means,Random 75% immutable,α = 1,1.0,450,2,3,True,,5.0,0.06910721822670435,1.641700798209427,1.3777085629980055,0.3777085629980055,True,2.6013999995484482,Optimization terminated successfully
Student Performance,5,42,10,300,0.0001,50,least_cost,Ranked k-means,Random 75% immutable,α < 1,0.9803072113728922,450,2,3,True,,5.0,0.072777820884667,1.6847358886490231,1.3425162145849903,0.34251621458499026,True,2.94930000018212,Optimization terminated successfully
Student Performance,5,42,10,300,0.0001,50,least_cost,Ranked k-means,All features mutable,α = 1,1.0,283,0,4,True,,24.0,0.06465114755043029,1.587890032233587,1.9647030467521258,0.9647030467521258,True,6.9137999998929445,Optimization terminated successfully
Student Performance,5,42,10,300,0.0001,50,least_cost,Ranked k-means,All features mutable,α < 1,0.890151690365568,283,0,4,True,,24.0,0.09678922605321033,1.9428792592632211,1.5242180268710182,0.5242180268710182,True,9.82650000059948,Optimization terminated successfully
Student Performance,5,42,10,300,0.0001,50,least_cost,Ranked k-means,Random 25% immutable,α = 1,1.0,283,0,4,True,,18.0,0.06691471648889816,1.6154485269011292,1.806130968357854,0.8061309683578539,True,5.330800000592717,Optimization terminated successfully
Student Performance,5,42,10,300,0.0001,50,least_cost,Ranked k-means,Random 25% immutable,α < 1,0.890151690365568,283,0,4,True,,17.0,0.10062437657823994,1.9809973969067598,1.3952034026627538,0.3952034026627538,True,7.533500000135973,Optimization terminated successfully
Student Performance,5,42,10,300,0.0001,50,least_cost,Ranked k-means,Random 50% immutable,α = 1,1.0,283,0,4,True,,14.0,0.10463860948307804,2.020125186675332,1.0452801814752022,0.045280181475202186,True,3.584900000532798,Optimization terminated successfully
Student Performance,5,42,10,300,0.0001,50,least_cost,Ranked k-means,Random 50% immutable,α < 1,0.890151690365568,283,0,4,True,,14.0,0.1590434669683476,2.4905210723391917,1.0000000000000002,2.220446049250313e-16,True,5.764700000327139,Optimization terminated successfully
Student Performance,5,42,10,300,0.0001,50,least_cost,Ranked k-means,Random 75% immutable,α = 1,1.0,283,0,4,True,,6.0,0.24958444557878928,3.1199027833528374,1.0,0.0,False,4.102799999600393,Optimization terminated successfully
Student Performance,5,42,10,300,0.0001,50,least_cost,Ranked k-means,Random 75% immutable,α < 1,0.890151690365568,283,0,4,True,,6.0,0.40296263123971066,3.964283367564523,1.0,0.0,False,3.6546999999700347,Optimization terminated successfully
Student Performance,5,42,10,300,0.0001,50,least_cost,Ranked k-means,All features mutable,α = 1,1.0,596,3,0,True,,27.0,0.15231695884232052,2.437285661314755,3.0485441484489018,2.0485441484489018,True,8.829700000205776,Optimization terminated successfully
Student Performance,5,42,10,300,0.0001,50,least_cost,Ranked k-means,All features mutable,α < 1,0.9546250367985473,596,3,0,True,,27.0,0.1637785659967416,2.527323500043657,2.9399374010195283,1.9399374010195283,True,9.058399999958056,Optimization terminated successfully
Student Performance,5,42,10,300,0.0001,50,least_cost,Ranked k-means,Random 25% immutable,α = 1,1.0,596,3,0,True,,20.0,0.1704129841017061,2.578004340563944,2.724821558887857,1.7248215588878568,True,8.114199999909033,Optimization terminated successfully
Student Performance,5,42,10,300,0.0001,50,least_cost,Ranked k-means,Random 25% immutable,α < 1,0.9546250367985473,596,3,0,True,,20.0,0.18323628816864398,2.673240587484994,2.6277476859731896,1.6277476859731896,True,7.862899999963702,Optimization terminated successfully
Student Performance,5,42,10,300,0.0001,50,least_cost,Ranked k-means,Random 50% immutable,α = 1,1.0,596,3,0,True,,14.0,0.17157200496609235,2.586756307362099,2.70641456207462,1.7064145620746198,True,5.31200000023091,Optimization terminated successfully
Student Performance,5,42,10,300,0.0001,50,least_cost,Ranked k-means,Random 50% immutable,α < 1,0.9546250367985473,596,3,0,True,,14.0,0.1844825234964248,2.6823158681185495,2.6099964492523933,1.6099964492523933,True,5.468299999847659,Optimization terminated successfully
Student Performance,5,42,10,300,0.0001,50,least_cost,Ranked k-means,Random 75% immutable,α = 1,1.0,596,3,0,True,,8.0,0.2534908064970665,3.1442235056346735,1.831802017386882,0.8318020173868821,True,3.995000000031723,Optimization terminated successfully
Student Performance,5,42,10,300,0.0001,50,least_cost,Ranked k-means,Random 75% immutable,α < 1,0.9546250367985473,596,3,0,True,,8.0,0.27256558361583955,3.2603769354198517,1.7665426620712377,0.7665426620712377,True,3.805399999691872,Optimization terminated successfully
Student Performance,5,42,10,300,0.0001,50,least_cost,Ranked k-means,All features mutable,α = 1,1.0,440,2,4,True,,25.0,0.19968201154795215,2.790626892002966,1.9949682284239199,0.9949682284239199,True,8.932199999435397,Optimization terminated successfully
Student Performance,5,42,10,300,0.0001,50,least_cost,Ranked k-means,All features mutable,α < 1,0.890151690365568,440,2,4,True,,25.0,0.23750750766715756,3.0434836616974215,1.8292235075716021,0.8292235075716021,True,8.647999999993772,Optimization terminated successfully
Student Performance,5,42,10,300,0.0001,50,least_cost,Ranked k-means,Random 25% immutable,α = 1,1.0,440,2,4,True,,18.0,0.3206184387032952,3.536116387992413,1.2424714767964664,0.2424714767964664,True,7.312699999602046,Optimization terminated successfully
Student Performance,5,42,10,300,0.0001,50,least_cost,Ranked k-means,Random 25% immutable,α < 1,0.890151690365568,440,2,4,True,,18.0,0.3813527603124538,3.856521444538549,1.1392452401299644,0.13924524012996442,True,7.4025000003530295,Optimization terminated successfully
Student Performance,5,42,10,300,0.0001,50,least_cost,Ranked k-means,Random 50% immutable,α = 1,1.0,440,2,4,False,,,,,,,False,101.80690000015602,Positive directional derivative for linesearch
Student Performance,5,42,10,300,0.0001,50,least_cost,Ranked k-means,Random 50% immutable,α < 1,0.890151690365568,440,2,4,False,,,,,,,False,55.60519999926328,Positive directional derivative for linesearch
Student Performance,5,42,10,300,0.0001,50,least_cost,Ranked k-means,Random 75% immutable,α = 1,1.0,440,2,4,False,,,,,,,False,3.3149999999295687,Positive directional derivative for linesearch
Student Performance,5,42,10,300,0.0001,50,least_cost,Ranked k-means,Random 75% immutable,α < 1,0.890151690365568,440,2,4,False,,,,,,,False,12.06330000059097,Positive directional derivative for linesearch
Student Performance,5,42,10,300,0.0001,50,least_cost,Ranked k-means,All features mutable,α = 1,1.0,40,3,0,True,,29.0,0.09785992324802517,1.9535959169370165,3.7869722704305215,2.7869722704305215,True,10.781699999824923,Optimization terminated successfully
Student Performance,5,42,10,300,0.0001,50,least_cost,Ranked k-means,All features mutable,α < 1,0.9546250367985473,40,3,0,True,,29.0,0.10712894435265594,2.044022707739222,3.6194380541855224,2.6194380541855224,True,12.092099999790662,Optimization terminated successfully
Student Performance,5,42,10,300,0.0001,50,least_cost,Ranked k-means,Random 25% immutable,α = 1,1.0,40,3,0,True,,20.0,0.19840090535272395,2.7816605308261892,1.8678988259575415,0.8678988259575415,True,7.67089999953896,Optimization terminated successfully
Student Performance,5,42,10,300,0.0001,50,least_cost,Ranked k-means,Random 25% immutable,α < 1,0.9546250367985473,40,3,0,True,,20.0,0.2171928900371117,2.91041624367501,1.7852636849192045,0.7852636849192045,True,7.853000000068278,Optimization terminated successfully
Student Performance,5,42,10,300,0.0001,50,least_cost,Ranked k-means,Random 50% immutable,α = 1,1.0,40,3,0,True,,15.0,0.2490274935089843,3.11641978026876,1.4881602593331924,0.4881602593331924,True,6.06190000053175,Optimization terminated successfully
Student Performance,5,42,10,300,0.0001,50,least_cost,Ranked k-means,Random 50% immutable,α < 1,0.9546250367985473,40,3,0,True,,15.0,0.27261468851544124,3.260670613861849,1.4223246133746823,0.4223246133746823,True,5.926499999986845,Optimization terminated successfully
Student Performance,5,42,10,300,0.0001,50,least_cost,Ranked k-means,Random 75% immutable,α = 1,1.0,40,3,0,False,,,,,,,False,80.23339999999735,Inequality constraints incompatible
Student Performance,5,42,10,300,0.0001,50,least_cost,Ranked k-means,Random 75% immutable,α < 1,0.9546250367985473,40,3,0,False,,,,,,,False,12.303999999858206,Positive directional derivative for linesearch
Student Performance,5,42,10,300,0.0001,50,least_cost,Ranked k-means,All features mutable,α = 1,1.0,466,2,3,True,,21.0,0.02746217366154792,1.0349032673638483,2.9561123981804953,1.9561123981804953,True,7.939099999930477,Optimization terminated successfully
Student Performance,5,42,10,300,0.0001,50,least_cost,Ranked k-means,All features mutable,α < 1,0.9803072113728922,466,2,3,True,,21.0,0.029151316843578017,1.0662557652362508,2.869190000490108,1.869190000490108,True,7.377699999778997,Optimization terminated successfully
Student Performance,5,42,10,300,0.0001,50,least_cost,Ranked k-means,Random 25% immutable,α = 1,1.0,466,2,3,True,,17.0,0.027645078492507986,1.0383439031495352,2.9365542249373053,1.9365542249373053,True,5.014399999708985,Optimization terminated successfully
Student Performance,5,42,10,300,0.0001,50,least_cost,Ranked k-means,Random 25% immutable,α < 1,0.9803072113728922,466,2,3,True,,17.0,0.02934547178357851,1.0698006354267893,2.8502069215165187,1.8502069215165187,True,5.173399999875983,Optimization terminated successfully
Student Performance,5,42,10,300,0.0001,50,least_cost,Ranked k-means,Random 50% immutable,α = 1,1.0,466,2,3,True,,10.0,2.1673328956270073,9.193801331846,1.0,0.0,False,6.009800000356336,Optimization terminated successfully
Student Performance,5,42,10,300,0.0001,50,least_cost,Ranked k-means,Random 50% immutable,α < 1,0.9803072113728922,466,2,3,True,,10.0,2.413681621613553,9.702246298818052,1.0,0.0,False,5.365799999708543,Optimization terminated successfully
Student Performance,5,42,10,300,0.0001,50,least_cost,Ranked k-means,Random 75% immutable,α = 1,1.0,466,2,3,True,,8.0,0.06058295971719565,1.537119198035933,1.3400017597380802,0.3400017597380802,True,2.814600000419887,Optimization terminated successfully
Student Performance,5,42,10,300,0.0001,50,least_cost,Ranked k-means,Random 75% immutable,α < 1,0.9803072113728922,466,2,3,True,,8.0,0.06430929597210013,1.5836863776997974,1.3005999541499866,0.30059995414998664,True,2.525500000047032,Optimization terminated successfully
Student Performance,5,42,10,300,0.0001,50,least_cost,Ranked k-means,All features mutable,α = 1,1.0,628,3,0,True,,27.0,0.0960293354858761,1.9352374748203818,3.7933389641556854,2.7933389641556854,True,7.343000000219035,Optimization terminated successfully
Student Performance,5,42,10,300,0.0001,50,least_cost,Ranked k-means,All features mutable,α < 1,0.9546250367985473,628,3,0,True,,27.0,0.10528643154559632,2.026368878136026,3.6227420374358608,2.6227420374358608,True,6.237399999918125,Optimization terminated successfully
Student Performance,5,42,10,300,0.0001,50,least_cost,Ranked k-means,Random 25% immutable,α = 1,1.0,628,3,0,True,,18.0,0.11156459719681129,2.0859097033849863,3.265120213350261,2.265120213350261,True,7.084500000019034,Optimization terminated successfully
Student Performance,5,42,10,300,0.0001,50,least_cost,Ranked k-means,Random 25% immutable,α < 1,0.9546250367985473,628,3,0,True,,18.0,0.12231927115023883,2.1841363452997418,3.1182787477218468,2.1182787477218468,True,17.78669999930571,Optimization terminated successfully
Student Performance,5,42,10,300,0.0001,50,least_cost,Ranked k-means,Random 50% immutable,α = 1,1.0,628,3,0,True,,12.0,0.15933038269620187,2.4927665203849063,2.4597684960768014,1.4597684960768014,True,5.408300000453892,Optimization terminated successfully
Student Performance,5,42,10,300,0.0001,50,least_cost,Ranked k-means,Random 50% immutable,α < 1,0.9546250367985473,628,3,0,True,,12.0,0.174689612773012,2.6101522748965182,2.349145914419658,1.3491459144196578,True,5.609400000139431,Optimization terminated successfully
Student Performance,5,42,10,300,0.0001,50,least_cost,Ranked k-means,Random 75% immutable,α = 1,1.0,628,3,0,False,,,,,,,False,6.9668999994974,Positive directional derivative for linesearch
Student Performance,5,42,10,300,0.0001,50,least_cost,Ranked k-means,Random 75% immutable,α < 1,0.9546250367985473,628,3,0,False,,,,,,,False,6.8037000000913395,Positive directional derivative for linesearch
Student Performance,5,42,10,300,0.0001,50,least_cost,Ranked k-means,All features mutable,α = 1,1.0,545,3,0,True,,25.0,0.001008069717050101,0.1982793962189565,33.52869003930259,32.52869003930259,True,6.675900000118418,Optimization terminated successfully
Student Performance,5,42,10,300,0.0001,50,least_cost,Ranked k-means,All features mutable,α < 1,0.9546250367985473,545,3,0,True,,25.0,0.0021503809020061234,0.2895942941051132,22.956420517489583,21.956420517489583,True,6.237900000087393,Optimization terminated successfully
Student Performance,5,42,10,300,0.0001,50,least_cost,Ranked k-means,Random 25% immutable,α = 1,1.0,545,3,0,True,,18.0,0.0017679559026187767,0.26258385365846904,21.068028118724083,20.068028118724083,True,5.093200000374054,Optimization terminated successfully
Student Performance,5,42,10,300,0.0001,50,least_cost,Ranked k-means,Random 25% immutable,α < 1,0.9546250367985473,545,3,0,True,,18.0,0.00377134492216025,0.38351330089613545,14.424855674343517,13.424855674343517,True,5.2184000005581765,Optimization terminated successfully
Student Performance,5,42,10,300,0.0001,50,least_cost,Ranked k-means,Random 50% immutable,α = 1,1.0,545,3,0,True,,10.0,0.003865461816111121,0.3882692504285315,10.569535523635706,9.569535523635706,True,3.8635000000795117,Optimization terminated successfully
Student Performance,5,42,10,300,0.0001,50,least_cost,Ranked k-means,Random 50% immutable,α < 1,0.9546250367985473,545,3,0,True,,10.0,0.00824567500264087,0.5670814095903638,7.236748668970992,6.236748668970992,True,3.958499999498599,Optimization terminated successfully
Student Performance,5,42,10,300,0.0001,50,least_cost,Ranked k-means,Random 75% immutable,α = 1,1.0,545,3,0,True,,8.0,0.0019304609002967056,0.27438654324068357,20.7587676888182,19.7587676888182,True,2.5534999995215912,Optimization terminated successfully
Student Performance,5,42,10,300,0.0001,50,least_cost,Ranked k-means,Random 75% immutable,α < 1,0.9546250367985473,545,3,0,True,,8.0,0.004117995196022011,0.40075155975349425,14.213111267450536,13.213111267450536,True,2.5955000000976725,Optimization terminated successfully
Student Performance,5,42,10,300,0.0001,50,least_cost,Ranked k-means,All features mutable,α = 1,1.0,342,0,2,True,,21.0,0.11069280003253583,2.0777437766165727,1.7849068755116575,0.7849068755116575,True,9.081799999876239,Optimization terminated successfully
Student Performance,5,42,10,300,0.0001,50,least_cost,Ranked k-means,All features mutable,α < 1,0.9840515780810501,342,0,2,True,,21.0,0.11493417269608612,2.117175650518246,1.7594971933880232,0.7594971933880232,True,8.815999999569613,Optimization terminated successfully
Student Performance,5,42,10,300,0.0001,50,least_cost,Ranked k-means,Random 25% immutable,α = 1,1.0,342,0,2,True,,15.0,0.1655192597094804,2.5407186244583904,1.471439431923798,0.471439431923798,True,7.08779999968101,Optimization terminated successfully
Student Performance,5,42,10,300,0.0001,50,least_cost,Ranked k-means,Random 25% immutable,α < 1,0.9840515780810501,342,0,2,True,,15.0,0.17274145339267472,2.5955571044217685,1.4403511143007894,0.44035111430078944,True,7.392299999992247,Optimization terminated successfully
Student Performance,5,42,10,300,0.0001,50,least_cost,Ranked k-means,Random 50% immutable,α = 1,1.0,342,0,2,False,,,,,,,False,55.31969999992725,Positive directional derivative for linesearch
Student Performance,5,42,10,300,0.0001,50,least_cost,Ranked k-means,Random 50% immutable,α < 1,0.9840515780810501,342,0,2,False,,,,,,,False,21.7850000008184,Positive directional derivative for linesearch
Student Performance,5,42,10,300,0.0001,50,least_cost,Ranked k-means,Random 75% immutable,α = 1,1.0,342,0,2,False,,,,,,,False,53.63889999989624,Inequality constraints incompatible
Student Performance,5,42,10,300,0.0001,50,least_cost,Ranked k-means,Random 75% immutable,α < 1,0.9840515780810501,342,0,2,False,,,,,,,False,8.69059999968158,Positive directional derivative for linesearch
Student Performance,5,42,10,300,0.0001,50,least_cost,Ranked k-means,All features mutable,α = 1,1.0,143,0,4,True,,23.0,0.21029250453732853,2.8638099931657153,1.1621602900948278,0.1621602900948278,True,11.443399999734538,Optimization terminated successfully
Student Performance,5,42,10,300,0.0001,50,least_cost,Ranked k-means,All features mutable,α < 1,0.890151690365568,143,0,4,True,,23.0,0.2676499295291771,3.2308431177694015,1.0383025625446431,0.03830256254464315,True,27.7659000003041,Optimization terminated successfully
Student Performance,5,42,10,300,0.0001,50,least_cost,Ranked k-means,Random 25% immutable,α = 1,1.0,143,0,4,True,,18.0,0.2308565300829798,3.0005673918837767,1.0686048385788474,0.06860483857884736,True,8.94730000072741,Optimization terminated successfully
Student Performance,5,42,10,300,0.0001,50,least_cost,Ranked k-means,Random 25% immutable,α < 1,0.890151690365568,143,0,4,True,,18.0,0.2940428558494554,3.386395041652518,1.0,0.0,False,9.298899999521382,Optimization terminated successfully
Student Performance,5,42,10,300,0.0001,50,least_cost,Ranked k-means,Random 50% immutable,α = 1,1.0,143,0,4,False,,,,,,,False,140.75880000018515,Positive directional derivative for linesearch
Student Performance,5,42,10,300,0.0001,50,least_cost,Ranked k-means,Random 50% immutable,α < 1,0.890151690365568,143,0,4,False,,,,,,,False,34.17910000007396,Positive directional derivative for linesearch
Student Performance,5,42,10,300,0.0001,50,least_cost,Ranked k-means,Random 75% immutable,α = 1,1.0,143,0,4,False,,,,,,,False,45.94389999965642,Positive directional derivative for linesearch
Student Performance,5,42,10,300,0.0001,50,least_cost,Ranked k-means,Random 75% immutable,α < 1,0.890151690365568,143,0,4,False,,,,,,,False,3.521999999975378,Positive directional derivative for linesearch
Student Performance,5,42,10,300,0.0001,50,least_cost,Ranked k-means,All features mutable,α = 1,1.0,52,4,3,True,,25.0,0.500234775431462,4.416917051725901,1.27329316225868,0.27329316225868006,True,18.366400000559224,Optimization terminated successfully
Student Performance,5,42,10,300,0.0001,50,least_cost,Ranked k-means,All features mutable,α < 1,0.9803072113728922,52,4,3,True,,25.0,0.5103557721738712,4.461375921706328,1.260604435500968,0.260604435500968,True,11.773900000662252,Optimization terminated successfully
Student Performance,5,42,10,300,0.0001,50,least_cost,Ranked k-means,Random 25% immutable,α = 1,1.0,52,4,3,True,,19.0,0.5695560343294784,4.713033560123423,1.118319316652505,0.11831931665250495,True,8.347699999831093,Optimization terminated successfully
Student Performance,5,42,10,300,0.0001,50,least_cost,Ranked k-means,Random 25% immutable,α < 1,0.9803072113728922,52,4,3,True,,19.0,0.5810795729780985,4.760473017058898,1.1071749477703785,0.1071749477703785,True,10.866900000110036,Optimization terminated successfully
Student Performance,5,42,10,300,0.0001,50,least_cost,Ranked k-means,Random 50% immutable,α = 1,1.0,52,4,3,True,,15.0,1.018917944984284,6.303792497726038,1.0000000000000002,2.220446049250313e-16,True,6.536299999424955,Optimization terminated successfully
Student Performance,5,42,10,300,0.0001,50,least_cost,Ranked k-means,Random 50% immutable,α < 1,0.9803072113728922,52,4,3,True,,15.0,1.071273820041439,6.463720212201029,1.0,0.0,False,8.291199999803212,Optimization terminated successfully
Student Performance,5,42,10,300,0.0001,50,least_cost,Ranked k-means,Random 75% immutable,α = 1,1.0,52,4,3,False,,,,,,,False,36.11170000021957,Positive directional derivative for linesearch
Student Performance,5,42,10,300,0.0001,50,least_cost,Ranked k-means,Random 75% immutable,α < 1,0.9803072113728922,52,4,3,False,,,,,,,False,3.9983000006031943,Positive directional derivative for linesearch
Student Performance,5,42,10,300,0.0001,50,least_cost,Ranked k-means,All features mutable,α = 1,1.0,487,0,3,True,,26.0,0.36194650442262166,3.7571150730956124,1.8537608208789902,0.8537608208789902,True,13.381900000240421,Optimization terminated successfully
Student Performance,5,42,10,300,0.0001,50,least_cost,Ranked k-means,All features mutable,α < 1,0.9803072113728922,487,0,3,True,,26.0,0.36986972675296553,3.798015184720258,1.8337980457609329,0.8337980457609329,True,10.143900000002759,Optimization terminated successfully
Student Performance,5,42,10,300,0.0001,50,least_cost,Ranked k-means,Random 25% immutable,α = 1,1.0,487,0,3,True,,20.0,0.3959146585866081,3.929462009598479,1.6947143399253601,0.6947143399253601,True,8.220799999435258,Optimization terminated successfully
Student Performance,5,42,10,300,0.0001,50,least_cost,Ranked k-means,Random 25% immutable,α < 1,0.9803072113728922,487,0,3,True,,20.0,0.4045814638340512,3.9722382971730177,1.6764642834614156,0.6764642834614156,True,7.3701000001165085,Optimization terminated successfully
Student Performance,5,42,10,300,0.0001,50,least_cost,Ranked k-means,Random 50% immutable,α = 1,1.0,487,0,3,False,,,,,,,False,43.18979999970907,Positive directional derivative for linesearch
Student Performance,5,42,10,300,0.0001,50,least_cost,Ranked k-means,Random 50% immutable,α < 1,0.9803072113728922,487,0,3,False,,,,,,,False,13.744799999585666,Inequality constraints incompatible
Student Performance,5,42,10,300,0.0001,50,least_cost,Ranked k-means,Random 75% immutable,α = 1,1.0,487,0,3,False,,,,,,,False,51.13609999989421,Positive directional derivative for linesearch
Student Performance,5,42,10,300,0.0001,50,least_cost,Ranked k-means,Random 75% immutable,α < 1,0.9803072113728922,487,0,3,False,,,,,,,False,12.78089999959775,Positive directional derivative for linesearch
Student Performance,5,42,10,300,0.0001,50,least_cost,Ranked k-means,All features mutable,α = 1,1.0,465,0,3,True,,23.0,0.0022726966036163364,0.29771658929431044,9.791278809836648,8.791278809836648,True,9.20109999970009,Optimization terminated successfully
Student Performance,5,42,10,300,0.0001,50,least_cost,Ranked k-means,All features mutable,α < 1,0.9803072113728922,465,0,3,True,,23.0,0.003183224307725975,0.35234322471322344,8.273257234215333,7.2732572342153325,True,7.865900000069814,Optimization terminated successfully
Student Performance,5,42,10,300,0.0001,50,least_cost,Ranked k-means,Random 25% immutable,α = 1,1.0,465,0,3,True,,16.0,0.002330582845048344,0.3014842134455557,9.548086288878467,8.548086288878467,True,4.893999999694643,Optimization terminated successfully
Student Performance,5,42,10,300,0.0001,50,least_cost,Ranked k-means,Random 25% immutable,α < 1,0.9803072113728922,465,0,3,True,,16.0,0.0032643019537769487,0.3568021527363603,8.067768826740297,7.067768826740297,True,4.882399999587506,Optimization terminated successfully
Student Performance,5,42,10,300,0.0001,50,least_cost,Ranked k-means,Random 50% immutable,α = 1,1.0,465,0,3,True,,9.0,0.0053369028727354275,0.456222765802718,4.812082963752033,3.812082963752033,True,5.048799999713083,Optimization terminated successfully
Student Performance,5,42,10,300,0.0001,50,least_cost,Ranked k-means,Random 50% immutable,α < 1,0.9803072113728922,465,0,3,True,,9.0,0.007475066810691595,0.5399329640029141,4.0660266101696845,3.0660266101696845,True,3.891700000167475,Optimization terminated successfully
Student Performance,5,42,10,300,0.0001,50,least_cost,Ranked k-means,Random 75% immutable,α = 1,1.0,465,0,3,True,,5.0,0.01323807276862875,0.7185296361156728,3.6874348256979474,2.6874348256979474,True,3.3036999993782956,Optimization terminated successfully
Student Performance,5,42,10,300,0.0001,50,least_cost,Ranked k-means,Random 75% immutable,α < 1,0.9803072113728922,465,0,3,True,,5.0,0.018541743074137876,0.8503693197025497,3.11574175855206,2.11574175855206,True,2.6864000001296517,Optimization terminated successfully
Student Performance,5,42,10,300,0.0001,50,least_cost,Ranked k-means,All features mutable,α = 1,1.0,113,1,0,True,,26.0,0.2078648372459229,2.847231752525774,2.755758952923355,1.755758952923355,True,9.307199999966542,Optimization terminated successfully
Student Performance,5,42,10,300,0.0001,50,least_cost,Ranked k-means,All features mutable,α < 1,0.9546250367985473,113,1,0,True,,26.0,0.22667855180349192,2.9732916978218236,2.6627977419504654,1.6627977419504654,True,9.00309999997262,Optimization terminated successfully
Student Performance,5,42,10,300,0.0001,50,least_cost,Ranked k-means,Random 25% immutable,α = 1,1.0,113,1,0,True,,19.0,0.3191207596876402,3.527847733082873,1.6991027284916784,0.6991027284916784,True,8.037399999921035,Optimization terminated successfully
Student Performance,5,42,10,300,0.0001,50,least_cost,Ranked k-means,Random 25% immutable,α < 1,0.9546250367985473,113,1,0,True,,18.0,0.35045753767831833,3.6970047294336017,1.561725386169502,0.561725386169502,True,6.918299999597366,Optimization terminated successfully
Student Performance,5,42,10,300,0.0001,50,least_cost,Ranked k-means,Random 50% immutable,α = 1,1.0,113,1,0,True,,12.0,0.43811765379763745,4.133592686526802,1.2262353833729804,0.22623538337298044,True,5.926000000727072,Optimization terminated successfully
Student Performance,5,42,10,300,0.0001,50,least_cost,Ranked k-means,Random 50% immutable,α < 1,0.9546250367985473,113,1,0,True,,12.0,0.47429479679893705,4.300871664576676,1.184156061239285,0.18415606123928496,True,5.838199999743665,Optimization terminated successfully
Student Performance,5,42,10,300,0.0001,50,least_cost,Ranked k-means,Random 75% immutable,α = 1,1.0,113,1,0,False,,,,,,,False,4.66729999970994,Positive directional derivative for linesearch
Student Performance,5,42,10,300,0.0001,50,least_cost,Ranked k-means,Random 75% immutable,α < 1,0.9546250367985473,113,1,0,False,,,,,,,False,70.18630000038684,Positive directional derivative for linesearch
Student Performance,5,42,10,300,0.0001,50,least_cost,Ranked k-means,All features mutable,α = 1,1.0,230,3,4,True,,24.0,0.07910773561215016,1.756474220953401,2.2348852080870443,1.2348852080870443,True,9.241799999472278,Optimization terminated successfully
Student Performance,5,42,10,300,0.0001,50,least_cost,Ranked k-means,All features mutable,α < 1,0.890151690365568,230,3,4,True,,24.0,0.1039694406846403,2.0136554289900177,1.949448841500613,0.949448841500613,True,10.072199999740405,Optimization terminated successfully
Student Performance,5,42,10,300,0.0001,50,least_cost,Ranked k-means,Random 25% immutable,α = 1,1.0,230,3,4,True,,17.0,0.18102658583601025,2.657072984997665,1.6981475606465202,0.6981475606465202,True,6.88350000018545,Optimization terminated successfully
Student Performance,5,42,10,300,0.0001,50,least_cost,Ranked k-means,Random 25% immutable,α < 1,0.890151690365568,230,3,4,True,,17.0,0.2379189940500489,3.04611896812188,1.4812625662656658,0.48126256626566577,True,7.1925000002011075,Optimization terminated successfully
Student Performance,5,42,10,300,0.0001,50,least_cost,Ranked k-means,Random 50% immutable,α = 1,1.0,230,3,4,True,,9.0,0.22976135168405504,2.9934416172155665,1.33795284028351,0.3379528402835099,True,5.4076000005807145,Optimization terminated successfully
Student Performance,5,42,10,300,0.0001,50,least_cost,Ranked k-means,Random 50% immutable,α < 1,0.890151690365568,230,3,4,True,,9.0,0.30196995326294157,3.4317383608391134,1.1670714047464055,0.16707140474640547,True,5.456500000036613,Optimization terminated successfully
Student Performance,5,42,10,300,0.0001,50,least_cost,Ranked k-means,Random 75% immutable,α = 1,1.0,230,3,4,False,,,,,,,False,11.892500000612927,Positive directional derivative for linesearch
Student Performance,5,42,10,300,0.0001,50,least_cost,Ranked k-means,Random 75% immutable,α < 1,0.890151690365568,230,3,4,False,,,,,,,False,37.89700000015728,Positive directional derivative for linesearch
Student Performance,5,42,10,300,0.0001,50,least_cost,Ranked k-means,All features mutable,α = 1,1.0,79,3,4,True,,25.0,0.04560964319684393,1.3337076458793033,2.369255616872823,1.369255616872823,True,9.944899999936752,Optimization terminated successfully
Student Performance,5,42,10,300,0.0001,50,least_cost,Ranked k-means,All features mutable,α < 1,0.890151690365568,79,3,4,True,,25.0,0.06527219696930885,1.5954985684114684,1.9805059039165671,0.9805059039165671,True,9.51080000049842,Optimization terminated successfully
Student Performance,5,42,10,300,0.0001,50,least_cost,Ranked k-means,Random 25% immutable,α = 1,1.0,79,3,4,True,,23.0,0.04562658016738602,1.3339552565689956,2.368376135387809,1.368376135387809,True,5.310800000188465,Optimization terminated successfully
Student Performance,5,42,10,300,0.0001,50,least_cost,Ranked k-means,Random 25% immutable,α < 1,0.890151690365568,79,3,4,True,,23.0,0.06529643555570852,1.5957947821297802,1.979770729376811,0.979770729376811,True,7.886999999755062,Optimization terminated successfully
Student Performance,5,42,10,300,0.0001,50,least_cost,Ranked k-means,Random 50% immutable,α = 1,1.0,79,3,4,True,,12.0,0.1259793740901924,2.216572938009824,1.8202114805742604,0.8202114805742604,True,6.89909999982774,Optimization terminated successfully
Student Performance,5,42,10,300,0.0001,50,least_cost,Ranked k-means,Random 50% immutable,α < 1,0.890151690365568,79,3,4,True,,12.0,0.1802897357516332,2.65165979988265,1.5215494535184653,0.5215494535184653,True,6.131899999672896,Optimization terminated successfully
Student Performance,5,42,10,300,0.0001,50,least_cost,Ranked k-means,Random 75% immutable,α = 1,1.0,79,3,4,False,,,,,,,False,4.764700000123412,Positive directional derivative for linesearch
Student Performance,5,42,10,300,0.0001,50,least_cost,Ranked k-means,Random 75% immutable,α < 1,0.890151690365568,79,3,4,False,,,,,,,False,28.327099999842176,Positive directional derivative for linesearch
Student Performance,5,42,10,300,0.0001,50,least_cost,Ranked k-means,All features mutable,α = 1,1.0,57,4,3,True,,27.0,0.33942484119956523,3.6383469882328487,1.3871313092798991,0.38713130927989914,True,9.09219999994093,Optimization terminated successfully
Student Performance,5,42,10,300,0.0001,50,least_cost,Ranked k-means,All features mutable,α < 1,0.9803072113728922,57,4,3,True,,27.0,0.3509177750190364,3.6994314733134903,1.363668855652052,0.363668855652052,True,8.914900000490888,Optimization terminated successfully
Student Performance,5,42,10,300,0.0001,50,least_cost,Ranked k-means,Random 25% immutable,α = 1,1.0,57,4,3,True,,19.0,0.7527488777494228,5.418229067899168,1.0,0.0,False,7.8392000004896545,Optimization terminated successfully
Student Performance,5,42,10,300,0.0001,50,least_cost,Ranked k-means,Random 25% immutable,α < 1,0.9803072113728922,57,4,3,True,,19.0,0.7829477518148293,5.525844941796534,1.0,0.0,False,6.949099999474129,Optimization terminated successfully
Student Performance,5,42,10,300,0.0001,50,least_cost,Ranked k-means,Random 50% immutable,α = 1,1.0,57,4,3,True,,12.0,0.4348782039511217,4.118282403392675,1.0644682008843154,0.06446820088431537,True,5.879800000002433,Optimization terminated successfully
Student Performance,5,42,10,300,0.0001,50,least_cost,Ranked k-means,Random 50% immutable,α < 1,0.9803072113728922,57,4,3,True,,12.0,0.44969783516471223,4.187865276178757,1.0464219424902148,0.04642194249021481,True,5.429099999673781,Optimization terminated successfully
Student Performance,5,42,10,300,0.0001,50,least_cost,Ranked k-means,Random 75% immutable,α = 1,1.0,57,4,3,True,,6.0,0.7245826816654488,5.315893582922113,1.3439113870592947,0.3439113870592947,True,3.770599999370461,Optimization terminated successfully
Student Performance,5,42,10,300,0.0001,50,least_cost,Ranked k-means,Random 75% immutable,α < 1,0.9803072113728922,57,4,3,True,,6.0,0.7494215804984857,5.406240989767377,1.32089228554274,0.3208922855427401,True,4.389699999592267,Optimization terminated successfully
Student Performance,5,42,10,300,0.0001,50,least_cost,Ranked k-means,All features mutable,α = 1,1.0,527,2,3,True,,25.0,0.11836390470569794,2.148532588424532,1.486574285388302,0.48657428538830194,True,6.864599999971688,Optimization terminated successfully
Student Performance,5,42,10,300,0.0001,50,least_cost,Ranked k-means,All features mutable,α < 1,0.9803072113728922,527,2,3,True,,25.0,0.12169583723076571,2.178563208171813,1.4660824553052594,0.4660824553052594,True,6.116100000326696,Optimization terminated successfully
Student Performance,5,42,10,300,0.0001,50,least_cost,Ranked k-means,Random 25% immutable,α = 1,1.0,527,2,3,True,,18.0,0.2469894415450301,3.1036411229805827,1.0,0.0,False,7.243699999889941,Optimization terminated successfully
Student Performance,5,42,10,300,0.0001,50,least_cost,Ranked k-means,Random 25% immutable,α < 1,0.9803072113728922,527,2,3,True,,18.0,0.25895545420272575,3.177933717670383,1.0,0.0,False,7.342900000367081,Optimization terminated successfully
Student Performance,5,42,10,300,0.0001,50,least_cost,Ranked k-means,Random 50% immutable,α = 1,1.0,527,2,3,True,,11.0,0.9833958046655531,6.192934391865989,1.0,0.0,False,7.591699999466073,Optimization terminated successfully
Student Performance,5,42,10,300,0.0001,50,least_cost,Ranked k-means,Random 50% immutable,α < 1,0.9803072113728922,527,2,3,True,,11.0,1.1522381565390756,6.703528034179014,1.0,0.0,False,5.645100000037928,Optimization terminated successfully
Student Performance,5,42,10,300,0.0001,50,least_cost,Ranked k-means,Random 75% immutable,α = 1,1.0,527,2,3,False,,,,,,,False,21.0890999996991,Positive directional derivative for linesearch
Student Performance,5,42,10,300,0.0001,50,least_cost,Ranked k-means,Random 75% immutable,α < 1,0.9803072113728922,527,2,3,False,,,,,,,False,17.519999999421998,Positive directional derivative for linesearch
Student Performance,5,42,10,300,0.0001,50,least_cost,Ranked + weighted SHARK,All features mutable,α = 1,1.0,251,1,4,True,,1.0,3.656766564800495,2.704354475582185,1.9999999999999918,0.9999999999999918,True,9.366700000100536,Optimization terminated successfully
Student Performance,5,42,10,300,0.0001,50,least_cost,Ranked + weighted SHARK,All features mutable,α < 1,0.01,251,1,4,True,,1.0,14.48116127326643,5.381665406408547,1.0050251256281368,0.0050251256281368395,True,9.849000000031083,Optimization terminated successfully
Student Performance,5,42,10,300,0.0001,50,least_cost,Ranked + weighted SHARK,Random 25% immutable,α = 1,1.0,251,1,4,True,,1.0,3.656766564800495,2.704354475582185,1.9999999999999918,0.9999999999999918,True,7.836400000087451,Optimization terminated successfully
Student Performance,5,42,10,300,0.0001,50,least_cost,Ranked + weighted SHARK,Random 25% immutable,α < 1,0.01,251,1,4,True,,1.0,14.48116127326643,5.381665406408547,1.0050251256281368,0.0050251256281368395,True,7.633899999746063,Optimization terminated successfully
Student Performance,5,42,10,300,0.0001,50,least_cost,Ranked + weighted SHARK,Random 50% immutable,α = 1,1.0,251,1,4,False,,,,,,,False,1204.9277000005532,Iteration limit reached
Student Performance,5,42,10,300,0.0001,50,least_cost,Ranked + weighted SHARK,Random 50% immutable,α < 1,0.01,251,1,4,False,,,,,,,False,1244.524900000215,Iteration limit reached
Student Performance,5,42,10,300,0.0001,50,least_cost,Ranked + weighted SHARK,Random 75% immutable,α = 1,1.0,251,1,4,False,,,,,,,False,885.6954000002588,Iteration limit reached
Student Performance,5,42,10,300,0.0001,50,least_cost,Ranked + weighted SHARK,Random 75% immutable,α < 1,0.01,251,1,4,False,,,,,,,False,907.3517999995602,Iteration limit reached
Student Performance,5,42,10,300,0.0001,50,least_cost,Ranked + weighted SHARK,All features mutable,α = 1,1.0,316,4,2,True,,2.0,6.042579733188942,3.476371594979247,2.0000000000000004,1.0000000000000004,True,9.043600000040897,Optimization terminated successfully
Student Performance,5,42,10,300,0.0001,50,least_cost,Ranked + weighted SHARK,All features mutable,α < 1,0.01,316,4,2,True,,2.0,23.92922000140223,6.917979474008803,1.0050250741642934,0.0050250741642934305,True,9.793100000024424,Optimization terminated successfully
Student Performance,5,42,10,300,0.0001,50,least_cost,Ranked + weighted SHARK,Random 25% immutable,α = 1,1.0,316,4,2,True,,2.0,6.042579733188942,3.476371594979247,2.0000000000000004,1.0000000000000004,True,7.158599999456783,Optimization terminated successfully
Student Performance,5,42,10,300,0.0001,50,least_cost,Ranked + weighted SHARK,Random 25% immutable,α < 1,0.01,316,4,2,True,,2.0,23.92922000140223,6.917979474008803,1.0050250741642934,0.0050250741642934305,True,6.795500000407628,Optimization terminated successfully
Student Performance,5,42,10,300,0.0001,50,least_cost,Ranked + weighted SHARK,Random 50% immutable,α = 1,1.0,316,4,2,False,,,,,,,False,1203.8372999995772,Iteration limit reached
Student Performance,5,42,10,300,0.0001,50,least_cost,Ranked + weighted SHARK,Random 50% immutable,α < 1,0.01,316,4,2,False,,,,,,,False,1190.6497999998464,Iteration limit reached
Student Performance,5,42,10,300,0.0001,50,least_cost,Ranked + weighted SHARK,Random 75% immutable,α = 1,1.0,316,4,2,False,,,,,,,False,2.7513000004546484,Positive directional derivative for linesearch
Student Performance,5,42,10,300,0.0001,50,least_cost,Ranked + weighted SHARK,Random 75% immutable,α < 1,0.01,316,4,2,False,,,,,,,False,4.76639999942563,Positive directional derivative for linesearch
Student Performance,5,42,10,300,0.0001,50,least_cost,Ranked + weighted SHARK,All features mutable,α = 1,1.0,278,1,0,True,,24.0,6.682430215952018e-14,1.6473839513117992,1.9696221388671178,0.9696221388671178,True,3.556800000296789,Optimization terminated successfully
Student Performance,5,42,10,300,0.0001,50,least_cost,Ranked + weighted SHARK,All features mutable,α < 1,0.01,278,1,0,True,,24.0,2.6190565760274253e-13,3.6589331157193876,1.000000000000065,6.505906924303417e-14,True,3.417999999328458,Optimization terminated successfully
Student Performance,5,42,10,300,0.0001,50,least_cost,Ranked + weighted SHARK,Random 25% immutable,α = 1,1.0,278,1,0,True,,19.0,6.682708431420896e-14,1.6474013840913555,1.9695804540570707,0.9695804540570707,True,2.7920000002268353,Optimization terminated successfully
Student Performance,5,42,10,300,0.0001,50,least_cost,Ranked + weighted SHARK,Random 25% immutable,α < 1,0.01,278,1,0,True,,17.0,2.623479110769004e-13,3.7062919790050755,1.0,0.0,False,2.868799999305338,Optimization terminated successfully
Student Performance,5,42,10,300,0.0001,50,least_cost,Ranked + weighted SHARK,Random 50% immutable,α = 1,1.0,278,1,0,True,,14.0,8.873920733503431e-14,10.403570605627735,1.0,0.0,False,2.3383000007015653,Optimization terminated successfully
Student Performance,5,42,10,300,0.0001,50,least_cost,Ranked + weighted SHARK,Random 50% immutable,α < 1,0.01,278,1,0,True,,14.0,8.655787932305583e-14,10.28941121792805,1.0,0.0,False,2.3729000004095724,Optimization terminated successfully
Student Performance,5,42,10,300,0.0001,50,least_cost,Ranked + weighted SHARK,Random 75% immutable,α = 1,1.0,278,1,0,True,,7.0,8.349485026745493e-14,10.132142167888977,1.0000000000010407,1.0407230632836217e-12,True,1.7466999997850507,Optimization terminated successfully
Student Performance,5,42,10,300,0.0001,50,least_cost,Ranked + weighted SHARK,Random 75% immutable,α < 1,0.01,278,1,0,True,,7.0,7.960721071433442e-14,9.881131737450865,1.0,0.0,False,1.7335000002276502,Optimization terminated successfully
Student Performance,5,42,10,300,0.0001,50,least_cost,Ranked + weighted SHARK,All features mutable,α = 1,1.0,53,3,4,True,,1.0,3.6567665648004612,2.7043544755821727,2.000000000000001,1.0000000000000009,True,9.947300000021642,Optimization terminated successfully
Student Performance,5,42,10,300,0.0001,50,least_cost,Ranked + weighted SHARK,All features mutable,α < 1,0.01,53,3,4,True,,1.0,14.481161273266018,5.38166540640847,1.005025125628151,0.00502512562815105,True,10.048299999652954,Optimization terminated successfully
Student Performance,5,42,10,300,0.0001,50,least_cost,Ranked + weighted SHARK,Random 25% immutable,α = 1,1.0,53,3,4,True,,1.0,3.6567665648004612,2.7043544755821727,2.000000000000001,1.0000000000000009,True,7.0574999999735155,Optimization terminated successfully
Student Performance,5,42,10,300,0.0001,50,least_cost,Ranked + weighted SHARK,Random 25% immutable,α < 1,0.01,53,3,4,True,,1.0,14.481161273266018,5.38166540640847,1.005025125628151,0.00502512562815105,True,7.100200000422774,Optimization terminated successfully
Student Performance,5,42,10,300,0.0001,50,least_cost,Ranked + weighted SHARK,Random 50% immutable,α = 1,1.0,53,3,4,True,,1.0,3.6567665648004612,2.7043544755821727,2.000000000000001,1.0000000000000009,True,5.773400000180118,Optimization terminated successfully
Student Performance,5,42,10,300,0.0001,50,least_cost,Ranked + weighted SHARK,Random 50% immutable,α < 1,0.01,53,3,4,True,,1.0,14.481161273266018,5.38166540640847,1.005025125628151,0.00502512562815105,True,5.10870000016439,Optimization terminated successfully
Student Performance,5,42,10,300,0.0001,50,least_cost,Ranked + weighted SHARK,Random 75% immutable,α = 1,1.0,53,3,4,False,,,,,,,False,922.8762999991886,Iteration limit reached
Student Performance,5,42,10,300,0.0001,50,least_cost,Ranked + weighted SHARK,Random 75% immutable,α < 1,0.01,53,3,4,False,,,,,,,False,903.5502999995515,Iteration limit reached
Student Performance,5,42,10,300,0.0001,50,least_cost,Ranked + weighted SHARK,All features mutable,α = 1,1.0,505,1,0,True,,25.0,6.584038698481517e-14,1.6352047563159473,1.984284220731042,0.984284220731042,True,3.4439999999449356,Optimization terminated successfully
Student Performance,5,42,10,300,0.0001,50,least_cost,Ranked + weighted SHARK,All features mutable,α < 1,0.01,505,1,0,True,,25.0,2.5989801735430316e-13,3.36490669485612,1.000000000000026,2.5979218776228663e-14,True,3.4580999999889173,Optimization terminated successfully
Student Performance,5,42,10,300,0.0001,50,least_cost,Ranked + weighted SHARK,Random 25% immutable,α = 1,1.0,505,1,0,True,,18.0,6.584207696213762e-14,1.6352154196330202,1.9842583415929618,0.9842583415929618,True,2.825499999744352,Optimization terminated successfully
Student Performance,5,42,10,300,0.0001,50,least_cost,Ranked + weighted SHARK,Random 25% immutable,α < 1,0.01,505,1,0,True,,18.0,2.599274894549093e-13,3.3699123265401503,1.0,0.0,False,3.0106000003797817,Optimization terminated successfully
Student Performance,5,42,10,300,0.0001,50,least_cost,Ranked + weighted SHARK,Random 50% immutable,α = 1,1.0,505,1,0,True,,9.0,4.933213063342466e-14,7.892411131910397,1.0,0.0,False,2.169100000173785,Optimization terminated successfully
Student Performance,5,42,10,300,0.0001,50,least_cost,Ranked + weighted SHARK,Random 50% immutable,α < 1,0.01,505,1,0,True,,9.0,4.627250401260913e-14,7.6422179227642735,1.0,0.0,False,2.4951999994300422,Optimization terminated successfully
Student Performance,5,42,10,300,0.0001,50,least_cost,Ranked + weighted SHARK,Random 75% immutable,α = 1,1.0,505,1,0,True,,5.0,2.205006300010459e-14,5.289524669827906,1.0000000000008837,8.837375276016246e-13,True,1.5473000003112247,Optimization terminated successfully
Student Performance,5,42,10,300,0.0001,50,least_cost,Ranked + weighted SHARK,Random 75% immutable,α < 1,0.01,505,1,0,True,,5.0,2.0299545185410477e-14,5.091123396799151,1.0000000000035674,3.567368622725553e-12,True,1.6818999993120087,Optimization terminated successfully
Student Performance,5,42,10,300,0.0001,50,least_cost,Ranked + weighted SHARK,All features mutable,α = 1,1.0,626,2,1,True,,17.0,2.38581316838849,2.2030104824920276,1.9999999999999976,0.9999999999999976,True,13.844199999766715,Optimization terminated successfully
Student Performance,5,42,10,300,0.0001,50,least_cost,Ranked + weighted SHARK,All features mutable,α < 1,0.01,626,2,1,True,,18.0,9.448058728135258,4.688434795737567,1.0050251256281397,0.005025125628139726,True,9.98540000000503,Optimization terminated successfully
Student Performance,5,42,10,300,0.0001,50,least_cost,Ranked + weighted SHARK,Random 25% immutable,α = 1,1.0,626,2,1,True,,12.0,2.3858131683884882,2.203897275401922,1.9999999999999984,0.9999999999999984,True,17.338399999971443,Optimization terminated successfully
Student Performance,5,42,10,300,0.0001,50,least_cost,Ranked + weighted SHARK,Random 25% immutable,α < 1,0.01,626,2,1,True,,12.0,9.448058728135138,4.70407380226191,1.0050251256281462,0.005025125628146165,True,7.956299999932526,Optimization terminated successfully
Student Performance,5,42,10,300,0.0001,50,least_cost,Ranked + weighted SHARK,Random 50% immutable,α = 1,1.0,626,2,1,False,,,,,,,False,2.4064999997790437,Positive directional derivative for linesearch
Student Performance,5,42,10,300,0.0001,50,least_cost,Ranked + weighted SHARK,Random 50% immutable,α < 1,0.01,626,2,1,False,,,,,,,False,2.4312999994435813,Positive directional derivative for linesearch
Student Performance,5,42,10,300,0.0001,50,least_cost,Ranked + weighted SHARK,Random 75% immutable,α = 1,1.0,626,2,1,True,,4.0,2.3858131683884904,2.2349184995304587,1.9999999999999976,0.9999999999999976,True,3.6247999996703584,Optimization terminated successfully
Student Performance,5,42,10,300,0.0001,50,least_cost,Ranked + weighted SHARK,Random 75% immutable,α < 1,0.01,626,2,1,True,,6.0,9.448058728135408,5.242537989211341,1.0050251256281322,0.0050251256281321766,True,4.055399999742804,Optimization terminated successfully
Student Performance,5,42,10,300,0.0001,50,least_cost,Ranked + weighted SHARK,All features mutable,α = 1,1.0,402,3,0,True,,28.0,7.494246424022554e-14,1.7460943061375622,1.8599898643472306,0.8599898643472306,True,3.244300000005751,Optimization terminated successfully
Student Performance,5,42,10,300,0.0001,50,least_cost,Ranked + weighted SHARK,All features mutable,α < 1,0.01,402,3,0,True,,28.0,2.8029293295665787e-13,5.129145174900962,1.0,0.0,False,3.646199999820965,Optimization terminated successfully
Student Performance,5,42,10,300,0.0001,50,least_cost,Ranked + weighted SHARK,Random 25% immutable,α = 1,1.0,402,3,0,True,,19.0,7.5097949286336e-14,1.747029779842309,1.857998477844138,0.8579984778441381,True,2.683900000192807,Optimization terminated successfully
Student Performance,5,42,10,300,0.0001,50,least_cost,Ranked + weighted SHARK,Random 25% immutable,α < 1,0.01,402,3,0,True,,19.0,2.9285079438774223e-13,6.635805401358059,1.0,0.0,False,2.773700000034296,Optimization terminated successfully
Student Performance,5,42,10,300,0.0001,50,least_cost,Ranked + weighted SHARK,Random 50% immutable,α = 1,1.0,402,3,0,True,,14.0,7.501484298811016e-14,1.7465231524021498,1.8590765620806022,0.8590765620806022,True,2.198300000600284,Optimization terminated successfully
Student Performance,5,42,10,300,0.0001,50,least_cost,Ranked + weighted SHARK,Random 50% immutable,α < 1,0.01,402,3,0,True,,15.0,2.946076416637483e-13,6.433959038239337,1.0000000000004008,4.007905118896815e-13,True,2.235599999949045,Optimization terminated successfully
Student Performance,5,42,10,300,0.0001,50,least_cost,Ranked + weighted SHARK,Random 75% immutable,α = 1,1.0,402,3,0,True,,7.0,2.4852981093507904e-14,5.514655951728862,1.0000000000002387,2.3869795029440866e-13,True,1.7293999999310472,Optimization terminated successfully
Student Performance,5,42,10,300,0.0001,50,least_cost,Ranked + weighted SHARK,Random 75% immutable,α < 1,0.01,402,3,0,True,,7.0,2.48529810935168e-14,5.514655951729883,1.0,0.0,False,1.7359000003125402,Optimization terminated successfully
Student Performance,5,42,10,300,0.0001,50,least_cost,Ranked + weighted SHARK,All features mutable,α = 1,1.0,449,1,4,True,,1.0,3.6567665648004937,2.7043544755821847,1.9999999999999922,0.9999999999999922,True,10.077199999614095,Optimization terminated successfully
Student Performance,5,42,10,300,0.0001,50,least_cost,Ranked + weighted SHARK,All features mutable,α < 1,0.01,449,1,4,True,,1.0,14.481161273266334,5.381665406408529,1.0050251256281402,0.00502512562814017,True,9.946099999979197,Optimization terminated successfully
Student Performance,5,42,10,300,0.0001,50,least_cost,Ranked + weighted SHARK,Random 25% immutable,α = 1,1.0,449,1,4,True,,1.0,3.6567665648004937,2.7043544755821847,1.9999999999999922,0.9999999999999922,True,7.37829999980022,Optimization terminated successfully
Student Performance,5,42,10,300,0.0001,50,least_cost,Ranked + weighted SHARK,Random 25% immutable,α < 1,0.01,449,1,4,True,,1.0,14.481161273266334,5.381665406408529,1.0050251256281402,0.00502512562814017,True,16.18250000046828,Optimization terminated successfully
Student Performance,5,42,10,300,0.0001,50,least_cost,Ranked + weighted SHARK,Random 50% immutable,α = 1,1.0,449,1,4,False,,,,,,,False,4.785500000252796,Positive directional derivative for linesearch
Student Performance,5,42,10,300,0.0001,50,least_cost,Ranked + weighted SHARK,Random 50% immutable,α < 1,0.01,449,1,4,False,,,,,,,False,2.430699999422359,Positive directional derivative for linesearch
Student Performance,5,42,10,300,0.0001,50,least_cost,Ranked + weighted SHARK,Random 75% immutable,α = 1,1.0,449,1,4,False,,,,,,,False,1.5033999998195213,Positive directional derivative for linesearch
Student Performance,5,42,10,300,0.0001,50,least_cost,Ranked + weighted SHARK,Random 75% immutable,α < 1,0.01,449,1,4,False,,,,,,,False,1.7762000006769085,Positive directional derivative for linesearch
Student Performance,5,42,10,300,0.0001,50,least_cost,Ranked + weighted SHARK,All features mutable,α = 1,1.0,176,1,0,True,,28.0,6.663826764093562e-14,1.6450960882997336,1.9723697965267153,0.9723697965267153,True,3.279399999883026,Optimization terminated successfully
Student Performance,5,42,10,300,0.0001,50,least_cost,Ranked + weighted SHARK,All features mutable,α < 1,0.01,176,1,0,True,,28.0,2.6088832672344606e-13,3.5372173444138157,1.0000000000000056,5.551115123125783e-15,True,3.631399999903806,Optimization terminated successfully
Student Performance,5,42,10,300,0.0001,50,least_cost,Ranked + weighted SHARK,Random 25% immutable,α = 1,1.0,176,1,0,True,,22.0,6.66524380313897e-14,1.645185044731733,1.9721565071623965,0.9721565071623965,True,2.6268999999956577,Optimization terminated successfully
Student Performance,5,42,10,300,0.0001,50,least_cost,Ranked + weighted SHARK,Random 25% immutable,α < 1,0.01,176,1,0,True,,22.0,2.616606448644168e-13,3.6668546219709346,1.0000000000001046,1.0458300891968975e-13,True,2.847900000233494,Optimization terminated successfully
Student Performance,5,42,10,300,0.0001,50,least_cost,Ranked + weighted SHARK,Random 50% immutable,α = 1,1.0,176,1,0,True,,15.0,6.665505444927929e-14,1.6452014039720546,1.9721172866490049,0.9721172866490049,True,2.5250000007872586,Optimization terminated successfully
Student Performance,5,42,10,300,0.0001,50,least_cost,Ranked + weighted SHARK,Random 50% immutable,α < 1,0.01,176,1,0,True,,15.0,2.6194601543316643e-13,3.704341372091917,1.0,0.0,False,2.4183999994420446,Optimization terminated successfully
Student Performance,5,42,10,300,0.0001,50,least_cost,Ranked + weighted SHARK,Random 75% immutable,α = 1,1.0,176,1,0,True,,7.0,4.751469182470036e-14,7.632087421322319,1.0000000000028408,2.8408386754108506e-12,True,6.722699999954784,Optimization terminated successfully
Student Performance,5,42,10,300,0.0001,50,least_cost,Ranked + weighted SHARK,Random 75% immutable,α < 1,0.01,176,1,0,True,,7.0,4.202197769176168e-14,7.166976867093894,1.0,0.0,False,2.596300000732299,Optimization terminated successfully
Student Performance,5,42,10,300,0.0001,50,least_cost,Ranked + weighted SHARK,All features mutable,α = 1,1.0,287,1,0,True,,28.0,6.490037747251726e-14,1.623496025542277,1.9986028886342826,0.9986028886342826,True,4.647100000511273,Optimization terminated successfully
Student Performance,5,42,10,300,0.0001,50,least_cost,Ranked + weighted SHARK,All features mutable,α < 1,0.01,287,1,0,True,,28.0,2.593160100490615e-13,3.2562911845991,1.0,0.0,False,3.5485000007611234,Optimization terminated successfully
Student Performance,5,42,10,300,0.0001,50,least_cost,Ranked + weighted SHARK,Random 25% immutable,α = 1,1.0,287,1,0,True,,20.0,6.491197647596603e-14,1.6235697591237073,1.9984213617220297,0.9984213617220297,True,2.731399999902351,Optimization terminated successfully
Student Performance,5,42,10,300,0.0001,50,least_cost,Ranked + weighted SHARK,Random 25% immutable,α < 1,0.01,287,1,0,True,,19.0,2.5933495035782427e-13,3.259569053716036,1.0000000000000095,9.547918011776346e-15,True,2.8758999997080537,Optimization terminated successfully
Student Performance,5,42,10,300,0.0001,50,least_cost,Ranked + weighted SHARK,Random 50% immutable,α = 1,1.0,287,1,0,True,,15.0,9.661988669488724e-14,10.943038644487485,1.0000000000050366,5.036637773514485e-12,True,2.2257999999055755,Optimization terminated successfully
Student Performance,5,42,10,300,0.0001,50,least_cost,Ranked + weighted SHARK,Random 50% immutable,α < 1,0.01,287,1,0,True,,15.0,9.33713919887597e-14,10.752337813541079,1.0,0.0,False,2.5529999993523234,Optimization terminated successfully
Student Performance,5,42,10,300,0.0001,50,least_cost,Ranked + weighted SHARK,Random 75% immutable,α = 1,1.0,287,1,0,True,,7.0,3.559413819298105e-14,6.679419066520925,1.0,0.0,False,1.6979000001811073,Optimization terminated successfully
Student Performance,5,42,10,300,0.0001,50,least_cost,Ranked + weighted SHARK,Random 75% immutable,α < 1,0.01,287,1,0,True,,7.0,3.587143028131076e-14,6.7034330315144794,1.0000000000006422,6.421529974431905e-13,True,1.9289000001663226,Optimization terminated successfully
Student Performance,5,42,10,300,0.0001,50,least_cost,Ranked + weighted SHARK,All features mutable,α = 1,1.0,227,3,0,True,,28.0,6.588764596285585e-14,1.637215228979109,1.983684381760402,0.983684381760402,True,3.888399999596004,Optimization terminated successfully
Student Performance,5,42,10,300,0.0001,50,least_cost,Ranked + weighted SHARK,All features mutable,α < 1,0.01,227,3,0,True,,28.0,2.6285307634223867e-13,3.6206691035214007,1.0000000000000018,1.7763568394002505e-15,True,3.8585000002058223,Optimization terminated successfully
Student Performance,5,42,10,300,0.0001,50,least_cost,Ranked + weighted SHARK,Random 25% immutable,α = 1,1.0,227,3,0,True,,23.0,6.589856675119741e-14,1.6372842624131538,1.9835171076209763,0.9835171076209763,True,2.8239000002940884,Optimization terminated successfully
Student Performance,5,42,10,300,0.0001,50,least_cost,Ranked + weighted SHARK,Random 25% immutable,α < 1,0.01,227,3,0,True,,23.0,2.630586443771024e-13,3.6350555623773064,1.0000000000000329,3.2862601528904634e-14,True,2.632400000038615,Optimization terminated successfully
Student Performance,5,42,10,300,0.0001,50,least_cost,Ranked + weighted SHARK,Random 50% immutable,α = 1,1.0,227,3,0,True,,14.0,8.726146882601829e-14,10.342326164143559,1.0000000000009792,9.79216707719388e-13,True,2.1904000004724367,Optimization terminated successfully
Student Performance,5,42,10,300,0.0001,50,least_cost,Ranked + weighted SHARK,Random 50% immutable,α < 1,0.01,227,3,0,True,,14.0,8.558185069254124e-14,10.255923865235252,1.0,0.0,False,2.4358000000574975,Optimization terminated successfully
Student Performance,5,42,10,300,0.0001,50,least_cost,Ranked + weighted SHARK,Random 75% immutable,α = 1,1.0,227,3,0,True,,5.0,9.466516018021135e-15,3.457928170021495,1.0,0.0,False,2.2809000001871027,Optimization terminated successfully
Student Performance,5,42,10,300,0.0001,50,least_cost,Ranked + weighted SHARK,Random 75% immutable,α < 1,0.01,227,3,0,True,,5.0,9.466516018021873e-15,3.4579281700216247,1.0,0.0,False,1.6443000004073838,Optimization terminated successfully
Student Performance,5,42,10,300,0.0001,50,least_cost,Ranked + weighted SHARK,All features mutable,α = 1,1.0,439,1,3,True,,27.0,4.934634715527393e-16,0.5764893843199187,2.173337636024681,1.173337636024681,True,3.631199999290402,Optimization terminated successfully
Student Performance,5,42,10,300,0.0001,50,least_cost,Ranked + weighted SHARK,All features mutable,α < 1,0.01,439,1,3,True,,27.0,5.407877619681265e-15,2.201308622423225,1.0,0.0,False,3.599699999540462,Optimization terminated successfully
Student Performance,5,42,10,300,0.0001,50,least_cost,Ranked + weighted SHARK,Random 25% immutable,α = 1,1.0,439,1,3,True,,21.0,5.195601400304664e-16,0.5868750412778575,2.0970971469646877,1.0970971469646877,True,2.6825999993889127,Optimization terminated successfully
Student Performance,5,42,10,300,0.0001,50,least_cost,Ranked + weighted SHARK,Random 25% immutable,α < 1,0.01,439,1,3,True,,21.0,5.983733626592418e-15,2.3429580749422203,1.0,0.0,False,2.9121999996277736,Optimization terminated successfully
Student Performance,5,42,10,300,0.0001,50,least_cost,Ranked + weighted SHARK,Random 50% immutable,α = 1,1.0,439,1,3,True,,13.0,9.633394775568576e-16,0.8560462018911654,1.3229975512373062,0.3229975512373062,True,2.2240999996938626,Optimization terminated successfully
Student Performance,5,42,10,300,0.0001,50,least_cost,Ranked + weighted SHARK,Random 50% immutable,α < 1,0.01,439,1,3,True,,13.0,1.2733425350316657e-14,3.726289612541733,1.0000000000000056,5.551115123125783e-15,True,2.2159000000101514,Optimization terminated successfully
Student Performance,5,42,10,300,0.0001,50,least_cost,Ranked + weighted SHARK,Random 75% immutable,α = 1,1.0,439,1,3,True,,8.0,2.642697853624489e-15,1.7248676020048879,1.9476831523887645,0.9476831523887645,True,1.6642000000501866,Optimization terminated successfully
Student Performance,5,42,10,300,0.0001,50,least_cost,Ranked + weighted SHARK,Random 75% immutable,α < 1,0.01,439,1,3,True,,8.0,3.2670304150171737e-14,6.216449917469608,1.0,0.0,False,1.7088000004150672,Optimization terminated successfully
Student Performance,5,42,10,300,0.0001,50,least_cost,Ranked + weighted SHARK,All features mutable,α = 1,1.0,261,1,4,True,,1.0,3.6567665648004803,2.70435447558218,1.9999999999999958,0.9999999999999958,True,9.596600000804756,Optimization terminated successfully
Student Performance,5,42,10,300,0.0001,50,least_cost,Ranked + weighted SHARK,All features mutable,α < 1,0.01,261,1,4,True,,1.0,14.481161273266334,5.381665406408529,1.0050251256281402,0.00502512562814017,True,10.062199999993027,Optimization terminated successfully
Student Performance,5,42,10,300,0.0001,50,least_cost,Ranked + weighted SHARK,Random 25% immutable,α = 1,1.0,261,1,4,True,,1.0,3.6567665648004803,2.70435447558218,1.9999999999999958,0.9999999999999958,True,7.1637000000919215,Optimization terminated successfully
Student Performance,5,42,10,300,0.0001,50,least_cost,Ranked + weighted SHARK,Random 25% immutable,α < 1,0.01,261,1,4,True,,1.0,14.481161273266334,5.381665406408529,1.0050251256281402,0.00502512562814017,True,7.106400000338908,Optimization terminated successfully
Student Performance,5,42,10,300,0.0001,50,least_cost,Ranked + weighted SHARK,Random 50% immutable,α = 1,1.0,261,1,4,False,,,,,,,False,2.358300000196323,Positive directional derivative for linesearch
Student Performance,5,42,10,300,0.0001,50,least_cost,Ranked + weighted SHARK,Random 50% immutable,α < 1,0.01,261,1,4,False,,,,,,,False,2.5045000002137385,Positive directional derivative for linesearch
Student Performance,5,42,10,300,0.0001,50,least_cost,Ranked + weighted SHARK,Random 75% immutable,α = 1,1.0,261,1,4,True,,1.0,3.6567665648004803,2.70435447558218,1.9999999999999958,0.9999999999999958,True,4.824699999517179,Optimization terminated successfully
Student Performance,5,42,10,300,0.0001,50,least_cost,Ranked + weighted SHARK,Random 75% immutable,α < 1,0.01,261,1,4,True,,1.0,14.481161273266334,5.381665406408529,1.0050251256281402,0.00502512562814017,True,3.9741000000503846,Optimization terminated successfully
Student Performance,5,42,10,300,0.0001,50,least_cost,Ranked + weighted SHARK,All features mutable,α = 1,1.0,43,3,0,True,,26.0,6.82123369388663e-14,1.6657956012476234,1.9495871387836354,0.9495871387836354,True,3.6779000001843087,Optimization terminated successfully
Student Performance,5,42,10,300,0.0001,50,least_cost,Ranked + weighted SHARK,All features mutable,α < 1,0.01,43,3,0,True,,25.0,2.665420014055228e-13,4.113094506485985,1.0,0.0,False,3.6786999999094405,Optimization terminated successfully
Student Performance,5,42,10,300,0.0001,50,least_cost,Ranked + weighted SHARK,Random 25% immutable,α = 1,1.0,43,3,0,True,,18.0,6.831034893876156e-14,1.6664108495152326,1.9481478074415104,0.9481478074415104,True,2.8228999999555526,Optimization terminated successfully
Student Performance,5,42,10,300,0.0001,50,least_cost,Ranked + weighted SHARK,Random 25% immutable,α < 1,0.01,43,3,0,True,,18.0,2.69450847486533e-13,4.409432721932184,1.0,0.0,False,3.055299999687122,Optimization terminated successfully
Student Performance,5,42,10,300,0.0001,50,least_cost,Ranked + weighted SHARK,Random 50% immutable,α = 1,1.0,43,3,0,True,,10.0,1.1357761781813062e-13,11.876915201470625,1.000000000000745,7.4495964952348e-13,True,2.2555999994438025,Optimization terminated successfully
Student Performance,5,42,10,300,0.0001,50,least_cost,Ranked + weighted SHARK,Random 50% immutable,α < 1,0.01,43,3,0,True,,10.0,1.1147118045439424e-13,11.771411566152477,1.0,0.0,False,2.2436999997808016,Optimization terminated successfully
Student Performance,5,42,10,300,0.0001,50,least_cost,Ranked + weighted SHARK,Random 75% immutable,α = 1,1.0,43,3,0,True,,8.0,1.0053034212337621e-13,11.148192228964724,1.0000000000017053,1.7053025658242404e-12,True,1.5969999994922546,Optimization terminated successfully
Student Performance,5,42,10,300,0.0001,50,least_cost,Ranked + weighted SHARK,Random 75% immutable,α < 1,0.01,43,3,0,True,,8.0,9.858005360584059e-14,11.040077489955769,1.000000000002866,2.865929715767379e-12,True,1.717099999950733,Optimization terminated successfully
Student Performance,5,42,10,300,0.0001,50,least_cost,Ranked + weighted SHARK,All features mutable,α = 1,1.0,483,0,4,True,,1.0,3.6567665648005896,2.70435447558222,1.9999999999999658,0.9999999999999658,True,9.52529999995022,Optimization terminated successfully
Student Performance,5,42,10,300,0.0001,50,least_cost,Ranked + weighted SHARK,All features mutable,α < 1,0.01,483,0,4,True,,1.0,14.481161273266798,5.381665406408615,1.0050251256281242,0.005025125628124183,True,9.884299999612267,Optimization terminated successfully
Student Performance,5,42,10,300,0.0001,50,least_cost,Ranked + weighted SHARK,Random 25% immutable,α = 1,1.0,483,0,4,True,,1.0,3.6567665648005896,2.70435447558222,1.9999999999999658,0.9999999999999658,True,7.621899999321613,Optimization terminated successfully
Student Performance,5,42,10,300,0.0001,50,least_cost,Ranked + weighted SHARK,Random 25% immutable,α < 1,0.01,483,0,4,True,,1.0,14.481161273266798,5.381665406408615,1.0050251256281242,0.005025125628124183,True,7.224299999506911,Optimization terminated successfully
Student Performance,5,42,10,300,0.0001,50,least_cost,Ranked + weighted SHARK,Random 50% immutable,α = 1,1.0,483,0,4,False,,,,,,,False,1201.5914999992674,Iteration limit reached
Student Performance,5,42,10,300,0.0001,50,least_cost,Ranked + weighted SHARK,Random 50% immutable,α < 1,0.01,483,0,4,False,,,,,,,False,1344.362399999227,Iteration limit reached
Student Performance,5,42,10,300,0.0001,50,least_cost,Ranked + weighted SHARK,Random 75% immutable,α = 1,1.0,483,0,4,True,,1.0,3.6567665648005896,2.70435447558222,1.9999999999999658,0.9999999999999658,True,3.9550000001327135,Optimization terminated successfully
Student Performance,5,42,10,300,0.0001,50,least_cost,Ranked + weighted SHARK,Random 75% immutable,α < 1,0.01,483,0,4,True,,1.0,14.481161273266798,5.381665406408615,1.0050251256281242,0.005025125628124183,True,3.994300000158546,Optimization terminated successfully
Student Performance,5,42,10,300,0.0001,50,least_cost,Ranked + weighted SHARK,All features mutable,α = 1,1.0,321,1,2,True,,1.0,2.385813168388489,2.1844052592816294,1.999999999999998,0.999999999999998,True,9.594000000106462,Optimization terminated successfully
Student Performance,5,42,10,300,0.0001,50,least_cost,Ranked + weighted SHARK,All features mutable,α < 1,0.01,321,1,2,True,,1.0,9.448058728135214,4.346966465970433,1.005025125628142,0.0050251256281419465,True,8.986499999991793,Optimization terminated successfully
Student Performance,5,42,10,300,0.0001,50,least_cost,Ranked + weighted SHARK,Random 25% immutable,α = 1,1.0,321,1,2,False,,,,,,,False,3.389799999240495,Positive directional derivative for linesearch
Student Performance,5,42,10,300,0.0001,50,least_cost,Ranked + weighted SHARK,Random 25% immutable,α < 1,0.01,321,1,2,False,,,,,,,False,3.166600000440667,Positive directional derivative for linesearch
Student Performance,5,42,10,300,0.0001,50,least_cost,Ranked + weighted SHARK,Random 50% immutable,α = 1,1.0,321,1,2,True,,1.0,2.385813168388489,2.1844052592816294,1.999999999999998,0.999999999999998,True,5.097500000374566,Optimization terminated successfully
Student Performance,5,42,10,300,0.0001,50,least_cost,Ranked + weighted SHARK,Random 50% immutable,α < 1,0.01,321,1,2,True,,1.0,9.448058728135214,4.346966465970433,1.005025125628142,0.0050251256281419465,True,5.231400000411668,Optimization terminated successfully
Student Performance,5,42,10,300,0.0001,50,least_cost,Ranked + weighted SHARK,Random 75% immutable,α = 1,1.0,321,1,2,True,,1.0,2.385813168388489,2.1844052592816294,1.999999999999998,0.999999999999998,True,3.752399999939371,Optimization terminated successfully
Student Performance,5,42,10,300,0.0001,50,least_cost,Ranked + weighted SHARK,Random 75% immutable,α < 1,0.01,321,1,2,True,,1.0,9.448058728135214,4.346966465970433,1.005025125628142,0.0050251256281419465,True,3.5262999999758904,Optimization terminated successfully
Student Performance,5,42,10,300,0.0001,50,least_cost,Ranked + weighted SHARK,All features mutable,α = 1,1.0,310,0,3,True,,29.0,6.726919881199242e-14,2.1854923856062607,1.676308747140613,0.6763087471406131,True,8.921499999814841,Optimization terminated successfully
Student Performance,5,42,10,300,0.0001,50,least_cost,Ranked + weighted SHARK,All features mutable,α < 1,0.01,310,0,3,True,,29.0,2.6999410351461685e-13,4.331776694565223,1.0,0.0,False,9.197100000164937,Optimization terminated successfully
Student Performance,5,42,10,300,0.0001,50,least_cost,Ranked + weighted SHARK,Random 25% immutable,α = 1,1.0,310,0,3,True,,21.0,6.882345521377029e-14,2.4138381147143018,1.131717162169762,0.13171716216976193,True,7.436500000039814,Optimization terminated successfully
Student Performance,5,42,10,300,0.0001,50,least_cost,Ranked + weighted SHARK,Random 25% immutable,α < 1,0.01,310,0,3,True,,21.0,2.7718140792333947e-13,5.369640781029576,1.0,0.0,False,7.401799999570358,Optimization terminated successfully
Student Performance,5,42,10,300,0.0001,50,least_cost,Ranked + weighted SHARK,Random 50% immutable,α = 1,1.0,310,0,3,False,,,,,,,False,5.586899999798334,Inequality constraints incompatible
Student Performance,5,42,10,300,0.0001,50,least_cost,Ranked + weighted SHARK,Random 50% immutable,α < 1,0.01,310,0,3,False,,,,,,,False,4.208499999549531,Positive directional derivative for linesearch
Student Performance,5,42,10,300,0.0001,50,least_cost,Ranked + weighted SHARK,Random 75% immutable,α = 1,1.0,310,0,3,True,,4.0,2.7406095973491215e-14,5.700061422383003,1.000000000002115,2.1149748619109232e-12,True,1.827699999921606,Optimization terminated successfully
Student Performance,5,42,10,300,0.0001,50,least_cost,Ranked + weighted SHARK,Random 75% immutable,α < 1,0.01,310,0,3,True,,4.0,2.740609597360752e-14,5.7000614223950965,1.0,0.0,False,1.7800999994506128,Optimization terminated successfully
Student Performance,5,42,10,300,0.0001,50,least_cost,Ranked + weighted SHARK,All features mutable,α = 1,1.0,485,1,0,True,,24.0,6.6635643998324e-14,1.6450758578812397,1.9724090886016656,0.9724090886016656,True,3.706200000124227,Optimization terminated successfully
Student Performance,5,42,10,300,0.0001,50,least_cost,Ranked + weighted SHARK,All features mutable,α < 1,0.01,485,1,0,True,,25.0,2.609126942102734e-13,3.534620623973102,1.0,0.0,False,3.5188000001653563,Optimization terminated successfully
Student Performance,5,42,10,300,0.0001,50,least_cost,Ranked + weighted SHARK,Random 25% immutable,α = 1,1.0,485,1,0,True,,16.0,6.663952234253665e-14,1.6451001872044961,1.9723507492690926,0.9723507492690926,True,2.540999999837368,Optimization terminated successfully
Student Performance,5,42,10,300,0.0001,50,least_cost,Ranked + weighted SHARK,Random 25% immutable,α < 1,0.01,485,1,0,True,,18.0,2.611435942145607e-13,3.568363916968984,1.0000000000000133,1.3322676295501878e-14,True,2.665500000148313,Optimization terminated successfully
Student Performance,5,42,10,300,0.0001,50,least_cost,Ranked + weighted SHARK,Random 50% immutable,α = 1,1.0,485,1,0,True,,12.0,6.794575266961904e-14,9.089260266071967,1.0,0.0,False,2.6854999996430706,Optimization terminated successfully
Student Performance,5,42,10,300,0.0001,50,least_cost,Ranked + weighted SHARK,Random 50% immutable,α < 1,0.01,485,1,0,True,,12.0,6.531412894880397e-14,8.93129401708485,1.0,0.0,False,2.281800000673684,Optimization terminated successfully
Student Performance,5,42,10,300,0.0001,50,least_cost,Ranked + weighted SHARK,Random 75% immutable,α = 1,1.0,485,1,0,True,,8.0,4.891645619597914e-14,7.654112915961711,1.0,0.0,False,2.1360999999160413,Optimization terminated successfully
Student Performance,5,42,10,300,0.0001,50,least_cost,Ranked + weighted SHARK,Random 75% immutable,α < 1,0.01,485,1,0,True,,8.0,4.8379370498630084e-14,7.631650877543605,1.0,0.0,False,2.051000000392378,Optimization terminated successfully
Student Performance,5,42,10,300,0.0001,50,least_cost,Ranked + weighted SHARK,All features mutable,α = 1,1.0,122,4,0,True,,27.0,3.656766564800545,3.1760478598005393,1.9499654853951625,0.9499654853951625,True,10.534399999414745,Optimization terminated successfully
Student Performance,5,42,10,300,0.0001,50,least_cost,Ranked + weighted SHARK,All features mutable,α < 1,0.01,122,4,0,True,,28.0,14.481161273266762,6.800754325110599,1.0,0.0,False,9.190400000079535,Optimization terminated successfully
Student Performance,5,42,10,300,0.0001,50,least_cost,Ranked + weighted SHARK,Random 25% immutable,α = 1,1.0,122,4,0,True,,19.0,3.656766564800555,3.1761637705712955,1.9494480055382089,0.9494480055382089,True,6.905299999743875,Optimization terminated successfully
Student Performance,5,42,10,300,0.0001,50,least_cost,Ranked + weighted SHARK,Random 25% immutable,α < 1,0.01,122,4,0,True,,21.0,14.481161273266316,6.976915061971478,1.0000000000000098,9.769962616701378e-15,True,7.141799999772047,Optimization terminated successfully
Student Performance,5,42,10,300,0.0001,50,least_cost,Ranked + weighted SHARK,Random 50% immutable,α = 1,1.0,122,4,0,False,,,,,,,False,2.323200000319048,Positive directional derivative for linesearch
Student Performance,5,42,10,300,0.0001,50,least_cost,Ranked + weighted SHARK,Random 50% immutable,α < 1,0.01,122,4,0,False,,,,,,,False,2.4719000002733083,Positive directional derivative for linesearch
Student Performance,5,42,10,300,0.0001,50,least_cost,Ranked + weighted SHARK,Random 75% immutable,α = 1,1.0,122,4,0,False,,,,,,,False,1.6113000001496403,Positive directional derivative for linesearch
Student Performance,5,42,10,300,0.0001,50,least_cost,Ranked + weighted SHARK,Random 75% immutable,α < 1,0.01,122,4,0,False,,,,,,,False,1.7696000004434609,Positive directional derivative for linesearch
Student Performance,5,42,10,300,0.0001,50,least_cost,Ranked + weighted SHARK,All features mutable,α = 1,1.0,518,3,4,True,,1.0,3.6567665648004803,2.70435447558218,1.9999999999999958,0.9999999999999958,True,9.349599999950442,Optimization terminated successfully
Student Performance,5,42,10,300,0.0001,50,least_cost,Ranked + weighted SHARK,All features mutable,α < 1,0.01,518,3,4,True,,1.0,14.481161273266354,5.3816654064085325,1.0050251256281395,0.005025125628139504,True,9.637599999223312,Optimization terminated successfully
Student Performance,5,42,10,300,0.0001,50,least_cost,Ranked + weighted SHARK,Random 25% immutable,α = 1,1.0,518,3,4,True,,1.0,3.6567665648004803,2.70435447558218,1.9999999999999958,0.9999999999999958,True,7.4763000002349145,Optimization terminated successfully
Student Performance,5,42,10,300,0.0001,50,least_cost,Ranked + weighted SHARK,Random 25% immutable,α < 1,0.01,518,3,4,True,,1.0,14.481161273266354,5.3816654064085325,1.0050251256281395,0.005025125628139504,True,7.682800000111456,Optimization terminated successfully
Student Performance,5,42,10,300,0.0001,50,least_cost,Ranked + weighted SHARK,Random 50% immutable,α = 1,1.0,518,3,4,True,,1.0,3.6567665648004803,2.70435447558218,1.9999999999999958,0.9999999999999958,True,5.122700000356417,Optimization terminated successfully
Student Performance,5,42,10,300,0.0001,50,least_cost,Ranked + weighted SHARK,Random 50% immutable,α < 1,0.01,518,3,4,True,,1.0,14.481161273266354,5.3816654064085325,1.0050251256281395,0.005025125628139504,True,5.357500000172877,Optimization terminated successfully
Student Performance,5,42,10,300,0.0001,50,least_cost,Ranked + weighted SHARK,Random 75% immutable,α = 1,1.0,518,3,4,False,,,,,,,False,876.8648999994184,Iteration limit reached
Student Performance,5,42,10,300,0.0001,50,least_cost,Ranked + weighted SHARK,Random 75% immutable,α < 1,0.01,518,3,4,False,,,,,,,False,887.6798999999664,Iteration limit reached
Student Performance,5,42,10,300,0.0001,50,least_cost,Ranked + weighted SHARK,All features mutable,α = 1,1.0,351,3,2,True,,1.0,2.3858131683884842,2.184405259281627,2.0,1.0,True,10.622499999954016,Optimization terminated successfully
Student Performance,5,42,10,300,0.0001,50,least_cost,Ranked + weighted SHARK,All features mutable,α < 1,0.01,351,3,2,True,,1.0,9.448058728135273,4.346966465970446,1.0050251256281388,0.005025125628138838,True,9.073700000044482,Optimization terminated successfully
Student Performance,5,42,10,300,0.0001,50,least_cost,Ranked + weighted SHARK,Random 25% immutable,α = 1,1.0,351,3,2,True,,1.0,2.3858131683884842,2.184405259281627,2.0,1.0,True,7.273500000337663,Optimization terminated successfully
Student Performance,5,42,10,300,0.0001,50,least_cost,Ranked + weighted SHARK,Random 25% immutable,α < 1,0.01,351,3,2,True,,1.0,9.448058728135273,4.346966465970446,1.0050251256281388,0.005025125628138838,True,7.491100000152073,Optimization terminated successfully
Student Performance,5,42,10,300,0.0001,50,least_cost,Ranked + weighted SHARK,Random 50% immutable,α = 1,1.0,351,3,2,False,,,,,,,False,1194.259900000361,Iteration limit reached
Student Performance,5,42,10,300,0.0001,50,least_cost,Ranked + weighted SHARK,Random 50% immutable,α < 1,0.01,351,3,2,False,,,,,,,False,1204.2796000005183,Iteration limit reached
Student Performance,5,42,10,300,0.0001,50,least_cost,Ranked + weighted SHARK,Random 75% immutable,α = 1,1.0,351,3,2,False,,,,,,,False,972.0723999998881,Iteration limit reached
Student Performance,5,42,10,300,0.0001,50,least_cost,Ranked + weighted SHARK,Random 75% immutable,α < 1,0.01,351,3,2,False,,,,,,,False,907.8653999995367,Iteration limit reached
Student Performance,5,42,10,300,0.0001,50,least_cost,Ranked + weighted SHARK,All features mutable,α = 1,1.0,515,1,4,True,,1.0,3.6567665648004803,2.70435447558218,1.9999999999999958,0.9999999999999958,True,9.932999999364256,Optimization terminated successfully
Student Performance,5,42,10,300,0.0001,50,least_cost,Ranked + weighted SHARK,All features mutable,α < 1,0.01,515,1,4,True,,1.0,14.48116127326673,5.381665406408603,1.0050251256281264,0.005025125628126403,True,10.0044999999227,Optimization terminated successfully
Student Performance,5,42,10,300,0.0001,50,least_cost,Ranked + weighted SHARK,Random 25% immutable,α = 1,1.0,515,1,4,True,,1.0,3.6567665648004803,2.70435447558218,1.9999999999999958,0.9999999999999958,True,7.817600000635139,Optimization terminated successfully
Student Performance,5,42,10,300,0.0001,50,least_cost,Ranked + weighted SHARK,Random 25% immutable,α < 1,0.01,515,1,4,True,,1.0,14.48116127326673,5.381665406408603,1.0050251256281264,0.005025125628126403,True,7.674299999962386,Optimization terminated successfully
Student Performance,5,42,10,300,0.0001,50,least_cost,Ranked + weighted SHARK,Random 50% immutable,α = 1,1.0,515,1,4,False,,,,,,,False,1159.078199999385,Iteration limit reached
Student Performance,5,42,10,300,0.0001,50,least_cost,Ranked + weighted SHARK,Random 50% immutable,α < 1,0.01,515,1,4,False,,,,,,,False,1209.128899999996,Iteration limit reached
Student Performance,5,42,10,300,0.0001,50,least_cost,Ranked + weighted SHARK,Random 75% immutable,α = 1,1.0,515,1,4,True,,1.0,3.6567665648004803,2.70435447558218,1.9999999999999958,0.9999999999999958,True,4.222900000058871,Optimization terminated successfully
Student Performance,5,42,10,300,0.0001,50,least_cost,Ranked + weighted SHARK,Random 75% immutable,α < 1,0.01,515,1,4,True,,1.0,14.48116127326673,5.381665406408603,1.0050251256281264,0.005025125628126403,True,3.782400000091002,Optimization terminated successfully
Student Performance,5,42,10,300,0.0001,50,least_cost,Ranked + weighted SHARK,All features mutable,α = 1,1.0,105,4,3,True,,1.0,3.6567665648004577,2.7043544755821713,2.0000000000000018,1.0000000000000018,True,8.801999999377585,Optimization terminated successfully
Student Performance,5,42,10,300,0.0001,50,least_cost,Ranked + weighted SHARK,All features mutable,α < 1,0.01,105,4,3,True,,24.0,14.481161273266604,5.5049913420492125,1.0050251256281308,0.005025125628130844,True,9.035999999468913,Optimization terminated successfully
Student Performance,5,42,10,300,0.0001,50,least_cost,Ranked + weighted SHARK,Random 25% immutable,α = 1,1.0,105,4,3,True,,1.0,3.6567665648004577,2.7043544755821713,2.0000000000000018,1.0000000000000018,True,7.284599999366037,Optimization terminated successfully
Student Performance,5,42,10,300,0.0001,50,least_cost,Ranked + weighted SHARK,Random 25% immutable,α < 1,0.01,105,4,3,True,,19.0,14.481161273266341,5.509053020037124,1.00502512562814,0.005025125628139948,True,6.636899999648449,Optimization terminated successfully
Student Performance,5,42,10,300,0.0001,50,least_cost,Ranked + weighted SHARK,Random 50% immutable,α = 1,1.0,105,4,3,False,,,,,,,False,2.453799999784678,Positive directional derivative for linesearch
Student Performance,5,42,10,300,0.0001,50,least_cost,Ranked + weighted SHARK,Random 50% immutable,α < 1,0.01,105,4,3,False,,,,,,,False,2.325599999494443,Positive directional derivative for linesearch
Student Performance,5,42,10,300,0.0001,50,least_cost,Ranked + weighted SHARK,Random 75% immutable,α = 1,1.0,105,4,3,False,,,,,,,False,1.7847999997684383,Positive directional derivative for linesearch
Student Performance,5,42,10,300,0.0001,50,least_cost,Ranked + weighted SHARK,Random 75% immutable,α < 1,0.01,105,4,3,False,,,,,,,False,1.4452999994318816,Positive directional derivative for linesearch
Student Performance,5,42,10,300,0.0001,50,least_cost,Ranked + weighted SHARK,All features mutable,α = 1,1.0,423,0,2,True,,1.0,2.3858131683886104,2.184405259281685,1.9999999999999472,0.9999999999999472,True,12.86419999996724,Optimization terminated successfully
Student Performance,5,42,10,300,0.0001,50,least_cost,Ranked + weighted SHARK,All features mutable,α < 1,0.01,423,0,2,True,,1.0,9.448058728135786,4.3469664659705645,1.0050251256281115,0.005025125628111526,True,8.647600000585953,Optimization terminated successfully
Student Performance,5,42,10,300,0.0001,50,least_cost,Ranked + weighted SHARK,Random 25% immutable,α = 1,1.0,423,0,2,True,,1.0,2.3858131683886104,2.184405259281685,1.9999999999999472,0.9999999999999472,True,9.548699999868404,Optimization terminated successfully
Student Performance,5,42,10,300,0.0001,50,least_cost,Ranked + weighted SHARK,Random 25% immutable,α < 1,0.01,423,0,2,True,,1.0,9.448058728135786,4.3469664659705645,1.0050251256281115,0.005025125628111526,True,6.614799999624665,Optimization terminated successfully
Student Performance,5,42,10,300,0.0001,50,least_cost,Ranked + weighted SHARK,Random 50% immutable,α = 1,1.0,423,0,2,True,,1.0,2.3858131683886104,2.184405259281685,1.9999999999999472,0.9999999999999472,True,7.109899999704794,Optimization terminated successfully
Student Performance,5,42,10,300,0.0001,50,least_cost,Ranked + weighted SHARK,Random 50% immutable,α < 1,0.01,423,0,2,True,,1.0,9.448058728135786,4.3469664659705645,1.0050251256281115,0.005025125628111526,True,6.2668000000485335,Optimization terminated successfully
Student Performance,5,42,10,300,0.0001,50,least_cost,Ranked + weighted SHARK,Random 75% immutable,α = 1,1.0,423,0,2,True,,1.0,2.3858131683886104,2.184405259281685,1.9999999999999472,0.9999999999999472,True,5.014700000174344,Optimization terminated successfully
Student Performance,5,42,10,300,0.0001,50,least_cost,Ranked + weighted SHARK,Random 75% immutable,α < 1,0.01,423,0,2,True,,1.0,9.448058728135786,4.3469664659705645,1.0050251256281115,0.005025125628111526,True,3.7079000003359397,Optimization terminated successfully
Student Performance,5,42,10,300,0.0001,50,least_cost,Ranked + weighted SHARK,All features mutable,α = 1,1.0,562,1,2,False,,,,,,,False,6.909499999892432,Positive directional derivative for linesearch
Student Performance,5,42,10,300,0.0001,50,least_cost,Ranked + weighted SHARK,All features mutable,α < 1,0.01,562,1,2,True,,1.0,9.448058728135384,4.346966465970472,1.0050251256281328,0.005025125628132843,True,9.280799999942246,Optimization terminated successfully
Student Performance,5,42,10,300,0.0001,50,least_cost,Ranked + weighted SHARK,Random 25% immutable,α = 1,1.0,562,1,2,False,,,,,,,False,3.1454999998459243,Positive directional derivative for linesearch
Student Performance,5,42,10,300,0.0001,50,least_cost,Ranked + weighted SHARK,Random 25% immutable,α < 1,0.01,562,1,2,False,,,,,,,False,3.3266999998886604,Positive directional derivative for linesearch
Student Performance,5,42,10,300,0.0001,50,least_cost,Ranked + weighted SHARK,Random 50% immutable,α = 1,1.0,562,1,2,False,,,,,,,False,3.698200000144425,Positive directional derivative for linesearch
Student Performance,5,42,10,300,0.0001,50,least_cost,Ranked + weighted SHARK,Random 50% immutable,α < 1,0.01,562,1,2,True,,1.0,9.448058728135384,4.346966465970472,1.0050251256281328,0.005025125628132843,True,5.802900000162481,Optimization terminated successfully
Student Performance,5,42,10,300,0.0001,50,least_cost,Ranked + weighted SHARK,Random 75% immutable,α = 1,1.0,562,1,2,False,,,,,,,False,920.1003999996828,Iteration limit reached
Student Performance,5,42,10,300,0.0001,50,least_cost,Ranked + weighted SHARK,Random 75% immutable,α < 1,0.01,562,1,2,False,,,,,,,False,898.7894000001688,Iteration limit reached
Student Performance,5,42,10,300,0.0001,50,least_cost,Ranked + weighted SHARK,All features mutable,α = 1,1.0,646,1,3,True,,27.0,1.3481993425435047e-14,3.0293420016759938,1.2582170014637772,0.25821700146377724,True,3.415099999983795,Optimization terminated successfully
Student Performance,5,42,10,300,0.0001,50,least_cost,Ranked + weighted SHARK,All features mutable,α < 1,0.01,646,1,3,True,,27.0,2.7459129028872552e-14,4.408913395059942,1.0000000000000004,4.440892098500626e-16,True,3.2843999997567153,Optimization terminated successfully
Student Performance,5,42,10,300,0.0001,50,least_cost,Ranked + weighted SHARK,Random 25% immutable,α = 1,1.0,646,1,3,True,,18.0,1.576512879096835e-14,3.200837606134661,1.127002502101632,0.1270025021016321,True,2.5538999998389045,Optimization terminated successfully
Student Performance,5,42,10,300,0.0001,50,least_cost,Ranked + weighted SHARK,Random 25% immutable,α < 1,0.01,646,1,3,True,,18.0,3.13993857617954e-14,4.849755208443595,1.0,0.0,False,2.732300000388932,Optimization terminated successfully
Student Performance,5,42,10,300,0.0001,50,least_cost,Ranked + weighted SHARK,Random 50% immutable,α = 1,1.0,646,1,3,True,,12.0,1.6040301493519798e-14,3.2193338663324087,1.1140896137047054,0.11408961370470538,True,2.4181999997381354,Optimization terminated successfully
Student Performance,5,42,10,300,0.0001,50,least_cost,Ranked + weighted SHARK,Random 50% immutable,α < 1,0.01,646,1,3,True,,12.0,3.215810161280167e-14,4.929843110877245,1.0,0.0,False,2.385100000537932,Optimization terminated successfully
Student Performance,5,42,10,300,0.0001,50,least_cost,Ranked + weighted SHARK,Random 75% immutable,α = 1,1.0,646,1,3,True,,3.0,3.261934555192111e-14,6.370599832176132,1.0,0.0,False,1.7975000000660657,Optimization terminated successfully
Student Performance,5,42,10,300,0.0001,50,least_cost,Ranked + weighted SHARK,Random 75% immutable,α < 1,0.01,646,1,3,True,,3.0,8.411188249478488e-15,3.122149412454937,1.0000000000026448,2.644773289262048e-12,True,1.792600000044331,Optimization terminated successfully
Student Performance,5,42,10,300,0.0001,50,least_cost,Ranked + weighted SHARK,All features mutable,α = 1,1.0,264,0,1,True,,18.0,6.355805618576183e-14,1.6044504330820872,2.022252538514765,1.0222525385147652,True,10.656599999492755,Optimization terminated successfully
Student Performance,5,42,10,300,0.0001,50,least_cost,Ranked + weighted SHARK,All features mutable,α < 1,0.01,264,0,1,True,,22.0,2.5779759150008665e-13,3.2370660719293514,1.004846654531893,0.004846654531893035,True,8.627100000012433,Optimization terminated successfully
Student Performance,5,42,10,300,0.0001,50,least_cost,Ranked + weighted SHARK,Random 25% immutable,α = 1,1.0,264,0,1,True,,14.0,6.356939641386334e-14,1.6045228692753495,2.02206995343016,1.0220699534301598,True,6.636199999775272,Optimization terminated successfully
Student Performance,5,42,10,300,0.0001,50,least_cost,Ranked + weighted SHARK,Random 25% immutable,α < 1,0.01,264,0,1,True,,17.0,2.5784740321938555e-13,3.23726922263316,1.0047497252726794,0.0047497252726793615,True,6.720999999743071,Optimization terminated successfully
Student Performance,5,42,10,300,0.0001,50,least_cost,Ranked + weighted SHARK,Random 50% immutable,α = 1,1.0,264,0,1,True,,8.0,4.309254505438933e-14,7.369316193146588,1.0,0.0,False,2.1305000000211294,Optimization terminated successfully
Student Performance,5,42,10,300,0.0001,50,least_cost,Ranked + weighted SHARK,Random 50% immutable,α < 1,0.01,264,0,1,True,,9.0,4.262269317684552e-14,7.318117792559207,1.0000000000012796,1.2796430581829554e-12,True,2.0932999996148283,Optimization terminated successfully
Student Performance,5,42,10,300,0.0001,50,least_cost,Ranked + weighted SHARK,Random 75% immutable,α = 1,1.0,264,0,1,True,,3.0,1.5334034021891015e-14,4.4111781832112404,1.000000000003966,3.965938688565984e-12,True,1.5806000001248321,Optimization terminated successfully
Student Performance,5,42,10,300,0.0001,50,least_cost,Ranked + weighted SHARK,Random 75% immutable,α < 1,0.01,264,0,1,True,,4.0,1.5621442175456757e-14,4.453467136153003,1.0000000000005163,5.162537064506978e-13,True,1.4211999996405211,Optimization terminated successfully
Student Performance,5,42,10,300,0.0001,50,least_cost,Ranked + weighted SHARK,All features mutable,α = 1,1.0,58,1,4,True,,1.0,3.656766564800479,2.7043544755821793,1.999999999999996,0.999999999999996,True,8.65579999936017,Optimization terminated successfully
Student Performance,5,42,10,300,0.0001,50,least_cost,Ranked + weighted SHARK,All features mutable,α < 1,0.01,58,1,4,True,,1.0,14.481161273266215,5.381665406408507,1.0050251256281444,0.005025125628144389,True,8.58810000045196,Optimization terminated successfully
Student Performance,5,42,10,300,0.0001,50,least_cost,Ranked + weighted SHARK,Random 25% immutable,α = 1,1.0,58,1,4,True,,1.0,3.656766564800479,2.7043544755821793,1.999999999999996,0.999999999999996,True,7.221299999400799,Optimization terminated successfully
Student Performance,5,42,10,300,0.0001,50,least_cost,Ranked + weighted SHARK,Random 25% immutable,α < 1,0.01,58,1,4,True,,1.0,14.481161273266215,5.381665406408507,1.0050251256281444,0.005025125628144389,True,7.446100000379374,Optimization terminated successfully
Student Performance,5,42,10,300,0.0001,50,least_cost,Ranked + weighted SHARK,Random 50% immutable,α = 1,1.0,58,1,4,False,,,,,,,False,2.6184999996985425,Positive directional derivative for linesearch
Student Performance,5,42,10,300,0.0001,50,least_cost,Ranked + weighted SHARK,Random 50% immutable,α < 1,0.01,58,1,4,False,,,,,,,False,2.417099999547645,Positive directional derivative for linesearch
Student Performance,5,42,10,300,0.0001,50,least_cost,Ranked + weighted SHARK,Random 75% immutable,α = 1,1.0,58,1,4,True,,1.0,3.656766564800479,2.7043544755821793,1.999999999999996,0.999999999999996,True,3.9893000002848567,Optimization terminated successfully
Student Performance,5,42,10,300,0.0001,50,least_cost,Ranked + weighted SHARK,Random 75% immutable,α < 1,0.01,58,1,4,True,,1.0,14.481161273266215,5.381665406408507,1.0050251256281444,0.005025125628144389,True,4.412899999806541,Optimization terminated successfully
Student Performance,5,42,10,300,0.0001,50,least_cost,Ranked + weighted SHARK,All features mutable,α = 1,1.0,519,1,2,True,,1.0,2.385813168388491,2.1844052592816303,1.9999999999999971,0.9999999999999971,True,12.031200000819808,Optimization terminated successfully
Student Performance,5,42,10,300,0.0001,50,least_cost,Ranked + weighted SHARK,All features mutable,α < 1,0.01,519,1,2,True,,1.0,9.448058728135342,4.346966465970462,1.005025125628135,0.005025125628135063,True,10.104099999807659,Optimization terminated successfully
Student Performance,5,42,10,300,0.0001,50,least_cost,Ranked + weighted SHARK,Random 25% immutable,α = 1,1.0,519,1,2,True,,1.0,2.385813168388491,2.1844052592816303,1.9999999999999971,0.9999999999999971,True,9.80840000011085,Optimization terminated successfully
Student Performance,5,42,10,300,0.0001,50,least_cost,Ranked + weighted SHARK,Random 25% immutable,α < 1,0.01,519,1,2,True,,1.0,9.448058728135342,4.346966465970462,1.005025125628135,0.005025125628135063,True,7.753799999591138,Optimization terminated successfully
Student Performance,5,42,10,300,0.0001,50,least_cost,Ranked + weighted SHARK,Random 50% immutable,α = 1,1.0,519,1,2,False,,,,,,,False,1163.5546999996222,Iteration limit reached
Student Performance,5,42,10,300,0.0001,50,least_cost,Ranked + weighted SHARK,Random 50% immutable,α < 1,0.01,519,1,2,False,,,,,,,False,1189.7565999997823,Iteration limit reached
Student Performance,5,42,10,300,0.0001,50,least_cost,Ranked + weighted SHARK,Random 75% immutable,α = 1,1.0,519,1,2,False,,,,,,,False,875.2422000006845,Iteration limit reached
Student Performance,5,42,10,300,0.0001,50,least_cost,Ranked + weighted SHARK,Random 75% immutable,α < 1,0.01,519,1,2,False,,,,,,,False,889.6249999997963,Iteration limit reached
Student Performance,5,42,10,300,0.0001,50,least_cost,Ranked + weighted SHARK,All features mutable,α = 1,1.0,577,1,0,True,,21.0,5.979703752321808e-14,1.558345697795015,2.082141177682634,1.082141177682634,True,3.7203000001682085,Optimization terminated successfully
Student Performance,5,42,10,300,0.0001,50,least_cost,Ranked + weighted SHARK,All features mutable,α < 1,0.01,577,1,0,True,,21.0,2.49448366455773e-13,3.1828363113305014,1.019435317509005,0.019435317509004957,True,3.1736999999338877,Optimization terminated successfully
Student Performance,5,42,10,300,0.0001,50,least_cost,Ranked + weighted SHARK,Random 25% immutable,α = 1,1.0,577,1,0,True,,14.0,5.980252771857476e-14,1.5583820646971513,2.0820439997920093,1.0820439997920093,True,2.658599999449507,Optimization terminated successfully
Student Performance,5,42,10,300,0.0001,50,least_cost,Ranked + weighted SHARK,Random 25% immutable,α < 1,0.01,577,1,0,True,,14.0,2.4947126916900285e-13,3.1829105884320352,1.0193877385306052,0.01938773853060516,True,2.823099999659462,Optimization terminated successfully
Student Performance,5,42,10,300,0.0001,50,least_cost,Ranked + weighted SHARK,Random 50% immutable,α = 1,1.0,577,1,0,True,,12.0,7.452438250996124e-14,9.652200713467154,1.0,0.0,False,2.277699999467586,Optimization terminated successfully
Student Performance,5,42,10,300,0.0001,50,least_cost,Ranked + weighted SHARK,Random 50% immutable,α < 1,0.01,577,1,0,True,,12.0,7.438700726223114e-14,9.638185841728173,1.0,0.0,False,2.7372999993531266,Optimization terminated successfully
Student Performance,5,42,10,300,0.0001,50,least_cost,Ranked + weighted SHARK,Random 75% immutable,α = 1,1.0,577,1,0,True,,7.0,2.3033158748970298e-14,5.446993503574977,1.0,0.0,False,1.7118999994636397,Optimization terminated successfully
Student Performance,5,42,10,300,0.0001,50,least_cost,Ranked + weighted SHARK,Random 75% immutable,α < 1,0.01,577,1,0,True,,7.0,2.2829077708612655e-14,5.422926930246153,1.000000000002959,2.9589664052309672e-12,True,1.6209999994316604,Optimization terminated successfully
Student Performance,5,42,10,300,0.0001,50,least_cost,Ranked + weighted SHARK,All features mutable,α = 1,1.0,403,1,2,True,,1.0,2.38581316838849,2.18440525928163,1.9999999999999976,0.9999999999999976,True,15.18209999994724,Optimization terminated successfully
Student Performance,5,42,10,300,0.0001,50,least_cost,Ranked + weighted SHARK,All features mutable,α < 1,0.01,403,1,2,True,,1.0,9.448058728135234,4.3469664659704375,1.0050251256281408,0.005025125628140836,True,9.62970000000496,Optimization terminated successfully
Student Performance,5,42,10,300,0.0001,50,least_cost,Ranked + weighted SHARK,Random 25% immutable,α = 1,1.0,403,1,2,True,,1.0,2.38581316838849,2.18440525928163,1.9999999999999976,0.9999999999999976,True,14.179800000420073,Optimization terminated successfully
Student Performance,5,42,10,300,0.0001,50,least_cost,Ranked + weighted SHARK,Random 25% immutable,α < 1,0.01,403,1,2,True,,1.0,9.448058728135234,4.3469664659704375,1.0050251256281408,0.005025125628140836,True,7.366499999989173,Optimization terminated successfully
Student Performance,5,42,10,300,0.0001,50,least_cost,Ranked + weighted SHARK,Random 50% immutable,α = 1,1.0,403,1,2,True,,1.0,2.38581316838849,2.18440525928163,1.9999999999999976,0.9999999999999976,True,10.283600000548176,Optimization terminated successfully
Student Performance,5,42,10,300,0.0001,50,least_cost,Ranked + weighted SHARK,Random 50% immutable,α < 1,0.01,403,1,2,True,,1.0,9.448058728135234,4.3469664659704375,1.0050251256281408,0.005025125628140836,True,5.747600000177044,Optimization terminated successfully
Student Performance,5,42,10,300,0.0001,50,least_cost,Ranked + weighted SHARK,Random 75% immutable,α = 1,1.0,403,1,2,False,,,,,,,False,875.7738000003883,Iteration limit reached
Student Performance,5,42,10,300,0.0001,50,least_cost,Ranked + weighted SHARK,Random 75% immutable,α < 1,0.01,403,1,2,False,,,,,,,False,889.5670000001701,Iteration limit reached
Student Performance,5,42,10,300,0.0001,50,least_cost,Ranked + weighted SHARK,All features mutable,α = 1,1.0,394,1,2,True,,1.0,2.385813168388487,2.1844052592816285,1.999999999999999,0.9999999999999989,True,19.966099999692233,Optimization terminated successfully
Student Performance,5,42,10,300,0.0001,50,least_cost,Ranked + weighted SHARK,All features mutable,α < 1,0.01,394,1,2,True,,1.0,9.448058728135178,4.346966465970425,1.0050251256281437,0.005025125628143723,True,9.177999999337771,Optimization terminated successfully
Student Performance,5,42,10,300,0.0001,50,least_cost,Ranked + weighted SHARK,Random 25% immutable,α = 1,1.0,394,1,2,True,,1.0,2.385813168388487,2.1844052592816285,1.999999999999999,0.9999999999999989,True,16.634499999781838,Optimization terminated successfully
Student Performance,5,42,10,300,0.0001,50,least_cost,Ranked + weighted SHARK,Random 25% immutable,α < 1,0.01,394,1,2,True,,1.0,9.448058728135178,4.346966465970425,1.0050251256281437,0.005025125628143723,True,7.809000000634114,Optimization terminated successfully
Student Performance,5,42,10,300,0.0001,50,least_cost,Ranked + weighted SHARK,Random 50% immutable,α = 1,1.0,394,1,2,False,,,,,,,False,2.599999999802094,Positive directional derivative for linesearch
Student Performance,5,42,10,300,0.0001,50,least_cost,Ranked + weighted SHARK,Random 50% immutable,α < 1,0.01,394,1,2,False,,,,,,,False,2.4793000002318877,Positive directional derivative for linesearch
Student Performance,5,42,10,300,0.0001,50,least_cost,Ranked + weighted SHARK,Random 75% immutable,α = 1,1.0,394,1,2,True,,1.0,2.385813168388487,2.1844052592816285,1.999999999999999,0.9999999999999989,True,8.997699999781616,Optimization terminated successfully
Student Performance,5,42,10,300,0.0001,50,least_cost,Ranked + weighted SHARK,Random 75% immutable,α < 1,0.01,394,1,2,True,,1.0,9.448058728135178,4.346966465970425,1.0050251256281437,0.005025125628143723,True,3.8944999996601837,Optimization terminated successfully
Student Performance,5,42,10,300,0.0001,50,least_cost,Ranked + weighted SHARK,All features mutable,α = 1,1.0,450,1,3,True,,23.0,7.500381023578027e-16,0.7084421134802036,2.3574785432828973,1.3574785432828973,True,3.604599999562197,Optimization terminated successfully
Student Performance,5,42,10,300,0.0001,50,least_cost,Ranked + weighted SHARK,All features mutable,α < 1,0.01,450,1,3,True,,23.0,6.5485395830906456e-15,2.0999509735347126,1.0,0.0,False,3.4777000000758562,Optimization terminated successfully
Student Performance,5,42,10,300,0.0001,50,least_cost,Ranked + weighted SHARK,Random 25% immutable,α = 1,1.0,450,1,3,True,,16.0,8.853555198125226e-16,0.7511094872454627,2.0972489881144765,1.0972489881144765,True,3.065200000492041,Optimization terminated successfully
Student Performance,5,42,10,300,0.0001,50,least_cost,Ranked + weighted SHARK,Random 25% immutable,α < 1,0.01,450,1,3,True,,16.0,7.655215882435907e-15,2.279083783927778,1.0000000000000007,6.661338147750939e-16,True,3.06670000009035,Optimization terminated successfully
Student Performance,5,42,10,300,0.0001,50,least_cost,Ranked + weighted SHARK,Random 50% immutable,α = 1,1.0,450,1,3,True,,12.0,1.683815259546001e-15,1.1333632112156953,1.0000000000000002,2.220446049250313e-16,True,1.9864000005327398,Optimization terminated successfully
Student Performance,5,42,10,300,0.0001,50,least_cost,Ranked + weighted SHARK,Random 50% immutable,α < 1,0.01,450,1,3,True,,12.0,2.3472122586964717e-14,5.134835909818618,1.0,0.0,False,1.9921000002796063,Optimization terminated successfully
Student Performance,5,42,10,300,0.0001,50,least_cost,Ranked + weighted SHARK,Random 75% immutable,α = 1,1.0,450,1,3,True,,9.0,1.6034500860237449e-15,1.0917257990966835,1.0,0.0,False,1.5296999999918626,Optimization terminated successfully
Student Performance,5,42,10,300,0.0001,50,least_cost,Ranked + weighted SHARK,Random 75% immutable,α < 1,0.01,450,1,3,True,,9.0,1.9161804124227424e-14,4.647830854932843,1.0,0.0,False,1.6622000002826098,Optimization terminated successfully
Student Performance,5,42,10,300,0.0001,50,least_cost,Ranked + weighted SHARK,All features mutable,α = 1,1.0,283,3,1,True,,21.0,1.3123770367667112e-16,0.2937806099808835,12.431636015337187,11.431636015337187,True,3.3948999998756335,Optimization terminated successfully
Student Performance,5,42,10,300,0.0001,50,least_cost,Ranked + weighted SHARK,All features mutable,α < 1,0.01,283,3,1,True,,25.0,4.614963683729207e-15,1.7777818171658328,2.153859103789835,1.1538591037898351,True,12.15429999956541,Optimization terminated successfully
Student Performance,5,42,10,300,0.0001,50,least_cost,Ranked + weighted SHARK,Random 25% immutable,α = 1,1.0,283,3,1,True,,13.0,1.5621590090743222e-16,0.3120555081921607,11.018204703395035,10.018204703395035,True,2.8028000006088405,Optimization terminated successfully
Student Performance,5,42,10,300,0.0001,50,least_cost,Ranked + weighted SHARK,Random 25% immutable,α < 1,0.01,283,3,1,True,,14.0,5.624446997862691e-15,1.9308604812858645,1.9029131532242687,0.9029131532242687,True,2.784599999358761,Optimization terminated successfully
Student Performance,5,42,10,300,0.0001,50,least_cost,Ranked + weighted SHARK,Random 50% immutable,α = 1,1.0,283,3,1,True,,10.0,2.3602477482195795e-16,0.3824934329228886,7.3337580213103655,6.3337580213103655,True,1.9790999995166203,Optimization terminated successfully
Student Performance,5,42,10,300,0.0001,50,least_cost,Ranked + weighted SHARK,Random 50% immutable,α < 1,0.01,283,3,1,True,,11.0,8.439977139002262e-15,2.3431635078461714,1.2576805635187218,0.2576805635187218,True,2.045899999757239,Optimization terminated successfully
Student Performance,5,42,10,300,0.0001,50,least_cost,Ranked + weighted SHARK,Random 75% immutable,α = 1,1.0,283,3,1,True,,6.0,2.462317537363731e-16,0.3879475754673308,7.12899743367452,6.12899743367452,True,1.5679000007366994,Optimization terminated successfully
Student Performance,5,42,10,300,0.0001,50,least_cost,Ranked + weighted SHARK,Random 75% immutable,α < 1,0.01,283,3,1,True,,5.0,1.0391313162739312e-14,2.9350771659502173,1.0,0.0,False,1.595600000655395,Optimization terminated successfully
Student Performance,5,42,10,300,0.0001,50,least_cost,Ranked + weighted SHARK,All features mutable,α = 1,1.0,596,1,3,True,,25.0,2.408986381023551e-17,0.13776089186896753,17.28641192112613,16.28641192112613,True,3.4800000003087916,Optimization terminated successfully
Student Performance,5,42,10,300,0.0001,50,least_cost,Ranked + weighted SHARK,All features mutable,α < 1,0.01,596,1,3,True,,25.0,5.415285030541106e-15,2.0654725866052437,1.1529523880215122,0.15295238802151223,True,3.675900000416732,Optimization terminated successfully
Student Performance,5,42,10,300,0.0001,50,least_cost,Ranked + weighted SHARK,Random 25% immutable,α = 1,1.0,596,1,3,True,,18.0,3.2970495512493366e-17,0.15510048773303525,13.637363673234331,12.637363673234331,True,2.5541999993947684,Optimization terminated successfully
Student Performance,5,42,10,300,0.0001,50,least_cost,Ranked + weighted SHARK,Random 25% immutable,α < 1,0.01,596,1,3,True,,18.0,7.026875070997821e-15,2.352372423786939,1.0,0.0,False,2.7061000000685453,Optimization terminated successfully
Student Performance,5,42,10,300,0.0001,50,least_cost,Ranked + weighted SHARK,Random 50% immutable,α = 1,1.0,596,1,3,True,,14.0,2.780536472271221e-17,0.14526660723105198,15.54623263328303,14.54623263328303,True,2.0359000000098604,Optimization terminated successfully
Student Performance,5,42,10,300,0.0001,50,least_cost,Ranked + weighted SHARK,Random 50% immutable,α < 1,0.01,596,1,3,True,,14.0,6.2505117725213355e-15,2.1780070702626406,1.036887582020353,0.036887582020352916,True,2.25259999933769,Optimization terminated successfully
Student Performance,5,42,10,300,0.0001,50,least_cost,Ranked + weighted SHARK,Random 75% immutable,α = 1,1.0,596,1,3,True,,6.0,1.1954176602914985e-15,1.2336121717481745,2.0090999046225204,1.0090999046225204,True,1.6519999999218271,Optimization terminated successfully
Student Performance,5,42,10,300,0.0001,50,least_cost,Ranked + weighted SHARK,Random 75% immutable,α < 1,0.01,596,1,3,True,,5.0,1.2535034105086322e-14,4.010076192849508,1.0000000000011275,1.127542503809309e-12,True,1.7206000002261135,Optimization terminated successfully
Student Performance,5,42,10,300,0.0001,50,least_cost,Ranked + weighted SHARK,All features mutable,α = 1,1.0,440,1,4,True,,1.0,3.656766564800477,2.7043544755821785,1.9999999999999967,0.9999999999999967,True,10.14980000036303,Optimization terminated successfully
Student Performance,5,42,10,300,0.0001,50,least_cost,Ranked + weighted SHARK,All features mutable,α < 1,0.01,440,1,4,False,,,,,,,False,6.264599999667553,Positive directional derivative for linesearch
Student Performance,5,42,10,300,0.0001,50,least_cost,Ranked + weighted SHARK,Random 25% immutable,α = 1,1.0,440,1,4,True,,1.0,3.656766564800477,2.7043544755821785,1.9999999999999967,0.9999999999999967,True,7.3814999996102415,Optimization terminated successfully
Student Performance,5,42,10,300,0.0001,50,least_cost,Ranked + weighted SHARK,Random 25% immutable,α < 1,0.01,440,1,4,False,,,,,,,False,4.798500000106287,Positive directional derivative for linesearch
Student Performance,5,42,10,300,0.0001,50,least_cost,Ranked + weighted SHARK,Random 50% immutable,α = 1,1.0,440,1,4,True,,1.0,3.656766564800477,2.7043544755821785,1.9999999999999967,0.9999999999999967,True,5.824200000461133,Optimization terminated successfully
Student Performance,5,42,10,300,0.0001,50,least_cost,Ranked + weighted SHARK,Random 50% immutable,α < 1,0.01,440,1,4,False,,,,,,,False,3.9310000001933076,Positive directional derivative for linesearch
Student Performance,5,42,10,300,0.0001,50,least_cost,Ranked + weighted SHARK,Random 75% immutable,α = 1,1.0,440,1,4,False,,,,,,,False,884.3183999997564,Iteration limit reached
Student Performance,5,42,10,300,0.0001,50,least_cost,Ranked + weighted SHARK,Random 75% immutable,α < 1,0.01,440,1,4,False,,,,,,,False,886.8894999995973,Iteration limit reached
Student Performance,5,42,10,300,0.0001,50,least_cost,Ranked + weighted SHARK,All features mutable,α = 1,1.0,40,1,0,True,,31.0,6.71022197867142e-14,1.6508415659793374,1.9655405425721242,0.9655405425721242,True,3.458399999544781,Optimization terminated successfully
Student Performance,5,42,10,300,0.0001,50,least_cost,Ranked + weighted SHARK,All features mutable,α < 1,0.01,40,1,0,True,,30.0,2.6168852074009545e-13,3.6559405240085585,1.0,0.0,False,3.5332999996171566,Optimization terminated successfully
Student Performance,5,42,10,300,0.0001,50,least_cost,Ranked + weighted SHARK,Random 25% immutable,α = 1,1.0,40,1,0,True,,23.0,6.711727109079487e-14,1.6509357835142533,1.9653162054388764,0.9653162054388764,True,2.8524999997898703,Optimization terminated successfully
Student Performance,5,42,10,300,0.0001,50,least_cost,Ranked + weighted SHARK,Random 25% immutable,α < 1,0.01,40,1,0,True,,19.0,2.6416489263251636e-13,4.069309497454648,1.0,0.0,False,2.915699999903154,Optimization terminated successfully
Student Performance,5,42,10,300,0.0001,50,least_cost,Ranked + weighted SHARK,Random 50% immutable,α = 1,1.0,40,1,0,True,,16.0,6.71092873097694e-14,1.650885760059726,1.965435309252946,0.965435309252946,True,2.22109999958775,Optimization terminated successfully
Student Performance,5,42,10,300,0.0001,50,least_cost,Ranked + weighted SHARK,Random 50% immutable,α < 1,0.01,40,1,0,True,,16.0,2.621887977123778e-13,3.7300376241829865,1.0,0.0,False,2.290800000082527,Optimization terminated successfully
Student Performance,5,42,10,300,0.0001,50,least_cost,Ranked + weighted SHARK,Random 75% immutable,α = 1,1.0,40,1,0,True,,9.0,3.935127894196172e-14,7.079811604268614,1.0,0.0,False,1.7305000001215376,Optimization terminated successfully
Student Performance,5,42,10,300,0.0001,50,least_cost,Ranked + weighted SHARK,Random 75% immutable,α < 1,0.01,40,1,0,True,,9.0,3.944055336121007e-14,7.083864445960729,1.000000000003273,3.2729374765949615e-12,True,1.7347000002700952,Optimization terminated successfully
Student Performance,5,42,10,300,0.0001,50,least_cost,Ranked + weighted SHARK,All features mutable,α = 1,1.0,466,1,2,True,,1.0,2.385813168388487,2.1844052592816285,1.999999999999999,0.9999999999999989,True,9.856000000581844,Optimization terminated successfully
Student Performance,5,42,10,300,0.0001,50,least_cost,Ranked + weighted SHARK,All features mutable,α < 1,0.01,466,1,2,True,,1.0,9.448058728135345,4.346966465970463,1.0050251256281348,0.005025125628134841,True,9.785100000044622,Optimization terminated successfully
Student Performance,5,42,10,300,0.0001,50,least_cost,Ranked + weighted SHARK,Random 25% immutable,α = 1,1.0,466,1,2,True,,1.0,2.385813168388487,2.1844052592816285,1.999999999999999,0.9999999999999989,True,7.669599999644561,Optimization terminated successfully
Student Performance,5,42,10,300,0.0001,50,least_cost,Ranked + weighted SHARK,Random 25% immutable,α < 1,0.01,466,1,2,True,,1.0,9.448058728135345,4.346966465970463,1.0050251256281348,0.005025125628134841,True,7.639100000233157,Optimization terminated successfully
Student Performance,5,42,10,300,0.0001,50,least_cost,Ranked + weighted SHARK,Random 50% immutable,α = 1,1.0,466,1,2,True,,1.0,2.385813168388487,2.1844052592816285,1.999999999999999,0.9999999999999989,True,5.760500000178581,Optimization terminated successfully
Student Performance,5,42,10,300,0.0001,50,least_cost,Ranked + weighted SHARK,Random 50% immutable,α < 1,0.01,466,1,2,True,,1.0,9.448058728135345,4.346966465970463,1.0050251256281348,0.005025125628134841,True,5.910300000323332,Optimization terminated successfully
Student Performance,5,42,10,300,0.0001,50,least_cost,Ranked + weighted SHARK,Random 75% immutable,α = 1,1.0,466,1,2,False,,,,,,,False,1.8774999998640851,Positive directional derivative for linesearch
Student Performance,5,42,10,300,0.0001,50,least_cost,Ranked + weighted SHARK,Random 75% immutable,α < 1,0.01,466,1,2,False,,,,,,,False,1.663199999711651,Positive directional derivative for linesearch
Student Performance,5,42,10,300,0.0001,50,least_cost,Ranked + weighted SHARK,All features mutable,α = 1,1.0,628,1,3,True,,25.0,2.5892369501744448e-15,1.3198830157028645,1.8985040735168435,0.8985040735168435,True,3.6565000000337022,Optimization terminated successfully
Student Performance,5,42,10,300,0.0001,50,least_cost,Ranked + weighted SHARK,All features mutable,α < 1,0.01,628,1,3,True,,25.0,1.0548854801398923e-14,2.6905779014188447,1.0000000000000022,2.220446049250313e-15,True,3.5668999998961226,Optimization terminated successfully
Student Performance,5,42,10,300,0.0001,50,least_cost,Ranked + weighted SHARK,Random 25% immutable,α = 1,1.0,628,1,3,True,,18.0,5.51433958055465e-15,2.0275671530901644,1.0798801053555191,0.07988010535551915,True,2.785800000310701,Optimization terminated successfully
Student Performance,5,42,10,300,0.0001,50,least_cost,Ranked + weighted SHARK,Random 25% immutable,α < 1,0.01,628,1,3,True,,18.0,2.420096186974383e-14,5.036655546540519,1.0000000000000004,4.440892098500626e-16,True,2.7452000003904686,Optimization terminated successfully
Student Performance,5,42,10,300,0.0001,50,least_cost,Ranked + weighted SHARK,Random 50% immutable,α = 1,1.0,628,1,3,True,,12.0,3.1682333976867297e-15,1.416002973680786,1.649506697651779,0.6495066976517789,True,2.2521999999298714,Optimization terminated successfully
Student Performance,5,42,10,300,0.0001,50,least_cost,Ranked + weighted SHARK,Random 50% immutable,α < 1,0.01,628,1,3,True,,12.0,1.2749729301322835e-14,3.00535938572178,1.0,0.0,False,2.0088000001123874,Optimization terminated successfully
Student Performance,5,42,10,300,0.0001,50,least_cost,Ranked + weighted SHARK,Random 75% immutable,α = 1,1.0,628,1,3,True,,6.0,4.422802523943588e-14,7.405404771971103,1.0,0.0,False,1.5798000003997004,Optimization terminated successfully
Student Performance,5,42,10,300,0.0001,50,least_cost,Ranked + weighted SHARK,Random 75% immutable,α < 1,0.01,628,1,3,True,,6.0,3.197773113664278e-14,6.25826385235103,1.0,0.0,False,1.6057000002547284,Optimization terminated successfully
Student Performance,5,42,10,300,0.0001,50,least_cost,Ranked + weighted SHARK,All features mutable,α = 1,1.0,545,3,1,True,,22.0,3.235122965560536e-15,1.461918792038394,2.5114848675063297,1.5114848675063297,True,3.696699999636621,Optimization terminated successfully
Student Performance,5,42,10,300,0.0001,50,least_cost,Ranked + weighted SHARK,All features mutable,α < 1,0.01,545,3,1,True,,26.0,1.4830502270569906e-14,3.4129681333091613,1.3421016023639711,0.34210160236397114,True,11.321599999973841,Optimization terminated successfully
Student Performance,5,42,10,300,0.0001,50,least_cost,Ranked + weighted SHARK,Random 25% immutable,α = 1,1.0,545,3,1,True,,16.0,3.3082193513645894e-15,1.473088855107339,2.473541354247106,1.4735413542471059,True,2.493500000127824,Optimization terminated successfully
Student Performance,5,42,10,300,0.0001,50,least_cost,Ranked + weighted SHARK,Random 25% immutable,α < 1,0.01,545,3,1,True,,18.0,1.6309948298569096e-14,3.7718228474598336,1.0093642828360316,0.009364282836031634,True,8.906300000489864,Optimization terminated successfully
Student Performance,5,42,10,300,0.0001,50,least_cost,Ranked + weighted SHARK,Random 50% immutable,α = 1,1.0,545,3,1,True,,11.0,9.01164218682643e-15,2.4775161457778867,1.5650435277724661,0.5650435277724661,True,2.0755000005010515,Optimization terminated successfully
Student Performance,5,42,10,300,0.0001,50,least_cost,Ranked + weighted SHARK,Random 50% immutable,α < 1,0.01,545,3,1,True,,14.0,3.944597134754359e-14,6.028075250874829,1.0,0.0,False,6.745099999534432,Optimization terminated successfully
Student Performance,5,42,10,300,0.0001,50,least_cost,Ranked + weighted SHARK,Random 75% immutable,α = 1,1.0,545,3,1,True,,7.0,6.904544714867877e-15,2.016219022271032,1.3203882395977053,0.32038823959770535,True,1.546299999972689,Optimization terminated successfully
Student Performance,5,42,10,300,0.0001,50,least_cost,Ranked + weighted SHARK,Random 75% immutable,α < 1,0.01,545,3,1,True,,6.0,2.9905363356475594e-14,5.464231151893138,1.0000000000006608,6.608047442568932e-13,True,1.5364000000772648,Optimization terminated successfully
Student Performance,5,42,10,300,0.0001,50,least_cost,Ranked + weighted SHARK,All features mutable,α = 1,1.0,342,3,1,True,,20.0,1.1611426573122796e-15,0.865401013357859,5.497302001481844,4.497302001481844,True,3.7987999994584243,Optimization terminated successfully
Student Performance,5,42,10,300,0.0001,50,least_cost,Ranked + weighted SHARK,All features mutable,α < 1,0.01,342,3,1,True,,23.0,9.046359350364008e-15,2.4994158347241586,2.0539114391226443,1.0539114391226443,True,12.483900000006543,Optimization terminated successfully
Student Performance,5,42,10,300,0.0001,50,least_cost,Ranked + weighted SHARK,Random 25% immutable,α = 1,1.0,342,3,1,True,,15.0,1.8838887377524846e-15,1.0871845228408021,3.483195676807262,2.483195676807262,True,2.833699999428063,Optimization terminated successfully
Student Performance,5,42,10,300,0.0001,50,least_cost,Ranked + weighted SHARK,Random 25% immutable,α < 1,0.01,342,3,1,True,,14.0,1.450402920263362e-14,3.096495414779152,1.291096026188269,0.2910960261882689,True,2.5838999999905354,Optimization terminated successfully
Student Performance,5,42,10,300,0.0001,50,least_cost,Ranked + weighted SHARK,Random 50% immutable,α = 1,1.0,342,3,1,True,,9.0,1.3662955285437014e-15,0.9147217274800485,4.920467922207108,3.9204679222071084,True,2.0414000000528176,Optimization terminated successfully
Student Performance,5,42,10,300,0.0001,50,least_cost,Ranked + weighted SHARK,Random 50% immutable,α < 1,0.01,342,3,1,True,,11.0,1.1086097994421825e-14,2.7710453758161058,1.333558080701211,0.33355808070121107,True,8.18130000061501,Optimization terminated successfully
Student Performance,5,42,10,300,0.0001,50,least_cost,Ranked + weighted SHARK,Random 75% immutable,α = 1,1.0,342,3,1,True,,5.0,2.1653190138486848e-15,1.1390961042893095,3.1729531662211206,2.1729531662211206,True,2.534899999773188,Optimization terminated successfully
Student Performance,5,42,10,300,0.0001,50,least_cost,Ranked + weighted SHARK,Random 75% immutable,α < 1,0.01,342,3,1,True,,4.0,2.1776293067116852e-14,4.257334293729666,1.0833575560387616,0.0833575560387616,True,3.2363999998779036,Optimization terminated successfully
Student Performance,5,42,10,300,0.0001,50,least_cost,Ranked + weighted SHARK,All features mutable,α = 1,1.0,143,3,0,True,,22.0,6.314470065480057e-14,1.6026714069910635,2.0263065521937715,1.0263065521937715,True,3.4311999997953535,Optimization terminated successfully
Student Performance,5,42,10,300,0.0001,50,least_cost,Ranked + weighted SHARK,All features mutable,α < 1,0.01,143,3,0,True,,22.0,2.603784670748541e-13,3.3645179109381735,1.0000000000000009,8.881784197001252e-16,True,3.4821999997802777,Optimization terminated successfully
Student Performance,5,42,10,300,0.0001,50,least_cost,Ranked + weighted SHARK,Random 25% immutable,α = 1,1.0,143,3,0,True,,15.0,7.065733281869305e-14,9.397906822724522,1.0,0.0,False,3.0363999994733604,Optimization terminated successfully
Student Performance,5,42,10,300,0.0001,50,least_cost,Ranked + weighted SHARK,Random 25% immutable,α < 1,0.01,143,3,0,True,,15.0,6.465842170974717e-14,9.005962456788714,1.0000000000062088,6.2088112429137254e-12,True,2.853500000128406,Optimization terminated successfully
Student Performance,5,42,10,300,0.0001,50,least_cost,Ranked + weighted SHARK,Random 50% immutable,α = 1,1.0,143,3,0,True,,9.0,3.288097907740471e-14,6.304438067950695,1.000000000001419,1.419087070075875e-12,True,2.091199999995297,Optimization terminated successfully
Student Performance,5,42,10,300,0.0001,50,least_cost,Ranked + weighted SHARK,Random 50% immutable,α < 1,0.01,143,3,0,True,,9.0,3.1276570068328644e-14,6.14347332203734,1.0000000000007148,7.147615832536758e-13,True,2.1142999994481215,Optimization terminated successfully
Student Performance,5,42,10,300,0.0001,50,least_cost,Ranked + weighted SHARK,Random 75% immutable,α = 1,1.0,143,3,0,True,,9.0,5.752428296863499e-14,8.260581439543165,1.0000000000013858,1.3857803793371204e-12,True,2.0743999994010665,Optimization terminated successfully
Student Performance,5,42,10,300,0.0001,50,least_cost,Ranked + weighted SHARK,Random 75% immutable,α < 1,0.01,143,3,0,True,,9.0,5.290029647376577e-14,7.90715173274601,1.0,0.0,False,1.4831999997113599,Optimization terminated successfully
Student Performance,5,42,10,300,0.0001,50,least_cost,Ranked + weighted SHARK,All features mutable,α = 1,1.0,52,4,0,True,,21.0,3.656766564800549,3.170467693866246,1.962448084485385,0.9624480844853851,True,8.68099999934202,Optimization terminated successfully
Student Performance,5,42,10,300,0.0001,50,least_cost,Ranked + weighted SHARK,All features mutable,α < 1,0.01,52,4,0,True,,21.0,14.481161273266833,6.61433848657,1.0,0.0,False,9.213600000293809,Optimization terminated successfully
Student Performance,5,42,10,300,0.0001,50,least_cost,Ranked + weighted SHARK,Random 25% immutable,α = 1,1.0,52,4,0,True,,17.0,3.6567665648005625,3.170732505949789,1.9612453913643066,0.9612453913643066,True,6.665899999461544,Optimization terminated successfully
Student Performance,5,42,10,300,0.0001,50,least_cost,Ranked + weighted SHARK,Random 25% immutable,α < 1,0.01,52,4,0,True,,17.0,14.48116127326681,6.755025290859386,1.0,0.0,False,6.746099999872968,Optimization terminated successfully
Student Performance,5,42,10,300,0.0001,50,least_cost,Ranked + weighted SHARK,Random 50% immutable,α = 1,1.0,52,4,0,False,,,,,,,False,17.75050000014744,Positive directional derivative for linesearch
Student Performance,5,42,10,300,0.0001,50,least_cost,Ranked + weighted SHARK,Random 50% immutable,α < 1,0.01,52,4,0,False,,,,,,,False,38.18610000053013,Positive directional derivative for linesearch
Student Performance,5,42,10,300,0.0001,50,least_cost,Ranked + weighted SHARK,Random 75% immutable,α = 1,1.0,52,4,0,False,,,,,,,False,1.6255999998975312,Positive directional derivative for linesearch
Student Performance,5,42,10,300,0.0001,50,least_cost,Ranked + weighted SHARK,Random 75% immutable,α < 1,0.01,52,4,0,False,,,,,,,False,1.6221000005316455,Positive directional derivative for linesearch
Student Performance,5,42,10,300,0.0001,50,least_cost,Ranked + weighted SHARK,All features mutable,α = 1,1.0,487,0,2,True,,1.0,2.385813168388616,2.1844052592816876,1.9999999999999447,0.9999999999999447,True,19.98619999994844,Optimization terminated successfully
Student Performance,5,42,10,300,0.0001,50,least_cost,Ranked + weighted SHARK,All features mutable,α < 1,0.01,487,0,2,True,,1.0,9.448058728135674,4.346966465970539,1.0050251256281175,0.005025125628117522,True,10.18370000019786,Optimization terminated successfully
Student Performance,5,42,10,300,0.0001,50,least_cost,Ranked + weighted SHARK,Random 25% immutable,α = 1,1.0,487,0,2,False,,,,,,,False,3.622899999754736,Positive directional derivative for linesearch
Student Performance,5,42,10,300,0.0001,50,least_cost,Ranked + weighted SHARK,Random 25% immutable,α < 1,0.01,487,0,2,False,,,,,,,False,3.260499999669264,Positive directional derivative for linesearch
Student Performance,5,42,10,300,0.0001,50,least_cost,Ranked + weighted SHARK,Random 50% immutable,α = 1,1.0,487,0,2,True,,1.0,2.385813168388616,2.1844052592816876,1.9999999999999447,0.9999999999999447,True,12.378000000353495,Optimization terminated successfully
Student Performance,5,42,10,300,0.0001,50,least_cost,Ranked + weighted SHARK,Random 50% immutable,α < 1,0.01,487,0,2,True,,1.0,9.448058728135674,4.346966465970539,1.0050251256281175,0.005025125628117522,True,5.874800000128744,Optimization terminated successfully
Student Performance,5,42,10,300,0.0001,50,least_cost,Ranked + weighted SHARK,Random 75% immutable,α = 1,1.0,487,0,2,True,,1.0,2.385813168388616,2.1844052592816876,1.9999999999999447,0.9999999999999447,True,8.214999999836436,Optimization terminated successfully
Student Performance,5,42,10,300,0.0001,50,least_cost,Ranked + weighted SHARK,Random 75% immutable,α < 1,0.01,487,0,2,True,,1.0,9.448058728135674,4.346966465970539,1.0050251256281175,0.005025125628117522,True,3.8785999995525344,Optimization terminated successfully
Student Performance,5,42,10,300,0.0001,50,least_cost,Ranked + weighted SHARK,All features mutable,α = 1,1.0,465,1,0,True,,25.0,6.299498045835603e-14,1.599510768576579,2.028604505609684,1.028604505609684,True,3.445100000135426,Optimization terminated successfully
Student Performance,5,42,10,300,0.0001,50,least_cost,Ranked + weighted SHARK,All features mutable,α < 1,0.01,465,1,0,True,,25.0,2.559242229956524e-13,3.2239618319805805,1.0064556953097514,0.00645569530975143,True,3.4899000002042158,Optimization terminated successfully
Student Performance,5,42,10,300,0.0001,50,least_cost,Ranked + weighted SHARK,Random 25% immutable,α = 1,1.0,465,1,0,True,,18.0,6.300363484569855e-14,1.5995666210316273,2.0284628415334693,1.0284628415334693,True,2.787000000353146,Optimization terminated successfully
Student Performance,5,42,10,300,0.0001,50,least_cost,Ranked + weighted SHARK,Random 25% immutable,α < 1,0.01,465,1,0,True,,18.0,2.5595938182033497e-13,3.224074405841792,1.006385412424524,0.006385412424523951,True,2.7546999999685795,Optimization terminated successfully
Student Performance,5,42,10,300,0.0001,50,least_cost,Ranked + weighted SHARK,Random 50% immutable,α = 1,1.0,465,1,0,True,,12.0,6.302890350221704e-14,1.5997297802389878,2.0280490897664443,1.0280490897664443,True,2.1600000000034925,Optimization terminated successfully
Student Performance,5,42,10,300,0.0001,50,least_cost,Ranked + weighted SHARK,Random 50% immutable,α < 1,0.01,465,1,0,True,,12.0,2.5606203803630913e-13,3.224403266530738,1.0061801380247701,0.006180138024770132,True,2.3719999999229913,Optimization terminated successfully
Student Performance,5,42,10,300,0.0001,50,least_cost,Ranked + weighted SHARK,Random 75% immutable,α = 1,1.0,465,1,0,True,,8.0,6.303556358401034e-14,1.5997727584714436,2.0279401232973777,1.0279401232973777,True,1.774700000169105,Optimization terminated successfully
Student Performance,5,42,10,300,0.0001,50,least_cost,Ranked + weighted SHARK,Random 75% immutable,α < 1,0.01,465,1,0,True,,8.0,2.56089095357795e-13,3.2244898930889687,1.0061260762944488,0.0061260762944488345,True,1.763599999321741,Optimization terminated successfully
Student Performance,5,42,10,300,0.0001,50,least_cost,Ranked + weighted SHARK,All features mutable,α = 1,1.0,113,3,2,True,,1.0,2.385813168388482,2.1844052592816263,2.000000000000001,1.0000000000000009,True,13.719799999307725,Optimization terminated successfully
Student Performance,5,42,10,300,0.0001,50,least_cost,Ranked + weighted SHARK,All features mutable,α < 1,0.01,113,3,2,True,,1.0,9.448058728135194,4.346966465970429,1.0050251256281428,0.005025125628142835,True,8.965899999566318,Optimization terminated successfully
Student Performance,5,42,10,300,0.0001,50,least_cost,Ranked + weighted SHARK,Random 25% immutable,α = 1,1.0,113,3,2,False,,,,,,,False,3.451399999903515,Positive directional derivative for linesearch
Student Performance,5,42,10,300,0.0001,50,least_cost,Ranked + weighted SHARK,Random 25% immutable,α < 1,0.01,113,3,2,False,,,,,,,False,3.103699999883247,Positive directional derivative for linesearch
Student Performance,5,42,10,300,0.0001,50,least_cost,Ranked + weighted SHARK,Random 50% immutable,α = 1,1.0,113,3,2,True,,1.0,2.385813168388482,2.1844052592816263,2.000000000000001,1.0000000000000009,True,8.102599999801896,Optimization terminated successfully
Student Performance,5,42,10,300,0.0001,50,least_cost,Ranked + weighted SHARK,Random 50% immutable,α < 1,0.01,113,3,2,True,,1.0,9.448058728135194,4.346966465970429,1.0050251256281428,0.005025125628142835,True,5.373200000576617,Optimization terminated successfully
Student Performance,5,42,10,300,0.0001,50,least_cost,Ranked + weighted SHARK,Random 75% immutable,α = 1,1.0,113,3,2,False,,,,,,,False,1.5702000000601402,Positive directional derivative for linesearch
Student Performance,5,42,10,300,0.0001,50,least_cost,Ranked + weighted SHARK,Random 75% immutable,α < 1,0.01,113,3,2,False,,,,,,,False,1.6417999995610444,Positive directional derivative for linesearch
Student Performance,5,42,10,300,0.0001,50,least_cost,Ranked + weighted SHARK,All features mutable,α = 1,1.0,230,3,0,True,,22.0,6.862261190401496e-14,1.6707778486054254,1.9437494135315456,0.9437494135315456,True,3.4683000003497,Optimization terminated successfully
Student Performance,5,42,10,300,0.0001,50,least_cost,Ranked + weighted SHARK,All features mutable,α < 1,0.01,230,3,0,True,,22.0,2.672650058271006e-13,4.020876106158901,1.0,0.0,False,3.408099999433034,Optimization terminated successfully
Student Performance,5,42,10,300,0.0001,50,least_cost,Ranked + weighted SHARK,Random 25% immutable,α = 1,1.0,230,3,0,True,,15.0,6.865549728197625e-14,1.6709814777564322,1.9432757040004929,0.9432757040004929,True,2.8350000002319575,Optimization terminated successfully
Student Performance,5,42,10,300,0.0001,50,least_cost,Ranked + weighted SHARK,Random 25% immutable,α < 1,0.01,230,3,0,True,,15.0,2.688184768115431e-13,4.112789029723794,1.0000000000000437,4.374278717023117e-14,True,2.635700000610086,Optimization terminated successfully
Student Performance,5,42,10,300,0.0001,50,least_cost,Ranked + weighted SHARK,Random 50% immutable,α = 1,1.0,230,3,0,True,,11.0,4.9760526030833576e-14,7.752761009506642,1.000000000001764,1.7639223415244487e-12,True,2.1866999995836522,Optimization terminated successfully
Student Performance,5,42,10,300,0.0001,50,least_cost,Ranked + weighted SHARK,Random 50% immutable,α < 1,0.01,230,3,0,True,,11.0,4.8733013268796905e-14,7.667833280718659,1.0,0.0,False,2.2331000000122003,Optimization terminated successfully
Student Performance,5,42,10,300,0.0001,50,least_cost,Ranked + weighted SHARK,Random 75% immutable,α = 1,1.0,230,3,0,True,,6.0,3.345384401640828e-14,6.290534540709665,1.0000000000018037,1.8036683258060293e-12,True,1.6566999993301579,Optimization terminated successfully
Student Performance,5,42,10,300,0.0001,50,least_cost,Ranked + weighted SHARK,Random 75% immutable,α < 1,0.01,230,3,0,True,,6.0,3.2914247660935997e-14,6.26514137749189,1.0,0.0,False,1.6678000001775217,Optimization terminated successfully
Student Performance,5,42,10,300,0.0001,50,least_cost,Ranked + weighted SHARK,All features mutable,α = 1,1.0,79,3,2,True,,1.0,2.385813168388485,2.1844052592816277,1.9999999999999996,0.9999999999999996,True,8.357700000487966,Optimization terminated successfully
Student Performance,5,42,10,300,0.0001,50,least_cost,Ranked + weighted SHARK,All features mutable,α < 1,0.01,79,3,2,True,,1.0,9.44805872813526,4.346966465970444,1.0050251256281395,0.005025125628139504,True,9.341899999526504,Optimization terminated successfully
Student Performance,5,42,10,300,0.0001,50,least_cost,Ranked + weighted SHARK,Random 25% immutable,α = 1,1.0,79,3,2,True,,1.0,2.385813168388485,2.1844052592816277,1.9999999999999996,0.9999999999999996,True,6.479900000158523,Optimization terminated successfully
Student Performance,5,42,10,300,0.0001,50,least_cost,Ranked + weighted SHARK,Random 25% immutable,α < 1,0.01,79,3,2,True,,1.0,9.44805872813526,4.346966465970444,1.0050251256281395,0.005025125628139504,True,10.130199999366596,Optimization terminated successfully
Student Performance,5,42,10,300,0.0001,50,least_cost,Ranked + weighted SHARK,Random 50% immutable,α = 1,1.0,79,3,2,False,,,,,,,False,11.384600000383216,Positive directional derivative for linesearch
Student Performance,5,42,10,300,0.0001,50,least_cost,Ranked + weighted SHARK,Random 50% immutable,α < 1,0.01,79,3,2,False,,,,,,,False,2.4088999998639338,Positive directional derivative for linesearch
Student Performance,5,42,10,300,0.0001,50,least_cost,Ranked + weighted SHARK,Random 75% immutable,α = 1,1.0,79,3,2,False,,,,,,,False,900.5795000002763,Iteration limit reached
Student Performance,5,42,10,300,0.0001,50,least_cost,Ranked + weighted SHARK,Random 75% immutable,α < 1,0.01,79,3,2,False,,,,,,,False,900.0507999999172,Iteration limit reached
Student Performance,5,42,10,300,0.0001,50,least_cost,Ranked + weighted SHARK,All features mutable,α = 1,1.0,57,4,2,False,,,,,,,False,6.696499999634398,Positive directional derivative for linesearch
Student Performance,5,42,10,300,0.0001,50,least_cost,Ranked + weighted SHARK,All features mutable,α < 1,0.01,57,4,2,True,,2.0,23.92922000140171,6.917979474008728,1.0050250741643043,0.005025074164304311,True,9.308599999712897,Optimization terminated successfully
Student Performance,5,42,10,300,0.0001,50,least_cost,Ranked + weighted SHARK,Random 25% immutable,α = 1,1.0,57,4,2,False,,,,,,,False,6.431400000110443,Positive directional derivative for linesearch
Student Performance,5,42,10,300,0.0001,50,least_cost,Ranked + weighted SHARK,Random 25% immutable,α < 1,0.01,57,4,2,False,,,,,,,False,9.35620000018389,Positive directional derivative for linesearch
Student Performance,5,42,10,300,0.0001,50,least_cost,Ranked + weighted SHARK,Random 50% immutable,α = 1,1.0,57,4,2,False,,,,,,,False,4.306600000745675,Positive directional derivative for linesearch
Student Performance,5,42,10,300,0.0001,50,least_cost,Ranked + weighted SHARK,Random 50% immutable,α < 1,0.01,57,4,2,False,,,,,,,False,6.055199999536853,Positive directional derivative for linesearch
Student Performance,5,42,10,300,0.0001,50,least_cost,Ranked + weighted SHARK,Random 75% immutable,α = 1,1.0,57,4,2,False,,,,,,,False,56.70830000053684,Positive directional derivative for linesearch
Student Performance,5,42,10,300,0.0001,50,least_cost,Ranked + weighted SHARK,Random 75% immutable,α < 1,0.01,57,4,2,False,,,,,,,False,891.248099999757,Iteration limit reached
Student Performance,5,42,10,300,0.0001,50,least_cost,Ranked + weighted SHARK,All features mutable,α = 1,1.0,527,1,2,False,,,,,,,False,10.578200000054494,Positive directional derivative for linesearch
Student Performance,5,42,10,300,0.0001,50,least_cost,Ranked + weighted SHARK,All features mutable,α < 1,0.01,527,1,2,True,,1.0,9.448058728135384,4.346966465970472,1.0050251256281328,0.005025125628132843,True,10.009199999331031,Optimization terminated successfully
Student Performance,5,42,10,300,0.0001,50,least_cost,Ranked + weighted SHARK,Random 25% immutable,α = 1,1.0,527,1,2,False,,,,,,,False,8.241500000622182,Positive directional derivative for linesearch
Student Performance,5,42,10,300,0.0001,50,least_cost,Ranked + weighted SHARK,Random 25% immutable,α < 1,0.01,527,1,2,True,,1.0,9.448058728135384,4.346966465970472,1.0050251256281328,0.005025125628132843,True,8.096399999885762,Optimization terminated successfully
Student Performance,5,42,10,300,0.0001,50,least_cost,Ranked + weighted SHARK,Random 50% immutable,α = 1,1.0,527,1,2,False,,,,,,,False,6.219599999894854,Positive directional derivative for linesearch
Student Performance,5,42,10,300,0.0001,50,least_cost,Ranked + weighted SHARK,Random 50% immutable,α < 1,0.01,527,1,2,True,,1.0,9.448058728135384,4.346966465970472,1.0050251256281328,0.005025125628132843,True,5.804999999782012,Optimization terminated successfully
Student Performance,5,42,10,300,0.0001,50,least_cost,Ranked + weighted SHARK,Random 75% immutable,α = 1,1.0,527,1,2,False,,,,,,,False,1.7038000005413778,Positive directional derivative for linesearch
Student Performance,5,42,10,300,0.0001,50,least_cost,Ranked + weighted SHARK,Random 75% immutable,α < 1,0.01,527,1,2,False,,,,,,,False,1.5535000002273591,Positive directional derivative for linesearch
