dataset,n_clusters,seed,n_init,max_iter,tol,n_factuals,solution_type,cf_mode,mask_scenario,alpha_case,alpha,factual_idx,source_cluster,target_cluster,feasible,rank_step,changed_features,weighted_squared_distance,euclidean_distance,rho,tau,positive_tau,runtime_ms,solver_message
German Credit,2,42,10,300,0.0001,50,most_parsimonious,Unweighted k-means,All features mutable,α = 1,1.0,393,1,0,True,1.0,1.0,0.14421006579155865,2.6309852067229142,2.081316717000939,1.0813167170009388,True,1.2123000001338369,Optimization terminated successfully
German Credit,2,42,10,300,0.0001,50,most_parsimonious,Unweighted k-means,All features mutable,α < 1,0.9713178226640995,393,1,0,True,1.0,1.0,0.1803414590628773,2.9421743719599815,1.861179114712598,0.861179114712598,True,1.5585999999530031,Optimization terminated successfully
German Credit,2,42,10,300,0.0001,50,most_parsimonious,Unweighted k-means,Random 25% immutable,α = 1,1.0,393,1,0,True,1.0,1.0,0.0840209662375457,2.008234642516206,2.9063431512137106,1.9063431512137106,True,1.2629999996534025,Optimization terminated successfully
German Credit,2,42,10,300,0.0001,50,most_parsimonious,Unweighted k-means,Random 25% immutable,α < 1,0.9713178226640995,393,1,0,True,1.0,1.0,0.10507216372158859,2.245765762192543,2.598943797953707,1.598943797953707,True,1.1524999999892316,Optimization terminated successfully
German Credit,2,42,10,300,0.0001,50,most_parsimonious,Unweighted k-means,Random 50% immutable,α = 1,1.0,393,1,0,True,1.0,1.0,0.14421006579155865,2.6309852067229142,2.081316717000939,1.0813167170009388,True,1.2342999998509185,Optimization terminated successfully
German Credit,2,42,10,300,0.0001,50,most_parsimonious,Unweighted k-means,Random 50% immutable,α < 1,0.9713178226640995,393,1,0,True,1.0,1.0,0.1803414590628773,2.9421743719599815,1.861179114712598,0.861179114712598,True,1.1386999999558611,Optimization terminated successfully
German Credit,2,42,10,300,0.0001,50,most_parsimonious,Unweighted k-means,Random 75% immutable,α = 1,1.0,393,1,0,True,2.0,2.0,0.019448649494112704,0.966196240790353,5.423723025147591,4.423723025147591,True,5.3688000002694025,Optimization terminated successfully
German Credit,2,42,10,300,0.0001,50,most_parsimonious,Unweighted k-means,Random 75% immutable,α < 1,0.9713178226640995,393,1,0,True,2.0,2.0,0.02432144945860005,1.0804765494969348,4.850064353960924,3.8500643539609243,True,2.5769999997464765,Optimization terminated successfully
German Credit,2,42,10,300,0.0001,50,most_parsimonious,Unweighted k-means,All features mutable,α = 1,1.0,496,1,0,True,4.0,3.0,0.44983184927020303,4.6467116076823345,1.0164753683181542,0.016475368318154215,True,18.451100000220322,Optimization terminated successfully
German Credit,2,42,10,300,0.0001,50,most_parsimonious,Unweighted k-means,All features mutable,α < 1,0.9713178226640995,496,1,0,True,4.0,3.0,0.4829909021959804,4.814931287713986,1.0,0.0,False,4.718700000012177,Optimization terminated successfully
German Credit,2,42,10,300,0.0001,50,most_parsimonious,Unweighted k-means,Random 25% immutable,α = 1,1.0,496,1,0,True,3.0,2.0,0.4079777627255847,4.425260739304304,1.0645065653590982,0.06450656535909816,True,7.454099999904429,Optimization terminated successfully
German Credit,2,42,10,300,0.0001,50,most_parsimonious,Unweighted k-means,Random 25% immutable,α < 1,0.9713178226640995,496,1,0,True,3.0,2.0,0.43789787578221573,4.584658988141469,1.0274960742671284,0.027496074267128412,True,3.637499999967986,Optimization terminated successfully
German Credit,2,42,10,300,0.0001,50,most_parsimonious,Unweighted k-means,Random 50% immutable,α = 1,1.0,496,1,0,True,2.0,2.0,0.3434293285076444,4.060124107507914,1.2645833297071973,0.26458332970719733,True,6.38810000009471,Optimization terminated successfully
German Credit,2,42,10,300,0.0001,50,most_parsimonious,Unweighted k-means,Random 50% immutable,α < 1,0.9713178226640995,496,1,0,True,2.0,2.0,0.368615613826886,4.206370105410428,1.2206166192688617,0.22061661926886167,True,5.04640000008294,Optimization terminated successfully
German Credit,2,42,10,300,0.0001,50,most_parsimonious,Unweighted k-means,Random 75% immutable,α = 1,1.0,496,1,0,True,3.0,3.0,0.17219352167672425,2.8749415716641558,2.0115532080334058,1.0115532080334058,True,10.123499999735941,Optimization terminated successfully
German Credit,2,42,10,300,0.0001,50,most_parsimonious,Unweighted k-means,Random 75% immutable,α < 1,0.9713178226640995,496,1,0,True,3.0,3.0,0.1848217822275123,2.978497196057198,1.9416160591078824,0.9416160591078824,True,11.713400000189722,Optimization terminated successfully
German Credit,2,42,10,300,0.0001,50,most_parsimonious,Unweighted k-means,All features mutable,α = 1,1.0,436,1,0,True,5.0,4.0,1.3901007910331373,8.168527282784247,1.0,0.0,False,7.412100000237842,Optimization terminated successfully
German Credit,2,42,10,300,0.0001,50,most_parsimonious,Unweighted k-means,All features mutable,α < 1,0.9713178226640995,436,1,0,True,5.0,4.0,1.4428724612955148,8.322131826772795,1.0,0.0,False,25.1549999998133,Optimization terminated successfully
German Credit,2,42,10,300,0.0001,50,most_parsimonious,Unweighted k-means,Random 25% immutable,α = 1,1.0,436,1,0,True,5.0,3.0,1.1407692985355609,7.399792316660443,1.0,0.0,False,12.128300000313175,Optimization terminated successfully
German Credit,2,42,10,300,0.0001,50,most_parsimonious,Unweighted k-means,Random 25% immutable,α < 1,0.9713178226640995,436,1,0,True,6.0,4.0,0.7898510823238384,6.157341305429174,1.0,0.0,False,25.719700000081502,Optimization terminated successfully
German Credit,2,42,10,300,0.0001,50,most_parsimonious,Unweighted k-means,Random 50% immutable,α = 1,1.0,436,1,0,True,8.0,6.0,1.388404567271373,8.16354207614721,1.0000000000000002,2.220446049250313e-16,True,62.18470000021625,Optimization terminated successfully
German Credit,2,42,10,300,0.0001,50,most_parsimonious,Unweighted k-means,Random 50% immutable,α < 1,0.9713178226640995,436,1,0,True,9.0,7.0,1.257987359837783,7.7706752134041475,1.0,0.0,False,50.88419999992766,Optimization terminated successfully
German Credit,2,42,10,300,0.0001,50,most_parsimonious,Unweighted k-means,Random 75% immutable,α = 1,1.0,436,1,0,True,10.0,5.0,1.253636697574625,7.757226404043006,1.0,0.0,False,63.41999999995096,Optimization terminated successfully
German Credit,2,42,10,300,0.0001,50,most_parsimonious,Unweighted k-means,Random 75% immutable,α < 1,0.9713178226640995,436,1,0,True,10.0,5.0,1.3102938130362987,7.930580245211716,1.0,0.0,False,58.17179999985456,Optimization terminated successfully
German Credit,2,42,10,300,0.0001,50,most_parsimonious,Unweighted k-means,All features mutable,α = 1,1.0,84,1,0,True,2.0,2.0,0.5163335928975614,4.978354392676655,1.4428433835365864,0.44284338353658637,True,4.4874000000163505,Optimization terminated successfully
German Credit,2,42,10,300,0.0001,50,most_parsimonious,Unweighted k-means,All features mutable,α < 1,0.9713178226640995,84,1,0,True,2.0,2.0,0.5562419720251399,5.167166985612785,1.3901206944297322,0.3901206944297322,True,12.819999999919673,Optimization terminated successfully
German Credit,2,42,10,300,0.0001,50,most_parsimonious,Unweighted k-means,Random 25% immutable,α = 1,1.0,84,1,0,True,2.0,2.0,0.5163335928975614,4.978354392676655,1.4428433835365864,0.44284338353658637,True,3.841799999918294,Optimization terminated successfully
German Credit,2,42,10,300,0.0001,50,most_parsimonious,Unweighted k-means,Random 25% immutable,α < 1,0.9713178226640995,84,1,0,True,2.0,2.0,0.5562419720251399,5.167166985612785,1.3901206944297322,0.3901206944297322,True,11.40110000005734,Optimization terminated successfully
German Credit,2,42,10,300,0.0001,50,most_parsimonious,Unweighted k-means,Random 50% immutable,α = 1,1.0,84,1,0,True,4.0,3.0,0.5232203861844699,5.011444755442741,1.0,0.0,False,15.455000000201835,Optimization terminated successfully
German Credit,2,42,10,300,0.0001,50,most_parsimonious,Unweighted k-means,Random 50% immutable,α < 1,0.9713178226640995,84,1,0,True,4.0,3.0,0.5835463413551358,5.2924686475260785,1.0,0.0,False,30.210400000214577,Optimization terminated successfully
German Credit,2,42,10,300,0.0001,50,most_parsimonious,Unweighted k-means,Random 75% immutable,α = 1,1.0,84,1,0,True,2.0,2.0,0.5163335928975614,4.978354392676655,1.4428433835365864,0.44284338353658637,True,4.183999999895605,Optimization terminated successfully
German Credit,2,42,10,300,0.0001,50,most_parsimonious,Unweighted k-means,Random 75% immutable,α < 1,0.9713178226640995,84,1,0,True,2.0,2.0,0.5562419720251399,5.167166985612785,1.3901206944297322,0.3901206944297322,True,12.50369999979739,Optimization terminated successfully
German Credit,2,42,10,300,0.0001,50,most_parsimonious,Unweighted k-means,All features mutable,α = 1,1.0,778,0,1,True,11.0,10.0,0.7677918855087953,6.070750407027304,1.0,0.0,False,76.63259999981165,Optimization terminated successfully
German Credit,2,42,10,300,0.0001,50,most_parsimonious,Unweighted k-means,All features mutable,α < 1,0.9942891419237442,778,0,1,True,11.0,10.0,0.7801839192403146,6.11954476440324,1.0,0.0,False,52.735000000211585,Optimization terminated successfully
German Credit,2,42,10,300,0.0001,50,most_parsimonious,Unweighted k-means,Random 25% immutable,α = 1,1.0,778,0,1,True,13.0,9.0,0.8348777331696158,6.330413192844648,1.0,0.0,False,225.58360000039102,Optimization terminated successfully
German Credit,2,42,10,300,0.0001,50,most_parsimonious,Unweighted k-means,Random 25% immutable,α < 1,0.9942891419237442,778,0,1,True,13.0,9.0,0.8478395445818975,6.379365026390251,1.0,0.0,False,146.21859999988374,Optimization terminated successfully
German Credit,2,42,10,300,0.0001,50,most_parsimonious,Unweighted k-means,Random 50% immutable,α = 1,1.0,778,0,1,True,23.0,12.0,1.5397984948677381,8.59711159364885,1.0,0.0,False,258.8415999998688,Optimization terminated successfully
German Credit,2,42,10,300,0.0001,50,most_parsimonious,Unweighted k-means,Random 50% immutable,α < 1,0.9942891419237442,778,0,1,True,23.0,12.0,1.558892650829996,8.650251281890013,1.0,0.0,False,446.869500000048,Optimization terminated successfully
German Credit,2,42,10,300,0.0001,50,most_parsimonious,Unweighted k-means,Random 75% immutable,α = 1,1.0,778,0,1,True,11.0,11.0,0.8580802119872901,6.417776108231723,1.0,0.0,False,159.8721000000296,Optimization terminated successfully
German Credit,2,42,10,300,0.0001,50,most_parsimonious,Unweighted k-means,Random 75% immutable,α < 1,0.9942891419237442,778,0,1,True,11.0,11.0,0.8692073526514204,6.4592532793867266,1.0,0.0,False,82.91679999956614,Optimization terminated successfully
German Credit,2,42,10,300,0.0001,50,most_parsimonious,Unweighted k-means,All features mutable,α = 1,1.0,966,0,1,True,6.0,6.0,0.06435515396312116,1.757568601855932,1.0,0.0,False,25.521200000184763,Optimization terminated successfully
German Credit,2,42,10,300,0.0001,50,most_parsimonious,Unweighted k-means,All features mutable,α < 1,0.9942891419237442,966,0,1,True,6.0,6.0,0.06571081251587915,1.7759839528447883,1.0,0.0,False,36.16680000004635,Optimization terminated successfully
German Credit,2,42,10,300,0.0001,50,most_parsimonious,Unweighted k-means,Random 25% immutable,α = 1,1.0,966,0,1,True,4.0,4.0,0.09077772153033949,2.0874220065564835,1.0,0.0,False,22.161400000186404,Optimization terminated successfully
German Credit,2,42,10,300,0.0001,50,most_parsimonious,Unweighted k-means,Random 25% immutable,α < 1,0.9942891419237442,966,0,1,True,4.0,4.0,0.09302293094450054,2.1130784853705804,1.0,0.0,False,19.891399999778514,Optimization terminated successfully
German Credit,2,42,10,300,0.0001,50,most_parsimonious,Unweighted k-means,Random 50% immutable,α = 1,1.0,966,0,1,True,3.0,3.0,0.11049249542922401,2.302963260801777,1.0,0.0,False,7.441300000209594,Optimization terminated successfully
German Credit,2,42,10,300,0.0001,50,most_parsimonious,Unweighted k-means,Random 50% immutable,α < 1,0.9942891419237442,966,0,1,True,3.0,3.0,0.11538868815773262,2.3534351555909008,1.0,0.0,False,11.349900000368507,Optimization terminated successfully
German Credit,2,42,10,300,0.0001,50,most_parsimonious,Unweighted k-means,Random 75% immutable,α = 1,1.0,966,0,1,True,3.0,2.0,0.041322898274665815,1.4083675362574783,1.8058063177126797,0.8058063177126797,True,22.235299999920244,Optimization terminated successfully
German Credit,2,42,10,300,0.0001,50,most_parsimonious,Unweighted k-means,Random 75% immutable,α < 1,0.9942891419237442,966,0,1,True,3.0,2.0,0.042143945490751594,1.4222901896434768,1.7881294641239445,0.7881294641239445,True,13.322799999968993,Optimization terminated successfully
German Credit,2,42,10,300,0.0001,50,most_parsimonious,Unweighted k-means,All features mutable,α = 1,1.0,628,0,1,True,6.0,6.0,0.46054093090524917,4.701698063833104,1.0,0.0,False,25.81740000005084,Optimization terminated successfully
German Credit,2,42,10,300,0.0001,50,most_parsimonious,Unweighted k-means,All features mutable,α < 1,0.9942891419237442,628,0,1,True,6.0,6.0,0.4679202546398801,4.739216414420663,1.0,0.0,False,48.16119999986768,Optimization terminated successfully
German Credit,2,42,10,300,0.0001,50,most_parsimonious,Unweighted k-means,Random 25% immutable,α = 1,1.0,628,0,1,True,8.0,7.0,0.4889313281826708,4.844450820554194,1.0,0.0,False,48.3632000000398,Optimization terminated successfully
German Credit,2,42,10,300,0.0001,50,most_parsimonious,Unweighted k-means,Random 25% immutable,α < 1,0.9942891419237442,628,0,1,True,8.0,7.0,0.49603816079210067,4.879531915872755,1.0,0.0,False,88.99890000020605,Optimization terminated successfully
German Credit,2,42,10,300,0.0001,50,most_parsimonious,Unweighted k-means,Random 50% immutable,α = 1,1.0,628,0,1,True,6.0,5.0,0.2720630005728265,3.6137271656138723,1.0,0.0,False,25.978699999996024,Optimization terminated successfully
German Credit,2,42,10,300,0.0001,50,most_parsimonious,Unweighted k-means,Random 50% immutable,α < 1,0.9942891419237442,628,0,1,True,6.0,5.0,0.2771010819298444,3.6470333056653774,1.0,0.0,False,26.34699999998702,Optimization terminated successfully
German Credit,2,42,10,300,0.0001,50,most_parsimonious,Unweighted k-means,Random 75% immutable,α = 1,1.0,628,0,1,True,7.0,5.0,0.792124349890325,6.1661956500532495,1.0,0.0,False,107.29600000013306,Optimization terminated successfully
German Credit,2,42,10,300,0.0001,50,most_parsimonious,Unweighted k-means,Random 75% immutable,α < 1,0.9942891419237442,628,0,1,True,7.0,5.0,0.8189850455442946,6.2698709864020445,1.0,0.0,False,94.58010000025752,Optimization terminated successfully
German Credit,2,42,10,300,0.0001,50,most_parsimonious,Unweighted k-means,All features mutable,α = 1,1.0,695,1,0,True,2.0,2.0,0.24181658442399434,3.4069335262596083,2.2495627346659726,1.2495627346659726,True,4.853000000366592,Optimization terminated successfully
German Credit,2,42,10,300,0.0001,50,most_parsimonious,Unweighted k-means,All features mutable,α < 1,0.9713178226640995,695,1,0,True,2.0,2.0,0.2693622948689832,3.595746119195736,2.1314382166913073,1.1314382166913073,True,2.098400000249967,Optimization terminated successfully
German Credit,2,42,10,300,0.0001,50,most_parsimonious,Unweighted k-means,Random 25% immutable,α = 1,1.0,695,1,0,True,2.0,2.0,0.24181658442399434,3.4069335262596083,2.2495627346659726,1.2495627346659726,True,4.600199999913457,Optimization terminated successfully
German Credit,2,42,10,300,0.0001,50,most_parsimonious,Unweighted k-means,Random 25% immutable,α < 1,0.9713178226640995,695,1,0,True,2.0,2.0,0.2693622948689832,3.595746119195736,2.1314382166913073,1.1314382166913073,True,2.0749999998770363,Optimization terminated successfully
German Credit,2,42,10,300,0.0001,50,most_parsimonious,Unweighted k-means,Random 50% immutable,α = 1,1.0,695,1,0,True,4.0,3.0,0.14517276944076007,2.639752437854066,1.0567183274097498,0.0567183274097498,True,6.017800000336138,Optimization terminated successfully
German Credit,2,42,10,300,0.0001,50,most_parsimonious,Unweighted k-means,Random 50% immutable,α < 1,0.9713178226640995,695,1,0,True,4.0,3.0,0.16170962972698727,2.786047779004407,1.0012300585566898,0.0012300585566897837,True,28.4615999999005,Optimization terminated successfully
German Credit,2,42,10,300,0.0001,50,most_parsimonious,Unweighted k-means,Random 75% immutable,α = 1,1.0,695,1,0,True,9.0,5.0,0.1436179373908137,2.6255782210322853,1.0681585432465217,0.06815854324652171,True,70.51679999995031,Optimization terminated successfully
German Credit,2,42,10,300,0.0001,50,most_parsimonious,Unweighted k-means,Random 75% immutable,α < 1,0.9713178226640995,695,1,0,True,9.0,5.0,0.15997768429360443,2.771088025684679,1.012069548558824,0.012069548558824028,True,62.833299999965675,Optimization terminated successfully
German Credit,2,42,10,300,0.0001,50,most_parsimonious,Unweighted k-means,All features mutable,α = 1,1.0,273,1,0,True,2.0,2.0,0.08891535907573428,2.0658986508624393,1.5885774224840596,0.5885774224840596,True,8.487799999784329,Optimization terminated successfully
German Credit,2,42,10,300,0.0001,50,most_parsimonious,Unweighted k-means,All features mutable,α < 1,0.9713178226640995,273,1,0,True,2.0,2.0,0.10591089151899341,2.2547112437985675,1.455547787348556,0.45554778734855605,True,9.309999999913998,Optimization terminated successfully
German Credit,2,42,10,300,0.0001,50,most_parsimonious,Unweighted k-means,Random 25% immutable,α = 1,1.0,273,1,0,True,1.0,1.0,0.1407200257048981,2.5989538729717983,2.0953307471598146,1.0953307471598146,True,1.099199999771372,Optimization terminated successfully
German Credit,2,42,10,300,0.0001,50,most_parsimonious,Unweighted k-means,Random 25% immutable,α < 1,0.9713178226640995,273,1,0,True,1.0,1.0,0.1676176481982949,2.8364849926481464,1.9198648942626024,0.9198648942626024,True,1.0892000000239932,Optimization terminated successfully
German Credit,2,42,10,300,0.0001,50,most_parsimonious,Unweighted k-means,Random 50% immutable,α = 1,1.0,273,1,0,True,3.0,2.0,0.06336974589998519,1.744060722337181,2.2289647814638474,1.2289647814638474,True,16.996999999719264,Optimization terminated successfully
German Credit,2,42,10,300,0.0001,50,most_parsimonious,Unweighted k-means,Random 50% immutable,α < 1,0.9713178226640995,273,1,0,True,3.0,2.0,0.07548241781133558,1.9034589711743484,2.042308235358483,1.0423082353584832,True,16.047099999923375,Optimization terminated successfully
German Credit,2,42,10,300,0.0001,50,most_parsimonious,Unweighted k-means,Random 75% immutable,α = 1,1.0,273,1,0,True,1.0,1.0,0.1407200257048981,2.5989538729717983,2.0953307471598146,1.0953307471598146,True,1.1865000001307635,Optimization terminated successfully
German Credit,2,42,10,300,0.0001,50,most_parsimonious,Unweighted k-means,Random 75% immutable,α < 1,0.9713178226640995,273,1,0,True,1.0,1.0,0.1676176481982949,2.8364849926481464,1.9198648942626024,0.9198648942626024,True,1.1591000002226792,Optimization terminated successfully
German Credit,2,42,10,300,0.0001,50,most_parsimonious,Unweighted k-means,All features mutable,α = 1,1.0,444,0,1,True,2.0,2.0,0.20377561874187586,3.127495755330459,1.0,0.0,False,4.836800000248331,Optimization terminated successfully
German Credit,2,42,10,300,0.0001,50,most_parsimonious,Unweighted k-means,All features mutable,α < 1,0.9942891419237442,444,0,1,True,2.0,2.0,0.21060311065186008,3.1794573925890695,1.0,0.0,False,4.231700000218552,Optimization terminated successfully
German Credit,2,42,10,300,0.0001,50,most_parsimonious,Unweighted k-means,Random 25% immutable,α = 1,1.0,444,0,1,True,2.0,2.0,0.20377561874187586,3.127495755330459,1.0,0.0,False,4.546900000150345,Optimization terminated successfully
German Credit,2,42,10,300,0.0001,50,most_parsimonious,Unweighted k-means,Random 25% immutable,α < 1,0.9942891419237442,444,0,1,True,2.0,2.0,0.21060311065186008,3.1794573925890695,1.0,0.0,False,4.373799999939365,Optimization terminated successfully
German Credit,2,42,10,300,0.0001,50,most_parsimonious,Unweighted k-means,Random 50% immutable,α = 1,1.0,444,0,1,True,3.0,3.0,0.10862189450623183,2.2833858491939396,1.0,0.0,False,10.45769999973345,Optimization terminated successfully
German Credit,2,42,10,300,0.0001,50,most_parsimonious,Unweighted k-means,Random 50% immutable,α < 1,0.9942891419237442,444,0,1,True,3.0,3.0,0.11218693398179932,2.3205544232200994,1.0,0.0,False,7.659300000341318,Optimization terminated successfully
German Credit,2,42,10,300,0.0001,50,most_parsimonious,Unweighted k-means,Random 75% immutable,α = 1,1.0,444,0,1,True,3.0,2.0,0.05971595795818683,1.6930345483754807,1.3601918226246434,0.36019182262464344,True,4.120399999919755,Optimization terminated successfully
German Credit,2,42,10,300,0.0001,50,most_parsimonious,Unweighted k-means,Random 75% immutable,α < 1,0.9942891419237442,444,0,1,True,3.0,2.0,0.06124707612401992,1.714601893721384,1.34308247095229,0.34308247095228994,True,6.834199999957491,Optimization terminated successfully
German Credit,2,42,10,300,0.0001,50,most_parsimonious,Unweighted k-means,All features mutable,α = 1,1.0,352,0,1,True,13.0,10.0,0.3007669474219927,3.799580697426448,1.0,0.0,False,217.99849999979415,Optimization terminated successfully
German Credit,2,42,10,300,0.0001,50,most_parsimonious,Unweighted k-means,All features mutable,α < 1,0.9942891419237442,352,0,1,True,13.0,10.0,0.30300196046061667,3.8136719971845507,1.0,0.0,False,216.3869999999406,Optimization terminated successfully
German Credit,2,42,10,300,0.0001,50,most_parsimonious,Unweighted k-means,Random 25% immutable,α = 1,1.0,352,0,1,True,21.0,13.0,0.9245034516079715,6.66154379083277,1.0000000000000002,2.220446049250313e-16,True,314.79220000028363,Optimization terminated successfully
German Credit,2,42,10,300,0.0001,50,most_parsimonious,Unweighted k-means,Random 25% immutable,α < 1,0.9942891419237442,352,0,1,True,21.0,13.0,0.9324571844644929,6.690137880066125,1.0,0.0,False,628.8190000000213,Optimization terminated successfully
German Credit,2,42,10,300,0.0001,50,most_parsimonious,Unweighted k-means,Random 50% immutable,α = 1,1.0,352,0,1,True,20.0,10.0,1.510731871990419,8.51558159232475,1.0,0.0,False,368.42440000009447,Optimization terminated successfully
German Credit,2,42,10,300,0.0001,50,most_parsimonious,Unweighted k-means,Random 50% immutable,α < 1,0.9942891419237442,352,0,1,True,20.0,10.0,1.5401345078418678,8.59804956815263,1.0,0.0,False,373.1387000002542,Optimization terminated successfully
German Credit,2,42,10,300,0.0001,50,most_parsimonious,Unweighted k-means,Random 75% immutable,α = 1,1.0,352,0,1,False,,,,,,,False,112.26980000037656,No feasible counterfactual found.
German Credit,2,42,10,300,0.0001,50,most_parsimonious,Unweighted k-means,Random 75% immutable,α < 1,0.9942891419237442,352,0,1,False,,,,,,,False,230.2639999998064,No feasible counterfactual found.
German Credit,2,42,10,300,0.0001,50,most_parsimonious,Unweighted k-means,All features mutable,α = 1,1.0,677,1,0,True,5.0,4.0,0.5484160049930364,5.130688865997016,1.0000000000000002,2.220446049250313e-16,True,58.53860000024724,Optimization terminated successfully
German Credit,2,42,10,300,0.0001,50,most_parsimonious,Unweighted k-means,All features mutable,α < 1,0.9713178226640995,677,1,0,True,5.0,4.0,0.5777013730875931,5.265896496153762,1.0,0.0,False,21.545500000229367,Optimization terminated successfully
German Credit,2,42,10,300,0.0001,50,most_parsimonious,Unweighted k-means,Random 25% immutable,α = 1,1.0,677,1,0,True,3.0,3.0,0.5616682093762172,5.192309125048164,1.0,0.0,False,7.077400000071066,Optimization terminated successfully
German Credit,2,42,10,300,0.0001,50,most_parsimonious,Unweighted k-means,Random 25% immutable,α < 1,0.9713178226640995,677,1,0,True,3.0,3.0,0.5917622108737439,5.329595305643732,1.0,0.0,False,13.763100000232953,Optimization terminated successfully
German Credit,2,42,10,300,0.0001,50,most_parsimonious,Unweighted k-means,Random 50% immutable,α = 1,1.0,677,1,0,True,2.0,2.0,0.3987485971250312,4.374920874941797,1.1978229857755829,0.19782298577558288,True,2.218299999640294,Optimization terminated successfully
German Credit,2,42,10,300,0.0001,50,most_parsimonious,Unweighted k-means,Random 50% immutable,α < 1,0.9713178226640995,677,1,0,True,2.0,2.0,0.4198526515973906,4.489201184695864,1.1673303489713178,0.16733034897131782,True,7.9436999999416,Optimization terminated successfully
German Credit,2,42,10,300,0.0001,50,most_parsimonious,Unweighted k-means,Random 75% immutable,α = 1,1.0,677,1,0,True,3.0,3.0,0.2727152260816827,3.6180562256439255,1.7513882050555551,0.7513882050555551,True,14.561299999968469,Optimization terminated successfully
German Credit,2,42,10,300,0.0001,50,most_parsimonious,Unweighted k-means,Random 75% immutable,α < 1,0.9713178226640995,677,1,0,True,3.0,3.0,0.2871488743206128,3.7125659546181016,1.7068036175811403,0.7068036175811403,True,5.080399999769725,Optimization terminated successfully
German Credit,2,42,10,300,0.0001,50,most_parsimonious,Unweighted k-means,All features mutable,α = 1,1.0,413,1,0,True,2.0,2.0,0.2862765701118685,3.706922627378361,2.024088957794285,1.024088957794285,True,5.8925000003000605,Optimization terminated successfully
German Credit,2,42,10,300,0.0001,50,most_parsimonious,Unweighted k-means,All features mutable,α < 1,0.9713178226640995,413,1,0,True,2.0,2.0,0.31618235222497476,3.8957352203144904,1.9259884857325742,0.9259884857325742,True,4.893600000286824,Optimization terminated successfully
German Credit,2,42,10,300,0.0001,50,most_parsimonious,Unweighted k-means,Random 25% immutable,α = 1,1.0,413,1,0,True,2.0,2.0,0.2862765701118685,3.706922627378361,2.024088957794285,1.024088957794285,True,6.011300000409392,Optimization terminated successfully
German Credit,2,42,10,300,0.0001,50,most_parsimonious,Unweighted k-means,Random 25% immutable,α < 1,0.9713178226640995,413,1,0,True,2.0,2.0,0.31618235222497476,3.8957352203144904,1.9259884857325742,0.9259884857325742,True,4.759899999953632,Optimization terminated successfully
German Credit,2,42,10,300,0.0001,50,most_parsimonious,Unweighted k-means,Random 50% immutable,α = 1,1.0,413,1,0,True,2.0,2.0,0.2862765701118685,3.706922627378361,2.024088957794285,1.024088957794285,True,6.390000000010332,Optimization terminated successfully
German Credit,2,42,10,300,0.0001,50,most_parsimonious,Unweighted k-means,Random 50% immutable,α < 1,0.9713178226640995,413,1,0,True,2.0,2.0,0.31618235222497476,3.8957352203144904,1.9259884857325742,0.9259884857325742,True,4.676699999890843,Optimization terminated successfully
German Credit,2,42,10,300,0.0001,50,most_parsimonious,Unweighted k-means,Random 75% immutable,α = 1,1.0,413,1,0,True,4.0,3.0,0.8223783050865691,6.282846380754133,1.0,0.0,False,35.316899999997986,Optimization terminated successfully
German Credit,2,42,10,300,0.0001,50,most_parsimonious,Unweighted k-means,Random 75% immutable,α < 1,0.9713178226640995,413,1,0,True,4.0,3.0,0.9313110252003528,6.6860249184113085,1.0,0.0,False,10.550799999691662,Optimization terminated successfully
German Credit,2,42,10,300,0.0001,50,most_parsimonious,Unweighted k-means,All features mutable,α = 1,1.0,67,1,0,True,5.0,4.0,1.0746386830828203,7.182106709592624,1.0,0.0,False,29.03040000001056,Optimization terminated successfully
German Credit,2,42,10,300,0.0001,50,most_parsimonious,Unweighted k-means,All features mutable,α < 1,0.9713178226640995,67,1,0,True,5.0,4.0,1.1133267083795633,7.310245002885953,1.0,0.0,False,21.017099999880884,Optimization terminated successfully
German Credit,2,42,10,300,0.0001,50,most_parsimonious,Unweighted k-means,Random 25% immutable,α = 1,1.0,67,1,0,True,6.0,4.0,0.7544109067174823,6.017617761410171,1.0,0.0,False,39.836599999944156,Optimization terminated successfully
German Credit,2,42,10,300,0.0001,50,most_parsimonious,Unweighted k-means,Random 25% immutable,α < 1,0.9713178226640995,67,1,0,True,6.0,4.0,0.7889011858587831,6.153637698241715,1.0,0.0,False,20.522299999811366,Optimization terminated successfully
German Credit,2,42,10,300,0.0001,50,most_parsimonious,Unweighted k-means,Random 50% immutable,α = 1,1.0,67,1,0,True,7.0,5.0,1.4666327627610438,8.390373806483838,1.0,0.0,False,39.65650000009191,Optimization terminated successfully
German Credit,2,42,10,300,0.0001,50,most_parsimonious,Unweighted k-means,Random 50% immutable,α < 1,0.9713178226640995,67,1,0,True,7.0,5.0,1.523657356506785,8.551932712102316,1.0,0.0,False,24.884799999654206,Optimization terminated successfully
German Credit,2,42,10,300,0.0001,50,most_parsimonious,Unweighted k-means,Random 75% immutable,α = 1,1.0,67,1,0,True,5.0,4.0,2.656764906567653,11.292684159014073,1.0,0.0,False,29.511600000205362,Optimization terminated successfully
German Credit,2,42,10,300,0.0001,50,most_parsimonious,Unweighted k-means,Random 75% immutable,α < 1,0.9713178226640995,67,1,0,True,8.0,5.0,2.222138336199795,10.327760654546084,1.0000000000000002,2.220446049250313e-16,True,64.26669999973456,Optimization terminated successfully
German Credit,2,42,10,300,0.0001,50,most_parsimonious,Unweighted k-means,All features mutable,α = 1,1.0,759,0,1,True,6.0,6.0,0.2895235657764303,3.7278856148316377,1.0,0.0,False,83.50620000010167,Optimization terminated successfully
German Credit,2,42,10,300,0.0001,50,most_parsimonious,Unweighted k-means,All features mutable,α < 1,0.9942891419237442,759,0,1,True,6.0,6.0,0.3067573575968283,3.8372324876983623,1.0,0.0,False,78.80530000011277,Optimization terminated successfully
German Credit,2,42,10,300,0.0001,50,most_parsimonious,Unweighted k-means,Random 25% immutable,α = 1,1.0,759,0,1,True,16.0,8.0,3.187895483321237,12.370084203408616,1.0,0.0,False,260.36919999978636,Optimization terminated successfully
German Credit,2,42,10,300,0.0001,50,most_parsimonious,Unweighted k-means,Random 25% immutable,α < 1,0.9942891419237442,759,0,1,True,16.0,8.0,3.266600573846805,12.521853997896903,1.0000000000000002,2.220446049250313e-16,True,308.7761000001592,Optimization terminated successfully
German Credit,2,42,10,300,0.0001,50,most_parsimonious,Unweighted k-means,Random 50% immutable,α = 1,1.0,759,0,1,True,7.0,5.0,0.27241708516645824,3.616077998051203,1.0,0.0,False,47.12160000008225,Optimization terminated successfully
German Credit,2,42,10,300,0.0001,50,most_parsimonious,Unweighted k-means,Random 50% immutable,α < 1,0.9942891419237442,759,0,1,True,7.0,5.0,0.289881552507957,3.7301896091729625,1.0,0.0,False,111.74519999985932,Optimization terminated successfully
German Credit,2,42,10,300,0.0001,50,most_parsimonious,Unweighted k-means,Random 75% immutable,α = 1,1.0,759,0,1,False,,,,,,,False,159.8785000001044,No feasible counterfactual found.
German Credit,2,42,10,300,0.0001,50,most_parsimonious,Unweighted k-means,Random 75% immutable,α < 1,0.9942891419237442,759,0,1,False,,,,,,,False,199.72069999994346,No feasible counterfactual found.
German Credit,2,42,10,300,0.0001,50,most_parsimonious,Unweighted k-means,All features mutable,α = 1,1.0,505,1,0,True,2.0,2.0,0.8724608855903885,6.471330814317767,1.17928757266582,0.17928757266582007,True,2.150599999822589,Optimization terminated successfully
German Credit,2,42,10,300,0.0001,50,most_parsimonious,Unweighted k-means,All features mutable,α < 1,0.9713178226640995,505,1,0,True,2.0,2.0,0.9241147959414073,6.660143407253897,1.1458552175338275,0.14585521753382746,True,3.8095999998404295,Optimization terminated successfully
German Credit,2,42,10,300,0.0001,50,most_parsimonious,Unweighted k-means,Random 25% immutable,α = 1,1.0,505,1,0,True,4.0,2.0,0.28588018100232,3.70435536741703,1.4957933907615788,0.4957933907615788,True,4.9060999999710475,Optimization terminated successfully
German Credit,2,42,10,300,0.0001,50,most_parsimonious,Unweighted k-means,Random 25% immutable,α < 1,0.9713178226640995,505,1,0,True,4.0,2.0,0.3028056724306647,3.812436527559758,1.4533882219336371,0.45338822193363715,True,8.438800000021729,Optimization terminated successfully
German Credit,2,42,10,300,0.0001,50,most_parsimonious,Unweighted k-means,Random 50% immutable,α = 1,1.0,505,1,0,True,5.0,2.0,0.2603415568635952,3.535024006913188,1.0,0.0,False,6.438399999751709,Optimization terminated successfully
German Credit,2,42,10,300,0.0001,50,most_parsimonious,Unweighted k-means,Random 50% immutable,α < 1,0.9713178226640995,505,1,0,True,5.0,2.0,0.2824744122041886,3.682223755531575,1.0,0.0,False,16.63470000039524,Optimization terminated successfully
German Credit,2,42,10,300,0.0001,50,most_parsimonious,Unweighted k-means,Random 75% immutable,α = 1,1.0,505,1,0,True,11.0,3.0,0.8640151943693244,6.43993240102158,1.0,0.0,False,87.39449999984572,Optimization terminated successfully
German Credit,2,42,10,300,0.0001,50,most_parsimonious,Unweighted k-means,Random 75% immutable,α < 1,0.9713178226640995,505,1,0,True,11.0,3.0,0.9419139907063013,6.723977361197944,1.0,0.0,False,69.70670000009704,Optimization terminated successfully
German Credit,2,42,10,300,0.0001,50,most_parsimonious,Unweighted k-means,All features mutable,α = 1,1.0,485,0,1,True,8.0,6.0,0.4470451063003545,4.632295878116705,1.0,0.0,False,57.50919999991311,Optimization terminated successfully
German Credit,2,42,10,300,0.0001,50,most_parsimonious,Unweighted k-means,All features mutable,α < 1,0.9942891419237442,485,0,1,True,8.0,6.0,0.4599633439967258,4.698748824085284,1.0,0.0,False,109.44560000007186,Optimization terminated successfully
German Credit,2,42,10,300,0.0001,50,most_parsimonious,Unweighted k-means,Random 25% immutable,α = 1,1.0,485,0,1,True,9.0,6.0,0.5312172229995413,5.049596687259091,1.0,0.0,False,76.51369999985036,Optimization terminated successfully
German Credit,2,42,10,300,0.0001,50,most_parsimonious,Unweighted k-means,Random 25% immutable,α < 1,0.9942891419237442,485,0,1,True,9.0,6.0,0.5394015876730281,5.088347099825773,1.0,0.0,False,92.25389999983236,Optimization terminated successfully
German Credit,2,42,10,300,0.0001,50,most_parsimonious,Unweighted k-means,Random 50% immutable,α = 1,1.0,485,0,1,True,14.0,7.0,1.0450133765584904,7.082417812781702,1.0,0.0,False,155.50419999999576,Optimization terminated successfully
German Credit,2,42,10,300,0.0001,50,most_parsimonious,Unweighted k-means,Random 50% immutable,α < 1,0.9942891419237442,485,0,1,True,14.0,7.0,1.0769298018789573,7.1897587226686515,1.0,0.0,False,145.6388000001425,Optimization terminated successfully
German Credit,2,42,10,300,0.0001,50,most_parsimonious,Unweighted k-means,Random 75% immutable,α = 1,1.0,485,0,1,True,9.0,6.0,0.3941348965923157,4.349537335904953,1.0,0.0,False,73.51269999981014,Optimization terminated successfully
German Credit,2,42,10,300,0.0001,50,most_parsimonious,Unweighted k-means,Random 75% immutable,α < 1,0.9942891419237442,485,0,1,True,9.0,6.0,0.4006145895055459,4.38514541335475,1.0000000000000002,2.220446049250313e-16,True,117.80989999988378,Optimization terminated successfully
German Credit,2,42,10,300,0.0001,50,most_parsimonious,Unweighted k-means,All features mutable,α = 1,1.0,752,1,0,True,5.0,4.0,0.8812780493997245,6.503948521566478,1.0,0.0,False,8.832699999857141,Optimization terminated successfully
German Credit,2,42,10,300,0.0001,50,most_parsimonious,Unweighted k-means,All features mutable,α < 1,0.9713178226640995,752,1,0,True,5.0,4.0,0.9175590007112504,6.636477381423071,1.0,0.0,False,29.281099999934668,Optimization terminated successfully
German Credit,2,42,10,300,0.0001,50,most_parsimonious,Unweighted k-means,Random 25% immutable,α = 1,1.0,752,1,0,True,8.0,5.0,0.5744481347872956,5.251048511467991,1.0,0.0,False,32.15679999993881,Optimization terminated successfully
German Credit,2,42,10,300,0.0001,50,most_parsimonious,Unweighted k-means,Random 25% immutable,α < 1,0.9713178226640995,752,1,0,True,8.0,5.0,0.6067407314489521,5.396624418055207,1.0,0.0,False,51.92859999988286,Optimization terminated successfully
German Credit,2,42,10,300,0.0001,50,most_parsimonious,Unweighted k-means,Random 50% immutable,α = 1,1.0,752,1,0,True,7.0,4.0,0.40494120302613407,4.408761475205303,1.0,0.0,False,41.69880000017656,Optimization terminated successfully
German Credit,2,42,10,300,0.0001,50,most_parsimonious,Unweighted k-means,Random 50% immutable,α < 1,0.9713178226640995,752,1,0,True,7.0,4.0,0.42907553567169165,4.538240376207633,1.0,0.0,False,32.76320000031774,Optimization terminated successfully
German Credit,2,42,10,300,0.0001,50,most_parsimonious,Unweighted k-means,Random 75% immutable,α = 1,1.0,752,1,0,True,3.0,3.0,0.9017824237773594,6.579175962178946,1.0,0.0,False,3.2651999999870895,Optimization terminated successfully
German Credit,2,42,10,300,0.0001,50,most_parsimonious,Unweighted k-means,Random 75% immutable,α < 1,0.9713178226640995,752,1,0,True,3.0,3.0,0.9397332101992015,6.716188955766632,1.0,0.0,False,14.593600000353035,Optimization terminated successfully
German Credit,2,42,10,300,0.0001,50,most_parsimonious,Unweighted k-means,All features mutable,α = 1,1.0,193,1,0,True,5.0,5.0,1.558130975408194,8.648137765992937,1.0,0.0,False,50.84779999970124,Optimization terminated successfully
German Credit,2,42,10,300,0.0001,50,most_parsimonious,Unweighted k-means,All features mutable,α < 1,0.9713178226640995,193,1,0,True,5.0,5.0,1.6168660576767935,8.809629434231958,1.0,0.0,False,34.12079999998241,Optimization terminated successfully
German Credit,2,42,10,300,0.0001,50,most_parsimonious,Unweighted k-means,Random 25% immutable,α = 1,1.0,193,1,0,True,7.0,6.0,0.880975486841938,6.5028319498825295,1.0,0.0,False,57.75949999997465,Optimization terminated successfully
German Credit,2,42,10,300,0.0001,50,most_parsimonious,Unweighted k-means,Random 25% immutable,α < 1,0.9713178226640995,193,1,0,True,7.0,6.0,0.9173753119768321,6.635813060574261,1.0,0.0,False,77.44969999976092,Optimization terminated successfully
German Credit,2,42,10,300,0.0001,50,most_parsimonious,Unweighted k-means,Random 50% immutable,α = 1,1.0,193,1,0,True,7.0,5.0,0.8815087334035244,6.504799705092323,1.0,0.0,False,40.227299999969546,Optimization terminated successfully
German Credit,2,42,10,300,0.0001,50,most_parsimonious,Unweighted k-means,Random 50% immutable,α < 1,0.9713178226640995,193,1,0,True,7.0,5.0,0.9196110812583952,6.643894332423039,1.0,0.0,False,41.07000000021799,Optimization terminated successfully
German Credit,2,42,10,300,0.0001,50,most_parsimonious,Unweighted k-means,Random 75% immutable,α = 1,1.0,193,1,0,False,,,,,,,False,127.10110000034547,No feasible counterfactual found.
German Credit,2,42,10,300,0.0001,50,most_parsimonious,Unweighted k-means,Random 75% immutable,α < 1,0.9713178226640995,193,1,0,False,,,,,,,False,73.33080000034897,No feasible counterfactual found.
German Credit,2,42,10,300,0.0001,50,most_parsimonious,Unweighted k-means,All features mutable,α = 1,1.0,813,1,0,True,2.0,2.0,0.10371360433011781,2.231199903156518,1.4708856788224007,0.47088567882240073,True,3.03459999986444,Optimization terminated successfully
German Credit,2,42,10,300,0.0001,50,most_parsimonious,Unweighted k-means,All features mutable,α < 1,0.9713178226640995,813,1,0,True,2.0,2.0,0.12200959335926131,2.420012496092643,1.3561252206569787,0.3561252206569787,True,4.757499999868742,Optimization terminated successfully
German Credit,2,42,10,300,0.0001,50,most_parsimonious,Unweighted k-means,Random 25% immutable,α = 1,1.0,813,1,0,True,3.0,2.0,0.08438109032436128,2.012533809795339,1.0001229118205683,0.00012291182056833883,True,8.543099999769765,Optimization terminated successfully
German Credit,2,42,10,300,0.0001,50,most_parsimonious,Unweighted k-means,Random 25% immutable,α < 1,0.9713178226640995,813,1,0,True,3.0,2.0,0.10247889398209056,2.2178789216592385,1.0,0.0,False,5.283800000142946,Optimization terminated successfully
German Credit,2,42,10,300,0.0001,50,most_parsimonious,Unweighted k-means,Random 50% immutable,α = 1,1.0,813,1,0,True,3.0,3.0,0.020996888773613605,1.0039176565503034,2.085121062491354,1.0851210624913539,True,12.563000000227476,Optimization terminated successfully
German Credit,2,42,10,300,0.0001,50,most_parsimonious,Unweighted k-means,Random 50% immutable,α < 1,0.9713178226640995,813,1,0,True,3.0,3.0,0.02470092402655322,1.0888729738929857,1.922437144536903,0.9224371445369031,True,6.873299999824667,Optimization terminated successfully
German Credit,2,42,10,300,0.0001,50,most_parsimonious,Unweighted k-means,Random 75% immutable,α = 1,1.0,813,1,0,True,3.0,3.0,0.020509112517212432,0.992188188211388,2.1347123134209993,1.1347123134209993,True,4.274099999747705,Optimization terminated successfully
German Credit,2,42,10,300,0.0001,50,most_parsimonious,Unweighted k-means,Random 75% immutable,α < 1,0.9713178226640995,813,1,0,True,3.0,3.0,0.024127099762338202,1.0761509134839007,1.9681592201286642,0.9681592201286642,True,5.359100000077888,Optimization terminated successfully
German Credit,2,42,10,300,0.0001,50,most_parsimonious,Unweighted k-means,All features mutable,α = 1,1.0,545,0,1,True,6.0,6.0,0.12988397468007784,2.4968842153058954,1.0,0.0,False,21.22559999997975,Optimization terminated successfully
German Credit,2,42,10,300,0.0001,50,most_parsimonious,Unweighted k-means,All features mutable,α < 1,0.9942891419237442,545,0,1,True,6.0,6.0,0.13199863297521722,2.517128201504728,1.0,0.0,False,52.190199999586184,Optimization terminated successfully
German Credit,2,42,10,300,0.0001,50,most_parsimonious,Unweighted k-means,Random 25% immutable,α = 1,1.0,545,0,1,True,6.0,6.0,0.19915588561184389,3.091841281399889,1.0,0.0,False,17.455899999731628,Optimization terminated successfully
German Credit,2,42,10,300,0.0001,50,most_parsimonious,Unweighted k-means,Random 25% immutable,α < 1,0.9942891419237442,545,0,1,True,6.0,6.0,0.20466241951578495,3.134293562632205,1.0,0.0,False,25.25470000000496,Optimization terminated successfully
German Credit,2,42,10,300,0.0001,50,most_parsimonious,Unweighted k-means,Random 50% immutable,α = 1,1.0,545,0,1,True,4.0,4.0,0.3464966980915566,4.078215480868405,1.0000000000000002,2.220446049250313e-16,True,12.55940000010014,Optimization terminated successfully
German Credit,2,42,10,300,0.0001,50,most_parsimonious,Unweighted k-means,Random 50% immutable,α < 1,0.9942891419237442,545,0,1,True,4.0,4.0,0.3602861257952741,4.15857355810537,1.0,0.0,False,17.48239999960788,Optimization terminated successfully
German Credit,2,42,10,300,0.0001,50,most_parsimonious,Unweighted k-means,Random 75% immutable,α = 1,1.0,545,0,1,True,4.0,4.0,1.648085007680705,8.894272334973438,1.0,0.0,False,7.830200000171317,Optimization terminated successfully
German Credit,2,42,10,300,0.0001,50,most_parsimonious,Unweighted k-means,Random 75% immutable,α < 1,0.9942891419237442,545,0,1,True,4.0,4.0,1.7077176538417365,9.053753220869417,1.0,0.0,False,16.05650000010428,Optimization terminated successfully
German Credit,2,42,10,300,0.0001,50,most_parsimonious,Unweighted k-means,All features mutable,α = 1,1.0,804,1,0,True,5.0,5.0,0.6203555957075947,5.456836867083764,1.0,0.0,False,18.506800000068324,Optimization terminated successfully
German Credit,2,42,10,300,0.0001,50,most_parsimonious,Unweighted k-means,All features mutable,α < 1,0.9713178226640995,804,1,0,True,5.0,5.0,0.6487814359052315,5.580457770062516,1.0,0.0,False,28.56049999991228,Optimization terminated successfully
German Credit,2,42,10,300,0.0001,50,most_parsimonious,Unweighted k-means,Random 25% immutable,α = 1,1.0,804,1,0,True,4.0,4.0,0.7015577132281158,5.802996659911977,1.0960652151315409,0.09606521513154087,True,14.891599999828031,Optimization terminated successfully
German Credit,2,42,10,300,0.0001,50,most_parsimonious,Unweighted k-means,Random 25% immutable,α < 1,0.9713178226640995,804,1,0,True,4.0,4.0,0.7335618260220623,5.933883016125191,1.0718888572560663,0.07188885725606631,True,20.825600000080158,Optimization terminated successfully
German Credit,2,42,10,300,0.0001,50,most_parsimonious,Unweighted k-means,Random 50% immutable,α = 1,1.0,804,1,0,True,4.0,4.0,0.7389691421509461,5.955713124659835,1.0,0.0,False,10.439099999985046,Optimization terminated successfully
German Credit,2,42,10,300,0.0001,50,most_parsimonious,Unweighted k-means,Random 50% immutable,α < 1,0.9713178226640995,804,1,0,True,4.0,4.0,0.7735742027946759,6.093567242112329,1.0,0.0,False,6.5171000001100765,Optimization terminated successfully
German Credit,2,42,10,300,0.0001,50,most_parsimonious,Unweighted k-means,Random 75% immutable,α = 1,1.0,804,1,0,True,8.0,6.0,1.0558469404472213,7.119034565267022,1.0,0.0,False,34.22769999997399,Optimization terminated successfully
German Credit,2,42,10,300,0.0001,50,most_parsimonious,Unweighted k-means,Random 75% immutable,α < 1,0.9713178226640995,804,1,0,True,8.0,6.0,1.129356001746011,7.3626821256800525,1.0,0.0,False,32.99020000031305,Optimization terminated successfully
German Credit,2,42,10,300,0.0001,50,most_parsimonious,Unweighted k-means,All features mutable,α = 1,1.0,163,0,1,True,5.0,5.0,0.24874147662330584,3.4553713082559856,1.0,0.0,False,61.37360000002445,Optimization terminated successfully
German Credit,2,42,10,300,0.0001,50,most_parsimonious,Unweighted k-means,All features mutable,α < 1,0.9942891419237442,163,0,1,True,5.0,5.0,0.2525575137909476,3.481775504245712,1.0,0.0,False,46.31370000015522,Optimization terminated successfully
German Credit,2,42,10,300,0.0001,50,most_parsimonious,Unweighted k-means,Random 25% immutable,α = 1,1.0,163,0,1,True,5.0,5.0,0.24874147662330584,3.4553713082559856,1.0,0.0,False,61.077100000147766,Optimization terminated successfully
German Credit,2,42,10,300,0.0001,50,most_parsimonious,Unweighted k-means,Random 25% immutable,α < 1,0.9942891419237442,163,0,1,True,5.0,5.0,0.2525575137909476,3.481775504245712,1.0,0.0,False,48.46289999977671,Optimization terminated successfully
German Credit,2,42,10,300,0.0001,50,most_parsimonious,Unweighted k-means,Random 50% immutable,α = 1,1.0,163,0,1,True,16.0,7.0,0.4166134201360675,4.471850195001085,1.0,0.0,False,194.9744999997165,Optimization terminated successfully
German Credit,2,42,10,300,0.0001,50,most_parsimonious,Unweighted k-means,Random 50% immutable,α < 1,0.9942891419237442,163,0,1,True,16.0,7.0,0.42325998843704027,4.507380552491429,1.0,0.0,False,145.9604000001491,Optimization terminated successfully
German Credit,2,42,10,300,0.0001,50,most_parsimonious,Unweighted k-means,Random 75% immutable,α = 1,1.0,163,0,1,True,9.0,6.0,0.5143036154775231,4.968558497484064,1.0,0.0,False,182.80499999991662,Optimization terminated successfully
German Credit,2,42,10,300,0.0001,50,most_parsimonious,Unweighted k-means,Random 75% immutable,α < 1,0.9942891419237442,163,0,1,True,9.0,6.0,0.533697938810515,5.061373436420664,1.0,0.0,False,84.81819999997242,Optimization terminated successfully
German Credit,2,42,10,300,0.0001,50,most_parsimonious,Unweighted k-means,All features mutable,α = 1,1.0,668,0,1,True,6.0,6.0,0.22870326035398766,3.3132697591641116,1.0,0.0,False,30.694600000060746,Optimization terminated successfully
German Credit,2,42,10,300,0.0001,50,most_parsimonious,Unweighted k-means,All features mutable,α < 1,0.9942891419237442,668,0,1,True,6.0,6.0,0.23177013439978408,3.335410986848493,1.0,0.0,False,35.32099999983984,Optimization terminated successfully
German Credit,2,42,10,300,0.0001,50,most_parsimonious,Unweighted k-means,Random 25% immutable,α = 1,1.0,668,0,1,True,9.0,6.0,0.12559284824809452,2.455291574519926,1.1106155777005697,0.11061557770056973,True,111.54119999991963,Optimization terminated successfully
German Credit,2,42,10,300,0.0001,50,most_parsimonious,Unweighted k-means,Random 25% immutable,α < 1,0.9942891419237442,668,0,1,True,9.0,6.0,0.12692477721647263,2.4682765862825597,1.1047729077510025,0.10477290775100245,True,54.979699999876175,Optimization terminated successfully
German Credit,2,42,10,300,0.0001,50,most_parsimonious,Unweighted k-means,Random 50% immutable,α = 1,1.0,668,0,1,True,7.0,6.0,0.26144520338978516,3.5425089643795804,1.0,0.0,False,40.71599999997488,Optimization terminated successfully
German Credit,2,42,10,300,0.0001,50,most_parsimonious,Unweighted k-means,Random 50% immutable,α < 1,0.9942891419237442,668,0,1,True,7.0,6.0,0.2691177790828569,3.5941137149479743,1.0,0.0,False,53.40520000027027,Optimization terminated successfully
German Credit,2,42,10,300,0.0001,50,most_parsimonious,Unweighted k-means,Random 75% immutable,α = 1,1.0,668,0,1,False,,,,,,,False,130.44600000011997,No feasible counterfactual found.
German Credit,2,42,10,300,0.0001,50,most_parsimonious,Unweighted k-means,Random 75% immutable,α < 1,0.9942891419237442,668,0,1,False,,,,,,,False,195.92099999999846,No feasible counterfactual found.
German Credit,2,42,10,300,0.0001,50,most_parsimonious,Unweighted k-means,All features mutable,α = 1,1.0,874,1,0,True,5.0,5.0,0.6830635606438082,5.725997809194725,1.0,0.0,False,20.895000000109576,Optimization terminated successfully
German Credit,2,42,10,300,0.0001,50,most_parsimonious,Unweighted k-means,All features mutable,α < 1,0.9713178226640995,874,1,0,True,5.0,5.0,0.7130411881311232,5.850297174528309,1.0,0.0,False,31.507600000168168,Optimization terminated successfully
German Credit,2,42,10,300,0.0001,50,most_parsimonious,Unweighted k-means,Random 25% immutable,α = 1,1.0,874,1,0,True,4.0,4.0,0.4766830804083487,4.7833866516936245,1.2173368406289353,0.21733684062893532,True,30.169199999818375,Optimization terminated successfully
German Credit,2,42,10,300,0.0001,50,most_parsimonious,Unweighted k-means,Random 25% immutable,α < 1,0.9713178226640995,874,1,0,True,4.0,4.0,0.4974014774958696,4.886232794270218,1.1917141663552397,0.19171416635523975,True,19.46270000007644,Optimization terminated successfully
German Credit,2,42,10,300,0.0001,50,most_parsimonious,Unweighted k-means,Random 50% immutable,α = 1,1.0,874,1,0,True,5.0,4.0,0.6568186539321647,5.614917220114995,1.0000000000000002,2.220446049250313e-16,True,52.94629999980316,Optimization terminated successfully
German Credit,2,42,10,300,0.0001,50,most_parsimonious,Unweighted k-means,Random 50% immutable,α < 1,0.9713178226640995,874,1,0,True,5.0,4.0,0.7047420386348042,5.816151464196114,1.0,0.0,False,47.23130000002129,Optimization terminated successfully
German Credit,2,42,10,300,0.0001,50,most_parsimonious,Unweighted k-means,Random 75% immutable,α = 1,1.0,874,1,0,True,5.0,5.0,0.8346013091707127,6.32936512141575,1.0,0.0,False,38.78039999972316,Optimization terminated successfully
German Credit,2,42,10,300,0.0001,50,most_parsimonious,Unweighted k-means,Random 75% immutable,α < 1,0.9713178226640995,874,1,0,True,5.0,5.0,0.8989321736378579,6.568770382241808,1.0,0.0,False,41.88429999976506,Optimization terminated successfully
German Credit,2,42,10,300,0.0001,50,most_parsimonious,Unweighted k-means,All features mutable,α = 1,1.0,891,0,1,True,10.0,9.0,0.6831029115855205,5.726162742719157,1.0,0.0,False,124.34880000000703,Optimization terminated successfully
German Credit,2,42,10,300,0.0001,50,most_parsimonious,Unweighted k-means,All features mutable,α < 1,0.9942891419237442,891,0,1,True,10.0,9.0,0.6965557638607414,5.782272621151272,1.0,0.0,False,151.07970000008208,Optimization terminated successfully
German Credit,2,42,10,300,0.0001,50,most_parsimonious,Unweighted k-means,Random 25% immutable,α = 1,1.0,891,0,1,True,9.0,8.0,0.33555875154489223,4.013330297166535,1.0,0.0,False,88.2209999999759,Optimization terminated successfully
German Credit,2,42,10,300,0.0001,50,most_parsimonious,Unweighted k-means,Random 25% immutable,α < 1,0.9942891419237442,891,0,1,True,9.0,8.0,0.33899772513806614,4.0338431807182555,1.0,0.0,False,69.0534000000298,Optimization terminated successfully
German Credit,2,42,10,300,0.0001,50,most_parsimonious,Unweighted k-means,Random 50% immutable,α = 1,1.0,891,0,1,True,12.0,7.0,2.570850439653377,11.10859221969022,1.0,0.0,False,274.92879999999786,Optimization terminated successfully
German Credit,2,42,10,300,0.0001,50,most_parsimonious,Unweighted k-means,Random 50% immutable,α < 1,0.9942891419237442,891,0,1,True,12.0,7.0,2.6464257943414973,11.270689336876954,1.0,0.0,False,207.7159999998912,Optimization terminated successfully
German Credit,2,42,10,300,0.0001,50,most_parsimonious,Unweighted k-means,Random 75% immutable,α = 1,1.0,891,0,1,False,,,,,,,False,170.9310999999616,No feasible counterfactual found.
German Credit,2,42,10,300,0.0001,50,most_parsimonious,Unweighted k-means,Random 75% immutable,α < 1,0.9942891419237442,891,0,1,False,,,,,,,False,117.52829999977621,No feasible counterfactual found.
German Credit,2,42,10,300,0.0001,50,most_parsimonious,Unweighted k-means,All features mutable,α = 1,1.0,418,1,0,True,2.0,2.0,0.5293471264306089,5.040700553362521,1.3835199593214969,0.38351995932149685,True,2.788100000088889,Optimization terminated successfully
German Credit,2,42,10,300,0.0001,50,most_parsimonious,Unweighted k-means,All features mutable,α < 1,0.9713178226640995,418,1,0,True,2.0,2.0,0.5697459947356343,5.229513146298654,1.3335676824045855,0.33356768240458545,True,2.807899999879737,Optimization terminated successfully
German Credit,2,42,10,300,0.0001,50,most_parsimonious,Unweighted k-means,Random 25% immutable,α = 1,1.0,418,1,0,True,2.0,2.0,0.5293471264306089,5.040700553362521,1.3835199593214969,0.38351995932149685,True,2.8360999999677006,Optimization terminated successfully
German Credit,2,42,10,300,0.0001,50,most_parsimonious,Unweighted k-means,Random 25% immutable,α < 1,0.9713178226640995,418,1,0,True,2.0,2.0,0.5697459947356343,5.229513146298654,1.3335676824045855,0.33356768240458545,True,2.901800000017829,Optimization terminated successfully
German Credit,2,42,10,300,0.0001,50,most_parsimonious,Unweighted k-means,Random 50% immutable,α = 1,1.0,418,1,0,True,1.0,1.0,0.1972451856355994,3.076973985998057,1.6886768473784444,0.6886768473784444,True,1.1499000002004323,Optimization terminated successfully
German Credit,2,42,10,300,0.0001,50,most_parsimonious,Unweighted k-means,Random 50% immutable,α < 1,0.9713178226640995,418,1,0,True,1.0,1.0,0.21229860121192337,3.1922300760083573,1.6277068401779826,0.6277068401779826,True,1.1733000001186156,Optimization terminated successfully
German Credit,2,42,10,300,0.0001,50,most_parsimonious,Unweighted k-means,Random 75% immutable,α = 1,1.0,418,1,0,True,2.0,2.0,0.1423480805054983,2.613944885467924,2.339921827681979,1.3399218276819789,True,2.841399999852001,Optimization terminated successfully
German Credit,2,42,10,300,0.0001,50,most_parsimonious,Unweighted k-means,Random 75% immutable,α < 1,0.9713178226640995,418,1,0,True,2.0,2.0,0.15321184280943656,2.7118570122432626,2.2554384676824273,1.2554384676824273,True,2.682999999706226,Optimization terminated successfully
German Credit,2,42,10,300,0.0001,50,most_parsimonious,Unweighted k-means,All features mutable,α = 1,1.0,982,1,0,True,2.0,2.0,0.8338848205225888,6.326647720956515,1.0925026303070735,0.09250263030707351,True,2.0711000001938373,Optimization terminated successfully
German Credit,2,42,10,300,0.0001,50,most_parsimonious,Unweighted k-means,All features mutable,α < 1,0.9713178226640995,982,1,0,True,2.0,2.0,0.884400481289789,6.515460313892632,1.0608427759763694,0.060842775976369445,True,4.35269999979937,Optimization terminated successfully
German Credit,2,42,10,300,0.0001,50,most_parsimonious,Unweighted k-means,Random 25% immutable,α = 1,1.0,982,1,0,True,2.0,2.0,0.8338848205225888,6.326647720956515,1.0925026303070735,0.09250263030707351,True,2.0783999998457148,Optimization terminated successfully
German Credit,2,42,10,300,0.0001,50,most_parsimonious,Unweighted k-means,Random 25% immutable,α < 1,0.9713178226640995,982,1,0,True,2.0,2.0,0.884400481289789,6.515460313892632,1.0608427759763694,0.060842775976369445,True,4.696299999977782,Optimization terminated successfully
German Credit,2,42,10,300,0.0001,50,most_parsimonious,Unweighted k-means,Random 50% immutable,α = 1,1.0,982,1,0,True,3.0,3.0,0.4299686539714675,4.542961081786904,1.2455909485692456,0.24559094856924557,True,11.708500000167987,Optimization terminated successfully
German Credit,2,42,10,300,0.0001,50,most_parsimonious,Unweighted k-means,Random 50% immutable,α < 1,0.9713178226640995,982,1,0,True,3.0,3.0,0.4560155973022527,4.678541297296427,1.2094948005805897,0.20949480058058967,True,13.6992999996437,Optimization terminated successfully
German Credit,2,42,10,300,0.0001,50,most_parsimonious,Unweighted k-means,Random 75% immutable,α = 1,1.0,982,1,0,True,7.0,6.0,0.5604067292099867,5.186475007370552,1.0,0.0,False,61.82280000030005,Optimization terminated successfully
German Credit,2,42,10,300,0.0001,50,most_parsimonious,Unweighted k-means,Random 75% immutable,α < 1,0.9713178226640995,982,1,0,True,7.0,6.0,0.6134432325240047,5.426350077275906,1.0,0.0,False,18.74900000029811,Optimization terminated successfully
German Credit,2,42,10,300,0.0001,50,most_parsimonious,Unweighted k-means,All features mutable,α = 1,1.0,820,1,0,True,2.0,2.0,0.7278404158332971,5.910697079025304,1.3068352213760541,0.3068352213760541,True,2.1639999999933934,Optimization terminated successfully
German Credit,2,42,10,300,0.0001,50,most_parsimonious,Unweighted k-means,All features mutable,α < 1,0.9713178226640995,820,1,0,True,2.0,2.0,0.7750837132989785,6.099509671961425,1.2663816381487505,0.2663816381487505,True,8.473599999888393,Optimization terminated successfully
German Credit,2,42,10,300,0.0001,50,most_parsimonious,Unweighted k-means,Random 25% immutable,α = 1,1.0,820,1,0,True,3.0,3.0,0.8360641673618421,6.334909631034087,1.0,0.0,False,14.149099999940518,Optimization terminated successfully
German Credit,2,42,10,300,0.0001,50,most_parsimonious,Unweighted k-means,Random 25% immutable,α < 1,0.9713178226640995,820,1,0,True,4.0,4.0,0.3903851247754761,4.328797291306541,1.1303472660453306,0.13034726604533065,True,23.81450000029872,Optimization terminated successfully
German Credit,2,42,10,300,0.0001,50,most_parsimonious,Unweighted k-means,Random 50% immutable,α = 1,1.0,820,1,0,True,3.0,3.0,0.18235903708640844,2.958586449666057,1.4278488091680055,0.4278488091680055,True,6.022399999892514,Optimization terminated successfully
German Credit,2,42,10,300,0.0001,50,most_parsimonious,Unweighted k-means,Random 50% immutable,α < 1,0.9713178226640995,820,1,0,True,3.0,3.0,0.1941957557505745,3.05309617864023,1.383649195242707,0.383649195242707,True,9.266099999877042,Optimization terminated successfully
German Credit,2,42,10,300,0.0001,50,most_parsimonious,Unweighted k-means,Random 75% immutable,α = 1,1.0,820,1,0,True,5.0,3.0,0.1269315799875055,2.468342731348357,1.0,0.0,False,16.978800000288174,Optimization terminated successfully
German Credit,2,42,10,300,0.0001,50,most_parsimonious,Unweighted k-means,Random 75% immutable,α < 1,0.9713178226640995,820,1,0,True,5.0,3.0,0.1374179887803872,2.568280253683111,1.0,0.0,False,24.793099999897095,Optimization terminated successfully
German Credit,2,42,10,300,0.0001,50,most_parsimonious,Unweighted k-means,All features mutable,α = 1,1.0,902,0,1,True,11.0,10.0,1.167158507366284,7.484892006808224,1.0,0.0,False,173.85279999962222,Optimization terminated successfully
German Credit,2,42,10,300,0.0001,50,most_parsimonious,Unweighted k-means,All features mutable,α < 1,0.9942891419237442,902,0,1,True,11.0,10.0,1.1866517003774835,7.547137312790804,1.0000000000000002,2.220446049250313e-16,True,274.9236999998175,Optimization terminated successfully
German Credit,2,42,10,300,0.0001,50,most_parsimonious,Unweighted k-means,Random 25% immutable,α = 1,1.0,902,0,1,True,12.0,10.0,1.280348018264651,7.839432688447759,1.0,0.0,False,192.15249999979278,Optimization terminated successfully
German Credit,2,42,10,300,0.0001,50,most_parsimonious,Unweighted k-means,Random 25% immutable,α < 1,0.9942891419237442,902,0,1,True,12.0,10.0,1.307878687625508,7.923268076117606,1.0,0.0,False,377.9187999998612,Optimization terminated successfully
German Credit,2,42,10,300,0.0001,50,most_parsimonious,Unweighted k-means,Random 50% immutable,α = 1,1.0,902,0,1,True,18.0,15.0,3.016794439366187,12.033542000989442,1.0000000000000002,2.220446049250313e-16,True,608.0172000001767,Optimization terminated successfully
German Credit,2,42,10,300,0.0001,50,most_parsimonious,Unweighted k-means,Random 50% immutable,α < 1,0.9942891419237442,902,0,1,True,18.0,15.0,3.060040187174708,12.119485508237798,1.0,0.0,False,312.45380000018486,Optimization terminated successfully
German Credit,2,42,10,300,0.0001,50,most_parsimonious,Unweighted k-means,Random 75% immutable,α = 1,1.0,902,0,1,False,,,,,,,False,174.29390000006606,No feasible counterfactual found.
German Credit,2,42,10,300,0.0001,50,most_parsimonious,Unweighted k-means,Random 75% immutable,α < 1,0.9942891419237442,902,0,1,False,,,,,,,False,222.62610000007044,No feasible counterfactual found.
German Credit,2,42,10,300,0.0001,50,most_parsimonious,Unweighted k-means,All features mutable,α = 1,1.0,625,1,0,True,1.0,1.0,0.3634143874349119,4.176588392082199,1.1323112484799143,0.13231124847991427,True,1.1202000000594126,Optimization terminated successfully
German Credit,2,42,10,300,0.0001,50,most_parsimonious,Unweighted k-means,All features mutable,α < 1,0.9713178226640995,625,1,0,True,1.0,1.0,0.4195864042495519,4.4877775573192675,1.0537951037506983,0.05379510375069829,True,1.1899999999513966,Optimization terminated successfully
German Credit,2,42,10,300,0.0001,50,most_parsimonious,Unweighted k-means,Random 25% immutable,α = 1,1.0,625,1,0,True,1.0,1.0,0.3634143874349119,4.176588392082199,1.1323112484799143,0.13231124847991427,True,1.1881000000357744,Optimization terminated successfully
German Credit,2,42,10,300,0.0001,50,most_parsimonious,Unweighted k-means,Random 25% immutable,α < 1,0.9713178226640995,625,1,0,True,1.0,1.0,0.4195864042495519,4.4877775573192675,1.0537951037506983,0.05379510375069829,True,1.1924000000362867,Optimization terminated successfully
German Credit,2,42,10,300,0.0001,50,most_parsimonious,Unweighted k-means,Random 50% immutable,α = 1,1.0,625,1,0,True,1.0,1.0,0.211735760671807,3.1879956888689067,1.8283654728532743,0.8283654728532743,True,2.2514000002047396,Optimization terminated successfully
German Credit,2,42,10,300,0.0001,50,most_parsimonious,Unweighted k-means,Random 50% immutable,α < 1,0.9713178226640995,625,1,0,True,1.0,1.0,0.24446320658462875,3.4255268085452464,1.7015838937802341,0.7015838937802341,True,1.265299999886338,Optimization terminated successfully
German Credit,2,42,10,300,0.0001,50,most_parsimonious,Unweighted k-means,Random 75% immutable,α = 1,1.0,625,1,0,True,1.0,1.0,0.3634143874349119,4.176588392082199,1.1323112484799143,0.13231124847991427,True,6.85010000006514,Optimization terminated successfully
German Credit,2,42,10,300,0.0001,50,most_parsimonious,Unweighted k-means,Random 75% immutable,α < 1,0.9713178226640995,625,1,0,True,1.0,1.0,0.4195864042495519,4.4877775573192675,1.0537951037506983,0.05379510375069829,True,1.1166000003868248,Optimization terminated successfully
German Credit,2,42,10,300,0.0001,50,most_parsimonious,Unweighted k-means,All features mutable,α = 1,1.0,623,1,0,True,6.0,5.0,0.9780334733464405,6.851686414352977,1.0342140828354716,0.03421408283547156,True,60.13530000018363,Optimization terminated successfully
German Credit,2,42,10,300,0.0001,50,most_parsimonious,Unweighted k-means,All features mutable,α < 1,0.9713178226640995,623,1,0,True,6.0,5.0,1.0023097889453838,6.936199958866413,1.0216127888836126,0.02161278888361262,True,46.85949999975492,Optimization terminated successfully
German Credit,2,42,10,300,0.0001,50,most_parsimonious,Unweighted k-means,Random 25% immutable,α = 1,1.0,623,1,0,True,7.0,6.0,1.8976115120747543,9.543864656395135,1.0,0.0,False,61.53900000026624,Optimization terminated successfully
German Credit,2,42,10,300,0.0001,50,most_parsimonious,Unweighted k-means,Random 25% immutable,α < 1,0.9713178226640995,623,1,0,True,7.0,6.0,1.9535920378396294,9.683615947377417,1.0,0.0,False,91.56659999962358,Optimization terminated successfully
German Credit,2,42,10,300,0.0001,50,most_parsimonious,Unweighted k-means,Random 50% immutable,α = 1,1.0,623,1,0,True,8.0,6.0,2.114704108786727,10.075008546982126,1.0,0.0,False,83.25290000038876,Optimization terminated successfully
German Credit,2,42,10,300,0.0001,50,most_parsimonious,Unweighted k-means,Random 50% immutable,α < 1,0.9713178226640995,623,1,0,True,8.0,6.0,2.1983268510746785,10.272277685673444,1.0,0.0,False,76.27319999983229,Optimization terminated successfully
German Credit,2,42,10,300,0.0001,50,most_parsimonious,Unweighted k-means,Random 75% immutable,α = 1,1.0,623,1,0,True,5.0,5.0,0.9829472002373488,6.868876590199648,1.0000000000000002,2.220446049250313e-16,True,29.42220000022644,Optimization terminated successfully
German Credit,2,42,10,300,0.0001,50,most_parsimonious,Unweighted k-means,Random 75% immutable,α < 1,0.9713178226640995,623,1,0,True,5.0,5.0,1.0225599397724445,7.005917292480503,1.0,0.0,False,38.57289999996283,Optimization terminated successfully
German Credit,2,42,10,300,0.0001,50,most_parsimonious,Unweighted k-means,All features mutable,α = 1,1.0,708,1,0,True,5.0,3.0,0.6924465399109112,5.7651915766714765,1.0695923798144664,0.06959237981446642,True,29.604400000152964,Optimization terminated successfully
German Credit,2,42,10,300,0.0001,50,most_parsimonious,Unweighted k-means,All features mutable,α < 1,0.9713178226640995,708,1,0,True,5.0,3.0,0.724606113831284,5.897549784775169,1.0455876092405694,0.04558760924056937,True,20.47340000035547,Optimization terminated successfully
German Credit,2,42,10,300,0.0001,50,most_parsimonious,Unweighted k-means,Random 25% immutable,α = 1,1.0,708,1,0,True,5.0,3.0,0.6924465399109112,5.7651915766714765,1.0695923798144664,0.06959237981446642,True,31.34699999964141,Optimization terminated successfully
German Credit,2,42,10,300,0.0001,50,most_parsimonious,Unweighted k-means,Random 25% immutable,α < 1,0.9713178226640995,708,1,0,True,5.0,3.0,0.724606113831284,5.897549784775169,1.0455876092405694,0.04558760924056937,True,22.022499999820866,Optimization terminated successfully
German Credit,2,42,10,300,0.0001,50,most_parsimonious,Unweighted k-means,Random 50% immutable,α = 1,1.0,708,1,0,True,4.0,2.0,0.399606655282965,4.379625492388856,1.0,0.0,False,22.720299999946292,Optimization terminated successfully
German Credit,2,42,10,300,0.0001,50,most_parsimonious,Unweighted k-means,Random 50% immutable,α < 1,0.9713178226640995,708,1,0,True,4.0,2.0,0.4304403710354129,4.545452431793762,1.0,0.0,False,11.770999999953347,Optimization terminated successfully
German Credit,2,42,10,300,0.0001,50,most_parsimonious,Unweighted k-means,Random 75% immutable,α = 1,1.0,708,1,0,True,5.0,3.0,0.4545974616720059,4.671260874780629,1.0000000000000002,2.220446049250313e-16,True,19.17989999992642,Optimization terminated successfully
German Credit,2,42,10,300,0.0001,50,most_parsimonious,Unweighted k-means,Random 75% immutable,α < 1,0.9713178226640995,708,1,0,True,5.0,3.0,0.4844542342528621,4.822219742415041,1.0,0.0,False,17.230899999958638,Optimization terminated successfully
German Credit,2,42,10,300,0.0001,50,most_parsimonious,Unweighted k-means,All features mutable,α = 1,1.0,441,1,0,True,5.0,5.0,1.3354356989754428,8.006304612667522,1.0,0.0,False,35.045500000251195,Optimization terminated successfully
German Credit,2,42,10,300,0.0001,50,most_parsimonious,Unweighted k-means,All features mutable,α < 1,0.9713178226640995,441,1,0,True,5.0,5.0,1.389224211872957,8.165951394044784,1.0,0.0,False,17.37589999993361,Optimization terminated successfully
German Credit,2,42,10,300,0.0001,50,most_parsimonious,Unweighted k-means,Random 25% immutable,α = 1,1.0,441,1,0,True,7.0,7.0,1.5939371839990844,8.74694145584364,1.0,0.0,False,55.234200000086275,Optimization terminated successfully
German Credit,2,42,10,300,0.0001,50,most_parsimonious,Unweighted k-means,Random 25% immutable,α < 1,0.9713178226640995,441,1,0,True,7.0,7.0,1.6548172014369993,8.912419742638694,1.0,0.0,False,28.253200000108336,Optimization terminated successfully
German Credit,2,42,10,300,0.0001,50,most_parsimonious,Unweighted k-means,Random 50% immutable,α = 1,1.0,441,1,0,True,8.0,8.0,1.5069399603618245,8.504887894462078,1.0,0.0,False,52.416099999845756,Optimization terminated successfully
German Credit,2,42,10,300,0.0001,50,most_parsimonious,Unweighted k-means,Random 50% immutable,α < 1,0.9713178226640995,441,1,0,True,8.0,8.0,1.5903945306921008,8.73721565907703,1.0,0.0,False,124.3003999998109,Optimization terminated successfully
German Credit,2,42,10,300,0.0001,50,most_parsimonious,Unweighted k-means,Random 75% immutable,α = 1,1.0,441,1,0,True,5.0,5.0,0.7146482094771063,5.8568860373837826,1.0,0.0,False,36.015600000155246,Optimization terminated successfully
German Credit,2,42,10,300,0.0001,50,most_parsimonious,Unweighted k-means,Random 75% immutable,α < 1,0.9713178226640995,441,1,0,True,5.0,5.0,0.7710920710461208,6.083783313877459,1.0,0.0,False,48.56040000004214,Optimization terminated successfully
German Credit,2,42,10,300,0.0001,50,most_parsimonious,Unweighted k-means,All features mutable,α = 1,1.0,938,0,1,True,2.0,2.0,0.26401268182456844,3.5598607736229355,1.0,0.0,False,2.2611000003962545,Optimization terminated successfully
German Credit,2,42,10,300,0.0001,50,most_parsimonious,Unweighted k-means,All features mutable,α < 1,0.9942891419237442,938,0,1,True,2.0,2.0,0.27143683162345594,3.6095661675505943,1.0,0.0,False,9.674299999915092,Optimization terminated successfully
German Credit,2,42,10,300,0.0001,50,most_parsimonious,Unweighted k-means,Random 25% immutable,α = 1,1.0,938,0,1,True,3.0,3.0,0.3563284221733369,4.135669747975553,1.043736683624167,0.04373668362416705,True,7.597300000270479,Optimization terminated successfully
German Credit,2,42,10,300,0.0001,50,most_parsimonious,Unweighted k-means,Random 25% immutable,α < 1,0.9942891419237442,938,0,1,True,3.0,3.0,0.36418866884858087,4.181035291017272,1.0324118131242774,0.03241181312427743,True,9.4837000001462,Optimization terminated successfully
German Credit,2,42,10,300,0.0001,50,most_parsimonious,Unweighted k-means,Random 50% immutable,α = 1,1.0,938,0,1,True,2.0,2.0,0.1470668601863676,2.6569172529353726,1.0,0.0,False,2.6505000000724976,Optimization terminated successfully
German Credit,2,42,10,300,0.0001,50,most_parsimonious,Unweighted k-means,Random 50% immutable,α < 1,0.9942891419237442,938,0,1,True,2.0,2.0,0.15050784830649844,2.6878200681429414,1.0,0.0,False,4.126300000280025,Optimization terminated successfully
German Credit,2,42,10,300,0.0001,50,most_parsimonious,Unweighted k-means,Random 75% immutable,α = 1,1.0,938,0,1,True,10.0,3.0,0.11447069606170193,2.344054907838486,1.2402641507871495,0.24026415078714947,True,89.73749999995562,Optimization terminated successfully
German Credit,2,42,10,300,0.0001,50,most_parsimonious,Unweighted k-means,Random 75% immutable,α < 1,0.9942891419237442,938,0,1,True,10.0,3.0,0.11699580450700607,2.3697676291856746,1.2268068950851292,0.2268068950851292,True,106.09789999989516,Optimization terminated successfully
German Credit,2,42,10,300,0.0001,50,most_parsimonious,Unweighted k-means,All features mutable,α = 1,1.0,692,1,0,True,5.0,5.0,0.689609547474747,5.753369297966875,1.060428587465183,0.06042858746518309,True,44.83940000000075,Optimization terminated successfully
German Credit,2,42,10,300,0.0001,50,most_parsimonious,Unweighted k-means,All features mutable,α < 1,0.9713178226640995,692,1,0,True,5.0,5.0,0.7194289241593452,5.87644351284419,1.038219427524543,0.038219427524543104,True,24.819599999773345,Optimization terminated successfully
German Credit,2,42,10,300,0.0001,50,most_parsimonious,Unweighted k-means,Random 25% immutable,α = 1,1.0,692,1,0,True,4.0,4.0,0.8273740704428365,6.301900933944943,1.0,0.0,False,25.989600000229984,Optimization terminated successfully
German Credit,2,42,10,300,0.0001,50,most_parsimonious,Unweighted k-means,Random 25% immutable,α < 1,0.9713178226640995,692,1,0,True,4.0,4.0,0.8671456144285626,6.4515881372396215,1.0,0.0,False,8.709700000054,Optimization terminated successfully
German Credit,2,42,10,300,0.0001,50,most_parsimonious,Unweighted k-means,Random 50% immutable,α = 1,1.0,692,1,0,True,4.0,4.0,0.4020154451518794,4.392805637322258,1.4507929973108142,0.45079299731081424,True,16.69049999964045,Optimization terminated successfully
German Credit,2,42,10,300,0.0001,50,most_parsimonious,Unweighted k-means,Random 50% immutable,α < 1,0.9713178226640995,692,1,0,True,4.0,4.0,0.41939897766808065,4.486775114496811,1.4204080959814438,0.4204080959814438,True,13.868300000012823,Optimization terminated successfully
German Credit,2,42,10,300,0.0001,50,most_parsimonious,Unweighted k-means,Random 75% immutable,α = 1,1.0,692,1,0,False,,,,,,,False,111.31029999978637,No feasible counterfactual found.
German Credit,2,42,10,300,0.0001,50,most_parsimonious,Unweighted k-means,Random 75% immutable,α < 1,0.9713178226640995,692,1,0,False,,,,,,,False,109.98770000014702,No feasible counterfactual found.
German Credit,2,42,10,300,0.0001,50,most_parsimonious,Unweighted k-means,All features mutable,α = 1,1.0,62,0,1,True,13.0,8.0,0.7110304597988937,5.842042628254855,1.0,0.0,False,189.40930000007938,Optimization terminated successfully
German Credit,2,42,10,300,0.0001,50,most_parsimonious,Unweighted k-means,All features mutable,α < 1,0.9942891419237442,62,0,1,True,13.0,8.0,0.7177073059103092,5.869408035202089,1.0,0.0,False,252.90580000000773,Optimization terminated successfully
German Credit,2,42,10,300,0.0001,50,most_parsimonious,Unweighted k-means,Random 25% immutable,α = 1,1.0,62,0,1,True,11.0,7.0,0.867661562889986,6.45350718746941,1.0,0.0,False,164.56749999997555,Optimization terminated successfully
German Credit,2,42,10,300,0.0001,50,most_parsimonious,Unweighted k-means,Random 25% immutable,α < 1,0.9942891419237442,62,0,1,True,11.0,7.0,0.8796397049608904,6.497900109891098,1.0,0.0,False,191.53689999984636,Optimization terminated successfully
German Credit,2,42,10,300,0.0001,50,most_parsimonious,Unweighted k-means,Random 50% immutable,α = 1,1.0,62,0,1,True,8.0,6.0,0.8856136354721751,6.519927492132441,1.0,0.0,False,46.97970000006535,Optimization terminated successfully
German Credit,2,42,10,300,0.0001,50,most_parsimonious,Unweighted k-means,Random 50% immutable,α < 1,0.9942891419237442,62,0,1,True,8.0,6.0,0.8971079391829442,6.562101879792886,1.0,0.0,False,37.09560000015699,Optimization terminated successfully
German Credit,2,42,10,300,0.0001,50,most_parsimonious,Unweighted k-means,Random 75% immutable,α = 1,1.0,62,0,1,True,10.0,7.0,0.8415048063079156,6.355488234807767,1.0,0.0,False,86.55279999993581,Optimization terminated successfully
German Credit,2,42,10,300,0.0001,50,most_parsimonious,Unweighted k-means,Random 75% immutable,α < 1,0.9942891419237442,62,0,1,True,10.0,7.0,0.8557528846637743,6.409066894943535,1.0,0.0,False,195.52130000010948,Optimization terminated successfully
German Credit,2,42,10,300,0.0001,50,most_parsimonious,Unweighted k-means,All features mutable,α = 1,1.0,733,1,0,True,2.0,2.0,0.27157547230745765,3.61048787157054,1.8179482596589955,0.8179482596589955,True,4.44580000021233,Optimization terminated successfully
German Credit,2,42,10,300,0.0001,50,most_parsimonious,Unweighted k-means,All features mutable,α < 1,0.9713178226640995,733,1,0,True,2.0,2.0,0.30072258376061395,3.7993004646262802,1.7276022793528385,0.7276022793528385,True,3.4777000000758562,Optimization terminated successfully
German Credit,2,42,10,300,0.0001,50,most_parsimonious,Unweighted k-means,Random 25% immutable,α = 1,1.0,733,1,0,True,2.0,2.0,0.27157547230745765,3.61048787157054,1.8179482596589955,0.8179482596589955,True,10.322999999971216,Optimization terminated successfully
German Credit,2,42,10,300,0.0001,50,most_parsimonious,Unweighted k-means,Random 25% immutable,α < 1,0.9713178226640995,733,1,0,True,2.0,2.0,0.30072258376061395,3.7993004646262802,1.7276022793528385,0.7276022793528385,True,2.7102999997623556,Optimization terminated successfully
German Credit,2,42,10,300,0.0001,50,most_parsimonious,Unweighted k-means,Random 50% immutable,α = 1,1.0,733,1,0,True,2.0,2.0,0.27157547230745765,3.61048787157054,1.8179482596589955,0.8179482596589955,True,4.721200000403769,Optimization terminated successfully
German Credit,2,42,10,300,0.0001,50,most_parsimonious,Unweighted k-means,Random 50% immutable,α < 1,0.9713178226640995,733,1,0,True,2.0,2.0,0.30072258376061395,3.7993004646262802,1.7276022793528385,0.7276022793528385,True,2.8404999998201674,Optimization terminated successfully
German Credit,2,42,10,300,0.0001,50,most_parsimonious,Unweighted k-means,Random 75% immutable,α = 1,1.0,733,1,0,True,1.0,1.0,0.4298032172704277,4.542087012484518,1.2345973482834438,0.2345973482834438,True,1.1128999999527878,Optimization terminated successfully
German Credit,2,42,10,300,0.0001,50,most_parsimonious,Unweighted k-means,Random 75% immutable,α < 1,0.9713178226640995,733,1,0,True,1.0,1.0,0.47593228102668245,4.779618132160849,1.1732419675022985,0.17324196750229848,True,1.1082999999416643,Optimization terminated successfully
German Credit,2,42,10,300,0.0001,50,most_parsimonious,Unweighted k-means,All features mutable,α = 1,1.0,434,1,0,True,5.0,5.0,0.9302307957100834,6.682146226631381,1.0,0.0,False,58.921900000314054,Optimization terminated successfully
German Credit,2,42,10,300,0.0001,50,most_parsimonious,Unweighted k-means,All features mutable,α < 1,0.9713178226640995,434,1,0,True,5.0,5.0,0.9672184092419553,6.813698235438216,1.0,0.0,False,22.831699999642296,Optimization terminated successfully
German Credit,2,42,10,300,0.0001,50,most_parsimonious,Unweighted k-means,Random 25% immutable,α = 1,1.0,434,1,0,True,4.0,4.0,0.5389109571757696,5.086032436431854,1.2530497874531326,0.25304978745313256,True,22.76750000009997,Optimization terminated successfully
German Credit,2,42,10,300,0.0001,50,most_parsimonious,Unweighted k-means,Random 25% immutable,α < 1,0.9713178226640995,434,1,0,True,4.0,4.0,0.5590087463534589,5.1800019136064055,1.2303184376817327,0.23031843768173266,True,19.89030000004277,Optimization terminated successfully
German Credit,2,42,10,300,0.0001,50,most_parsimonious,Unweighted k-means,Random 50% immutable,α = 1,1.0,434,1,0,True,5.0,5.0,0.8532553896102348,6.399707704363636,1.0,0.0,False,26.808399999936228,Optimization terminated successfully
German Credit,2,42,10,300,0.0001,50,most_parsimonious,Unweighted k-means,Random 50% immutable,α < 1,0.9713178226640995,434,1,0,True,5.0,5.0,0.8859162220758602,6.5210412251143826,1.0,0.0,False,34.126199999718665,Optimization terminated successfully
German Credit,2,42,10,300,0.0001,50,most_parsimonious,Unweighted k-means,Random 75% immutable,α = 1,1.0,434,1,0,True,5.0,5.0,0.47292944594038555,4.7645160725029045,1.0,0.0,False,61.7341000001943,Optimization terminated successfully
German Credit,2,42,10,300,0.0001,50,most_parsimonious,Unweighted k-means,Random 75% immutable,α < 1,0.9713178226640995,434,1,0,True,6.0,6.0,0.372263592336171,4.227132885554488,1.0,0.0,False,66.41769999987446,Optimization terminated successfully
German Credit,2,42,10,300,0.0001,50,most_parsimonious,Unweighted k-means,All features mutable,α = 1,1.0,847,1,0,True,5.0,4.0,1.2356531203397538,7.7013862243305375,1.0,0.0,False,22.804500000347616,Optimization terminated successfully
German Credit,2,42,10,300,0.0001,50,most_parsimonious,Unweighted k-means,All features mutable,α < 1,0.9713178226640995,847,1,0,True,5.0,4.0,1.285486410754078,7.855147848143646,1.0000000000000002,2.220446049250313e-16,True,19.82799999996132,Optimization terminated successfully
German Credit,2,42,10,300,0.0001,50,most_parsimonious,Unweighted k-means,Random 25% immutable,α = 1,1.0,847,1,0,True,8.0,5.0,0.6853800004159534,5.735698738598965,1.0,0.0,False,68.73359999963213,Optimization terminated successfully
German Credit,2,42,10,300,0.0001,50,most_parsimonious,Unweighted k-means,Random 25% immutable,α < 1,0.9713178226640995,847,1,0,True,8.0,5.0,0.7144892741016834,5.856234725220703,1.0,0.0,False,34.673799999836774,Optimization terminated successfully
German Credit,2,42,10,300,0.0001,50,most_parsimonious,Unweighted k-means,Random 50% immutable,α = 1,1.0,847,1,0,True,15.0,10.0,1.484763734707152,8.442076715236798,1.0000000000000002,2.220446049250313e-16,True,170.93990000012127,Optimization terminated successfully
German Credit,2,42,10,300,0.0001,50,most_parsimonious,Unweighted k-means,Random 50% immutable,α < 1,0.9713178226640995,847,1,0,True,15.0,10.0,1.5610287448386027,8.656175815696729,1.0,0.0,False,273.43459999974584,Optimization terminated successfully
German Credit,2,42,10,300,0.0001,50,most_parsimonious,Unweighted k-means,Random 75% immutable,α = 1,1.0,847,1,0,False,,,,,,,False,133.95579999996698,No feasible counterfactual found.
German Credit,2,42,10,300,0.0001,50,most_parsimonious,Unweighted k-means,Random 75% immutable,α < 1,0.9713178226640995,847,1,0,False,,,,,,,False,154.25249999998414,No feasible counterfactual found.
German Credit,2,42,10,300,0.0001,50,most_parsimonious,Unweighted k-means,All features mutable,α = 1,1.0,533,1,0,True,2.0,2.0,0.9242062121658432,6.66047281984999,1.0,0.0,False,3.0910999998923216,Optimization terminated successfully
German Credit,2,42,10,300,0.0001,50,most_parsimonious,Unweighted k-means,All features mutable,α < 1,0.9713178226640995,533,1,0,True,2.0,2.0,0.978219470545868,6.852337892004573,1.0,0.0,False,3.0738999998902727,Optimization terminated successfully
German Credit,2,42,10,300,0.0001,50,most_parsimonious,Unweighted k-means,Random 25% immutable,α = 1,1.0,533,1,0,True,8.0,4.0,0.22642427615068442,3.2967203786843755,1.0,0.0,False,41.8576000001849,Optimization terminated successfully
German Credit,2,42,10,300,0.0001,50,most_parsimonious,Unweighted k-means,Random 25% immutable,α < 1,0.9713178226640995,533,1,0,True,8.0,4.0,0.24324025578486555,3.416947801426523,1.0,0.0,False,52.064400000290334,Optimization terminated successfully
German Credit,2,42,10,300,0.0001,50,most_parsimonious,Unweighted k-means,Random 50% immutable,α = 1,1.0,533,1,0,True,3.0,3.0,0.6777551392892085,5.703704645744029,1.0,0.0,False,12.101400000119611,Optimization terminated successfully
German Credit,2,42,10,300,0.0001,50,most_parsimonious,Unweighted k-means,Random 50% immutable,α < 1,0.9713178226640995,533,1,0,True,3.0,3.0,0.7223545209537849,5.888379828593065,1.0,0.0,False,7.435700000314682,Optimization terminated successfully
German Credit,2,42,10,300,0.0001,50,most_parsimonious,Unweighted k-means,Random 75% immutable,α = 1,1.0,533,1,0,False,,,,,,,False,116.40889999989668,No feasible counterfactual found.
German Credit,2,42,10,300,0.0001,50,most_parsimonious,Unweighted k-means,Random 75% immutable,α < 1,0.9713178226640995,533,1,0,False,,,,,,,False,91.19449999980134,No feasible counterfactual found.
German Credit,2,42,10,300,0.0001,50,most_parsimonious,Unweighted k-means,All features mutable,α = 1,1.0,223,0,1,True,10.0,10.0,0.7180702709164687,5.870892010929047,1.0,0.0,False,124.04400000013993,Optimization terminated successfully
German Credit,2,42,10,300,0.0001,50,most_parsimonious,Unweighted k-means,All features mutable,α < 1,0.9942891419237442,223,0,1,True,10.0,10.0,0.7273854727089573,5.908849523386929,1.0,0.0,False,64.4665999998324,Optimization terminated successfully
German Credit,2,42,10,300,0.0001,50,most_parsimonious,Unweighted k-means,Random 25% immutable,α = 1,1.0,223,0,1,True,10.0,9.0,0.39147849965378434,4.334855012959678,1.0,0.0,False,153.7201000001005,Optimization terminated successfully
German Credit,2,42,10,300,0.0001,50,most_parsimonious,Unweighted k-means,Random 25% immutable,α < 1,0.9942891419237442,223,0,1,True,10.0,9.0,0.3956727734900459,4.358014814972777,1.0,0.0,False,79.37280000032843,Optimization terminated successfully
German Credit,2,42,10,300,0.0001,50,most_parsimonious,Unweighted k-means,Random 50% immutable,α = 1,1.0,223,0,1,True,22.0,11.0,3.7302506094673125,13.38103244351612,1.0,0.0,False,416.57179999992877,Optimization terminated successfully
German Credit,2,42,10,300,0.0001,50,most_parsimonious,Unweighted k-means,Random 50% immutable,α < 1,0.9942891419237442,223,0,1,True,22.0,11.0,3.8025520966979616,13.510088846543615,1.0,0.0,False,448.82570000027044,Optimization terminated successfully
German Credit,2,42,10,300,0.0001,50,most_parsimonious,Unweighted k-means,Random 75% immutable,α = 1,1.0,223,0,1,False,,,,,,,False,129.63660000013988,No feasible counterfactual found.
German Credit,2,42,10,300,0.0001,50,most_parsimonious,Unweighted k-means,Random 75% immutable,α < 1,0.9942891419237442,223,0,1,False,,,,,,,False,136.6686999999729,No feasible counterfactual found.
German Credit,2,42,10,300,0.0001,50,most_parsimonious,Unweighted k-means,All features mutable,α = 1,1.0,82,1,0,True,2.0,2.0,0.9570709287319805,6.777861357326149,1.089449786814261,0.08944978681426097,True,2.1337000002858986,Optimization terminated successfully
German Credit,2,42,10,300,0.0001,50,most_parsimonious,Unweighted k-means,All features mutable,α < 1,0.9713178226640995,82,1,0,True,2.0,2.0,1.0111363735263195,6.966673950262301,1.0599232514709571,0.05992325147095712,True,2.107799999976123,Optimization terminated successfully
German Credit,2,42,10,300,0.0001,50,most_parsimonious,Unweighted k-means,Random 25% immutable,α = 1,1.0,82,1,0,True,2.0,2.0,0.9570709287319805,6.777861357326149,1.089449786814261,0.08944978681426097,True,2.4623999997857027,Optimization terminated successfully
German Credit,2,42,10,300,0.0001,50,most_parsimonious,Unweighted k-means,Random 25% immutable,α < 1,0.9713178226640995,82,1,0,True,2.0,2.0,1.0111363735263195,6.966673950262301,1.0599232514709571,0.05992325147095712,True,2.1849999998266867,Optimization terminated successfully
German Credit,2,42,10,300,0.0001,50,most_parsimonious,Unweighted k-means,Random 50% immutable,α = 1,1.0,82,1,0,True,5.0,3.0,0.3466999611266813,4.0794114935957,1.0000000000000002,2.220446049250313e-16,True,19.224499999836553,Optimization terminated successfully
German Credit,2,42,10,300,0.0001,50,most_parsimonious,Unweighted k-means,Random 50% immutable,α < 1,0.9713178226640995,82,1,0,True,5.0,3.0,0.3773524052241148,4.255927096504064,1.0,0.0,False,42.66860000007,Optimization terminated successfully
German Credit,2,42,10,300,0.0001,50,most_parsimonious,Unweighted k-means,Random 75% immutable,α = 1,1.0,82,1,0,True,3.0,2.0,1.178140993605791,7.520024447638317,1.0,0.0,False,5.24249999989479,Optimization terminated successfully
German Credit,2,42,10,300,0.0001,50,most_parsimonious,Unweighted k-means,Random 75% immutable,α < 1,0.9713178226640995,82,1,0,True,3.0,2.0,1.2627813356554811,7.785467494727796,1.0,0.0,False,26.083900000230642,Optimization terminated successfully
German Credit,2,42,10,300,0.0001,50,most_parsimonious,Unweighted k-means,All features mutable,α = 1,1.0,762,1,0,True,5.0,4.0,0.6557993744182832,5.610558793211029,1.0,0.0,False,32.06739999995989,Optimization terminated successfully
German Credit,2,42,10,300,0.0001,50,most_parsimonious,Unweighted k-means,All features mutable,α < 1,0.9713178226640995,762,1,0,True,5.0,4.0,0.6866996379273131,5.7412178691033,1.0,0.0,False,21.42469999989771,Optimization terminated successfully
German Credit,2,42,10,300,0.0001,50,most_parsimonious,Unweighted k-means,Random 25% immutable,α = 1,1.0,762,1,0,True,5.0,4.0,0.3699439685880872,4.213942393083724,1.0,0.0,False,30.93170000011014,Optimization terminated successfully
German Credit,2,42,10,300,0.0001,50,most_parsimonious,Unweighted k-means,Random 25% immutable,α < 1,0.9713178226640995,762,1,0,True,5.0,4.0,0.38701414271540446,4.31006715148841,1.0,0.0,False,21.62210000005871,Optimization terminated successfully
German Credit,2,42,10,300,0.0001,50,most_parsimonious,Unweighted k-means,Random 50% immutable,α = 1,1.0,762,1,0,True,3.0,3.0,0.35727475665487507,4.141157847683907,1.548368475698558,0.5483684756985581,True,5.259900000055495,Optimization terminated successfully
German Credit,2,42,10,300,0.0001,50,most_parsimonious,Unweighted k-means,Random 50% immutable,α < 1,0.9713178226640995,762,1,0,True,3.0,3.0,0.3735721719720458,4.234555969007636,1.5142173834719392,0.5142173834719392,True,6.19269999970129,Optimization terminated successfully
German Credit,2,42,10,300,0.0001,50,most_parsimonious,Unweighted k-means,Random 75% immutable,α = 1,1.0,762,1,0,True,7.0,6.0,2.7724270894151024,11.535878826163396,1.0000000000000002,2.220446049250313e-16,True,73.1605999999374,Optimization terminated successfully
German Credit,2,42,10,300,0.0001,50,most_parsimonious,Unweighted k-means,Random 75% immutable,α < 1,0.9713178226640995,762,1,0,True,7.0,6.0,3.0497325523996097,12.099056265477124,1.0,0.0,False,45.78320000018721,Optimization terminated successfully
German Credit,2,42,10,300,0.0001,50,most_parsimonious,Unweighted k-means,All features mutable,α = 1,1.0,736,1,0,True,2.0,2.0,0.13192400122157533,2.516416511358089,1.2162732793367448,0.21627327933674478,True,2.0393999998304935,Optimization terminated successfully
German Credit,2,42,10,300,0.0001,50,most_parsimonious,Unweighted k-means,All features mutable,α < 1,0.9713178226640995,736,1,0,True,2.0,2.0,0.15246384389000994,2.7052291042942147,1.1313829783333103,0.13138297833331025,True,9.756699999798002,Optimization terminated successfully
German Credit,2,42,10,300,0.0001,50,most_parsimonious,Unweighted k-means,Random 25% immutable,α = 1,1.0,736,1,0,True,2.0,2.0,0.13192400122157533,2.516416511358089,1.2162732793367448,0.21627327933674478,True,2.072400000088237,Optimization terminated successfully
German Credit,2,42,10,300,0.0001,50,most_parsimonious,Unweighted k-means,Random 25% immutable,α < 1,0.9713178226640995,736,1,0,True,2.0,2.0,0.15246384389000994,2.7052291042942147,1.1313829783333103,0.13138297833331025,True,9.909000000334345,Optimization terminated successfully
German Credit,2,42,10,300,0.0001,50,most_parsimonious,Unweighted k-means,Random 50% immutable,α = 1,1.0,736,1,0,True,2.0,2.0,0.09402189365731398,2.1243942420254935,2.5066725811897883,1.5066725811897883,True,2.0534000000225205,Optimization terminated successfully
German Credit,2,42,10,300,0.0001,50,most_parsimonious,Unweighted k-means,Random 50% immutable,α < 1,0.9713178226640995,736,1,0,True,2.0,2.0,0.10866058627751404,2.2837924908626603,2.33171832220294,1.3317183222029398,True,10.092600000007224,Optimization terminated successfully
German Credit,2,42,10,300,0.0001,50,most_parsimonious,Unweighted k-means,Random 75% immutable,α = 1,1.0,736,1,0,True,3.0,2.0,0.10843923737834904,2.281465185831411,1.479682447514435,0.479682447514435,True,9.262399999897752,Optimization terminated successfully
German Credit,2,42,10,300,0.0001,50,most_parsimonious,Unweighted k-means,Random 75% immutable,α < 1,0.9713178226640995,736,1,0,True,3.0,2.0,0.1253226312582496,2.452648833485133,1.376407396632691,0.37640739663269107,True,16.675500000019383,Optimization terminated successfully
German Credit,2,42,10,300,0.0001,50,most_parsimonious,Unweighted k-means,All features mutable,α = 1,1.0,177,0,1,True,6.0,6.0,0.2900562147313525,3.7313132148219506,1.0,0.0,False,53.534299999682844,Optimization terminated successfully
German Credit,2,42,10,300,0.0001,50,most_parsimonious,Unweighted k-means,All features mutable,α < 1,0.9942891419237442,177,0,1,True,6.0,6.0,0.2945347009680495,3.760008729573161,1.0,0.0,False,24.81209999996281,Optimization terminated successfully
German Credit,2,42,10,300,0.0001,50,most_parsimonious,Unweighted k-means,Random 25% immutable,α = 1,1.0,177,0,1,True,7.0,6.0,0.23955830819592888,3.390987878687358,1.0,0.0,False,46.23920000040016,Optimization terminated successfully
German Credit,2,42,10,300,0.0001,50,most_parsimonious,Unweighted k-means,Random 25% immutable,α < 1,0.9942891419237442,177,0,1,True,7.0,6.0,0.242993497023601,3.4152141744161306,1.0,0.0,False,51.538499999878695,Optimization terminated successfully
German Credit,2,42,10,300,0.0001,50,most_parsimonious,Unweighted k-means,Random 50% immutable,α = 1,1.0,177,0,1,True,11.0,4.0,1.8467507906861376,9.415096279536105,1.0,0.0,False,185.4257999998481,Optimization terminated successfully
German Credit,2,42,10,300,0.0001,50,most_parsimonious,Unweighted k-means,Random 50% immutable,α < 1,0.9942891419237442,177,0,1,True,11.0,4.0,1.9117755656847906,9.579416848267433,1.0000000000000009,8.881784197001252e-16,True,83.91889999984414,Optimization terminated successfully
German Credit,2,42,10,300,0.0001,50,most_parsimonious,Unweighted k-means,Random 75% immutable,α = 1,1.0,177,0,1,False,,,,,,,False,167.21110000025874,No feasible counterfactual found.
German Credit,2,42,10,300,0.0001,50,most_parsimonious,Unweighted k-means,Random 75% immutable,α < 1,0.9942891419237442,177,0,1,False,,,,,,,False,93.65810000008423,No feasible counterfactual found.
German Credit,2,42,10,300,0.0001,50,most_parsimonious,Unweighted k-means,All features mutable,α = 1,1.0,360,0,1,True,4.0,4.0,0.24687401178875326,3.4423760058802637,1.0,0.0,False,15.525700000125653,Optimization terminated successfully
German Credit,2,42,10,300,0.0001,50,most_parsimonious,Unweighted k-means,All features mutable,α < 1,0.9942891419237442,360,0,1,True,4.0,4.0,0.26012330043167564,3.533541908725639,1.0,0.0,False,24.789900000087073,Optimization terminated successfully
German Credit,2,42,10,300,0.0001,50,most_parsimonious,Unweighted k-means,Random 25% immutable,α = 1,1.0,360,0,1,True,4.0,4.0,0.09837450835856376,2.1730109068320527,1.0,0.0,False,20.61679999997068,Optimization terminated successfully
German Credit,2,42,10,300,0.0001,50,most_parsimonious,Unweighted k-means,Random 25% immutable,α < 1,0.9942891419237442,360,0,1,True,4.0,4.0,0.1012836431872528,2.2049069987163032,1.0,0.0,False,4.244799999923998,Optimization terminated successfully
German Credit,2,42,10,300,0.0001,50,most_parsimonious,Unweighted k-means,Random 50% immutable,α = 1,1.0,360,0,1,True,8.0,3.0,0.4545680496725142,4.671109759391303,1.0,0.0,False,47.84909999989395,Optimization terminated successfully
German Credit,2,42,10,300,0.0001,50,most_parsimonious,Unweighted k-means,Random 50% immutable,α < 1,0.9942891419237442,360,0,1,True,8.0,3.0,0.4687980568540199,4.743659634606277,1.0,0.0,False,44.955100000152015,Optimization terminated successfully
German Credit,2,42,10,300,0.0001,50,most_parsimonious,Unweighted k-means,Random 75% immutable,α = 1,1.0,360,0,1,True,4.0,3.0,1.0679111037926752,7.159590280319707,1.0000000000000002,2.220446049250313e-16,True,8.37760000013077,Optimization terminated successfully
German Credit,2,42,10,300,0.0001,50,most_parsimonious,Unweighted k-means,Random 75% immutable,α < 1,0.9942891419237442,360,0,1,True,4.0,3.0,1.1144127258414698,7.313809598314038,1.0,0.0,False,21.57119999992574,Optimization terminated successfully
German Credit,2,42,10,300,0.0001,50,most_parsimonious,Unweighted k-means,All features mutable,α = 1,1.0,124,1,0,True,6.0,5.0,0.6535830178371925,5.601069974226821,1.0,0.0,False,38.262399999894114,Optimization terminated successfully
German Credit,2,42,10,300,0.0001,50,most_parsimonious,Unweighted k-means,All features mutable,α < 1,0.9713178226640995,124,1,0,True,6.0,5.0,0.6737582445240107,5.686861677335973,1.0,0.0,False,30.788999999913358,Optimization terminated successfully
German Credit,2,42,10,300,0.0001,50,most_parsimonious,Unweighted k-means,Random 25% immutable,α = 1,1.0,124,1,0,True,5.0,4.0,0.8339852336085235,6.327028624339322,1.0,0.0,False,27.397000000291882,Optimization terminated successfully
German Credit,2,42,10,300,0.0001,50,most_parsimonious,Unweighted k-means,Random 25% immutable,α < 1,0.9713178226640995,124,1,0,True,5.0,4.0,0.8622192635265097,6.43323593918896,1.0,0.0,False,20.78189999974711,Optimization terminated successfully
German Credit,2,42,10,300,0.0001,50,most_parsimonious,Unweighted k-means,Random 50% immutable,α = 1,1.0,124,1,0,True,20.0,11.0,1.5714520566471486,8.685027272211823,1.0,0.0,False,288.3821000000353,Optimization terminated successfully
German Credit,2,42,10,300,0.0001,50,most_parsimonious,Unweighted k-means,Random 50% immutable,α < 1,0.9713178226640995,124,1,0,True,20.0,11.0,1.6821419798092105,8.985700586534257,1.0,0.0,False,327.6839000000109,Optimization terminated successfully
German Credit,2,42,10,300,0.0001,50,most_parsimonious,Unweighted k-means,Random 75% immutable,α = 1,1.0,124,1,0,True,6.0,5.0,0.9266149793695796,6.669146797735062,1.0,0.0,False,35.874799999874085,Optimization terminated successfully
German Credit,2,42,10,300,0.0001,50,most_parsimonious,Unweighted k-means,Random 75% immutable,α < 1,0.9713178226640995,124,1,0,True,6.0,5.0,1.0546377135340563,7.114956798859337,1.0000000000000002,2.220446049250313e-16,True,38.084100000105536,Optimization terminated successfully
German Credit,2,42,10,300,0.0001,50,most_parsimonious,Unweighted k-means,All features mutable,α = 1,1.0,90,0,1,True,5.0,5.0,0.4187916194206056,4.483525145707233,1.0,0.0,False,37.468600000011065,Optimization terminated successfully
German Credit,2,42,10,300,0.0001,50,most_parsimonious,Unweighted k-means,All features mutable,α < 1,0.9942891419237442,90,0,1,True,5.0,5.0,0.4288357108999273,4.536971911219697,1.0,0.0,False,15.16150000043126,Optimization terminated successfully
German Credit,2,42,10,300,0.0001,50,most_parsimonious,Unweighted k-means,Random 25% immutable,α = 1,1.0,90,0,1,True,5.0,4.0,0.43143217080839613,4.5506861239601015,1.0,0.0,False,26.661800000056246,Optimization terminated successfully
German Credit,2,42,10,300,0.0001,50,most_parsimonious,Unweighted k-means,Random 25% immutable,α < 1,0.9942891419237442,90,0,1,True,5.0,4.0,0.4390389140162082,4.590628265583916,1.0,0.0,False,35.51680000009583,Optimization terminated successfully
German Credit,2,42,10,300,0.0001,50,most_parsimonious,Unweighted k-means,Random 50% immutable,α = 1,1.0,90,0,1,True,5.0,4.0,0.4255345178457478,4.519475285538786,1.0,0.0,False,24.373399999603862,Optimization terminated successfully
German Credit,2,42,10,300,0.0001,50,most_parsimonious,Unweighted k-means,Random 50% immutable,α < 1,0.9942891419237442,90,0,1,True,5.0,4.0,0.43380728289709225,4.5631951063986325,1.0,0.0,False,22.089799999776005,Optimization terminated successfully
German Credit,2,42,10,300,0.0001,50,most_parsimonious,Unweighted k-means,Random 75% immutable,α = 1,1.0,90,0,1,False,,,,,,,False,145.12749999994412,No feasible counterfactual found.
German Credit,2,42,10,300,0.0001,50,most_parsimonious,Unweighted k-means,Random 75% immutable,α < 1,0.9942891419237442,90,0,1,False,,,,,,,False,200.23360000004686,No feasible counterfactual found.
German Credit,2,42,10,300,0.0001,50,most_parsimonious,Unweighted k-means,All features mutable,α = 1,1.0,817,0,1,True,6.0,5.0,0.009478571898763426,0.6745157160071547,1.0,0.0,False,36.09099999994214,Optimization terminated successfully
German Credit,2,42,10,300,0.0001,50,most_parsimonious,Unweighted k-means,All features mutable,α < 1,0.9942891419237442,817,0,1,True,6.0,5.0,0.009961237588587225,0.6914762499552584,1.0,0.0,False,30.20440000000235,Optimization terminated successfully
German Credit,2,42,10,300,0.0001,50,most_parsimonious,Unweighted k-means,Random 25% immutable,α = 1,1.0,817,0,1,True,5.0,4.0,0.01088832251329828,0.7229380890770091,1.0,0.0,False,20.11029999994207,Optimization terminated successfully
German Credit,2,42,10,300,0.0001,50,most_parsimonious,Unweighted k-means,Random 25% immutable,α < 1,0.9942891419237442,817,0,1,True,5.0,4.0,0.011447399648618498,0.741265932802586,1.0,0.0,False,25.250400000004447,Optimization terminated successfully
German Credit,2,42,10,300,0.0001,50,most_parsimonious,Unweighted k-means,Random 50% immutable,α = 1,1.0,817,0,1,True,5.0,4.0,0.06282991012419095,1.7366161596510512,1.0,0.0,False,42.70360000009532,Optimization terminated successfully
German Credit,2,42,10,300,0.0001,50,most_parsimonious,Unweighted k-means,Random 50% immutable,α < 1,0.9942891419237442,817,0,1,True,5.0,4.0,0.06842369390472289,1.8122740707262517,1.0,0.0,False,12.169300000095973,Optimization terminated successfully
German Credit,2,42,10,300,0.0001,50,most_parsimonious,Unweighted k-means,Random 75% immutable,α = 1,1.0,817,0,1,True,8.0,3.0,0.16424181249408398,2.8077761662418945,1.0,0.0,False,85.9309000002213,Optimization terminated successfully
German Credit,2,42,10,300,0.0001,50,most_parsimonious,Unweighted k-means,Random 75% immutable,α < 1,0.9942891419237442,817,0,1,True,8.0,3.0,0.17666241452749454,2.912008910927255,1.0000000000000002,2.220446049250313e-16,True,38.127499999973224,Optimization terminated successfully
German Credit,2,42,10,300,0.0001,50,most_parsimonious,Ranked k-means,All features mutable,α = 1,1.0,393,1,0,True,1.0,1.0,0.269019086654881,3.593454627435038,1.4201107735819158,0.42011077358191584,True,1.0907000000770495,Optimization terminated successfully
German Credit,2,42,10,300,0.0001,50,most_parsimonious,Ranked k-means,All features mutable,α < 1,0.9713178226640995,393,1,0,True,1.0,1.0,0.33642100041219014,4.01848329843302,1.2699078860893132,0.26990788608931315,True,1.0846999998648243,Optimization terminated successfully
German Credit,2,42,10,300,0.0001,50,most_parsimonious,Ranked k-means,Random 25% immutable,α = 1,1.0,393,1,0,True,1.0,1.0,0.269019086654881,3.593454627435038,1.4201107735819158,0.42011077358191584,True,1.1693000001287146,Optimization terminated successfully
German Credit,2,42,10,300,0.0001,50,most_parsimonious,Ranked k-means,Random 25% immutable,α < 1,0.9713178226640995,393,1,0,True,1.0,1.0,0.33642100041219014,4.01848329843302,1.2699078860893132,0.26990788608931315,True,1.0966999998345273,Optimization terminated successfully
German Credit,2,42,10,300,0.0001,50,most_parsimonious,Ranked k-means,Random 50% immutable,α = 1,1.0,393,1,0,True,2.0,2.0,0.10034433683993167,2.1946590095768226,2.791504549258192,1.791504549258192,True,4.853299999922456,Optimization terminated successfully
German Credit,2,42,10,300,0.0001,50,most_parsimonious,Ranked k-means,Random 50% immutable,α < 1,0.9713178226640995,393,1,0,True,2.0,2.0,0.1254853051697962,2.4542401366105597,2.496251496563591,1.4962514965635911,True,7.529799999701936,Optimization terminated successfully
German Credit,2,42,10,300,0.0001,50,most_parsimonious,Ranked k-means,Random 75% immutable,α = 1,1.0,393,1,0,True,2.0,1.0,0.08402096623754543,2.0082346425162028,2.906343151213715,1.906343151213715,True,1.8669999999474385,Optimization terminated successfully
German Credit,2,42,10,300,0.0001,50,most_parsimonious,Ranked k-means,Random 75% immutable,α < 1,0.9713178226640995,393,1,0,True,2.0,1.0,0.10507216372158863,2.2457657621925433,2.5989437979537064,1.5989437979537064,True,5.467500000122527,Optimization terminated successfully
German Credit,2,42,10,300,0.0001,50,most_parsimonious,Ranked k-means,All features mutable,α = 1,1.0,496,1,0,True,2.0,2.0,0.18494692724961287,2.9795054133163474,1.0,0.0,False,2.1317000000635744,Optimization terminated successfully
German Credit,2,42,10,300,0.0001,50,most_parsimonious,Ranked k-means,All features mutable,α < 1,0.9713178226640995,496,1,0,True,2.0,2.0,0.22776388206927412,3.3064582772696767,1.0000000000000002,2.220446049250313e-16,True,3.5484999998516287,Optimization terminated successfully
German Credit,2,42,10,300,0.0001,50,most_parsimonious,Ranked k-means,Random 25% immutable,α = 1,1.0,496,1,0,True,2.0,2.0,0.18494692724961287,2.9795054133163474,1.0,0.0,False,2.3888000000624743,Optimization terminated successfully
German Credit,2,42,10,300,0.0001,50,most_parsimonious,Ranked k-means,Random 25% immutable,α < 1,0.9713178226640995,496,1,0,True,2.0,2.0,0.22776388206927412,3.3064582772696767,1.0000000000000002,2.220446049250313e-16,True,3.56080000028669,Optimization terminated successfully
German Credit,2,42,10,300,0.0001,50,most_parsimonious,Ranked k-means,Random 50% immutable,α = 1,1.0,496,1,0,True,2.0,2.0,0.18494692724961287,2.9795054133163474,1.0,0.0,False,1.841599999806931,Optimization terminated successfully
German Credit,2,42,10,300,0.0001,50,most_parsimonious,Ranked k-means,Random 50% immutable,α < 1,0.9713178226640995,496,1,0,True,2.0,2.0,0.22776388206927412,3.3064582772696767,1.0000000000000002,2.220446049250313e-16,True,3.727300000264222,Optimization terminated successfully
German Credit,2,42,10,300,0.0001,50,most_parsimonious,Ranked k-means,Random 75% immutable,α = 1,1.0,496,1,0,True,1.0,1.0,0.2133030988649176,3.199773233452028,1.6238696779568473,0.6238696779568473,True,1.1168999999426887,Optimization terminated successfully
German Credit,2,42,10,300,0.0001,50,most_parsimonious,Ranked k-means,Random 75% immutable,α < 1,0.9713178226640995,496,1,0,True,1.0,1.0,0.2289462378211476,3.315029323462326,1.5674113931257163,0.5674113931257163,True,1.1196999998901447,Optimization terminated successfully
German Credit,2,42,10,300,0.0001,50,most_parsimonious,Ranked k-means,All features mutable,α = 1,1.0,436,1,0,True,4.0,4.0,1.2088162852367512,7.617294906419474,1.0000000000000002,2.220446049250313e-16,True,30.437099999744532,Optimization terminated successfully
German Credit,2,42,10,300,0.0001,50,most_parsimonious,Ranked k-means,All features mutable,α < 1,0.9713178226640995,436,1,0,True,4.0,4.0,1.267670105377268,7.800523383601185,1.0000000000000002,2.220446049250313e-16,True,16.197599999941303,Optimization terminated successfully
German Credit,2,42,10,300,0.0001,50,most_parsimonious,Ranked k-means,Random 25% immutable,α = 1,1.0,436,1,0,True,4.0,4.0,0.5205268916959248,4.998528863716243,1.0,0.0,False,28.82190000036644,Optimization terminated successfully
German Credit,2,42,10,300,0.0001,50,most_parsimonious,Ranked k-means,Random 25% immutable,α < 1,0.9713178226640995,436,1,0,True,4.0,4.0,0.5561351650241695,5.166670874089053,1.0,0.0,False,8.445599999959086,Optimization terminated successfully
German Credit,2,42,10,300,0.0001,50,most_parsimonious,Ranked k-means,Random 50% immutable,α = 1,1.0,436,1,0,True,4.0,4.0,0.5205268916959248,4.998528863716243,1.0,0.0,False,27.31020000010176,Optimization terminated successfully
German Credit,2,42,10,300,0.0001,50,most_parsimonious,Ranked k-means,Random 50% immutable,α < 1,0.9713178226640995,436,1,0,True,4.0,4.0,0.5561351650241695,5.166670874089053,1.0,0.0,False,8.96069999998872,Optimization terminated successfully
German Credit,2,42,10,300,0.0001,50,most_parsimonious,Ranked k-means,Random 75% immutable,α = 1,1.0,436,1,0,False,,,,,,,False,54.81370000006791,No feasible counterfactual found.
German Credit,2,42,10,300,0.0001,50,most_parsimonious,Ranked k-means,Random 75% immutable,α < 1,0.9713178226640995,436,1,0,False,,,,,,,False,98.55860000016037,No feasible counterfactual found.
German Credit,2,42,10,300,0.0001,50,most_parsimonious,Ranked k-means,All features mutable,α = 1,1.0,84,1,0,True,2.0,2.0,0.13777281125664173,2.5715938521311648,1.0,0.0,False,2.162499999940337,Optimization terminated successfully
German Credit,2,42,10,300,0.0001,50,most_parsimonious,Ranked k-means,All features mutable,α < 1,0.9713178226640995,84,1,0,True,2.0,2.0,0.1700846422183831,2.8572824197972433,1.0,0.0,False,2.792299999782699,Optimization terminated successfully
German Credit,2,42,10,300,0.0001,50,most_parsimonious,Ranked k-means,Random 25% immutable,α = 1,1.0,84,1,0,True,2.0,2.0,0.13777281125664173,2.5715938521311648,1.0,0.0,False,2.109099999870523,Optimization terminated successfully
German Credit,2,42,10,300,0.0001,50,most_parsimonious,Ranked k-means,Random 25% immutable,α < 1,0.9713178226640995,84,1,0,True,2.0,2.0,0.1700846422183831,2.8572824197972433,1.0,0.0,False,3.1669999998484855,Optimization terminated successfully
German Credit,2,42,10,300,0.0001,50,most_parsimonious,Ranked k-means,Random 50% immutable,α = 1,1.0,84,1,0,True,2.0,2.0,0.6226853022621052,5.4670736695769016,1.1964125616023664,0.19641256160236642,True,2.6840999998967163,Optimization terminated successfully
German Credit,2,42,10,300,0.0001,50,most_parsimonious,Ranked k-means,Random 50% immutable,α < 1,0.9713178226640995,84,1,0,True,2.0,2.0,0.6708138018632854,5.674421775779248,1.152694626654104,0.15269462665410405,True,2.9744000003120163,Optimization terminated successfully
German Credit,2,42,10,300,0.0001,50,most_parsimonious,Ranked k-means,Random 75% immutable,α = 1,1.0,84,1,0,True,2.0,2.0,0.1500217722594926,2.683476302942816,1.0,0.0,False,11.394800000289251,Optimization terminated successfully
German Credit,2,42,10,300,0.0001,50,most_parsimonious,Ranked k-means,Random 75% immutable,α < 1,0.9713178226640995,84,1,0,True,2.0,2.0,0.18964424411733444,3.0171051883605338,1.0,0.0,False,12.17610000003333,Optimization terminated successfully
German Credit,2,42,10,300,0.0001,50,most_parsimonious,Ranked k-means,All features mutable,α = 1,1.0,778,0,1,True,8.0,6.0,0.4826120685012918,4.813042622714036,1.0,0.0,False,83.84599999999409,Optimization terminated successfully
German Credit,2,42,10,300,0.0001,50,most_parsimonious,Ranked k-means,All features mutable,α < 1,0.9942891419237442,778,0,1,True,8.0,6.0,0.4879445335233473,4.839559650331906,1.0,0.0,False,53.33620000010342,Optimization terminated successfully
German Credit,2,42,10,300,0.0001,50,most_parsimonious,Ranked k-means,Random 25% immutable,α = 1,1.0,778,0,1,True,16.0,10.0,2.4907734897005103,10.934218193616976,1.0,0.0,False,217.93449999995573,Optimization terminated successfully
German Credit,2,42,10,300,0.0001,50,most_parsimonious,Ranked k-means,Random 25% immutable,α < 1,0.9942891419237442,778,0,1,True,16.0,10.0,2.546492912345986,11.055842789792523,1.0,0.0,False,146.9270000002325,Optimization terminated successfully
German Credit,2,42,10,300,0.0001,50,most_parsimonious,Ranked k-means,Random 50% immutable,α = 1,1.0,778,0,1,True,12.0,9.0,1.4320081177073285,8.29074120027587,1.0,0.0,False,212.60830000028363,Optimization terminated successfully
German Credit,2,42,10,300,0.0001,50,most_parsimonious,Ranked k-means,Random 50% immutable,α < 1,0.9942891419237442,778,0,1,True,12.0,9.0,1.470155851567604,8.4004452783912,1.0,0.0,False,90.3389000000061,Optimization terminated successfully
German Credit,2,42,10,300,0.0001,50,most_parsimonious,Ranked k-means,Random 75% immutable,α = 1,1.0,778,0,1,False,,,,,,,False,168.57260000006136,No feasible counterfactual found.
German Credit,2,42,10,300,0.0001,50,most_parsimonious,Ranked k-means,Random 75% immutable,α < 1,0.9942891419237442,778,0,1,False,,,,,,,False,204.8821999997017,No feasible counterfactual found.
German Credit,2,42,10,300,0.0001,50,most_parsimonious,Ranked k-means,All features mutable,α = 1,1.0,966,0,1,True,2.0,1.0,0.06657924365459947,1.787681094440721,1.1207870103246715,0.12078701032467154,True,1.8782000001920096,Optimization terminated successfully
German Credit,2,42,10,300,0.0001,50,most_parsimonious,Ranked k-means,All features mutable,α < 1,0.9942891419237442,966,0,1,True,2.0,1.0,0.06790211075574898,1.8053535155963087,1.109815740763858,0.10981574076385803,True,1.8608999998832587,Optimization terminated successfully
German Credit,2,42,10,300,0.0001,50,most_parsimonious,Ranked k-means,Random 25% immutable,α = 1,1.0,966,0,1,True,2.0,1.0,0.06657924365459947,1.787681094440721,1.1207870103246715,0.12078701032467154,True,1.78619999996954,Optimization terminated successfully
German Credit,2,42,10,300,0.0001,50,most_parsimonious,Ranked k-means,Random 25% immutable,α < 1,0.9942891419237442,966,0,1,True,2.0,1.0,0.06790211075574898,1.8053535155963087,1.109815740763858,0.10981574076385803,True,1.789800000096875,Optimization terminated successfully
German Credit,2,42,10,300,0.0001,50,most_parsimonious,Ranked k-means,Random 50% immutable,α = 1,1.0,966,0,1,True,7.0,5.0,0.28557457622955623,3.70237486743559,1.0,0.0,False,65.86639999977706,Optimization terminated successfully
German Credit,2,42,10,300,0.0001,50,most_parsimonious,Ranked k-means,Random 50% immutable,α < 1,0.9942891419237442,966,0,1,True,7.0,5.0,0.2934329018763643,3.75296939636676,1.0,0.0,False,61.93619999976363,Optimization terminated successfully
German Credit,2,42,10,300,0.0001,50,most_parsimonious,Ranked k-means,Random 75% immutable,α = 1,1.0,966,0,1,True,2.0,1.0,0.06657924365459947,1.787681094440721,1.1207870103246715,0.12078701032467154,True,2.121099999840226,Optimization terminated successfully
German Credit,2,42,10,300,0.0001,50,most_parsimonious,Ranked k-means,Random 75% immutable,α < 1,0.9942891419237442,966,0,1,True,2.0,1.0,0.06790211075574898,1.8053535155963087,1.109815740763858,0.10981574076385803,True,1.8328000001019973,Optimization terminated successfully
German Credit,2,42,10,300,0.0001,50,most_parsimonious,Ranked k-means,All features mutable,α = 1,1.0,628,0,1,True,5.0,3.0,0.20131886089120724,3.1085857431922235,1.0,0.0,False,13.986599999952887,Optimization terminated successfully
German Credit,2,42,10,300,0.0001,50,most_parsimonious,Ranked k-means,All features mutable,α < 1,0.9942891419237442,628,0,1,True,5.0,3.0,0.20334727018783155,3.124206934410062,1.0,0.0,False,31.11850000004779,Optimization terminated successfully
German Credit,2,42,10,300,0.0001,50,most_parsimonious,Ranked k-means,Random 25% immutable,α = 1,1.0,628,0,1,True,3.0,3.0,0.20131886089120726,3.1085857431922235,1.0,0.0,False,22.689299999910872,Optimization terminated successfully
German Credit,2,42,10,300,0.0001,50,most_parsimonious,Ranked k-means,Random 25% immutable,α < 1,0.9942891419237442,628,0,1,True,3.0,3.0,0.2033472701878315,3.124206934410061,1.0,0.0,False,20.952800000031857,Optimization terminated successfully
German Credit,2,42,10,300,0.0001,50,most_parsimonious,Ranked k-means,Random 50% immutable,α = 1,1.0,628,0,1,True,14.0,7.0,0.7440979225034106,5.976345060332754,1.0000000000000002,2.220446049250313e-16,True,141.65600000023915,Optimization terminated successfully
German Credit,2,42,10,300,0.0001,50,most_parsimonious,Ranked k-means,Random 50% immutable,α < 1,0.9942891419237442,628,0,1,True,14.0,7.0,0.7582347341015816,6.032849014924533,1.0,0.0,False,231.38160000007701,Optimization terminated successfully
German Credit,2,42,10,300,0.0001,50,most_parsimonious,Ranked k-means,Random 75% immutable,α = 1,1.0,628,0,1,True,10.0,7.0,0.7423113465085398,5.969166158887681,1.0,0.0,False,80.99309999988691,Optimization terminated successfully
German Credit,2,42,10,300,0.0001,50,most_parsimonious,Ranked k-means,Random 75% immutable,α < 1,0.9942891419237442,628,0,1,True,10.0,7.0,0.7543173895593214,6.017244776377925,1.0,0.0,False,78.03560000002108,Optimization terminated successfully
German Credit,2,42,10,300,0.0001,50,most_parsimonious,Ranked k-means,All features mutable,α = 1,1.0,695,1,0,True,2.0,2.0,0.05120353151431339,1.567727499499528,1.305604049065713,0.30560404906571303,True,1.919100000122853,Optimization terminated successfully
German Credit,2,42,10,300,0.0001,50,most_parsimonious,Ranked k-means,All features mutable,α < 1,0.9713178226640995,695,1,0,True,2.0,2.0,0.057036206953898265,1.654611112553979,1.237046793421589,0.23704679342158896,True,1.8476000000191561,Optimization terminated successfully
German Credit,2,42,10,300,0.0001,50,most_parsimonious,Ranked k-means,Random 25% immutable,α = 1,1.0,695,1,0,True,2.0,2.0,0.05120353151431339,1.567727499499528,1.305604049065713,0.30560404906571303,True,1.832500000091386,Optimization terminated successfully
German Credit,2,42,10,300,0.0001,50,most_parsimonious,Ranked k-means,Random 25% immutable,α < 1,0.9713178226640995,695,1,0,True,2.0,2.0,0.057036206953898265,1.654611112553979,1.237046793421589,0.23704679342158896,True,1.8432000001666893,Optimization terminated successfully
German Credit,2,42,10,300,0.0001,50,most_parsimonious,Ranked k-means,Random 50% immutable,α = 1,1.0,695,1,0,True,2.0,2.0,0.05120353151431339,1.567727499499528,1.305604049065713,0.30560404906571303,True,1.9608000002335757,Optimization terminated successfully
German Credit,2,42,10,300,0.0001,50,most_parsimonious,Ranked k-means,Random 50% immutable,α < 1,0.9713178226640995,695,1,0,True,2.0,2.0,0.057036206953898265,1.654611112553979,1.237046793421589,0.23704679342158896,True,2.011999999922409,Optimization terminated successfully
German Credit,2,42,10,300,0.0001,50,most_parsimonious,Ranked k-means,Random 75% immutable,α = 1,1.0,695,1,0,True,2.0,2.0,0.079236295937455,1.9502159380432311,2.8411983772599423,1.8411983772599423,True,4.956600000241451,Optimization terminated successfully
German Credit,2,42,10,300,0.0001,50,most_parsimonious,Ranked k-means,Random 75% immutable,α < 1,0.9713178226640995,695,1,0,True,2.0,2.0,0.088262228008349,2.058297098185962,2.6920070788957324,1.6920070788957324,True,2.2771999997530656,Optimization terminated successfully
German Credit,2,42,10,300,0.0001,50,most_parsimonious,Ranked k-means,All features mutable,α = 1,1.0,273,1,0,True,1.0,1.0,0.45055864606644724,4.65046395655202,1.097332154054983,0.09733215405498297,True,1.3355000000956352,Optimization terminated successfully
German Credit,2,42,10,300,0.0001,50,most_parsimonious,Ranked k-means,All features mutable,α < 1,0.9713178226640995,273,1,0,True,1.0,1.0,0.5366796960898852,5.075492627550009,1.0054400637089698,0.005440063708969767,True,1.2044999998579442,Optimization terminated successfully
German Credit,2,42,10,300,0.0001,50,most_parsimonious,Ranked k-means,Random 25% immutable,α = 1,1.0,273,1,0,True,1.0,1.0,0.45055864606644724,4.65046395655202,1.097332154054983,0.09733215405498297,True,1.4393999999811058,Optimization terminated successfully
German Credit,2,42,10,300,0.0001,50,most_parsimonious,Ranked k-means,Random 25% immutable,α < 1,0.9713178226640995,273,1,0,True,1.0,1.0,0.5366796960898852,5.075492627550009,1.0054400637089698,0.005440063708969767,True,1.1435999999775959,Optimization terminated successfully
German Credit,2,42,10,300,0.0001,50,most_parsimonious,Ranked k-means,Random 50% immutable,α = 1,1.0,273,1,0,True,1.0,1.0,0.019648457873231422,0.9711467334626155,2.063138020459894,1.0631380204598941,True,0.885400000242953,Optimization terminated successfully
German Credit,2,42,10,300,0.0001,50,most_parsimonious,Ranked k-means,Random 50% immutable,α < 1,0.9713178226640995,273,1,0,True,1.0,1.0,0.02340411951274728,1.059904588447408,1.8903680303782087,0.8903680303782087,True,0.8767999997871812,Optimization terminated successfully
German Credit,2,42,10,300,0.0001,50,most_parsimonious,Ranked k-means,Random 75% immutable,α = 1,1.0,273,1,0,True,1.0,1.0,0.45055864606644724,4.65046395655202,1.097332154054983,0.09733215405498297,True,1.127200000155426,Optimization terminated successfully
German Credit,2,42,10,300,0.0001,50,most_parsimonious,Ranked k-means,Random 75% immutable,α < 1,0.9713178226640995,273,1,0,True,1.0,1.0,0.5366796960898852,5.075492627550009,1.0054400637089698,0.005440063708969767,True,1.1269000001448148,Optimization terminated successfully
German Credit,2,42,10,300,0.0001,50,most_parsimonious,Ranked k-means,All features mutable,α = 1,1.0,444,0,1,True,2.0,1.0,0.040094899028449635,1.387283371689282,1.4442685540246734,0.44426855402467336,True,1.5736000000288186,Optimization terminated successfully
German Credit,2,42,10,300,0.0001,50,most_parsimonious,Ranked k-means,All features mutable,α < 1,0.9942891419237442,444,0,1,True,2.0,1.0,0.04112293291350738,1.404955792844869,1.4261016321339766,0.42610163213397656,True,1.5300000000024738,Optimization terminated successfully
German Credit,2,42,10,300,0.0001,50,most_parsimonious,Ranked k-means,Random 25% immutable,α = 1,1.0,444,0,1,True,2.0,1.0,0.040094899028449635,1.387283371689282,1.4442685540246734,0.44426855402467336,True,1.523300000371819,Optimization terminated successfully
German Credit,2,42,10,300,0.0001,50,most_parsimonious,Ranked k-means,Random 25% immutable,α < 1,0.9942891419237442,444,0,1,True,2.0,1.0,0.04112293291350738,1.404955792844869,1.4261016321339766,0.42610163213397656,True,1.6636000000289641,Optimization terminated successfully
German Credit,2,42,10,300,0.0001,50,most_parsimonious,Ranked k-means,Random 50% immutable,α = 1,1.0,444,0,1,True,2.0,1.0,0.040094899028449635,1.387283371689282,1.4442685540246734,0.44426855402467336,True,1.695300000392308,Optimization terminated successfully
German Credit,2,42,10,300,0.0001,50,most_parsimonious,Ranked k-means,Random 50% immutable,α < 1,0.9942891419237442,444,0,1,True,2.0,1.0,0.04112293291350738,1.404955792844869,1.4261016321339766,0.42610163213397656,True,1.502000000073167,Optimization terminated successfully
German Credit,2,42,10,300,0.0001,50,most_parsimonious,Ranked k-means,Random 75% immutable,α = 1,1.0,444,0,1,True,7.0,3.0,0.5357620564855604,5.071151615886366,1.0,0.0,False,85.15780000016093,Optimization terminated successfully
German Credit,2,42,10,300,0.0001,50,most_parsimonious,Ranked k-means,Random 75% immutable,α < 1,0.9942891419237442,444,0,1,True,7.0,3.0,0.5583126510677141,5.1767757582543865,1.0,0.0,False,39.521700000022975,Optimization terminated successfully
German Credit,2,42,10,300,0.0001,50,most_parsimonious,Ranked k-means,All features mutable,α = 1,1.0,352,0,1,True,10.0,7.0,0.4176011438507097,4.477148077161852,1.0,0.0,False,146.23970000002373,Optimization terminated successfully
German Credit,2,42,10,300,0.0001,50,most_parsimonious,Ranked k-means,All features mutable,α < 1,0.9942891419237442,352,0,1,True,10.0,7.0,0.42322249251302335,4.507180897259962,1.0,0.0,False,77.59850000002189,Optimization terminated successfully
German Credit,2,42,10,300,0.0001,50,most_parsimonious,Ranked k-means,Random 25% immutable,α = 1,1.0,352,0,1,True,12.0,8.0,0.5494937914045953,5.135727990014714,1.0,0.0,False,164.77329999997892,Optimization terminated successfully
German Credit,2,42,10,300,0.0001,50,most_parsimonious,Ranked k-means,Random 25% immutable,α < 1,0.9942891419237442,352,0,1,True,12.0,8.0,0.5570418767516534,5.170880977558792,1.0,0.0,False,132.5869000002058,Optimization terminated successfully
German Credit,2,42,10,300,0.0001,50,most_parsimonious,Ranked k-means,Random 50% immutable,α = 1,1.0,352,0,1,True,16.0,12.0,1.7752191078841735,9.230954294028345,1.0,0.0,False,303.5562999998547,Optimization terminated successfully
German Credit,2,42,10,300,0.0001,50,most_parsimonious,Ranked k-means,Random 50% immutable,α < 1,0.9942891419237442,352,0,1,True,16.0,12.0,1.8815111226155636,9.503290687206567,1.0000000000000004,4.440892098500626e-16,True,332.9562999997506,Optimization terminated successfully
German Credit,2,42,10,300,0.0001,50,most_parsimonious,Ranked k-means,Random 75% immutable,α = 1,1.0,352,0,1,True,10.0,6.0,0.6482160665718555,5.578025743526922,1.0,0.0,False,114.03169999994134,Optimization terminated successfully
German Credit,2,42,10,300,0.0001,50,most_parsimonious,Ranked k-means,Random 75% immutable,α < 1,0.9942891419237442,352,0,1,True,10.0,6.0,0.6608121146806237,5.6319607158315605,1.0,0.0,False,139.8698000002696,Optimization terminated successfully
German Credit,2,42,10,300,0.0001,50,most_parsimonious,Ranked k-means,All features mutable,α = 1,1.0,677,1,0,True,3.0,3.0,0.595162124391657,5.344883719109289,1.0,0.0,False,7.3038000000451575,Optimization terminated successfully
German Credit,2,42,10,300,0.0001,50,most_parsimonious,Ranked k-means,All features mutable,α < 1,0.9713178226640995,677,1,0,True,3.0,3.0,0.663254442635613,5.642358837091932,1.0,0.0,False,12.192700000014156,Optimization terminated successfully
German Credit,2,42,10,300,0.0001,50,most_parsimonious,Ranked k-means,Random 25% immutable,α = 1,1.0,677,1,0,True,3.0,3.0,0.595162124391657,5.344883719109289,1.0,0.0,False,7.611900000028982,Optimization terminated successfully
German Credit,2,42,10,300,0.0001,50,most_parsimonious,Ranked k-means,Random 25% immutable,α < 1,0.9713178226640995,677,1,0,True,3.0,3.0,0.663254442635613,5.642358837091932,1.0,0.0,False,11.238999999932275,Optimization terminated successfully
German Credit,2,42,10,300,0.0001,50,most_parsimonious,Ranked k-means,Random 50% immutable,α = 1,1.0,677,1,0,True,5.0,4.0,0.3586232822767102,4.148965840939413,1.0,0.0,False,16.81639999969775,Optimization terminated successfully
German Credit,2,42,10,300,0.0001,50,most_parsimonious,Ranked k-means,Random 50% immutable,α < 1,0.9713178226640995,677,1,0,True,5.0,4.0,0.3866076417136919,4.307803013399894,1.0,0.0,False,39.11340000013297,Optimization terminated successfully
German Credit,2,42,10,300,0.0001,50,most_parsimonious,Ranked k-means,Random 75% immutable,α = 1,1.0,677,1,0,True,2.0,2.0,0.19973992412219763,3.096371482536533,1.0,0.0,False,2.8411000002961373,Optimization terminated successfully
German Credit,2,42,10,300,0.0001,50,most_parsimonious,Ranked k-means,Random 75% immutable,α < 1,0.9713178226640995,677,1,0,True,2.0,2.0,0.21049426794195453,3.1786356918045544,1.0000000000000002,2.220446049250313e-16,True,6.366000000070926,Optimization terminated successfully
German Credit,2,42,10,300,0.0001,50,most_parsimonious,Ranked k-means,All features mutable,α = 1,1.0,413,1,0,True,2.0,2.0,0.060617725680183476,1.7057698650898974,1.199945791619404,0.19994579161940407,True,2.859100000023318,Optimization terminated successfully
German Credit,2,42,10,300,0.0001,50,most_parsimonious,Ranked k-means,All features mutable,α < 1,0.9713178226640995,413,1,0,True,2.0,2.0,0.06695013526464647,1.7926534781443484,1.1417886367925123,0.1417886367925123,True,1.8819000001712993,Optimization terminated successfully
German Credit,2,42,10,300,0.0001,50,most_parsimonious,Ranked k-means,Random 25% immutable,α = 1,1.0,413,1,0,True,2.0,2.0,0.060617725680183476,1.7057698650898974,1.199945791619404,0.19994579161940407,True,2.5362999999742897,Optimization terminated successfully
German Credit,2,42,10,300,0.0001,50,most_parsimonious,Ranked k-means,Random 25% immutable,α < 1,0.9713178226640995,413,1,0,True,2.0,2.0,0.06695013526464647,1.7926534781443484,1.1417886367925123,0.1417886367925123,True,1.8847000001187553,Optimization terminated successfully
German Credit,2,42,10,300,0.0001,50,most_parsimonious,Ranked k-means,Random 50% immutable,α = 1,1.0,413,1,0,True,2.0,2.0,0.10063739110648168,2.197861408986272,2.433975556604041,1.4339755566040409,True,3.4531999999671825,Optimization terminated successfully
German Credit,2,42,10,300,0.0001,50,most_parsimonious,Ranked k-means,Random 50% immutable,α < 1,0.9713178226640995,413,1,0,True,2.0,2.0,0.1111504410905784,2.309809769731647,2.3160093170294895,1.3160093170294895,True,3.3809999999903084,Optimization terminated successfully
German Credit,2,42,10,300,0.0001,50,most_parsimonious,Ranked k-means,Random 75% immutable,α = 1,1.0,413,1,0,True,1.0,1.0,0.4530696015132699,4.663404429452474,1.2789408903497557,0.27894089034975567,True,1.4141000001473003,Optimization terminated successfully
German Credit,2,42,10,300,0.0001,50,most_parsimonious,Ranked k-means,Random 75% immutable,α < 1,0.9713178226640995,413,1,0,True,1.0,1.0,0.5003993595148862,4.900935549128813,1.2169551207677352,0.21695512076773515,True,1.1897000003955327,Optimization terminated successfully
German Credit,2,42,10,300,0.0001,50,most_parsimonious,Ranked k-means,All features mutable,α = 1,1.0,67,1,0,True,4.0,4.0,1.012351669678102,6.9708593548104885,1.0,0.0,False,17.93260000022201,Optimization terminated successfully
German Credit,2,42,10,300,0.0001,50,most_parsimonious,Ranked k-means,All features mutable,α < 1,0.9713178226640995,67,1,0,True,4.0,4.0,1.0658896643078994,7.152810908082164,1.0,0.0,False,11.312099999940983,Optimization terminated successfully
German Credit,2,42,10,300,0.0001,50,most_parsimonious,Ranked k-means,Random 25% immutable,α = 1,1.0,67,1,0,True,3.0,3.0,1.1959432962144887,7.5766271003854655,1.0,0.0,False,10.182200000144803,Optimization terminated successfully
German Credit,2,42,10,300,0.0001,50,most_parsimonious,Ranked k-means,Random 25% immutable,α < 1,0.9713178226640995,67,1,0,True,3.0,3.0,1.2689343117558347,7.804412019126109,1.0,0.0,False,7.507499999974243,Optimization terminated successfully
German Credit,2,42,10,300,0.0001,50,most_parsimonious,Ranked k-means,Random 50% immutable,α = 1,1.0,67,1,0,True,4.0,4.0,1.1776088269486562,7.5183258570998035,1.0,0.0,False,20.17840000007709,Optimization terminated successfully
German Credit,2,42,10,300,0.0001,50,most_parsimonious,Ranked k-means,Random 50% immutable,α < 1,0.9713178226640995,67,1,0,True,5.0,5.0,0.7930643350208499,6.169853165270694,1.0,0.0,False,21.82039999979679,Optimization terminated successfully
German Credit,2,42,10,300,0.0001,50,most_parsimonious,Ranked k-means,Random 75% immutable,α = 1,1.0,67,1,0,True,9.0,7.0,1.846016962328429,9.413225493515206,1.0000000000000002,2.220446049250313e-16,True,199.71440000017537,Optimization terminated successfully
German Credit,2,42,10,300,0.0001,50,most_parsimonious,Ranked k-means,Random 75% immutable,α < 1,0.9713178226640995,67,1,0,True,9.0,7.0,2.082678902630021,9.998429242948164,1.0,0.0,False,131.54639999993378,Optimization terminated successfully
German Credit,2,42,10,300,0.0001,50,most_parsimonious,Ranked k-means,All features mutable,α = 1,1.0,759,0,1,True,5.0,3.0,0.10703381203345227,2.266632519312672,1.0,0.0,False,19.080099999882805,Optimization terminated successfully
German Credit,2,42,10,300,0.0001,50,most_parsimonious,Ranked k-means,All features mutable,α < 1,0.9942891419237442,759,0,1,True,5.0,3.0,0.10834961752031955,2.2805222298796695,1.0,0.0,False,55.26620000000548,Optimization terminated successfully
German Credit,2,42,10,300,0.0001,50,most_parsimonious,Ranked k-means,Random 25% immutable,α = 1,1.0,759,0,1,True,5.0,3.0,0.10824763891505115,2.279448764048549,1.0,0.0,False,18.62909999999829,Optimization terminated successfully
German Credit,2,42,10,300,0.0001,50,most_parsimonious,Ranked k-means,Random 25% immutable,α < 1,0.9942891419237442,759,0,1,True,5.0,3.0,0.10957843771896016,2.293417757520441,1.0,0.0,False,55.72459999984858,Optimization terminated successfully
German Credit,2,42,10,300,0.0001,50,most_parsimonious,Ranked k-means,Random 50% immutable,α = 1,1.0,759,0,1,True,5.0,3.0,0.10703381203345227,2.266632519312672,1.0,0.0,False,19.1885999997794,Optimization terminated successfully
German Credit,2,42,10,300,0.0001,50,most_parsimonious,Ranked k-means,Random 50% immutable,α < 1,0.9942891419237442,759,0,1,True,5.0,3.0,0.10834961752031955,2.2805222298796695,1.0,0.0,False,53.93469999989975,Optimization terminated successfully
German Credit,2,42,10,300,0.0001,50,most_parsimonious,Ranked k-means,Random 75% immutable,α = 1,1.0,759,0,1,True,9.0,5.0,0.4401849099615348,4.596615676577026,1.0,0.0,False,79.49399999961315,Optimization terminated successfully
German Credit,2,42,10,300,0.0001,50,most_parsimonious,Ranked k-means,Random 75% immutable,α < 1,0.9942891419237442,759,0,1,True,9.0,5.0,0.5019556993925895,4.9085510663376315,1.0,0.0,False,56.050799999866285,Optimization terminated successfully
German Credit,2,42,10,300,0.0001,50,most_parsimonious,Ranked k-means,All features mutable,α = 1,1.0,505,1,0,True,2.0,2.0,0.5988189276572069,5.361278628046293,1.0,0.0,False,6.106799999997747,Optimization terminated successfully
German Credit,2,42,10,300,0.0001,50,most_parsimonious,Ranked k-means,All features mutable,α < 1,0.9713178226640995,505,1,0,True,3.0,3.0,0.4179867583686495,4.479214708148649,1.0,0.0,False,13.079599999855418,Optimization terminated successfully
German Credit,2,42,10,300,0.0001,50,most_parsimonious,Ranked k-means,Random 25% immutable,α = 1,1.0,505,1,0,True,3.0,3.0,0.8811509254732146,6.503479408955971,1.1676573142736233,0.1676573142736233,True,6.909100000029866,Optimization terminated successfully
German Credit,2,42,10,300,0.0001,50,most_parsimonious,Ranked k-means,Random 25% immutable,α < 1,0.9713178226640995,505,1,0,True,3.0,3.0,0.9333193282770936,6.6932299943525395,1.1345546286145392,0.13455462861453915,True,11.823899999853893,Optimization terminated successfully
German Credit,2,42,10,300,0.0001,50,most_parsimonious,Ranked k-means,Random 50% immutable,α = 1,1.0,505,1,0,True,2.0,2.0,0.5988189276572069,5.361278628046293,1.0,0.0,False,6.625200000144105,Optimization terminated successfully
German Credit,2,42,10,300,0.0001,50,most_parsimonious,Ranked k-means,Random 50% immutable,α < 1,0.9713178226640995,505,1,0,True,3.0,3.0,0.4179867583686495,4.479214708148649,1.0,0.0,False,12.94850000022052,Optimization terminated successfully
German Credit,2,42,10,300,0.0001,50,most_parsimonious,Ranked k-means,Random 75% immutable,α = 1,1.0,505,1,0,True,5.0,4.0,0.6342137045459637,5.5174503004745095,1.0,0.0,False,21.066499999960797,Optimization terminated successfully
German Credit,2,42,10,300,0.0001,50,most_parsimonious,Ranked k-means,Random 75% immutable,α < 1,0.9713178226640995,505,1,0,True,5.0,4.0,0.7396375754926756,5.958406131143498,1.0,0.0,False,28.561700000409473,Optimization terminated successfully
German Credit,2,42,10,300,0.0001,50,most_parsimonious,Ranked k-means,All features mutable,α = 1,1.0,485,0,1,True,10.0,5.0,0.13257215185626475,2.5225905908610513,1.0,0.0,False,97.08039999986795,Optimization terminated successfully
German Credit,2,42,10,300,0.0001,50,most_parsimonious,Ranked k-means,All features mutable,α < 1,0.9942891419237442,485,0,1,True,10.0,5.0,0.13636158502966214,2.558389352976553,1.0,0.0,False,67.70000000005894,Optimization terminated successfully
German Credit,2,42,10,300,0.0001,50,most_parsimonious,Ranked k-means,Random 25% immutable,α = 1,1.0,485,0,1,True,17.0,8.0,0.8055255120371461,6.218136744860394,1.0,0.0,False,216.37590000000273,Optimization terminated successfully
German Credit,2,42,10,300,0.0001,50,most_parsimonious,Ranked k-means,Random 25% immutable,α < 1,0.9942891419237442,485,0,1,True,17.0,8.0,0.8326120479515244,6.32181764223496,1.0000000000000002,2.220446049250313e-16,True,288.44570000001113,Optimization terminated successfully
German Credit,2,42,10,300,0.0001,50,most_parsimonious,Ranked k-means,Random 50% immutable,α = 1,1.0,485,0,1,True,11.0,7.0,1.2718156128390858,7.813267524939622,1.0,0.0,False,147.47609999994893,Optimization terminated successfully
German Credit,2,42,10,300,0.0001,50,most_parsimonious,Ranked k-means,Random 50% immutable,α < 1,0.9942891419237442,485,0,1,True,11.0,7.0,1.3156748391709885,7.946847946211595,1.0,0.0,False,154.54869999985021,Optimization terminated successfully
German Credit,2,42,10,300,0.0001,50,most_parsimonious,Ranked k-means,Random 75% immutable,α = 1,1.0,485,0,1,True,4.0,2.0,0.14395683426858735,2.628674199076826,1.0,0.0,False,16.253799999958574,Optimization terminated successfully
German Credit,2,42,10,300,0.0001,50,most_parsimonious,Ranked k-means,Random 75% immutable,α < 1,0.9942891419237442,485,0,1,True,4.0,2.0,0.14749295870019363,2.6607634275916556,1.0,0.0,False,25.446799999826908,Optimization terminated successfully
German Credit,2,42,10,300,0.0001,50,most_parsimonious,Ranked k-means,All features mutable,α = 1,1.0,752,1,0,True,4.0,3.0,0.7422887400273751,5.969075265174164,1.0,0.0,False,11.864600000080827,Optimization terminated successfully
German Credit,2,42,10,300,0.0001,50,most_parsimonious,Ranked k-means,All features mutable,α < 1,0.9713178226640995,752,1,0,True,4.0,3.0,0.7917622750651663,6.164786225257774,1.0,0.0,False,11.323799999900075,Optimization terminated successfully
German Credit,2,42,10,300,0.0001,50,most_parsimonious,Ranked k-means,Random 25% immutable,α = 1,1.0,752,1,0,True,3.0,3.0,0.2550761037686363,3.499093165506535,1.0,0.0,False,9.822200000144221,Optimization terminated successfully
German Credit,2,42,10,300,0.0001,50,most_parsimonious,Ranked k-means,Random 25% immutable,α < 1,0.9713178226640995,752,1,0,True,3.0,3.0,0.27450579012959875,3.629914313895128,1.0,0.0,False,3.3280000002378074,Optimization terminated successfully
German Credit,2,42,10,300,0.0001,50,most_parsimonious,Ranked k-means,Random 50% immutable,α = 1,1.0,752,1,0,True,3.0,3.0,0.7422887400273754,5.9690752651741645,1.0,0.0,False,9.122699999807082,Optimization terminated successfully
German Credit,2,42,10,300,0.0001,50,most_parsimonious,Ranked k-means,Random 50% immutable,α < 1,0.9713178226640995,752,1,0,True,3.0,3.0,0.791762275065159,6.164786225257745,1.0,0.0,False,6.8754999997509,Optimization terminated successfully
German Credit,2,42,10,300,0.0001,50,most_parsimonious,Ranked k-means,Random 75% immutable,α = 1,1.0,752,1,0,True,4.0,3.0,0.8394623675796231,6.347770761757383,1.0,0.0,False,27.84159999964686,Optimization terminated successfully
German Credit,2,42,10,300,0.0001,50,most_parsimonious,Ranked k-means,Random 75% immutable,α < 1,0.9713178226640995,752,1,0,True,4.0,3.0,0.8962349101561164,6.558908117018685,1.0,0.0,False,4.206900000099267,Optimization terminated successfully
German Credit,2,42,10,300,0.0001,50,most_parsimonious,Ranked k-means,All features mutable,α = 1,1.0,193,1,0,True,5.0,5.0,0.6570353560730875,5.615843399838372,1.0,0.0,False,20.348699999885866,Optimization terminated successfully
German Credit,2,42,10,300,0.0001,50,most_parsimonious,Ranked k-means,All features mutable,α < 1,0.9713178226640995,193,1,0,True,5.0,5.0,0.69545108401752,5.777685698689481,1.0,0.0,False,24.523600000065926,Optimization terminated successfully
German Credit,2,42,10,300,0.0001,50,most_parsimonious,Ranked k-means,Random 25% immutable,α = 1,1.0,193,1,0,True,7.0,6.0,1.843455516870663,9.40669255422924,1.0,0.0,False,30.52479999996649,Optimization terminated successfully
German Credit,2,42,10,300,0.0001,50,most_parsimonious,Ranked k-means,Random 25% immutable,α < 1,0.9713178226640995,193,1,0,True,7.0,6.0,1.9288859756882402,9.622189295219439,1.0,0.0,False,56.452599999829545,Optimization terminated successfully
German Credit,2,42,10,300,0.0001,50,most_parsimonious,Ranked k-means,Random 50% immutable,α = 1,1.0,193,1,0,True,9.0,8.0,2.09094873586091,10.018260294149062,1.0,0.0,False,57.47650000012072,Optimization terminated successfully
German Credit,2,42,10,300,0.0001,50,most_parsimonious,Ranked k-means,Random 50% immutable,α < 1,0.9713178226640995,193,1,0,True,9.0,8.0,2.171470322862166,10.209337662031949,1.0,0.0,False,66.38919999977588,Optimization terminated successfully
German Credit,2,42,10,300,0.0001,50,most_parsimonious,Ranked k-means,Random 75% immutable,α = 1,1.0,193,1,0,True,6.0,6.0,2.239818889108551,10.368765918720051,1.0,0.0,False,28.627099999994243,Optimization terminated successfully
German Credit,2,42,10,300,0.0001,50,most_parsimonious,Ranked k-means,Random 75% immutable,α < 1,0.9713178226640995,193,1,0,True,6.0,6.0,2.317549326365482,10.547149741306564,1.0,0.0,False,36.08890000032261,Optimization terminated successfully
German Credit,2,42,10,300,0.0001,50,most_parsimonious,Ranked k-means,All features mutable,α = 1,1.0,813,1,0,True,1.0,1.0,0.5255454359223494,5.02256716473486,1.016034920673416,0.016034920673416053,True,1.1308999996799685,Optimization terminated successfully
German Credit,2,42,10,300,0.0001,50,most_parsimonious,Ranked k-means,All features mutable,α < 1,0.9713178226640995,813,1,0,True,2.0,2.0,0.025834960759422734,1.113587947336128,1.8380509379092589,0.8380509379092589,True,4.281799999716895,Optimization terminated successfully
German Credit,2,42,10,300,0.0001,50,most_parsimonious,Ranked k-means,Random 25% immutable,α = 1,1.0,813,1,0,True,1.0,1.0,0.5255454359223494,5.02256716473486,1.016034920673416,0.016034920673416053,True,1.2126000001444481,Optimization terminated successfully
German Credit,2,42,10,300,0.0001,50,most_parsimonious,Ranked k-means,Random 25% immutable,α < 1,0.9713178226640995,813,1,0,True,2.0,2.0,0.3405446390370206,4.04303631863195,1.24695229200373,0.24695229200372992,True,4.412700000102632,Optimization terminated successfully
German Credit,2,42,10,300,0.0001,50,most_parsimonious,Ranked k-means,Random 50% immutable,α = 1,1.0,813,1,0,True,1.0,1.0,0.5255454359223494,5.02256716473486,1.016034920673416,0.016034920673416053,True,1.1257000001023698,Optimization terminated successfully
German Credit,2,42,10,300,0.0001,50,most_parsimonious,Ranked k-means,Random 50% immutable,α < 1,0.9713178226640995,813,1,0,True,2.0,2.0,0.025834960759422734,1.113587947336128,1.8380509379092589,0.8380509379092589,True,3.8399999998546264,Optimization terminated successfully
German Credit,2,42,10,300,0.0001,50,most_parsimonious,Ranked k-means,Random 75% immutable,α = 1,1.0,813,1,0,True,1.0,1.0,0.02291856442738522,1.0488522739234971,1.910287844213889,0.9102878442138891,True,0.8678999997755454,Optimization terminated successfully
German Credit,2,42,10,300,0.0001,50,most_parsimonious,Ranked k-means,Random 75% immutable,α < 1,0.9713178226640995,813,1,0,True,1.0,1.0,0.02696160011239037,1.1376101289082907,1.7612446464193492,0.7612446464193492,True,0.8619999998700223,Optimization terminated successfully
German Credit,2,42,10,300,0.0001,50,most_parsimonious,Ranked k-means,All features mutable,α = 1,1.0,545,0,1,True,6.0,3.0,0.13059188790049925,2.5036794162240428,1.0,0.0,False,68.03609999997207,Optimization terminated successfully
German Credit,2,42,10,300,0.0001,50,most_parsimonious,Ranked k-means,All features mutable,α < 1,0.9942891419237442,545,0,1,True,6.0,3.0,0.13441896103376197,2.540100417231684,1.0,0.0,False,31.003799999780313,Optimization terminated successfully
German Credit,2,42,10,300,0.0001,50,most_parsimonious,Ranked k-means,Random 25% immutable,α = 1,1.0,545,0,1,True,11.0,5.0,0.31242281104737046,3.8725049942219294,1.0,0.0,False,81.278999999995,Optimization terminated successfully
German Credit,2,42,10,300,0.0001,50,most_parsimonious,Ranked k-means,Random 25% immutable,α < 1,0.9942891419237442,545,0,1,True,11.0,5.0,0.32791042465888054,3.9673291246916067,1.0,0.0,False,129.34619999987262,Optimization terminated successfully
German Credit,2,42,10,300,0.0001,50,most_parsimonious,Ranked k-means,Random 50% immutable,α = 1,1.0,545,0,1,True,4.0,3.0,0.08160706523843009,1.979176377042896,1.3099582418395548,0.3099582418395548,True,19.174200000179553,Optimization terminated successfully
German Credit,2,42,10,300,0.0001,50,most_parsimonious,Ranked k-means,Random 50% immutable,α < 1,0.9942891419237442,545,0,1,True,4.0,3.0,0.08273721591972173,1.992833752259993,1.3009807724234337,0.3009807724234337,True,23.27930000001288,Optimization terminated successfully
German Credit,2,42,10,300,0.0001,50,most_parsimonious,Ranked k-means,Random 75% immutable,α = 1,1.0,545,0,1,True,8.0,5.0,0.2803368739352147,3.6682652506178326,1.0000000000000002,2.220446049250313e-16,True,53.63149999993766,Optimization terminated successfully
German Credit,2,42,10,300,0.0001,50,most_parsimonious,Ranked k-means,Random 75% immutable,α < 1,0.9942891419237442,545,0,1,True,8.0,5.0,0.2861615434857587,3.7061778272657695,1.000000000000008,7.993605777301127e-15,True,43.16130000006524,Optimization terminated successfully
German Credit,2,42,10,300,0.0001,50,most_parsimonious,Ranked k-means,All features mutable,α = 1,1.0,804,1,0,True,4.0,4.0,0.43888353284476017,4.589815854317958,1.0,0.0,False,9.806699999899138,Optimization terminated successfully
German Credit,2,42,10,300,0.0001,50,most_parsimonious,Ranked k-means,All features mutable,α < 1,0.9713178226640995,804,1,0,True,4.0,4.0,0.4722818250404364,4.7612527345165105,1.0,0.0,False,23.994799999854877,Optimization terminated successfully
German Credit,2,42,10,300,0.0001,50,most_parsimonious,Ranked k-means,Random 25% immutable,α = 1,1.0,804,1,0,True,4.0,4.0,0.43888353284476017,4.589815854317958,1.0,0.0,False,9.692600000107632,Optimization terminated successfully
German Credit,2,42,10,300,0.0001,50,most_parsimonious,Ranked k-means,Random 25% immutable,α < 1,0.9713178226640995,804,1,0,True,4.0,4.0,0.4722818250404364,4.7612527345165105,1.0,0.0,False,22.37280000008468,Optimization terminated successfully
German Credit,2,42,10,300,0.0001,50,most_parsimonious,Ranked k-means,Random 50% immutable,α = 1,1.0,804,1,0,True,6.0,4.0,1.2855787344128458,7.855429921513946,1.0,0.0,False,16.066099999989092,Optimization terminated successfully
German Credit,2,42,10,300,0.0001,50,most_parsimonious,Ranked k-means,Random 50% immutable,α < 1,0.9713178226640995,804,1,0,True,6.0,4.0,1.364187377723388,8.092032756404452,1.0,0.0,False,31.340000000000146,Optimization terminated successfully
German Credit,2,42,10,300,0.0001,50,most_parsimonious,Ranked k-means,Random 75% immutable,α = 1,1.0,804,1,0,True,6.0,5.0,0.8272178505075389,6.301305961811557,1.0,0.0,False,33.60930000008011,Optimization terminated successfully
German Credit,2,42,10,300,0.0001,50,most_parsimonious,Ranked k-means,Random 75% immutable,α < 1,0.9713178226640995,804,1,0,True,6.0,5.0,0.8734803845276791,6.475110690739472,1.0,0.0,False,39.25299999991694,Optimization terminated successfully
German Credit,2,42,10,300,0.0001,50,most_parsimonious,Ranked k-means,All features mutable,α = 1,1.0,163,0,1,True,14.0,6.0,0.4649409095284021,4.724104534974147,1.0,0.0,False,225.7116999999198,Optimization terminated successfully
German Credit,2,42,10,300,0.0001,50,most_parsimonious,Ranked k-means,All features mutable,α < 1,0.9942891419237442,163,0,1,True,14.0,6.0,0.47702285527300003,4.785091122758688,1.0,0.0,False,206.27820000026986,Optimization terminated successfully
German Credit,2,42,10,300,0.0001,50,most_parsimonious,Ranked k-means,Random 25% immutable,α = 1,1.0,163,0,1,True,19.0,7.0,0.5602059870920935,5.185546006007514,1.0,0.0,False,217.6328000000467,Optimization terminated successfully
German Credit,2,42,10,300,0.0001,50,most_parsimonious,Ranked k-means,Random 25% immutable,α < 1,0.9942891419237442,163,0,1,True,19.0,7.0,0.5736504011578133,5.2474011906442835,1.0,0.0,False,324.2651999998998,Optimization terminated successfully
German Credit,2,42,10,300,0.0001,50,most_parsimonious,Ranked k-means,Random 50% immutable,α = 1,1.0,163,0,1,True,13.0,7.0,0.5752948479569089,5.25491700238278,1.0,0.0,False,137.30850000001737,Optimization terminated successfully
German Credit,2,42,10,300,0.0001,50,most_parsimonious,Ranked k-means,Random 50% immutable,α < 1,0.9942891419237442,163,0,1,True,13.0,7.0,0.600006853489921,5.366593795650664,1.0,0.0,False,222.65220000008412,Optimization terminated successfully
German Credit,2,42,10,300,0.0001,50,most_parsimonious,Ranked k-means,Random 75% immutable,α = 1,1.0,163,0,1,True,8.0,4.0,2.3377194855161827,10.592947432361626,1.0,0.0,False,18.802900000082445,Optimization terminated successfully
German Credit,2,42,10,300,0.0001,50,most_parsimonious,Ranked k-means,Random 75% immutable,α < 1,0.9942891419237442,163,0,1,True,8.0,4.0,2.4092454453100682,10.753779864535225,1.0,0.0,False,48.64309999993566,Optimization terminated successfully
German Credit,2,42,10,300,0.0001,50,most_parsimonious,Ranked k-means,All features mutable,α = 1,1.0,668,0,1,True,5.0,3.0,0.13287096746135518,2.52543193100607,1.0497806783573067,0.04978067835730671,True,15.6224000002112,Optimization terminated successfully
German Credit,2,42,10,300,0.0001,50,most_parsimonious,Ranked k-means,All features mutable,α < 1,0.9942891419237442,668,0,1,True,5.0,3.0,0.13428008185828816,2.5387878858222543,1.0442580408456656,0.04425804084566565,True,14.833700000053796,Optimization terminated successfully
German Credit,2,42,10,300,0.0001,50,most_parsimonious,Ranked k-means,Random 25% immutable,α = 1,1.0,668,0,1,True,4.0,4.0,0.12824185743553493,2.4810500109642444,1.0876743154906878,0.08767431549068783,True,23.185999999896012,Optimization terminated successfully
German Credit,2,42,10,300,0.0001,50,most_parsimonious,Ranked k-means,Random 25% immutable,α < 1,0.9942891419237442,668,0,1,True,4.0,4.0,0.12960187950096008,2.4941712483400345,1.0819523322371132,0.08195233223711318,True,22.5866999999198,Optimization terminated successfully
German Credit,2,42,10,300,0.0001,50,most_parsimonious,Ranked k-means,Random 50% immutable,α = 1,1.0,668,0,1,True,15.0,6.0,0.9206093473763565,6.647499430166588,1.0,0.0,False,292.1491000001879,Optimization terminated successfully
German Credit,2,42,10,300,0.0001,50,most_parsimonious,Ranked k-means,Random 50% immutable,α < 1,0.9942891419237442,668,0,1,True,15.0,6.0,0.9558788142764988,6.773638836347266,1.0,0.0,False,239.6631999999954,Optimization terminated successfully
German Credit,2,42,10,300,0.0001,50,most_parsimonious,Ranked k-means,Random 75% immutable,α = 1,1.0,668,0,1,True,12.0,5.0,0.3152356489072821,3.8898986037619983,1.0,0.0,False,82.64589999998861,Optimization terminated successfully
German Credit,2,42,10,300,0.0001,50,most_parsimonious,Ranked k-means,Random 75% immutable,α < 1,0.9942891419237442,668,0,1,True,12.0,5.0,0.3202933963390715,3.920979855122369,1.0000000000000002,2.220446049250313e-16,True,125.1575999999659,Optimization terminated successfully
German Credit,2,42,10,300,0.0001,50,most_parsimonious,Ranked k-means,All features mutable,α = 1,1.0,874,1,0,True,4.0,4.0,0.5134050340081031,4.964216114593417,1.0,0.0,False,12.36109999990731,Optimization terminated successfully
German Credit,2,42,10,300,0.0001,50,most_parsimonious,Ranked k-means,All features mutable,α < 1,0.9713178226640995,874,1,0,True,4.0,4.0,0.5500647683892431,5.138395555295804,1.0,0.0,False,15.522300000156974,Optimization terminated successfully
German Credit,2,42,10,300,0.0001,50,most_parsimonious,Ranked k-means,Random 25% immutable,α = 1,1.0,874,1,0,True,4.0,4.0,0.6537998117866136,5.601998836643707,1.0,0.0,False,8.350399999926594,Optimization terminated successfully
German Credit,2,42,10,300,0.0001,50,most_parsimonious,Ranked k-means,Random 25% immutable,α < 1,0.9713178226640995,874,1,0,True,4.0,4.0,0.6952921701449705,5.777025546676992,1.0000000000000002,2.220446049250313e-16,True,7.930999999643973,Optimization terminated successfully
German Credit,2,42,10,300,0.0001,50,most_parsimonious,Ranked k-means,Random 50% immutable,α = 1,1.0,874,1,0,True,3.0,3.0,0.6203849580951686,5.456966005810196,1.0000000000000002,2.220446049250313e-16,True,7.334699999773875,Optimization terminated successfully
German Credit,2,42,10,300,0.0001,50,most_parsimonious,Ranked k-means,Random 50% immutable,α < 1,0.9713178226640995,874,1,0,True,3.0,3.0,0.6661701548696952,5.654747335977565,1.0,0.0,False,10.43759999993199,Optimization terminated successfully
German Credit,2,42,10,300,0.0001,50,most_parsimonious,Ranked k-means,Random 75% immutable,α = 1,1.0,874,1,0,False,,,,,,,False,163.01740000017162,No feasible counterfactual found.
German Credit,2,42,10,300,0.0001,50,most_parsimonious,Ranked k-means,Random 75% immutable,α < 1,0.9713178226640995,874,1,0,False,,,,,,,False,178.27269999997952,No feasible counterfactual found.
German Credit,2,42,10,300,0.0001,50,most_parsimonious,Ranked k-means,All features mutable,α = 1,1.0,891,0,1,True,7.0,5.0,0.2085003544787054,3.1635450075789753,1.0,0.0,False,47.49919999994745,Optimization terminated successfully
German Credit,2,42,10,300,0.0001,50,most_parsimonious,Ranked k-means,All features mutable,α < 1,0.9942891419237442,891,0,1,True,7.0,5.0,0.21005323721103802,3.175303983263622,1.0,0.0,False,86.32239999997182,Optimization terminated successfully
German Credit,2,42,10,300,0.0001,50,most_parsimonious,Ranked k-means,Random 25% immutable,α = 1,1.0,891,0,1,True,15.0,6.0,0.4849900683675271,4.824885830943702,1.0000000000000002,2.220446049250313e-16,True,178.64209999970626,Optimization terminated successfully
German Credit,2,42,10,300,0.0001,50,most_parsimonious,Ranked k-means,Random 25% immutable,α < 1,0.9942891419237442,891,0,1,True,15.0,6.0,0.4962764160029998,4.880703634533036,1.0,0.0,False,193.96469999992405,Optimization terminated successfully
German Credit,2,42,10,300,0.0001,50,most_parsimonious,Ranked k-means,Random 50% immutable,α = 1,1.0,891,0,1,True,13.0,9.0,0.6602296489115612,5.6294780528708825,1.0,0.0,False,174.57680000006803,Optimization terminated successfully
German Credit,2,42,10,300,0.0001,50,most_parsimonious,Ranked k-means,Random 50% immutable,α < 1,0.9942891419237442,891,0,1,True,13.0,9.0,0.6679355065221966,5.6622349221014705,1.0,0.0,False,221.16929999992863,Optimization terminated successfully
German Credit,2,42,10,300,0.0001,50,most_parsimonious,Ranked k-means,Random 75% immutable,α = 1,1.0,891,0,1,False,,,,,,,False,83.27880000024379,No feasible counterfactual found.
German Credit,2,42,10,300,0.0001,50,most_parsimonious,Ranked k-means,Random 75% immutable,α < 1,0.9942891419237442,891,0,1,False,,,,,,,False,79.99029999973573,No feasible counterfactual found.
German Credit,2,42,10,300,0.0001,50,most_parsimonious,Ranked k-means,All features mutable,α = 1,1.0,418,1,0,True,2.0,2.0,0.14760984576253106,2.661817536308883,1.0000000000000002,2.220446049250313e-16,True,2.30390000024272,Optimization terminated successfully
German Credit,2,42,10,300,0.0001,50,most_parsimonious,Ranked k-means,All features mutable,α < 1,0.9713178226640995,418,1,0,True,2.0,2.0,0.18240712065654296,2.958976477012628,1.0,0.0,False,4.657199999655859,Optimization terminated successfully
German Credit,2,42,10,300,0.0001,50,most_parsimonious,Ranked k-means,Random 25% immutable,α = 1,1.0,418,1,0,True,2.0,2.0,0.14760984576253106,2.661817536308883,1.0000000000000002,2.220446049250313e-16,True,2.236100000118313,Optimization terminated successfully
German Credit,2,42,10,300,0.0001,50,most_parsimonious,Ranked k-means,Random 25% immutable,α < 1,0.9713178226640995,418,1,0,True,2.0,2.0,0.18240712065654296,2.958976477012628,1.0,0.0,False,4.878400000052352,Optimization terminated successfully
German Credit,2,42,10,300,0.0001,50,most_parsimonious,Ranked k-means,Random 50% immutable,α = 1,1.0,418,1,0,True,3.0,3.0,0.17401406613247705,2.8900995094215873,1.914117540204118,0.914117540204118,True,4.10890000011932,Optimization terminated successfully
German Credit,2,42,10,300,0.0001,50,most_parsimonious,Ranked k-means,Random 50% immutable,α < 1,0.9713178226640995,418,1,0,True,3.0,3.0,0.18729452235845198,2.9983557282626916,1.8450079603506333,0.8450079603506333,True,8.099499999843829,Optimization terminated successfully
German Credit,2,42,10,300,0.0001,50,most_parsimonious,Ranked k-means,Random 75% immutable,α = 1,1.0,418,1,0,False,,,,,,,False,112.37900000014633,No feasible counterfactual found.
German Credit,2,42,10,300,0.0001,50,most_parsimonious,Ranked k-means,Random 75% immutable,α < 1,0.9713178226640995,418,1,0,False,,,,,,,False,157.94159999995827,No feasible counterfactual found.
German Credit,2,42,10,300,0.0001,50,most_parsimonious,Ranked k-means,All features mutable,α = 1,1.0,982,1,0,True,2.0,2.0,0.5335455832034861,5.060650945655839,1.0,0.0,False,10.402200000044104,Optimization terminated successfully
German Credit,2,42,10,300,0.0001,50,most_parsimonious,Ranked k-means,All features mutable,α < 1,0.9713178226640995,982,1,0,True,2.0,2.0,0.619607435575186,5.4535453521181,1.0,0.0,False,8.329800000410614,Optimization terminated successfully
German Credit,2,42,10,300,0.0001,50,most_parsimonious,Ranked k-means,Random 25% immutable,α = 1,1.0,982,1,0,True,2.0,2.0,0.5335455832034861,5.060650945655839,1.0,0.0,False,5.083000000013271,Optimization terminated successfully
German Credit,2,42,10,300,0.0001,50,most_parsimonious,Ranked k-means,Random 25% immutable,α < 1,0.9713178226640995,982,1,0,True,2.0,2.0,0.619607435575186,5.4535453521181,1.0,0.0,False,8.356499999990774,Optimization terminated successfully
German Credit,2,42,10,300,0.0001,50,most_parsimonious,Ranked k-means,Random 50% immutable,α = 1,1.0,982,1,0,True,3.0,3.0,0.2595528851219676,3.5296654920621653,1.6106822092175654,0.6106822092175654,True,18.41370000011011,Optimization terminated successfully
German Credit,2,42,10,300,0.0001,50,most_parsimonious,Ranked k-means,Random 50% immutable,α < 1,0.9713178226640995,982,1,0,True,3.0,3.0,0.2752762622278766,3.63500489503633,1.5640059658526115,0.5640059658526115,True,8.731400000215217,Optimization terminated successfully
German Credit,2,42,10,300,0.0001,50,most_parsimonious,Ranked k-means,Random 75% immutable,α = 1,1.0,982,1,0,True,11.0,7.0,1.1021714073789153,7.273529236497778,1.0000000000000002,2.220446049250313e-16,True,96.8259000001126,Optimization terminated successfully
German Credit,2,42,10,300,0.0001,50,most_parsimonious,Ranked k-means,Random 75% immutable,α < 1,0.9713178226640995,982,1,0,True,11.0,7.0,1.2361821608679326,7.703034708584713,1.0,0.0,False,82.32719999978144,Optimization terminated successfully
German Credit,2,42,10,300,0.0001,50,most_parsimonious,Ranked k-means,All features mutable,α = 1,1.0,820,1,0,True,2.0,2.0,0.3705087848511963,4.217158008998172,1.0000000000000002,2.220446049250313e-16,True,5.000899999686226,Optimization terminated successfully
German Credit,2,42,10,300,0.0001,50,most_parsimonious,Ranked k-means,All features mutable,α < 1,0.9713178226640995,820,1,0,True,2.0,2.0,0.4399886699014297,4.595590947339486,1.0,0.0,False,2.180399999815563,Optimization terminated successfully
German Credit,2,42,10,300,0.0001,50,most_parsimonious,Ranked k-means,Random 25% immutable,α = 1,1.0,820,1,0,True,2.0,2.0,0.3705087848511963,4.217158008998172,1.0000000000000002,2.220446049250313e-16,True,5.02760000017588,Optimization terminated successfully
German Credit,2,42,10,300,0.0001,50,most_parsimonious,Ranked k-means,Random 25% immutable,α < 1,0.9713178226640995,820,1,0,True,2.0,2.0,0.4399886699014297,4.595590947339486,1.0,0.0,False,2.184899999974732,Optimization terminated successfully
German Credit,2,42,10,300,0.0001,50,most_parsimonious,Ranked k-means,Random 50% immutable,α = 1,1.0,820,1,0,True,2.0,2.0,0.3705087848511963,4.217158008998172,1.0000000000000002,2.220446049250313e-16,True,5.158099999789556,Optimization terminated successfully
German Credit,2,42,10,300,0.0001,50,most_parsimonious,Ranked k-means,Random 50% immutable,α < 1,0.9713178226640995,820,1,0,True,2.0,2.0,0.4399886699014297,4.595590947339486,1.0,0.0,False,2.4394000001848326,Optimization terminated successfully
German Credit,2,42,10,300,0.0001,50,most_parsimonious,Ranked k-means,Random 75% immutable,α = 1,1.0,820,1,0,True,2.0,2.0,0.25263062833382544,3.4822794488701825,1.030679176887437,0.030679176887437043,True,5.0006999999823165,Optimization terminated successfully
German Credit,2,42,10,300,0.0001,50,most_parsimonious,Ranked k-means,Random 75% immutable,α < 1,0.9713178226640995,820,1,0,True,2.0,2.0,0.26903409439437065,3.5935548598748,1.0,0.0,False,2.1316000002116198,Optimization terminated successfully
German Credit,2,42,10,300,0.0001,50,most_parsimonious,Ranked k-means,All features mutable,α = 1,1.0,902,0,1,True,9.0,7.0,0.8560956264355831,6.410350229816464,1.0,0.0,False,76.59250000006068,Optimization terminated successfully
German Credit,2,42,10,300,0.0001,50,most_parsimonious,Ranked k-means,All features mutable,α < 1,0.9942891419237442,902,0,1,True,10.0,8.0,0.7678241553984284,6.070877980912198,1.0,0.0,False,111.89409999997224,Optimization terminated successfully
German Credit,2,42,10,300,0.0001,50,most_parsimonious,Ranked k-means,Random 25% immutable,α = 1,1.0,902,0,1,True,11.0,8.0,0.8529859816674807,6.398697298672526,1.0,0.0,False,232.4548000001414,Optimization terminated successfully
German Credit,2,42,10,300,0.0001,50,most_parsimonious,Ranked k-means,Random 25% immutable,α < 1,0.9942891419237442,902,0,1,True,11.0,8.0,0.8608979788695468,6.428304829870644,1.0,0.0,False,206.92449999978635,Optimization terminated successfully
German Credit,2,42,10,300,0.0001,50,most_parsimonious,Ranked k-means,Random 50% immutable,α = 1,1.0,902,0,1,True,20.0,12.0,2.549966946163401,11.06338164468004,1.0,0.0,False,155.2292999999736,Optimization terminated successfully
German Credit,2,42,10,300,0.0001,50,most_parsimonious,Ranked k-means,Random 50% immutable,α < 1,0.9942891419237442,902,0,1,True,20.0,12.0,2.5899889542828025,11.149864116013905,1.0,0.0,False,272.0614999998361,Optimization terminated successfully
German Credit,2,42,10,300,0.0001,50,most_parsimonious,Ranked k-means,Random 75% immutable,α = 1,1.0,902,0,1,False,,,,,,,False,219.41689999994196,No feasible counterfactual found.
German Credit,2,42,10,300,0.0001,50,most_parsimonious,Ranked k-means,Random 75% immutable,α < 1,0.9942891419237442,902,0,1,False,,,,,,,False,124.16849999999613,No feasible counterfactual found.
German Credit,2,42,10,300,0.0001,50,most_parsimonious,Ranked k-means,All features mutable,α = 1,1.0,625,1,0,True,2.0,2.0,0.028328848440224024,1.1660980769775557,1.7552823484239124,0.7552823484239124,True,8.883200000127545,Optimization terminated successfully
German Credit,2,42,10,300,0.0001,50,most_parsimonious,Ranked k-means,All features mutable,α < 1,0.9713178226640995,625,1,0,True,2.0,2.0,0.03270756487507808,1.2529816894127974,1.6335684618145687,0.6335684618145687,True,7.412599999952363,Optimization terminated successfully
German Credit,2,42,10,300,0.0001,50,most_parsimonious,Ranked k-means,Random 25% immutable,α = 1,1.0,625,1,0,True,2.0,2.0,0.028328848440224024,1.1660980769775557,1.7552823484239124,0.7552823484239124,True,9.060299999873678,Optimization terminated successfully
German Credit,2,42,10,300,0.0001,50,most_parsimonious,Ranked k-means,Random 25% immutable,α < 1,0.9713178226640995,625,1,0,True,2.0,2.0,0.03270756487507808,1.2529816894127974,1.6335684618145687,0.6335684618145687,True,7.062299999688548,Optimization terminated successfully
German Credit,2,42,10,300,0.0001,50,most_parsimonious,Ranked k-means,Random 50% immutable,α = 1,1.0,625,1,0,True,2.0,2.0,0.028328848440224024,1.1660980769775557,1.7552823484239124,0.7552823484239124,True,9.085200000299665,Optimization terminated successfully
German Credit,2,42,10,300,0.0001,50,most_parsimonious,Ranked k-means,Random 50% immutable,α < 1,0.9713178226640995,625,1,0,True,2.0,2.0,0.03270756487507808,1.2529816894127974,1.6335684618145687,0.6335684618145687,True,6.812199999785662,Optimization terminated successfully
German Credit,2,42,10,300,0.0001,50,most_parsimonious,Ranked k-means,Random 75% immutable,α = 1,1.0,625,1,0,True,1.0,1.0,0.3634143874349119,4.176588392082199,1.1323112484799143,0.13231124847991427,True,1.142800000252464,Optimization terminated successfully
German Credit,2,42,10,300,0.0001,50,most_parsimonious,Ranked k-means,Random 75% immutable,α < 1,0.9713178226640995,625,1,0,True,1.0,1.0,0.4195864042495519,4.4877775573192675,1.0537951037506983,0.05379510375069829,True,1.1071000003539666,Optimization terminated successfully
German Credit,2,42,10,300,0.0001,50,most_parsimonious,Ranked k-means,All features mutable,α = 1,1.0,623,1,0,True,5.0,5.0,1.3338762537962134,8.001628595618408,1.0,0.0,False,23.352499999873544,Optimization terminated successfully
German Credit,2,42,10,300,0.0001,50,most_parsimonious,Ranked k-means,All features mutable,α < 1,0.9713178226640995,623,1,0,True,5.0,5.0,1.3957588643113636,8.185134420823243,1.0,0.0,False,50.667299999986426,Optimization terminated successfully
German Credit,2,42,10,300,0.0001,50,most_parsimonious,Ranked k-means,Random 25% immutable,α = 1,1.0,623,1,0,True,5.0,5.0,1.3338762537962134,8.001628595618408,1.0,0.0,False,21.948800000245683,Optimization terminated successfully
German Credit,2,42,10,300,0.0001,50,most_parsimonious,Ranked k-means,Random 25% immutable,α < 1,0.9713178226640995,623,1,0,True,5.0,5.0,1.3957588643113636,8.185134420823243,1.0,0.0,False,53.70450000009441,Optimization terminated successfully
German Credit,2,42,10,300,0.0001,50,most_parsimonious,Ranked k-means,Random 50% immutable,α = 1,1.0,623,1,0,True,4.0,4.0,0.5571320396286611,5.171299440389788,1.0,0.0,False,32.777599999917584,Optimization terminated successfully
German Credit,2,42,10,300,0.0001,50,most_parsimonious,Ranked k-means,Random 50% immutable,α < 1,0.9713178226640995,623,1,0,True,4.0,4.0,0.5764287490003657,5.260093150507656,1.0,0.0,False,14.17940000010276,Optimization terminated successfully
German Credit,2,42,10,300,0.0001,50,most_parsimonious,Ranked k-means,Random 75% immutable,α = 1,1.0,623,1,0,True,3.0,3.0,1.0092179303218658,6.960061828421466,1.0,0.0,False,3.172400000039488,Optimization terminated successfully
German Credit,2,42,10,300,0.0001,50,most_parsimonious,Ranked k-means,Random 75% immutable,α < 1,0.9713178226640995,623,1,0,True,3.0,3.0,1.0653675108608618,7.151058699334062,1.0000000000000002,2.220446049250313e-16,True,4.8528999996051425,Optimization terminated successfully
German Credit,2,42,10,300,0.0001,50,most_parsimonious,Ranked k-means,All features mutable,α = 1,1.0,708,1,0,True,4.0,4.0,0.41391667046058805,4.457353495305059,1.0,0.0,False,17.618299999867304,Optimization terminated successfully
German Credit,2,42,10,300,0.0001,50,most_parsimonious,Ranked k-means,All features mutable,α < 1,0.9713178226640995,708,1,0,True,4.0,4.0,0.44614680933908835,4.627639446659197,1.0000000000000002,2.220446049250313e-16,True,22.865200000069308,Optimization terminated successfully
German Credit,2,42,10,300,0.0001,50,most_parsimonious,Ranked k-means,Random 25% immutable,α = 1,1.0,708,1,0,True,3.0,3.0,0.4961316218750619,4.879991582984849,1.0,0.0,False,23.287900000013906,Optimization terminated successfully
German Credit,2,42,10,300,0.0001,50,most_parsimonious,Ranked k-means,Random 25% immutable,α < 1,0.9713178226640995,708,1,0,True,3.0,3.0,0.5363845935764046,5.0740970124414675,1.0,0.0,False,12.719800000013493,Optimization terminated successfully
German Credit,2,42,10,300,0.0001,50,most_parsimonious,Ranked k-means,Random 50% immutable,α = 1,1.0,708,1,0,True,4.0,4.0,0.23601059118107393,3.365784956988718,1.0,0.0,False,21.21579999993628,Optimization terminated successfully
German Credit,2,42,10,300,0.0001,50,most_parsimonious,Ranked k-means,Random 50% immutable,α < 1,0.9713178226640995,708,1,0,True,4.0,4.0,0.24743288308620562,3.446270214033988,1.0,0.0,False,14.646900000116148,Optimization terminated successfully
German Credit,2,42,10,300,0.0001,50,most_parsimonious,Ranked k-means,Random 75% immutable,α = 1,1.0,708,1,0,True,4.0,4.0,1.3447736834010688,8.034247743457462,1.0000000000000002,2.220446049250313e-16,True,14.51130000032208,Optimization terminated successfully
German Credit,2,42,10,300,0.0001,50,most_parsimonious,Ranked k-means,Random 75% immutable,α < 1,0.9713178226640995,708,1,0,True,4.0,4.0,1.4265860489708289,8.275030534723108,1.0,0.0,False,51.76970000002257,Optimization terminated successfully
German Credit,2,42,10,300,0.0001,50,most_parsimonious,Ranked k-means,All features mutable,α = 1,1.0,441,1,0,True,4.0,4.0,1.2033189134530224,7.59995446339944,1.0,0.0,False,9.861499999715306,Optimization terminated successfully
German Credit,2,42,10,300,0.0001,50,most_parsimonious,Ranked k-means,All features mutable,α < 1,0.9713178226640995,441,1,0,True,4.0,4.0,1.2621858197091922,7.783631501172267,1.0,0.0,False,17.30520000000979,Optimization terminated successfully
German Credit,2,42,10,300,0.0001,50,most_parsimonious,Ranked k-means,Random 25% immutable,α = 1,1.0,441,1,0,True,7.0,6.0,0.9269714469663877,6.670429480504731,1.0,0.0,False,145.28710000013234,Optimization terminated successfully
German Credit,2,42,10,300,0.0001,50,most_parsimonious,Ranked k-means,Random 25% immutable,α < 1,0.9713178226640995,441,1,0,True,7.0,6.0,0.9722800837480225,6.831503789057361,1.0,0.0,False,49.203700000362005,Optimization terminated successfully
German Credit,2,42,10,300,0.0001,50,most_parsimonious,Ranked k-means,Random 50% immutable,α = 1,1.0,441,1,0,True,3.0,3.0,0.6212632993754925,5.460827626836764,1.0,0.0,False,6.187999999838212,Optimization terminated successfully
German Credit,2,42,10,300,0.0001,50,most_parsimonious,Ranked k-means,Random 50% immutable,α < 1,0.9713178226640995,441,1,0,True,3.0,3.0,0.6677701750481853,5.661534103254426,1.0,0.0,False,9.517399999822374,Optimization terminated successfully
German Credit,2,42,10,300,0.0001,50,most_parsimonious,Ranked k-means,Random 75% immutable,α = 1,1.0,441,1,0,True,10.0,8.0,1.1733210760266504,7.504626016616632,1.0,0.0,False,192.7730000002157,Optimization terminated successfully
German Credit,2,42,10,300,0.0001,50,most_parsimonious,Ranked k-means,Random 75% immutable,α < 1,0.9713178226640995,441,1,0,True,10.0,8.0,1.2820540021357907,7.84465372738134,1.0,0.0,False,90.69090000002689,Optimization terminated successfully
German Credit,2,42,10,300,0.0001,50,most_parsimonious,Ranked k-means,All features mutable,α = 1,1.0,938,0,1,True,6.0,2.0,0.26401268182456855,3.5598607736229364,1.0,0.0,False,48.0320000001484,Optimization terminated successfully
German Credit,2,42,10,300,0.0001,50,most_parsimonious,Ranked k-means,All features mutable,α < 1,0.9942891419237442,938,0,1,True,6.0,2.0,0.27143683162345583,3.6095661675505935,1.0,0.0,False,24.9005999999099,Optimization terminated successfully
German Credit,2,42,10,300,0.0001,50,most_parsimonious,Ranked k-means,Random 25% immutable,α = 1,1.0,938,0,1,True,7.0,2.0,0.4109389957853039,4.441291681222321,1.0,0.0,False,69.23609999967084,Optimization terminated successfully
German Credit,2,42,10,300,0.0001,50,most_parsimonious,Ranked k-means,Random 25% immutable,α < 1,0.9942891419237442,938,0,1,True,7.0,2.0,0.42094627293206,4.495044059932993,1.0,0.0,False,68.85179999972024,Optimization terminated successfully
German Credit,2,42,10,300,0.0001,50,most_parsimonious,Ranked k-means,Random 50% immutable,α = 1,1.0,938,0,1,True,9.0,3.0,0.6067238742993817,5.39654945000695,1.0000000000000002,2.220446049250313e-16,True,36.9141999999556,Optimization terminated successfully
German Credit,2,42,10,300,0.0001,50,most_parsimonious,Ranked k-means,Random 50% immutable,α < 1,0.9942891419237442,938,0,1,True,9.0,3.0,0.6332650093184883,5.513322088114156,1.0,0.0,False,49.269900000126654,Optimization terminated successfully
German Credit,2,42,10,300,0.0001,50,most_parsimonious,Ranked k-means,Random 75% immutable,α = 1,1.0,938,0,1,True,10.0,4.0,0.5107519367932637,4.951372836504706,1.0,0.0,False,52.99739999964004,Optimization terminated successfully
German Credit,2,42,10,300,0.0001,50,most_parsimonious,Ranked k-means,Random 75% immutable,α < 1,0.9942891419237442,938,0,1,True,10.0,4.0,0.5227830333311061,5.009349818079497,1.0,0.0,False,91.27919999991718,Optimization terminated successfully
German Credit,2,42,10,300,0.0001,50,most_parsimonious,Ranked k-means,All features mutable,α = 1,1.0,692,1,0,True,4.0,4.0,0.5219589101046404,5.005399852661397,1.0,0.0,False,17.59360000005472,Optimization terminated successfully
German Credit,2,42,10,300,0.0001,50,most_parsimonious,Ranked k-means,All features mutable,α < 1,0.9713178226640995,692,1,0,True,4.0,4.0,0.558974244750013,5.179842058209944,1.0,0.0,False,17.97919999989972,Optimization terminated successfully
German Credit,2,42,10,300,0.0001,50,most_parsimonious,Ranked k-means,Random 25% immutable,α = 1,1.0,692,1,0,True,4.0,4.0,0.5219589101046404,5.005399852661397,1.0,0.0,False,17.6062999998976,Optimization terminated successfully
German Credit,2,42,10,300,0.0001,50,most_parsimonious,Ranked k-means,Random 25% immutable,α < 1,0.9713178226640995,692,1,0,True,4.0,4.0,0.558974244750013,5.179842058209944,1.0,0.0,False,16.489399999954912,Optimization terminated successfully
German Credit,2,42,10,300,0.0001,50,most_parsimonious,Ranked k-means,Random 50% immutable,α = 1,1.0,692,1,0,True,5.0,5.0,0.7588025047068808,6.03510730856795,1.0,0.0,False,38.256299999829935,Optimization terminated successfully
German Credit,2,42,10,300,0.0001,50,most_parsimonious,Ranked k-means,Random 50% immutable,α < 1,0.9713178226640995,692,1,0,True,5.0,5.0,0.8348388519440895,6.330265783781617,1.0,0.0,False,21.097199999985605,Optimization terminated successfully
German Credit,2,42,10,300,0.0001,50,most_parsimonious,Ranked k-means,Random 75% immutable,α = 1,1.0,692,1,0,True,5.0,4.0,0.6838556429538978,5.7293167883952005,1.0,0.0,False,59.85359999976936,Optimization terminated successfully
German Credit,2,42,10,300,0.0001,50,most_parsimonious,Ranked k-means,Random 75% immutable,α < 1,0.9713178226640995,692,1,0,True,5.0,4.0,0.7541457340964592,6.016560083355774,1.0,0.0,False,25.30430000024353,Optimization terminated successfully
German Credit,2,42,10,300,0.0001,50,most_parsimonious,Ranked k-means,All features mutable,α = 1,1.0,62,0,1,True,14.0,8.0,1.2752508171709551,7.823812320359292,1.0,0.0,False,200.62069999994492,Optimization terminated successfully
German Credit,2,42,10,300,0.0001,50,most_parsimonious,Ranked k-means,All features mutable,α < 1,0.9942891419237442,62,0,1,True,14.0,8.0,1.2923135077482382,7.8759792008305505,1.0,0.0,False,180.74009999963891,Optimization terminated successfully
German Credit,2,42,10,300,0.0001,50,most_parsimonious,Ranked k-means,Random 25% immutable,α = 1,1.0,62,0,1,True,18.0,9.0,1.5738346976020774,8.691608912330313,1.0,0.0,False,268.75250000011874,Optimization terminated successfully
German Credit,2,42,10,300,0.0001,50,most_parsimonious,Ranked k-means,Random 25% immutable,α < 1,0.9942891419237442,62,0,1,True,18.0,9.0,1.6484304337901778,8.895204372128193,1.0,0.0,False,305.2589000003536,Optimization terminated successfully
German Credit,2,42,10,300,0.0001,50,most_parsimonious,Ranked k-means,Random 50% immutable,α = 1,1.0,62,0,1,True,18.0,12.0,2.206303145725175,10.29089651074232,1.0,0.0,False,266.4460000000872,Optimization terminated successfully
German Credit,2,42,10,300,0.0001,50,most_parsimonious,Ranked k-means,Random 50% immutable,α < 1,0.9942891419237442,62,0,1,True,18.0,12.0,2.234298271106936,10.355979770795853,1.0,0.0,False,346.94760000002134,Optimization terminated successfully
German Credit,2,42,10,300,0.0001,50,most_parsimonious,Ranked k-means,Random 75% immutable,α = 1,1.0,62,0,1,True,11.0,8.0,0.8476026036606741,6.378473561575086,1.0,0.0,False,130.65640000013445,Optimization terminated successfully
German Credit,2,42,10,300,0.0001,50,most_parsimonious,Ranked k-means,Random 75% immutable,α < 1,0.9942891419237442,62,0,1,True,11.0,8.0,0.8548221441616877,6.405580607545347,1.0,0.0,False,180.8765000000676,Optimization terminated successfully
German Credit,2,42,10,300,0.0001,50,most_parsimonious,Ranked k-means,All features mutable,α = 1,1.0,733,1,0,True,2.0,2.0,0.057504836859367116,1.6613946458471633,1.2319958927703434,0.23199589277034338,True,5.666999999903055,Optimization terminated successfully
German Credit,2,42,10,300,0.0001,50,most_parsimonious,Ranked k-means,All features mutable,α < 1,0.9713178226640995,733,1,0,True,2.0,2.0,0.06367660146975124,1.7482782589016141,1.1707697957101975,0.17076979571019746,True,2.6811999996425584,Optimization terminated successfully
German Credit,2,42,10,300,0.0001,50,most_parsimonious,Ranked k-means,Random 25% immutable,α = 1,1.0,733,1,0,True,2.0,2.0,0.7746689775604919,6.097877575263676,1.0,0.0,False,6.1243000000104075,Optimization terminated successfully
German Credit,2,42,10,300,0.0001,50,most_parsimonious,Ranked k-means,Random 25% immutable,α < 1,0.9713178226640995,733,1,0,True,3.0,3.0,0.30371789387018633,3.8181748134113693,1.8384946382701388,0.8384946382701388,True,9.120499999880849,Optimization terminated successfully
German Credit,2,42,10,300,0.0001,50,most_parsimonious,Ranked k-means,Random 50% immutable,α = 1,1.0,733,1,0,True,1.0,1.0,0.09818892679575532,2.1709602682214744,1.0120561484034565,0.01205614840345648,True,1.0202000003118883,Optimization terminated successfully
German Credit,2,42,10,300,0.0001,50,most_parsimonious,Ranked k-means,Random 50% immutable,α < 1,0.9713178226640995,733,1,0,True,2.0,2.0,0.09595529893163442,2.1461254270704804,1.0897726532614986,0.08977265326149864,True,12.918599999920843,Optimization terminated successfully
German Credit,2,42,10,300,0.0001,50,most_parsimonious,Ranked k-means,Random 75% immutable,α = 1,1.0,733,1,0,True,1.0,1.0,0.09818892679575532,2.1709602682214744,1.0120561484034565,0.01205614840345648,True,0.8582999998907326,Optimization terminated successfully
German Credit,2,42,10,300,0.0001,50,most_parsimonious,Ranked k-means,Random 75% immutable,α < 1,0.9713178226640995,733,1,0,True,2.0,2.0,0.09595529893163442,2.1461254270704804,1.0897726532614986,0.08977265326149864,True,14.522200000101293,Optimization terminated successfully
German Credit,2,42,10,300,0.0001,50,most_parsimonious,Ranked k-means,All features mutable,α = 1,1.0,434,1,0,True,4.0,4.0,0.8303155945190103,6.313093420575407,1.0,0.0,False,12.695700000222132,Optimization terminated successfully
German Credit,2,42,10,300,0.0001,50,most_parsimonious,Ranked k-means,All features mutable,α < 1,0.9713178226640995,434,1,0,True,4.0,4.0,0.8783982765029418,6.493313273833414,1.0,0.0,False,15.677300000334071,Optimization terminated successfully
German Credit,2,42,10,300,0.0001,50,most_parsimonious,Ranked k-means,Random 25% immutable,α = 1,1.0,434,1,0,True,4.0,4.0,0.3235928163759385,3.9411235943630403,1.0,0.0,False,16.757800000050338,Optimization terminated successfully
German Credit,2,42,10,300,0.0001,50,most_parsimonious,Ranked k-means,Random 25% immutable,α < 1,0.9713178226640995,434,1,0,True,4.0,4.0,0.3473841881941149,4.083434955196117,1.0,0.0,False,9.85050000008414,Optimization terminated successfully
German Credit,2,42,10,300,0.0001,50,most_parsimonious,Ranked k-means,Random 50% immutable,α = 1,1.0,434,1,0,True,5.0,4.0,0.9404058997252455,6.718592351587629,1.0,0.0,False,15.500999999858323,Optimization terminated successfully
German Credit,2,42,10,300,0.0001,50,most_parsimonious,Ranked k-means,Random 50% immutable,α < 1,0.9713178226640995,434,1,0,True,6.0,5.0,0.8463884908067364,6.373903635820309,1.0,0.0,False,16.899600000215287,Optimization terminated successfully
German Credit,2,42,10,300,0.0001,50,most_parsimonious,Ranked k-means,Random 75% immutable,α = 1,1.0,434,1,0,True,3.0,3.0,0.9985625074544705,6.923221819197662,1.0,0.0,False,9.657600000082311,Optimization terminated successfully
German Credit,2,42,10,300,0.0001,50,most_parsimonious,Ranked k-means,Random 75% immutable,α < 1,0.9713178226640995,434,1,0,True,3.0,3.0,1.0509559548940937,7.102526721872752,1.0,0.0,False,14.774199999919801,Optimization terminated successfully
German Credit,2,42,10,300,0.0001,50,most_parsimonious,Ranked k-means,All features mutable,α = 1,1.0,847,1,0,True,4.0,4.0,1.1531759413623064,7.4399223910865295,1.0,0.0,False,8.071300000210613,Optimization terminated successfully
German Credit,2,42,10,300,0.0001,50,most_parsimonious,Ranked k-means,All features mutable,α < 1,0.9713178226640995,847,1,0,True,4.0,4.0,1.2105749312880136,7.622833902284941,1.0,0.0,False,27.36090000007607,Optimization terminated successfully
German Credit,2,42,10,300,0.0001,50,most_parsimonious,Ranked k-means,Random 25% immutable,α = 1,1.0,847,1,0,True,4.0,4.0,1.1531759413623064,7.4399223910865295,1.0,0.0,False,8.027800000036223,Optimization terminated successfully
German Credit,2,42,10,300,0.0001,50,most_parsimonious,Ranked k-means,Random 25% immutable,α < 1,0.9713178226640995,847,1,0,True,4.0,4.0,1.2105749312880136,7.622833902284941,1.0,0.0,False,27.99700000014127,Optimization terminated successfully
German Credit,2,42,10,300,0.0001,50,most_parsimonious,Ranked k-means,Random 50% immutable,α = 1,1.0,847,1,0,True,4.0,4.0,1.1751518716672038,7.510478669167884,1.0,0.0,False,17.99940000000788,Optimization terminated successfully
German Credit,2,42,10,300,0.0001,50,most_parsimonious,Ranked k-means,Random 50% immutable,α < 1,0.9713178226640995,847,1,0,True,4.0,4.0,1.2288959853672996,7.680299948415452,1.0,0.0,False,12.104100000215112,Optimization terminated successfully
German Credit,2,42,10,300,0.0001,50,most_parsimonious,Ranked k-means,Random 75% immutable,α = 1,1.0,847,1,0,False,,,,,,,False,195.83190000003015,No feasible counterfactual found.
German Credit,2,42,10,300,0.0001,50,most_parsimonious,Ranked k-means,Random 75% immutable,α < 1,0.9713178226640995,847,1,0,False,,,,,,,False,162.96870000041963,No feasible counterfactual found.
German Credit,2,42,10,300,0.0001,50,most_parsimonious,Ranked k-means,All features mutable,α = 1,1.0,533,1,0,True,3.0,3.0,0.41796530234606355,4.479099743543456,1.0000000000000002,2.220446049250313e-16,True,25.82510000002003,Optimization terminated successfully
German Credit,2,42,10,300,0.0001,50,most_parsimonious,Ranked k-means,All features mutable,α < 1,0.9713178226640995,533,1,0,True,3.0,3.0,0.4726907631190653,4.763313618660348,1.0,0.0,False,17.113200000039797,Optimization terminated successfully
German Credit,2,42,10,300,0.0001,50,most_parsimonious,Ranked k-means,Random 25% immutable,α = 1,1.0,533,1,0,True,3.0,3.0,0.41796530234606355,4.479099743543456,1.0000000000000002,2.220446049250313e-16,True,24.669700000231387,Optimization terminated successfully
German Credit,2,42,10,300,0.0001,50,most_parsimonious,Ranked k-means,Random 25% immutable,α < 1,0.9713178226640995,533,1,0,True,3.0,3.0,0.4726907631190653,4.763313618660348,1.0,0.0,False,16.40620000034687,Optimization terminated successfully
German Credit,2,42,10,300,0.0001,50,most_parsimonious,Ranked k-means,Random 50% immutable,α = 1,1.0,533,1,0,True,2.0,2.0,0.2732070095945077,3.6213169511292946,1.0,0.0,False,8.367799999632552,Optimization terminated successfully
German Credit,2,42,10,300,0.0001,50,most_parsimonious,Ranked k-means,Random 50% immutable,α < 1,0.9713178226640995,533,1,0,True,2.0,2.0,0.30423748846681176,3.8214394469109365,1.0,0.0,False,6.512899999961519,Optimization terminated successfully
German Credit,2,42,10,300,0.0001,50,most_parsimonious,Ranked k-means,Random 75% immutable,α = 1,1.0,533,1,0,True,8.0,5.0,0.3019884707871159,3.8072886149833143,1.0,0.0,False,84.632000000056,Optimization terminated successfully
German Credit,2,42,10,300,0.0001,50,most_parsimonious,Ranked k-means,Random 75% immutable,α < 1,0.9713178226640995,533,1,0,True,8.0,5.0,0.3280855450803778,3.9683883584974557,1.0000000000000002,2.220446049250313e-16,True,65.12149999980466,Optimization terminated successfully
German Credit,2,42,10,300,0.0001,50,most_parsimonious,Ranked k-means,All features mutable,α = 1,1.0,223,0,1,True,8.0,6.0,0.4160571614286521,4.46886380958016,1.0,0.0,False,144.24189999999726,Optimization terminated successfully
German Credit,2,42,10,300,0.0001,50,most_parsimonious,Ranked k-means,All features mutable,α < 1,0.9942891419237442,223,0,1,True,8.0,6.0,0.4250406442216994,4.516851881857714,1.0,0.0,False,74.09110000025976,Optimization terminated successfully
German Credit,2,42,10,300,0.0001,50,most_parsimonious,Ranked k-means,Random 25% immutable,α = 1,1.0,223,0,1,True,7.0,6.0,0.4994418449276987,4.896244331784264,1.0,0.0,False,65.76979999999821,Optimization terminated successfully
German Credit,2,42,10,300,0.0001,50,most_parsimonious,Ranked k-means,Random 25% immutable,α < 1,0.9942891419237442,223,0,1,True,7.0,6.0,0.5108809809885916,4.951998292351522,1.0,0.0,False,103.16599999987375,Optimization terminated successfully
German Credit,2,42,10,300,0.0001,50,most_parsimonious,Ranked k-means,Random 50% immutable,α = 1,1.0,223,0,1,True,17.0,10.0,0.9942965930527901,6.908417797624426,1.0,0.0,False,357.55550000021685,Optimization terminated successfully
German Credit,2,42,10,300,0.0001,50,most_parsimonious,Ranked k-means,Random 50% immutable,α < 1,0.9942891419237442,223,0,1,True,17.0,10.0,1.0110049945334194,6.966221338545318,1.0,0.0,False,373.91040000011344,Optimization terminated successfully
German Credit,2,42,10,300,0.0001,50,most_parsimonious,Ranked k-means,Random 75% immutable,α = 1,1.0,223,0,1,False,,,,,,,False,232.71919999979218,No feasible counterfactual found.
German Credit,2,42,10,300,0.0001,50,most_parsimonious,Ranked k-means,Random 75% immutable,α < 1,0.9942891419237442,223,0,1,False,,,,,,,False,312.5522999998793,No feasible counterfactual found.
German Credit,2,42,10,300,0.0001,50,most_parsimonious,Ranked k-means,All features mutable,α = 1,1.0,82,1,0,True,4.0,3.0,0.2426316658513556,3.4126705028269386,1.0,0.0,False,14.981699999680131,Optimization terminated successfully
German Credit,2,42,10,300,0.0001,50,most_parsimonious,Ranked k-means,All features mutable,α < 1,0.9713178226640995,82,1,0,True,4.0,3.0,0.2673947111950725,3.582589306264881,1.0,0.0,False,19.418800000039482,Optimization terminated successfully
German Credit,2,42,10,300,0.0001,50,most_parsimonious,Ranked k-means,Random 25% immutable,α = 1,1.0,82,1,0,True,4.0,3.0,0.46008562464978536,4.699373360692859,1.0000000000000002,2.220446049250313e-16,True,9.971599999971659,Optimization terminated successfully
German Credit,2,42,10,300,0.0001,50,most_parsimonious,Ranked k-means,Random 25% immutable,α < 1,0.9713178226640995,82,1,0,True,4.0,3.0,0.5048588950652547,4.922725562443252,1.0000000000000002,2.220446049250313e-16,True,16.941200000019307,Optimization terminated successfully
German Credit,2,42,10,300,0.0001,50,most_parsimonious,Ranked k-means,Random 50% immutable,α = 1,1.0,82,1,0,True,3.0,3.0,0.1278054143352504,2.476824557390373,1.0406176090083024,0.04061760900830236,True,10.164099999656173,Optimization terminated successfully
German Credit,2,42,10,300,0.0001,50,most_parsimonious,Ranked k-means,Random 50% immutable,α < 1,0.9713178226640995,82,1,0,True,3.0,3.0,0.13502521003243442,2.5458220836415206,1.0124145218635368,0.012414521863536754,True,15.268599999672006,Optimization terminated successfully
German Credit,2,42,10,300,0.0001,50,most_parsimonious,Ranked k-means,Random 75% immutable,α = 1,1.0,82,1,0,True,5.0,4.0,0.5455299151717397,5.117170695632842,1.0000000000000002,2.220446049250313e-16,True,29.484799999863753,Optimization terminated successfully
German Credit,2,42,10,300,0.0001,50,most_parsimonious,Ranked k-means,Random 75% immutable,α < 1,0.9713178226640995,82,1,0,True,5.0,4.0,0.6250637426049839,5.477504874031536,1.0000000000000002,2.220446049250313e-16,True,17.644800000198302,Optimization terminated successfully
German Credit,2,42,10,300,0.0001,50,most_parsimonious,Ranked k-means,All features mutable,α = 1,1.0,762,1,0,True,4.0,4.0,0.43896920125991357,4.5902637898573815,1.0,0.0,False,20.084499999939,Optimization terminated successfully
German Credit,2,42,10,300,0.0001,50,most_parsimonious,Ranked k-means,All features mutable,α < 1,0.9713178226640995,762,1,0,True,4.0,4.0,0.472371429777026,4.761704382812655,1.0,0.0,False,15.35390000026382,Optimization terminated successfully
German Credit,2,42,10,300,0.0001,50,most_parsimonious,Ranked k-means,Random 25% immutable,α = 1,1.0,762,1,0,True,3.0,3.0,0.6854414111318102,5.735955694941071,1.0,0.0,False,16.526799999610375,Optimization terminated successfully
German Credit,2,42,10,300,0.0001,50,most_parsimonious,Ranked k-means,Random 25% immutable,α < 1,0.9713178226640995,762,1,0,True,3.0,3.0,0.7331938096325258,5.9323943616689245,1.0,0.0,False,4.912700000204495,Optimization terminated successfully
German Credit,2,42,10,300,0.0001,50,most_parsimonious,Ranked k-means,Random 50% immutable,α = 1,1.0,762,1,0,True,4.0,4.0,0.43896920125991357,4.5902637898573815,1.0,0.0,False,19.93189999984679,Optimization terminated successfully
German Credit,2,42,10,300,0.0001,50,most_parsimonious,Ranked k-means,Random 50% immutable,α < 1,0.9713178226640995,762,1,0,True,4.0,4.0,0.472371429777026,4.761704382812655,1.0,0.0,False,15.224100000068574,Optimization terminated successfully
German Credit,2,42,10,300,0.0001,50,most_parsimonious,Ranked k-means,Random 75% immutable,α = 1,1.0,762,1,0,True,9.0,6.0,0.5779432370256085,5.266998706780666,1.0,0.0,False,93.49139999994804,Optimization terminated successfully
German Credit,2,42,10,300,0.0001,50,most_parsimonious,Ranked k-means,Random 75% immutable,α < 1,0.9713178226640995,762,1,0,True,9.0,6.0,0.6266240265426319,5.484337086106792,1.0,0.0,False,98.15879999996469,Optimization terminated successfully
German Credit,2,42,10,300,0.0001,50,most_parsimonious,Ranked k-means,All features mutable,α = 1,1.0,736,1,0,True,2.0,2.0,0.027934290653114487,1.157949027958267,1.7676351269503845,0.7676351269503845,True,2.816799999891373,Optimization terminated successfully
German Credit,2,42,10,300,0.0001,50,most_parsimonious,Ranked k-means,All features mutable,α < 1,0.9713178226640995,736,1,0,True,2.0,2.0,0.03228350633605623,1.2448326410127184,1.6442622967621596,0.6442622967621596,True,1.8630999998094921,Optimization terminated successfully
German Credit,2,42,10,300,0.0001,50,most_parsimonious,Ranked k-means,Random 25% immutable,α = 1,1.0,736,1,0,True,2.0,2.0,0.027934290653114487,1.157949027958267,1.7676351269503845,0.7676351269503845,True,3.2694999999876018,Optimization terminated successfully
German Credit,2,42,10,300,0.0001,50,most_parsimonious,Ranked k-means,Random 25% immutable,α < 1,0.9713178226640995,736,1,0,True,2.0,2.0,0.03228350633605623,1.2448326410127184,1.6442622967621596,0.6442622967621596,True,1.989800000046671,Optimization terminated successfully
German Credit,2,42,10,300,0.0001,50,most_parsimonious,Ranked k-means,Random 50% immutable,α = 1,1.0,736,1,0,True,2.0,2.0,0.045074802298326465,1.4709148548844253,1.5365614170956081,0.5365614170956081,True,1.97489999982281,Optimization terminated successfully
German Credit,2,42,10,300,0.0001,50,most_parsimonious,Ranked k-means,Random 50% immutable,α < 1,0.9713178226640995,736,1,0,True,2.0,2.0,0.052092701535353336,1.581281022999062,1.4293164721588703,0.42931647215887025,True,9.839999999712745,Optimization terminated successfully
German Credit,2,42,10,300,0.0001,50,most_parsimonious,Ranked k-means,Random 75% immutable,α = 1,1.0,736,1,0,True,1.0,1.0,0.04915748629109044,1.536085720906337,2.2550888748903413,1.2550888748903413,True,0.8834000000206288,Optimization terminated successfully
German Credit,2,42,10,300,0.0001,50,most_parsimonious,Ranked k-means,Random 75% immutable,α < 1,0.9713178226640995,736,1,0,True,1.0,1.0,0.05681103701002969,1.6513418109166331,2.097694006894293,1.0976940068942929,True,1.095400000394875,Optimization terminated successfully
German Credit,2,42,10,300,0.0001,50,most_parsimonious,Ranked k-means,All features mutable,α = 1,1.0,177,0,1,True,5.0,3.0,0.13129586323444525,2.510418577698423,1.0,0.0,False,47.94949999995879,Optimization terminated successfully
German Credit,2,42,10,300,0.0001,50,most_parsimonious,Ranked k-means,All features mutable,α < 1,0.9942891419237442,177,0,1,True,5.0,3.0,0.13275610949022398,2.5243401624049704,1.0,0.0,False,27.09720000029847,Optimization terminated successfully
German Credit,2,42,10,300,0.0001,50,most_parsimonious,Ranked k-means,Random 25% immutable,α = 1,1.0,177,0,1,True,8.0,3.0,0.196727358539119,3.0729323471039374,1.0000000000000002,2.220446049250313e-16,True,67.38019999966127,Optimization terminated successfully
German Credit,2,42,10,300,0.0001,50,most_parsimonious,Ranked k-means,Random 25% immutable,α < 1,0.9942891419237442,177,0,1,True,8.0,3.0,0.20534082745812135,3.1394839891278035,1.0000000000000002,2.220446049250313e-16,True,37.86519999994198,Optimization terminated successfully
German Credit,2,42,10,300,0.0001,50,most_parsimonious,Ranked k-means,Random 50% immutable,α = 1,1.0,177,0,1,True,13.0,6.0,1.21533262033824,7.637798490156409,1.0,0.0,False,137.6814000000195,Optimization terminated successfully
German Credit,2,42,10,300,0.0001,50,most_parsimonious,Ranked k-means,Random 50% immutable,α < 1,0.9942891419237442,177,0,1,True,13.0,6.0,1.2606586333954493,7.778921159324188,1.0000000000000002,2.220446049250313e-16,True,101.55740000027436,Optimization terminated successfully
German Credit,2,42,10,300,0.0001,50,most_parsimonious,Ranked k-means,Random 75% immutable,α = 1,1.0,177,0,1,True,11.0,3.0,0.30736781720239437,3.8410487143116177,1.0000000000000002,2.220446049250313e-16,True,92.79880000030971,Optimization terminated successfully
German Credit,2,42,10,300,0.0001,50,most_parsimonious,Ranked k-means,Random 75% immutable,α < 1,0.9942891419237442,177,0,1,True,11.0,3.0,0.31403785404207696,3.882501383646849,1.0,0.0,False,81.802499999867,Optimization terminated successfully
German Credit,2,42,10,300,0.0001,50,most_parsimonious,Ranked k-means,All features mutable,α = 1,1.0,360,0,1,True,10.0,4.0,0.2008996460789706,3.105347486480473,1.0,0.0,False,53.28579999968497,Optimization terminated successfully
German Credit,2,42,10,300,0.0001,50,most_parsimonious,Ranked k-means,All features mutable,α < 1,0.9942891419237442,360,0,1,True,10.0,4.0,0.20836868306359596,3.162545934378283,1.0,0.0,False,86.41780000016297,Optimization terminated successfully
German Credit,2,42,10,300,0.0001,50,most_parsimonious,Ranked k-means,Random 25% immutable,α = 1,1.0,360,0,1,True,11.0,4.0,0.22526514651196242,3.2882711312442283,1.0,0.0,False,68.63220000013825,Optimization terminated successfully
German Credit,2,42,10,300,0.0001,50,most_parsimonious,Ranked k-means,Random 25% immutable,α < 1,0.9942891419237442,360,0,1,True,11.0,4.0,0.23267594155374305,3.3419223800949758,1.0,0.0,False,104.51259999990725,Optimization terminated successfully
German Credit,2,42,10,300,0.0001,50,most_parsimonious,Ranked k-means,Random 50% immutable,α = 1,1.0,360,0,1,True,9.0,5.0,0.1867542189134657,2.9940278067924413,1.0,0.0,False,81.92110000027242,Optimization terminated successfully
German Credit,2,42,10,300,0.0001,50,most_parsimonious,Ranked k-means,Random 50% immutable,α < 1,0.9942891419237442,360,0,1,True,9.0,5.0,0.19337838052140227,3.046664120809399,1.0,0.0,False,76.01519999980155,Optimization terminated successfully
German Credit,2,42,10,300,0.0001,50,most_parsimonious,Ranked k-means,Random 75% immutable,α = 1,1.0,360,0,1,True,5.0,3.0,0.36761813672924226,4.200675012781116,1.0,0.0,False,12.248600000020815,Optimization terminated successfully
German Credit,2,42,10,300,0.0001,50,most_parsimonious,Ranked k-means,Random 75% immutable,α < 1,0.9942891419237442,360,0,1,True,5.0,3.0,0.37811699558488565,4.260236588274707,1.0,0.0,False,17.95429999992848,Optimization terminated successfully
German Credit,2,42,10,300,0.0001,50,most_parsimonious,Ranked k-means,All features mutable,α = 1,1.0,124,1,0,True,4.0,4.0,1.5511777248984435,8.628819779965584,1.0,0.0,False,7.165100000293023,Optimization terminated successfully
German Credit,2,42,10,300,0.0001,50,most_parsimonious,Ranked k-means,All features mutable,α < 1,0.9713178226640995,124,1,0,True,5.0,5.0,0.6594108444277389,5.6259861831088305,1.0,0.0,False,42.54330000003392,Optimization terminated successfully
German Credit,2,42,10,300,0.0001,50,most_parsimonious,Ranked k-means,Random 25% immutable,α = 1,1.0,124,1,0,True,4.0,4.0,1.5511777248984435,8.628819779965584,1.0,0.0,False,6.917199999861623,Optimization terminated successfully
German Credit,2,42,10,300,0.0001,50,most_parsimonious,Ranked k-means,Random 25% immutable,α < 1,0.9713178226640995,124,1,0,True,5.0,5.0,1.1675307226548535,7.486085404764828,1.0,0.0,False,45.68559999961508,Optimization terminated successfully
German Credit,2,42,10,300,0.0001,50,most_parsimonious,Ranked k-means,Random 50% immutable,α = 1,1.0,124,1,0,True,4.0,4.0,1.2586013835935221,7.772571415721381,1.0,0.0,False,15.38490000029924,Optimization terminated successfully
German Credit,2,42,10,300,0.0001,50,most_parsimonious,Ranked k-means,Random 50% immutable,α < 1,0.9713178226640995,124,1,0,True,4.0,4.0,1.313215442245308,7.939416932481553,1.0,0.0,False,4.486899999847083,Optimization terminated successfully
German Credit,2,42,10,300,0.0001,50,most_parsimonious,Ranked k-means,Random 75% immutable,α = 1,1.0,124,1,0,True,11.0,8.0,1.1405432206470456,7.399059034164966,1.0,0.0,False,139.4297000001643,Optimization terminated successfully
German Credit,2,42,10,300,0.0001,50,most_parsimonious,Ranked k-means,Random 75% immutable,α < 1,0.9713178226640995,124,1,0,True,11.0,8.0,1.1870841714085758,7.548512451311956,1.0,0.0,False,143.9258999998856,Optimization terminated successfully
German Credit,2,42,10,300,0.0001,50,most_parsimonious,Ranked k-means,All features mutable,α = 1,1.0,90,0,1,True,5.0,3.0,0.08396754727403943,2.00759614194536,1.0,0.0,False,28.448300000036397,Optimization terminated successfully
German Credit,2,42,10,300,0.0001,50,most_parsimonious,Ranked k-means,All features mutable,α < 1,0.9942891419237442,90,0,1,True,5.0,3.0,0.08513375311797845,2.0214895868302083,1.0,0.0,False,31.86669999968217,Optimization terminated successfully
German Credit,2,42,10,300,0.0001,50,most_parsimonious,Ranked k-means,Random 25% immutable,α = 1,1.0,90,0,1,True,4.0,3.0,0.08396754727403968,2.007596141945363,1.0,0.0,False,29.240700000173092,Optimization terminated successfully
German Credit,2,42,10,300,0.0001,50,most_parsimonious,Ranked k-means,Random 25% immutable,α < 1,0.9942891419237442,90,0,1,True,4.0,3.0,0.08513375311797847,2.0214895868302083,1.0,0.0,False,25.120799999967858,Optimization terminated successfully
German Credit,2,42,10,300,0.0001,50,most_parsimonious,Ranked k-means,Random 50% immutable,α = 1,1.0,90,0,1,True,9.0,3.0,0.3027532615784587,3.8121065771782954,1.0,0.0,False,54.44119999992836,Optimization terminated successfully
German Credit,2,42,10,300,0.0001,50,most_parsimonious,Ranked k-means,Random 50% immutable,α < 1,0.9942891419237442,90,0,1,True,9.0,3.0,0.31732549506888774,3.902771292723494,1.0000000000000002,2.220446049250313e-16,True,72.05260000000635,Optimization terminated successfully
German Credit,2,42,10,300,0.0001,50,most_parsimonious,Ranked k-means,Random 75% immutable,α = 1,1.0,90,0,1,True,9.0,5.0,0.49601161415987177,4.879401344393987,1.0,0.0,False,59.4677999997657,Optimization terminated successfully
German Credit,2,42,10,300,0.0001,50,most_parsimonious,Ranked k-means,Random 75% immutable,α < 1,0.9942891419237442,90,0,1,True,9.0,5.0,0.5049113901381417,4.922981487536877,1.0,0.0,False,116.74379999976736,Optimization terminated successfully
German Credit,2,42,10,300,0.0001,50,most_parsimonious,Ranked k-means,All features mutable,α = 1,1.0,817,0,1,True,2.0,1.0,0.010447187458722418,0.7081419335265184,2.8293900620660275,1.8293900620660275,True,34.09000000010565,Optimization terminated successfully
German Credit,2,42,10,300,0.0001,50,most_parsimonious,Ranked k-means,All features mutable,α < 1,0.9942891419237442,817,0,1,True,2.0,1.0,0.01097513494232082,0.7258143545228348,2.7604989302937755,1.7604989302937755,True,33.08160000005955,Optimization terminated successfully
German Credit,2,42,10,300,0.0001,50,most_parsimonious,Ranked k-means,Random 25% immutable,α = 1,1.0,817,0,1,True,2.0,1.0,0.010447187458722418,0.7081419335265184,2.8293900620660275,1.8293900620660275,True,33.13029999981154,Optimization terminated successfully
German Credit,2,42,10,300,0.0001,50,most_parsimonious,Ranked k-means,Random 25% immutable,α < 1,0.9942891419237442,817,0,1,True,2.0,1.0,0.01097513494232082,0.7258143545228348,2.7604989302937755,1.7604989302937755,True,35.21339999997508,Optimization terminated successfully
German Credit,2,42,10,300,0.0001,50,most_parsimonious,Ranked k-means,Random 50% immutable,α = 1,1.0,817,0,1,True,3.0,3.0,0.054590421642763454,1.6187465023445289,1.0,0.0,False,18.191699999988487,Optimization terminated successfully
German Credit,2,42,10,300,0.0001,50,most_parsimonious,Ranked k-means,Random 50% immutable,α < 1,0.9942891419237442,817,0,1,True,3.0,3.0,0.057954855238424904,1.667882805068868,1.0,0.0,False,19.535499999619788,Optimization terminated successfully
German Credit,2,42,10,300,0.0001,50,most_parsimonious,Ranked k-means,Random 75% immutable,α = 1,1.0,817,0,1,True,1.0,1.0,0.01709305438423177,0.9057961196887107,2.425638219943176,1.4256382199431759,True,0.8432999998149171,Optimization terminated successfully
German Credit,2,42,10,300,0.0001,50,most_parsimonious,Ranked k-means,Random 75% immutable,α < 1,0.9942891419237442,817,0,1,True,1.0,1.0,0.01795685003112922,0.9284012071804962,2.366577801062684,1.3665778010626841,True,0.8404999998674612,Optimization terminated successfully
German Credit,2,42,10,300,0.0001,50,most_parsimonious,Ranked + weighted SHARK,All features mutable,α = 1,1.0,393,1,0,True,1.0,1.0,6.510416666666344,2.5515518153991406,2.000000000000002,1.0000000000000022,True,1.4529999998558196,Optimization terminated successfully
German Credit,2,42,10,300,0.0001,50,most_parsimonious,Ranked + weighted SHARK,All features mutable,α < 1,0.01,393,1,0,False,,,,,,,False,176.40640000036,No feasible counterfactual found.
German Credit,2,42,10,300,0.0001,50,most_parsimonious,Ranked + weighted SHARK,Random 25% immutable,α = 1,1.0,393,1,0,False,,,,,,,False,22640.636300000097,No feasible counterfactual found.
German Credit,2,42,10,300,0.0001,50,most_parsimonious,Ranked + weighted SHARK,Random 25% immutable,α < 1,0.01,393,1,0,False,,,,,,,False,22285.975000000235,No feasible counterfactual found.
German Credit,2,42,10,300,0.0001,50,most_parsimonious,Ranked + weighted SHARK,Random 50% immutable,α = 1,1.0,393,1,0,False,,,,,,,False,26.026500000170927,No feasible counterfactual found.
German Credit,2,42,10,300,0.0001,50,most_parsimonious,Ranked + weighted SHARK,Random 50% immutable,α < 1,0.01,393,1,0,False,,,,,,,False,26.803299999755836,No feasible counterfactual found.
German Credit,2,42,10,300,0.0001,50,most_parsimonious,Ranked + weighted SHARK,Random 75% immutable,α = 1,1.0,393,1,0,False,,,,,,,False,4891.34839999997,No feasible counterfactual found.
German Credit,2,42,10,300,0.0001,50,most_parsimonious,Ranked + weighted SHARK,Random 75% immutable,α < 1,0.01,393,1,0,False,,,,,,,False,4927.9726999998275,No feasible counterfactual found.
German Credit,2,42,10,300,0.0001,50,most_parsimonious,Ranked + weighted SHARK,All features mutable,α = 1,1.0,496,1,0,True,1.0,1.0,6.510416657866947,2.551551813674818,2.0000000013515895,1.0000000013515895,True,1.3528999998015934,Optimization terminated successfully
German Credit,2,42,10,300,0.0001,50,most_parsimonious,Ranked + weighted SHARK,All features mutable,α < 1,0.01,496,1,0,False,,,,,,,False,168.1148999996367,No feasible counterfactual found.
German Credit,2,42,10,300,0.0001,50,most_parsimonious,Ranked + weighted SHARK,Random 25% immutable,α = 1,1.0,496,1,0,True,1.0,1.0,6.510416657866947,2.551551813674818,2.0000000013515895,1.0000000013515895,True,1.261400000203139,Optimization terminated successfully
German Credit,2,42,10,300,0.0001,50,most_parsimonious,Ranked + weighted SHARK,Random 25% immutable,α < 1,0.01,496,1,0,False,,,,,,,False,98.876300000029,No feasible counterfactual found.
German Credit,2,42,10,300,0.0001,50,most_parsimonious,Ranked + weighted SHARK,Random 50% immutable,α = 1,1.0,496,1,0,False,,,,,,,False,12337.747300000046,No feasible counterfactual found.
German Credit,2,42,10,300,0.0001,50,most_parsimonious,Ranked + weighted SHARK,Random 50% immutable,α < 1,0.01,496,1,0,False,,,,,,,False,12589.4816,No feasible counterfactual found.
German Credit,2,42,10,300,0.0001,50,most_parsimonious,Ranked + weighted SHARK,Random 75% immutable,α = 1,1.0,496,1,0,False,,,,,,,False,5365.713300000152,No feasible counterfactual found.
German Credit,2,42,10,300,0.0001,50,most_parsimonious,Ranked + weighted SHARK,Random 75% immutable,α < 1,0.01,496,1,0,False,,,,,,,False,5275.417999999718,No feasible counterfactual found.
German Credit,2,42,10,300,0.0001,50,most_parsimonious,Ranked + weighted SHARK,All features mutable,α = 1,1.0,436,1,0,True,1.0,1.0,6.51041666666636,2.5515518153991437,2.0,1.0,True,1.7526999999972759,Optimization terminated successfully
German Credit,2,42,10,300,0.0001,50,most_parsimonious,Ranked + weighted SHARK,All features mutable,α < 1,0.01,436,1,0,True,1.0,1.0,25.78190104166583,5.077588112644333,1.0050251256281333,0.005025125628133287,True,1.5733000000182074,Optimization terminated successfully
German Credit,2,42,10,300,0.0001,50,most_parsimonious,Ranked + weighted SHARK,Random 25% immutable,α = 1,1.0,436,1,0,True,1.0,1.0,6.51041666666636,2.5515518153991437,2.0,1.0,True,1.5436999997291423,Optimization terminated successfully
German Credit,2,42,10,300,0.0001,50,most_parsimonious,Ranked + weighted SHARK,Random 25% immutable,α < 1,0.01,436,1,0,True,1.0,1.0,25.78190104166583,5.077588112644333,1.0050251256281333,0.005025125628133287,True,1.5570999998999469,Optimization terminated successfully
German Credit,2,42,10,300,0.0001,50,most_parsimonious,Ranked + weighted SHARK,Random 50% immutable,α = 1,1.0,436,1,0,False,,,,,,,False,12868.369000000257,No feasible counterfactual found.
German Credit,2,42,10,300,0.0001,50,most_parsimonious,Ranked + weighted SHARK,Random 50% immutable,α < 1,0.01,436,1,0,False,,,,,,,False,12503.583400000025,No feasible counterfactual found.
German Credit,2,42,10,300,0.0001,50,most_parsimonious,Ranked + weighted SHARK,Random 75% immutable,α = 1,1.0,436,1,0,True,1.0,1.0,6.51041666666636,2.5515518153991437,2.0,1.0,True,1.4773999996577913,Optimization terminated successfully
German Credit,2,42,10,300,0.0001,50,most_parsimonious,Ranked + weighted SHARK,Random 75% immutable,α < 1,0.01,436,1,0,True,1.0,1.0,25.78190104166583,5.077588112644333,1.0050251256281333,0.005025125628133287,True,1.5084999999999127,Optimization terminated successfully
German Credit,2,42,10,300,0.0001,50,most_parsimonious,Ranked + weighted SHARK,All features mutable,α = 1,1.0,84,1,0,True,1.0,1.0,6.510416666666395,2.5515518153991508,1.9999999999999944,0.9999999999999944,True,1.4868999996906496,Optimization terminated successfully
German Credit,2,42,10,300,0.0001,50,most_parsimonious,Ranked + weighted SHARK,All features mutable,α < 1,0.01,84,1,0,False,,,,,,,False,167.5887999999759,No feasible counterfactual found.
German Credit,2,42,10,300,0.0001,50,most_parsimonious,Ranked + weighted SHARK,Random 25% immutable,α = 1,1.0,84,1,0,False,,,,,,,False,23754.737100000057,No feasible counterfactual found.
German Credit,2,42,10,300,0.0001,50,most_parsimonious,Ranked + weighted SHARK,Random 25% immutable,α < 1,0.01,84,1,0,False,,,,,,,False,22637.758100000156,No feasible counterfactual found.
German Credit,2,42,10,300,0.0001,50,most_parsimonious,Ranked + weighted SHARK,Random 50% immutable,α = 1,1.0,84,1,0,False,,,,,,,False,13070.700000000215,No feasible counterfactual found.
German Credit,2,42,10,300,0.0001,50,most_parsimonious,Ranked + weighted SHARK,Random 50% immutable,α < 1,0.01,84,1,0,False,,,,,,,False,12641.42240000001,No feasible counterfactual found.
German Credit,2,42,10,300,0.0001,50,most_parsimonious,Ranked + weighted SHARK,Random 75% immutable,α = 1,1.0,84,1,0,True,1.0,1.0,6.510416666666395,2.5515518153991508,1.9999999999999944,0.9999999999999944,True,1.5841999997974199,Optimization terminated successfully
German Credit,2,42,10,300,0.0001,50,most_parsimonious,Ranked + weighted SHARK,Random 75% immutable,α < 1,0.01,84,1,0,False,,,,,,,False,22.59390000017447,No feasible counterfactual found.
German Credit,2,42,10,300,0.0001,50,most_parsimonious,Ranked + weighted SHARK,All features mutable,α = 1,1.0,778,1,0,True,1.0,1.0,6.5104166578670375,2.551551813674836,2.0000000013515757,1.0000000013515757,True,1.3173000002097979,Optimization terminated successfully
German Credit,2,42,10,300,0.0001,50,most_parsimonious,Ranked + weighted SHARK,All features mutable,α < 1,0.01,778,1,0,False,,,,,,,False,169.79410000021744,No feasible counterfactual found.
German Credit,2,42,10,300,0.0001,50,most_parsimonious,Ranked + weighted SHARK,Random 25% immutable,α = 1,1.0,778,1,0,True,1.0,1.0,6.5104166578670375,2.551551813674836,2.0000000013515757,1.0000000013515757,True,1.224999999976717,Optimization terminated successfully
German Credit,2,42,10,300,0.0001,50,most_parsimonious,Ranked + weighted SHARK,Random 25% immutable,α < 1,0.01,778,1,0,False,,,,,,,False,102.4491999996826,No feasible counterfactual found.
German Credit,2,42,10,300,0.0001,50,most_parsimonious,Ranked + weighted SHARK,Random 50% immutable,α = 1,1.0,778,1,0,True,1.0,1.0,6.5104166578670375,2.551551813674836,2.0000000013515757,1.0000000013515757,True,1.3367999999900348,Optimization terminated successfully
German Credit,2,42,10,300,0.0001,50,most_parsimonious,Ranked + weighted SHARK,Random 50% immutable,α < 1,0.01,778,1,0,False,,,,,,,False,54.01529999971899,No feasible counterfactual found.
German Credit,2,42,10,300,0.0001,50,most_parsimonious,Ranked + weighted SHARK,Random 75% immutable,α = 1,1.0,778,1,0,False,,,,,,,False,4199.302799999714,No feasible counterfactual found.
German Credit,2,42,10,300,0.0001,50,most_parsimonious,Ranked + weighted SHARK,Random 75% immutable,α < 1,0.01,778,1,0,False,,,,,,,False,4191.424500000267,No feasible counterfactual found.
German Credit,2,42,10,300,0.0001,50,most_parsimonious,Ranked + weighted SHARK,All features mutable,α = 1,1.0,966,1,0,True,1.0,1.0,6.510416666666341,2.55155181539914,2.0000000000000027,1.0000000000000027,True,1.5111999996406666,Optimization terminated successfully
German Credit,2,42,10,300,0.0001,50,most_parsimonious,Ranked + weighted SHARK,All features mutable,α < 1,0.01,966,1,0,False,,,,,,,False,179.27819999977146,No feasible counterfactual found.
German Credit,2,42,10,300,0.0001,50,most_parsimonious,Ranked + weighted SHARK,Random 25% immutable,α = 1,1.0,966,1,0,True,1.0,1.0,6.510416666666341,2.55155181539914,2.0000000000000027,1.0000000000000027,True,1.4645999999629566,Optimization terminated successfully
German Credit,2,42,10,300,0.0001,50,most_parsimonious,Ranked + weighted SHARK,Random 25% immutable,α < 1,0.01,966,1,0,False,,,,,,,False,105.2082999999584,No feasible counterfactual found.
German Credit,2,42,10,300,0.0001,50,most_parsimonious,Ranked + weighted SHARK,Random 50% immutable,α = 1,1.0,966,1,0,True,1.0,1.0,6.510416666666341,2.55155181539914,2.0000000000000027,1.0000000000000027,True,1.534699999865552,Optimization terminated successfully
German Credit,2,42,10,300,0.0001,50,most_parsimonious,Ranked + weighted SHARK,Random 50% immutable,α < 1,0.01,966,1,0,False,,,,,,,False,54.194100000131584,No feasible counterfactual found.
German Credit,2,42,10,300,0.0001,50,most_parsimonious,Ranked + weighted SHARK,Random 75% immutable,α = 1,1.0,966,1,0,True,1.0,1.0,6.510416666666341,2.55155181539914,2.0000000000000027,1.0000000000000027,True,1.5690000000176951,Optimization terminated successfully
German Credit,2,42,10,300,0.0001,50,most_parsimonious,Ranked + weighted SHARK,Random 75% immutable,α < 1,0.01,966,1,0,False,,,,,,,False,21.275299999615527,No feasible counterfactual found.
German Credit,2,42,10,300,0.0001,50,most_parsimonious,Ranked + weighted SHARK,All features mutable,α = 1,1.0,628,1,0,True,1.0,1.0,6.5104166578670375,2.551551813674836,2.0000000013515757,1.0000000013515757,True,1.277000000300177,Optimization terminated successfully
German Credit,2,42,10,300,0.0001,50,most_parsimonious,Ranked + weighted SHARK,All features mutable,α < 1,0.01,628,1,0,False,,,,,,,False,172.40710000032777,No feasible counterfactual found.
German Credit,2,42,10,300,0.0001,50,most_parsimonious,Ranked + weighted SHARK,Random 25% immutable,α = 1,1.0,628,1,0,True,1.0,1.0,6.5104166578670375,2.551551813674836,2.0000000013515757,1.0000000013515757,True,1.3085999999020714,Optimization terminated successfully
German Credit,2,42,10,300,0.0001,50,most_parsimonious,Ranked + weighted SHARK,Random 25% immutable,α < 1,0.01,628,1,0,False,,,,,,,False,104.55819999970117,No feasible counterfactual found.
German Credit,2,42,10,300,0.0001,50,most_parsimonious,Ranked + weighted SHARK,Random 50% immutable,α = 1,1.0,628,1,0,True,1.0,1.0,6.5104166578670375,2.551551813674836,2.0000000013515757,1.0000000013515757,True,1.2298999999984517,Optimization terminated successfully
German Credit,2,42,10,300,0.0001,50,most_parsimonious,Ranked + weighted SHARK,Random 50% immutable,α < 1,0.01,628,1,0,False,,,,,,,False,53.496699999868724,No feasible counterfactual found.
German Credit,2,42,10,300,0.0001,50,most_parsimonious,Ranked + weighted SHARK,Random 75% immutable,α = 1,1.0,628,1,0,True,1.0,1.0,6.5104166578670375,2.551551813674836,2.0000000013515757,1.0000000013515757,True,1.1994999999842548,Optimization terminated successfully
German Credit,2,42,10,300,0.0001,50,most_parsimonious,Ranked + weighted SHARK,Random 75% immutable,α < 1,0.01,628,1,0,False,,,,,,,False,20.101699999941047,No feasible counterfactual found.
German Credit,2,42,10,300,0.0001,50,most_parsimonious,Ranked + weighted SHARK,All features mutable,α = 1,1.0,695,1,0,True,1.0,1.0,6.510416666666395,2.5515518153991508,1.9999999999999944,0.9999999999999944,True,1.4249999999265128,Optimization terminated successfully
German Credit,2,42,10,300,0.0001,50,most_parsimonious,Ranked + weighted SHARK,All features mutable,α < 1,0.01,695,1,0,False,,,,,,,False,171.80340000004435,No feasible counterfactual found.
German Credit,2,42,10,300,0.0001,50,most_parsimonious,Ranked + weighted SHARK,Random 25% immutable,α = 1,1.0,695,1,0,False,,,,,,,False,23814.052900000206,No feasible counterfactual found.
German Credit,2,42,10,300,0.0001,50,most_parsimonious,Ranked + weighted SHARK,Random 25% immutable,α < 1,0.01,695,1,0,False,,,,,,,False,22388.819099999637,No feasible counterfactual found.
German Credit,2,42,10,300,0.0001,50,most_parsimonious,Ranked + weighted SHARK,Random 50% immutable,α = 1,1.0,695,1,0,True,1.0,1.0,6.510416666666395,2.5515518153991508,1.9999999999999944,0.9999999999999944,True,1.5290000001186854,Optimization terminated successfully
German Credit,2,42,10,300,0.0001,50,most_parsimonious,Ranked + weighted SHARK,Random 50% immutable,α < 1,0.01,695,1,0,False,,,,,,,False,55.9862999998586,No feasible counterfactual found.
German Credit,2,42,10,300,0.0001,50,most_parsimonious,Ranked + weighted SHARK,Random 75% immutable,α = 1,1.0,695,1,0,False,,,,,,,False,2060.1314999998976,No feasible counterfactual found.
German Credit,2,42,10,300,0.0001,50,most_parsimonious,Ranked + weighted SHARK,Random 75% immutable,α < 1,0.01,695,1,0,False,,,,,,,False,2151.8499999997402,No feasible counterfactual found.
German Credit,2,42,10,300,0.0001,50,most_parsimonious,Ranked + weighted SHARK,All features mutable,α = 1,1.0,273,1,0,True,1.0,1.0,6.5104166578670375,2.551551813674836,2.0000000013515757,1.0000000013515757,True,2.048299999842129,Optimization terminated successfully
German Credit,2,42,10,300,0.0001,50,most_parsimonious,Ranked + weighted SHARK,All features mutable,α < 1,0.01,273,1,0,False,,,,,,,False,185.71950000023207,No feasible counterfactual found.
German Credit,2,42,10,300,0.0001,50,most_parsimonious,Ranked + weighted SHARK,Random 25% immutable,α = 1,1.0,273,1,0,True,1.0,1.0,6.5104166578670375,2.551551813674836,2.0000000013515757,1.0000000013515757,True,1.2916999999106338,Optimization terminated successfully
German Credit,2,42,10,300,0.0001,50,most_parsimonious,Ranked + weighted SHARK,Random 25% immutable,α < 1,0.01,273,1,0,False,,,,,,,False,106.36449999992692,No feasible counterfactual found.
German Credit,2,42,10,300,0.0001,50,most_parsimonious,Ranked + weighted SHARK,Random 50% immutable,α = 1,1.0,273,1,0,False,,,,,,,False,12288.870099999713,No feasible counterfactual found.
German Credit,2,42,10,300,0.0001,50,most_parsimonious,Ranked + weighted SHARK,Random 50% immutable,α < 1,0.01,273,1,0,False,,,,,,,False,12282.610900000236,No feasible counterfactual found.
German Credit,2,42,10,300,0.0001,50,most_parsimonious,Ranked + weighted SHARK,Random 75% immutable,α = 1,1.0,273,1,0,False,,,,,,,False,2526.0057000000415,No feasible counterfactual found.
German Credit,2,42,10,300,0.0001,50,most_parsimonious,Ranked + weighted SHARK,Random 75% immutable,α < 1,0.01,273,1,0,False,,,,,,,False,3271.851599999991,No feasible counterfactual found.
German Credit,2,42,10,300,0.0001,50,most_parsimonious,Ranked + weighted SHARK,All features mutable,α = 1,1.0,444,1,0,True,1.0,1.0,6.510416657866947,2.551551813674818,2.0000000013515895,1.0000000013515895,True,1.7416999999113614,Optimization terminated successfully
German Credit,2,42,10,300,0.0001,50,most_parsimonious,Ranked + weighted SHARK,All features mutable,α < 1,0.01,444,1,0,False,,,,,,,False,245.02510000002076,No feasible counterfactual found.
German Credit,2,42,10,300,0.0001,50,most_parsimonious,Ranked + weighted SHARK,Random 25% immutable,α = 1,1.0,444,1,0,True,1.0,1.0,6.510416657866947,2.551551813674818,2.0000000013515895,1.0000000013515895,True,1.9965000001320732,Optimization terminated successfully
German Credit,2,42,10,300,0.0001,50,most_parsimonious,Ranked + weighted SHARK,Random 25% immutable,α < 1,0.01,444,1,0,False,,,,,,,False,153.3990000002632,No feasible counterfactual found.
German Credit,2,42,10,300,0.0001,50,most_parsimonious,Ranked + weighted SHARK,Random 50% immutable,α = 1,1.0,444,1,0,True,1.0,1.0,6.510416657866947,2.551551813674818,2.0000000013515895,1.0000000013515895,True,1.7617999997128209,Optimization terminated successfully
German Credit,2,42,10,300,0.0001,50,most_parsimonious,Ranked + weighted SHARK,Random 50% immutable,α < 1,0.01,444,1,0,False,,,,,,,False,81.9840999997723,No feasible counterfactual found.
German Credit,2,42,10,300,0.0001,50,most_parsimonious,Ranked + weighted SHARK,Random 75% immutable,α = 1,1.0,444,1,0,True,1.0,1.0,6.510416657866947,2.551551813674818,2.0000000013515895,1.0000000013515895,True,1.7514000001028762,Optimization terminated successfully
German Credit,2,42,10,300,0.0001,50,most_parsimonious,Ranked + weighted SHARK,Random 75% immutable,α < 1,0.01,444,1,0,False,,,,,,,False,30.239199999869015,No feasible counterfactual found.
German Credit,2,42,10,300,0.0001,50,most_parsimonious,Ranked + weighted SHARK,All features mutable,α = 1,1.0,352,1,0,True,1.0,1.0,6.510416666666341,2.55155181539914,2.0000000000000027,1.0000000000000027,True,2.1412000000964326,Optimization terminated successfully
German Credit,2,42,10,300,0.0001,50,most_parsimonious,Ranked + weighted SHARK,All features mutable,α < 1,0.01,352,1,0,False,,,,,,,False,246.2071999998443,No feasible counterfactual found.
German Credit,2,42,10,300,0.0001,50,most_parsimonious,Ranked + weighted SHARK,Random 25% immutable,α = 1,1.0,352,1,0,True,1.0,1.0,6.510416666666341,2.55155181539914,2.0000000000000027,1.0000000000000027,True,2.5157000000035623,Optimization terminated successfully
German Credit,2,42,10,300,0.0001,50,most_parsimonious,Ranked + weighted SHARK,Random 25% immutable,α < 1,0.01,352,1,0,False,,,,,,,False,150.03760000035982,No feasible counterfactual found.
German Credit,2,42,10,300,0.0001,50,most_parsimonious,Ranked + weighted SHARK,Random 50% immutable,α = 1,1.0,352,1,0,True,1.0,1.0,6.510416666666341,2.55155181539914,2.0000000000000027,1.0000000000000027,True,1.9841999996970117,Optimization terminated successfully
German Credit,2,42,10,300,0.0001,50,most_parsimonious,Ranked + weighted SHARK,Random 50% immutable,α < 1,0.01,352,1,0,False,,,,,,,False,78.97589999993215,No feasible counterfactual found.
German Credit,2,42,10,300,0.0001,50,most_parsimonious,Ranked + weighted SHARK,Random 75% immutable,α = 1,1.0,352,1,0,False,,,,,,,False,14.862900000025547,No feasible counterfactual found.
German Credit,2,42,10,300,0.0001,50,most_parsimonious,Ranked + weighted SHARK,Random 75% immutable,α < 1,0.01,352,1,0,False,,,,,,,False,37.5557000002118,No feasible counterfactual found.
German Credit,2,42,10,300,0.0001,50,most_parsimonious,Ranked + weighted SHARK,All features mutable,α = 1,1.0,677,1,0,True,1.0,1.0,6.510416666666354,2.5515518153991428,2.000000000000001,1.0000000000000009,True,3.681400000004942,Optimization terminated successfully
German Credit,2,42,10,300,0.0001,50,most_parsimonious,Ranked + weighted SHARK,All features mutable,α < 1,0.01,677,1,0,False,,,,,,,False,176.65549999992436,No feasible counterfactual found.
German Credit,2,42,10,300,0.0001,50,most_parsimonious,Ranked + weighted SHARK,Random 25% immutable,α = 1,1.0,677,1,0,False,,,,,,,False,2034.239399999933,No feasible counterfactual found.
German Credit,2,42,10,300,0.0001,50,most_parsimonious,Ranked + weighted SHARK,Random 25% immutable,α < 1,0.01,677,1,0,False,,,,,,,False,2006.9963999999345,No feasible counterfactual found.
German Credit,2,42,10,300,0.0001,50,most_parsimonious,Ranked + weighted SHARK,Random 50% immutable,α = 1,1.0,677,1,0,True,1.0,1.0,6.510416666666354,2.5515518153991428,2.000000000000001,1.0000000000000009,True,2.956899999844609,Optimization terminated successfully
German Credit,2,42,10,300,0.0001,50,most_parsimonious,Ranked + weighted SHARK,Random 50% immutable,α < 1,0.01,677,1,0,False,,,,,,,False,55.67730000029769,No feasible counterfactual found.
German Credit,2,42,10,300,0.0001,50,most_parsimonious,Ranked + weighted SHARK,Random 75% immutable,α = 1,1.0,677,1,0,False,,,,,,,False,2562.4901000001046,No feasible counterfactual found.
German Credit,2,42,10,300,0.0001,50,most_parsimonious,Ranked + weighted SHARK,Random 75% immutable,α < 1,0.01,677,1,0,False,,,,,,,False,2538.3821999998872,No feasible counterfactual found.
German Credit,2,42,10,300,0.0001,50,most_parsimonious,Ranked + weighted SHARK,All features mutable,α = 1,1.0,413,1,0,True,1.0,1.0,6.510416657866961,2.5515518136748208,2.0000000013515877,1.0000000013515877,True,1.334000000042579,Optimization terminated successfully
German Credit,2,42,10,300,0.0001,50,most_parsimonious,Ranked + weighted SHARK,All features mutable,α < 1,0.01,413,1,0,False,,,,,,,False,175.2137000003131,No feasible counterfactual found.
German Credit,2,42,10,300,0.0001,50,most_parsimonious,Ranked + weighted SHARK,Random 25% immutable,α = 1,1.0,413,1,0,True,1.0,1.0,6.510416657866961,2.5515518136748208,2.0000000013515877,1.0000000013515877,True,1.171899999917514,Optimization terminated successfully
German Credit,2,42,10,300,0.0001,50,most_parsimonious,Ranked + weighted SHARK,Random 25% immutable,α < 1,0.01,413,1,0,False,,,,,,,False,103.60750000018015,No feasible counterfactual found.
German Credit,2,42,10,300,0.0001,50,most_parsimonious,Ranked + weighted SHARK,Random 50% immutable,α = 1,1.0,413,1,0,True,1.0,1.0,6.510416657866961,2.5515518136748208,2.0000000013515877,1.0000000013515877,True,1.2645000001612061,Optimization terminated successfully
German Credit,2,42,10,300,0.0001,50,most_parsimonious,Ranked + weighted SHARK,Random 50% immutable,α < 1,0.01,413,1,0,False,,,,,,,False,55.7106000001113,No feasible counterfactual found.
German Credit,2,42,10,300,0.0001,50,most_parsimonious,Ranked + weighted SHARK,Random 75% immutable,α = 1,1.0,413,1,0,False,,,,,,,False,5478.8793999996415,No feasible counterfactual found.
German Credit,2,42,10,300,0.0001,50,most_parsimonious,Ranked + weighted SHARK,Random 75% immutable,α < 1,0.01,413,1,0,False,,,,,,,False,5516.655399999763,No feasible counterfactual found.
German Credit,2,42,10,300,0.0001,50,most_parsimonious,Ranked + weighted SHARK,All features mutable,α = 1,1.0,67,1,0,True,1.0,1.0,6.510416661848744,2.5515518144550877,2.000000000739986,1.0000000007399859,True,6.404199999906268,Optimization terminated successfully
German Credit,2,42,10,300,0.0001,50,most_parsimonious,Ranked + weighted SHARK,All features mutable,α < 1,0.01,67,1,0,True,1.0,1.0,25.781901041665513,5.077588112644302,1.0050251256281395,0.005025125628139504,True,1.6923000002861954,Optimization terminated successfully
German Credit,2,42,10,300,0.0001,50,most_parsimonious,Ranked + weighted SHARK,Random 25% immutable,α = 1,1.0,67,1,0,False,,,,,,,False,24135.62469999988,No feasible counterfactual found.
German Credit,2,42,10,300,0.0001,50,most_parsimonious,Ranked + weighted SHARK,Random 25% immutable,α < 1,0.01,67,1,0,False,,,,,,,False,23250.643700000182,No feasible counterfactual found.
German Credit,2,42,10,300,0.0001,50,most_parsimonious,Ranked + weighted SHARK,Random 50% immutable,α = 1,1.0,67,1,0,True,1.0,1.0,6.510416661848744,2.5515518144550877,2.000000000739986,1.0000000007399859,True,6.47030000027371,Optimization terminated successfully
German Credit,2,42,10,300,0.0001,50,most_parsimonious,Ranked + weighted SHARK,Random 50% immutable,α < 1,0.01,67,1,0,True,1.0,1.0,25.781901041665513,5.077588112644302,1.0050251256281395,0.005025125628139504,True,1.6676999998708197,Optimization terminated successfully
German Credit,2,42,10,300,0.0001,50,most_parsimonious,Ranked + weighted SHARK,Random 75% immutable,α = 1,1.0,67,1,0,False,,,,,,,False,11.077600000135135,No feasible counterfactual found.
German Credit,2,42,10,300,0.0001,50,most_parsimonious,Ranked + weighted SHARK,Random 75% immutable,α < 1,0.01,67,1,0,False,,,,,,,False,10.74930000004315,No feasible counterfactual found.
German Credit,2,42,10,300,0.0001,50,most_parsimonious,Ranked + weighted SHARK,All features mutable,α = 1,1.0,759,1,0,True,1.0,1.0,6.5104166578670375,2.551551813674836,2.0000000013515757,1.0000000013515757,True,1.3672999998561863,Optimization terminated successfully
German Credit,2,42,10,300,0.0001,50,most_parsimonious,Ranked + weighted SHARK,All features mutable,α < 1,0.01,759,1,0,False,,,,,,,False,167.51239999985046,No feasible counterfactual found.
German Credit,2,42,10,300,0.0001,50,most_parsimonious,Ranked + weighted SHARK,Random 25% immutable,α = 1,1.0,759,1,0,True,1.0,1.0,6.5104166578670375,2.551551813674836,2.0000000013515757,1.0000000013515757,True,1.2394999998832645,Optimization terminated successfully
German Credit,2,42,10,300,0.0001,50,most_parsimonious,Ranked + weighted SHARK,Random 25% immutable,α < 1,0.01,759,1,0,False,,,,,,,False,104.89359999974113,No feasible counterfactual found.
German Credit,2,42,10,300,0.0001,50,most_parsimonious,Ranked + weighted SHARK,Random 50% immutable,α = 1,1.0,759,1,0,True,1.0,1.0,6.5104166578670375,2.551551813674836,2.0000000013515757,1.0000000013515757,True,1.2694000001829409,Optimization terminated successfully
German Credit,2,42,10,300,0.0001,50,most_parsimonious,Ranked + weighted SHARK,Random 50% immutable,α < 1,0.01,759,1,0,False,,,,,,,False,55.64100000037797,No feasible counterfactual found.
German Credit,2,42,10,300,0.0001,50,most_parsimonious,Ranked + weighted SHARK,Random 75% immutable,α = 1,1.0,759,1,0,False,,,,,,,False,1576.6820999997435,No feasible counterfactual found.
German Credit,2,42,10,300,0.0001,50,most_parsimonious,Ranked + weighted SHARK,Random 75% immutable,α < 1,0.01,759,1,0,False,,,,,,,False,1604.298799999924,No feasible counterfactual found.
German Credit,2,42,10,300,0.0001,50,most_parsimonious,Ranked + weighted SHARK,All features mutable,α = 1,1.0,505,1,0,True,1.0,1.0,6.51041666666636,2.5515518153991437,2.0,1.0,True,2.993300000071031,Optimization terminated successfully
German Credit,2,42,10,300,0.0001,50,most_parsimonious,Ranked + weighted SHARK,All features mutable,α < 1,0.01,505,1,0,True,1.0,1.0,25.78190104166582,5.0775881126443325,1.0050251256281335,0.005025125628133509,True,1.661300000250776,Optimization terminated successfully
German Credit,2,42,10,300,0.0001,50,most_parsimonious,Ranked + weighted SHARK,Random 25% immutable,α = 1,1.0,505,1,0,True,1.0,1.0,6.51041666666636,2.5515518153991437,2.0,1.0,True,2.7135000000271248,Optimization terminated successfully
German Credit,2,42,10,300,0.0001,50,most_parsimonious,Ranked + weighted SHARK,Random 25% immutable,α < 1,0.01,505,1,0,True,1.0,1.0,25.78190104166582,5.0775881126443325,1.0050251256281335,0.005025125628133509,True,1.445000000330765,Optimization terminated successfully
German Credit,2,42,10,300,0.0001,50,most_parsimonious,Ranked + weighted SHARK,Random 50% immutable,α = 1,1.0,505,1,0,True,1.0,1.0,6.51041666666636,2.5515518153991437,2.0,1.0,True,2.69529999968654,Optimization terminated successfully
German Credit,2,42,10,300,0.0001,50,most_parsimonious,Ranked + weighted SHARK,Random 50% immutable,α < 1,0.01,505,1,0,True,1.0,1.0,25.78190104166582,5.0775881126443325,1.0050251256281335,0.005025125628133509,True,1.4875000001666194,Optimization terminated successfully
German Credit,2,42,10,300,0.0001,50,most_parsimonious,Ranked + weighted SHARK,Random 75% immutable,α = 1,1.0,505,1,0,False,,,,,,,False,10.2681999997003,No feasible counterfactual found.
German Credit,2,42,10,300,0.0001,50,most_parsimonious,Ranked + weighted SHARK,Random 75% immutable,α < 1,0.01,505,1,0,False,,,,,,,False,9.81560000036552,No feasible counterfactual found.
German Credit,2,42,10,300,0.0001,50,most_parsimonious,Ranked + weighted SHARK,All features mutable,α = 1,1.0,485,1,0,True,1.0,1.0,6.5104166666663295,2.551551815399138,2.0000000000000044,1.0000000000000044,True,1.5470999996978207,Optimization terminated successfully
German Credit,2,42,10,300,0.0001,50,most_parsimonious,Ranked + weighted SHARK,All features mutable,α < 1,0.01,485,1,0,False,,,,,,,False,174.05960000041887,No feasible counterfactual found.
German Credit,2,42,10,300,0.0001,50,most_parsimonious,Ranked + weighted SHARK,Random 25% immutable,α = 1,1.0,485,1,0,True,1.0,1.0,6.5104166666663295,2.551551815399138,2.0000000000000044,1.0000000000000044,True,1.6237999998338637,Optimization terminated successfully
German Credit,2,42,10,300,0.0001,50,most_parsimonious,Ranked + weighted SHARK,Random 25% immutable,α < 1,0.01,485,1,0,False,,,,,,,False,109.86830000001646,No feasible counterfactual found.
German Credit,2,42,10,300,0.0001,50,most_parsimonious,Ranked + weighted SHARK,Random 50% immutable,α = 1,1.0,485,1,0,False,,,,,,,False,3662.824300000011,No feasible counterfactual found.
German Credit,2,42,10,300,0.0001,50,most_parsimonious,Ranked + weighted SHARK,Random 50% immutable,α < 1,0.01,485,1,0,False,,,,,,,False,3582.51939999991,No feasible counterfactual found.
German Credit,2,42,10,300,0.0001,50,most_parsimonious,Ranked + weighted SHARK,Random 75% immutable,α = 1,1.0,485,1,0,True,1.0,1.0,6.5104166666663295,2.551551815399138,2.0000000000000044,1.0000000000000044,True,1.6382999997404113,Optimization terminated successfully
German Credit,2,42,10,300,0.0001,50,most_parsimonious,Ranked + weighted SHARK,Random 75% immutable,α < 1,0.01,485,1,0,False,,,,,,,False,23.75320000010106,No feasible counterfactual found.
German Credit,2,42,10,300,0.0001,50,most_parsimonious,Ranked + weighted SHARK,All features mutable,α = 1,1.0,752,1,0,True,1.0,1.0,6.5104166578670375,2.551551813674836,2.0000000013515757,1.0000000013515757,True,1.2351999998827523,Optimization terminated successfully
German Credit,2,42,10,300,0.0001,50,most_parsimonious,Ranked + weighted SHARK,All features mutable,α < 1,0.01,752,1,0,False,,,,,,,False,181.67270000003555,No feasible counterfactual found.
German Credit,2,42,10,300,0.0001,50,most_parsimonious,Ranked + weighted SHARK,Random 25% immutable,α = 1,1.0,752,1,0,False,,,,,,,False,23010.308800000075,No feasible counterfactual found.
German Credit,2,42,10,300,0.0001,50,most_parsimonious,Ranked + weighted SHARK,Random 25% immutable,α < 1,0.01,752,1,0,False,,,,,,,False,23558.680699999968,No feasible counterfactual found.
German Credit,2,42,10,300,0.0001,50,most_parsimonious,Ranked + weighted SHARK,Random 50% immutable,α = 1,1.0,752,1,0,False,,,,,,,False,11197.852699999657,No feasible counterfactual found.
German Credit,2,42,10,300,0.0001,50,most_parsimonious,Ranked + weighted SHARK,Random 50% immutable,α < 1,0.01,752,1,0,False,,,,,,,False,11299.902599999768,No feasible counterfactual found.
German Credit,2,42,10,300,0.0001,50,most_parsimonious,Ranked + weighted SHARK,Random 75% immutable,α = 1,1.0,752,1,0,True,1.0,1.0,6.5104166578670375,2.551551813674836,2.0000000013515757,1.0000000013515757,True,1.262100000076316,Optimization terminated successfully
German Credit,2,42,10,300,0.0001,50,most_parsimonious,Ranked + weighted SHARK,Random 75% immutable,α < 1,0.01,752,1,0,False,,,,,,,False,21.383300000252348,No feasible counterfactual found.
German Credit,2,42,10,300,0.0001,50,most_parsimonious,Ranked + weighted SHARK,All features mutable,α = 1,1.0,193,1,0,True,1.0,1.0,6.51041666666638,2.5515518153991477,1.999999999999997,0.9999999999999969,True,1.5409000002364337,Optimization terminated successfully
German Credit,2,42,10,300,0.0001,50,most_parsimonious,Ranked + weighted SHARK,All features mutable,α < 1,0.01,193,1,0,True,1.0,1.0,25.78190104166583,5.077588112644333,1.0050251256281333,0.005025125628133287,True,1.5883999999459775,Optimization terminated successfully
German Credit,2,42,10,300,0.0001,50,most_parsimonious,Ranked + weighted SHARK,Random 25% immutable,α = 1,1.0,193,1,0,False,,,,,,,False,23981.46510000015,No feasible counterfactual found.
German Credit,2,42,10,300,0.0001,50,most_parsimonious,Ranked + weighted SHARK,Random 25% immutable,α < 1,0.01,193,1,0,False,,,,,,,False,23239.11769999995,No feasible counterfactual found.
German Credit,2,42,10,300,0.0001,50,most_parsimonious,Ranked + weighted SHARK,Random 50% immutable,α = 1,1.0,193,1,0,False,,,,,,,False,13362.381799999639,No feasible counterfactual found.
German Credit,2,42,10,300,0.0001,50,most_parsimonious,Ranked + weighted SHARK,Random 50% immutable,α < 1,0.01,193,1,0,False,,,,,,,False,13186.481100000037,No feasible counterfactual found.
German Credit,2,42,10,300,0.0001,50,most_parsimonious,Ranked + weighted SHARK,Random 75% immutable,α = 1,1.0,193,1,0,False,,,,,,,False,5529.131400000097,No feasible counterfactual found.
German Credit,2,42,10,300,0.0001,50,most_parsimonious,Ranked + weighted SHARK,Random 75% immutable,α < 1,0.01,193,1,0,False,,,,,,,False,5152.486499999668,No feasible counterfactual found.
German Credit,2,42,10,300,0.0001,50,most_parsimonious,Ranked + weighted SHARK,All features mutable,α = 1,1.0,813,1,0,True,1.0,1.0,6.510416657866947,2.551551813674818,2.0000000013515895,1.0000000013515895,True,1.563100000112172,Optimization terminated successfully
German Credit,2,42,10,300,0.0001,50,most_parsimonious,Ranked + weighted SHARK,All features mutable,α < 1,0.01,813,1,0,False,,,,,,,False,175.45670000026803,No feasible counterfactual found.
German Credit,2,42,10,300,0.0001,50,most_parsimonious,Ranked + weighted SHARK,Random 25% immutable,α = 1,1.0,813,1,0,True,1.0,1.0,6.510416657866947,2.551551813674818,2.0000000013515895,1.0000000013515895,True,1.342699999895558,Optimization terminated successfully
German Credit,2,42,10,300,0.0001,50,most_parsimonious,Ranked + weighted SHARK,Random 25% immutable,α < 1,0.01,813,1,0,False,,,,,,,False,105.06429999986722,No feasible counterfactual found.
German Credit,2,42,10,300,0.0001,50,most_parsimonious,Ranked + weighted SHARK,Random 50% immutable,α = 1,1.0,813,1,0,True,1.0,1.0,6.510416657866947,2.551551813674818,2.0000000013515895,1.0000000013515895,True,1.5124999999898137,Optimization terminated successfully
German Credit,2,42,10,300,0.0001,50,most_parsimonious,Ranked + weighted SHARK,Random 50% immutable,α < 1,0.01,813,1,0,False,,,,,,,False,57.87049999980809,No feasible counterfactual found.
German Credit,2,42,10,300,0.0001,50,most_parsimonious,Ranked + weighted SHARK,Random 75% immutable,α = 1,1.0,813,1,0,True,1.0,1.0,6.510416657866947,2.551551813674818,2.0000000013515895,1.0000000013515895,True,1.3526999996429367,Optimization terminated successfully
German Credit,2,42,10,300,0.0001,50,most_parsimonious,Ranked + weighted SHARK,Random 75% immutable,α < 1,0.01,813,1,0,False,,,,,,,False,22.46610000020155,No feasible counterfactual found.
German Credit,2,42,10,300,0.0001,50,most_parsimonious,Ranked + weighted SHARK,All features mutable,α = 1,1.0,545,1,0,True,1.0,1.0,6.5104166578670375,2.551551813674836,2.0000000013515757,1.0000000013515757,True,1.4467999999396852,Optimization terminated successfully
German Credit,2,42,10,300,0.0001,50,most_parsimonious,Ranked + weighted SHARK,All features mutable,α < 1,0.01,545,1,0,False,,,,,,,False,176.5599000000293,No feasible counterfactual found.
German Credit,2,42,10,300,0.0001,50,most_parsimonious,Ranked + weighted SHARK,Random 25% immutable,α = 1,1.0,545,1,0,True,1.0,1.0,6.5104166578670375,2.551551813674836,2.0000000013515757,1.0000000013515757,True,1.373900000089634,Optimization terminated successfully
German Credit,2,42,10,300,0.0001,50,most_parsimonious,Ranked + weighted SHARK,Random 25% immutable,α < 1,0.01,545,1,0,False,,,,,,,False,108.82430000037857,No feasible counterfactual found.
German Credit,2,42,10,300,0.0001,50,most_parsimonious,Ranked + weighted SHARK,Random 50% immutable,α = 1,1.0,545,1,0,True,1.0,1.0,6.5104166578670375,2.551551813674836,2.0000000013515757,1.0000000013515757,True,1.478399999996327,Optimization terminated successfully
German Credit,2,42,10,300,0.0001,50,most_parsimonious,Ranked + weighted SHARK,Random 50% immutable,α < 1,0.01,545,1,0,False,,,,,,,False,57.183099999747355,No feasible counterfactual found.
German Credit,2,42,10,300,0.0001,50,most_parsimonious,Ranked + weighted SHARK,Random 75% immutable,α = 1,1.0,545,1,0,False,,,,,,,False,5526.934200000142,No feasible counterfactual found.
German Credit,2,42,10,300,0.0001,50,most_parsimonious,Ranked + weighted SHARK,Random 75% immutable,α < 1,0.01,545,1,0,False,,,,,,,False,5558.270999999877,No feasible counterfactual found.
German Credit,2,42,10,300,0.0001,50,most_parsimonious,Ranked + weighted SHARK,All features mutable,α = 1,1.0,804,1,0,True,1.0,1.0,6.510416666666344,2.5515518153991406,2.000000000000002,1.0000000000000022,True,1.6865999996298342,Optimization terminated successfully
German Credit,2,42,10,300,0.0001,50,most_parsimonious,Ranked + weighted SHARK,All features mutable,α < 1,0.01,804,1,0,False,,,,,,,False,172.94380000021192,No feasible counterfactual found.
German Credit,2,42,10,300,0.0001,50,most_parsimonious,Ranked + weighted SHARK,Random 25% immutable,α = 1,1.0,804,1,0,True,1.0,1.0,6.510416666666344,2.5515518153991406,2.000000000000002,1.0000000000000022,True,1.46199999971941,Optimization terminated successfully
German Credit,2,42,10,300,0.0001,50,most_parsimonious,Ranked + weighted SHARK,Random 25% immutable,α < 1,0.01,804,1,0,False,,,,,,,False,107.86610000013752,No feasible counterfactual found.
German Credit,2,42,10,300,0.0001,50,most_parsimonious,Ranked + weighted SHARK,Random 50% immutable,α = 1,1.0,804,1,0,False,,,,,,,False,13127.722100000028,No feasible counterfactual found.
German Credit,2,42,10,300,0.0001,50,most_parsimonious,Ranked + weighted SHARK,Random 50% immutable,α < 1,0.01,804,1,0,False,,,,,,,False,13102.448999999979,No feasible counterfactual found.
German Credit,2,42,10,300,0.0001,50,most_parsimonious,Ranked + weighted SHARK,Random 75% immutable,α = 1,1.0,804,1,0,True,1.0,1.0,6.510416666666344,2.5515518153991406,2.000000000000002,1.0000000000000022,True,1.6880999996828905,Optimization terminated successfully
German Credit,2,42,10,300,0.0001,50,most_parsimonious,Ranked + weighted SHARK,Random 75% immutable,α < 1,0.01,804,1,0,False,,,,,,,False,23.26229999971474,No feasible counterfactual found.
German Credit,2,42,10,300,0.0001,50,most_parsimonious,Ranked + weighted SHARK,All features mutable,α = 1,1.0,163,1,0,True,1.0,1.0,6.5104166578670375,2.551551813674836,2.0000000013515757,1.0000000013515757,True,1.3686999996025406,Optimization terminated successfully
German Credit,2,42,10,300,0.0001,50,most_parsimonious,Ranked + weighted SHARK,All features mutable,α < 1,0.01,163,1,0,False,,,,,,,False,303.76209999985804,No feasible counterfactual found.
German Credit,2,42,10,300,0.0001,50,most_parsimonious,Ranked + weighted SHARK,Random 25% immutable,α = 1,1.0,163,1,0,False,,,,,,,False,23057.46330000011,No feasible counterfactual found.
German Credit,2,42,10,300,0.0001,50,most_parsimonious,Ranked + weighted SHARK,Random 25% immutable,α < 1,0.01,163,1,0,False,,,,,,,False,23757.465199999842,No feasible counterfactual found.
German Credit,2,42,10,300,0.0001,50,most_parsimonious,Ranked + weighted SHARK,Random 50% immutable,α = 1,1.0,163,1,0,False,,,,,,,False,12647.610900000018,No feasible counterfactual found.
German Credit,2,42,10,300,0.0001,50,most_parsimonious,Ranked + weighted SHARK,Random 50% immutable,α < 1,0.01,163,1,0,False,,,,,,,False,12761.497999999847,No feasible counterfactual found.
German Credit,2,42,10,300,0.0001,50,most_parsimonious,Ranked + weighted SHARK,Random 75% immutable,α = 1,1.0,163,1,0,False,,,,,,,False,11.161400000219146,No feasible counterfactual found.
German Credit,2,42,10,300,0.0001,50,most_parsimonious,Ranked + weighted SHARK,Random 75% immutable,α < 1,0.01,163,1,0,False,,,,,,,False,10.922400000254129,No feasible counterfactual found.
German Credit,2,42,10,300,0.0001,50,most_parsimonious,Ranked + weighted SHARK,All features mutable,α = 1,1.0,668,1,0,True,1.0,1.0,6.510416657866947,2.551551813674818,2.0000000013515895,1.0000000013515895,True,1.3637000001835986,Optimization terminated successfully
German Credit,2,42,10,300,0.0001,50,most_parsimonious,Ranked + weighted SHARK,All features mutable,α < 1,0.01,668,1,0,False,,,,,,,False,174.29340000035154,No feasible counterfactual found.
German Credit,2,42,10,300,0.0001,50,most_parsimonious,Ranked + weighted SHARK,Random 25% immutable,α = 1,1.0,668,1,0,True,1.0,1.0,6.510416657866947,2.551551813674818,2.0000000013515895,1.0000000013515895,True,1.386499999625812,Optimization terminated successfully
German Credit,2,42,10,300,0.0001,50,most_parsimonious,Ranked + weighted SHARK,Random 25% immutable,α < 1,0.01,668,1,0,False,,,,,,,False,108.6620999999468,No feasible counterfactual found.
German Credit,2,42,10,300,0.0001,50,most_parsimonious,Ranked + weighted SHARK,Random 50% immutable,α = 1,1.0,668,1,0,True,1.0,1.0,6.510416657866947,2.551551813674818,2.0000000013515895,1.0000000013515895,True,1.2919000000692904,Optimization terminated successfully
German Credit,2,42,10,300,0.0001,50,most_parsimonious,Ranked + weighted SHARK,Random 50% immutable,α < 1,0.01,668,1,0,False,,,,,,,False,58.29859999994369,No feasible counterfactual found.
German Credit,2,42,10,300,0.0001,50,most_parsimonious,Ranked + weighted SHARK,Random 75% immutable,α = 1,1.0,668,1,0,False,,,,,,,False,5144.9195000000145,No feasible counterfactual found.
German Credit,2,42,10,300,0.0001,50,most_parsimonious,Ranked + weighted SHARK,Random 75% immutable,α < 1,0.01,668,1,0,False,,,,,,,False,5193.217799999729,No feasible counterfactual found.
German Credit,2,42,10,300,0.0001,50,most_parsimonious,Ranked + weighted SHARK,All features mutable,α = 1,1.0,874,1,0,True,1.0,1.0,6.510416666666344,2.5515518153991406,2.000000000000002,1.0000000000000022,True,1.6869000000951928,Optimization terminated successfully
German Credit,2,42,10,300,0.0001,50,most_parsimonious,Ranked + weighted SHARK,All features mutable,α < 1,0.01,874,1,0,False,,,,,,,False,178.88900000025387,No feasible counterfactual found.
German Credit,2,42,10,300,0.0001,50,most_parsimonious,Ranked + weighted SHARK,Random 25% immutable,α = 1,1.0,874,1,0,True,1.0,1.0,6.510416666666344,2.5515518153991406,2.000000000000002,1.0000000000000022,True,1.6161999997166276,Optimization terminated successfully
German Credit,2,42,10,300,0.0001,50,most_parsimonious,Ranked + weighted SHARK,Random 25% immutable,α < 1,0.01,874,1,0,False,,,,,,,False,112.01339999979609,No feasible counterfactual found.
German Credit,2,42,10,300,0.0001,50,most_parsimonious,Ranked + weighted SHARK,Random 50% immutable,α = 1,1.0,874,1,0,True,1.0,1.0,6.510416666666344,2.5515518153991406,2.000000000000002,1.0000000000000022,True,1.662399999986519,Optimization terminated successfully
German Credit,2,42,10,300,0.0001,50,most_parsimonious,Ranked + weighted SHARK,Random 50% immutable,α < 1,0.01,874,1,0,False,,,,,,,False,57.6415000000452,No feasible counterfactual found.
German Credit,2,42,10,300,0.0001,50,most_parsimonious,Ranked + weighted SHARK,Random 75% immutable,α = 1,1.0,874,1,0,False,,,,,,,False,1642.4246000001403,No feasible counterfactual found.
German Credit,2,42,10,300,0.0001,50,most_parsimonious,Ranked + weighted SHARK,Random 75% immutable,α < 1,0.01,874,1,0,False,,,,,,,False,1611.6977000001498,No feasible counterfactual found.
German Credit,2,42,10,300,0.0001,50,most_parsimonious,Ranked + weighted SHARK,All features mutable,α = 1,1.0,891,1,0,True,1.0,1.0,6.510416666666344,2.5515518153991406,2.000000000000002,1.0000000000000022,True,1.521600000160106,Optimization terminated successfully
German Credit,2,42,10,300,0.0001,50,most_parsimonious,Ranked + weighted SHARK,All features mutable,α < 1,0.01,891,1,0,False,,,,,,,False,177.87389999966763,No feasible counterfactual found.
German Credit,2,42,10,300,0.0001,50,most_parsimonious,Ranked + weighted SHARK,Random 25% immutable,α = 1,1.0,891,1,0,True,1.0,1.0,6.510416666666344,2.5515518153991406,2.000000000000002,1.0000000000000022,True,1.5819000000192318,Optimization terminated successfully
German Credit,2,42,10,300,0.0001,50,most_parsimonious,Ranked + weighted SHARK,Random 25% immutable,α < 1,0.01,891,1,0,False,,,,,,,False,109.36330000004091,No feasible counterfactual found.
German Credit,2,42,10,300,0.0001,50,most_parsimonious,Ranked + weighted SHARK,Random 50% immutable,α = 1,1.0,891,1,0,True,1.0,1.0,6.510416666666344,2.5515518153991406,2.000000000000002,1.0000000000000022,True,1.652500000091095,Optimization terminated successfully
German Credit,2,42,10,300,0.0001,50,most_parsimonious,Ranked + weighted SHARK,Random 50% immutable,α < 1,0.01,891,1,0,False,,,,,,,False,58.59389999977793,No feasible counterfactual found.
German Credit,2,42,10,300,0.0001,50,most_parsimonious,Ranked + weighted SHARK,Random 75% immutable,α = 1,1.0,891,1,0,False,,,,,,,False,6709.732599999825,No feasible counterfactual found.
German Credit,2,42,10,300,0.0001,50,most_parsimonious,Ranked + weighted SHARK,Random 75% immutable,α < 1,0.01,891,1,0,False,,,,,,,False,5147.056699999666,No feasible counterfactual found.
German Credit,2,42,10,300,0.0001,50,most_parsimonious,Ranked + weighted SHARK,All features mutable,α = 1,1.0,418,1,0,True,1.0,1.0,6.51041666666635,2.551551815399142,2.0000000000000013,1.0000000000000013,True,1.5865000000303553,Optimization terminated successfully
German Credit,2,42,10,300,0.0001,50,most_parsimonious,Ranked + weighted SHARK,All features mutable,α < 1,0.01,418,1,0,False,,,,,,,False,201.52630000029603,No feasible counterfactual found.
German Credit,2,42,10,300,0.0001,50,most_parsimonious,Ranked + weighted SHARK,Random 25% immutable,α = 1,1.0,418,1,0,True,1.0,1.0,6.51041666666635,2.551551815399142,2.0000000000000013,1.0000000000000013,True,1.5763999999762746,Optimization terminated successfully
German Credit,2,42,10,300,0.0001,50,most_parsimonious,Ranked + weighted SHARK,Random 25% immutable,α < 1,0.01,418,1,0,False,,,,,,,False,105.04459999992832,No feasible counterfactual found.
German Credit,2,42,10,300,0.0001,50,most_parsimonious,Ranked + weighted SHARK,Random 50% immutable,α = 1,1.0,418,1,0,False,,,,,,,False,28.181900000163296,No feasible counterfactual found.
German Credit,2,42,10,300,0.0001,50,most_parsimonious,Ranked + weighted SHARK,Random 50% immutable,α < 1,0.01,418,1,0,False,,,,,,,False,29.00809999982812,No feasible counterfactual found.
German Credit,2,42,10,300,0.0001,50,most_parsimonious,Ranked + weighted SHARK,Random 75% immutable,α = 1,1.0,418,1,0,False,,,,,,,False,10.581300000012561,No feasible counterfactual found.
German Credit,2,42,10,300,0.0001,50,most_parsimonious,Ranked + weighted SHARK,Random 75% immutable,α < 1,0.01,418,1,0,False,,,,,,,False,10.990799999945011,No feasible counterfactual found.
German Credit,2,42,10,300,0.0001,50,most_parsimonious,Ranked + weighted SHARK,All features mutable,α = 1,1.0,982,1,0,True,1.0,1.0,6.5104166578670375,2.551551813674836,2.0000000013515757,1.0000000013515757,True,1.3708000001315668,Optimization terminated successfully
German Credit,2,42,10,300,0.0001,50,most_parsimonious,Ranked + weighted SHARK,All features mutable,α < 1,0.01,982,1,0,False,,,,,,,False,171.42520000015793,No feasible counterfactual found.
German Credit,2,42,10,300,0.0001,50,most_parsimonious,Ranked + weighted SHARK,Random 25% immutable,α = 1,1.0,982,1,0,True,1.0,1.0,6.5104166578670375,2.551551813674836,2.0000000013515757,1.0000000013515757,True,1.2615000000550936,Optimization terminated successfully
German Credit,2,42,10,300,0.0001,50,most_parsimonious,Ranked + weighted SHARK,Random 25% immutable,α < 1,0.01,982,1,0,False,,,,,,,False,107.77580000012676,No feasible counterfactual found.
German Credit,2,42,10,300,0.0001,50,most_parsimonious,Ranked + weighted SHARK,Random 50% immutable,α = 1,1.0,982,1,0,True,1.0,1.0,6.5104166578670375,2.551551813674836,2.0000000013515757,1.0000000013515757,True,1.3638000000355532,Optimization terminated successfully
German Credit,2,42,10,300,0.0001,50,most_parsimonious,Ranked + weighted SHARK,Random 50% immutable,α < 1,0.01,982,1,0,False,,,,,,,False,55.525199999920005,No feasible counterfactual found.
German Credit,2,42,10,300,0.0001,50,most_parsimonious,Ranked + weighted SHARK,Random 75% immutable,α = 1,1.0,982,1,0,False,,,,,,,False,10.278199999902426,No feasible counterfactual found.
German Credit,2,42,10,300,0.0001,50,most_parsimonious,Ranked + weighted SHARK,Random 75% immutable,α < 1,0.01,982,1,0,False,,,,,,,False,10.675399999854562,No feasible counterfactual found.
German Credit,2,42,10,300,0.0001,50,most_parsimonious,Ranked + weighted SHARK,All features mutable,α = 1,1.0,820,1,0,True,1.0,1.0,6.510416657867062,2.5515518136748407,2.0000000013515717,1.0000000013515717,True,2.102599999943777,Optimization terminated successfully
German Credit,2,42,10,300,0.0001,50,most_parsimonious,Ranked + weighted SHARK,All features mutable,α < 1,0.01,820,1,0,False,,,,,,,False,173.13540000031935,No feasible counterfactual found.
German Credit,2,42,10,300,0.0001,50,most_parsimonious,Ranked + weighted SHARK,Random 25% immutable,α = 1,1.0,820,1,0,True,1.0,1.0,6.510416657867062,2.5515518136748407,2.0000000013515717,1.0000000013515717,True,1.9744000001082895,Optimization terminated successfully
German Credit,2,42,10,300,0.0001,50,most_parsimonious,Ranked + weighted SHARK,Random 25% immutable,α < 1,0.01,820,1,0,False,,,,,,,False,110.40279999997438,No feasible counterfactual found.
German Credit,2,42,10,300,0.0001,50,most_parsimonious,Ranked + weighted SHARK,Random 50% immutable,α = 1,1.0,820,1,0,True,1.0,1.0,6.510416657867062,2.5515518136748407,2.0000000013515717,1.0000000013515717,True,2.2303000000647444,Optimization terminated successfully
German Credit,2,42,10,300,0.0001,50,most_parsimonious,Ranked + weighted SHARK,Random 50% immutable,α < 1,0.01,820,1,0,False,,,,,,,False,77.36789999989924,No feasible counterfactual found.
German Credit,2,42,10,300,0.0001,50,most_parsimonious,Ranked + weighted SHARK,Random 75% immutable,α = 1,1.0,820,1,0,True,1.0,1.0,6.510416657867062,2.5515518136748407,2.0000000013515717,1.0000000013515717,True,2.0235000001775916,Optimization terminated successfully
German Credit,2,42,10,300,0.0001,50,most_parsimonious,Ranked + weighted SHARK,Random 75% immutable,α < 1,0.01,820,1,0,False,,,,,,,False,22.058800000195333,No feasible counterfactual found.
German Credit,2,42,10,300,0.0001,50,most_parsimonious,Ranked + weighted SHARK,All features mutable,α = 1,1.0,902,1,0,True,1.0,1.0,6.510416666666345,2.551551815399141,2.000000000000002,1.0000000000000022,True,1.5094000000317465,Optimization terminated successfully
German Credit,2,42,10,300,0.0001,50,most_parsimonious,Ranked + weighted SHARK,All features mutable,α < 1,0.01,902,1,0,False,,,,,,,False,173.0597000000671,No feasible counterfactual found.
German Credit,2,42,10,300,0.0001,50,most_parsimonious,Ranked + weighted SHARK,Random 25% immutable,α = 1,1.0,902,1,0,True,1.0,1.0,6.510416666666345,2.551551815399141,2.000000000000002,1.0000000000000022,True,1.4977999999246094,Optimization terminated successfully
German Credit,2,42,10,300,0.0001,50,most_parsimonious,Ranked + weighted SHARK,Random 25% immutable,α < 1,0.01,902,1,0,False,,,,,,,False,104.36220000019603,No feasible counterfactual found.
German Credit,2,42,10,300,0.0001,50,most_parsimonious,Ranked + weighted SHARK,Random 50% immutable,α = 1,1.0,902,1,0,False,,,,,,,False,12970.238400000198,No feasible counterfactual found.
German Credit,2,42,10,300,0.0001,50,most_parsimonious,Ranked + weighted SHARK,Random 50% immutable,α < 1,0.01,902,1,0,False,,,,,,,False,13067.892500000198,No feasible counterfactual found.
German Credit,2,42,10,300,0.0001,50,most_parsimonious,Ranked + weighted SHARK,Random 75% immutable,α = 1,1.0,902,1,0,True,1.0,1.0,6.510416666666345,2.551551815399141,2.000000000000002,1.0000000000000022,True,1.5843999999560765,Optimization terminated successfully
German Credit,2,42,10,300,0.0001,50,most_parsimonious,Ranked + weighted SHARK,Random 75% immutable,α < 1,0.01,902,1,0,False,,,,,,,False,21.43209999985629,No feasible counterfactual found.
German Credit,2,42,10,300,0.0001,50,most_parsimonious,Ranked + weighted SHARK,All features mutable,α = 1,1.0,625,1,0,True,1.0,1.0,6.51041666666636,2.5515518153991437,2.0,1.0,True,1.5873000002102344,Optimization terminated successfully
German Credit,2,42,10,300,0.0001,50,most_parsimonious,Ranked + weighted SHARK,All features mutable,α < 1,0.01,625,1,0,True,1.0,1.0,25.78190104166583,5.077588112644333,1.0050251256281333,0.005025125628133287,True,1.8127000003005378,Optimization terminated successfully
German Credit,2,42,10,300,0.0001,50,most_parsimonious,Ranked + weighted SHARK,Random 25% immutable,α = 1,1.0,625,1,0,True,1.0,1.0,6.51041666666636,2.5515518153991437,2.0,1.0,True,1.6037999998843588,Optimization terminated successfully
German Credit,2,42,10,300,0.0001,50,most_parsimonious,Ranked + weighted SHARK,Random 25% immutable,α < 1,0.01,625,1,0,True,1.0,1.0,25.78190104166583,5.077588112644333,1.0050251256281333,0.005025125628133287,True,2.120999999988271,Optimization terminated successfully
German Credit,2,42,10,300,0.0001,50,most_parsimonious,Ranked + weighted SHARK,Random 50% immutable,α = 1,1.0,625,1,0,False,,,,,,,False,13352.005900000222,No feasible counterfactual found.
German Credit,2,42,10,300,0.0001,50,most_parsimonious,Ranked + weighted SHARK,Random 50% immutable,α < 1,0.01,625,1,0,False,,,,,,,False,13189.747100000204,No feasible counterfactual found.
German Credit,2,42,10,300,0.0001,50,most_parsimonious,Ranked + weighted SHARK,Random 75% immutable,α = 1,1.0,625,1,0,False,,,,,,,False,5454.243199999837,No feasible counterfactual found.
German Credit,2,42,10,300,0.0001,50,most_parsimonious,Ranked + weighted SHARK,Random 75% immutable,α < 1,0.01,625,1,0,False,,,,,,,False,5533.047200000055,No feasible counterfactual found.
German Credit,2,42,10,300,0.0001,50,most_parsimonious,Ranked + weighted SHARK,All features mutable,α = 1,1.0,623,1,0,True,1.0,1.0,6.51041666666635,2.551551815399142,2.0000000000000013,1.0000000000000013,True,1.6982000001917186,Optimization terminated successfully
German Credit,2,42,10,300,0.0001,50,most_parsimonious,Ranked + weighted SHARK,All features mutable,α < 1,0.01,623,1,0,False,,,,,,,False,176.63539999966815,No feasible counterfactual found.
German Credit,2,42,10,300,0.0001,50,most_parsimonious,Ranked + weighted SHARK,Random 25% immutable,α = 1,1.0,623,1,0,True,1.0,1.0,6.51041666666635,2.551551815399142,2.0000000000000013,1.0000000000000013,True,1.4955000001464214,Optimization terminated successfully
German Credit,2,42,10,300,0.0001,50,most_parsimonious,Ranked + weighted SHARK,Random 25% immutable,α < 1,0.01,623,1,0,False,,,,,,,False,105.40149999997084,No feasible counterfactual found.
German Credit,2,42,10,300,0.0001,50,most_parsimonious,Ranked + weighted SHARK,Random 50% immutable,α = 1,1.0,623,1,0,True,1.0,1.0,6.51041666666635,2.551551815399142,2.0000000000000013,1.0000000000000013,True,1.4455000000452856,Optimization terminated successfully
German Credit,2,42,10,300,0.0001,50,most_parsimonious,Ranked + weighted SHARK,Random 50% immutable,α < 1,0.01,623,1,0,False,,,,,,,False,54.7393000001648,No feasible counterfactual found.
German Credit,2,42,10,300,0.0001,50,most_parsimonious,Ranked + weighted SHARK,Random 75% immutable,α = 1,1.0,623,1,0,False,,,,,,,False,10.278299999754381,No feasible counterfactual found.
German Credit,2,42,10,300,0.0001,50,most_parsimonious,Ranked + weighted SHARK,Random 75% immutable,α < 1,0.01,623,1,0,False,,,,,,,False,10.334499999771651,No feasible counterfactual found.
German Credit,2,42,10,300,0.0001,50,most_parsimonious,Ranked + weighted SHARK,All features mutable,α = 1,1.0,708,1,0,True,1.0,1.0,6.510416666666395,2.5515518153991508,1.9999999999999944,0.9999999999999944,True,1.5720000001238077,Optimization terminated successfully
German Credit,2,42,10,300,0.0001,50,most_parsimonious,Ranked + weighted SHARK,All features mutable,α < 1,0.01,708,1,0,True,1.0,1.0,25.78190104166583,5.077588112644333,1.0050251256281333,0.005025125628133287,True,1.5063000000736793,Optimization terminated successfully
German Credit,2,42,10,300,0.0001,50,most_parsimonious,Ranked + weighted SHARK,Random 25% immutable,α = 1,1.0,708,1,0,False,,,,,,,False,24604.888599999867,No feasible counterfactual found.
German Credit,2,42,10,300,0.0001,50,most_parsimonious,Ranked + weighted SHARK,Random 25% immutable,α < 1,0.01,708,1,0,False,,,,,,,False,23182.18250000018,No feasible counterfactual found.
German Credit,2,42,10,300,0.0001,50,most_parsimonious,Ranked + weighted SHARK,Random 50% immutable,α = 1,1.0,708,1,0,True,1.0,1.0,6.510416666666395,2.5515518153991508,1.9999999999999944,0.9999999999999944,True,1.497300000210089,Optimization terminated successfully
German Credit,2,42,10,300,0.0001,50,most_parsimonious,Ranked + weighted SHARK,Random 50% immutable,α < 1,0.01,708,1,0,True,1.0,1.0,25.78190104166583,5.077588112644333,1.0050251256281333,0.005025125628133287,True,1.5204999999696156,Optimization terminated successfully
German Credit,2,42,10,300,0.0001,50,most_parsimonious,Ranked + weighted SHARK,Random 75% immutable,α = 1,1.0,708,1,0,True,1.0,1.0,6.510416666666395,2.5515518153991508,1.9999999999999944,0.9999999999999944,True,1.5403999996124185,Optimization terminated successfully
German Credit,2,42,10,300,0.0001,50,most_parsimonious,Ranked + weighted SHARK,Random 75% immutable,α < 1,0.01,708,1,0,True,1.0,1.0,25.78190104166583,5.077588112644333,1.0050251256281333,0.005025125628133287,True,1.5521000000262575,Optimization terminated successfully
German Credit,2,42,10,300,0.0001,50,most_parsimonious,Ranked + weighted SHARK,All features mutable,α = 1,1.0,441,1,0,True,1.0,1.0,6.51041666666635,2.551551815399142,2.0000000000000013,1.0000000000000013,True,1.5959000002112589,Optimization terminated successfully
German Credit,2,42,10,300,0.0001,50,most_parsimonious,Ranked + weighted SHARK,All features mutable,α < 1,0.01,441,1,0,False,,,,,,,False,178.30700000013167,No feasible counterfactual found.
German Credit,2,42,10,300,0.0001,50,most_parsimonious,Ranked + weighted SHARK,Random 25% immutable,α = 1,1.0,441,1,0,True,1.0,1.0,6.51041666666635,2.551551815399142,2.0000000000000013,1.0000000000000013,True,1.7373999999108491,Optimization terminated successfully
German Credit,2,42,10,300,0.0001,50,most_parsimonious,Ranked + weighted SHARK,Random 25% immutable,α < 1,0.01,441,1,0,False,,,,,,,False,110.9028999999282,No feasible counterfactual found.
German Credit,2,42,10,300,0.0001,50,most_parsimonious,Ranked + weighted SHARK,Random 50% immutable,α = 1,1.0,441,1,0,False,,,,,,,False,12793.160100000023,No feasible counterfactual found.
German Credit,2,42,10,300,0.0001,50,most_parsimonious,Ranked + weighted SHARK,Random 50% immutable,α < 1,0.01,441,1,0,False,,,,,,,False,12677.132900000288,No feasible counterfactual found.
German Credit,2,42,10,300,0.0001,50,most_parsimonious,Ranked + weighted SHARK,Random 75% immutable,α = 1,1.0,441,1,0,True,1.0,1.0,6.51041666666635,2.551551815399142,2.0000000000000013,1.0000000000000013,True,1.477199999953882,Optimization terminated successfully
German Credit,2,42,10,300,0.0001,50,most_parsimonious,Ranked + weighted SHARK,Random 75% immutable,α < 1,0.01,441,1,0,False,,,,,,,False,21.503299999949377,No feasible counterfactual found.
German Credit,2,42,10,300,0.0001,50,most_parsimonious,Ranked + weighted SHARK,All features mutable,α = 1,1.0,938,1,0,True,1.0,1.0,6.510416657866947,2.551551813674818,2.0000000013515895,1.0000000013515895,True,1.2581999999383697,Optimization terminated successfully
German Credit,2,42,10,300,0.0001,50,most_parsimonious,Ranked + weighted SHARK,All features mutable,α < 1,0.01,938,1,0,False,,,,,,,False,182.2226000003866,No feasible counterfactual found.
German Credit,2,42,10,300,0.0001,50,most_parsimonious,Ranked + weighted SHARK,Random 25% immutable,α = 1,1.0,938,1,0,True,1.0,1.0,6.510416657866947,2.551551813674818,2.0000000013515895,1.0000000013515895,True,1.2120999999751803,Optimization terminated successfully
German Credit,2,42,10,300,0.0001,50,most_parsimonious,Ranked + weighted SHARK,Random 25% immutable,α < 1,0.01,938,1,0,False,,,,,,,False,104.94040000003224,No feasible counterfactual found.
German Credit,2,42,10,300,0.0001,50,most_parsimonious,Ranked + weighted SHARK,Random 50% immutable,α = 1,1.0,938,1,0,False,,,,,,,False,12678.684100000282,No feasible counterfactual found.
German Credit,2,42,10,300,0.0001,50,most_parsimonious,Ranked + weighted SHARK,Random 50% immutable,α < 1,0.01,938,1,0,False,,,,,,,False,12930.840900000021,No feasible counterfactual found.
German Credit,2,42,10,300,0.0001,50,most_parsimonious,Ranked + weighted SHARK,Random 75% immutable,α = 1,1.0,938,1,0,True,1.0,1.0,6.510416657866947,2.551551813674818,2.0000000013515895,1.0000000013515895,True,1.4677999997729785,Optimization terminated successfully
German Credit,2,42,10,300,0.0001,50,most_parsimonious,Ranked + weighted SHARK,Random 75% immutable,α < 1,0.01,938,1,0,False,,,,,,,False,23.15709999993487,No feasible counterfactual found.
German Credit,2,42,10,300,0.0001,50,most_parsimonious,Ranked + weighted SHARK,All features mutable,α = 1,1.0,692,1,0,True,1.0,1.0,6.5104166578670375,2.551551813674836,2.0000000013515757,1.0000000013515757,True,1.231000000188942,Optimization terminated successfully
German Credit,2,42,10,300,0.0001,50,most_parsimonious,Ranked + weighted SHARK,All features mutable,α < 1,0.01,692,1,0,False,,,,,,,False,178.29149999988658,No feasible counterfactual found.
German Credit,2,42,10,300,0.0001,50,most_parsimonious,Ranked + weighted SHARK,Random 25% immutable,α = 1,1.0,692,1,0,True,1.0,1.0,6.5104166578670375,2.551551813674836,2.0000000013515757,1.0000000013515757,True,1.4132000001154665,Optimization terminated successfully
German Credit,2,42,10,300,0.0001,50,most_parsimonious,Ranked + weighted SHARK,Random 25% immutable,α < 1,0.01,692,1,0,False,,,,,,,False,106.09529999965162,No feasible counterfactual found.
German Credit,2,42,10,300,0.0001,50,most_parsimonious,Ranked + weighted SHARK,Random 50% immutable,α = 1,1.0,692,1,0,False,,,,,,,False,2888.68070000035,No feasible counterfactual found.
German Credit,2,42,10,300,0.0001,50,most_parsimonious,Ranked + weighted SHARK,Random 50% immutable,α < 1,0.01,692,1,0,False,,,,,,,False,2841.564200000448,No feasible counterfactual found.
German Credit,2,42,10,300,0.0001,50,most_parsimonious,Ranked + weighted SHARK,Random 75% immutable,α = 1,1.0,692,1,0,True,1.0,1.0,6.5104166578670375,2.551551813674836,2.0000000013515757,1.0000000013515757,True,1.4084000004004338,Optimization terminated successfully
German Credit,2,42,10,300,0.0001,50,most_parsimonious,Ranked + weighted SHARK,Random 75% immutable,α < 1,0.01,692,1,0,False,,,,,,,False,21.401499999683438,No feasible counterfactual found.
German Credit,2,42,10,300,0.0001,50,most_parsimonious,Ranked + weighted SHARK,All features mutable,α = 1,1.0,62,0,1,True,1.0,1.0,6.510416657867033,2.551551813674835,2.0000000013515766,1.0000000013515766,True,1.2670000000980508,Optimization terminated successfully
German Credit,2,42,10,300,0.0001,50,most_parsimonious,Ranked + weighted SHARK,All features mutable,α < 1,0.01,62,0,1,False,,,,,,,False,177.35880000009274,No feasible counterfactual found.
German Credit,2,42,10,300,0.0001,50,most_parsimonious,Ranked + weighted SHARK,Random 25% immutable,α = 1,1.0,62,0,1,True,1.0,1.0,6.510416657867033,2.551551813674835,2.0000000013515766,1.0000000013515766,True,1.397500000166474,Optimization terminated successfully
German Credit,2,42,10,300,0.0001,50,most_parsimonious,Ranked + weighted SHARK,Random 25% immutable,α < 1,0.01,62,0,1,False,,,,,,,False,113.33950000016557,No feasible counterfactual found.
German Credit,2,42,10,300,0.0001,50,most_parsimonious,Ranked + weighted SHARK,Random 50% immutable,α = 1,1.0,62,0,1,True,1.0,1.0,6.510416657867033,2.551551813674835,2.0000000013515766,1.0000000013515766,True,1.3399999998000567,Optimization terminated successfully
German Credit,2,42,10,300,0.0001,50,most_parsimonious,Ranked + weighted SHARK,Random 50% immutable,α < 1,0.01,62,0,1,False,,,,,,,False,58.34599999980128,No feasible counterfactual found.
German Credit,2,42,10,300,0.0001,50,most_parsimonious,Ranked + weighted SHARK,Random 75% immutable,α = 1,1.0,62,0,1,True,1.0,1.0,6.510416657867033,2.551551813674835,2.0000000013515766,1.0000000013515766,True,1.25449999995908,Optimization terminated successfully
German Credit,2,42,10,300,0.0001,50,most_parsimonious,Ranked + weighted SHARK,Random 75% immutable,α < 1,0.01,62,0,1,False,,,,,,,False,20.962500000223372,No feasible counterfactual found.
German Credit,2,42,10,300,0.0001,50,most_parsimonious,Ranked + weighted SHARK,All features mutable,α = 1,1.0,733,1,0,True,1.0,1.0,6.51041666666635,2.551551815399142,2.0000000000000013,1.0000000000000013,True,1.5626999997948587,Optimization terminated successfully
German Credit,2,42,10,300,0.0001,50,most_parsimonious,Ranked + weighted SHARK,All features mutable,α < 1,0.01,733,1,0,False,,,,,,,False,171.75010000028124,No feasible counterfactual found.
German Credit,2,42,10,300,0.0001,50,most_parsimonious,Ranked + weighted SHARK,Random 25% immutable,α = 1,1.0,733,1,0,True,1.0,1.0,6.51041666666635,2.551551815399142,2.0000000000000013,1.0000000000000013,True,1.4725999999427586,Optimization terminated successfully
German Credit,2,42,10,300,0.0001,50,most_parsimonious,Ranked + weighted SHARK,Random 25% immutable,α < 1,0.01,733,1,0,False,,,,,,,False,107.29479999963587,No feasible counterfactual found.
German Credit,2,42,10,300,0.0001,50,most_parsimonious,Ranked + weighted SHARK,Random 50% immutable,α = 1,1.0,733,1,0,True,1.0,1.0,6.51041666666635,2.551551815399142,2.0000000000000013,1.0000000000000013,True,1.4641000002484361,Optimization terminated successfully
German Credit,2,42,10,300,0.0001,50,most_parsimonious,Ranked + weighted SHARK,Random 50% immutable,α < 1,0.01,733,1,0,False,,,,,,,False,55.72140000003856,No feasible counterfactual found.
German Credit,2,42,10,300,0.0001,50,most_parsimonious,Ranked + weighted SHARK,Random 75% immutable,α = 1,1.0,733,1,0,False,,,,,,,False,5551.957199999833,No feasible counterfactual found.
German Credit,2,42,10,300,0.0001,50,most_parsimonious,Ranked + weighted SHARK,Random 75% immutable,α < 1,0.01,733,1,0,False,,,,,,,False,5534.37299999996,No feasible counterfactual found.
German Credit,2,42,10,300,0.0001,50,most_parsimonious,Ranked + weighted SHARK,All features mutable,α = 1,1.0,434,1,0,True,1.0,1.0,6.51041666666636,2.5515518153991437,2.0,1.0,True,2.9334999999264255,Optimization terminated successfully
German Credit,2,42,10,300,0.0001,50,most_parsimonious,Ranked + weighted SHARK,All features mutable,α < 1,0.01,434,1,0,False,,,,,,,False,207.77610000004643,No feasible counterfactual found.
German Credit,2,42,10,300,0.0001,50,most_parsimonious,Ranked + weighted SHARK,Random 25% immutable,α = 1,1.0,434,1,0,True,1.0,1.0,6.51041666666636,2.5515518153991437,2.0,1.0,True,2.5566999997863604,Optimization terminated successfully
German Credit,2,42,10,300,0.0001,50,most_parsimonious,Ranked + weighted SHARK,Random 25% immutable,α < 1,0.01,434,1,0,False,,,,,,,False,109.88539999971181,No feasible counterfactual found.
German Credit,2,42,10,300,0.0001,50,most_parsimonious,Ranked + weighted SHARK,Random 50% immutable,α = 1,1.0,434,1,0,True,1.0,1.0,6.51041666666636,2.5515518153991437,2.0,1.0,True,2.828299999691808,Optimization terminated successfully
German Credit,2,42,10,300,0.0001,50,most_parsimonious,Ranked + weighted SHARK,Random 50% immutable,α < 1,0.01,434,1,0,False,,,,,,,False,59.16750000005777,No feasible counterfactual found.
German Credit,2,42,10,300,0.0001,50,most_parsimonious,Ranked + weighted SHARK,Random 75% immutable,α = 1,1.0,434,1,0,False,,,,,,,False,10.253699999793753,No feasible counterfactual found.
German Credit,2,42,10,300,0.0001,50,most_parsimonious,Ranked + weighted SHARK,Random 75% immutable,α < 1,0.01,434,1,0,False,,,,,,,False,9.968500000013591,No feasible counterfactual found.
German Credit,2,42,10,300,0.0001,50,most_parsimonious,Ranked + weighted SHARK,All features mutable,α = 1,1.0,847,1,0,True,1.0,1.0,6.510416666666395,2.5515518153991508,1.9999999999999944,0.9999999999999944,True,1.7232000000149128,Optimization terminated successfully
German Credit,2,42,10,300,0.0001,50,most_parsimonious,Ranked + weighted SHARK,All features mutable,α < 1,0.01,847,1,0,False,,,,,,,False,174.26640000030602,No feasible counterfactual found.
German Credit,2,42,10,300,0.0001,50,most_parsimonious,Ranked + weighted SHARK,Random 25% immutable,α = 1,1.0,847,1,0,True,1.0,1.0,6.510416666666395,2.5515518153991508,1.9999999999999944,0.9999999999999944,True,1.5880999999353662,Optimization terminated successfully
German Credit,2,42,10,300,0.0001,50,most_parsimonious,Ranked + weighted SHARK,Random 25% immutable,α < 1,0.01,847,1,0,False,,,,,,,False,102.4744000001192,No feasible counterfactual found.
German Credit,2,42,10,300,0.0001,50,most_parsimonious,Ranked + weighted SHARK,Random 50% immutable,α = 1,1.0,847,1,0,False,,,,,,,False,11233.018899999934,No feasible counterfactual found.
German Credit,2,42,10,300,0.0001,50,most_parsimonious,Ranked + weighted SHARK,Random 50% immutable,α < 1,0.01,847,1,0,False,,,,,,,False,5517.111399999976,No feasible counterfactual found.
German Credit,2,42,10,300,0.0001,50,most_parsimonious,Ranked + weighted SHARK,Random 75% immutable,α = 1,1.0,847,1,0,False,,,,,,,False,5556.810800000221,No feasible counterfactual found.
German Credit,2,42,10,300,0.0001,50,most_parsimonious,Ranked + weighted SHARK,Random 75% immutable,α < 1,0.01,847,1,0,False,,,,,,,False,5180.703699999867,No feasible counterfactual found.
German Credit,2,42,10,300,0.0001,50,most_parsimonious,Ranked + weighted SHARK,All features mutable,α = 1,1.0,533,1,0,True,1.0,1.0,6.51041666666636,2.5515518153991437,2.0,1.0,True,2.9628000002048793,Optimization terminated successfully
German Credit,2,42,10,300,0.0001,50,most_parsimonious,Ranked + weighted SHARK,All features mutable,α < 1,0.01,533,1,0,True,1.0,1.0,25.78190104166582,5.0775881126443325,1.0050251256281335,0.005025125628133509,True,1.6556999999011168,Optimization terminated successfully
German Credit,2,42,10,300,0.0001,50,most_parsimonious,Ranked + weighted SHARK,Random 25% immutable,α = 1,1.0,533,1,0,True,1.0,1.0,6.51041666666636,2.5515518153991437,2.0,1.0,True,2.753700000084791,Optimization terminated successfully
German Credit,2,42,10,300,0.0001,50,most_parsimonious,Ranked + weighted SHARK,Random 25% immutable,α < 1,0.01,533,1,0,True,1.0,1.0,25.78190104166582,5.0775881126443325,1.0050251256281335,0.005025125628133509,True,1.5533999999206571,Optimization terminated successfully
German Credit,2,42,10,300,0.0001,50,most_parsimonious,Ranked + weighted SHARK,Random 50% immutable,α = 1,1.0,533,1,0,False,,,,,,,False,13147.606300000007,No feasible counterfactual found.
German Credit,2,42,10,300,0.0001,50,most_parsimonious,Ranked + weighted SHARK,Random 50% immutable,α < 1,0.01,533,1,0,False,,,,,,,False,12662.353900000198,No feasible counterfactual found.
German Credit,2,42,10,300,0.0001,50,most_parsimonious,Ranked + weighted SHARK,Random 75% immutable,α = 1,1.0,533,1,0,False,,,,,,,False,10.48240000000078,No feasible counterfactual found.
German Credit,2,42,10,300,0.0001,50,most_parsimonious,Ranked + weighted SHARK,Random 75% immutable,α < 1,0.01,533,1,0,False,,,,,,,False,10.156100000131119,No feasible counterfactual found.
German Credit,2,42,10,300,0.0001,50,most_parsimonious,Ranked + weighted SHARK,All features mutable,α = 1,1.0,223,1,0,True,1.0,1.0,6.510416657866947,2.551551813674818,2.0000000013515895,1.0000000013515895,True,1.3266000000839995,Optimization terminated successfully
German Credit,2,42,10,300,0.0001,50,most_parsimonious,Ranked + weighted SHARK,All features mutable,α < 1,0.01,223,1,0,False,,,,,,,False,177.0166999999674,No feasible counterfactual found.
German Credit,2,42,10,300,0.0001,50,most_parsimonious,Ranked + weighted SHARK,Random 25% immutable,α = 1,1.0,223,1,0,False,,,,,,,False,25939.17710000005,No feasible counterfactual found.
German Credit,2,42,10,300,0.0001,50,most_parsimonious,Ranked + weighted SHARK,Random 25% immutable,α < 1,0.01,223,1,0,False,,,,,,,False,27118.467000000237,No feasible counterfactual found.
German Credit,2,42,10,300,0.0001,50,most_parsimonious,Ranked + weighted SHARK,Random 50% immutable,α = 1,1.0,223,1,0,False,,,,,,,False,31.21049999981551,No feasible counterfactual found.
German Credit,2,42,10,300,0.0001,50,most_parsimonious,Ranked + weighted SHARK,Random 50% immutable,α < 1,0.01,223,1,0,False,,,,,,,False,31.07319999980973,No feasible counterfactual found.
German Credit,2,42,10,300,0.0001,50,most_parsimonious,Ranked + weighted SHARK,Random 75% immutable,α = 1,1.0,223,1,0,False,,,,,,,False,5058.962099999917,No feasible counterfactual found.
German Credit,2,42,10,300,0.0001,50,most_parsimonious,Ranked + weighted SHARK,Random 75% immutable,α < 1,0.01,223,1,0,False,,,,,,,False,5122.066400000222,No feasible counterfactual found.
German Credit,2,42,10,300,0.0001,50,most_parsimonious,Ranked + weighted SHARK,All features mutable,α = 1,1.0,82,1,0,True,1.0,1.0,6.510416657866947,2.551551813674818,2.0000000013515895,1.0000000013515895,True,1.328699999703531,Optimization terminated successfully
German Credit,2,42,10,300,0.0001,50,most_parsimonious,Ranked + weighted SHARK,All features mutable,α < 1,0.01,82,1,0,False,,,,,,,False,242.69920000006096,No feasible counterfactual found.
German Credit,2,42,10,300,0.0001,50,most_parsimonious,Ranked + weighted SHARK,Random 25% immutable,α = 1,1.0,82,1,0,True,1.0,1.0,6.510416657866947,2.551551813674818,2.0000000013515895,1.0000000013515895,True,1.4500000002044544,Optimization terminated successfully
German Credit,2,42,10,300,0.0001,50,most_parsimonious,Ranked + weighted SHARK,Random 25% immutable,α < 1,0.01,82,1,0,False,,,,,,,False,119.4644000001972,No feasible counterfactual found.
German Credit,2,42,10,300,0.0001,50,most_parsimonious,Ranked + weighted SHARK,Random 50% immutable,α = 1,1.0,82,1,0,True,1.0,1.0,6.510416657866947,2.551551813674818,2.0000000013515895,1.0000000013515895,True,1.4458999999078515,Optimization terminated successfully
German Credit,2,42,10,300,0.0001,50,most_parsimonious,Ranked + weighted SHARK,Random 50% immutable,α < 1,0.01,82,1,0,False,,,,,,,False,61.76259999983813,No feasible counterfactual found.
German Credit,2,42,10,300,0.0001,50,most_parsimonious,Ranked + weighted SHARK,Random 75% immutable,α = 1,1.0,82,1,0,False,,,,,,,False,6784.362999999757,No feasible counterfactual found.
German Credit,2,42,10,300,0.0001,50,most_parsimonious,Ranked + weighted SHARK,Random 75% immutable,α < 1,0.01,82,1,0,False,,,,,,,False,6048.070899999857,No feasible counterfactual found.
German Credit,2,42,10,300,0.0001,50,most_parsimonious,Ranked + weighted SHARK,All features mutable,α = 1,1.0,762,1,0,True,1.0,1.0,6.51041666666635,2.551551815399142,2.0000000000000013,1.0000000000000013,True,1.7572000001564447,Optimization terminated successfully
German Credit,2,42,10,300,0.0001,50,most_parsimonious,Ranked + weighted SHARK,All features mutable,α < 1,0.01,762,1,0,False,,,,,,,False,190.90800000003583,No feasible counterfactual found.
German Credit,2,42,10,300,0.0001,50,most_parsimonious,Ranked + weighted SHARK,Random 25% immutable,α = 1,1.0,762,1,0,False,,,,,,,False,24938.11840000035,No feasible counterfactual found.
German Credit,2,42,10,300,0.0001,50,most_parsimonious,Ranked + weighted SHARK,Random 25% immutable,α < 1,0.01,762,1,0,False,,,,,,,False,24616.121099999873,No feasible counterfactual found.
German Credit,2,42,10,300,0.0001,50,most_parsimonious,Ranked + weighted SHARK,Random 50% immutable,α = 1,1.0,762,1,0,True,1.0,1.0,6.51041666666635,2.551551815399142,2.0000000000000013,1.0000000000000013,True,1.6709999999875436,Optimization terminated successfully
German Credit,2,42,10,300,0.0001,50,most_parsimonious,Ranked + weighted SHARK,Random 50% immutable,α < 1,0.01,762,1,0,False,,,,,,,False,65.32689999994545,No feasible counterfactual found.
German Credit,2,42,10,300,0.0001,50,most_parsimonious,Ranked + weighted SHARK,Random 75% immutable,α = 1,1.0,762,1,0,False,,,,,,,False,5825.77289999972,No feasible counterfactual found.
German Credit,2,42,10,300,0.0001,50,most_parsimonious,Ranked + weighted SHARK,Random 75% immutable,α < 1,0.01,762,1,0,False,,,,,,,False,5749.288700000307,No feasible counterfactual found.
German Credit,2,42,10,300,0.0001,50,most_parsimonious,Ranked + weighted SHARK,All features mutable,α = 1,1.0,736,1,0,True,1.0,1.0,6.510416660159238,2.5515518141240134,2.000000000999494,1.0000000009994938,True,2.4611999997432576,Optimization terminated successfully
German Credit,2,42,10,300,0.0001,50,most_parsimonious,Ranked + weighted SHARK,All features mutable,α < 1,0.01,736,1,0,False,,,,,,,False,187.88569999969695,No feasible counterfactual found.
German Credit,2,42,10,300,0.0001,50,most_parsimonious,Ranked + weighted SHARK,Random 25% immutable,α = 1,1.0,736,1,0,True,1.0,1.0,6.510416660159238,2.5515518141240134,2.000000000999494,1.0000000009994938,True,2.437499999814463,Optimization terminated successfully
German Credit,2,42,10,300,0.0001,50,most_parsimonious,Ranked + weighted SHARK,Random 25% immutable,α < 1,0.01,736,1,0,False,,,,,,,False,117.94619999955103,No feasible counterfactual found.
German Credit,2,42,10,300,0.0001,50,most_parsimonious,Ranked + weighted SHARK,Random 50% immutable,α = 1,1.0,736,1,0,True,1.0,1.0,6.510416660159238,2.5515518141240134,2.000000000999494,1.0000000009994938,True,2.5986999999076943,Optimization terminated successfully
German Credit,2,42,10,300,0.0001,50,most_parsimonious,Ranked + weighted SHARK,Random 50% immutable,α < 1,0.01,736,1,0,False,,,,,,,False,61.19829999988724,No feasible counterfactual found.
German Credit,2,42,10,300,0.0001,50,most_parsimonious,Ranked + weighted SHARK,Random 75% immutable,α = 1,1.0,736,1,0,False,,,,,,,False,10.437200000069424,No feasible counterfactual found.
German Credit,2,42,10,300,0.0001,50,most_parsimonious,Ranked + weighted SHARK,Random 75% immutable,α < 1,0.01,736,1,0,False,,,,,,,False,10.697799999888957,No feasible counterfactual found.
German Credit,2,42,10,300,0.0001,50,most_parsimonious,Ranked + weighted SHARK,All features mutable,α = 1,1.0,177,1,0,True,1.0,1.0,6.510416666666341,2.55155181539914,2.0000000000000027,1.0000000000000027,True,1.6283999998449872,Optimization terminated successfully
German Credit,2,42,10,300,0.0001,50,most_parsimonious,Ranked + weighted SHARK,All features mutable,α < 1,0.01,177,1,0,False,,,,,,,False,186.26220000032845,No feasible counterfactual found.
German Credit,2,42,10,300,0.0001,50,most_parsimonious,Ranked + weighted SHARK,Random 25% immutable,α = 1,1.0,177,1,0,False,,,,,,,False,28442.162800000006,No feasible counterfactual found.
German Credit,2,42,10,300,0.0001,50,most_parsimonious,Ranked + weighted SHARK,Random 25% immutable,α < 1,0.01,177,1,0,False,,,,,,,False,28062.03090000008,No feasible counterfactual found.
German Credit,2,42,10,300,0.0001,50,most_parsimonious,Ranked + weighted SHARK,Random 50% immutable,α = 1,1.0,177,1,0,True,1.0,1.0,6.510416666666341,2.55155181539914,2.0000000000000027,1.0000000000000027,True,1.7416999999113614,Optimization terminated successfully
German Credit,2,42,10,300,0.0001,50,most_parsimonious,Ranked + weighted SHARK,Random 50% immutable,α < 1,0.01,177,1,0,False,,,,,,,False,64.32390000009036,No feasible counterfactual found.
German Credit,2,42,10,300,0.0001,50,most_parsimonious,Ranked + weighted SHARK,Random 75% immutable,α = 1,1.0,177,1,0,False,,,,,,,False,11.504399999921588,No feasible counterfactual found.
German Credit,2,42,10,300,0.0001,50,most_parsimonious,Ranked + weighted SHARK,Random 75% immutable,α < 1,0.01,177,1,0,False,,,,,,,False,11.088799999924959,No feasible counterfactual found.
German Credit,2,42,10,300,0.0001,50,most_parsimonious,Ranked + weighted SHARK,All features mutable,α = 1,1.0,360,1,0,True,1.0,1.0,6.510416657867062,2.5515518136748407,2.0000000013515717,1.0000000013515717,True,2.58639999992738,Optimization terminated successfully
German Credit,2,42,10,300,0.0001,50,most_parsimonious,Ranked + weighted SHARK,All features mutable,α < 1,0.01,360,1,0,True,1.0,1.0,25.7819010416661,5.07758811264436,1.005025125628128,0.005025125628127958,True,1.9112999998469604,Optimization terminated successfully
German Credit,2,42,10,300,0.0001,50,most_parsimonious,Ranked + weighted SHARK,Random 25% immutable,α = 1,1.0,360,1,0,True,1.0,1.0,6.510416657867062,2.5515518136748407,2.0000000013515717,1.0000000013515717,True,2.145600000403647,Optimization terminated successfully
German Credit,2,42,10,300,0.0001,50,most_parsimonious,Ranked + weighted SHARK,Random 25% immutable,α < 1,0.01,360,1,0,True,1.0,1.0,25.7819010416661,5.07758811264436,1.005025125628128,0.005025125628127958,True,2.0881999998891843,Optimization terminated successfully
German Credit,2,42,10,300,0.0001,50,most_parsimonious,Ranked + weighted SHARK,Random 50% immutable,α = 1,1.0,360,1,0,True,1.0,1.0,6.510416657867062,2.5515518136748407,2.0000000013515717,1.0000000013515717,True,2.6267000002917484,Optimization terminated successfully
German Credit,2,42,10,300,0.0001,50,most_parsimonious,Ranked + weighted SHARK,Random 50% immutable,α < 1,0.01,360,1,0,True,1.0,1.0,25.7819010416661,5.07758811264436,1.005025125628128,0.005025125628127958,True,1.8442999999024323,Optimization terminated successfully
German Credit,2,42,10,300,0.0001,50,most_parsimonious,Ranked + weighted SHARK,Random 75% immutable,α = 1,1.0,360,1,0,False,,,,,,,False,4794.940000000224,No feasible counterfactual found.
German Credit,2,42,10,300,0.0001,50,most_parsimonious,Ranked + weighted SHARK,Random 75% immutable,α < 1,0.01,360,1,0,False,,,,,,,False,2285.4537000002892,No feasible counterfactual found.
German Credit,2,42,10,300,0.0001,50,most_parsimonious,Ranked + weighted SHARK,All features mutable,α = 1,1.0,124,1,0,True,1.0,1.0,6.51041666666635,2.551551815399142,2.0000000000000013,1.0000000000000013,True,1.6504000000168162,Optimization terminated successfully
German Credit,2,42,10,300,0.0001,50,most_parsimonious,Ranked + weighted SHARK,All features mutable,α < 1,0.01,124,1,0,False,,,,,,,False,194.34129999990546,No feasible counterfactual found.
German Credit,2,42,10,300,0.0001,50,most_parsimonious,Ranked + weighted SHARK,Random 25% immutable,α = 1,1.0,124,1,0,True,1.0,1.0,6.51041666666635,2.551551815399142,2.0000000000000013,1.0000000000000013,True,1.8923000002359913,Optimization terminated successfully
German Credit,2,42,10,300,0.0001,50,most_parsimonious,Ranked + weighted SHARK,Random 25% immutable,α < 1,0.01,124,1,0,False,,,,,,,False,116.67170000009719,No feasible counterfactual found.
German Credit,2,42,10,300,0.0001,50,most_parsimonious,Ranked + weighted SHARK,Random 50% immutable,α = 1,1.0,124,1,0,False,,,,,,,False,16267.015800000081,No feasible counterfactual found.
German Credit,2,42,10,300,0.0001,50,most_parsimonious,Ranked + weighted SHARK,Random 50% immutable,α < 1,0.01,124,1,0,False,,,,,,,False,13844.878599999902,No feasible counterfactual found.
German Credit,2,42,10,300,0.0001,50,most_parsimonious,Ranked + weighted SHARK,Random 75% immutable,α = 1,1.0,124,1,0,False,,,,,,,False,5722.012200000336,No feasible counterfactual found.
German Credit,2,42,10,300,0.0001,50,most_parsimonious,Ranked + weighted SHARK,Random 75% immutable,α < 1,0.01,124,1,0,False,,,,,,,False,6147.872699999425,No feasible counterfactual found.
German Credit,2,42,10,300,0.0001,50,most_parsimonious,Ranked + weighted SHARK,All features mutable,α = 1,1.0,90,1,0,True,1.0,1.0,6.51041666666636,2.5515518153991437,2.0,1.0,True,1.855000000432483,Optimization terminated successfully
German Credit,2,42,10,300,0.0001,50,most_parsimonious,Ranked + weighted SHARK,All features mutable,α < 1,0.01,90,1,0,False,,,,,,,False,200.74130000011792,No feasible counterfactual found.
German Credit,2,42,10,300,0.0001,50,most_parsimonious,Ranked + weighted SHARK,Random 25% immutable,α = 1,1.0,90,1,0,False,,,,,,,False,26601.24739999992,No feasible counterfactual found.
German Credit,2,42,10,300,0.0001,50,most_parsimonious,Ranked + weighted SHARK,Random 25% immutable,α < 1,0.01,90,1,0,False,,,,,,,False,26560.86570000025,No feasible counterfactual found.
German Credit,2,42,10,300,0.0001,50,most_parsimonious,Ranked + weighted SHARK,Random 50% immutable,α = 1,1.0,90,1,0,False,,,,,,,False,15101.678500000162,No feasible counterfactual found.
German Credit,2,42,10,300,0.0001,50,most_parsimonious,Ranked + weighted SHARK,Random 50% immutable,α < 1,0.01,90,1,0,False,,,,,,,False,15277.314300000398,No feasible counterfactual found.
German Credit,2,42,10,300,0.0001,50,most_parsimonious,Ranked + weighted SHARK,Random 75% immutable,α = 1,1.0,90,1,0,True,1.0,1.0,6.51041666666636,2.5515518153991437,2.0,1.0,True,1.767699999618344,Optimization terminated successfully
German Credit,2,42,10,300,0.0001,50,most_parsimonious,Ranked + weighted SHARK,Random 75% immutable,α < 1,0.01,90,1,0,False,,,,,,,False,25.803499999710766,No feasible counterfactual found.
German Credit,2,42,10,300,0.0001,50,most_parsimonious,Ranked + weighted SHARK,All features mutable,α = 1,1.0,817,1,0,True,1.0,1.0,6.510416659038254,2.5515518139043465,2.000000001171677,1.000000001171677,True,1.8169000004490954,Optimization terminated successfully
German Credit,2,42,10,300,0.0001,50,most_parsimonious,Ranked + weighted SHARK,All features mutable,α < 1,0.01,817,1,0,False,,,,,,,False,194.47310000032303,No feasible counterfactual found.
German Credit,2,42,10,300,0.0001,50,most_parsimonious,Ranked + weighted SHARK,Random 25% immutable,α = 1,1.0,817,1,0,True,1.0,1.0,6.510416659038254,2.5515518139043465,2.000000001171677,1.000000001171677,True,2.0341999997981475,Optimization terminated successfully
German Credit,2,42,10,300,0.0001,50,most_parsimonious,Ranked + weighted SHARK,Random 25% immutable,α < 1,0.01,817,1,0,False,,,,,,,False,125.07840000034776,No feasible counterfactual found.
German Credit,2,42,10,300,0.0001,50,most_parsimonious,Ranked + weighted SHARK,Random 50% immutable,α = 1,1.0,817,1,0,True,1.0,1.0,6.510416659038254,2.5515518139043465,2.000000001171677,1.000000001171677,True,2.117500000167638,Optimization terminated successfully
German Credit,2,42,10,300,0.0001,50,most_parsimonious,Ranked + weighted SHARK,Random 50% immutable,α < 1,0.01,817,1,0,False,,,,,,,False,73.04690000000846,No feasible counterfactual found.
German Credit,2,42,10,300,0.0001,50,most_parsimonious,Ranked + weighted SHARK,Random 75% immutable,α = 1,1.0,817,1,0,True,1.0,1.0,6.510416659038254,2.5515518139043465,2.000000001171677,1.000000001171677,True,2.3765000005369075,Optimization terminated successfully
German Credit,2,42,10,300,0.0001,50,most_parsimonious,Ranked + weighted SHARK,Random 75% immutable,α < 1,0.01,817,1,0,False,,,,,,,False,23.931700000503042,No feasible counterfactual found.
