dataset,n_clusters,seed,n_init,max_iter,tol,n_factuals,solution_type,cf_mode,mask_scenario,alpha_case,alpha,factual_idx,source_cluster,target_cluster,feasible,rank_step,changed_features,weighted_squared_distance,euclidean_distance,rho,tau,positive_tau,runtime_ms,solver_message
Heart Failure,2,42,10,300,0.0001,50,least_cost,Unweighted k-means,All features mutable,α = 1,1.0,275,1,0,True,,10.0,0.1603070986847089,1.3869697848967393,1.7167071844602715,0.7167071844602715,True,2.655899999808753,Optimization terminated successfully
Heart Failure,2,42,10,300,0.0001,50,least_cost,Unweighted k-means,All features mutable,α < 1,0.8881343930637801,275,1,0,True,,10.0,0.19297955513960344,1.5217603824765713,1.5646490887098565,0.5646490887098565,True,3.079900000557245,Optimization terminated successfully
Heart Failure,2,42,10,300,0.0001,50,least_cost,Unweighted k-means,Random 25% immutable,α = 1,1.0,275,1,0,True,,8.0,0.7835196772984123,3.066306593865158,1.0,0.0,False,1.9942000008086325,Optimization terminated successfully
Heart Failure,2,42,10,300,0.0001,50,least_cost,Unweighted k-means,Random 25% immutable,α < 1,0.8881343930637801,275,1,0,True,,8.0,1.018699252630784,3.496339661927801,1.0,0.0,False,1.8873000008170493,Optimization terminated successfully
Heart Failure,2,42,10,300,0.0001,50,least_cost,Unweighted k-means,Random 50% immutable,α = 1,1.0,275,1,0,False,,,,,,,False,11.107000000265543,Positive directional derivative for linesearch
Heart Failure,2,42,10,300,0.0001,50,least_cost,Unweighted k-means,Random 50% immutable,α < 1,0.8881343930637801,275,1,0,False,,,,,,,False,10.638200000357756,Positive directional derivative for linesearch
Heart Failure,2,42,10,300,0.0001,50,least_cost,Unweighted k-means,Random 75% immutable,α = 1,1.0,275,1,0,True,,3.0,0.20063733133687575,1.5516597487988495,1.3716308218700752,0.37163082187007523,True,1.3604000005216221,Optimization terminated successfully
Heart Failure,2,42,10,300,0.0001,50,least_cost,Unweighted k-means,Random 75% immutable,α < 1,0.8881343930637801,275,1,0,True,,3.0,0.24152955959822806,1.7024554957997393,1.2501380163194222,0.25013801631942223,True,1.3812000006510061,Optimization terminated successfully
Heart Failure,2,42,10,300,0.0001,50,least_cost,Unweighted k-means,All features mutable,α = 1,1.0,265,0,1,True,,11.0,0.17867058244720047,1.4642564629758017,1.6454940583049955,0.6454940583049955,True,2.141999999366817,Optimization terminated successfully
Heart Failure,2,42,10,300,0.0001,50,least_cost,Unweighted k-means,All features mutable,α < 1,0.9232154513141368,265,0,1,True,,11.0,0.20167991539421712,1.5556860173989495,1.5487863802625692,0.5487863802625692,True,2.379999999902793,Optimization terminated successfully
Heart Failure,2,42,10,300,0.0001,50,least_cost,Unweighted k-means,Random 25% immutable,α = 1,1.0,265,0,1,True,,8.0,0.866828311653701,3.2252038291934997,1.0,0.0,False,1.910400000269874,Optimization terminated successfully
Heart Failure,2,42,10,300,0.0001,50,least_cost,Unweighted k-means,Random 25% immutable,α < 1,0.9232154513141368,265,0,1,True,,8.0,1.0276308083112498,3.5116334802674096,1.0,0.0,False,1.975299999685376,Optimization terminated successfully
Heart Failure,2,42,10,300,0.0001,50,least_cost,Unweighted k-means,Random 50% immutable,α = 1,1.0,265,0,1,True,,5.0,3.9386921174092064,6.8749040290690955,1.0,0.0,False,1.6591999992670026,Optimization terminated successfully
Heart Failure,2,42,10,300,0.0001,50,least_cost,Unweighted k-means,Random 50% immutable,α < 1,0.9232154513141368,265,0,1,False,,,,,,,False,8.97250000070926,Positive directional derivative for linesearch
Heart Failure,2,42,10,300,0.0001,50,least_cost,Unweighted k-means,Random 75% immutable,α = 1,1.0,265,0,1,True,,3.0,0.23170628694785195,1.6674757699511629,1.2688537165854559,0.26885371658545587,True,1.0025000001405715,Optimization terminated successfully
Heart Failure,2,42,10,300,0.0001,50,least_cost,Unweighted k-means,Random 75% immutable,α < 1,0.9232154513141368,265,0,1,True,,3.0,0.2615455986500611,1.7715945314322725,1.1942816437459391,0.19428164374593915,True,1.559100000122271,Optimization terminated successfully
Heart Failure,2,42,10,300,0.0001,50,least_cost,Unweighted k-means,All features mutable,α = 1,1.0,121,1,0,True,,12.0,0.16812866920085537,1.4204027704880982,1.702408770457051,0.702408770457051,True,2.1605000001727603,Optimization terminated successfully
Heart Failure,2,42,10,300,0.0001,50,least_cost,Unweighted k-means,All features mutable,α < 1,0.8881343930637801,121,1,0,True,,12.0,0.20101673918652815,1.5531261604384683,1.5569283386072286,0.5569283386072286,True,2.0660999998654006,Optimization terminated successfully
Heart Failure,2,42,10,300,0.0001,50,least_cost,Unweighted k-means,Random 25% immutable,α = 1,1.0,121,1,0,True,,9.0,0.1732664968867835,1.4419424269510217,1.6519276728562406,0.6519276728562406,True,1.6616000002613873,Optimization terminated successfully
Heart Failure,2,42,10,300,0.0001,50,least_cost,Unweighted k-means,Random 25% immutable,α < 1,0.8881343930637801,121,1,0,True,,9.0,0.20715959021149927,1.576678496884508,1.510761135730402,0.510761135730402,True,1.9709999996848637,Optimization terminated successfully
Heart Failure,2,42,10,300,0.0001,50,least_cost,Unweighted k-means,Random 50% immutable,α = 1,1.0,121,1,0,True,,6.0,6.058133157457098,8.526288635126376,1.0000000000000022,2.220446049250313e-15,True,1.6354000008504954,Optimization terminated successfully
Heart Failure,2,42,10,300,0.0001,50,least_cost,Unweighted k-means,Random 50% immutable,α < 1,0.8881343930637801,121,1,0,True,,6.0,8.755089170544618,10.249930245935113,1.0,0.0,False,1.6710999998394982,Optimization terminated successfully
Heart Failure,2,42,10,300,0.0001,50,least_cost,Unweighted k-means,Random 75% immutable,α = 1,1.0,121,1,0,False,,,,,,,False,1.924199999848497,Positive directional derivative for linesearch
Heart Failure,2,42,10,300,0.0001,50,least_cost,Unweighted k-means,Random 75% immutable,α < 1,0.8881343930637801,121,1,0,False,,,,,,,False,1.0235999998258194,Positive directional derivative for linesearch
Heart Failure,2,42,10,300,0.0001,50,least_cost,Unweighted k-means,All features mutable,α = 1,1.0,22,0,1,True,,10.0,0.17884661130417065,1.4649775887876402,1.634949018091915,0.6349490180919151,True,2.200099999754457,Optimization terminated successfully
Heart Failure,2,42,10,300,0.0001,50,least_cost,Unweighted k-means,All features mutable,α < 1,0.9232154513141368,22,0,1,True,,10.0,0.2020081768553,1.556951547821447,1.5383674951854325,0.5383674951854325,True,1.9308999999338994,Optimization terminated successfully
Heart Failure,2,42,10,300,0.0001,50,least_cost,Unweighted k-means,Random 25% immutable,α = 1,1.0,22,0,1,True,,7.0,0.2262572180941181,1.647751988962361,1.29235695953935,0.29235695953935004,True,1.9161999998686952,Optimization terminated successfully
Heart Failure,2,42,10,300,0.0001,50,least_cost,Unweighted k-means,Random 25% immutable,α < 1,0.9232154513141368,22,0,1,True,,7.0,0.25555870359663285,1.7512008574574176,1.2160134239590572,0.2160134239590572,True,1.9806999998763786,Optimization terminated successfully
Heart Failure,2,42,10,300,0.0001,50,least_cost,Unweighted k-means,Random 50% immutable,α = 1,1.0,22,0,1,True,,4.0,0.22800357343039793,1.6540988123944638,1.2824583669748708,0.2824583669748708,True,1.6910000003917958,Optimization terminated successfully
Heart Failure,2,42,10,300,0.0001,50,least_cost,Unweighted k-means,Random 50% immutable,α < 1,0.9232154513141368,22,0,1,True,,4.0,0.25753122102400183,1.757946146014724,1.2066995700018512,0.20669957000185124,True,1.4441000002989313,Optimization terminated successfully
Heart Failure,2,42,10,300,0.0001,50,least_cost,Unweighted k-means,Random 75% immutable,α = 1,1.0,22,0,1,False,,,,,,,False,11.343699999997625,Positive directional derivative for linesearch
Heart Failure,2,42,10,300,0.0001,50,least_cost,Unweighted k-means,Random 75% immutable,α < 1,0.9232154513141368,22,0,1,False,,,,,,,False,9.375000000545697,Positive directional derivative for linesearch
Heart Failure,2,42,10,300,0.0001,50,least_cost,Unweighted k-means,All features mutable,α = 1,1.0,232,0,1,True,,9.0,0.04834607604299853,0.7616776959554366,1.7488204385066817,0.7488204385066817,True,1.9990000000689179,Optimization terminated successfully
Heart Failure,2,42,10,300,0.0001,50,least_cost,Unweighted k-means,All features mutable,α < 1,0.9232154513141368,232,0,1,True,,9.0,0.06187518295451445,0.8616856709114835,1.5458508244415325,0.5458508244415325,True,1.4628999997512437,Optimization terminated successfully
Heart Failure,2,42,10,300,0.0001,50,least_cost,Unweighted k-means,Random 25% immutable,α = 1,1.0,232,0,1,True,,7.0,0.5388109700269847,2.5427802972973925,1.0,0.0,False,1.947699999618635,Optimization terminated successfully
Heart Failure,2,42,10,300,0.0001,50,least_cost,Unweighted k-means,Random 25% immutable,α < 1,0.9232154513141368,232,0,1,True,,7.0,0.6912214954968091,2.880044781936855,1.0,0.0,False,1.7389000004186528,Optimization terminated successfully
Heart Failure,2,42,10,300,0.0001,50,least_cost,Unweighted k-means,Random 50% immutable,α = 1,1.0,232,0,1,True,,4.0,0.05256005208830195,0.7941792146988131,2.66011042184834,1.6601104218483398,True,1.1279999998805579,Optimization terminated successfully
Heart Failure,2,42,10,300,0.0001,50,least_cost,Unweighted k-means,Random 50% immutable,α < 1,0.9232154513141368,232,0,1,True,,4.0,0.06726839279745048,0.8984546252145434,2.3513757355969505,1.3513757355969505,True,1.1600000007092603,Optimization terminated successfully
Heart Failure,2,42,10,300,0.0001,50,least_cost,Unweighted k-means,Random 75% immutable,α = 1,1.0,232,0,1,True,,3.0,1.1197507662274022,3.6656526287591444,1.0,0.0,False,1.336000000264903,Optimization terminated successfully
Heart Failure,2,42,10,300,0.0001,50,least_cost,Unweighted k-means,Random 75% immutable,α < 1,0.9232154513141368,232,0,1,True,,3.0,1.4484301021448305,4.169071986154469,1.0,0.0,False,1.3152999999874737,Optimization terminated successfully
Heart Failure,2,42,10,300,0.0001,50,least_cost,Unweighted k-means,All features mutable,α = 1,1.0,286,0,1,True,,11.0,0.08652992220333006,1.0189990512458589,2.1761871697949218,1.1761871697949218,True,1.5339999999923748,Optimization terminated successfully
Heart Failure,2,42,10,300,0.0001,50,least_cost,Unweighted k-means,All features mutable,α < 1,0.9232154513141368,286,0,1,True,,11.0,0.10422377043286402,1.1183403977297646,1.9828780890158306,0.9828780890158306,True,1.4828000003035413,Optimization terminated successfully
Heart Failure,2,42,10,300,0.0001,50,least_cost,Unweighted k-means,Random 25% immutable,α = 1,1.0,286,0,1,True,,8.0,1.2109897635654965,3.812069931518303,1.0,0.0,False,1.8165000001317821,Optimization terminated successfully
Heart Failure,2,42,10,300,0.0001,50,least_cost,Unweighted k-means,Random 25% immutable,α < 1,0.9232154513141368,286,0,1,True,,8.0,1.4895082526159482,4.22777707919793,1.0000000000000007,6.661338147750939e-16,True,1.7826000002969522,Optimization terminated successfully
Heart Failure,2,42,10,300,0.0001,50,least_cost,Unweighted k-means,Random 50% immutable,α = 1,1.0,286,0,1,True,,6.0,0.0922089297273286,1.0519064391512885,2.0421591238693835,1.0421591238693835,True,1.1212999997951556,Optimization terminated successfully
Heart Failure,2,42,10,300,0.0001,50,least_cost,Unweighted k-means,Random 50% immutable,α < 1,0.9232154513141368,286,0,1,True,,6.0,0.11106403456171243,1.1544558955371786,1.8607556586471155,0.8607556586471155,True,1.1632999994617421,Optimization terminated successfully
Heart Failure,2,42,10,300,0.0001,50,least_cost,Unweighted k-means,Random 75% immutable,α = 1,1.0,286,0,1,False,,,,,,,False,2.9274999997142004,Positive directional derivative for linesearch
Heart Failure,2,42,10,300,0.0001,50,least_cost,Unweighted k-means,Random 75% immutable,α < 1,0.9232154513141368,286,0,1,False,,,,,,,False,15.960499999891908,Inequality constraints incompatible
Heart Failure,2,42,10,300,0.0001,50,least_cost,Unweighted k-means,All features mutable,α = 1,1.0,177,1,0,True,,10.0,0.10989455569775225,1.1483617323705222,2.068534174830183,1.0685341748301829,True,1.5278000000762404,Optimization terminated successfully
Heart Failure,2,42,10,300,0.0001,50,least_cost,Unweighted k-means,All features mutable,α < 1,0.8881343930637801,177,1,0,True,,10.0,0.13727456902185697,1.2834698392491675,1.8507840354745808,0.8507840354745808,True,1.6092000005301088,Optimization terminated successfully
Heart Failure,2,42,10,300,0.0001,50,least_cost,Unweighted k-means,Random 25% immutable,α = 1,1.0,177,1,0,True,,8.0,0.1130950817351444,1.1649639397087503,2.0099958421772373,1.0099958421772373,True,1.2950000000273576,Optimization terminated successfully
Heart Failure,2,42,10,300,0.0001,50,least_cost,Unweighted k-means,Random 25% immutable,α < 1,0.8881343930637801,177,1,0,True,,8.0,0.14127249985324947,1.3020253446991705,1.7984079071013752,0.7984079071013752,True,1.32469999971363,Optimization terminated successfully
Heart Failure,2,42,10,300,0.0001,50,least_cost,Unweighted k-means,Random 50% immutable,α = 1,1.0,177,1,0,True,,5.0,0.1157520191543237,1.1785687208864337,1.9638589953527683,0.9638589953527683,True,1.0808999995788326,Optimization terminated successfully
Heart Failure,2,42,10,300,0.0001,50,least_cost,Unweighted k-means,Random 50% immutable,α < 1,0.8881343930637801,177,1,0,True,,5.0,0.14459140802681722,1.317230768059191,1.7571277868258246,0.7571277868258246,True,1.1710999997376348,Optimization terminated successfully
Heart Failure,2,42,10,300,0.0001,50,least_cost,Unweighted k-means,Random 75% immutable,α = 1,1.0,177,1,0,False,,,,,,,False,9.621799999877112,Positive directional derivative for linesearch
Heart Failure,2,42,10,300,0.0001,50,least_cost,Unweighted k-means,Random 75% immutable,α < 1,0.8881343930637801,177,1,0,False,,,,,,,False,8.86389999959647,Positive directional derivative for linesearch
Heart Failure,2,42,10,300,0.0001,50,least_cost,Unweighted k-means,All features mutable,α = 1,1.0,204,0,1,True,,11.0,0.23065940310644203,1.6637045522800329,1.0,0.0,False,2.3755000001983717,Optimization terminated successfully
Heart Failure,2,42,10,300,0.0001,50,least_cost,Unweighted k-means,All features mutable,α < 1,0.9232154513141368,204,0,1,True,,11.0,0.2567755062853577,1.7553649408098284,1.0,0.0,False,1.931499999955122,Optimization terminated successfully
Heart Failure,2,42,10,300,0.0001,50,least_cost,Unweighted k-means,Random 25% immutable,α = 1,1.0,204,0,1,True,,8.0,0.24512398071652666,1.715076607209812,1.0,0.0,False,1.3562000003730645,Optimization terminated successfully
Heart Failure,2,42,10,300,0.0001,50,least_cost,Unweighted k-means,Random 25% immutable,α < 1,0.9232154513141368,204,0,1,True,,8.0,0.27287887709866715,1.8095708124259757,1.0,0.0,False,1.7719000006763963,Optimization terminated successfully
Heart Failure,2,42,10,300,0.0001,50,least_cost,Unweighted k-means,Random 50% immutable,α = 1,1.0,204,0,1,True,,5.0,4.315911342405493,7.196591978767861,1.0000000000000018,1.7763568394002505e-15,True,1.6205000001718872,Optimization terminated successfully
Heart Failure,2,42,10,300,0.0001,50,least_cost,Unweighted k-means,Random 50% immutable,α < 1,0.9232154513141368,204,0,1,True,,5.0,5.015188253838838,7.757722542477661,1.0,0.0,False,1.8685000004552421,Optimization terminated successfully
Heart Failure,2,42,10,300,0.0001,50,least_cost,Unweighted k-means,Random 75% immutable,α = 1,1.0,204,0,1,True,,3.0,0.2993636014150575,1.8953530586623408,1.1144796693934913,0.1144796693934913,True,0.9423000001334003,Optimization terminated successfully
Heart Failure,2,42,10,300,0.0001,50,least_cost,Unweighted k-means,Random 75% immutable,α < 1,0.9232154513141368,204,0,1,True,,3.0,0.3332139746709344,1.9996418919524597,1.0563553699362869,0.05635536993628687,True,1.34760000037204,Optimization terminated successfully
Heart Failure,2,42,10,300,0.0001,50,least_cost,Unweighted k-means,All features mutable,α = 1,1.0,79,1,0,True,,10.0,0.14283388559533078,1.3092007589151364,1.8186828732839595,0.8186828732839595,True,2.137899999979709,Optimization terminated successfully
Heart Failure,2,42,10,300,0.0001,50,least_cost,Unweighted k-means,All features mutable,α < 1,0.8881343930637801,79,1,0,True,,10.0,0.17375925313601479,1.443991356494968,1.648916377061643,0.6489163770616431,True,2.2292000003290013,Optimization terminated successfully
Heart Failure,2,42,10,300,0.0001,50,least_cost,Unweighted k-means,Random 25% immutable,α = 1,1.0,79,1,0,True,,8.0,0.14507765780806944,1.3194437819387506,1.7905551097264705,0.7905551097264705,True,1.8867999997382867,Optimization terminated successfully
Heart Failure,2,42,10,300,0.0001,50,least_cost,Unweighted k-means,Random 25% immutable,α < 1,0.8881343930637801,79,1,0,True,,8.0,0.1764888308007813,1.4552889642986289,1.6234142254747301,0.6234142254747301,True,2.040699999270146,Optimization terminated successfully
Heart Failure,2,42,10,300,0.0001,50,least_cost,Unweighted k-means,Random 50% immutable,α = 1,1.0,79,1,0,True,,5.0,1.3018660904316623,3.9525173099152835,1.0,0.0,False,1.5639000002920511,Optimization terminated successfully
Heart Failure,2,42,10,300,0.0001,50,least_cost,Unweighted k-means,Random 50% immutable,α < 1,0.8881343930637801,79,1,0,True,,5.0,2.2327919701918364,5.176244163706155,1.0,0.0,False,1.7451000003347872,Optimization terminated successfully
Heart Failure,2,42,10,300,0.0001,50,least_cost,Unweighted k-means,Random 75% immutable,α = 1,1.0,79,1,0,False,,,,,,,False,5.40039999941655,Positive directional derivative for linesearch
Heart Failure,2,42,10,300,0.0001,50,least_cost,Unweighted k-means,Random 75% immutable,α < 1,0.8881343930637801,79,1,0,False,,,,,,,False,3.939100000025064,Positive directional derivative for linesearch
Heart Failure,2,42,10,300,0.0001,50,least_cost,Unweighted k-means,All features mutable,α = 1,1.0,131,0,1,True,,9.0,0.03206937705554376,0.6203487121502914,3.5093705600765905,2.5093705600765905,True,1.600499999767635,Optimization terminated successfully
Heart Failure,2,42,10,300,0.0001,50,least_cost,Unweighted k-means,All features mutable,α < 1,0.9232154513141368,131,0,1,True,,9.0,0.04338476898676614,0.72153809867615,3.017212132595209,2.017212132595209,True,1.471300000048359,Optimization terminated successfully
Heart Failure,2,42,10,300,0.0001,50,least_cost,Unweighted k-means,Random 25% immutable,α = 1,1.0,131,0,1,True,,7.0,0.032454059490372875,0.6240582616106244,3.4677735065705737,2.4677735065705737,True,1.4128000002529006,Optimization terminated successfully
Heart Failure,2,42,10,300,0.0001,50,least_cost,Unweighted k-means,Random 25% immutable,α < 1,0.9232154513141368,131,0,1,True,,7.0,0.043905183239253576,0.7258527391083145,2.9814486960696245,1.9814486960696245,True,1.2364999993224046,Optimization terminated successfully
Heart Failure,2,42,10,300,0.0001,50,least_cost,Unweighted k-means,Random 50% immutable,α = 1,1.0,131,0,1,True,,4.0,0.03380428535867059,0.6369077046982923,3.3292621503356843,2.3292621503356843,True,1.0545999994064914,Optimization terminated successfully
Heart Failure,2,42,10,300,0.0001,50,least_cost,Unweighted k-means,Random 50% immutable,α < 1,0.9232154513141368,131,0,1,True,,4.0,0.0457318239940702,0.7407981424982398,2.8623623544674723,1.8623623544674723,True,1.1074000003645779,Optimization terminated successfully
Heart Failure,2,42,10,300,0.0001,50,least_cost,Unweighted k-means,Random 75% immutable,α = 1,1.0,131,0,1,True,,2.0,0.03398773608961881,0.6386335671380152,3.3112922686871924,2.3112922686871924,True,0.9070000005522161,Optimization terminated successfully
Heart Failure,2,42,10,300,0.0001,50,least_cost,Unweighted k-means,Random 75% immutable,α < 1,0.9232154513141368,131,0,1,True,,2.0,0.04598000370429322,0.742805522631273,2.846912588863129,1.846912588863129,True,0.9478000001763576,Optimization terminated successfully
Heart Failure,2,42,10,300,0.0001,50,least_cost,Unweighted k-means,All features mutable,α = 1,1.0,103,0,1,True,,12.0,0.41299160012621294,2.226184898321466,1.086210813483085,0.08621081348308501,True,2.30219999957626,Optimization terminated successfully
Heart Failure,2,42,10,300,0.0001,50,least_cost,Unweighted k-means,All features mutable,α < 1,0.9232154513141368,103,0,1,True,,12.0,0.4474846220810839,2.317286228538246,1.043507732113134,0.04350773211313408,True,2.1565000006376067,Optimization terminated successfully
Heart Failure,2,42,10,300,0.0001,50,least_cost,Unweighted k-means,Random 25% immutable,α = 1,1.0,103,0,1,True,,9.0,0.4150386339073845,2.231695231631912,1.080853455211406,0.08085345521140597,True,2.020200000515615,Optimization terminated successfully
Heart Failure,2,42,10,300,0.0001,50,least_cost,Unweighted k-means,Random 25% immutable,α < 1,0.9232154513141368,103,0,1,True,,9.0,0.44970262394280375,2.3230220591534736,1.0383609941678833,0.0383609941678833,True,1.7719999996188562,Optimization terminated successfully
Heart Failure,2,42,10,300,0.0001,50,least_cost,Unweighted k-means,Random 50% immutable,α = 1,1.0,103,0,1,False,,,,,,,False,22.61689999977534,Positive directional derivative for linesearch
Heart Failure,2,42,10,300,0.0001,50,least_cost,Unweighted k-means,Random 50% immutable,α < 1,0.9232154513141368,103,0,1,False,,,,,,,False,2.3445000006176997,Positive directional derivative for linesearch
Heart Failure,2,42,10,300,0.0001,50,least_cost,Unweighted k-means,Random 75% immutable,α = 1,1.0,103,0,1,False,,,,,,,False,1.168899999356654,Positive directional derivative for linesearch
Heart Failure,2,42,10,300,0.0001,50,least_cost,Unweighted k-means,Random 75% immutable,α < 1,0.9232154513141368,103,0,1,False,,,,,,,False,3.1732999996165745,Positive directional derivative for linesearch
Heart Failure,2,42,10,300,0.0001,50,least_cost,Unweighted k-means,All features mutable,α = 1,1.0,202,0,1,True,,10.0,0.02644493615399754,0.5633287085245794,1.6502049408225437,0.6502049408225437,True,4.748800000015763,Optimization terminated successfully
Heart Failure,2,42,10,300,0.0001,50,least_cost,Unweighted k-means,All features mutable,α < 1,0.9232154513141368,202,0,1,True,,10.0,0.03667159139424019,0.6633695024124054,1.4013424175370475,0.40134241753704747,True,1.4602000001104898,Optimization terminated successfully
Heart Failure,2,42,10,300,0.0001,50,least_cost,Unweighted k-means,Random 25% immutable,α = 1,1.0,202,0,1,True,,7.0,0.027350354184737316,0.57289113295359,1.5955758398310402,0.5955758398310402,True,1.2968999999429798,Optimization terminated successfully
Heart Failure,2,42,10,300,0.0001,50,least_cost,Unweighted k-means,Random 25% immutable,α < 1,0.9232154513141368,202,0,1,True,,7.0,0.03792714821904716,0.6746301050416932,1.3549517693622035,0.3549517693622035,True,1.2992000001759152,Optimization terminated successfully
Heart Failure,2,42,10,300,0.0001,50,least_cost,Unweighted k-means,Random 50% immutable,α = 1,1.0,202,0,1,True,,6.0,0.027485461609794603,0.5743043960458036,1.5877326344988292,0.5877326344988292,True,1.1921999994228827,Optimization terminated successfully
Heart Failure,2,42,10,300,0.0001,50,least_cost,Unweighted k-means,Random 50% immutable,α < 1,0.9232154513141368,202,0,1,True,,6.0,0.03811450372098613,0.6762943476414938,1.34829137450141,0.34829137450141,True,1.0961000007227995,Optimization terminated successfully
Heart Failure,2,42,10,300,0.0001,50,least_cost,Unweighted k-means,Random 75% immutable,α = 1,1.0,202,0,1,True,,3.0,0.027827396560440445,0.5778656926356551,3.7147620955165834,2.7147620955165834,True,0.995399999737856,Optimization terminated successfully
Heart Failure,2,42,10,300,0.0001,50,least_cost,Unweighted k-means,Random 75% immutable,α < 1,0.9232154513141368,202,0,1,True,,3.0,0.03858867006238593,0.6804880900858084,3.1545498044069245,2.1545498044069245,True,1.0186999998040847,Optimization terminated successfully
Heart Failure,2,42,10,300,0.0001,50,least_cost,Unweighted k-means,All features mutable,α = 1,1.0,109,0,1,True,,10.0,0.044524072656003645,0.7309506630902279,3.245571678412411,2.245571678412411,True,1.5411000003950903,Optimization terminated successfully
Heart Failure,2,42,10,300,0.0001,50,least_cost,Unweighted k-means,All features mutable,α < 1,0.9232154513141368,109,0,1,True,,10.0,0.0565551035124582,0.8238089840184425,2.8797364471628226,1.8797364471628226,True,1.4162999996187864,Optimization terminated successfully
Heart Failure,2,42,10,300,0.0001,50,least_cost,Unweighted k-means,Random 25% immutable,α = 1,1.0,109,0,1,True,,7.0,0.04598927658268406,0.7428804203855481,3.1421687839365333,2.1421687839365333,True,1.2705999997706385,Optimization terminated successfully
Heart Failure,2,42,10,300,0.0001,50,least_cost,Unweighted k-means,Random 25% immutable,α < 1,0.9232154513141368,109,0,1,True,,7.0,0.058416225996755874,0.8372542695985912,2.7879889556878914,1.7879889556878914,True,1.2798999996448401,Optimization terminated successfully
Heart Failure,2,42,10,300,0.0001,50,least_cost,Unweighted k-means,Random 50% immutable,α = 1,1.0,109,0,1,True,,5.0,0.21951613783405874,1.6230199179334506,1.0102225447526925,0.010222544752692464,True,1.278200000342622,Optimization terminated successfully
Heart Failure,2,42,10,300,0.0001,50,least_cost,Unweighted k-means,Random 50% immutable,α < 1,0.9232154513141368,109,0,1,True,,5.0,0.2789209502872427,1.8294948492539989,1.0,0.0,False,1.6071999998530373,Optimization terminated successfully
Heart Failure,2,42,10,300,0.0001,50,least_cost,Unweighted k-means,Random 75% immutable,α = 1,1.0,109,0,1,False,,,,,,,False,8.443199999419448,Positive directional derivative for linesearch
Heart Failure,2,42,10,300,0.0001,50,least_cost,Unweighted k-means,Random 75% immutable,α < 1,0.9232154513141368,109,0,1,False,,,,,,,False,9.770700000444776,Positive directional derivative for linesearch
Heart Failure,2,42,10,300,0.0001,50,least_cost,Unweighted k-means,All features mutable,α = 1,1.0,19,1,0,True,,11.0,0.13340603192984757,1.2652558567966286,1.899928739651056,0.899928739651056,True,2.08199999997305,Optimization terminated successfully
Heart Failure,2,42,10,300,0.0001,50,least_cost,Unweighted k-means,All features mutable,α < 1,0.8881343930637801,19,1,0,True,,11.0,0.16304501764017806,1.398763815546476,1.7185860384251281,0.7185860384251281,True,2.135900000212132,Optimization terminated successfully
Heart Failure,2,42,10,300,0.0001,50,least_cost,Unweighted k-means,Random 25% immutable,α = 1,1.0,19,1,0,True,,8.0,1.9249137437429888,4.806138254869065,1.0,0.0,False,1.8120000004273606,Optimization terminated successfully
Heart Failure,2,42,10,300,0.0001,50,least_cost,Unweighted k-means,Random 25% immutable,α < 1,0.8881343930637801,19,1,0,True,,8.0,2.4575639735757817,5.430540275415456,1.0,0.0,False,1.9096999994872021,Optimization terminated successfully
Heart Failure,2,42,10,300,0.0001,50,least_cost,Unweighted k-means,Random 50% immutable,α = 1,1.0,19,1,0,False,,,,,,,False,10.00700000076904,Positive directional derivative for linesearch
Heart Failure,2,42,10,300,0.0001,50,least_cost,Unweighted k-means,Random 50% immutable,α < 1,0.8881343930637801,19,1,0,False,,,,,,,False,8.37009999941074,Positive directional derivative for linesearch
Heart Failure,2,42,10,300,0.0001,50,least_cost,Unweighted k-means,Random 75% immutable,α = 1,1.0,19,1,0,False,,,,,,,False,1.0392999993200647,Positive directional derivative for linesearch
Heart Failure,2,42,10,300,0.0001,50,least_cost,Unweighted k-means,Random 75% immutable,α < 1,0.8881343930637801,19,1,0,False,,,,,,,False,4.639800000404648,Positive directional derivative for linesearch
Heart Failure,2,42,10,300,0.0001,50,least_cost,Unweighted k-means,All features mutable,α = 1,1.0,208,1,0,True,,11.0,0.13741854459349656,1.284142723813034,1.8719850341023814,0.8719850341023814,True,1.9040000006498303,Optimization terminated successfully
Heart Failure,2,42,10,300,0.0001,50,least_cost,Unweighted k-means,All features mutable,α < 1,0.8881343930637801,208,1,0,True,,11.0,0.16747778814758388,1.4176506825628825,1.6956899104278553,0.6956899104278553,True,1.9980999995823367,Optimization terminated successfully
Heart Failure,2,42,10,300,0.0001,50,least_cost,Unweighted k-means,Random 25% immutable,α = 1,1.0,208,1,0,True,,9.0,0.13876757029629086,1.2904304876883101,1.853786571121528,0.853786571121528,True,1.8468999996912316,Optimization terminated successfully
Heart Failure,2,42,10,300,0.0001,50,least_cost,Unweighted k-means,Random 25% immutable,α < 1,0.8881343930637801,208,1,0,True,,9.0,0.16912190278674394,1.4245921638984709,1.6792052974462692,0.6792052974462692,True,1.8835999999282649,Optimization terminated successfully
Heart Failure,2,42,10,300,0.0001,50,least_cost,Unweighted k-means,Random 50% immutable,α = 1,1.0,208,1,0,True,,6.0,4.396801420688182,7.263719229723723,1.0,0.0,False,1.718599999549042,Optimization terminated successfully
Heart Failure,2,42,10,300,0.0001,50,least_cost,Unweighted k-means,Random 50% immutable,α < 1,0.8881343930637801,208,1,0,True,,6.0,6.802736683195788,9.035089385188698,1.0,0.0,False,1.7178000007334049,Optimization terminated successfully
Heart Failure,2,42,10,300,0.0001,50,least_cost,Unweighted k-means,Random 75% immutable,α = 1,1.0,208,1,0,False,,,,,,,False,14.189399999850139,Positive directional derivative for linesearch
Heart Failure,2,42,10,300,0.0001,50,least_cost,Unweighted k-means,Random 75% immutable,α < 1,0.8881343930637801,208,1,0,False,,,,,,,False,46.2708000004568,Positive directional derivative for linesearch
Heart Failure,2,42,10,300,0.0001,50,least_cost,Unweighted k-means,All features mutable,α = 1,1.0,136,1,0,True,,11.0,0.1911858392223856,1.514671604892832,1.5870740247577837,0.5870740247577837,True,2.1155000004000613,Optimization terminated successfully
Heart Failure,2,42,10,300,0.0001,50,least_cost,Unweighted k-means,All features mutable,α < 1,0.8881343930637801,136,1,0,True,,11.0,0.2263746561674477,1.6481795636426793,1.4585158156923432,0.45851581569234323,True,2.328999999917869,Optimization terminated successfully
Heart Failure,2,42,10,300,0.0001,50,least_cost,Unweighted k-means,Random 25% immutable,α = 1,1.0,136,1,0,True,,8.0,0.19888667759724737,1.5448754419586612,1.52562294849073,0.52562294849073,True,1.914299999953073,Optimization terminated successfully
Heart Failure,2,42,10,300,0.0001,50,least_cost,Unweighted k-means,Random 25% immutable,α < 1,0.8881343930637801,136,1,0,True,,8.0,0.2354928766716492,1.6810456626932508,1.402042478123224,0.4020424781232239,True,1.9511999998940155,Optimization terminated successfully
Heart Failure,2,42,10,300,0.0001,50,least_cost,Unweighted k-means,Random 50% immutable,α = 1,1.0,136,1,0,True,,5.0,1.1440063785856416,3.705141905923132,1.0000000000000016,1.5543122344752192e-15,True,1.6416999997090898,Optimization terminated successfully
Heart Failure,2,42,10,300,0.0001,50,least_cost,Unweighted k-means,Random 50% immutable,α < 1,0.8881343930637801,136,1,0,True,,5.0,1.6721769662898682,4.479522697283542,1.0,0.0,False,1.6748000007282826,Optimization terminated successfully
Heart Failure,2,42,10,300,0.0001,50,least_cost,Unweighted k-means,Random 75% immutable,α = 1,1.0,136,1,0,False,,,,,,,False,3.5766000000876375,Positive directional derivative for linesearch
Heart Failure,2,42,10,300,0.0001,50,least_cost,Unweighted k-means,Random 75% immutable,α < 1,0.8881343930637801,136,1,0,False,,,,,,,False,8.244999999988067,Positive directional derivative for linesearch
Heart Failure,2,42,10,300,0.0001,50,least_cost,Unweighted k-means,All features mutable,α = 1,1.0,135,0,1,True,,11.0,0.1057870269733777,1.126696198484992,1.9681726630327803,0.9681726630327803,True,2.2224000003916444,Optimization terminated successfully
Heart Failure,2,42,10,300,0.0001,50,least_cost,Unweighted k-means,All features mutable,α < 1,0.9232154513141368,135,0,1,True,,11.0,0.1252640053559019,1.2260375460281885,1.8086988248412073,0.8086988248412073,True,1.5839999996387633,Optimization terminated successfully
Heart Failure,2,42,10,300,0.0001,50,least_cost,Unweighted k-means,Random 25% immutable,α = 1,1.0,135,0,1,True,,8.0,0.11366552633508806,1.1678982472891448,1.831752708529711,0.831752708529711,True,1.3019999996686238,Optimization terminated successfully
Heart Failure,2,42,10,300,0.0001,50,least_cost,Unweighted k-means,Random 25% immutable,α < 1,0.9232154513141368,135,0,1,True,,8.0,0.13459305494834944,1.270872400904274,1.6833324724375163,0.6833324724375163,True,1.4387999999598833,Optimization terminated successfully
Heart Failure,2,42,10,300,0.0001,50,least_cost,Unweighted k-means,Random 50% immutable,α = 1,1.0,135,0,1,True,,5.0,0.11255819036079139,1.1621954587458585,1.8497733042181346,0.8497733042181346,True,1.1147000004712027,Optimization terminated successfully
Heart Failure,2,42,10,300,0.0001,50,least_cost,Unweighted k-means,Random 50% immutable,α < 1,0.9232154513141368,135,0,1,True,,5.0,0.13328184077098373,1.2646667898113735,1.6998929338602715,0.6998929338602715,True,1.166400000329304,Optimization terminated successfully
Heart Failure,2,42,10,300,0.0001,50,least_cost,Unweighted k-means,Random 75% immutable,α = 1,1.0,135,0,1,False,,,,,,,False,2.652999999554595,Positive directional derivative for linesearch
Heart Failure,2,42,10,300,0.0001,50,least_cost,Unweighted k-means,Random 75% immutable,α < 1,0.9232154513141368,135,0,1,False,,,,,,,False,1.0520999994696467,Positive directional derivative for linesearch
Heart Failure,2,42,10,300,0.0001,50,least_cost,Unweighted k-means,All features mutable,α = 1,1.0,220,0,1,True,,11.0,0.1651739045721202,1.407866064249523,1.5751020196157517,0.5751020196157517,True,2.1932999998171,Optimization terminated successfully
Heart Failure,2,42,10,300,0.0001,50,least_cost,Unweighted k-means,All features mutable,α < 1,0.9232154513141368,220,0,1,True,,11.0,0.18930618185016732,1.5072074118056904,1.47128567303576,0.47128567303575997,True,2.1885000005568145,Optimization terminated successfully
Heart Failure,2,42,10,300,0.0001,50,least_cost,Unweighted k-means,Random 25% immutable,α = 1,1.0,220,0,1,True,,8.0,0.16755596012807675,1.417981495484663,1.5527096165247178,0.5527096165247178,True,1.8624999993335223,Optimization terminated successfully
Heart Failure,2,42,10,300,0.0001,50,least_cost,Unweighted k-means,Random 25% immutable,α < 1,0.9232154513141368,220,0,1,True,,8.0,0.19203626105620963,1.5180366045239213,1.4503691740557632,0.45036917405576316,True,1.7002000004140427,Optimization terminated successfully
Heart Failure,2,42,10,300,0.0001,50,least_cost,Unweighted k-means,Random 50% immutable,α = 1,1.0,220,0,1,True,,5.0,3.0535130009018605,6.053276469055608,1.0,0.0,False,1.4626000001953798,Optimization terminated successfully
Heart Failure,2,42,10,300,0.0001,50,least_cost,Unweighted k-means,Random 50% immutable,α < 1,0.9232154513141368,220,0,1,True,,5.0,3.684666768353316,6.649511351989693,1.0000000000000009,8.881784197001252e-16,True,1.5330999995057937,Optimization terminated successfully
Heart Failure,2,42,10,300,0.0001,50,least_cost,Unweighted k-means,Random 75% immutable,α = 1,1.0,220,0,1,False,,,,,,,False,4.528800000116462,Positive directional derivative for linesearch
Heart Failure,2,42,10,300,0.0001,50,least_cost,Unweighted k-means,Random 75% immutable,α < 1,0.9232154513141368,220,0,1,False,,,,,,,False,9.428000000298198,Positive directional derivative for linesearch
Heart Failure,2,42,10,300,0.0001,50,least_cost,Unweighted k-means,All features mutable,α = 1,1.0,51,1,0,True,,11.0,0.13624204483988983,1.278633856144392,1.8690299457625406,0.8690299457625406,True,2.1977000005790615,Optimization terminated successfully
Heart Failure,2,42,10,300,0.0001,50,least_cost,Unweighted k-means,All features mutable,α < 1,0.8881343930637801,51,1,0,True,,11.0,0.1663640339650515,1.4129290171769486,1.691383599462732,0.691383599462732,True,1.912899999297224,Optimization terminated successfully
Heart Failure,2,42,10,300,0.0001,50,least_cost,Unweighted k-means,Random 25% immutable,α = 1,1.0,51,1,0,True,,9.0,0.6345299132932164,2.759412792519198,1.0000000000000007,6.661338147750939e-16,True,1.9224999996367842,Optimization terminated successfully
Heart Failure,2,42,10,300,0.0001,50,least_cost,Unweighted k-means,Random 25% immutable,α < 1,0.8881343930637801,51,1,0,True,,9.0,0.855853455967652,3.204721746362986,1.0,0.0,False,1.9320000001243898,Optimization terminated successfully
Heart Failure,2,42,10,300,0.0001,50,least_cost,Unweighted k-means,Random 50% immutable,α = 1,1.0,51,1,0,True,,5.0,0.14428295808104172,1.3158250252113692,1.7648685942340379,0.7648685942340379,True,1.7214999998032,Optimization terminated successfully
Heart Failure,2,42,10,300,0.0001,50,least_cost,Unweighted k-means,Random 50% immutable,α < 1,0.8881343930637801,51,1,0,True,,5.0,0.17618272660969797,1.4540263819189718,1.5971225093687782,0.5971225093687782,True,1.556700000037381,Optimization terminated successfully
Heart Failure,2,42,10,300,0.0001,50,least_cost,Unweighted k-means,Random 75% immutable,α = 1,1.0,51,1,0,False,,,,,,,False,1.7518999993626494,Positive directional derivative for linesearch
Heart Failure,2,42,10,300,0.0001,50,least_cost,Unweighted k-means,Random 75% immutable,α < 1,0.8881343930637801,51,1,0,False,,,,,,,False,2.859100000023318,Positive directional derivative for linesearch
Heart Failure,2,42,10,300,0.0001,50,least_cost,Unweighted k-means,All features mutable,α = 1,1.0,225,1,0,True,,10.0,0.13987322093659044,1.2955611337328259,1.8487461608246853,0.8487461608246853,True,1.9454000002951943,Optimization terminated successfully
Heart Failure,2,42,10,300,0.0001,50,least_cost,Unweighted k-means,All features mutable,α < 1,0.8881343930637801,225,1,0,True,,10.0,0.1703024907170963,1.429555836127136,1.6754600352509368,0.6754600352509368,True,1.9572999999581953,Optimization terminated successfully
Heart Failure,2,42,10,300,0.0001,50,least_cost,Unweighted k-means,Random 25% immutable,α = 1,1.0,225,1,0,True,,8.0,0.1404674468032994,1.2983101946913893,1.840925327631178,0.8409253276311781,True,1.7346000004181406,Optimization terminated successfully
Heart Failure,2,42,10,300,0.0001,50,least_cost,Unweighted k-means,Random 25% immutable,α < 1,0.8881343930637801,225,1,0,True,,8.0,0.1710259897862638,1.4325892214571367,1.66837226091939,0.6683722609193901,True,1.7738000005920185,Optimization terminated successfully
Heart Failure,2,42,10,300,0.0001,50,least_cost,Unweighted k-means,Random 50% immutable,α = 1,1.0,225,1,0,False,,,,,,,False,1.695099999778904,Inequality constraints incompatible
Heart Failure,2,42,10,300,0.0001,50,least_cost,Unweighted k-means,Random 50% immutable,α < 1,0.8881343930637801,225,1,0,False,,,,,,,False,17.4685000001773,Positive directional derivative for linesearch
Heart Failure,2,42,10,300,0.0001,50,least_cost,Unweighted k-means,Random 75% immutable,α = 1,1.0,225,1,0,True,,2.0,0.18186166742273263,1.4772745205522202,1.4219053549456617,0.4219053549456617,True,1.0585999998511397,Optimization terminated successfully
Heart Failure,2,42,10,300,0.0001,50,least_cost,Unweighted k-means,Random 75% immutable,α < 1,0.8881343930637801,225,1,0,True,,2.0,0.22142547887773376,1.630063111211589,1.288627745198103,0.28862774519810297,True,1.3748999999734224,Optimization terminated successfully
Heart Failure,2,42,10,300,0.0001,50,least_cost,Unweighted k-means,All features mutable,α = 1,1.0,156,1,0,True,,10.0,0.0972646468618353,1.0803590895355226,2.198736995954745,1.1987369959547451,True,2.5270999994972954,Optimization terminated successfully
Heart Failure,2,42,10,300,0.0001,50,least_cost,Unweighted k-means,All features mutable,α < 1,0.8881343930637801,156,1,0,True,,10.0,0.12311337548340731,1.2154671965137058,1.9543312281885483,0.9543312281885483,True,2.126200000020617,Optimization terminated successfully
Heart Failure,2,42,10,300,0.0001,50,least_cost,Unweighted k-means,Random 25% immutable,α = 1,1.0,156,1,0,True,,7.0,0.09948354004588614,1.0926126855160678,2.1496960959005325,1.1496960959005325,True,1.7770000004020403,Optimization terminated successfully
Heart Failure,2,42,10,300,0.0001,50,least_cost,Unweighted k-means,Random 25% immutable,α < 1,0.8881343930637801,156,1,0,True,,7.0,0.1259219543302898,1.2292532090515271,1.9107415840561057,0.9107415840561057,True,1.6795000001366134,Optimization terminated successfully
Heart Failure,2,42,10,300,0.0001,50,least_cost,Unweighted k-means,Random 50% immutable,α = 1,1.0,156,1,0,True,,5.0,0.10263335742499657,1.1097748821720372,2.0837219311851127,1.0837219311851127,True,1.5969999994922546,Optimization terminated successfully
Heart Failure,2,42,10,300,0.0001,50,least_cost,Unweighted k-means,Random 50% immutable,α < 1,0.8881343930637801,156,1,0,True,,5.0,0.12990885668597743,1.2485616845922067,1.8521009325694329,0.8521009325694329,True,1.447300000108953,Optimization terminated successfully
Heart Failure,2,42,10,300,0.0001,50,least_cost,Unweighted k-means,Random 75% immutable,α = 1,1.0,156,1,0,False,,,,,,,False,3.4553000004962087,Positive directional derivative for linesearch
Heart Failure,2,42,10,300,0.0001,50,least_cost,Unweighted k-means,Random 75% immutable,α < 1,0.8881343930637801,156,1,0,False,,,,,,,False,5.850999999893247,Positive directional derivative for linesearch
Heart Failure,2,42,10,300,0.0001,50,least_cost,Unweighted k-means,All features mutable,α = 1,1.0,227,0,1,True,,9.0,0.07756678753768452,0.9647805193162922,2.2725297089224177,1.2725297089224177,True,1.5346000000135973,Optimization terminated successfully
Heart Failure,2,42,10,300,0.0001,50,least_cost,Unweighted k-means,All features mutable,α < 1,0.9232154513141368,227,0,1,True,,9.0,0.09456427362992394,1.0652564402805023,2.058182707612556,1.058182707612556,True,1.477599999816448,Optimization terminated successfully
Heart Failure,2,42,10,300,0.0001,50,least_cost,Unweighted k-means,Random 25% immutable,α = 1,1.0,227,0,1,True,,7.0,0.8934558503581648,3.2743656186043086,1.0843600034114866,0.08436000341148664,True,1.8807999995260616,Optimization terminated successfully
Heart Failure,2,42,10,300,0.0001,50,least_cost,Unweighted k-means,Random 25% immutable,α < 1,0.9232154513141368,227,0,1,True,,7.0,1.0894111802009139,3.615651277766008,1.0,0.0,False,1.8043999998553772,Optimization terminated successfully
Heart Failure,2,42,10,300,0.0001,50,least_cost,Unweighted k-means,Random 50% immutable,α = 1,1.0,227,0,1,True,,4.0,0.08236304480356804,0.9941612231639377,2.140193208641936,1.1401932086419362,True,1.1187000000063563,Optimization terminated successfully
Heart Failure,2,42,10,300,0.0001,50,least_cost,Unweighted k-means,Random 50% immutable,α < 1,0.9232154513141368,227,0,1,True,,4.0,0.10041155146476838,1.097696960721501,1.938328309148262,0.9383283091482619,True,1.2670000005527982,Optimization terminated successfully
Heart Failure,2,42,10,300,0.0001,50,least_cost,Unweighted k-means,Random 75% immutable,α = 1,1.0,227,0,1,False,,,,,,,False,3.8593000008404488,Positive directional derivative for linesearch
Heart Failure,2,42,10,300,0.0001,50,least_cost,Unweighted k-means,Random 75% immutable,α < 1,0.9232154513141368,227,0,1,False,,,,,,,False,1.015200000438199,Positive directional derivative for linesearch
Heart Failure,2,42,10,300,0.0001,50,least_cost,Unweighted k-means,All features mutable,α = 1,1.0,47,0,1,True,,10.0,0.09833013736532904,1.0862603962144384,2.186791944725823,1.1867919447258228,True,1.5925000006973278,Optimization terminated successfully
Heart Failure,2,42,10,300,0.0001,50,least_cost,Unweighted k-means,All features mutable,α < 1,0.9232154513141368,47,0,1,True,,10.0,0.11583647399019172,1.1789985953690958,2.014782286726344,1.0147822867263439,True,2.1379999998316634,Optimization terminated successfully
Heart Failure,2,42,10,300,0.0001,50,least_cost,Unweighted k-means,Random 25% immutable,α = 1,1.0,47,0,1,True,,7.0,0.11833877561554082,1.19166493083689,1.8170506813108958,0.8170506813108958,True,1.4299999993454549,Optimization terminated successfully
Heart Failure,2,42,10,300,0.0001,50,least_cost,Unweighted k-means,Random 25% immutable,α < 1,0.9232154513141368,47,0,1,True,,7.0,0.13940737692053234,1.2934019186031804,1.674124297148584,0.6741242971485839,True,1.885299999230483,Optimization terminated successfully
Heart Failure,2,42,10,300,0.0001,50,least_cost,Unweighted k-means,Random 50% immutable,α = 1,1.0,47,0,1,False,,,,,,,False,11.492300000099931,Positive directional derivative for linesearch
Heart Failure,2,42,10,300,0.0001,50,least_cost,Unweighted k-means,Random 50% immutable,α < 1,0.9232154513141368,47,0,1,False,,,,,,,False,2.136199999767996,Positive directional derivative for linesearch
Heart Failure,2,42,10,300,0.0001,50,least_cost,Unweighted k-means,Random 75% immutable,α = 1,1.0,47,0,1,False,,,,,,,False,11.645200000202749,Positive directional derivative for linesearch
Heart Failure,2,42,10,300,0.0001,50,least_cost,Unweighted k-means,Random 75% immutable,α < 1,0.9232154513141368,47,0,1,False,,,,,,,False,1.8308999997316278,Positive directional derivative for linesearch
Heart Failure,2,42,10,300,0.0001,50,least_cost,Unweighted k-means,All features mutable,α = 1,1.0,179,0,1,True,,12.0,0.25501069784799735,1.749322261384668,1.3823102635160258,0.3823102635160258,True,1.4871000003040535,Optimization terminated successfully
Heart Failure,2,42,10,300,0.0001,50,least_cost,Unweighted k-means,All features mutable,α < 1,0.9232154513141368,179,0,1,True,,12.0,0.2822632497102645,1.8404235916014482,1.313885635887434,0.313885635887434,True,2.0733000001200708,Optimization terminated successfully
Heart Failure,2,42,10,300,0.0001,50,least_cost,Unweighted k-means,Random 25% immutable,α = 1,1.0,179,0,1,True,,9.0,0.2589445194959122,1.7627632382004528,1.3613105436851238,0.36131054368512383,True,1.2380999996821629,Optimization terminated successfully
Heart Failure,2,42,10,300,0.0001,50,least_cost,Unweighted k-means,Random 25% immutable,α < 1,0.9232154513141368,179,0,1,True,,9.0,0.2866174723789268,1.8545645495768333,1.2939254065818442,0.2939254065818442,True,1.7671000005066162,Optimization terminated successfully
Heart Failure,2,42,10,300,0.0001,50,least_cost,Unweighted k-means,Random 50% immutable,α = 1,1.0,179,0,1,False,,,,,,,False,7.256699999743432,Positive directional derivative for linesearch
Heart Failure,2,42,10,300,0.0001,50,least_cost,Unweighted k-means,Random 50% immutable,α < 1,0.9232154513141368,179,0,1,False,,,,,,,False,28.379299999869545,Positive directional derivative for linesearch
Heart Failure,2,42,10,300,0.0001,50,least_cost,Unweighted k-means,Random 75% immutable,α = 1,1.0,179,0,1,False,,,,,,,False,8.998299999802839,Positive directional derivative for linesearch
Heart Failure,2,42,10,300,0.0001,50,least_cost,Unweighted k-means,Random 75% immutable,α < 1,0.9232154513141368,179,0,1,False,,,,,,,False,12.99010000002454,Positive directional derivative for linesearch
Heart Failure,2,42,10,300,0.0001,50,least_cost,Unweighted k-means,All features mutable,α = 1,1.0,252,0,1,True,,10.0,0.033030753147887164,0.6295784603801546,3.497623698654793,2.497623698654793,True,1.933900000040012,Optimization terminated successfully
Heart Failure,2,42,10,300,0.0001,50,least_cost,Unweighted k-means,All features mutable,α < 1,0.9232154513141368,252,0,1,True,,10.0,0.0443620211921759,0.7296192529711033,3.018051590852001,2.018051590852001,True,1.8085000001519802,Optimization terminated successfully
Heart Failure,2,42,10,300,0.0001,50,least_cost,Unweighted k-means,Random 25% immutable,α = 1,1.0,252,0,1,True,,8.0,0.033044289943475136,0.6297074553486735,3.4961908757156883,2.4961908757156883,True,1.2183999997432693,Optimization terminated successfully
Heart Failure,2,42,10,300,0.0001,50,least_cost,Unweighted k-means,Random 25% immutable,α < 1,0.9232154513141368,252,0,1,True,,8.0,0.044380201806299494,0.7297687453403263,3.016815228043131,2.016815228043131,True,1.2432000003173016,Optimization terminated successfully
Heart Failure,2,42,10,300,0.0001,50,least_cost,Unweighted k-means,Random 50% immutable,α = 1,1.0,252,0,1,True,,5.0,0.03481368277083819,0.6463468057088689,3.3184982412041966,2.3184982412041966,True,1.194999999825086,Optimization terminated successfully
Heart Failure,2,42,10,300,0.0001,50,least_cost,Unweighted k-means,Random 50% immutable,α < 1,0.9232154513141368,252,0,1,True,,5.0,0.0467565886182142,0.7490521099486805,2.8634866794088887,1.8634866794088887,True,1.197900000079244,Optimization terminated successfully
Heart Failure,2,42,10,300,0.0001,50,least_cost,Unweighted k-means,Random 75% immutable,α = 1,1.0,252,0,1,False,,,,,,,False,2.4130000001605367,Positive directional derivative for linesearch
Heart Failure,2,42,10,300,0.0001,50,least_cost,Unweighted k-means,Random 75% immutable,α < 1,0.9232154513141368,252,0,1,False,,,,,,,False,9.907199999361183,Positive directional derivative for linesearch
Heart Failure,2,42,10,300,0.0001,50,least_cost,Unweighted k-means,All features mutable,α = 1,1.0,296,1,0,True,,10.0,0.34702046112679524,2.040648312062013,1.1737268365726736,0.17372683657267363,True,2.3649999993722304,Optimization terminated successfully
Heart Failure,2,42,10,300,0.0001,50,least_cost,Unweighted k-means,All features mutable,α < 1,0.8881343930637801,296,1,0,True,,10.0,0.3940893533603073,2.174643014456324,1.1014054585540503,0.10140545855405025,True,2.019599999584898,Optimization terminated successfully
Heart Failure,2,42,10,300,0.0001,50,least_cost,Unweighted k-means,Random 25% immutable,α = 1,1.0,296,1,0,True,,7.0,0.4343297563430678,2.282971107157691,1.0,0.0,False,2.304799999365059,Optimization terminated successfully
Heart Failure,2,42,10,300,0.0001,50,least_cost,Unweighted k-means,Random 25% immutable,α < 1,0.8881343930637801,296,1,0,True,,7.0,0.550984335524475,2.5713444005604735,1.0,0.0,False,1.79649999972753,Optimization terminated successfully
Heart Failure,2,42,10,300,0.0001,50,least_cost,Unweighted k-means,Random 50% immutable,α = 1,1.0,296,1,0,True,,5.0,0.4912429794860688,2.4279447592218455,1.0,0.0,False,1.731399999698624,Optimization terminated successfully
Heart Failure,2,42,10,300,0.0001,50,least_cost,Unweighted k-means,Random 50% immutable,α < 1,0.8881343930637801,296,1,0,True,,5.0,0.7046903767607285,2.9079691403329475,1.0000000000000004,4.440892098500626e-16,True,1.6269999996438855,Optimization terminated successfully
Heart Failure,2,42,10,300,0.0001,50,least_cost,Unweighted k-means,Random 75% immutable,α = 1,1.0,296,1,0,False,,,,,,,False,3.797699999267934,Positive directional derivative for linesearch
Heart Failure,2,42,10,300,0.0001,50,least_cost,Unweighted k-means,Random 75% immutable,α < 1,0.8881343930637801,296,1,0,False,,,,,,,False,10.395600000265404,Positive directional derivative for linesearch
Heart Failure,2,42,10,300,0.0001,50,least_cost,Unweighted k-means,All features mutable,α = 1,1.0,111,0,1,True,,12.0,0.2904513883329436,1.8669270633839241,1.0,0.0,False,2.0484999995460385,Optimization terminated successfully
Heart Failure,2,42,10,300,0.0001,50,least_cost,Unweighted k-means,All features mutable,α < 1,0.9232154513141368,111,0,1,True,,12.0,0.31956725392806046,1.9582663371300455,1.0,0.0,False,2.118999999765947,Optimization terminated successfully
Heart Failure,2,42,10,300,0.0001,50,least_cost,Unweighted k-means,Random 25% immutable,α = 1,1.0,111,0,1,True,,9.0,0.3619642668250213,2.084123605235605,1.0,0.0,False,1.8802999993567937,Optimization terminated successfully
Heart Failure,2,42,10,300,0.0001,50,least_cost,Unweighted k-means,Random 25% immutable,α < 1,0.9232154513141368,111,0,1,True,,9.0,0.39913394539122615,2.188517156591356,1.0,0.0,False,1.7663999997239443,Optimization terminated successfully
Heart Failure,2,42,10,300,0.0001,50,least_cost,Unweighted k-means,Random 50% immutable,α = 1,1.0,111,0,1,False,,,,,,,False,9.147799999482231,Positive directional derivative for linesearch
Heart Failure,2,42,10,300,0.0001,50,least_cost,Unweighted k-means,Random 50% immutable,α < 1,0.9232154513141368,111,0,1,False,,,,,,,False,21.725199999309552,Positive directional derivative for linesearch
Heart Failure,2,42,10,300,0.0001,50,least_cost,Unweighted k-means,Random 75% immutable,α = 1,1.0,111,0,1,False,,,,,,,False,5.648100000144041,Positive directional derivative for linesearch
Heart Failure,2,42,10,300,0.0001,50,least_cost,Unweighted k-means,Random 75% immutable,α < 1,0.9232154513141368,111,0,1,False,,,,,,,False,3.191799999513023,Positive directional derivative for linesearch
Heart Failure,2,42,10,300,0.0001,50,least_cost,Unweighted k-means,All features mutable,α = 1,1.0,25,0,1,True,,11.0,0.25116556801539625,1.7360837584012916,1.0,0.0,False,2.0672999999078456,Optimization terminated successfully
Heart Failure,2,42,10,300,0.0001,50,least_cost,Unweighted k-means,All features mutable,α < 1,0.9232154513141368,25,0,1,True,,11.0,0.2785526398142199,1.8282865414837575,1.0,0.0,False,2.0269999995434773,Optimization terminated successfully
Heart Failure,2,42,10,300,0.0001,50,least_cost,Unweighted k-means,Random 25% immutable,α = 1,1.0,25,0,1,True,,9.0,0.2563657002929174,1.7539636266225733,1.3486260466546298,0.3486260466546298,True,2.5998000000981847,Optimization terminated successfully
Heart Failure,2,42,10,300,0.0001,50,least_cost,Unweighted k-means,Random 25% immutable,α < 1,0.9232154513141368,25,0,1,True,,9.0,0.28431279622690786,1.8470932717983934,1.280628902312769,0.28062890231276905,True,1.8604000006234855,Optimization terminated successfully
Heart Failure,2,42,10,300,0.0001,50,least_cost,Unweighted k-means,Random 50% immutable,α = 1,1.0,25,0,1,True,,6.0,2.758453896094699,5.753385677419548,1.0,0.0,False,1.6581999998379615,Optimization terminated successfully
Heart Failure,2,42,10,300,0.0001,50,least_cost,Unweighted k-means,Random 50% immutable,α < 1,0.9232154513141368,25,0,1,True,,6.0,3.3428108816051894,6.333540130074355,1.0,0.0,False,1.7124000005424023,Optimization terminated successfully
Heart Failure,2,42,10,300,0.0001,50,least_cost,Unweighted k-means,Random 75% immutable,α = 1,1.0,25,0,1,False,,,,,,,False,14.362200000505254,Positive directional derivative for linesearch
Heart Failure,2,42,10,300,0.0001,50,least_cost,Unweighted k-means,Random 75% immutable,α < 1,0.9232154513141368,25,0,1,False,,,,,,,False,3.5391000001254724,Inequality constraints incompatible
Heart Failure,2,42,10,300,0.0001,50,least_cost,Unweighted k-means,All features mutable,α = 1,1.0,218,0,1,True,,9.0,0.03784750169331068,0.6739213754732285,3.23039687510582,2.23039687510582,True,1.3463000004776404,Optimization terminated successfully
Heart Failure,2,42,10,300,0.0001,50,least_cost,Unweighted k-means,All features mutable,α < 1,0.9232154513141368,218,0,1,True,,9.0,0.05006639096576599,0.7751107608524035,2.808674085071869,1.808674085071869,True,1.4962000004743459,Optimization terminated successfully
Heart Failure,2,42,10,300,0.0001,50,least_cost,Unweighted k-means,Random 25% immutable,α = 1,1.0,218,0,1,True,,6.0,0.5560074364809982,2.5830387604083644,1.2519533092902821,0.25195330929028215,True,1.8536999996285886,Optimization terminated successfully
Heart Failure,2,42,10,300,0.0001,50,least_cost,Unweighted k-means,Random 25% immutable,α < 1,0.9232154513141368,218,0,1,True,,6.0,0.7355118432919352,2.970882380624185,1.08851303438145,0.08851303438144997,True,1.823500000682543,Optimization terminated successfully
Heart Failure,2,42,10,300,0.0001,50,least_cost,Unweighted k-means,Random 50% immutable,α = 1,1.0,218,0,1,True,,5.0,0.03929613538433966,0.6866976224016477,3.111309802508009,2.111309802508009,True,1.3156999993952923,Optimization terminated successfully
Heart Failure,2,42,10,300,0.0001,50,least_cost,Unweighted k-means,Random 50% immutable,α < 1,0.9232154513141368,218,0,1,True,,5.0,0.05198270922095609,0.7898053625112159,2.705133629381498,1.705133629381498,True,1.0800000000017462,Optimization terminated successfully
Heart Failure,2,42,10,300,0.0001,50,least_cost,Unweighted k-means,Random 75% immutable,α = 1,1.0,218,0,1,True,,3.0,0.04061196348706928,0.698099965509834,3.0105033286688943,2.0105033286688943,True,1.004300000204239,Optimization terminated successfully
Heart Failure,2,42,10,300,0.0001,50,least_cost,Unweighted k-means,Random 75% immutable,α < 1,0.9232154513141368,218,0,1,True,,3.0,0.05372334638598179,0.8029197697352966,2.617487263159099,1.617487263159099,True,1.1141000004499801,Optimization terminated successfully
Heart Failure,2,42,10,300,0.0001,50,least_cost,Unweighted k-means,All features mutable,α = 1,1.0,253,1,0,True,,11.0,0.1358487627531469,1.276787042947164,1.8871004020312097,0.8871004020312097,True,2.1764999992228695,Optimization terminated successfully
Heart Failure,2,42,10,300,0.0001,50,least_cost,Unweighted k-means,All features mutable,α < 1,0.8881343930637801,253,1,0,True,,11.0,0.16567232454537806,1.409988615040752,1.7088260977330316,0.7088260977330316,True,2.177999999730673,Optimization terminated successfully
Heart Failure,2,42,10,300,0.0001,50,least_cost,Unweighted k-means,Random 25% immutable,α = 1,1.0,253,1,0,True,,8.0,0.14093083610002,1.3004499349072383,1.8190501215972559,0.8190501215972559,True,2.3042999991957913,Optimization terminated successfully
Heart Failure,2,42,10,300,0.0001,50,least_cost,Unweighted k-means,Random 25% immutable,α < 1,0.8881343930637801,253,1,0,True,,8.0,0.1718700910014225,1.4361201523608915,1.6472045231823655,0.6472045231823655,True,1.7841999997472158,Optimization terminated successfully
Heart Failure,2,42,10,300,0.0001,50,least_cost,Unweighted k-means,Random 50% immutable,α = 1,1.0,253,1,0,True,,6.0,0.16944860827578295,1.4259674958810933,1.512908582079741,0.512908582079741,True,1.503200000115612,Optimization terminated successfully
Heart Failure,2,42,10,300,0.0001,50,least_cost,Unweighted k-means,Random 50% immutable,α < 1,0.8881343930637801,253,1,0,True,,6.0,0.2066485130603656,1.5747324079742526,1.3699841643517332,0.3699841643517332,True,1.731899999867892,Optimization terminated successfully
Heart Failure,2,42,10,300,0.0001,50,least_cost,Unweighted k-means,Random 75% immutable,α = 1,1.0,253,1,0,False,,,,,,,False,9.955900000022666,Positive directional derivative for linesearch
Heart Failure,2,42,10,300,0.0001,50,least_cost,Unweighted k-means,Random 75% immutable,α < 1,0.8881343930637801,253,1,0,False,,,,,,,False,7.202400000096532,Positive directional derivative for linesearch
Heart Failure,2,42,10,300,0.0001,50,least_cost,Unweighted k-means,All features mutable,α = 1,1.0,182,0,1,True,,11.0,0.24662064780463197,1.7203045584010943,1.389175505019572,0.389175505019572,True,1.573600000483566,Optimization terminated successfully
Heart Failure,2,42,10,300,0.0001,50,least_cost,Unweighted k-means,All features mutable,α < 1,0.9232154513141368,182,0,1,True,,11.0,0.2737584147566313,1.8124847522336776,1.3185241696317824,0.31852416963178243,True,2.1529999994527316,Optimization terminated successfully
Heart Failure,2,42,10,300,0.0001,50,least_cost,Unweighted k-means,Random 25% immutable,α = 1,1.0,182,0,1,True,,8.0,0.25153480109839443,1.7373593793975766,1.362035635147995,0.36203563514799497,True,1.4467999999396852,Optimization terminated successfully
Heart Failure,2,42,10,300,0.0001,50,least_cost,Unweighted k-means,Random 25% immutable,α < 1,0.9232154513141368,182,0,1,True,,8.0,0.279213314422755,1.8304534337352207,1.2927645934132144,0.29276459341321437,True,1.6681999995853403,Optimization terminated successfully
Heart Failure,2,42,10,300,0.0001,50,least_cost,Unweighted k-means,Random 50% immutable,α = 1,1.0,182,0,1,False,,,,,,,False,2.714499999456166,Inequality constraints incompatible
Heart Failure,2,42,10,300,0.0001,50,least_cost,Unweighted k-means,Random 50% immutable,α < 1,0.9232154513141368,182,0,1,False,,,,,,,False,10.93710000077408,Positive directional derivative for linesearch
Heart Failure,2,42,10,300,0.0001,50,least_cost,Unweighted k-means,Random 75% immutable,α = 1,1.0,182,0,1,True,,3.0,0.3111824463269733,1.932405070352404,1.1009598000543472,0.10095980005434724,True,1.2856000003012014,Optimization terminated successfully
Heart Failure,2,42,10,300,0.0001,50,least_cost,Unweighted k-means,Random 75% immutable,α < 1,0.9232154513141368,182,0,1,True,,3.0,0.3454244969547217,2.0359503833484403,1.044966671064354,0.044966671064353925,True,1.2438000003385241,Optimization terminated successfully
Heart Failure,2,42,10,300,0.0001,50,least_cost,Unweighted k-means,All features mutable,α = 1,1.0,164,0,1,True,,10.0,0.05476710338187205,0.8106819601930616,2.6972810315516105,1.6972810315516105,True,1.4299999993454549,Optimization terminated successfully
Heart Failure,2,42,10,300,0.0001,50,least_cost,Unweighted k-means,All features mutable,α < 1,0.9232154513141368,164,0,1,True,,10.0,0.06922492101786816,0.9114269319119432,2.3991359047004623,1.3991359047004623,True,1.6957000007096212,Optimization terminated successfully
Heart Failure,2,42,10,300,0.0001,50,least_cost,Unweighted k-means,Random 25% immutable,α = 1,1.0,164,0,1,True,,8.0,0.05515812091387159,0.8135708026757469,2.678159927143325,1.6781599271433252,True,1.2932999998156447,Optimization terminated successfully
Heart Failure,2,42,10,300,0.0001,50,least_cost,Unweighted k-means,Random 25% immutable,α < 1,0.9232154513141368,164,0,1,True,,8.0,0.06971916225194466,0.9146747766410398,2.3821283570069154,1.3821283570069154,True,1.283300000068266,Optimization terminated successfully
Heart Failure,2,42,10,300,0.0001,50,least_cost,Unweighted k-means,Random 50% immutable,α = 1,1.0,164,0,1,True,,5.0,1.5147630209748997,4.263467632303405,1.0,0.0,False,1.5550999996776227,Optimization terminated successfully
Heart Failure,2,42,10,300,0.0001,50,least_cost,Unweighted k-means,Random 50% immutable,α < 1,0.9232154513141368,164,0,1,True,,5.0,1.9431250680680157,4.828819816147232,1.0,0.0,False,1.5283000002455083,Optimization terminated successfully
Heart Failure,2,42,10,300,0.0001,50,least_cost,Unweighted k-means,Random 75% immutable,α = 1,1.0,164,0,1,True,,3.0,0.058790078057592045,0.8399291259928451,2.5127074848918616,1.5127074848918616,True,1.1111000003438676,Optimization terminated successfully
Heart Failure,2,42,10,300,0.0001,50,least_cost,Unweighted k-means,Random 75% immutable,α < 1,0.9232154513141368,164,0,1,True,,3.0,0.07430990938407596,0.9443086956122514,2.2349642757910315,1.2349642757910315,True,0.9580000005371403,Optimization terminated successfully
Heart Failure,2,42,10,300,0.0001,50,least_cost,Unweighted k-means,All features mutable,α = 1,1.0,192,0,1,True,,9.0,0.01769074484059272,0.4607482372045634,2.64163393585029,1.6416339358502898,True,1.455099999475351,Optimization terminated successfully
Heart Failure,2,42,10,300,0.0001,50,least_cost,Unweighted k-means,All features mutable,α < 1,0.9232154513141368,192,0,1,True,,9.0,0.026314491017035795,0.5619376230547565,2.1659489188844034,1.1659489188844034,True,1.5645000003132736,Optimization terminated successfully
Heart Failure,2,42,10,300,0.0001,50,least_cost,Unweighted k-means,Random 25% immutable,α = 1,1.0,192,0,1,True,,8.0,0.01795026267488202,0.4641154512603348,2.603442233958059,1.603442233958059,True,1.359500000035041,Optimization terminated successfully
Heart Failure,2,42,10,300,0.0001,50,least_cost,Unweighted k-means,Random 25% immutable,α < 1,0.9232154513141368,192,0,1,True,,8.0,0.026700516579028912,0.5660443436236661,2.1346344831080204,1.1346344831080204,True,1.3796000002912479,Optimization terminated successfully
Heart Failure,2,42,10,300,0.0001,50,least_cost,Unweighted k-means,Random 50% immutable,α = 1,1.0,192,0,1,True,,6.0,0.01849302235732591,0.4710798958647152,2.5270326893551243,1.5270326893551243,True,1.1211000000912463,Optimization terminated successfully
Heart Failure,2,42,10,300,0.0001,50,least_cost,Unweighted k-means,Random 50% immutable,α < 1,0.9232154513141368,192,0,1,True,,6.0,0.027507856513936974,0.5745383174055876,2.0719841780846973,1.0719841780846973,True,1.1219999996683327,Optimization terminated successfully
Heart Failure,2,42,10,300,0.0001,50,least_cost,Unweighted k-means,Random 75% immutable,α = 1,1.0,192,0,1,True,,2.0,0.38222057066070303,2.141645826911732,2.0057945742927004,1.0057945742927004,True,0.9653000006437651,Optimization terminated successfully
Heart Failure,2,42,10,300,0.0001,50,least_cost,Unweighted k-means,Random 75% immutable,α < 1,0.9232154513141368,192,0,1,True,,2.0,0.5685424703033811,2.611993423353239,1.6446065878963751,0.6446065878963751,True,1.2862999992648838,Optimization terminated successfully
Heart Failure,2,42,10,300,0.0001,50,least_cost,Unweighted k-means,All features mutable,α = 1,1.0,126,1,0,True,,11.0,0.1056886023464656,1.1261719354333013,1.471712642736196,0.47171264273619595,True,1.9691000006787363,Optimization terminated successfully
Heart Failure,2,42,10,300,0.0001,50,least_cost,Unweighted k-means,All features mutable,α < 1,0.8881343930637801,126,1,0,True,,11.0,0.1321684692883818,1.25937350752689,1.3160523592122932,0.31605235921229324,True,2.1225000000413274,Optimization terminated successfully
Heart Failure,2,42,10,300,0.0001,50,least_cost,Unweighted k-means,Random 25% immutable,α = 1,1.0,126,1,0,True,,8.0,0.11001317433633741,1.1489813279753718,2.055380497971369,1.055380497971369,True,1.94169999940641,Optimization terminated successfully
Heart Failure,2,42,10,300,0.0001,50,least_cost,Unweighted k-means,Random 25% immutable,α < 1,0.8881343930637801,126,1,0,True,,8.0,0.13757654591669258,1.2848807536111322,1.837986759976938,0.837986759976938,True,1.8811999998433748,Optimization terminated successfully
Heart Failure,2,42,10,300,0.0001,50,least_cost,Unweighted k-means,Random 50% immutable,α = 1,1.0,126,1,0,True,,5.0,2.9787280447724633,5.978690202483279,1.0,0.0,False,1.6087999993033009,Optimization terminated successfully
Heart Failure,2,42,10,300,0.0001,50,least_cost,Unweighted k-means,Random 50% immutable,α < 1,0.8881343930637801,126,1,0,True,,5.0,4.211451102923179,7.108967100435769,1.0000000000000024,2.4424906541753444e-15,True,1.4723000003868947,Optimization terminated successfully
Heart Failure,2,42,10,300,0.0001,50,least_cost,Unweighted k-means,Random 75% immutable,α = 1,1.0,126,1,0,True,,2.0,0.139056502972249,1.291773213713223,1.626093908561456,0.6260939085614561,True,1.2284999993426027,Optimization terminated successfully
Heart Failure,2,42,10,300,0.0001,50,least_cost,Unweighted k-means,Random 75% immutable,α < 1,0.8881343930637801,126,1,0,True,,2.0,0.1738965672210165,1.4445618043725919,1.454105008065171,0.45410500806517096,True,1.4733999996678904,Optimization terminated successfully
Heart Failure,2,42,10,300,0.0001,50,least_cost,Unweighted k-means,All features mutable,α = 1,1.0,254,0,1,True,,9.0,0.004686693823820974,0.23715042881228718,9.245154673827038,8.245154673827038,True,1.5714000001025852,Optimization terminated successfully
Heart Failure,2,42,10,300,0.0001,50,least_cost,Unweighted k-means,All features mutable,α < 1,0.9232154513141368,254,0,1,True,,9.0,0.009499295767373631,0.3376263455485718,6.493842749896833,5.493842749896833,True,1.421699999809789,Optimization terminated successfully
Heart Failure,2,42,10,300,0.0001,50,least_cost,Unweighted k-means,Random 25% immutable,α = 1,1.0,254,0,1,True,,8.0,0.004687510431422122,0.23717108840890674,9.243544081866368,8.243544081866368,True,1.2497999996412545,Optimization terminated successfully
Heart Failure,2,42,10,300,0.0001,50,least_cost,Unweighted k-means,Random 25% immutable,α < 1,0.9232154513141368,254,0,1,True,,8.0,0.00950095092075485,0.3376557582050959,6.4927114622067705,5.4927114622067705,True,1.3192000005801674,Optimization terminated successfully
Heart Failure,2,42,10,300,0.0001,50,least_cost,Unweighted k-means,Random 50% immutable,α = 1,1.0,254,0,1,True,,4.0,0.06318074005028197,0.8707289363535494,3.1449882106704763,2.1449882106704763,True,1.2836000005336246,Optimization terminated successfully
Heart Failure,2,42,10,300,0.0001,50,least_cost,Unweighted k-means,Random 50% immutable,α < 1,0.9232154513141368,254,0,1,True,,4.0,0.1280588318973795,1.2396394567649716,2.2090554029046854,1.2090554029046854,True,1.6814000000522356,Optimization terminated successfully
Heart Failure,2,42,10,300,0.0001,50,least_cost,Unweighted k-means,Random 75% immutable,α = 1,1.0,254,0,1,False,,,,,,,False,3.331400000206486,Positive directional derivative for linesearch
Heart Failure,2,42,10,300,0.0001,50,least_cost,Unweighted k-means,Random 75% immutable,α < 1,0.9232154513141368,254,0,1,False,,,,,,,False,17.508599999928265,Positive directional derivative for linesearch
Heart Failure,2,42,10,300,0.0001,50,least_cost,Unweighted k-means,All features mutable,α = 1,1.0,189,1,0,True,,10.0,0.15305576530818618,1.3552376853151016,1.756902880935362,0.756902880935362,True,2.021099999183207,Optimization terminated successfully
Heart Failure,2,42,10,300,0.0001,50,least_cost,Unweighted k-means,All features mutable,α < 1,0.8881343930637801,189,1,0,True,,10.0,0.18501535698556865,1.4900282828949334,1.5979703345323732,0.5979703345323732,True,2.478999999766529,Optimization terminated successfully
Heart Failure,2,42,10,300,0.0001,50,least_cost,Unweighted k-means,Random 25% immutable,α = 1,1.0,189,1,0,True,,7.0,0.15691089905639447,1.3721992525419675,1.7137376469624976,0.7137376469624976,True,1.8803000002662884,Optimization terminated successfully
Heart Failure,2,42,10,300,0.0001,50,least_cost,Unweighted k-means,Random 25% immutable,α < 1,0.8881343930637801,189,1,0,True,,7.0,0.18967548164807785,1.5086768307947644,1.5587099057781377,0.5587099057781377,True,1.7160999996121973,Optimization terminated successfully
Heart Failure,2,42,10,300,0.0001,50,least_cost,Unweighted k-means,Random 50% immutable,α = 1,1.0,189,1,0,True,,4.0,1.5446814607741786,4.305366131851058,1.0000000000000016,1.5543122344752192e-15,True,1.6257999996014405,Optimization terminated successfully
Heart Failure,2,42,10,300,0.0001,50,least_cost,Unweighted k-means,Random 50% immutable,α < 1,0.8881343930637801,189,1,0,True,,4.0,2.8425931866826453,5.840472432962229,1.0,0.0,False,1.6402000001107808,Optimization terminated successfully
Heart Failure,2,42,10,300,0.0001,50,least_cost,Unweighted k-means,Random 75% immutable,α = 1,1.0,189,1,0,False,,,,,,,False,5.251800000223739,Positive directional derivative for linesearch
Heart Failure,2,42,10,300,0.0001,50,least_cost,Unweighted k-means,Random 75% immutable,α < 1,0.8881343930637801,189,1,0,False,,,,,,,False,9.09719999981462,Positive directional derivative for linesearch
Heart Failure,2,42,10,300,0.0001,50,least_cost,Unweighted k-means,All features mutable,α = 1,1.0,18,1,0,True,,11.0,0.08875365119811099,1.0320095999443668,2.31568093385837,1.3156809338583701,True,1.5732000001662527,Optimization terminated successfully
Heart Failure,2,42,10,300,0.0001,50,least_cost,Unweighted k-means,All features mutable,α < 1,0.8881343930637801,18,1,0,True,,11.0,0.11335556625607386,1.1663047608034902,2.049039868927148,1.049039868927148,True,1.524000000244996,Optimization terminated successfully
Heart Failure,2,42,10,300,0.0001,50,least_cost,Unweighted k-means,Random 25% immutable,α = 1,1.0,18,1,0,True,,8.0,0.08994251770249613,1.0388985573336569,2.2850721013700603,1.2850721013700603,True,1.366299999972398,Optimization terminated successfully
Heart Failure,2,42,10,300,0.0001,50,least_cost,Unweighted k-means,Random 25% immutable,α < 1,0.8881343930637801,18,1,0,True,,8.0,0.11487397855785816,1.1740901765598322,2.0219555166333594,1.0219555166333594,True,1.410300000316056,Optimization terminated successfully
Heart Failure,2,42,10,300,0.0001,50,least_cost,Unweighted k-means,Random 50% immutable,α = 1,1.0,18,1,0,True,,6.0,0.09082777244416282,1.0439986922070132,2.2628005994624356,1.2628005994624356,True,1.2156000002505607,Optimization terminated successfully
Heart Failure,2,42,10,300,0.0001,50,least_cost,Unweighted k-means,Random 50% immutable,α < 1,0.8881343930637801,18,1,0,True,,6.0,0.11600461995872283,1.179853990756769,2.00224848588671,1.0022484858867098,True,1.2464000001273234,Optimization terminated successfully
Heart Failure,2,42,10,300,0.0001,50,least_cost,Unweighted k-means,Random 75% immutable,α = 1,1.0,18,1,0,False,,,,,,,False,4.002200000286393,Positive directional derivative for linesearch
Heart Failure,2,42,10,300,0.0001,50,least_cost,Unweighted k-means,Random 75% immutable,α < 1,0.8881343930637801,18,1,0,False,,,,,,,False,4.884599999968486,Positive directional derivative for linesearch
Heart Failure,2,42,10,300,0.0001,50,least_cost,Unweighted k-means,All features mutable,α = 1,1.0,200,0,1,True,,10.0,0.10765363948168317,1.1365930114954068,1.9427037227226849,0.9427037227226849,True,1.6426000001956709,Optimization terminated successfully
Heart Failure,2,42,10,300,0.0001,50,least_cost,Unweighted k-means,All features mutable,α < 1,0.9232154513141368,200,0,1,True,,10.0,0.12738224892652697,1.2363603791444968,1.7859384052990877,0.7859384052990877,True,1.6089999999167048,Optimization terminated successfully
Heart Failure,2,42,10,300,0.0001,50,least_cost,Unweighted k-means,Random 25% immutable,α = 1,1.0,200,0,1,True,,8.0,0.11272099885857072,1.1630356771410104,1.855369709709932,0.855369709709932,True,1.2481000003390363,Optimization terminated successfully
Heart Failure,2,42,10,300,0.0001,50,least_cost,Unweighted k-means,Random 25% immutable,α < 1,0.9232154513141368,200,0,1,True,,8.0,0.1333782530455289,1.2651241190279896,1.7056517523568233,0.7056517523568233,True,1.2548999993668986,Optimization terminated successfully
Heart Failure,2,42,10,300,0.0001,50,least_cost,Unweighted k-means,Random 50% immutable,α = 1,1.0,200,0,1,True,,5.0,0.11502078157260288,1.1748401503486483,1.8182725250270073,0.8182725250270073,True,1.1203000003661145,Optimization terminated successfully
Heart Failure,2,42,10,300,0.0001,50,least_cost,Unweighted k-means,Random 50% immutable,α < 1,0.9232154513141368,200,0,1,True,,5.0,0.13609949435998733,1.2779647617676508,1.6715480995189789,0.6715480995189789,True,1.1087000002589775,Optimization terminated successfully
Heart Failure,2,42,10,300,0.0001,50,least_cost,Unweighted k-means,Random 75% immutable,α = 1,1.0,200,0,1,False,,,,,,,False,1.9136000000798958,Positive directional derivative for linesearch
Heart Failure,2,42,10,300,0.0001,50,least_cost,Unweighted k-means,Random 75% immutable,α < 1,0.9232154513141368,200,0,1,False,,,,,,,False,11.606400000346184,Positive directional derivative for linesearch
Heart Failure,2,42,10,300,0.0001,50,least_cost,Unweighted k-means,All features mutable,α = 1,1.0,123,1,0,True,,11.0,0.08799931387607995,1.0276146001847968,2.325584858095765,1.3255848580957652,True,1.6907999997783918,Optimization terminated successfully
Heart Failure,2,42,10,300,0.0001,50,least_cost,Unweighted k-means,All features mutable,α < 1,0.8881343930637801,123,1,0,True,,11.0,0.11250285773409521,1.1619097610439215,2.056790496412681,1.056790496412681,True,1.557399999910558,Optimization terminated successfully
Heart Failure,2,42,10,300,0.0001,50,least_cost,Unweighted k-means,Random 25% immutable,α = 1,1.0,123,1,0,True,,8.0,0.41159774478130695,2.222425012767739,1.1044207007232087,0.10442070072320875,True,1.8787999997584848,Optimization terminated successfully
Heart Failure,2,42,10,300,0.0001,50,least_cost,Unweighted k-means,Random 25% immutable,α < 1,0.8881343930637801,123,1,0,True,,8.0,0.5271142391665559,2.515028999832541,1.0000000000000007,6.661338147750939e-16,True,1.9750999999814667,Optimization terminated successfully
Heart Failure,2,42,10,300,0.0001,50,least_cost,Unweighted k-means,Random 50% immutable,α = 1,1.0,123,1,0,True,,6.0,0.3987410244016835,2.187439666098291,1.1400308567618629,0.1400308567618629,True,1.5919999996185652,Optimization terminated successfully
Heart Failure,2,42,10,300,0.0001,50,least_cost,Unweighted k-means,Random 50% immutable,α < 1,0.8881343930637801,123,1,0,True,,6.0,0.5097710739447436,2.4733080858107677,1.008264486819614,0.008264486819614003,True,1.6859999996086117,Optimization terminated successfully
Heart Failure,2,42,10,300,0.0001,50,least_cost,Unweighted k-means,Random 75% immutable,α = 1,1.0,123,1,0,False,,,,,,,False,45.86429999926622,Positive directional derivative for linesearch
Heart Failure,2,42,10,300,0.0001,50,least_cost,Unweighted k-means,Random 75% immutable,α < 1,0.8881343930637801,123,1,0,False,,,,,,,False,6.783400000131223,Positive directional derivative for linesearch
Heart Failure,2,42,10,300,0.0001,50,least_cost,Unweighted k-means,All features mutable,α = 1,1.0,245,0,1,True,,9.0,0.0186639335482853,0.4732517327801596,1.4958666706436712,0.4958666706436712,True,1.444200000150886,Optimization terminated successfully
Heart Failure,2,42,10,300,0.0001,50,least_cost,Unweighted k-means,All features mutable,α < 1,0.9232154513141368,245,0,1,True,,9.0,0.027498549917492763,0.5744411188363114,1.232365641253785,0.2323656412537849,True,1.44929999987653,Optimization terminated successfully
Heart Failure,2,42,10,300,0.0001,50,least_cost,Unweighted k-means,Random 25% immutable,α = 1,1.0,245,0,1,True,,8.0,0.01893772778750851,0.47671032446350703,1.4742400182747095,0.4742400182747095,True,1.560800000333984,Optimization terminated successfully
Heart Failure,2,42,10,300,0.0001,50,least_cost,Unweighted k-means,Random 25% immutable,α < 1,0.9232154513141368,245,0,1,True,,8.0,0.02790194529740655,0.5786392171024002,1.2145485830093676,0.21454858300936763,True,1.2907999998788,Optimization terminated successfully
Heart Failure,2,42,10,300,0.0001,50,least_cost,Unweighted k-means,Random 50% immutable,α = 1,1.0,245,0,1,True,,5.0,0.019139828389275713,0.47924726464666295,4.485780733615486,3.485780733615486,True,1.1918000000150641,Optimization terminated successfully
Heart Failure,2,42,10,300,0.0001,50,least_cost,Unweighted k-means,Random 50% immutable,α < 1,0.9232154513141368,245,0,1,True,,5.0,0.028199710694350445,0.5817185989223701,3.6955980932169057,2.6955980932169057,True,1.0866000002351939,Optimization terminated successfully
Heart Failure,2,42,10,300,0.0001,50,least_cost,Unweighted k-means,Random 75% immutable,α = 1,1.0,245,0,1,True,,2.0,0.020133996982964815,0.49153633008718467,4.264283616617956,3.2642836166179556,True,0.9534999999232241,Optimization terminated successfully
Heart Failure,2,42,10,300,0.0001,50,least_cost,Unweighted k-means,Random 75% immutable,α < 1,0.9232154513141368,245,0,1,True,,2.0,0.02966447126046308,0.5966352781436554,3.5131183089172517,2.5131183089172517,True,0.9731000000101631,Optimization terminated successfully
Heart Failure,2,42,10,300,0.0001,50,least_cost,Unweighted k-means,All features mutable,α = 1,1.0,151,0,1,True,,9.0,0.0018234728720462542,0.1479245566650617,1.0,0.0,False,1.544599999760976,Optimization terminated successfully
Heart Failure,2,42,10,300,0.0001,50,least_cost,Unweighted k-means,All features mutable,α < 1,0.9232154513141368,151,0,1,True,,9.0,0.005195076188844707,0.24968162580802075,1.0,0.0,False,1.5567999998893356,Optimization terminated successfully
Heart Failure,2,42,10,300,0.0001,50,least_cost,Unweighted k-means,Random 25% immutable,α = 1,1.0,151,0,1,True,,7.0,0.001878495001571493,0.1501397349766474,1.0,0.0,False,1.3745999995080638,Optimization terminated successfully
Heart Failure,2,42,10,300,0.0001,50,least_cost,Unweighted k-means,Random 25% immutable,α < 1,0.9232154513141368,151,0,1,True,,7.0,0.005352077673600068,0.25342638395242284,1.0,0.0,False,1.380300000164425,Optimization terminated successfully
Heart Failure,2,42,10,300,0.0001,50,least_cost,Unweighted k-means,Random 50% immutable,α = 1,1.0,151,0,1,True,,3.0,0.05347272547554048,0.8010447588658737,2.293676799600467,1.2936767996004672,True,1.2471000000005006,Optimization terminated successfully
Heart Failure,2,42,10,300,0.0001,50,least_cost,Unweighted k-means,Random 50% immutable,α < 1,0.9232154513141368,151,0,1,True,,3.0,0.15207348180150132,1.3508818533158315,1.3601024884098094,0.3601024884098094,True,1.6380999995817547,Optimization terminated successfully
Heart Failure,2,42,10,300,0.0001,50,least_cost,Unweighted k-means,Random 75% immutable,α = 1,1.0,151,0,1,True,,3.0,0.0018794549677460229,0.15017809298613521,14.230155626032664,13.230155626032664,True,1.040600000123959,Optimization terminated successfully
Heart Failure,2,42,10,300,0.0001,50,least_cost,Unweighted k-means,Random 75% immutable,α < 1,0.9232154513141368,151,0,1,True,,3.0,0.005345066261210189,0.2532603307557705,8.438185443733762,7.438185443733762,True,0.9362000000692206,Optimization terminated successfully
Heart Failure,2,42,10,300,0.0001,50,least_cost,Unweighted k-means,All features mutable,α = 1,1.0,63,0,1,True,,11.0,0.054975287741495196,0.812221307832996,2.730207462673677,1.7302074626736772,True,1.5115999995032325,Optimization terminated successfully
Heart Failure,2,42,10,300,0.0001,50,least_cost,Unweighted k-means,All features mutable,α < 1,0.9232154513141368,63,0,1,True,,11.0,0.06924553955834527,0.9115626553891637,2.4326717028010294,1.4326717028010294,True,1.507099999798811,Optimization terminated successfully
Heart Failure,2,42,10,300,0.0001,50,least_cost,Unweighted k-means,Random 25% immutable,α = 1,1.0,63,0,1,True,,8.0,0.056577866175244226,0.8239747533164659,2.6528738375150125,1.6528738375150125,True,1.369900000099733,Optimization terminated successfully
Heart Failure,2,42,10,300,0.0001,50,least_cost,Unweighted k-means,Random 25% immutable,α < 1,0.9232154513141368,63,0,1,True,,8.0,0.07126410849883585,0.9247536439430938,2.363765831537324,1.3637658315373238,True,1.396999999997206,Optimization terminated successfully
Heart Failure,2,42,10,300,0.0001,50,least_cost,Unweighted k-means,Random 50% immutable,α = 1,1.0,63,0,1,True,,6.0,0.05892143874606788,0.8408669722095252,2.5473570154254546,1.5473570154254546,True,1.2858999998570653,Optimization terminated successfully
Heart Failure,2,42,10,300,0.0001,50,least_cost,Unweighted k-means,Random 50% immutable,α < 1,0.9232154513141368,63,0,1,True,,6.0,0.07421601592632825,0.9437119216773407,2.2697481383797764,1.2697481383797764,True,1.1856000000989297,Optimization terminated successfully
Heart Failure,2,42,10,300,0.0001,50,least_cost,Unweighted k-means,Random 75% immutable,α = 1,1.0,63,0,1,False,,,,,,,False,7.288900000276044,Positive directional derivative for linesearch
Heart Failure,2,42,10,300,0.0001,50,least_cost,Unweighted k-means,Random 75% immutable,α < 1,0.9232154513141368,63,0,1,False,,,,,,,False,3.5260000004200265,Positive directional derivative for linesearch
Heart Failure,2,42,10,300,0.0001,50,least_cost,Unweighted k-means,All features mutable,α = 1,1.0,255,0,1,True,,9.0,0.08997162990782202,1.0390666768277501,2.182899126691972,1.182899126691972,True,2.0426000000952627,Optimization terminated successfully
Heart Failure,2,42,10,300,0.0001,50,least_cost,Unweighted k-means,All features mutable,α < 1,0.9232154513141368,255,0,1,True,,9.0,0.1068138580233261,1.1321511808411073,2.0034228791842494,1.0034228791842494,True,1.411799999914365,Optimization terminated successfully
Heart Failure,2,42,10,300,0.0001,50,least_cost,Unweighted k-means,Random 25% immutable,α = 1,1.0,255,0,1,True,,7.0,0.09042372171101544,1.0416739703631772,2.17198529969288,1.1719852996928801,True,1.7402000003130524,Optimization terminated successfully
Heart Failure,2,42,10,300,0.0001,50,least_cost,Unweighted k-means,Random 25% immutable,α < 1,0.9232154513141368,255,0,1,True,,7.0,0.10735057909561607,1.1349920480546958,1.993406328059449,0.993406328059449,True,1.4143000007607043,Optimization terminated successfully
Heart Failure,2,42,10,300,0.0001,50,least_cost,Unweighted k-means,Random 50% immutable,α = 1,1.0,255,0,1,True,,6.0,0.5068389892131514,2.4661848816659746,1.0,0.0,False,1.6095999999379274,Optimization terminated successfully
Heart Failure,2,42,10,300,0.0001,50,least_cost,Unweighted k-means,Random 50% immutable,α < 1,0.9232154513141368,255,0,1,True,,6.0,0.7003202441642805,2.898938241834649,1.0,0.0,False,1.2654999991354998,Optimization terminated successfully
Heart Failure,2,42,10,300,0.0001,50,least_cost,Unweighted k-means,Random 75% immutable,α = 1,1.0,255,0,1,False,,,,,,,False,7.368900000074063,Positive directional derivative for linesearch
Heart Failure,2,42,10,300,0.0001,50,least_cost,Unweighted k-means,Random 75% immutable,α < 1,0.9232154513141368,255,0,1,False,,,,,,,False,3.724299999703362,Positive directional derivative for linesearch
Heart Failure,2,42,10,300,0.0001,50,least_cost,Unweighted k-means,All features mutable,α = 1,1.0,214,0,1,True,,9.0,0.033941315377797564,0.6381972927971183,2.1950593426625864,1.1950593426625864,True,1.4725999999427586,Optimization terminated successfully
Heart Failure,2,42,10,300,0.0001,50,least_cost,Unweighted k-means,All features mutable,α < 1,0.9232154513141368,214,0,1,True,,9.0,0.04546984262132442,0.7386732101923644,1.8964825399608085,0.8964825399608085,True,1.394599999912316,Optimization terminated successfully
Heart Failure,2,42,10,300,0.0001,50,least_cost,Unweighted k-means,Random 25% immutable,α = 1,1.0,214,0,1,True,,8.0,0.03493142724307659,0.6474388982111896,2.1328416093060545,1.1328416093060545,True,1.3279000004331465,Optimization terminated successfully
Heart Failure,2,42,10,300,0.0001,50,least_cost,Unweighted k-means,Random 25% immutable,α < 1,0.9232154513141368,214,0,1,True,,8.0,0.046796256469879456,0.7493697869800687,1.8427277993016498,0.8427277993016498,True,1.2122999996790895,Optimization terminated successfully
Heart Failure,2,42,10,300,0.0001,50,least_cost,Unweighted k-means,Random 50% immutable,α = 1,1.0,214,0,1,True,,5.0,0.036175678439727896,0.658868834652797,2.059483188292302,1.059483188292302,True,1.134000000092783,Optimization terminated successfully
Heart Failure,2,42,10,300,0.0001,50,least_cost,Unweighted k-means,Random 50% immutable,α < 1,0.9232154513141368,214,0,1,True,,5.0,0.04846313066737046,0.7625992184682892,1.7793477554590382,0.7793477554590382,True,1.1463000000730972,Optimization terminated successfully
Heart Failure,2,42,10,300,0.0001,50,least_cost,Unweighted k-means,Random 75% immutable,α = 1,1.0,214,0,1,True,,2.0,0.0371654874255752,0.6678217195531322,3.1374150406490364,2.1374150406490364,True,0.9600000003047171,Optimization terminated successfully
Heart Failure,2,42,10,300,0.0001,50,least_cost,Unweighted k-means,Random 75% immutable,α < 1,0.9232154513141368,214,0,1,True,,2.0,0.04978913879309614,0.772961619692177,2.7106571061790765,1.7106571061790765,True,1.2122000007366296,Optimization terminated successfully
Heart Failure,2,42,10,300,0.0001,50,least_cost,Unweighted k-means,All features mutable,α = 1,1.0,194,0,1,True,,10.0,0.1165619084575073,1.1826846162397173,1.8618899029761937,0.8618899029761937,True,2.3134000002755783,Optimization terminated successfully
Heart Failure,2,42,10,300,0.0001,50,least_cost,Unweighted k-means,All features mutable,α < 1,0.9232154513141368,194,0,1,True,,10.0,0.13711537296517237,1.2827254092681208,1.7166795968237074,0.7166795968237074,True,1.5054000004965928,Optimization terminated successfully
Heart Failure,2,42,10,300,0.0001,50,least_cost,Unweighted k-means,Random 25% immutable,α = 1,1.0,194,0,1,True,,8.0,0.11669205982799395,1.1833447164439987,1.8598132623956476,0.8598132623956476,True,1.8164000002798275,Optimization terminated successfully
Heart Failure,2,42,10,300,0.0001,50,least_cost,Unweighted k-means,Random 25% immutable,α < 1,0.9232154513141368,194,0,1,True,,8.0,0.13726847408462262,1.2834413461531742,1.7147649141842336,0.7147649141842336,True,1.3274999992063385,Optimization terminated successfully
Heart Failure,2,42,10,300,0.0001,50,least_cost,Unweighted k-means,Random 50% immutable,α = 1,1.0,194,0,1,False,,,,,,,False,19.280299999991257,Positive directional derivative for linesearch
Heart Failure,2,42,10,300,0.0001,50,least_cost,Unweighted k-means,Random 50% immutable,α < 1,0.9232154513141368,194,0,1,False,,,,,,,False,5.247299999609822,Positive directional derivative for linesearch
Heart Failure,2,42,10,300,0.0001,50,least_cost,Unweighted k-means,Random 75% immutable,α = 1,1.0,194,0,1,True,,2.0,0.12874711639848227,1.2429663699319413,1.68567224200928,0.68567224200928,True,1.1427999997977167,Optimization terminated successfully
Heart Failure,2,42,10,300,0.0001,50,least_cost,Unweighted k-means,Random 75% immutable,α < 1,0.9232154513141368,194,0,1,True,,2.0,0.15144920968048955,1.3481062703532962,1.5542052976658256,0.5542052976658256,True,1.1202999994566198,Optimization terminated successfully
Heart Failure,2,42,10,300,0.0001,50,least_cost,Unweighted k-means,All features mutable,α = 1,1.0,49,1,0,True,,10.0,0.10920401892802763,1.1447481064130796,2.0750639284761996,1.0750639284761996,True,2.369599999838101,Optimization terminated successfully
Heart Failure,2,42,10,300,0.0001,50,least_cost,Unweighted k-means,All features mutable,α < 1,0.8881343930637801,49,1,0,True,,10.0,0.13650266057968544,1.279856213391264,1.8560096665235972,0.8560096665235972,True,2.185099999223894,Optimization terminated successfully
Heart Failure,2,42,10,300,0.0001,50,least_cost,Unweighted k-means,Random 25% immutable,α = 1,1.0,49,1,0,True,,8.0,0.5302445609158976,2.5224858237442622,1.0000000000000009,8.881784197001252e-16,True,1.7855000005511101,Optimization terminated successfully
Heart Failure,2,42,10,300,0.0001,50,least_cost,Unweighted k-means,Random 25% immutable,α < 1,0.8881343930637801,49,1,0,True,,8.0,0.7148342588294717,2.9288241848826737,1.0000000000000002,2.220446049250313e-16,True,1.85330000022077,Optimization terminated successfully
Heart Failure,2,42,10,300,0.0001,50,least_cost,Unweighted k-means,Random 50% immutable,α = 1,1.0,49,1,0,True,,6.0,2.915064855855662,5.914455027326519,1.0000000000000002,2.220446049250313e-16,True,1.7943000002560439,Optimization terminated successfully
Heart Failure,2,42,10,300,0.0001,50,least_cost,Unweighted k-means,Random 50% immutable,α < 1,0.8881343930637801,49,1,0,True,,6.0,4.28125239124641,7.167637595118556,1.0,0.0,False,1.6998999999486841,Optimization terminated successfully
Heart Failure,2,42,10,300,0.0001,50,least_cost,Unweighted k-means,Random 75% immutable,α = 1,1.0,49,1,0,False,,,,,,,False,3.3320999991701683,Inequality constraints incompatible
Heart Failure,2,42,10,300,0.0001,50,least_cost,Unweighted k-means,Random 75% immutable,α < 1,0.8881343930637801,49,1,0,False,,,,,,,False,1.168100000541017,Positive directional derivative for linesearch
Heart Failure,2,42,10,300,0.0001,50,least_cost,Unweighted k-means,All features mutable,α = 1,1.0,100,0,1,True,,10.0,0.08393119111814144,1.0035807358741486,2.200185209767083,1.200185209767083,True,1.7244000000573578,Optimization terminated successfully
Heart Failure,2,42,10,300,0.0001,50,least_cost,Unweighted k-means,All features mutable,α < 1,0.9232154513141368,100,0,1,True,,10.0,0.10144808666031159,1.103348104599695,2.0012392125350535,1.0012392125350535,True,1.9763000000239117,Optimization terminated successfully
Heart Failure,2,42,10,300,0.0001,50,least_cost,Unweighted k-means,Random 25% immutable,α = 1,1.0,100,0,1,True,,8.0,0.08514793589813392,1.0108289819636194,2.1687450583207557,1.1687450583207557,True,1.2734000001728418,Optimization terminated successfully
Heart Failure,2,42,10,300,0.0001,50,least_cost,Unweighted k-means,Random 25% immutable,α < 1,0.9232154513141368,100,0,1,True,,8.0,0.10291877268584891,1.1113169090003927,1.9726419553771746,0.9726419553771746,True,1.7622999994273414,Optimization terminated successfully
Heart Failure,2,42,10,300,0.0001,50,least_cost,Unweighted k-means,Random 50% immutable,α = 1,1.0,100,0,1,False,,,,,,,False,1.1924000000362867,Positive directional derivative for linesearch
Heart Failure,2,42,10,300,0.0001,50,least_cost,Unweighted k-means,Random 50% immutable,α < 1,0.9232154513141368,100,0,1,False,,,,,,,False,3.086000000621425,Positive directional derivative for linesearch
Heart Failure,2,42,10,300,0.0001,50,least_cost,Unweighted k-means,Random 75% immutable,α = 1,1.0,100,0,1,False,,,,,,,False,4.884799999672396,Positive directional derivative for linesearch
Heart Failure,2,42,10,300,0.0001,50,least_cost,Unweighted k-means,Random 75% immutable,α < 1,0.9232154513141368,100,0,1,False,,,,,,,False,6.398800000170013,Positive directional derivative for linesearch
Heart Failure,2,42,10,300,0.0001,50,least_cost,Unweighted k-means,All features mutable,α = 1,1.0,34,0,1,True,,9.0,0.013546501850556891,0.40318484868194476,2.180928845723434,1.1809288457234342,True,1.6067000005932641,Optimization terminated successfully
Heart Failure,2,42,10,300,0.0001,50,least_cost,Unweighted k-means,All features mutable,α < 1,0.9232154513141368,34,0,1,True,,9.0,0.021223438571495785,0.5046595514383428,1.7423975914381218,0.7423975914381218,True,1.637000000300759,Optimization terminated successfully
Heart Failure,2,42,10,300,0.0001,50,least_cost,Unweighted k-means,Random 25% immutable,α = 1,1.0,34,0,1,True,,6.0,0.013740344772720186,0.4060592780280266,2.1501612333750457,1.1501612333750457,True,1.4211999996405211,Optimization terminated successfully
Heart Failure,2,42,10,300,0.0001,50,least_cost,Unweighted k-means,Random 25% immutable,α < 1,0.9232154513141368,34,0,1,True,,6.0,0.0215271341987703,0.5082574253124529,1.7178165902875495,0.7178165902875495,True,1.2173000004622736,Optimization terminated successfully
Heart Failure,2,42,10,300,0.0001,50,least_cost,Unweighted k-means,Random 50% immutable,α = 1,1.0,34,0,1,True,,3.0,0.01403588239265717,0.4104029589463093,5.196674517492956,4.196674517492956,True,1.0750999999800115,Optimization terminated successfully
Heart Failure,2,42,10,300,0.0001,50,least_cost,Unweighted k-means,Random 50% immutable,α < 1,0.9232154513141368,34,0,1,True,,3.0,0.02199015595005236,0.5136943365471615,4.151750274341387,3.1517502743413868,True,1.1266000001342036,Optimization terminated successfully
Heart Failure,2,42,10,300,0.0001,50,least_cost,Unweighted k-means,Random 75% immutable,α = 1,1.0,34,0,1,True,,3.0,0.014333180524192437,0.4147266163273214,5.088885348907055,4.088885348907055,True,0.9488000005148933,Optimization terminated successfully
Heart Failure,2,42,10,300,0.0001,50,least_cost,Unweighted k-means,Random 75% immutable,α < 1,0.9232154513141368,34,0,1,True,,3.0,0.0224559359600613,0.5191061852075504,4.065634858113646,3.065634858113646,True,1.0258000002068002,Optimization terminated successfully
Heart Failure,2,42,10,300,0.0001,50,least_cost,Unweighted k-means,All features mutable,α = 1,1.0,24,1,0,True,,11.0,0.11039632887497519,1.1509804283738723,2.0933677574536316,1.0933677574536316,True,1.5128000004551723,Optimization terminated successfully
Heart Failure,2,42,10,300,0.0001,50,least_cost,Unweighted k-means,All features mutable,α < 1,0.8881343930637801,24,1,0,True,,11.0,0.13742695086038395,1.28418200046746,1.876233522138699,0.876233522138699,True,1.6975000007732888,Optimization terminated successfully
Heart Failure,2,42,10,300,0.0001,50,least_cost,Unweighted k-means,Random 25% immutable,α = 1,1.0,24,1,0,True,,8.0,0.11474506727843764,1.17343121116717,2.0140309405061725,1.0140309405061725,True,1.395599999341357,Optimization terminated successfully
Heart Failure,2,42,10,300,0.0001,50,least_cost,Unweighted k-means,Random 25% immutable,α < 1,0.8881343930637801,24,1,0,True,,8.0,0.1428404804889057,1.3092309826256285,1.8051259100264883,0.8051259100264883,True,1.430399999662768,Optimization terminated successfully
Heart Failure,2,42,10,300,0.0001,50,least_cost,Unweighted k-means,Random 50% immutable,α = 1,1.0,24,1,0,True,,5.0,0.5574063438982114,2.586286164904908,1.0,0.0,False,1.584999999977299,Optimization terminated successfully
Heart Failure,2,42,10,300,0.0001,50,least_cost,Unweighted k-means,Random 50% immutable,α < 1,0.8881343930637801,24,1,0,True,,5.0,0.752176837444539,3.0043505203844756,1.0,0.0,False,1.7636000002312358,Optimization terminated successfully
Heart Failure,2,42,10,300,0.0001,50,least_cost,Unweighted k-means,Random 75% immutable,α = 1,1.0,24,1,0,False,,,,,,,False,8.306599999741593,Positive directional derivative for linesearch
Heart Failure,2,42,10,300,0.0001,50,least_cost,Unweighted k-means,Random 75% immutable,α < 1,0.8881343930637801,24,1,0,False,,,,,,,False,9.819400000196765,Positive directional derivative for linesearch
Heart Failure,2,42,10,300,0.0001,50,least_cost,Unweighted k-means,All features mutable,α = 1,1.0,237,0,1,True,,11.0,0.1505006777424753,1.3438780201006726,1.6500996720096113,0.6500996720096113,True,2.1461000005729147,Optimization terminated successfully
Heart Failure,2,42,10,300,0.0001,50,least_cost,Unweighted k-means,All features mutable,α < 1,0.9232154513141368,237,0,1,True,,11.0,0.1735735119316513,1.4432193676568423,1.5365181043826253,0.5365181043826253,True,1.9658999999592197,Optimization terminated successfully
Heart Failure,2,42,10,300,0.0001,50,least_cost,Unweighted k-means,Random 25% immutable,α = 1,1.0,237,0,1,True,,8.0,0.15756636721094597,1.3750623282351064,1.5761048697697961,0.5761048697697961,True,1.7348999999740045,Optimization terminated successfully
Heart Failure,2,42,10,300,0.0001,50,least_cost,Unweighted k-means,Random 25% immutable,α < 1,0.9232154513141368,237,0,1,True,,8.0,0.1817224223130346,1.4767088635734584,1.467616590737904,0.46761659073790396,True,1.7550000002302113,Optimization terminated successfully
Heart Failure,2,42,10,300,0.0001,50,least_cost,Unweighted k-means,Random 50% immutable,α = 1,1.0,237,0,1,True,,5.0,2.3393491613249346,5.2983195388631685,1.0,0.0,False,1.5522000003329595,Optimization terminated successfully
Heart Failure,2,42,10,300,0.0001,50,least_cost,Unweighted k-means,Random 50% immutable,α < 1,0.9232154513141368,237,0,1,False,,,,,,,False,1.274300000659423,Positive directional derivative for linesearch
Heart Failure,2,42,10,300,0.0001,50,least_cost,Unweighted k-means,Random 75% immutable,α = 1,1.0,237,0,1,False,,,,,,,False,11.563899999600835,Positive directional derivative for linesearch
Heart Failure,2,42,10,300,0.0001,50,least_cost,Unweighted k-means,Random 75% immutable,α < 1,0.9232154513141368,237,0,1,False,,,,,,,False,5.072200000540761,Positive directional derivative for linesearch
Heart Failure,2,42,10,300,0.0001,50,least_cost,Ranked k-means,All features mutable,α = 1,1.0,275,1,0,True,,10.0,0.1603070986847089,1.3869697848967393,1.7167071844602715,0.7167071844602715,True,2.264100000502367,Optimization terminated successfully
Heart Failure,2,42,10,300,0.0001,50,least_cost,Ranked k-means,All features mutable,α < 1,0.8881343930637801,275,1,0,True,,10.0,0.19297955513960344,1.5217603824765713,1.5646490887098565,0.5646490887098565,True,2.3058000006130897,Optimization terminated successfully
Heart Failure,2,42,10,300,0.0001,50,least_cost,Ranked k-means,Random 25% immutable,α = 1,1.0,275,1,0,True,,7.0,0.19183640716014141,1.5172464815980615,1.4345574509675973,0.43455745096759735,True,2.0678000000771135,Optimization terminated successfully
Heart Failure,2,42,10,300,0.0001,50,least_cost,Ranked k-means,Random 25% immutable,α < 1,0.8881343930637801,275,1,0,True,,7.0,0.230934904424636,1.6646978263623797,1.3074908918323753,0.3074908918323753,True,1.9577000002755085,Optimization terminated successfully
Heart Failure,2,42,10,300,0.0001,50,least_cost,Ranked k-means,Random 50% immutable,α = 1,1.0,275,1,0,True,,5.0,0.2025810955297739,1.5591578324073823,1.3584700273739612,0.35847002737396116,True,1.3860999997632462,Optimization terminated successfully
Heart Failure,2,42,10,300,0.0001,50,least_cost,Ranked k-means,Random 50% immutable,α < 1,0.8881343930637801,275,1,0,True,,5.0,0.24386948560474564,1.710682269522002,1.2381429450869743,0.2381429450869743,True,1.2917000003653811,Optimization terminated successfully
Heart Failure,2,42,10,300,0.0001,50,least_cost,Ranked k-means,Random 75% immutable,α = 1,1.0,275,1,0,False,,,,,,,False,25.656200000412355,Positive directional derivative for linesearch
Heart Failure,2,42,10,300,0.0001,50,least_cost,Ranked k-means,Random 75% immutable,α < 1,0.8881343930637801,275,1,0,False,,,,,,,False,23.629299999811337,Positive directional derivative for linesearch
Heart Failure,2,42,10,300,0.0001,50,least_cost,Ranked k-means,All features mutable,α = 1,1.0,265,0,1,True,,11.0,0.17867058244720047,1.4642564629758017,1.6454940583049955,0.6454940583049955,True,2.106400000229769,Optimization terminated successfully
Heart Failure,2,42,10,300,0.0001,50,least_cost,Ranked k-means,All features mutable,α < 1,0.9232154513141368,265,0,1,True,,11.0,0.20167991539421712,1.5556860173989495,1.5487863802625692,0.5487863802625692,True,2.0150000000285218,Optimization terminated successfully
Heart Failure,2,42,10,300,0.0001,50,least_cost,Ranked k-means,Random 25% immutable,α = 1,1.0,265,0,1,True,,8.0,0.21397270935887203,1.6023958662909938,1.3740134585221238,0.37401345852212375,True,1.8177000001742272,Optimization terminated successfully
Heart Failure,2,42,10,300,0.0001,50,least_cost,Ranked k-means,Random 25% immutable,α < 1,0.9232154513141368,265,0,1,True,,8.0,0.24152827740413205,1.702450976929904,1.2932610222090803,0.29326102220908035,True,1.8111999997927342,Optimization terminated successfully
Heart Failure,2,42,10,300,0.0001,50,least_cost,Ranked k-means,Random 50% immutable,α = 1,1.0,265,0,1,False,,,,,,,False,1.9381000001885695,Positive directional derivative for linesearch
Heart Failure,2,42,10,300,0.0001,50,least_cost,Ranked k-means,Random 50% immutable,α < 1,0.9232154513141368,265,0,1,False,,,,,,,False,8.690300000125717,Positive directional derivative for linesearch
Heart Failure,2,42,10,300,0.0001,50,least_cost,Ranked k-means,Random 75% immutable,α = 1,1.0,265,0,1,False,,,,,,,False,7.084699999722943,Positive directional derivative for linesearch
Heart Failure,2,42,10,300,0.0001,50,least_cost,Ranked k-means,Random 75% immutable,α < 1,0.9232154513141368,265,0,1,False,,,,,,,False,1.72629999997298,Positive directional derivative for linesearch
Heart Failure,2,42,10,300,0.0001,50,least_cost,Ranked k-means,All features mutable,α = 1,1.0,121,1,0,True,,12.0,0.16812866920085537,1.4204027704880982,1.702408770457051,0.702408770457051,True,2.1263999997245264,Optimization terminated successfully
Heart Failure,2,42,10,300,0.0001,50,least_cost,Ranked k-means,All features mutable,α < 1,0.8881343930637801,121,1,0,True,,12.0,0.20101673918652815,1.5531261604384683,1.5569283386072286,0.5569283386072286,True,2.1933999996690545,Optimization terminated successfully
Heart Failure,2,42,10,300,0.0001,50,least_cost,Ranked k-means,Random 25% immutable,α = 1,1.0,121,1,0,True,,9.0,0.17441420633853422,1.4467102253258637,1.6410573823012349,0.6410573823012349,True,1.9603999999162625,Optimization terminated successfully
Heart Failure,2,42,10,300,0.0001,50,least_cost,Ranked k-means,Random 25% immutable,α < 1,0.8881343930637801,121,1,0,True,,9.0,0.20853180598303384,1.5818918015453542,1.5008197728927628,0.5008197728927628,True,1.9292000006316812,Optimization terminated successfully
Heart Failure,2,42,10,300,0.0001,50,least_cost,Ranked k-means,Random 50% immutable,α = 1,1.0,121,1,0,False,,,,,,,False,9.004399999867019,Positive directional derivative for linesearch
Heart Failure,2,42,10,300,0.0001,50,least_cost,Ranked k-means,Random 50% immutable,α < 1,0.8881343930637801,121,1,0,False,,,,,,,False,2.0961000000170316,Positive directional derivative for linesearch
Heart Failure,2,42,10,300,0.0001,50,least_cost,Ranked k-means,Random 75% immutable,α = 1,1.0,121,1,0,False,,,,,,,False,9.77580000017042,Positive directional derivative for linesearch
Heart Failure,2,42,10,300,0.0001,50,least_cost,Ranked k-means,Random 75% immutable,α < 1,0.8881343930637801,121,1,0,False,,,,,,,False,31.510599999819533,Positive directional derivative for linesearch
Heart Failure,2,42,10,300,0.0001,50,least_cost,Ranked k-means,All features mutable,α = 1,1.0,22,0,1,True,,10.0,0.17884661130417065,1.4649775887876402,1.634949018091915,0.6349490180919151,True,2.1810999996887404,Optimization terminated successfully
Heart Failure,2,42,10,300,0.0001,50,least_cost,Ranked k-means,All features mutable,α < 1,0.9232154513141368,22,0,1,True,,10.0,0.2020081768553,1.556951547821447,1.5383674951854325,0.5383674951854325,True,2.1582999997917796,Optimization terminated successfully
Heart Failure,2,42,10,300,0.0001,50,least_cost,Ranked k-means,Random 25% immutable,α = 1,1.0,22,0,1,True,,9.0,0.17958008303377104,1.4679785408531192,1.6282712808477569,0.6282712808477569,True,1.8829999999070424,Optimization terminated successfully
Heart Failure,2,42,10,300,0.0001,50,least_cost,Ranked k-means,Random 25% immutable,α < 1,0.9232154513141368,22,0,1,True,,9.0,0.20283663698541363,1.5601409051188178,1.532084229621907,0.532084229621907,True,1.936599999680766,Optimization terminated successfully
Heart Failure,2,42,10,300,0.0001,50,least_cost,Ranked k-means,Random 50% immutable,α = 1,1.0,22,0,1,True,,5.0,0.18681159500162037,1.4972438478816483,1.5652405902272195,0.5652405902272195,True,1.726599999528844,Optimization terminated successfully
Heart Failure,2,42,10,300,0.0001,50,least_cost,Ranked k-means,Random 50% immutable,α < 1,0.9232154513141368,22,0,1,True,,5.0,0.21100466733208909,1.5912435413804729,1.4727769662591284,0.47277696625912835,True,1.760400000421214,Optimization terminated successfully
Heart Failure,2,42,10,300,0.0001,50,least_cost,Ranked k-means,Random 75% immutable,α = 1,1.0,22,0,1,False,,,,,,,False,14.565800000127638,Positive directional derivative for linesearch
Heart Failure,2,42,10,300,0.0001,50,least_cost,Ranked k-means,Random 75% immutable,α < 1,0.9232154513141368,22,0,1,False,,,,,,,False,1.6154000004462432,Positive directional derivative for linesearch
Heart Failure,2,42,10,300,0.0001,50,least_cost,Ranked k-means,All features mutable,α = 1,1.0,232,0,1,True,,9.0,0.04834607604299853,0.7616776959554366,1.7488204385066817,0.7488204385066817,True,1.5646000001652283,Optimization terminated successfully
Heart Failure,2,42,10,300,0.0001,50,least_cost,Ranked k-means,All features mutable,α < 1,0.9232154513141368,232,0,1,True,,9.0,0.06187518295451445,0.8616856709114835,1.5458508244415325,0.5458508244415325,True,1.6668999996909406,Optimization terminated successfully
Heart Failure,2,42,10,300,0.0001,50,least_cost,Ranked k-means,Random 25% immutable,α = 1,1.0,232,0,1,True,,8.0,0.0486745760505814,0.7642610238701022,2.872455278682897,1.8724552786828972,True,1.7263999998249346,Optimization terminated successfully
Heart Failure,2,42,10,300,0.0001,50,least_cost,Ranked k-means,Random 25% immutable,α < 1,0.9232154513141368,232,0,1,True,,8.0,0.062295609366313585,0.8646081843215244,2.5390756807373775,1.5390756807373775,True,1.5853000004426576,Optimization terminated successfully
Heart Failure,2,42,10,300,0.0001,50,least_cost,Ranked k-means,Random 50% immutable,α = 1,1.0,232,0,1,True,,4.0,1.56656179800053,4.335751558381356,1.0,0.0,False,1.8309999995835824,Optimization terminated successfully
Heart Failure,2,42,10,300,0.0001,50,least_cost,Ranked k-means,Random 50% immutable,α < 1,0.9232154513141368,232,0,1,True,,4.0,2.080942191634397,4.997129806160009,1.0000000000000004,4.440892098500626e-16,True,1.6972000003079302,Optimization terminated successfully
Heart Failure,2,42,10,300,0.0001,50,least_cost,Ranked k-means,Random 75% immutable,α = 1,1.0,232,0,1,False,,,,,,,False,1.0595000003377208,Positive directional derivative for linesearch
Heart Failure,2,42,10,300,0.0001,50,least_cost,Ranked k-means,Random 75% immutable,α < 1,0.9232154513141368,232,0,1,False,,,,,,,False,2.70860000000539,Positive directional derivative for linesearch
Heart Failure,2,42,10,300,0.0001,50,least_cost,Ranked k-means,All features mutable,α = 1,1.0,286,0,1,True,,11.0,0.08652992220333006,1.0189990512458589,2.1761871697949218,1.1761871697949218,True,1.5263999994203914,Optimization terminated successfully
Heart Failure,2,42,10,300,0.0001,50,least_cost,Ranked k-means,All features mutable,α < 1,0.9232154513141368,286,0,1,True,,11.0,0.10422377043286402,1.1183403977297646,1.9828780890158306,0.9828780890158306,True,1.4724999991813092,Optimization terminated successfully
Heart Failure,2,42,10,300,0.0001,50,least_cost,Ranked k-means,Random 25% immutable,α = 1,1.0,286,0,1,True,,8.0,0.0903083067921843,1.0410089728269452,2.085138276370089,1.0851382763700892,True,1.2817999995604623,Optimization terminated successfully
Heart Failure,2,42,10,300,0.0001,50,least_cost,Ranked k-means,Random 25% immutable,α < 1,0.9232154513141368,286,0,1,True,,8.0,0.10877476865231284,1.142496049808381,1.8999169928625397,0.8999169928625397,True,1.3629999994009268,Optimization terminated successfully
Heart Failure,2,42,10,300,0.0001,50,least_cost,Ranked k-means,Random 50% immutable,α = 1,1.0,286,0,1,True,,6.0,0.09173225165896813,1.0491839781028005,2.0527710131668266,1.0527710131668266,True,1.1451999998826068,Optimization terminated successfully
Heart Failure,2,42,10,300,0.0001,50,least_cost,Ranked k-means,Random 50% immutable,α < 1,0.9232154513141368,286,0,1,True,,6.0,0.11048988548113362,1.1514680307214802,1.870424885381865,0.870424885381865,True,1.174199999695702,Optimization terminated successfully
Heart Failure,2,42,10,300,0.0001,50,least_cost,Ranked k-means,Random 75% immutable,α = 1,1.0,286,0,1,True,,3.0,0.09401496799764297,1.0621579995328922,2.0029290142985228,1.0029290142985228,True,0.9598000006008078,Optimization terminated successfully
Heart Failure,2,42,10,300,0.0001,50,least_cost,Ranked k-means,Random 75% immutable,α < 1,0.9232154513141368,286,0,1,True,,3.0,0.1132393768807327,1.1657068767785461,1.8250103185731998,0.8250103185731998,True,1.0059000005639973,Optimization terminated successfully
Heart Failure,2,42,10,300,0.0001,50,least_cost,Ranked k-means,All features mutable,α = 1,1.0,177,1,0,True,,10.0,0.10989455569775225,1.1483617323705222,2.068534174830183,1.0685341748301829,True,1.6105000004245085,Optimization terminated successfully
Heart Failure,2,42,10,300,0.0001,50,least_cost,Ranked k-means,All features mutable,α < 1,0.8881343930637801,177,1,0,True,,10.0,0.13727456902185697,1.2834698392491675,1.8507840354745808,0.8507840354745808,True,1.692199999524746,Optimization terminated successfully
Heart Failure,2,42,10,300,0.0001,50,least_cost,Ranked k-means,Random 25% immutable,α = 1,1.0,177,1,0,True,,8.0,0.5039961315431436,2.459258745743872,1.0018615781522675,0.0018615781522675068,True,2.4275999994642916,Optimization terminated successfully
Heart Failure,2,42,10,300,0.0001,50,least_cost,Ranked k-means,Random 25% immutable,α < 1,0.8881343930637801,177,1,0,True,,8.0,0.6504689796468606,2.7938553569865294,1.0,0.0,False,1.9468999998935033,Optimization terminated successfully
Heart Failure,2,42,10,300,0.0001,50,least_cost,Ranked k-means,Random 50% immutable,α = 1,1.0,177,1,0,True,,6.0,0.11493303443257319,1.1743919333812194,1.9778529744686795,0.9778529744686795,True,1.1697999998432351,Optimization terminated successfully
Heart Failure,2,42,10,300,0.0001,50,least_cost,Ranked k-means,Random 50% immutable,α < 1,0.8881343930637801,177,1,0,True,,6.0,0.1435683748656203,1.3125625693228662,1.7696486499112865,0.7696486499112865,True,1.1933999994653277,Optimization terminated successfully
Heart Failure,2,42,10,300,0.0001,50,least_cost,Ranked k-means,Random 75% immutable,α = 1,1.0,177,1,0,True,,3.0,0.9102658763567888,3.3050250401897814,1.0,0.0,False,1.3874999995096005,Optimization terminated successfully
Heart Failure,2,42,10,300,0.0001,50,least_cost,Ranked k-means,Random 75% immutable,α < 1,0.8881343930637801,177,1,0,False,,,,,,,False,4.055600000356208,Positive directional derivative for linesearch
Heart Failure,2,42,10,300,0.0001,50,least_cost,Ranked k-means,All features mutable,α = 1,1.0,204,0,1,True,,11.0,0.23065940310644203,1.6637045522800329,1.0,0.0,False,2.05779999942024,Optimization terminated successfully
Heart Failure,2,42,10,300,0.0001,50,least_cost,Ranked k-means,All features mutable,α < 1,0.9232154513141368,204,0,1,True,,11.0,0.2567755062853577,1.7553649408098284,1.0,0.0,False,2.195000000028813,Optimization terminated successfully
Heart Failure,2,42,10,300,0.0001,50,least_cost,Ranked k-means,Random 25% immutable,α = 1,1.0,204,0,1,True,,8.0,0.2810966894048047,1.8366165285267517,1.0,0.0,False,1.9998000007035444,Optimization terminated successfully
Heart Failure,2,42,10,300,0.0001,50,least_cost,Ranked k-means,Random 25% immutable,α < 1,0.9232154513141368,204,0,1,True,,8.0,0.31292718564814387,1.937814807399749,1.0000000000000053,5.329070518200751e-15,True,1.9529000001057284,Optimization terminated successfully
Heart Failure,2,42,10,300,0.0001,50,least_cost,Ranked k-means,Random 50% immutable,α = 1,1.0,204,0,1,True,,6.0,0.2848059619592992,1.848694551166198,1.1714454458644032,0.17144544586440325,True,1.5843999999560765,Optimization terminated successfully
Heart Failure,2,42,10,300,0.0001,50,least_cost,Ranked k-means,Random 50% immutable,α < 1,0.9232154513141368,204,0,1,True,,6.0,0.31701023773699016,1.9504160717251797,1.1103501693867504,0.11035016938675035,True,1.6003000000637257,Optimization terminated successfully
Heart Failure,2,42,10,300,0.0001,50,least_cost,Ranked k-means,Random 75% immutable,α = 1,1.0,204,0,1,False,,,,,,,False,2.4865999994290178,Positive directional derivative for linesearch
Heart Failure,2,42,10,300,0.0001,50,least_cost,Ranked k-means,Random 75% immutable,α < 1,0.9232154513141368,204,0,1,False,,,,,,,False,7.358500000009371,Positive directional derivative for linesearch
Heart Failure,2,42,10,300,0.0001,50,least_cost,Ranked k-means,All features mutable,α = 1,1.0,79,1,0,True,,10.0,0.14283388559533078,1.3092007589151364,1.8186828732839595,0.8186828732839595,True,2.116599999681057,Optimization terminated successfully
Heart Failure,2,42,10,300,0.0001,50,least_cost,Ranked k-means,All features mutable,α < 1,0.8881343930637801,79,1,0,True,,10.0,0.17375925313601479,1.443991356494968,1.648916377061643,0.6489163770616431,True,2.00330000006943,Optimization terminated successfully
Heart Failure,2,42,10,300,0.0001,50,least_cost,Ranked k-means,Random 25% immutable,α = 1,1.0,79,1,0,True,,8.0,0.6459333948040499,2.784097831910473,1.0000000000000002,2.220446049250313e-16,True,1.7423999997845385,Optimization terminated successfully
Heart Failure,2,42,10,300,0.0001,50,least_cost,Ranked k-means,Random 25% immutable,α < 1,0.8881343930637801,79,1,0,True,,8.0,0.8313417578923834,3.158496651052301,1.0,0.0,False,1.957100000254286,Optimization terminated successfully
Heart Failure,2,42,10,300,0.0001,50,least_cost,Ranked k-means,Random 50% immutable,α = 1,1.0,79,1,0,True,,5.0,0.14768882624341498,1.3312647801699629,1.758897733205293,0.7588977332052931,True,1.5307000003303983,Optimization terminated successfully
Heart Failure,2,42,10,300,0.0001,50,least_cost,Ranked k-means,Random 50% immutable,α < 1,0.8881343930637801,79,1,0,True,,5.0,0.17966535068082867,1.4683270099572316,1.5947119319964715,0.5947119319964715,True,1.451400000405556,Optimization terminated successfully
Heart Failure,2,42,10,300,0.0001,50,least_cost,Ranked k-means,Random 75% immutable,α = 1,1.0,79,1,0,False,,,,,,,False,10.851600000023609,Positive directional derivative for linesearch
Heart Failure,2,42,10,300,0.0001,50,least_cost,Ranked k-means,Random 75% immutable,α < 1,0.8881343930637801,79,1,0,False,,,,,,,False,2.488699999958044,Positive directional derivative for linesearch
Heart Failure,2,42,10,300,0.0001,50,least_cost,Ranked k-means,All features mutable,α = 1,1.0,131,0,1,True,,9.0,0.03206937705554376,0.6203487121502914,3.5093705600765905,2.5093705600765905,True,1.6150999999808846,Optimization terminated successfully
Heart Failure,2,42,10,300,0.0001,50,least_cost,Ranked k-means,All features mutable,α < 1,0.9232154513141368,131,0,1,True,,9.0,0.04338476898676614,0.72153809867615,3.017212132595209,2.017212132595209,True,1.5986999997039675,Optimization terminated successfully
Heart Failure,2,42,10,300,0.0001,50,least_cost,Ranked k-means,Random 25% immutable,α = 1,1.0,131,0,1,True,,6.0,1.0786012016600348,3.5976679140688375,1.0000000000000004,4.440892098500626e-16,True,2.219199999672128,Optimization terminated successfully
Heart Failure,2,42,10,300,0.0001,50,least_cost,Ranked k-means,Random 25% immutable,α < 1,0.9232154513141368,131,0,1,True,,6.0,1.4917403479168967,4.230943650653216,1.0,0.0,False,1.2408000002324115,Optimization terminated successfully
Heart Failure,2,42,10,300,0.0001,50,least_cost,Ranked k-means,Random 50% immutable,α = 1,1.0,131,0,1,True,,3.0,0.868214316230183,3.227781249521441,1.0374213082167272,0.03742130821672718,True,1.514599999609345,Optimization terminated successfully
Heart Failure,2,42,10,300,0.0001,50,least_cost,Ranked k-means,Random 50% immutable,α < 1,0.9232154513141368,131,0,1,True,,3.0,1.1833781224377833,3.768360050373823,1.0,0.0,False,1.5794000000823871,Optimization terminated successfully
Heart Failure,2,42,10,300,0.0001,50,least_cost,Ranked k-means,Random 75% immutable,α = 1,1.0,131,0,1,False,,,,,,,False,16.685599999618717,Positive directional derivative for linesearch
Heart Failure,2,42,10,300,0.0001,50,least_cost,Ranked k-means,Random 75% immutable,α < 1,0.9232154513141368,131,0,1,False,,,,,,,False,1.395799999954761,Positive directional derivative for linesearch
Heart Failure,2,42,10,300,0.0001,50,least_cost,Ranked k-means,All features mutable,α = 1,1.0,103,0,1,True,,12.0,0.41299160012621294,2.226184898321466,1.086210813483085,0.08621081348308501,True,2.069600000140781,Optimization terminated successfully
Heart Failure,2,42,10,300,0.0001,50,least_cost,Ranked k-means,All features mutable,α < 1,0.9232154513141368,103,0,1,True,,12.0,0.4474846220810839,2.317286228538246,1.043507732113134,0.04350773211313408,True,1.9005000003744499,Optimization terminated successfully
Heart Failure,2,42,10,300,0.0001,50,least_cost,Ranked k-means,Random 25% immutable,α = 1,1.0,103,0,1,True,,9.0,2.3816674784769676,5.346027472967532,1.0,0.0,False,1.9081000000369386,Optimization terminated successfully
Heart Failure,2,42,10,300,0.0001,50,least_cost,Ranked k-means,Random 25% immutable,α < 1,0.9232154513141368,103,0,1,True,,9.0,2.682216154745899,5.673322999526009,1.0000000000000002,2.220446049250313e-16,True,1.9061000002693618,Optimization terminated successfully
Heart Failure,2,42,10,300,0.0001,50,least_cost,Ranked k-means,Random 50% immutable,α = 1,1.0,103,0,1,False,,,,,,,False,5.109000000629749,Positive directional derivative for linesearch
Heart Failure,2,42,10,300,0.0001,50,least_cost,Ranked k-means,Random 50% immutable,α < 1,0.9232154513141368,103,0,1,False,,,,,,,False,33.52719999929832,Positive directional derivative for linesearch
Heart Failure,2,42,10,300,0.0001,50,least_cost,Ranked k-means,Random 75% immutable,α = 1,1.0,103,0,1,False,,,,,,,False,5.627699999422475,Positive directional derivative for linesearch
Heart Failure,2,42,10,300,0.0001,50,least_cost,Ranked k-means,Random 75% immutable,α < 1,0.9232154513141368,103,0,1,False,,,,,,,False,6.374900000082562,Inequality constraints incompatible
Heart Failure,2,42,10,300,0.0001,50,least_cost,Ranked k-means,All features mutable,α = 1,1.0,202,0,1,True,,10.0,0.02644493615399754,0.5633287085245794,1.6502049408225437,0.6502049408225437,True,1.4277000000220141,Optimization terminated successfully
Heart Failure,2,42,10,300,0.0001,50,least_cost,Ranked k-means,All features mutable,α < 1,0.9232154513141368,202,0,1,True,,10.0,0.03667159139424019,0.6633695024124054,1.4013424175370475,0.40134241753704747,True,1.3831000005666283,Optimization terminated successfully
Heart Failure,2,42,10,300,0.0001,50,least_cost,Ranked k-means,Random 25% immutable,α = 1,1.0,202,0,1,True,,8.0,0.2970814747612431,1.8881148527393445,1.0,0.0,False,1.7918000003191992,Optimization terminated successfully
Heart Failure,2,42,10,300,0.0001,50,least_cost,Ranked k-means,Random 25% immutable,α < 1,0.9232154513141368,202,0,1,True,,8.0,0.41317853067936217,2.22668865541466,1.0,0.0,False,1.8940999998449115,Optimization terminated successfully
Heart Failure,2,42,10,300,0.0001,50,least_cost,Ranked k-means,Random 50% immutable,α = 1,1.0,202,0,1,True,,5.0,0.028549329076720732,0.5853135475287146,1.528567074733167,0.528567074733167,True,1.2696000003415975,Optimization terminated successfully
Heart Failure,2,42,10,300,0.0001,50,least_cost,Ranked k-means,Random 50% immutable,α < 1,0.9232154513141368,202,0,1,True,,5.0,0.03958978475946297,0.6892585995934731,1.2980483976585897,0.2980483976585897,True,1.211900000271271,Optimization terminated successfully
Heart Failure,2,42,10,300,0.0001,50,least_cost,Ranked k-means,Random 75% immutable,α = 1,1.0,202,0,1,False,,,,,,,False,3.4558999996079365,Positive directional derivative for linesearch
Heart Failure,2,42,10,300,0.0001,50,least_cost,Ranked k-means,Random 75% immutable,α < 1,0.9232154513141368,202,0,1,False,,,,,,,False,0.9989999998651911,Positive directional derivative for linesearch
Heart Failure,2,42,10,300,0.0001,50,least_cost,Ranked k-means,All features mutable,α = 1,1.0,109,0,1,True,,10.0,0.044524072656003645,0.7309506630902279,3.245571678412411,2.245571678412411,True,1.4104000001680106,Optimization terminated successfully
Heart Failure,2,42,10,300,0.0001,50,least_cost,Ranked k-means,All features mutable,α < 1,0.9232154513141368,109,0,1,True,,10.0,0.0565551035124582,0.8238089840184425,2.8797364471628226,1.8797364471628226,True,1.6451000001325156,Optimization terminated successfully
Heart Failure,2,42,10,300,0.0001,50,least_cost,Ranked k-means,Random 25% immutable,α = 1,1.0,109,0,1,True,,7.0,0.04598927658268406,0.7428804203855481,3.1421687839365333,2.1421687839365333,True,1.2496999997893,Optimization terminated successfully
Heart Failure,2,42,10,300,0.0001,50,least_cost,Ranked k-means,Random 25% immutable,α < 1,0.9232154513141368,109,0,1,True,,7.0,0.058416225996755874,0.8372542695985912,2.7879889556878914,1.7879889556878914,True,1.2400000005072798,Optimization terminated successfully
Heart Failure,2,42,10,300,0.0001,50,least_cost,Ranked k-means,Random 50% immutable,α = 1,1.0,109,0,1,True,,4.0,0.05458816327183409,0.8093565093714938,2.647205192904197,1.647205192904197,True,1.0809000004883274,Optimization terminated successfully
Heart Failure,2,42,10,300,0.0001,50,least_cost,Ranked k-means,Random 50% immutable,α < 1,0.9232154513141368,109,0,1,True,,4.0,0.06933865234721938,0.9121753275366707,2.348816820187634,1.348816820187634,True,1.0828999993464095,Optimization terminated successfully
Heart Failure,2,42,10,300,0.0001,50,least_cost,Ranked k-means,Random 75% immutable,α = 1,1.0,109,0,1,True,,2.0,1.406517648502437,4.108310088348888,1.0133291218207496,0.013329121820749634,True,1.3084000001981622,Optimization terminated successfully
Heart Failure,2,42,10,300,0.0001,50,least_cost,Ranked k-means,Random 75% immutable,α < 1,0.9232154513141368,109,0,1,False,,,,,,,False,12.934800000039104,Inequality constraints incompatible
Heart Failure,2,42,10,300,0.0001,50,least_cost,Ranked k-means,All features mutable,α = 1,1.0,19,1,0,True,,11.0,0.13340603192984757,1.2652558567966286,1.899928739651056,0.899928739651056,True,2.241400000457361,Optimization terminated successfully
Heart Failure,2,42,10,300,0.0001,50,least_cost,Ranked k-means,All features mutable,α < 1,0.8881343930637801,19,1,0,True,,11.0,0.16304501764017806,1.398763815546476,1.7185860384251281,0.7185860384251281,True,2.1717999998145388,Optimization terminated successfully
Heart Failure,2,42,10,300,0.0001,50,least_cost,Ranked k-means,Random 25% immutable,α = 1,1.0,19,1,0,True,,9.0,0.13546139662804332,1.2749653954270759,1.8711009945745478,0.8711009945745478,True,1.7287999999098247,Optimization terminated successfully
Heart Failure,2,42,10,300,0.0001,50,least_cost,Ranked k-means,Random 25% immutable,α < 1,0.8881343930637801,19,1,0,True,,9.0,0.16555702529550365,1.4094978905787847,1.692509817770295,0.6925098177702951,True,2.0581000007950934,Optimization terminated successfully
Heart Failure,2,42,10,300,0.0001,50,least_cost,Ranked k-means,Random 50% immutable,α = 1,1.0,19,1,0,True,,6.0,0.1697037931430937,1.4270408255257185,1.493555025429752,0.49355502542975205,True,1.6949000000749948,Optimization terminated successfully
Heart Failure,2,42,10,300,0.0001,50,least_cost,Ranked k-means,Random 50% immutable,α < 1,0.8881343930637801,19,1,0,True,,6.0,0.20740709806263474,1.5776200989945637,1.3509995198760456,0.3509995198760456,True,1.603400000021793,Optimization terminated successfully
Heart Failure,2,42,10,300,0.0001,50,least_cost,Ranked k-means,Random 75% immutable,α = 1,1.0,19,1,0,True,,2.0,0.144945929555871,1.318844628707435,1.748665550424913,0.7486655504249129,True,1.28839999979391,Optimization terminated successfully
Heart Failure,2,42,10,300,0.0001,50,least_cost,Ranked k-means,Random 75% immutable,α < 1,0.8881343930637801,19,1,0,True,,2.0,0.17714874881921705,1.4580071967691397,1.5817604846584494,0.5817604846584494,True,1.2943000001541805,Optimization terminated successfully
Heart Failure,2,42,10,300,0.0001,50,least_cost,Ranked k-means,All features mutable,α = 1,1.0,208,1,0,True,,11.0,0.13741854459349656,1.284142723813034,1.8719850341023814,0.8719850341023814,True,2.0684999999502907,Optimization terminated successfully
Heart Failure,2,42,10,300,0.0001,50,least_cost,Ranked k-means,All features mutable,α < 1,0.8881343930637801,208,1,0,True,,11.0,0.16747778814758388,1.4176506825628825,1.6956899104278553,0.6956899104278553,True,2.0898000002489425,Optimization terminated successfully
Heart Failure,2,42,10,300,0.0001,50,least_cost,Ranked k-means,Random 25% immutable,α = 1,1.0,208,1,0,True,,8.0,0.14047800609883457,1.2983589924154315,1.8312151913628478,0.8312151913628478,True,2.0024000004923437,Optimization terminated successfully
Heart Failure,2,42,10,300,0.0001,50,least_cost,Ranked k-means,Random 25% immutable,α < 1,0.8881343930637801,208,1,0,True,,8.0,0.1712064831890896,1.4333449683412136,1.6587595896743526,0.6587595896743526,True,1.9019999999727588,Optimization terminated successfully
Heart Failure,2,42,10,300,0.0001,50,least_cost,Ranked k-means,Random 50% immutable,α = 1,1.0,208,1,0,True,,5.0,0.17128233747879157,1.4336624601856252,1.501879651955796,0.501879651955796,True,1.0729999994509853,Optimization terminated successfully
Heart Failure,2,42,10,300,0.0001,50,least_cost,Ranked k-means,Random 50% immutable,α < 1,0.8881343930637801,208,1,0,True,,5.0,0.20874902375478677,1.5827154782390427,1.3604393880478551,0.36043938804785514,True,1.3595999998869956,Optimization terminated successfully
Heart Failure,2,42,10,300,0.0001,50,least_cost,Ranked k-means,Random 75% immutable,α = 1,1.0,208,1,0,True,,3.0,2.9723255934787365,5.972261474663081,1.0000000000000007,6.661338147750939e-16,True,1.3383000004978385,Optimization terminated successfully
Heart Failure,2,42,10,300,0.0001,50,least_cost,Ranked k-means,Random 75% immutable,α < 1,0.8881343930637801,208,1,0,False,,,,,,,False,11.292700000012701,Positive directional derivative for linesearch
Heart Failure,2,42,10,300,0.0001,50,least_cost,Ranked k-means,All features mutable,α = 1,1.0,136,1,0,True,,11.0,0.1911858392223856,1.514671604892832,1.5870740247577837,0.5870740247577837,True,2.178099999582628,Optimization terminated successfully
Heart Failure,2,42,10,300,0.0001,50,least_cost,Ranked k-means,All features mutable,α < 1,0.8881343930637801,136,1,0,True,,11.0,0.2263746561674477,1.6481795636426793,1.4585158156923432,0.45851581569234323,True,2.106400000229769,Optimization terminated successfully
Heart Failure,2,42,10,300,0.0001,50,least_cost,Ranked k-means,Random 25% immutable,α = 1,1.0,136,1,0,True,,8.0,0.9324715006853193,3.345094618725131,1.0000000000000004,4.440892098500626e-16,True,1.9424000001890818,Optimization terminated successfully
Heart Failure,2,42,10,300,0.0001,50,least_cost,Ranked k-means,Random 25% immutable,α < 1,0.8881343930637801,136,1,0,True,,8.0,1.1793955539812226,3.7620136426885367,1.0,0.0,False,1.3365999993766309,Optimization terminated successfully
Heart Failure,2,42,10,300,0.0001,50,least_cost,Ranked k-means,Random 50% immutable,α = 1,1.0,136,1,0,False,,,,,,,False,5.1207999995313,Positive directional derivative for linesearch
Heart Failure,2,42,10,300,0.0001,50,least_cost,Ranked k-means,Random 50% immutable,α < 1,0.8881343930637801,136,1,0,False,,,,,,,False,39.66060000038851,Positive directional derivative for linesearch
Heart Failure,2,42,10,300,0.0001,50,least_cost,Ranked k-means,Random 75% immutable,α = 1,1.0,136,1,0,True,,3.0,0.24980119656680586,1.731361995309378,1.214670236149504,0.2146702361495041,True,1.4459000003625988,Optimization terminated successfully
Heart Failure,2,42,10,300,0.0001,50,least_cost,Ranked k-means,Random 75% immutable,α < 1,0.8881343930637801,136,1,0,True,,3.0,0.29577849600697087,1.8839697322631408,1.1162779569117516,0.11627795691175158,True,1.349600000139617,Optimization terminated successfully
Heart Failure,2,42,10,300,0.0001,50,least_cost,Ranked k-means,All features mutable,α = 1,1.0,135,0,1,True,,11.0,0.1057870269733777,1.126696198484992,1.9681726630327803,0.9681726630327803,True,1.9807999997283332,Optimization terminated successfully
Heart Failure,2,42,10,300,0.0001,50,least_cost,Ranked k-means,All features mutable,α < 1,0.9232154513141368,135,0,1,True,,11.0,0.1252640053559019,1.2260375460281885,1.8086988248412073,0.8086988248412073,True,1.499300000432413,Optimization terminated successfully
Heart Failure,2,42,10,300,0.0001,50,least_cost,Ranked k-means,Random 25% immutable,α = 1,1.0,135,0,1,True,,8.0,0.10944266951337045,1.145998269702204,1.9024310703978282,0.9024310703978282,True,1.3767999998890446,Optimization terminated successfully
Heart Failure,2,42,10,300,0.0001,50,least_cost,Ranked k-means,Random 25% immutable,α < 1,0.9232154513141368,135,0,1,True,,8.0,0.12959270631641684,1.2470414892043498,1.7482840334407073,0.7482840334407073,True,1.40209999972285,Optimization terminated successfully
Heart Failure,2,42,10,300,0.0001,50,least_cost,Ranked k-means,Random 50% immutable,α = 1,1.0,135,0,1,True,,6.0,1.2851074138255132,3.92699490270947,1.0000000000000002,2.220446049250313e-16,True,1.5223999998852378,Optimization terminated successfully
Heart Failure,2,42,10,300,0.0001,50,least_cost,Ranked k-means,Random 50% immutable,α < 1,0.9232154513141368,135,0,1,True,,6.0,1.537254082207772,4.295002792373163,1.0,0.0,False,1.5447000005224254,Optimization terminated successfully
Heart Failure,2,42,10,300,0.0001,50,least_cost,Ranked k-means,Random 75% immutable,α = 1,1.0,135,0,1,True,,3.0,3.3402302065128042,6.3310948877862865,1.0,0.0,False,1.291099999434664,Optimization terminated successfully
Heart Failure,2,42,10,300,0.0001,50,least_cost,Ranked k-means,Random 75% immutable,α < 1,0.9232154513141368,135,0,1,True,,3.0,4.053335381090549,6.974240071368822,1.0,0.0,False,1.4640999997936888,Optimization terminated successfully
Heart Failure,2,42,10,300,0.0001,50,least_cost,Ranked k-means,All features mutable,α = 1,1.0,220,0,1,True,,11.0,0.1651739045721202,1.407866064249523,1.5751020196157517,0.5751020196157517,True,2.027700000326149,Optimization terminated successfully
Heart Failure,2,42,10,300,0.0001,50,least_cost,Ranked k-means,All features mutable,α < 1,0.9232154513141368,220,0,1,True,,11.0,0.18930618185016732,1.5072074118056904,1.47128567303576,0.47128567303575997,True,1.9563000005291542,Optimization terminated successfully
Heart Failure,2,42,10,300,0.0001,50,least_cost,Ranked k-means,Random 25% immutable,α = 1,1.0,220,0,1,True,,8.0,0.16998887049881214,1.4282389316867627,1.5304869648549229,0.5304869648549229,True,1.83510000078968,Optimization terminated successfully
Heart Failure,2,42,10,300,0.0001,50,least_cost,Ranked k-means,Random 25% immutable,α < 1,0.9232154513141368,220,0,1,True,,8.0,0.1948246250793321,1.5290178223133915,1.42961123572843,0.4296112357284301,True,1.7247999994651764,Optimization terminated successfully
Heart Failure,2,42,10,300,0.0001,50,least_cost,Ranked k-means,Random 50% immutable,α = 1,1.0,220,0,1,True,,6.0,0.1724256997009146,1.4384395699545307,1.5088571545771048,0.5088571545771048,True,1.6154000004462432,Optimization terminated successfully
Heart Failure,2,42,10,300,0.0001,50,least_cost,Ranked k-means,Random 50% immutable,α < 1,0.9232154513141368,220,0,1,True,,6.0,0.19761748048385866,1.5399382344127648,1.4094070634576408,0.4094070634576408,True,1.528899999357236,Optimization terminated successfully
Heart Failure,2,42,10,300,0.0001,50,least_cost,Ranked k-means,Random 75% immutable,α = 1,1.0,220,0,1,False,,,,,,,False,2.201700000114215,Positive directional derivative for linesearch
Heart Failure,2,42,10,300,0.0001,50,least_cost,Ranked k-means,Random 75% immutable,α < 1,0.9232154513141368,220,0,1,False,,,,,,,False,13.162700000066252,Positive directional derivative for linesearch
Heart Failure,2,42,10,300,0.0001,50,least_cost,Ranked k-means,All features mutable,α = 1,1.0,51,1,0,True,,11.0,0.13624204483988983,1.278633856144392,1.8690299457625406,0.8690299457625406,True,2.208500000051572,Optimization terminated successfully
Heart Failure,2,42,10,300,0.0001,50,least_cost,Ranked k-means,All features mutable,α < 1,0.8881343930637801,51,1,0,True,,11.0,0.1663640339650515,1.4129290171769486,1.691383599462732,0.691383599462732,True,2.1525000001929584,Optimization terminated successfully
Heart Failure,2,42,10,300,0.0001,50,least_cost,Ranked k-means,Random 25% immutable,α = 1,1.0,51,1,0,True,,9.0,0.138274518468753,1.2881359484251016,1.841557390168586,0.841557390168586,True,1.7729000001054374,Optimization terminated successfully
Heart Failure,2,42,10,300,0.0001,50,least_cost,Ranked k-means,Random 25% immutable,α < 1,0.8881343930637801,51,1,0,True,,9.0,0.1688458707007129,1.423429116046372,1.6665222376917417,0.6665222376917417,True,1.8737999998847954,Optimization terminated successfully
Heart Failure,2,42,10,300,0.0001,50,least_cost,Ranked k-means,Random 50% immutable,α = 1,1.0,51,1,0,True,,5.0,0.17179308130386153,1.435798375694282,1.4822509675432256,0.4822509675432256,True,1.4273000006141956,Optimization terminated successfully
Heart Failure,2,42,10,300,0.0001,50,least_cost,Ranked k-means,Random 50% immutable,α < 1,0.8881343930637801,51,1,0,True,,5.0,0.2097751105144058,1.5866005565903694,1.3413669385804063,0.34136693858040634,True,1.4600000004065805,Optimization terminated successfully
Heart Failure,2,42,10,300,0.0001,50,least_cost,Ranked k-means,Random 75% immutable,α = 1,1.0,51,1,0,False,,,,,,,False,0.9259999997084378,Positive directional derivative for linesearch
Heart Failure,2,42,10,300,0.0001,50,least_cost,Ranked k-means,Random 75% immutable,α < 1,0.8881343930637801,51,1,0,False,,,,,,,False,1.8998999994437327,Positive directional derivative for linesearch
Heart Failure,2,42,10,300,0.0001,50,least_cost,Ranked k-means,All features mutable,α = 1,1.0,225,1,0,True,,10.0,0.13987322093659044,1.2955611337328259,1.8487461608246853,0.8487461608246853,True,1.9712000002982677,Optimization terminated successfully
Heart Failure,2,42,10,300,0.0001,50,least_cost,Ranked k-means,All features mutable,α < 1,0.8881343930637801,225,1,0,True,,10.0,0.1703024907170963,1.429555836127136,1.6754600352509368,0.6754600352509368,True,1.9645000002128654,Optimization terminated successfully
Heart Failure,2,42,10,300,0.0001,50,least_cost,Ranked k-means,Random 25% immutable,α = 1,1.0,225,1,0,True,,8.0,0.1400128172865222,1.2962074708310651,1.8469029124039613,0.8469029124039613,True,1.7422000000806293,Optimization terminated successfully
Heart Failure,2,42,10,300,0.0001,50,least_cost,Ranked k-means,Random 25% immutable,α < 1,0.8881343930637801,225,1,0,True,,8.0,0.1704724561038175,1.4302690212843912,1.6737895593116445,0.6737895593116445,True,1.8091000001732027,Optimization terminated successfully
Heart Failure,2,42,10,300,0.0001,50,least_cost,Ranked k-means,Random 50% immutable,α = 1,1.0,225,1,0,True,,5.0,0.7080236643775304,2.914838584301087,1.0,0.0,False,1.5653000000384054,Optimization terminated successfully
Heart Failure,2,42,10,300,0.0001,50,least_cost,Ranked k-means,Random 50% immutable,α < 1,0.8881343930637801,225,1,0,True,,5.0,0.9406406543224403,3.359715442097632,1.0000000000000009,8.881784197001252e-16,True,1.4923999997336068,Optimization terminated successfully
Heart Failure,2,42,10,300,0.0001,50,least_cost,Ranked k-means,Random 75% immutable,α = 1,1.0,225,1,0,False,,,,,,,False,20.156499999757216,Positive directional derivative for linesearch
Heart Failure,2,42,10,300,0.0001,50,least_cost,Ranked k-means,Random 75% immutable,α < 1,0.8881343930637801,225,1,0,False,,,,,,,False,19.54939999995986,Positive directional derivative for linesearch
Heart Failure,2,42,10,300,0.0001,50,least_cost,Ranked k-means,All features mutable,α = 1,1.0,156,1,0,True,,10.0,0.0972646468618353,1.0803590895355226,2.198736995954745,1.1987369959547451,True,2.2788000005675713,Optimization terminated successfully
Heart Failure,2,42,10,300,0.0001,50,least_cost,Ranked k-means,All features mutable,α < 1,0.8881343930637801,156,1,0,True,,10.0,0.12311337548340731,1.2154671965137058,1.9543312281885483,0.9543312281885483,True,1.9905999997718027,Optimization terminated successfully
Heart Failure,2,42,10,300,0.0001,50,least_cost,Ranked k-means,Random 25% immutable,α = 1,1.0,156,1,0,True,,8.0,0.09769020018989308,1.082719909431205,2.189158961361367,1.189158961361367,True,1.241400000253634,Optimization terminated successfully
Heart Failure,2,42,10,300,0.0001,50,least_cost,Ranked k-means,Random 25% immutable,α < 1,0.8881343930637801,156,1,0,True,,8.0,0.12365202244667459,1.2181232570475349,1.9458178635578334,0.9458178635578334,True,1.650100000006205,Optimization terminated successfully
Heart Failure,2,42,10,300,0.0001,50,least_cost,Ranked k-means,Random 50% immutable,α = 1,1.0,156,1,0,True,,6.0,2.8597197689479597,5.858040391408675,1.000000000000001,1.1102230246251565e-15,True,1.5101999997568782,Optimization terminated successfully
Heart Failure,2,42,10,300,0.0001,50,least_cost,Ranked k-means,Random 50% immutable,α < 1,0.8881343930637801,156,1,0,True,,6.0,7.291214867303356,9.353853666144254,1.0000000000000022,2.220446049250313e-15,True,1.6854000004968839,Optimization terminated successfully
Heart Failure,2,42,10,300,0.0001,50,least_cost,Ranked k-means,Random 75% immutable,α = 1,1.0,156,1,0,False,,,,,,,False,8.306599999741593,Positive directional derivative for linesearch
Heart Failure,2,42,10,300,0.0001,50,least_cost,Ranked k-means,Random 75% immutable,α < 1,0.8881343930637801,156,1,0,False,,,,,,,False,0.95930000043154,Positive directional derivative for linesearch
Heart Failure,2,42,10,300,0.0001,50,least_cost,Ranked k-means,All features mutable,α = 1,1.0,227,0,1,True,,9.0,0.07756678753768452,0.9647805193162922,2.2725297089224177,1.2725297089224177,True,1.468399999794201,Optimization terminated successfully
Heart Failure,2,42,10,300,0.0001,50,least_cost,Ranked k-means,All features mutable,α < 1,0.9232154513141368,227,0,1,True,,9.0,0.09456427362992394,1.0652564402805023,2.058182707612556,1.058182707612556,True,1.7411999997420935,Optimization terminated successfully
Heart Failure,2,42,10,300,0.0001,50,least_cost,Ranked k-means,Random 25% immutable,α = 1,1.0,227,0,1,True,,6.0,0.07849783377290158,0.9705534530744914,2.245575713269378,1.2455757132693779,True,1.3192000005801674,Optimization terminated successfully
Heart Failure,2,42,10,300,0.0001,50,least_cost,Ranked k-means,Random 25% immutable,α < 1,0.9232154513141368,227,0,1,True,,6.0,0.09569934278517694,1.0716305862666125,2.033771040294868,1.033771040294868,True,1.3770000005024485,Optimization terminated successfully
Heart Failure,2,42,10,300,0.0001,50,least_cost,Ranked k-means,Random 50% immutable,α = 1,1.0,227,0,1,False,,,,,,,False,15.516800000114017,Positive directional derivative for linesearch
Heart Failure,2,42,10,300,0.0001,50,least_cost,Ranked k-means,Random 50% immutable,α < 1,0.9232154513141368,227,0,1,False,,,,,,,False,2.295799999956216,Positive directional derivative for linesearch
Heart Failure,2,42,10,300,0.0001,50,least_cost,Ranked k-means,Random 75% immutable,α = 1,1.0,227,0,1,True,,3.0,0.08485272955806705,1.0090751977413797,2.0773972814087505,1.0773972814087505,True,1.1155000001963344,Optimization terminated successfully
Heart Failure,2,42,10,300,0.0001,50,least_cost,Ranked k-means,Random 75% immutable,α < 1,0.9232154513141368,227,0,1,True,,3.0,0.10344680926637217,1.114164131174786,1.8814553559057698,0.8814553559057698,True,1.0919999995167018,Optimization terminated successfully
Heart Failure,2,42,10,300,0.0001,50,least_cost,Ranked k-means,All features mutable,α = 1,1.0,47,0,1,True,,10.0,0.09833013736532904,1.0862603962144384,2.186791944725823,1.1867919447258228,True,1.680800000031013,Optimization terminated successfully
Heart Failure,2,42,10,300,0.0001,50,least_cost,Ranked k-means,All features mutable,α < 1,0.9232154513141368,47,0,1,True,,10.0,0.11583647399019172,1.1789985953690958,2.014782286726344,1.0147822867263439,True,1.6059999998105923,Optimization terminated successfully
Heart Failure,2,42,10,300,0.0001,50,least_cost,Ranked k-means,Random 25% immutable,α = 1,1.0,47,0,1,True,,8.0,0.10136607910814394,1.1029020578898778,2.1212969290841692,1.1212969290841692,True,1.3920000001235167,Optimization terminated successfully
Heart Failure,2,42,10,300,0.0001,50,least_cost,Ranked k-means,Random 25% immutable,α < 1,0.9232154513141368,47,0,1,True,,8.0,0.11941292364901643,1.1970610192417916,1.954439007367203,0.9544390073672031,True,1.3871999999537366,Optimization terminated successfully
Heart Failure,2,42,10,300,0.0001,50,least_cost,Ranked k-means,Random 50% immutable,α = 1,1.0,47,0,1,True,,5.0,0.12467125306363974,1.2231332865896818,1.724756493441639,0.7247564934416391,True,1.3097000000925618,Optimization terminated successfully
Heart Failure,2,42,10,300,0.0001,50,least_cost,Ranked k-means,Random 50% immutable,α < 1,0.9232154513141368,47,0,1,True,,5.0,0.14686726541317588,1.327556848107873,1.589089823167721,0.5890898231677211,True,1.3156999993952923,Optimization terminated successfully
Heart Failure,2,42,10,300,0.0001,50,least_cost,Ranked k-means,Random 75% immutable,α = 1,1.0,47,0,1,True,,2.0,0.6482800284352537,2.7891504694481872,1.0,0.0,False,1.470100000005914,Optimization terminated successfully
Heart Failure,2,42,10,300,0.0001,50,least_cost,Ranked k-means,Random 75% immutable,α < 1,0.9232154513141368,47,0,1,True,,2.0,0.9244724183727897,3.330715992166471,1.0,0.0,False,1.4215999999578344,Optimization terminated successfully
Heart Failure,2,42,10,300,0.0001,50,least_cost,Ranked k-means,All features mutable,α = 1,1.0,179,0,1,True,,12.0,0.25501069784799735,1.749322261384668,1.3823102635160258,0.3823102635160258,True,1.663199999711651,Optimization terminated successfully
Heart Failure,2,42,10,300,0.0001,50,least_cost,Ranked k-means,All features mutable,α < 1,0.9232154513141368,179,0,1,True,,12.0,0.2822632497102645,1.8404235916014482,1.313885635887434,0.313885635887434,True,2.206299999670591,Optimization terminated successfully
Heart Failure,2,42,10,300,0.0001,50,least_cost,Ranked k-means,Random 25% immutable,α = 1,1.0,179,0,1,True,,9.0,0.26455292928546414,1.7817505862004284,1.3324513402928084,0.33245134029280843,True,1.4156999995975639,Optimization terminated successfully
Heart Failure,2,42,10,300,0.0001,50,least_cost,Ranked k-means,Random 25% immutable,α < 1,0.9232154513141368,179,0,1,True,,9.0,0.29282524290410394,1.8745407210432232,1.2664947368180708,0.2664947368180708,True,1.9040999995922903,Optimization terminated successfully
Heart Failure,2,42,10,300,0.0001,50,least_cost,Ranked k-means,Random 50% immutable,α = 1,1.0,179,0,1,True,,6.0,0.31728105138840007,1.951248988894242,1.1110146810715722,0.1110146810715722,True,1.7073999997592182,Optimization terminated successfully
Heart Failure,2,42,10,300,0.0001,50,least_cost,Ranked k-means,Random 50% immutable,α < 1,0.9232154513141368,179,0,1,True,,6.0,0.3511883281452007,2.0528662737115657,1.0560192353721336,0.0560192353721336,True,1.7046000002665096,Optimization terminated successfully
Heart Failure,2,42,10,300,0.0001,50,least_cost,Ranked k-means,Random 75% immutable,α = 1,1.0,179,0,1,False,,,,,,,False,1.0571000002528308,Positive directional derivative for linesearch
Heart Failure,2,42,10,300,0.0001,50,least_cost,Ranked k-means,Random 75% immutable,α < 1,0.9232154513141368,179,0,1,False,,,,,,,False,5.721099999391299,Positive directional derivative for linesearch
Heart Failure,2,42,10,300,0.0001,50,least_cost,Ranked k-means,All features mutable,α = 1,1.0,252,0,1,True,,10.0,0.033030753147887164,0.6295784603801546,3.497623698654793,2.497623698654793,True,1.568500000757922,Optimization terminated successfully
Heart Failure,2,42,10,300,0.0001,50,least_cost,Ranked k-means,All features mutable,α < 1,0.9232154513141368,252,0,1,True,,10.0,0.0443620211921759,0.7296192529711033,3.018051590852001,2.018051590852001,True,1.504900000327325,Optimization terminated successfully
Heart Failure,2,42,10,300,0.0001,50,least_cost,Ranked k-means,Random 25% immutable,α = 1,1.0,252,0,1,True,,8.0,0.5221977272141669,2.5032724035889506,1.0,0.0,False,1.9050000000788714,Optimization terminated successfully
Heart Failure,2,42,10,300,0.0001,50,least_cost,Ranked k-means,Random 25% immutable,α < 1,0.9232154513141368,252,0,1,True,,8.0,0.7057307732577895,2.9101149941357085,1.0,0.0,False,1.9726999998965766,Optimization terminated successfully
Heart Failure,2,42,10,300,0.0001,50,least_cost,Ranked k-means,Random 50% immutable,α = 1,1.0,252,0,1,True,,5.0,0.03536176753148331,0.6514147759897682,3.267063643732561,2.267063643732561,True,1.1886000002050423,Optimization terminated successfully
Heart Failure,2,42,10,300,0.0001,50,least_cost,Ranked k-means,Random 50% immutable,α < 1,0.9232154513141368,252,0,1,True,,5.0,0.04749269505235902,0.7549253874577992,2.819104465868198,1.819104465868198,True,1.3279999993756064,Optimization terminated successfully
Heart Failure,2,42,10,300,0.0001,50,least_cost,Ranked k-means,Random 75% immutable,α = 1,1.0,252,0,1,False,,,,,,,False,5.041200000050594,Positive directional derivative for linesearch
Heart Failure,2,42,10,300,0.0001,50,least_cost,Ranked k-means,Random 75% immutable,α < 1,0.9232154513141368,252,0,1,False,,,,,,,False,1.1089999998148414,Positive directional derivative for linesearch
Heart Failure,2,42,10,300,0.0001,50,least_cost,Ranked k-means,All features mutable,α = 1,1.0,296,1,0,True,,10.0,0.34702046112679524,2.040648312062013,1.1737268365726736,0.17372683657267363,True,2.3794999997335253,Optimization terminated successfully
Heart Failure,2,42,10,300,0.0001,50,least_cost,Ranked k-means,All features mutable,α < 1,0.8881343930637801,296,1,0,True,,10.0,0.3940893533603073,2.174643014456324,1.1014054585540503,0.10140545855405025,True,2.066400000330759,Optimization terminated successfully
Heart Failure,2,42,10,300,0.0001,50,least_cost,Ranked k-means,Random 25% immutable,α = 1,1.0,296,1,0,True,,7.0,0.35557740420984085,2.0656545816079928,1.1454811882817462,0.14548118828174617,True,1.7641000004005036,Optimization terminated successfully
Heart Failure,2,42,10,300,0.0001,50,least_cost,Ranked k-means,Random 25% immutable,α < 1,0.8881343930637801,296,1,0,True,,7.0,0.40380693645436666,2.2012912659283415,1.074900220622285,0.07490022062228507,True,2.058500000202912,Optimization terminated successfully
Heart Failure,2,42,10,300,0.0001,50,least_cost,Ranked k-means,Random 50% immutable,α = 1,1.0,296,1,0,True,,4.0,0.5523602802738216,2.574553041459014,1.0,0.0,False,1.591799999914656,Optimization terminated successfully
Heart Failure,2,42,10,300,0.0001,50,least_cost,Ranked k-means,Random 50% immutable,α < 1,0.8881343930637801,296,1,0,True,,4.0,0.8697504073888948,3.230635369190825,1.0000000000000029,2.886579864025407e-15,True,1.5941000001475913,Optimization terminated successfully
Heart Failure,2,42,10,300,0.0001,50,least_cost,Ranked k-means,Random 75% immutable,α = 1,1.0,296,1,0,True,,3.0,0.36495482221943754,2.0927154289662155,1.1160483505037806,0.1160483505037806,True,1.3185000007069902,Optimization terminated successfully
Heart Failure,2,42,10,300,0.0001,50,least_cost,Ranked k-means,Random 75% immutable,α < 1,0.8881343930637801,296,1,0,True,,3.0,0.41445628141688434,2.23012900456512,1.0472809425202771,0.04728094252027715,True,1.4584999998987769,Optimization terminated successfully
Heart Failure,2,42,10,300,0.0001,50,least_cost,Ranked k-means,All features mutable,α = 1,1.0,111,0,1,True,,12.0,0.2904513883329436,1.8669270633839241,1.0,0.0,False,2.516999999897962,Optimization terminated successfully
Heart Failure,2,42,10,300,0.0001,50,least_cost,Ranked k-means,All features mutable,α < 1,0.9232154513141368,111,0,1,True,,12.0,0.31956725392806046,1.9582663371300455,1.0,0.0,False,2.5042000006578746,Optimization terminated successfully
Heart Failure,2,42,10,300,0.0001,50,least_cost,Ranked k-means,Random 25% immutable,α = 1,1.0,111,0,1,True,,9.0,1.546447851701692,4.307827088036415,1.0000000000000007,6.661338147750939e-16,True,1.738400000249385,Optimization terminated successfully
Heart Failure,2,42,10,300,0.0001,50,least_cost,Ranked k-means,Random 25% immutable,α < 1,0.9232154513141368,111,0,1,True,,9.0,1.7739505123198749,4.613827711113463,1.0000000000000013,1.3322676295501878e-15,True,1.784600000064529,Optimization terminated successfully
Heart Failure,2,42,10,300,0.0001,50,least_cost,Ranked k-means,Random 50% immutable,α = 1,1.0,111,0,1,True,,6.0,0.3671955342217137,2.0991299175278706,1.0000000000000029,2.886579864025407e-15,True,1.6567000002396526,Optimization terminated successfully
Heart Failure,2,42,10,300,0.0001,50,least_cost,Ranked k-means,Random 50% immutable,α < 1,0.9232154513141368,111,0,1,True,,6.0,0.4096688084860281,2.217211244295937,1.0,0.0,False,1.4999000004536356,Optimization terminated successfully
Heart Failure,2,42,10,300,0.0001,50,least_cost,Ranked k-means,Random 75% immutable,α = 1,1.0,111,0,1,False,,,,,,,False,3.4863000000768807,Positive directional derivative for linesearch
Heart Failure,2,42,10,300,0.0001,50,least_cost,Ranked k-means,Random 75% immutable,α < 1,0.9232154513141368,111,0,1,False,,,,,,,False,3.0259000004662084,Positive directional derivative for linesearch
Heart Failure,2,42,10,300,0.0001,50,least_cost,Ranked k-means,All features mutable,α = 1,1.0,25,0,1,True,,11.0,0.25116556801539625,1.7360837584012916,1.0,0.0,False,2.197400000113703,Optimization terminated successfully
Heart Failure,2,42,10,300,0.0001,50,least_cost,Ranked k-means,All features mutable,α < 1,0.9232154513141368,25,0,1,True,,11.0,0.2785526398142199,1.8282865414837575,1.0,0.0,False,2.188200000091456,Optimization terminated successfully
Heart Failure,2,42,10,300,0.0001,50,least_cost,Ranked k-means,Random 25% immutable,α = 1,1.0,25,0,1,True,,8.0,0.25575139962739046,1.7518609521102655,1.351865373142586,0.35186537314258604,True,1.9103000004179194,Optimization terminated successfully
Heart Failure,2,42,10,300,0.0001,50,least_cost,Ranked k-means,Random 25% immutable,α < 1,0.9232154513141368,25,0,1,True,,8.0,0.2836315290381198,1.844878952250645,1.2837049032369696,0.2837049032369696,True,1.9350000002305023,Optimization terminated successfully
Heart Failure,2,42,10,300,0.0001,50,least_cost,Ranked k-means,Random 50% immutable,α = 1,1.0,25,0,1,False,,,,,,,False,15.86070000030304,Positive directional derivative for linesearch
Heart Failure,2,42,10,300,0.0001,50,least_cost,Ranked k-means,Random 50% immutable,α < 1,0.9232154513141368,25,0,1,False,,,,,,,False,9.68269999975746,Positive directional derivative for linesearch
Heart Failure,2,42,10,300,0.0001,50,least_cost,Ranked k-means,Random 75% immutable,α = 1,1.0,25,0,1,False,,,,,,,False,10.222300000350515,Positive directional derivative for linesearch
Heart Failure,2,42,10,300,0.0001,50,least_cost,Ranked k-means,Random 75% immutable,α < 1,0.9232154513141368,25,0,1,False,,,,,,,False,16.79100000001199,Positive directional derivative for linesearch
Heart Failure,2,42,10,300,0.0001,50,least_cost,Ranked k-means,All features mutable,α = 1,1.0,218,0,1,True,,9.0,0.03784750169331068,0.6739213754732285,3.23039687510582,2.23039687510582,True,1.5511999999944237,Optimization terminated successfully
Heart Failure,2,42,10,300,0.0001,50,least_cost,Ranked k-means,All features mutable,α < 1,0.9232154513141368,218,0,1,True,,9.0,0.05006639096576599,0.7751107608524035,2.808674085071869,1.808674085071869,True,1.5947000001688139,Optimization terminated successfully
Heart Failure,2,42,10,300,0.0001,50,least_cost,Ranked k-means,Random 25% immutable,α = 1,1.0,218,0,1,True,,8.0,0.037854190229746995,0.6739809216565139,3.229826089411883,2.229826089411883,True,1.4431999998123501,Optimization terminated successfully
Heart Failure,2,42,10,300,0.0001,50,least_cost,Ranked k-means,Random 25% immutable,α < 1,0.9232154513141368,218,0,1,True,,8.0,0.05007523886496004,0.7751792479030386,2.8081778144843925,1.8081778144843925,True,1.426499999979569,Optimization terminated successfully
Heart Failure,2,42,10,300,0.0001,50,least_cost,Ranked k-means,Random 50% immutable,α = 1,1.0,218,0,1,True,,5.0,0.9940867845209609,3.4538444397875727,1.0000000000000004,4.440892098500626e-16,True,1.7694999996820115,Optimization terminated successfully
Heart Failure,2,42,10,300,0.0001,50,least_cost,Ranked k-means,Random 50% immutable,α < 1,0.9232154513141368,218,0,1,True,,5.0,1.3315313778026217,3.99729615285526,1.0,0.0,False,1.5550999996776227,Optimization terminated successfully
Heart Failure,2,42,10,300,0.0001,50,least_cost,Ranked k-means,Random 75% immutable,α = 1,1.0,218,0,1,False,,,,,,,False,9.26069999968604,Positive directional derivative for linesearch
Heart Failure,2,42,10,300,0.0001,50,least_cost,Ranked k-means,Random 75% immutable,α < 1,0.9232154513141368,218,0,1,False,,,,,,,False,2.595100000689854,Positive directional derivative for linesearch
Heart Failure,2,42,10,300,0.0001,50,least_cost,Ranked k-means,All features mutable,α = 1,1.0,253,1,0,True,,11.0,0.1358487627531469,1.276787042947164,1.8871004020312097,0.8871004020312097,True,2.185999999710475,Optimization terminated successfully
Heart Failure,2,42,10,300,0.0001,50,least_cost,Ranked k-means,All features mutable,α < 1,0.8881343930637801,253,1,0,True,,11.0,0.16567232454537806,1.409988615040752,1.7088260977330316,0.7088260977330316,True,2.1589999996649567,Optimization terminated successfully
Heart Failure,2,42,10,300,0.0001,50,least_cost,Ranked k-means,Random 25% immutable,α = 1,1.0,253,1,0,True,,8.0,0.13924213634151023,1.292635151965984,1.8411111856516449,0.8411111856516449,True,1.929500000187545,Optimization terminated successfully
Heart Failure,2,42,10,300,0.0001,50,least_cost,Ranked k-means,Random 25% immutable,α < 1,0.8881343930637801,253,1,0,True,,8.0,0.16981066249591684,1.4274900875140963,1.6671814804665395,0.6671814804665395,True,1.9398999993427424,Optimization terminated successfully
Heart Failure,2,42,10,300,0.0001,50,least_cost,Ranked k-means,Random 50% immutable,α = 1,1.0,253,1,0,True,,5.0,0.16977116230830028,1.4273240513981411,1.5100341570445257,0.5100341570445257,True,1.603400000021793,Optimization terminated successfully
Heart Failure,2,42,10,300,0.0001,50,least_cost,Ranked k-means,Random 50% immutable,α < 1,0.8881343930637801,253,1,0,True,,5.0,0.20704187900110446,1.576230486957175,1.3673812860960806,0.36738128609608056,True,1.8224000004920526,Optimization terminated successfully
Heart Failure,2,42,10,300,0.0001,50,least_cost,Ranked k-means,Random 75% immutable,α = 1,1.0,253,1,0,True,,3.0,0.17303723261184142,1.4409881301877878,1.4815323250944257,0.4815323250944257,True,1.6076000001703505,Optimization terminated successfully
Heart Failure,2,42,10,300,0.0001,50,least_cost,Ranked k-means,Random 75% immutable,α < 1,0.8881343930637801,253,1,0,True,,3.0,0.21102496613675661,1.5913200789410908,1.341572021516344,0.341572021516344,True,2.038200000242796,Optimization terminated successfully
Heart Failure,2,42,10,300,0.0001,50,least_cost,Ranked k-means,All features mutable,α = 1,1.0,182,0,1,True,,11.0,0.24662064780463197,1.7203045584010943,1.389175505019572,0.389175505019572,True,1.6066999996837694,Optimization terminated successfully
Heart Failure,2,42,10,300,0.0001,50,least_cost,Ranked k-means,All features mutable,α < 1,0.9232154513141368,182,0,1,True,,11.0,0.2737584147566313,1.8124847522336776,1.3185241696317824,0.31852416963178243,True,1.972600000044622,Optimization terminated successfully
Heart Failure,2,42,10,300,0.0001,50,least_cost,Ranked k-means,Random 25% immutable,α = 1,1.0,182,0,1,True,,9.0,0.2498870313127357,1.7316594283382714,1.3710169805398194,0.37101698053981935,True,1.4537000006384915,Optimization terminated successfully
Heart Failure,2,42,10,300,0.0001,50,least_cost,Ranked k-means,Random 25% immutable,α < 1,0.9232154513141368,182,0,1,True,,9.0,0.2773842262169676,1.824448057524141,1.3012891588574886,0.30128915885748864,True,1.92590000006021,Optimization terminated successfully
Heart Failure,2,42,10,300,0.0001,50,least_cost,Ranked k-means,Random 50% immutable,α = 1,1.0,182,0,1,True,,6.0,0.25634380118090194,1.7538887120256015,1.3364838977646858,0.3364838977646858,True,1.123600000028091,Optimization terminated successfully
Heart Failure,2,42,10,300,0.0001,50,least_cost,Ranked k-means,Random 50% immutable,α < 1,0.9232154513141368,182,0,1,True,,6.0,0.2845514895895692,1.8478684680124908,1.2685123796143165,0.2685123796143165,True,1.4576000003216905,Optimization terminated successfully
Heart Failure,2,42,10,300,0.0001,50,least_cost,Ranked k-means,Random 75% immutable,α = 1,1.0,182,0,1,False,,,,,,,False,2.7050999997300096,Positive directional derivative for linesearch
Heart Failure,2,42,10,300,0.0001,50,least_cost,Ranked k-means,Random 75% immutable,α < 1,0.9232154513141368,182,0,1,False,,,,,,,False,17.583099999683327,Positive directional derivative for linesearch
Heart Failure,2,42,10,300,0.0001,50,least_cost,Ranked k-means,All features mutable,α = 1,1.0,164,0,1,True,,10.0,0.05476710338187205,0.8106819601930616,2.6972810315516105,1.6972810315516105,True,1.6387000005124719,Optimization terminated successfully
Heart Failure,2,42,10,300,0.0001,50,least_cost,Ranked k-means,All features mutable,α < 1,0.9232154513141368,164,0,1,True,,10.0,0.06922492101786816,0.9114269319119432,2.3991359047004623,1.3991359047004623,True,1.607000000149128,Optimization terminated successfully
Heart Failure,2,42,10,300,0.0001,50,least_cost,Ranked k-means,Random 25% immutable,α = 1,1.0,164,0,1,True,,7.0,0.056137181193909376,0.8207595106527323,2.6314514901814205,1.6314514901814205,True,1.4121000003797235,Optimization terminated successfully
Heart Failure,2,42,10,300,0.0001,50,least_cost,Ranked k-means,Random 25% immutable,α < 1,0.9232154513141368,164,0,1,True,,7.0,0.0709566820021632,0.9227568390567248,2.3405828556511414,1.3405828556511414,True,1.5858999995543854,Optimization terminated successfully
Heart Failure,2,42,10,300,0.0001,50,least_cost,Ranked k-means,Random 50% immutable,α = 1,1.0,164,0,1,True,,6.0,0.9193469586081078,3.3214700816501863,1.285964280587629,0.285964280587629,True,1.6530999992028228,Optimization terminated successfully
Heart Failure,2,42,10,300,0.0001,50,least_cost,Ranked k-means,Random 50% immutable,α < 1,0.9232154513141368,164,0,1,True,,6.0,1.1620428367660514,3.734235402487719,1.143819606296541,0.1438196062965409,True,1.5669999993406236,Optimization terminated successfully
Heart Failure,2,42,10,300,0.0001,50,least_cost,Ranked k-means,Random 75% immutable,α = 1,1.0,164,0,1,True,,2.0,2.2687965224891706,5.217811636104742,1.0,0.0,False,1.2784000000465312,Optimization terminated successfully
Heart Failure,2,42,10,300,0.0001,50,least_cost,Ranked k-means,Random 75% immutable,α < 1,0.9232154513141368,164,0,1,False,,,,,,,False,4.971800000021176,Positive directional derivative for linesearch
Heart Failure,2,42,10,300,0.0001,50,least_cost,Ranked k-means,All features mutable,α = 1,1.0,192,0,1,True,,9.0,0.01769074484059272,0.4607482372045634,2.64163393585029,1.6416339358502898,True,1.5106999999261461,Optimization terminated successfully
Heart Failure,2,42,10,300,0.0001,50,least_cost,Ranked k-means,All features mutable,α < 1,0.9232154513141368,192,0,1,True,,9.0,0.026314491017035795,0.5619376230547565,2.1659489188844034,1.1659489188844034,True,1.4694000001327367,Optimization terminated successfully
Heart Failure,2,42,10,300,0.0001,50,least_cost,Ranked k-means,Random 25% immutable,α = 1,1.0,192,0,1,True,,7.0,0.256003465322809,1.7527240466980842,1.000000000000001,1.1102230246251565e-15,True,1.3010000002395827,Optimization terminated successfully
Heart Failure,2,42,10,300,0.0001,50,least_cost,Ranked k-means,Random 25% immutable,α < 1,0.9232154513141368,192,0,1,True,,7.0,0.38292763499691906,2.1436258115545797,1.000000000000001,1.1102230246251565e-15,True,1.9043000002056942,Optimization terminated successfully
Heart Failure,2,42,10,300,0.0001,50,least_cost,Ranked k-means,Random 50% immutable,α = 1,1.0,192,0,1,True,,6.0,0.2647257730394914,1.7823325381291497,1.7370947415225864,0.7370947415225864,True,1.6380999995817547,Optimization terminated successfully
Heart Failure,2,42,10,300,0.0001,50,least_cost,Ranked k-means,Random 50% immutable,α < 1,0.9232154513141368,192,0,1,True,,6.0,0.3937722260648557,2.173767860830192,1.4242921801121178,0.4242921801121178,True,1.6347999999197782,Optimization terminated successfully
Heart Failure,2,42,10,300,0.0001,50,least_cost,Ranked k-means,Random 75% immutable,α = 1,1.0,192,0,1,False,,,,,,,False,2.618599999550497,Positive directional derivative for linesearch
Heart Failure,2,42,10,300,0.0001,50,least_cost,Ranked k-means,Random 75% immutable,α < 1,0.9232154513141368,192,0,1,False,,,,,,,False,8.78999999986263,Positive directional derivative for linesearch
Heart Failure,2,42,10,300,0.0001,50,least_cost,Ranked k-means,All features mutable,α = 1,1.0,126,1,0,True,,11.0,0.1056886023464656,1.1261719354333013,1.471712642736196,0.47171264273619595,True,2.316199999768287,Optimization terminated successfully
Heart Failure,2,42,10,300,0.0001,50,least_cost,Ranked k-means,All features mutable,α < 1,0.8881343930637801,126,1,0,True,,11.0,0.1321684692883818,1.25937350752689,1.3160523592122932,0.31605235921229324,True,5.197299999963434,Optimization terminated successfully
Heart Failure,2,42,10,300,0.0001,50,least_cost,Ranked k-means,Random 25% immutable,α = 1,1.0,126,1,0,True,,8.0,0.12851313823791366,1.2418364058341034,1.210329602429394,0.2103296024293939,True,1.3705000001209555,Optimization terminated successfully
Heart Failure,2,42,10,300,0.0001,50,least_cost,Ranked k-means,Random 25% immutable,α < 1,0.8881343930637801,126,1,0,True,,8.0,0.1607116035906139,1.388718561511787,1.0823153129008092,0.08231531290080918,True,1.394099999743048,Optimization terminated successfully
Heart Failure,2,42,10,300,0.0001,50,least_cost,Ranked k-means,Random 50% immutable,α = 1,1.0,126,1,0,True,,5.0,0.13347877525791033,1.26560076765737,1.694044106170615,0.6940441061706151,True,1.6729999997551204,Optimization terminated successfully
Heart Failure,2,42,10,300,0.0001,50,least_cost,Ranked k-means,Random 50% immutable,α < 1,0.8881343930637801,126,1,0,True,,5.0,0.16692136159103899,1.415293728910175,1.51486824091594,0.51486824091594,True,1.731300000756164,Optimization terminated successfully
Heart Failure,2,42,10,300,0.0001,50,least_cost,Ranked k-means,Random 75% immutable,α = 1,1.0,126,1,0,True,,3.0,0.1370606917321957,1.2824696100829636,1.6497722924606744,0.6497722924606744,True,1.3343000000531902,Optimization terminated successfully
Heart Failure,2,42,10,300,0.0001,50,least_cost,Ranked k-means,Random 75% immutable,α < 1,0.8881343930637801,126,1,0,True,,3.0,0.1714007132620278,1.434157787394516,1.4752789736203293,0.47527897362032934,True,0.9918999994624755,Optimization terminated successfully
Heart Failure,2,42,10,300,0.0001,50,least_cost,Ranked k-means,All features mutable,α = 1,1.0,254,0,1,True,,9.0,0.004686693823820974,0.23715042881228718,9.245154673827038,8.245154673827038,True,1.415600000655104,Optimization terminated successfully
Heart Failure,2,42,10,300,0.0001,50,least_cost,Ranked k-means,All features mutable,α < 1,0.9232154513141368,254,0,1,True,,9.0,0.009499295767373631,0.3376263455485718,6.493842749896833,5.493842749896833,True,1.4019000000189408,Optimization terminated successfully
Heart Failure,2,42,10,300,0.0001,50,least_cost,Ranked k-means,Random 25% immutable,α = 1,1.0,254,0,1,True,,7.0,0.05845317780844915,0.8375190348292927,3.399347840595269,2.399347840595269,True,1.296399999773712,Optimization terminated successfully
Heart Failure,2,42,10,300,0.0001,50,least_cost,Ranked k-means,Random 25% immutable,α < 1,0.9232154513141368,254,0,1,True,,7.0,0.11847670136314638,1.1923591809340661,2.387718874434471,1.387718874434471,True,1.7793999995774357,Optimization terminated successfully
Heart Failure,2,42,10,300,0.0001,50,least_cost,Ranked k-means,Random 50% immutable,α = 1,1.0,254,0,1,True,,3.0,0.10225206922398303,1.1077115286426318,2.3290020236339304,1.3290020236339304,True,1.5318999994633486,Optimization terminated successfully
Heart Failure,2,42,10,300,0.0001,50,least_cost,Ranked k-means,Random 50% immutable,α < 1,0.9232154513141368,254,0,1,True,,3.0,0.20725114225462204,1.5770268567958712,1.6359026450624847,0.6359026450624847,True,1.5289999992091907,Optimization terminated successfully
Heart Failure,2,42,10,300,0.0001,50,least_cost,Ranked k-means,Random 75% immutable,α = 1,1.0,254,0,1,False,,,,,,,False,9.551299999657203,Positive directional derivative for linesearch
Heart Failure,2,42,10,300,0.0001,50,least_cost,Ranked k-means,Random 75% immutable,α < 1,0.9232154513141368,254,0,1,False,,,,,,,False,1.8098000000463799,Positive directional derivative for linesearch
Heart Failure,2,42,10,300,0.0001,50,least_cost,Ranked k-means,All features mutable,α = 1,1.0,189,1,0,True,,10.0,0.15305576530818618,1.3552376853151016,1.756902880935362,0.756902880935362,True,2.1725000005972106,Optimization terminated successfully
Heart Failure,2,42,10,300,0.0001,50,least_cost,Ranked k-means,All features mutable,α < 1,0.8881343930637801,189,1,0,True,,10.0,0.18501535698556865,1.4900282828949334,1.5979703345323732,0.5979703345323732,True,2.177800000026764,Optimization terminated successfully
Heart Failure,2,42,10,300,0.0001,50,least_cost,Ranked k-means,Random 25% immutable,α = 1,1.0,189,1,0,True,,7.0,0.8039216874862565,3.1059717078291427,1.000000000000001,1.1102230246251565e-15,True,1.852300000791729,Optimization terminated successfully
Heart Failure,2,42,10,300,0.0001,50,least_cost,Ranked k-means,Random 25% immutable,α < 1,0.8881343930637801,189,1,0,True,,7.0,1.0691008749712905,3.581788729064779,1.0000000000000002,2.220446049250313e-16,True,1.900999999634223,Optimization terminated successfully
Heart Failure,2,42,10,300,0.0001,50,least_cost,Ranked k-means,Random 50% immutable,α = 1,1.0,189,1,0,True,,4.0,0.1910704590326861,1.5142144855971473,1.4073557769049005,0.40735577690490055,True,1.1642999998002779,Optimization terminated successfully
Heart Failure,2,42,10,300,0.0001,50,least_cost,Ranked k-means,Random 50% immutable,α < 1,0.8881343930637801,189,1,0,True,,4.0,0.23096790320931568,1.664816758238512,1.2800438805904786,0.2800438805904786,True,1.5905000000202563,Optimization terminated successfully
Heart Failure,2,42,10,300,0.0001,50,least_cost,Ranked k-means,Random 75% immutable,α = 1,1.0,189,1,0,False,,,,,,,False,34.70940000079281,Positive directional derivative for linesearch
Heart Failure,2,42,10,300,0.0001,50,least_cost,Ranked k-means,Random 75% immutable,α < 1,0.8881343930637801,189,1,0,False,,,,,,,False,24.476099999446888,Positive directional derivative for linesearch
Heart Failure,2,42,10,300,0.0001,50,least_cost,Ranked k-means,All features mutable,α = 1,1.0,18,1,0,True,,11.0,0.08875365119811099,1.0320095999443668,2.31568093385837,1.3156809338583701,True,1.6760999997131876,Optimization terminated successfully
Heart Failure,2,42,10,300,0.0001,50,least_cost,Ranked k-means,All features mutable,α < 1,0.8881343930637801,18,1,0,True,,11.0,0.11335556625607386,1.1663047608034902,2.049039868927148,1.049039868927148,True,1.4459999993050587,Optimization terminated successfully
Heart Failure,2,42,10,300,0.0001,50,least_cost,Ranked k-means,Random 25% immutable,α = 1,1.0,18,1,0,True,,8.0,0.39332355998913165,2.172529106794563,1.1606760823780182,0.16067608237801823,True,1.7918000003191992,Optimization terminated successfully
Heart Failure,2,42,10,300,0.0001,50,least_cost,Ranked k-means,Random 25% immutable,α < 1,0.8881343930637801,18,1,0,True,,8.0,0.5023502048935639,2.455239796582559,1.0270290389326808,0.027029038932680827,True,1.8018999999185326,Optimization terminated successfully
Heart Failure,2,42,10,300,0.0001,50,least_cost,Ranked k-means,Random 50% immutable,α = 1,1.0,18,1,0,True,,5.0,0.44985170045984424,2.323407068405821,1.0148260927659352,0.014826092765935162,True,1.4752000006410526,Optimization terminated successfully
Heart Failure,2,42,10,300,0.0001,50,least_cost,Ranked k-means,Random 50% immutable,α < 1,0.8881343930637801,18,1,0,True,,5.0,0.6508395261962054,2.7946510183481705,1.0,0.0,False,1.5837000000828994,Optimization terminated successfully
Heart Failure,2,42,10,300,0.0001,50,least_cost,Ranked k-means,Random 75% immutable,α = 1,1.0,18,1,0,False,,,,,,,False,9.510100000625243,Positive directional derivative for linesearch
Heart Failure,2,42,10,300,0.0001,50,least_cost,Ranked k-means,Random 75% immutable,α < 1,0.8881343930637801,18,1,0,False,,,,,,,False,7.737099999758357,Positive directional derivative for linesearch
Heart Failure,2,42,10,300,0.0001,50,least_cost,Ranked k-means,All features mutable,α = 1,1.0,200,0,1,True,,10.0,0.10765363948168317,1.1365930114954068,1.9427037227226849,0.9427037227226849,True,1.499300000432413,Optimization terminated successfully
Heart Failure,2,42,10,300,0.0001,50,least_cost,Ranked k-means,All features mutable,α < 1,0.9232154513141368,200,0,1,True,,10.0,0.12738224892652697,1.2363603791444968,1.7859384052990877,0.7859384052990877,True,1.4312000002973946,Optimization terminated successfully
Heart Failure,2,42,10,300,0.0001,50,least_cost,Ranked k-means,Random 25% immutable,α = 1,1.0,200,0,1,True,,7.0,0.11007799155923097,1.1493197547726965,1.8999177152892939,0.8999177152892939,True,1.3183000000935863,Optimization terminated successfully
Heart Failure,2,42,10,300,0.0001,50,least_cost,Ranked k-means,Random 25% immutable,α < 1,0.9232154513141368,200,0,1,True,,7.0,0.1302508878242197,1.2502042448698678,1.7466049891649515,0.7466049891649515,True,1.291099999434664,Optimization terminated successfully
Heart Failure,2,42,10,300,0.0001,50,least_cost,Ranked k-means,Random 50% immutable,α = 1,1.0,200,0,1,True,,4.0,0.11332249011449036,1.1661345897339144,1.8455218086362517,0.8455218086362517,True,1.1339000002408284,Optimization terminated successfully
Heart Failure,2,42,10,300,0.0001,50,least_cost,Ranked k-means,Random 50% immutable,α < 1,0.9232154513141368,200,0,1,True,,4.0,0.13408997349844692,1.2684950461004423,1.6965985235732899,0.6965985235732899,True,1.2365000002318993,Optimization terminated successfully
Heart Failure,2,42,10,300,0.0001,50,least_cost,Ranked k-means,Random 75% immutable,α = 1,1.0,200,0,1,False,,,,,,,False,7.767399999465852,Positive directional derivative for linesearch
Heart Failure,2,42,10,300,0.0001,50,least_cost,Ranked k-means,Random 75% immutable,α < 1,0.9232154513141368,200,0,1,False,,,,,,,False,11.5470999999161,Positive directional derivative for linesearch
Heart Failure,2,42,10,300,0.0001,50,least_cost,Ranked k-means,All features mutable,α = 1,1.0,123,1,0,True,,11.0,0.08799931387607995,1.0276146001847968,2.325584858095765,1.3255848580957652,True,1.5463999998246436,Optimization terminated successfully
Heart Failure,2,42,10,300,0.0001,50,least_cost,Ranked k-means,All features mutable,α < 1,0.8881343930637801,123,1,0,True,,11.0,0.11250285773409521,1.1619097610439215,2.056790496412681,1.056790496412681,True,1.5321000000767526,Optimization terminated successfully
Heart Failure,2,42,10,300,0.0001,50,least_cost,Ranked k-means,Random 25% immutable,α = 1,1.0,123,1,0,True,,8.0,0.4240378145356237,2.2557601322896645,1.072020116931966,0.07202011693196608,True,1.8829999999070424,Optimization terminated successfully
Heart Failure,2,42,10,300,0.0001,50,least_cost,Ranked k-means,Random 25% immutable,α < 1,0.8881343930637801,123,1,0,True,,8.0,0.5474240862209342,2.5630234167192487,1.0,0.0,False,1.9487999998091254,Optimization terminated successfully
Heart Failure,2,42,10,300,0.0001,50,least_cost,Ranked k-means,Random 50% immutable,α = 1,1.0,123,1,0,True,,6.0,0.09315154693102776,1.057269390066852,2.196956234949664,1.1969562349496639,True,1.1401000001569628,Optimization terminated successfully
Heart Failure,2,42,10,300,0.0001,50,least_cost,Ranked k-means,Random 50% immutable,α < 1,0.8881343930637801,123,1,0,True,,6.0,0.11908973798193367,1.1954400260085003,1.9430289501028024,0.9430289501028024,True,1.1451000000306522,Optimization terminated successfully
Heart Failure,2,42,10,300,0.0001,50,least_cost,Ranked k-means,Random 75% immutable,α = 1,1.0,123,1,0,False,,,,,,,False,6.49159999920812,Positive directional derivative for linesearch
Heart Failure,2,42,10,300,0.0001,50,least_cost,Ranked k-means,Random 75% immutable,α < 1,0.8881343930637801,123,1,0,False,,,,,,,False,1.6540999995413586,Positive directional derivative for linesearch
Heart Failure,2,42,10,300,0.0001,50,least_cost,Ranked k-means,All features mutable,α = 1,1.0,245,0,1,True,,9.0,0.0186639335482853,0.4732517327801596,1.4958666706436712,0.4958666706436712,True,1.5106999999261461,Optimization terminated successfully
Heart Failure,2,42,10,300,0.0001,50,least_cost,Ranked k-means,All features mutable,α < 1,0.9232154513141368,245,0,1,True,,9.0,0.027498549917492763,0.5744411188363114,1.232365641253785,0.2323656412537849,True,1.460899999983667,Optimization terminated successfully
Heart Failure,2,42,10,300,0.0001,50,least_cost,Ranked k-means,Random 25% immutable,α = 1,1.0,245,0,1,True,,8.0,0.018681950545046327,0.47348010152545583,1.4944240470926609,0.49442404709266086,True,1.282799999898998,Optimization terminated successfully
Heart Failure,2,42,10,300,0.0001,50,least_cost,Ranked k-means,Random 25% immutable,α < 1,0.9232154513141368,245,0,1,True,,8.0,0.0275250953016243,0.5747183167600383,1.231177139784336,0.23117713978433607,True,1.3526000002457295,Optimization terminated successfully
Heart Failure,2,42,10,300,0.0001,50,least_cost,Ranked k-means,Random 50% immutable,α = 1,1.0,245,0,1,True,,4.0,0.5019940476944682,2.454369281981344,1.3687995874662233,0.3687995874662233,True,1.6340000001946464,Optimization terminated successfully
Heart Failure,2,42,10,300,0.0001,50,least_cost,Ranked k-means,Random 50% immutable,α < 1,0.9232154513141368,245,0,1,True,,4.0,0.7396140971589273,2.979155780738417,1.127681744530682,0.12768174453068193,True,1.6622000002826098,Optimization terminated successfully
Heart Failure,2,42,10,300,0.0001,50,least_cost,Ranked k-means,Random 75% immutable,α = 1,1.0,245,0,1,False,,,,,,,False,6.358300000101735,Positive directional derivative for linesearch
Heart Failure,2,42,10,300,0.0001,50,least_cost,Ranked k-means,Random 75% immutable,α < 1,0.9232154513141368,245,0,1,False,,,,,,,False,1.5143000000534812,Positive directional derivative for linesearch
Heart Failure,2,42,10,300,0.0001,50,least_cost,Ranked k-means,All features mutable,α = 1,1.0,151,0,1,True,,9.0,0.0018234728720462542,0.1479245566650617,1.0,0.0,False,1.581399999849964,Optimization terminated successfully
Heart Failure,2,42,10,300,0.0001,50,least_cost,Ranked k-means,All features mutable,α < 1,0.9232154513141368,151,0,1,True,,9.0,0.005195076188844707,0.24968162580802075,1.0,0.0,False,1.4126000005489914,Optimization terminated successfully
Heart Failure,2,42,10,300,0.0001,50,least_cost,Ranked k-means,Random 25% immutable,α = 1,1.0,151,0,1,True,,7.0,0.0018877331064608292,0.15050846247812763,1.0,0.0,False,1.3239999998404528,Optimization terminated successfully
Heart Failure,2,42,10,300,0.0001,50,least_cost,Ranked k-means,Random 25% immutable,α < 1,0.9232154513141368,151,0,1,True,,7.0,0.005378437907136413,0.2540497094775685,1.0,0.0,False,1.259599999684724,Optimization terminated successfully
Heart Failure,2,42,10,300,0.0001,50,least_cost,Ranked k-means,Random 50% immutable,α = 1,1.0,151,0,1,True,,4.0,0.0019012292815301563,0.1510455275020147,14.06718113998169,13.06718113998169,True,1.0997999997925945,Optimization terminated successfully
Heart Failure,2,42,10,300,0.0001,50,least_cost,Ranked k-means,Random 50% immutable,α < 1,0.9232154513141368,151,0,1,True,,4.0,0.0054069912085837075,0.25472317229299046,8.341544972055939,7.341544972055939,True,1.1061000004701782,Optimization terminated successfully
Heart Failure,2,42,10,300,0.0001,50,least_cost,Ranked k-means,Random 75% immutable,α = 1,1.0,151,0,1,True,,2.0,0.062470266886250604,0.8658193822241491,1.963320401119308,0.963320401119308,True,1.0022999995271675,Optimization terminated successfully
Heart Failure,2,42,10,300,0.0001,50,least_cost,Ranked k-means,Random 75% immutable,α < 1,0.9232154513141368,151,0,1,True,,2.0,0.17766199328677765,1.4601177758801964,1.1642080426210406,0.1642080426210406,True,1.4126999994914513,Optimization terminated successfully
Heart Failure,2,42,10,300,0.0001,50,least_cost,Ranked k-means,All features mutable,α = 1,1.0,63,0,1,True,,11.0,0.054975287741495196,0.812221307832996,2.730207462673677,1.7302074626736772,True,1.5938999995341874,Optimization terminated successfully
Heart Failure,2,42,10,300,0.0001,50,least_cost,Ranked k-means,All features mutable,α < 1,0.9232154513141368,63,0,1,True,,11.0,0.06924553955834527,0.9115626553891637,2.4326717028010294,1.4326717028010294,True,1.751200000398967,Optimization terminated successfully
Heart Failure,2,42,10,300,0.0001,50,least_cost,Ranked k-means,Random 25% immutable,α = 1,1.0,63,0,1,True,,8.0,0.05687504765530184,0.8261359282004518,2.63901212456329,1.63901212456329,True,1.3453999999910593,Optimization terminated successfully
Heart Failure,2,42,10,300,0.0001,50,least_cost,Ranked k-means,Random 25% immutable,α < 1,0.9232154513141368,63,0,1,True,,8.0,0.07163843130713239,0.9271791497254395,2.3514147492042508,1.3514147492042508,True,1.3828000001012697,Optimization terminated successfully
Heart Failure,2,42,10,300,0.0001,50,least_cost,Ranked k-means,Random 50% immutable,α = 1,1.0,63,0,1,True,,6.0,0.056469370395006116,0.8231843321760159,2.6579708576293606,1.6579708576293606,True,1.2620000006791088,Optimization terminated successfully
Heart Failure,2,42,10,300,0.0001,50,least_cost,Ranked k-means,Random 50% immutable,α < 1,0.9232154513141368,63,0,1,True,,6.0,0.07112744940317398,0.9238665449284803,2.3683073886069446,1.3683073886069446,True,1.219400000081805,Optimization terminated successfully
Heart Failure,2,42,10,300,0.0001,50,least_cost,Ranked k-means,Random 75% immutable,α = 1,1.0,63,0,1,False,,,,,,,False,4.40100000014354,Positive directional derivative for linesearch
Heart Failure,2,42,10,300,0.0001,50,least_cost,Ranked k-means,Random 75% immutable,α < 1,0.9232154513141368,63,0,1,False,,,,,,,False,6.256800000301155,Positive directional derivative for linesearch
Heart Failure,2,42,10,300,0.0001,50,least_cost,Ranked k-means,All features mutable,α = 1,1.0,255,0,1,True,,9.0,0.08997162990782202,1.0390666768277501,2.182899126691972,1.182899126691972,True,4.13970000045083,Optimization terminated successfully
Heart Failure,2,42,10,300,0.0001,50,least_cost,Ranked k-means,All features mutable,α < 1,0.9232154513141368,255,0,1,True,,9.0,0.1068138580233261,1.1321511808411073,2.0034228791842494,1.0034228791842494,True,1.5287999995052814,Optimization terminated successfully
Heart Failure,2,42,10,300,0.0001,50,least_cost,Ranked k-means,Random 25% immutable,α = 1,1.0,255,0,1,True,,7.0,0.09171632409227864,1.049092888693534,2.141374512156744,1.141374512156744,True,2.044900000328198,Optimization terminated successfully
Heart Failure,2,42,10,300,0.0001,50,least_cost,Ranked k-means,Random 25% immutable,α < 1,0.9232154513141368,255,0,1,True,,7.0,0.10888515001952091,1.1430755881542791,1.9653123259012681,0.9653123259012681,True,1.3398000000961474,Optimization terminated successfully
Heart Failure,2,42,10,300,0.0001,50,least_cost,Ranked k-means,Random 50% immutable,α = 1,1.0,255,0,1,True,,5.0,0.09373336723098487,1.0605660784561322,2.0952944014275054,1.0952944014275054,True,1.5708999999333173,Optimization terminated successfully
Heart Failure,2,42,10,300,0.0001,50,least_cost,Ranked k-means,Random 50% immutable,α < 1,0.9232154513141368,255,0,1,True,,5.0,0.11127977329871916,1.1555766004833388,1.9230208531233766,0.9230208531233766,True,1.206899999488087,Optimization terminated successfully
Heart Failure,2,42,10,300,0.0001,50,least_cost,Ranked k-means,Random 75% immutable,α = 1,1.0,255,0,1,False,,,,,,,False,1.8555999995442107,Positive directional derivative for linesearch
Heart Failure,2,42,10,300,0.0001,50,least_cost,Ranked k-means,Random 75% immutable,α < 1,0.9232154513141368,255,0,1,False,,,,,,,False,4.310400000576919,Positive directional derivative for linesearch
Heart Failure,2,42,10,300,0.0001,50,least_cost,Ranked k-means,All features mutable,α = 1,1.0,214,0,1,True,,9.0,0.033941315377797564,0.6381972927971183,2.1950593426625864,1.1950593426625864,True,1.6054999996413244,Optimization terminated successfully
Heart Failure,2,42,10,300,0.0001,50,least_cost,Ranked k-means,All features mutable,α < 1,0.9232154513141368,214,0,1,True,,9.0,0.04546984262132442,0.7386732101923644,1.8964825399608085,0.8964825399608085,True,1.5390999997180188,Optimization terminated successfully
Heart Failure,2,42,10,300,0.0001,50,least_cost,Ranked k-means,Random 25% immutable,α = 1,1.0,214,0,1,True,,6.0,0.034578048079437575,0.644155708624282,2.1546387264281908,1.1546387264281908,True,1.4307999999800813,Optimization terminated successfully
Heart Failure,2,42,10,300,0.0001,50,least_cost,Ranked k-means,Random 25% immutable,α < 1,0.9232154513141368,214,0,1,True,,6.0,0.046322848314842374,0.7455697014888069,1.8615600252810387,0.8615600252810387,True,1.462100000026112,Optimization terminated successfully
Heart Failure,2,42,10,300,0.0001,50,least_cost,Ranked k-means,Random 50% immutable,α = 1,1.0,214,0,1,True,,4.0,0.035834113229182514,0.6557509883714931,3.253981994154773,2.253981994154773,True,1.2505000004239264,Optimization terminated successfully
Heart Failure,2,42,10,300,0.0001,50,least_cost,Ranked k-means,Random 50% immutable,α < 1,0.9232154513141368,214,0,1,True,,4.0,0.04800554926012318,0.7589905079258095,2.8113683718303357,1.8113683718303357,True,1.214599999912025,Optimization terminated successfully
Heart Failure,2,42,10,300,0.0001,50,least_cost,Ranked k-means,Random 75% immutable,α = 1,1.0,214,0,1,False,,,,,,,False,4.704400000264286,Positive directional derivative for linesearch
Heart Failure,2,42,10,300,0.0001,50,least_cost,Ranked k-means,Random 75% immutable,α < 1,0.9232154513141368,214,0,1,False,,,,,,,False,1.051299999744515,Positive directional derivative for linesearch
Heart Failure,2,42,10,300,0.0001,50,least_cost,Ranked k-means,All features mutable,α = 1,1.0,194,0,1,True,,10.0,0.1165619084575073,1.1826846162397173,1.8618899029761937,0.8618899029761937,True,2.430199999253091,Optimization terminated successfully
Heart Failure,2,42,10,300,0.0001,50,least_cost,Ranked k-means,All features mutable,α < 1,0.9232154513141368,194,0,1,True,,10.0,0.13711537296517237,1.2827254092681208,1.7166795968237074,0.7166795968237074,True,1.6200000000026193,Optimization terminated successfully
Heart Failure,2,42,10,300,0.0001,50,least_cost,Ranked k-means,Random 25% immutable,α = 1,1.0,194,0,1,True,,7.0,1.4572214188650803,4.181705038184899,1.0,0.0,False,2.282099999320053,Optimization terminated successfully
Heart Failure,2,42,10,300,0.0001,50,least_cost,Ranked k-means,Random 25% immutable,α < 1,0.9232154513141368,194,0,1,True,,7.0,1.7554097690480004,4.589653279777897,1.0,0.0,False,2.0324000006439746,Optimization terminated successfully
Heart Failure,2,42,10,300,0.0001,50,least_cost,Ranked k-means,Random 50% immutable,α = 1,1.0,194,0,1,True,,5.0,0.12300290788305894,1.2149217648049224,1.7643927612621757,0.7643927612621757,True,2.01909999941563,Optimization terminated successfully
Heart Failure,2,42,10,300,0.0001,50,least_cost,Ranked k-means,Random 50% immutable,α < 1,0.9232154513141368,194,0,1,True,,5.0,0.14469211978025284,1.3176894313012586,1.626786338371771,0.6267863383717709,True,6.205199999385513,Optimization terminated successfully
Heart Failure,2,42,10,300,0.0001,50,least_cost,Ranked k-means,Random 75% immutable,α = 1,1.0,194,0,1,False,,,,,,,False,8.881099999598518,Positive directional derivative for linesearch
Heart Failure,2,42,10,300,0.0001,50,least_cost,Ranked k-means,Random 75% immutable,α < 1,0.9232154513141368,194,0,1,False,,,,,,,False,2.0644000005631824,Positive directional derivative for linesearch
Heart Failure,2,42,10,300,0.0001,50,least_cost,Ranked k-means,All features mutable,α = 1,1.0,49,1,0,True,,10.0,0.10920401892802763,1.1447481064130796,2.0750639284761996,1.0750639284761996,True,2.2982000000411063,Optimization terminated successfully
Heart Failure,2,42,10,300,0.0001,50,least_cost,Ranked k-means,All features mutable,α < 1,0.8881343930637801,49,1,0,True,,10.0,0.13650266057968544,1.279856213391264,1.8560096665235972,0.8560096665235972,True,2.17149999934918,Optimization terminated successfully
Heart Failure,2,42,10,300,0.0001,50,least_cost,Ranked k-means,Random 25% immutable,α = 1,1.0,49,1,0,True,,8.0,0.11362113264002534,1.1676701553436672,1.9943941351912116,0.9943941351912116,True,2.0641999999497784,Optimization terminated successfully
Heart Failure,2,42,10,300,0.0001,50,least_cost,Ranked k-means,Random 25% immutable,α < 1,0.8881343930637801,49,1,0,True,,8.0,0.14202395713716898,1.3054836213626073,1.7838557851859644,0.7838557851859644,True,1.7934999996214174,Optimization terminated successfully
Heart Failure,2,42,10,300,0.0001,50,least_cost,Ranked k-means,Random 50% immutable,α = 1,1.0,49,1,0,True,,5.0,0.5231949357427671,2.505661435412455,1.0,0.0,False,1.589100000273902,Optimization terminated successfully
Heart Failure,2,42,10,300,0.0001,50,least_cost,Ranked k-means,Random 50% immutable,α < 1,0.8881343930637801,49,1,0,True,,5.0,0.6962725615201117,2.8905485185759017,1.0,0.0,False,1.6416999997090898,Optimization terminated successfully
Heart Failure,2,42,10,300,0.0001,50,least_cost,Ranked k-means,Random 75% immutable,α = 1,1.0,49,1,0,False,,,,,,,False,0.9220000001732842,Positive directional derivative for linesearch
Heart Failure,2,42,10,300,0.0001,50,least_cost,Ranked k-means,Random 75% immutable,α < 1,0.8881343930637801,49,1,0,False,,,,,,,False,6.060599999727856,Positive directional derivative for linesearch
Heart Failure,2,42,10,300,0.0001,50,least_cost,Ranked k-means,All features mutable,α = 1,1.0,100,0,1,True,,10.0,0.08393119111814144,1.0035807358741486,2.200185209767083,1.200185209767083,True,1.561500000207161,Optimization terminated successfully
Heart Failure,2,42,10,300,0.0001,50,least_cost,Ranked k-means,All features mutable,α < 1,0.9232154513141368,100,0,1,True,,10.0,0.10144808666031159,1.103348104599695,2.0012392125350535,1.0012392125350535,True,2.159599999686179,Optimization terminated successfully
Heart Failure,2,42,10,300,0.0001,50,least_cost,Ranked k-means,Random 25% immutable,α = 1,1.0,100,0,1,True,,8.0,0.08540719587681324,1.0123667075332727,2.1621616696455086,1.1621616696455086,True,1.4140000002953457,Optimization terminated successfully
Heart Failure,2,42,10,300,0.0001,50,least_cost,Ranked k-means,Random 25% immutable,α < 1,0.9232154513141368,100,0,1,True,,8.0,0.10323214163050713,1.1130075020259682,1.9666538511802818,0.9666538511802818,True,1.4694000001327367,Optimization terminated successfully
Heart Failure,2,42,10,300,0.0001,50,least_cost,Ranked k-means,Random 50% immutable,α = 1,1.0,100,0,1,True,,4.0,2.983677314498876,5.983655051386779,1.0,0.0,False,1.6716999998607207,Optimization terminated successfully
Heart Failure,2,42,10,300,0.0001,50,least_cost,Ranked k-means,Random 50% immutable,α < 1,0.9232154513141368,100,0,1,False,,,,,,,False,9.057700000084878,Positive directional derivative for linesearch
Heart Failure,2,42,10,300,0.0001,50,least_cost,Ranked k-means,Random 75% immutable,α = 1,1.0,100,0,1,False,,,,,,,False,1.963400000022375,Positive directional derivative for linesearch
Heart Failure,2,42,10,300,0.0001,50,least_cost,Ranked k-means,Random 75% immutable,α < 1,0.9232154513141368,100,0,1,False,,,,,,,False,3.14650000018446,Positive directional derivative for linesearch
Heart Failure,2,42,10,300,0.0001,50,least_cost,Ranked k-means,All features mutable,α = 1,1.0,34,0,1,True,,9.0,0.013546501850556891,0.40318484868194476,2.180928845723434,1.1809288457234342,True,1.3649000002260436,Optimization terminated successfully
Heart Failure,2,42,10,300,0.0001,50,least_cost,Ranked k-means,All features mutable,α < 1,0.9232154513141368,34,0,1,True,,9.0,0.021223438571495785,0.5046595514383428,1.7423975914381218,0.7423975914381218,True,1.4266999996834784,Optimization terminated successfully
Heart Failure,2,42,10,300,0.0001,50,least_cost,Ranked k-means,Random 25% immutable,α = 1,1.0,34,0,1,True,,6.0,0.01389043932571425,0.40827107650257444,5.25108750132093,4.25108750132093,True,1.258300000699819,Optimization terminated successfully
Heart Failure,2,42,10,300,0.0001,50,least_cost,Ranked k-means,Random 25% immutable,α < 1,0.9232154513141368,34,0,1,True,,6.0,0.02176228883926115,0.5110258956952513,4.195222140623176,3.1952221406231764,True,1.4006999999764957,Optimization terminated successfully
Heart Failure,2,42,10,300,0.0001,50,least_cost,Ranked k-means,Random 50% immutable,α = 1,1.0,34,0,1,True,,4.0,0.014102370418939247,0.4113738506848375,5.172173909506743,4.172173909506743,True,1.1291000000710483,Optimization terminated successfully
Heart Failure,2,42,10,300,0.0001,50,least_cost,Ranked k-means,Random 50% immutable,α < 1,0.9232154513141368,34,0,1,True,,4.0,0.02209432339514293,0.5149095850163553,4.132176140822565,3.1321761408225646,True,1.1389999999664724,Optimization terminated successfully
Heart Failure,2,42,10,300,0.0001,50,least_cost,Ranked k-means,Random 75% immutable,α = 1,1.0,34,0,1,True,,2.0,0.29103782179977,1.8688108148224207,1.7239713101616505,0.7239713101616505,True,1.335300000391726,Optimization terminated successfully
Heart Failure,2,42,10,300,0.0001,50,least_cost,Ranked k-means,Random 75% immutable,α < 1,0.9232154513141368,34,0,1,True,,2.0,0.4559718394155642,2.339158411263925,1.3773228071198884,0.3773228071198884,True,1.3628999995489721,Optimization terminated successfully
Heart Failure,2,42,10,300,0.0001,50,least_cost,Ranked k-means,All features mutable,α = 1,1.0,24,1,0,True,,11.0,0.11039632887497519,1.1509804283738723,2.0933677574536316,1.0933677574536316,True,1.4780000001337612,Optimization terminated successfully
Heart Failure,2,42,10,300,0.0001,50,least_cost,Ranked k-means,All features mutable,α < 1,0.8881343930637801,24,1,0,True,,11.0,0.13742695086038395,1.28418200046746,1.876233522138699,0.876233522138699,True,1.539700000648736,Optimization terminated successfully
Heart Failure,2,42,10,300,0.0001,50,least_cost,Ranked k-means,Random 25% immutable,α = 1,1.0,24,1,0,True,,8.0,0.11156375997470003,1.1570501802845028,2.071462234483262,1.071462234483262,True,1.4697999995405553,Optimization terminated successfully
Heart Failure,2,42,10,300,0.0001,50,least_cost,Ranked k-means,Random 25% immutable,α < 1,0.8881343930637801,24,1,0,True,,8.0,0.13888022831996774,1.2909541974212768,1.8566001470555364,0.8566001470555364,True,1.3180999994801823,Optimization terminated successfully
Heart Failure,2,42,10,300,0.0001,50,least_cost,Ranked k-means,Random 50% immutable,α = 1,1.0,24,1,0,True,,6.0,0.11763904311992723,1.1881365735634632,1.9644848266673987,0.9644848266673987,True,1.1736999995264341,Optimization terminated successfully
Heart Failure,2,42,10,300,0.0001,50,least_cost,Ranked k-means,Random 50% immutable,α < 1,0.8881343930637801,24,1,0,True,,6.0,0.14644304899317678,1.3256381813745868,1.760718954020186,0.760718954020186,True,1.2974000001122477,Optimization terminated successfully
Heart Failure,2,42,10,300,0.0001,50,least_cost,Ranked k-means,Random 75% immutable,α = 1,1.0,24,1,0,True,,2.0,0.14494454414442517,1.3188383258508611,1.5944036930038734,0.5944036930038734,True,0.970699999925273,Optimization terminated successfully
Heart Failure,2,42,10,300,0.0001,50,least_cost,Ranked k-means,Random 75% immutable,α < 1,0.8881343930637801,24,1,0,True,,2.0,0.18043432194358072,1.47146588928285,1.4290244255710352,0.42902442557103515,True,1.2567999992825207,Optimization terminated successfully
Heart Failure,2,42,10,300,0.0001,50,least_cost,Ranked k-means,All features mutable,α = 1,1.0,237,0,1,True,,11.0,0.1505006777424753,1.3438780201006726,1.6500996720096113,0.6500996720096113,True,2.0549999999275315,Optimization terminated successfully
Heart Failure,2,42,10,300,0.0001,50,least_cost,Ranked k-means,All features mutable,α < 1,0.9232154513141368,237,0,1,True,,11.0,0.1735735119316513,1.4432193676568423,1.5365181043826253,0.5365181043826253,True,2.040800000031595,Optimization terminated successfully
Heart Failure,2,42,10,300,0.0001,50,least_cost,Ranked k-means,Random 25% immutable,α = 1,1.0,237,0,1,True,,8.0,0.15985306028291985,1.3850042322661105,1.5535587382534015,0.5535587382534015,True,1.8028999993475736,Optimization terminated successfully
Heart Failure,2,42,10,300,0.0001,50,least_cost,Ranked k-means,Random 25% immutable,α < 1,0.9232154513141368,237,0,1,True,,8.0,0.18435968184678536,1.4873856870904145,1.4466223838599785,0.44662238385997854,True,1.8442999999024323,Optimization terminated successfully
Heart Failure,2,42,10,300,0.0001,50,least_cost,Ranked k-means,Random 50% immutable,α = 1,1.0,237,0,1,True,,5.0,0.16252040184162883,1.3965116619991207,1.5280611896154628,0.5280611896154628,True,1.5782999998918967,Optimization terminated successfully
Heart Failure,2,42,10,300,0.0001,50,least_cost,Ranked k-means,Random 50% immutable,α < 1,0.9232154513141368,237,0,1,True,,5.0,0.18743594601257568,1.49974376216436,1.4228799096998526,0.42287990969985256,True,1.4450999997279723,Optimization terminated successfully
Heart Failure,2,42,10,300,0.0001,50,least_cost,Ranked k-means,Random 75% immutable,α = 1,1.0,237,0,1,True,,2.0,0.16773153335489088,1.4187242157158984,1.4805869448013824,0.4805869448013824,True,0.9770999995453167,Optimization terminated successfully
Heart Failure,2,42,10,300,0.0001,50,least_cost,Ranked k-means,Random 75% immutable,α < 1,0.9232154513141368,237,0,1,True,,2.0,0.19344598139223243,1.5235982989970778,1.378673466862058,0.37867346686205794,True,1.3047000002188724,Optimization terminated successfully
Heart Failure,2,42,10,300,0.0001,50,least_cost,Ranked + weighted SHARK,All features mutable,α = 1,1.0,275,0,1,True,,1.0,1.1468724341085534,1.0709213015476893,2.0000000001830704,1.0000000001830704,True,2.12550000014744,Optimization terminated successfully
Heart Failure,2,42,10,300,0.0001,50,least_cost,Ranked + weighted SHARK,All features mutable,α < 1,0.01,275,0,1,True,,1.0,4.541729526331574,2.131133390084193,1.005025125718112,0.005025125718111978,True,2.5122999995801365,Optimization terminated successfully
Heart Failure,2,42,10,300,0.0001,50,least_cost,Ranked + weighted SHARK,Random 25% immutable,α = 1,1.0,275,0,1,True,,1.0,1.1468724341085534,1.0709213015476893,2.0000000001830704,1.0000000001830704,True,1.787299999705283,Optimization terminated successfully
Heart Failure,2,42,10,300,0.0001,50,least_cost,Ranked + weighted SHARK,Random 25% immutable,α < 1,0.01,275,0,1,True,,1.0,4.541729526313543,2.1311333900799627,1.005025125720107,0.005025125720107049,True,2.2790000002714805,Optimization terminated successfully
Heart Failure,2,42,10,300,0.0001,50,least_cost,Ranked + weighted SHARK,Random 50% immutable,α = 1,1.0,275,0,1,False,,,,,,,False,449.71329999953014,Iteration limit reached
Heart Failure,2,42,10,300,0.0001,50,least_cost,Ranked + weighted SHARK,Random 50% immutable,α < 1,0.01,275,0,1,False,,,,,,,False,458.26779999970313,Iteration limit reached
Heart Failure,2,42,10,300,0.0001,50,least_cost,Ranked + weighted SHARK,Random 75% immutable,α = 1,1.0,275,0,1,True,,1.0,1.1468724341085534,1.0709213015476893,2.0000000001830704,1.0000000001830704,True,1.5112999999473686,Optimization terminated successfully
Heart Failure,2,42,10,300,0.0001,50,least_cost,Ranked + weighted SHARK,Random 75% immutable,α < 1,0.01,275,0,1,True,,1.0,4.541729526313543,2.1311333900799627,1.005025125720107,0.005025125720107049,True,2.0262999996703,Optimization terminated successfully
Heart Failure,2,42,10,300,0.0001,50,least_cost,Ranked + weighted SHARK,All features mutable,α = 1,1.0,265,1,0,True,,1.0,1.146872434108548,1.0709213015476866,2.0000000001830753,1.0000000001830753,True,2.688999999918451,Optimization terminated successfully
Heart Failure,2,42,10,300,0.0001,50,least_cost,Ranked + weighted SHARK,All features mutable,α < 1,0.01,265,1,0,True,,1.0,4.541729526318319,2.131133390081083,1.0050251257195786,0.0050251257195785826,True,2.967099999295897,Optimization terminated successfully
Heart Failure,2,42,10,300,0.0001,50,least_cost,Ranked + weighted SHARK,Random 25% immutable,α = 1,1.0,265,1,0,True,,1.0,1.146872434108548,1.0709213015476866,2.0000000001830753,1.0000000001830753,True,2.1096000000397908,Optimization terminated successfully
Heart Failure,2,42,10,300,0.0001,50,least_cost,Ranked + weighted SHARK,Random 25% immutable,α < 1,0.01,265,1,0,True,,1.0,4.541729526324271,2.13113339008248,1.00502512571892,0.005025125718919998,True,2.427200000056473,Optimization terminated successfully
Heart Failure,2,42,10,300,0.0001,50,least_cost,Ranked + weighted SHARK,Random 50% immutable,α = 1,1.0,265,1,0,True,,1.0,1.146872434108548,1.0709213015476866,2.0000000001830753,1.0000000001830753,True,2.4026999999477994,Optimization terminated successfully
Heart Failure,2,42,10,300,0.0001,50,least_cost,Ranked + weighted SHARK,Random 50% immutable,α < 1,0.01,265,1,0,True,,1.0,4.541729526318319,2.131133390081083,1.0050251257195786,0.0050251257195785826,True,2.782399999887275,Optimization terminated successfully
Heart Failure,2,42,10,300,0.0001,50,least_cost,Ranked + weighted SHARK,Random 75% immutable,α = 1,1.0,265,1,0,False,,,,,,,False,455.8917999993355,Iteration limit reached
Heart Failure,2,42,10,300,0.0001,50,least_cost,Ranked + weighted SHARK,Random 75% immutable,α < 1,0.01,265,1,0,False,,,,,,,False,424.39960000046995,Iteration limit reached
Heart Failure,2,42,10,300,0.0001,50,least_cost,Ranked + weighted SHARK,All features mutable,α = 1,1.0,121,0,1,True,,1.0,1.1468724341085563,1.0709213015476906,2.000000000183068,1.0000000001830678,True,2.4276000003737863,Optimization terminated successfully
Heart Failure,2,42,10,300,0.0001,50,least_cost,Ranked + weighted SHARK,All features mutable,α < 1,0.01,121,0,1,True,,1.0,4.541729526313329,2.1311333900799125,1.0050251257201306,0.0050251257201305854,True,2.8459000004659174,Optimization terminated successfully
Heart Failure,2,42,10,300,0.0001,50,least_cost,Ranked + weighted SHARK,Random 25% immutable,α = 1,1.0,121,0,1,True,,1.0,1.1468724341085563,1.0709213015476906,2.000000000183068,1.0000000001830678,True,2.0735999996759347,Optimization terminated successfully
Heart Failure,2,42,10,300,0.0001,50,least_cost,Ranked + weighted SHARK,Random 25% immutable,α < 1,0.01,121,0,1,True,,1.0,4.541729526313329,2.1311333900799125,1.0050251257201306,0.0050251257201305854,True,2.5057000002561836,Optimization terminated successfully
Heart Failure,2,42,10,300,0.0001,50,least_cost,Ranked + weighted SHARK,Random 50% immutable,α = 1,1.0,121,0,1,True,,1.0,1.1468724341085563,1.0709213015476906,2.000000000183068,1.0000000001830678,True,1.9463999997242354,Optimization terminated successfully
Heart Failure,2,42,10,300,0.0001,50,least_cost,Ranked + weighted SHARK,Random 50% immutable,α < 1,0.01,121,0,1,True,,1.0,4.541729526313329,2.1311333900799125,1.0050251257201306,0.0050251257201305854,True,2.1817999995619175,Optimization terminated successfully
Heart Failure,2,42,10,300,0.0001,50,least_cost,Ranked + weighted SHARK,Random 75% immutable,α = 1,1.0,121,0,1,True,,1.0,1.1468724341085563,1.0709213015476906,2.000000000183068,1.0000000001830678,True,1.4304000005722628,Optimization terminated successfully
Heart Failure,2,42,10,300,0.0001,50,least_cost,Ranked + weighted SHARK,Random 75% immutable,α < 1,0.01,121,0,1,True,,1.0,4.541729526313297,2.131133390079905,1.0050251257201341,0.005025125720134138,True,1.9472000003588619,Optimization terminated successfully
Heart Failure,2,42,10,300,0.0001,50,least_cost,Ranked + weighted SHARK,All features mutable,α = 1,1.0,22,1,0,True,,1.0,1.146872434108552,1.0709213015476886,2.0000000001830713,1.0000000001830713,True,2.2371000004568486,Optimization terminated successfully
Heart Failure,2,42,10,300,0.0001,50,least_cost,Ranked + weighted SHARK,All features mutable,α < 1,0.01,22,1,0,True,,1.0,4.541729526313267,2.131133390079898,1.0050251257201377,0.005025125720137691,True,2.7832000005219015,Optimization terminated successfully
Heart Failure,2,42,10,300,0.0001,50,least_cost,Ranked + weighted SHARK,Random 25% immutable,α = 1,1.0,22,1,0,True,,1.0,1.146872434108552,1.0709213015476886,2.0000000001830713,1.0000000001830713,True,2.0272000001568813,Optimization terminated successfully
Heart Failure,2,42,10,300,0.0001,50,least_cost,Ranked + weighted SHARK,Random 25% immutable,α < 1,0.01,22,1,0,True,,1.0,4.541729526313267,2.131133390079898,1.0050251257201377,0.005025125720137691,True,2.5261000000682543,Optimization terminated successfully
Heart Failure,2,42,10,300,0.0001,50,least_cost,Ranked + weighted SHARK,Random 50% immutable,α = 1,1.0,22,1,0,False,,,,,,,False,461.0097000004316,Iteration limit reached
Heart Failure,2,42,10,300,0.0001,50,least_cost,Ranked + weighted SHARK,Random 50% immutable,α < 1,0.01,22,1,0,False,,,,,,,False,467.9804999996122,Iteration limit reached
Heart Failure,2,42,10,300,0.0001,50,least_cost,Ranked + weighted SHARK,Random 75% immutable,α = 1,1.0,22,1,0,True,,1.0,1.146872434108552,1.0709213015476886,2.0000000001830713,1.0000000001830713,True,1.4687000002595596,Optimization terminated successfully
Heart Failure,2,42,10,300,0.0001,50,least_cost,Ranked + weighted SHARK,Random 75% immutable,α < 1,0.01,22,1,0,True,,1.0,4.541729526316763,2.131133390080718,1.0050251257197507,0.005025125719750667,True,1.724899999317131,Optimization terminated successfully
Heart Failure,2,42,10,300,0.0001,50,least_cost,Ranked + weighted SHARK,All features mutable,α = 1,1.0,232,0,1,True,,1.0,1.1468724341085468,1.0709213015476862,2.000000000183076,1.0000000001830762,True,2.2478000000774045,Optimization terminated successfully
Heart Failure,2,42,10,300,0.0001,50,least_cost,Ranked + weighted SHARK,All features mutable,α < 1,0.01,232,0,1,True,,1.0,4.541729526313272,2.131133390079899,1.005025125720137,0.005025125720137025,True,2.2499000006064307,Optimization terminated successfully
Heart Failure,2,42,10,300,0.0001,50,least_cost,Ranked + weighted SHARK,Random 25% immutable,α = 1,1.0,232,0,1,False,,,,,,,False,506.5358000001652,Iteration limit reached
Heart Failure,2,42,10,300,0.0001,50,least_cost,Ranked + weighted SHARK,Random 25% immutable,α < 1,0.01,232,0,1,False,,,,,,,False,507.538900000327,Iteration limit reached
Heart Failure,2,42,10,300,0.0001,50,least_cost,Ranked + weighted SHARK,Random 50% immutable,α = 1,1.0,232,0,1,False,,,,,,,False,482.8122999997504,Iteration limit reached
Heart Failure,2,42,10,300,0.0001,50,least_cost,Ranked + weighted SHARK,Random 50% immutable,α < 1,0.01,232,0,1,False,,,,,,,False,455.503499999395,Iteration limit reached
Heart Failure,2,42,10,300,0.0001,50,least_cost,Ranked + weighted SHARK,Random 75% immutable,α = 1,1.0,232,0,1,False,,,,,,,False,0.6904000001668464,Positive directional derivative for linesearch
Heart Failure,2,42,10,300,0.0001,50,least_cost,Ranked + weighted SHARK,Random 75% immutable,α < 1,0.01,232,0,1,False,,,,,,,False,0.6415999996534083,Positive directional derivative for linesearch
Heart Failure,2,42,10,300,0.0001,50,least_cost,Ranked + weighted SHARK,All features mutable,α = 1,1.0,286,0,1,True,,1.0,1.146872434108546,1.0709213015476857,2.000000000183077,1.000000000183077,True,2.3094999996828847,Optimization terminated successfully
Heart Failure,2,42,10,300,0.0001,50,least_cost,Ranked + weighted SHARK,All features mutable,α < 1,0.01,286,0,1,True,,1.0,4.541729526313287,2.1311333900799028,1.0050251257201352,0.005025125720135248,True,1.9963999993706238,Optimization terminated successfully
Heart Failure,2,42,10,300,0.0001,50,least_cost,Ranked + weighted SHARK,Random 25% immutable,α = 1,1.0,286,0,1,True,,1.0,1.146872434108546,1.0709213015476857,2.000000000183077,1.000000000183077,True,1.78070000038133,Optimization terminated successfully
Heart Failure,2,42,10,300,0.0001,50,least_cost,Ranked + weighted SHARK,Random 25% immutable,α < 1,0.01,286,0,1,True,,1.0,4.541729526313287,2.1311333900799028,1.0050251257201352,0.005025125720135248,True,1.8496000002414803,Optimization terminated successfully
Heart Failure,2,42,10,300,0.0001,50,least_cost,Ranked + weighted SHARK,Random 50% immutable,α = 1,1.0,286,0,1,True,,1.0,1.146872434108543,1.0709213015476844,2.0000000001830793,1.0000000001830793,True,1.5355999994426384,Optimization terminated successfully
Heart Failure,2,42,10,300,0.0001,50,least_cost,Ranked + weighted SHARK,Random 50% immutable,α < 1,0.01,286,0,1,True,,1.0,4.5417295263132855,2.1311333900799023,1.0050251257201355,0.00502512572013547,True,1.595400000041991,Optimization terminated successfully
Heart Failure,2,42,10,300,0.0001,50,least_cost,Ranked + weighted SHARK,Random 75% immutable,α = 1,1.0,286,0,1,True,,1.0,1.146872434108543,1.0709213015476844,2.0000000001830793,1.0000000001830793,True,1.3630999992528814,Optimization terminated successfully
Heart Failure,2,42,10,300,0.0001,50,least_cost,Ranked + weighted SHARK,Random 75% immutable,α < 1,0.01,286,0,1,True,,1.0,4.5417295263132855,2.1311333900799023,1.0050251257201355,0.00502512572013547,True,1.36339999971824,Optimization terminated successfully
Heart Failure,2,42,10,300,0.0001,50,least_cost,Ranked + weighted SHARK,All features mutable,α = 1,1.0,177,0,1,True,,1.0,1.1468724341085559,1.0709213015476904,2.0000000001830682,1.0000000001830682,True,2.1759999999630963,Optimization terminated successfully
Heart Failure,2,42,10,300,0.0001,50,least_cost,Ranked + weighted SHARK,All features mutable,α < 1,0.01,177,0,1,True,,1.0,4.5417295263132935,2.131133390079904,1.0050251257201346,0.005025125720134582,True,3.316300000733463,Optimization terminated successfully
Heart Failure,2,42,10,300,0.0001,50,least_cost,Ranked + weighted SHARK,Random 25% immutable,α = 1,1.0,177,0,1,True,,1.0,1.1468724341085559,1.0709213015476904,2.0000000001830682,1.0000000001830682,True,2.083600000332808,Optimization terminated successfully
Heart Failure,2,42,10,300,0.0001,50,least_cost,Ranked + weighted SHARK,Random 25% immutable,α < 1,0.01,177,0,1,True,,1.0,4.5417295263132935,2.131133390079904,1.0050251257201346,0.005025125720134582,True,2.8941000000486383,Optimization terminated successfully
Heart Failure,2,42,10,300,0.0001,50,least_cost,Ranked + weighted SHARK,Random 50% immutable,α = 1,1.0,177,0,1,True,,1.0,1.1468724341085559,1.0709213015476904,2.0000000001830682,1.0000000001830682,True,2.114800000526884,Optimization terminated successfully
Heart Failure,2,42,10,300,0.0001,50,least_cost,Ranked + weighted SHARK,Random 50% immutable,α < 1,0.01,177,0,1,True,,1.0,4.5417295263132935,2.131133390079904,1.0050251257201346,0.005025125720134582,True,2.1111999994900543,Optimization terminated successfully
Heart Failure,2,42,10,300,0.0001,50,least_cost,Ranked + weighted SHARK,Random 75% immutable,α = 1,1.0,177,0,1,False,,,,,,,False,412.60650000003807,Iteration limit reached
Heart Failure,2,42,10,300,0.0001,50,least_cost,Ranked + weighted SHARK,Random 75% immutable,α < 1,0.01,177,0,1,False,,,,,,,False,464.6742999993876,Iteration limit reached
Heart Failure,2,42,10,300,0.0001,50,least_cost,Ranked + weighted SHARK,All features mutable,α = 1,1.0,204,1,0,True,,1.0,1.1468724341085497,1.0709213015476875,2.0000000001830736,1.0000000001830736,True,2.1554999993895763,Optimization terminated successfully
Heart Failure,2,42,10,300,0.0001,50,least_cost,Ranked + weighted SHARK,All features mutable,α < 1,0.01,204,1,0,True,,1.0,4.541729526318319,2.131133390081083,1.0050251257195786,0.0050251257195785826,True,2.5742000007085153,Optimization terminated successfully
Heart Failure,2,42,10,300,0.0001,50,least_cost,Ranked + weighted SHARK,Random 25% immutable,α = 1,1.0,204,1,0,True,,1.0,1.1468724341085497,1.0709213015476875,2.0000000001830736,1.0000000001830736,True,1.913799999783805,Optimization terminated successfully
Heart Failure,2,42,10,300,0.0001,50,least_cost,Ranked + weighted SHARK,Random 25% immutable,α < 1,0.01,204,1,0,True,,1.0,4.541729526318319,2.131133390081083,1.0050251257195786,0.0050251257195785826,True,2.162499999940337,Optimization terminated successfully
Heart Failure,2,42,10,300,0.0001,50,least_cost,Ranked + weighted SHARK,Random 50% immutable,α = 1,1.0,204,1,0,True,,1.0,1.1468724341085508,1.070921301547688,2.0000000001830727,1.0000000001830727,True,1.7489000001660315,Optimization terminated successfully
Heart Failure,2,42,10,300,0.0001,50,least_cost,Ranked + weighted SHARK,Random 50% immutable,α < 1,0.01,204,1,0,True,,1.0,4.541729526324271,2.13113339008248,1.00502512571892,0.005025125718919998,True,1.9701000001077773,Optimization terminated successfully
Heart Failure,2,42,10,300,0.0001,50,least_cost,Ranked + weighted SHARK,Random 75% immutable,α = 1,1.0,204,1,0,False,,,,,,,False,404.95239999927435,Iteration limit reached
Heart Failure,2,42,10,300,0.0001,50,least_cost,Ranked + weighted SHARK,Random 75% immutable,α < 1,0.01,204,1,0,False,,,,,,,False,421.9122000004063,Iteration limit reached
Heart Failure,2,42,10,300,0.0001,50,least_cost,Ranked + weighted SHARK,All features mutable,α = 1,1.0,79,0,1,True,,1.0,1.1468724341085517,1.0709213015476884,2.000000000183072,1.0000000001830718,True,2.6678999993237085,Optimization terminated successfully
Heart Failure,2,42,10,300,0.0001,50,least_cost,Ranked + weighted SHARK,All features mutable,α < 1,0.01,79,0,1,True,,1.0,4.541729526331574,2.131133390084193,1.005025125718112,0.005025125718111978,True,2.7063000006819493,Optimization terminated successfully
Heart Failure,2,42,10,300,0.0001,50,least_cost,Ranked + weighted SHARK,Random 25% immutable,α = 1,1.0,79,0,1,True,,1.0,1.1468724341085517,1.0709213015476884,2.000000000183072,1.0000000001830718,True,2.0530000001599547,Optimization terminated successfully
Heart Failure,2,42,10,300,0.0001,50,least_cost,Ranked + weighted SHARK,Random 25% immutable,α < 1,0.01,79,0,1,True,,1.0,4.541729526313543,2.1311333900799627,1.005025125720107,0.005025125720107049,True,2.564400000665046,Optimization terminated successfully
Heart Failure,2,42,10,300,0.0001,50,least_cost,Ranked + weighted SHARK,Random 50% immutable,α = 1,1.0,79,0,1,True,,1.0,1.1468724341085517,1.0709213015476884,2.000000000183072,1.0000000001830718,True,1.8783000004987116,Optimization terminated successfully
Heart Failure,2,42,10,300,0.0001,50,least_cost,Ranked + weighted SHARK,Random 50% immutable,α < 1,0.01,79,0,1,True,,1.0,4.541729526313543,2.1311333900799627,1.005025125720107,0.005025125720107049,True,2.175300000089919,Optimization terminated successfully
Heart Failure,2,42,10,300,0.0001,50,least_cost,Ranked + weighted SHARK,Random 75% immutable,α = 1,1.0,79,0,1,False,,,,,,,False,423.3980999997584,Iteration limit reached
Heart Failure,2,42,10,300,0.0001,50,least_cost,Ranked + weighted SHARK,Random 75% immutable,α < 1,0.01,79,0,1,False,,,,,,,False,406.6661999995631,Iteration limit reached
Heart Failure,2,42,10,300,0.0001,50,least_cost,Ranked + weighted SHARK,All features mutable,α = 1,1.0,131,0,1,True,,1.0,1.1468724341085468,1.0709213015476862,2.000000000183076,1.0000000001830762,True,2.1950999998807674,Optimization terminated successfully
Heart Failure,2,42,10,300,0.0001,50,least_cost,Ranked + weighted SHARK,All features mutable,α < 1,0.01,131,0,1,True,,1.0,4.541729526313397,2.1311333900799285,1.005025125720123,0.005025125720123036,True,2.80170000041835,Optimization terminated successfully
Heart Failure,2,42,10,300,0.0001,50,least_cost,Ranked + weighted SHARK,Random 25% immutable,α = 1,1.0,131,0,1,True,,1.0,1.146872434108548,1.0709213015476866,2.0000000001830753,1.0000000001830753,True,2.029000000220549,Optimization terminated successfully
Heart Failure,2,42,10,300,0.0001,50,least_cost,Ranked + weighted SHARK,Random 25% immutable,α < 1,0.01,131,0,1,True,,1.0,4.54172952631327,2.1311333900798988,1.0050251257201372,0.005025125720137247,True,2.5896999995893566,Optimization terminated successfully
Heart Failure,2,42,10,300,0.0001,50,least_cost,Ranked + weighted SHARK,Random 50% immutable,α = 1,1.0,131,0,1,True,,1.0,1.146872434108548,1.0709213015476866,2.0000000001830753,1.0000000001830753,True,1.9095000006927876,Optimization terminated successfully
Heart Failure,2,42,10,300,0.0001,50,least_cost,Ranked + weighted SHARK,Random 50% immutable,α < 1,0.01,131,0,1,True,,1.0,4.54172952631327,2.1311333900798988,1.0050251257201372,0.005025125720137247,True,2.378600000156439,Optimization terminated successfully
Heart Failure,2,42,10,300,0.0001,50,least_cost,Ranked + weighted SHARK,Random 75% immutable,α = 1,1.0,131,0,1,False,,,,,,,False,414.34430000026623,Iteration limit reached
Heart Failure,2,42,10,300,0.0001,50,least_cost,Ranked + weighted SHARK,Random 75% immutable,α < 1,0.01,131,0,1,False,,,,,,,False,439.62960000044404,Iteration limit reached
Heart Failure,2,42,10,300,0.0001,50,least_cost,Ranked + weighted SHARK,All features mutable,α = 1,1.0,103,1,0,True,,1.0,1.1468724341085526,1.0709213015476888,2.000000000183071,1.000000000183071,True,2.579599999990023,Optimization terminated successfully
Heart Failure,2,42,10,300,0.0001,50,least_cost,Ranked + weighted SHARK,All features mutable,α < 1,0.01,103,1,0,True,,1.0,4.54172952631328,2.131133390079901,1.0050251257201361,0.0050251257201361366,True,2.8705000004265457,Optimization terminated successfully
Heart Failure,2,42,10,300,0.0001,50,least_cost,Ranked + weighted SHARK,Random 25% immutable,α = 1,1.0,103,1,0,False,,,,,,,False,570.582899999863,Iteration limit reached
Heart Failure,2,42,10,300,0.0001,50,least_cost,Ranked + weighted SHARK,Random 25% immutable,α < 1,0.01,103,1,0,False,,,,,,,False,516.0591000003478,Iteration limit reached
Heart Failure,2,42,10,300,0.0001,50,least_cost,Ranked + weighted SHARK,Random 50% immutable,α = 1,1.0,103,1,0,True,,1.0,1.1468724341085526,1.0709213015476888,2.000000000183071,1.000000000183071,True,1.9950000005337643,Optimization terminated successfully
Heart Failure,2,42,10,300,0.0001,50,least_cost,Ranked + weighted SHARK,Random 50% immutable,α < 1,0.01,103,1,0,True,,1.0,4.54172952631328,2.131133390079901,1.0050251257201361,0.0050251257201361366,True,2.8886999998576357,Optimization terminated successfully
Heart Failure,2,42,10,300,0.0001,50,least_cost,Ranked + weighted SHARK,Random 75% immutable,α = 1,1.0,103,1,0,False,,,,,,,False,430.80060000011144,Iteration limit reached
Heart Failure,2,42,10,300,0.0001,50,least_cost,Ranked + weighted SHARK,Random 75% immutable,α < 1,0.01,103,1,0,False,,,,,,,False,411.74599999976635,Iteration limit reached
Heart Failure,2,42,10,300,0.0001,50,least_cost,Ranked + weighted SHARK,All features mutable,α = 1,1.0,202,0,1,True,,1.0,1.1468724341085468,1.0709213015476862,2.000000000183076,1.0000000001830762,True,2.5187999999616295,Optimization terminated successfully
Heart Failure,2,42,10,300,0.0001,50,least_cost,Ranked + weighted SHARK,All features mutable,α < 1,0.01,202,0,1,True,,1.0,4.541729526313272,2.131133390079899,1.005025125720137,0.005025125720137025,True,2.4099000002024695,Optimization terminated successfully
Heart Failure,2,42,10,300,0.0001,50,least_cost,Ranked + weighted SHARK,Random 25% immutable,α = 1,1.0,202,0,1,True,,1.0,1.1468724341085468,1.0709213015476862,2.000000000183076,1.0000000001830762,True,2.062399999886111,Optimization terminated successfully
Heart Failure,2,42,10,300,0.0001,50,least_cost,Ranked + weighted SHARK,Random 25% immutable,α < 1,0.01,202,0,1,True,,1.0,4.541729526313272,2.131133390079899,1.005025125720137,0.005025125720137025,True,2.107799999976123,Optimization terminated successfully
Heart Failure,2,42,10,300,0.0001,50,least_cost,Ranked + weighted SHARK,Random 50% immutable,α = 1,1.0,202,0,1,False,,,,,,,False,571.1676000000807,Iteration limit reached
Heart Failure,2,42,10,300,0.0001,50,least_cost,Ranked + weighted SHARK,Random 50% immutable,α < 1,0.01,202,0,1,False,,,,,,,False,548.8900000000285,Iteration limit reached
Heart Failure,2,42,10,300,0.0001,50,least_cost,Ranked + weighted SHARK,Random 75% immutable,α = 1,1.0,202,0,1,False,,,,,,,False,436.9285000002492,Iteration limit reached
Heart Failure,2,42,10,300,0.0001,50,least_cost,Ranked + weighted SHARK,Random 75% immutable,α < 1,0.01,202,0,1,False,,,,,,,False,414.86079999958747,Iteration limit reached
Heart Failure,2,42,10,300,0.0001,50,least_cost,Ranked + weighted SHARK,All features mutable,α = 1,1.0,109,1,0,True,,1.0,1.1468724341085488,1.070921301547687,2.0000000001830744,1.0000000001830744,True,2.3279999995793332,Optimization terminated successfully
Heart Failure,2,42,10,300,0.0001,50,least_cost,Ranked + weighted SHARK,All features mutable,α < 1,0.01,109,1,0,True,,1.0,4.54172952636837,2.131133390092826,1.0050251257140408,0.00502512571404079,True,2.6496999998926185,Optimization terminated successfully
Heart Failure,2,42,10,300,0.0001,50,least_cost,Ranked + weighted SHARK,Random 25% immutable,α = 1,1.0,109,1,0,True,,1.0,1.1468724341085488,1.070921301547687,2.0000000001830744,1.0000000001830744,True,2.0799000003535184,Optimization terminated successfully
Heart Failure,2,42,10,300,0.0001,50,least_cost,Ranked + weighted SHARK,Random 25% immutable,α < 1,0.01,109,1,0,True,,1.0,4.54172952636837,2.131133390092826,1.0050251257140408,0.00502512571404079,True,2.344700000321609,Optimization terminated successfully
Heart Failure,2,42,10,300,0.0001,50,least_cost,Ranked + weighted SHARK,Random 50% immutable,α = 1,1.0,109,1,0,False,,,,,,,False,0.9343000001535984,Positive directional derivative for linesearch
Heart Failure,2,42,10,300,0.0001,50,least_cost,Ranked + weighted SHARK,Random 50% immutable,α < 1,0.01,109,1,0,False,,,,,,,False,0.7738999993307516,Positive directional derivative for linesearch
Heart Failure,2,42,10,300,0.0001,50,least_cost,Ranked + weighted SHARK,Random 75% immutable,α = 1,1.0,109,1,0,False,,,,,,,False,0.6604000000152155,Positive directional derivative for linesearch
Heart Failure,2,42,10,300,0.0001,50,least_cost,Ranked + weighted SHARK,Random 75% immutable,α < 1,0.01,109,1,0,False,,,,,,,False,0.6228000002010958,Positive directional derivative for linesearch
Heart Failure,2,42,10,300,0.0001,50,least_cost,Ranked + weighted SHARK,All features mutable,α = 1,1.0,19,0,1,True,,1.0,1.1468724341085592,1.070921301547692,2.000000000183065,1.0000000001830651,True,2.1669000007022987,Optimization terminated successfully
Heart Failure,2,42,10,300,0.0001,50,least_cost,Ranked + weighted SHARK,All features mutable,α < 1,0.01,19,0,1,True,,1.0,4.5417295263141355,2.1311333900801017,1.0050251257200415,0.0050251257200415456,True,2.590799999779847,Optimization terminated successfully
Heart Failure,2,42,10,300,0.0001,50,least_cost,Ranked + weighted SHARK,Random 25% immutable,α = 1,1.0,19,0,1,False,,,,,,,False,547.867899999801,Iteration limit reached
Heart Failure,2,42,10,300,0.0001,50,least_cost,Ranked + weighted SHARK,Random 25% immutable,α < 1,0.01,19,0,1,False,,,,,,,False,517.8893000002063,Iteration limit reached
Heart Failure,2,42,10,300,0.0001,50,least_cost,Ranked + weighted SHARK,Random 50% immutable,α = 1,1.0,19,0,1,False,,,,,,,False,478.269299999738,Iteration limit reached
Heart Failure,2,42,10,300,0.0001,50,least_cost,Ranked + weighted SHARK,Random 50% immutable,α < 1,0.01,19,0,1,False,,,,,,,False,476.98490000038873,Iteration limit reached
Heart Failure,2,42,10,300,0.0001,50,least_cost,Ranked + weighted SHARK,Random 75% immutable,α = 1,1.0,19,0,1,True,,1.0,1.1468724341085592,1.070921301547692,2.000000000183065,1.0000000001830651,True,1.8340999995416496,Optimization terminated successfully
Heart Failure,2,42,10,300,0.0001,50,least_cost,Ranked + weighted SHARK,Random 75% immutable,α < 1,0.01,19,0,1,True,,1.0,4.5417295263141355,2.1311333900801017,1.0050251257200415,0.0050251257200415456,True,2.154399999199086,Optimization terminated successfully
Heart Failure,2,42,10,300,0.0001,50,least_cost,Ranked + weighted SHARK,All features mutable,α = 1,1.0,208,0,1,True,,1.0,1.1468724341085563,1.0709213015476906,2.000000000183068,1.0000000001830678,True,2.476800000295043,Optimization terminated successfully
Heart Failure,2,42,10,300,0.0001,50,least_cost,Ranked + weighted SHARK,All features mutable,α < 1,0.01,208,0,1,True,,1.0,4.541729526325341,2.1311333900827307,1.0050251257188016,0.0050251257188016485,True,3.09209999977611,Optimization terminated successfully
Heart Failure,2,42,10,300,0.0001,50,least_cost,Ranked + weighted SHARK,Random 25% immutable,α = 1,1.0,208,0,1,True,,1.0,1.1468724341085563,1.0709213015476906,2.000000000183068,1.0000000001830678,True,2.3337999991781544,Optimization terminated successfully
Heart Failure,2,42,10,300,0.0001,50,least_cost,Ranked + weighted SHARK,Random 25% immutable,α < 1,0.01,208,0,1,True,,1.0,4.541729526325341,2.1311333900827307,1.0050251257188016,0.0050251257188016485,True,2.4510000002919696,Optimization terminated successfully
Heart Failure,2,42,10,300,0.0001,50,least_cost,Ranked + weighted SHARK,Random 50% immutable,α = 1,1.0,208,0,1,True,,1.0,1.1468724341085563,1.0709213015476906,2.000000000183068,1.0000000001830678,True,1.9081999998888932,Optimization terminated successfully
Heart Failure,2,42,10,300,0.0001,50,least_cost,Ranked + weighted SHARK,Random 50% immutable,α < 1,0.01,208,0,1,True,,1.0,4.541729526325341,2.1311333900827307,1.0050251257188016,0.0050251257188016485,True,2.3230999995575985,Optimization terminated successfully
Heart Failure,2,42,10,300,0.0001,50,least_cost,Ranked + weighted SHARK,Random 75% immutable,α = 1,1.0,208,0,1,False,,,,,,,False,441.4963999997781,Iteration limit reached
Heart Failure,2,42,10,300,0.0001,50,least_cost,Ranked + weighted SHARK,Random 75% immutable,α < 1,0.01,208,0,1,False,,,,,,,False,409.48220000063884,Iteration limit reached
Heart Failure,2,42,10,300,0.0001,50,least_cost,Ranked + weighted SHARK,All features mutable,α = 1,1.0,136,0,1,True,,1.0,1.1468724341085563,1.0709213015476906,2.000000000183068,1.0000000001830678,True,2.3429000002579414,Optimization terminated successfully
Heart Failure,2,42,10,300,0.0001,50,least_cost,Ranked + weighted SHARK,All features mutable,α < 1,0.01,136,0,1,True,,1.0,4.5417295263141355,2.1311333900801017,1.0050251257200415,0.0050251257200415456,True,2.78119999984483,Optimization terminated successfully
Heart Failure,2,42,10,300,0.0001,50,least_cost,Ranked + weighted SHARK,Random 25% immutable,α = 1,1.0,136,0,1,False,,,,,,,False,582.968499999879,Iteration limit reached
Heart Failure,2,42,10,300,0.0001,50,least_cost,Ranked + weighted SHARK,Random 25% immutable,α < 1,0.01,136,0,1,False,,,,,,,False,519.9182999995173,Iteration limit reached
Heart Failure,2,42,10,300,0.0001,50,least_cost,Ranked + weighted SHARK,Random 50% immutable,α = 1,1.0,136,0,1,False,,,,,,,False,471.6297000004488,Iteration limit reached
Heart Failure,2,42,10,300,0.0001,50,least_cost,Ranked + weighted SHARK,Random 50% immutable,α < 1,0.01,136,0,1,False,,,,,,,False,468.34880000005796,Iteration limit reached
Heart Failure,2,42,10,300,0.0001,50,least_cost,Ranked + weighted SHARK,Random 75% immutable,α = 1,1.0,136,0,1,False,,,,,,,False,422.2076999994897,Iteration limit reached
Heart Failure,2,42,10,300,0.0001,50,least_cost,Ranked + weighted SHARK,Random 75% immutable,α < 1,0.01,136,0,1,False,,,,,,,False,589.9648000004163,Iteration limit reached
Heart Failure,2,42,10,300,0.0001,50,least_cost,Ranked + weighted SHARK,All features mutable,α = 1,1.0,135,0,1,True,,1.0,1.146872434108543,1.0709213015476844,2.0000000001830793,1.0000000001830793,True,2.369699999690056,Optimization terminated successfully
Heart Failure,2,42,10,300,0.0001,50,least_cost,Ranked + weighted SHARK,All features mutable,α < 1,0.01,135,0,1,True,,1.0,4.541729526313287,2.1311333900799028,1.0050251257201352,0.005025125720135248,True,2.640100000462553,Optimization terminated successfully
Heart Failure,2,42,10,300,0.0001,50,least_cost,Ranked + weighted SHARK,Random 25% immutable,α = 1,1.0,135,0,1,True,,1.0,1.146872434108543,1.0709213015476844,2.0000000001830793,1.0000000001830793,True,2.1384000001489767,Optimization terminated successfully
Heart Failure,2,42,10,300,0.0001,50,least_cost,Ranked + weighted SHARK,Random 25% immutable,α < 1,0.01,135,0,1,True,,1.0,4.541729526313287,2.1311333900799028,1.0050251257201352,0.005025125720135248,True,2.2335999992719735,Optimization terminated successfully
Heart Failure,2,42,10,300,0.0001,50,least_cost,Ranked + weighted SHARK,Random 50% immutable,α = 1,1.0,135,0,1,False,,,,,,,False,590.0482999995802,Iteration limit reached
Heart Failure,2,42,10,300,0.0001,50,least_cost,Ranked + weighted SHARK,Random 50% immutable,α < 1,0.01,135,0,1,False,,,,,,,False,495.9154000007402,Iteration limit reached
Heart Failure,2,42,10,300,0.0001,50,least_cost,Ranked + weighted SHARK,Random 75% immutable,α = 1,1.0,135,0,1,False,,,,,,,False,0.788000000284228,Positive directional derivative for linesearch
Heart Failure,2,42,10,300,0.0001,50,least_cost,Ranked + weighted SHARK,Random 75% immutable,α < 1,0.01,135,0,1,False,,,,,,,False,0.6994999994276441,Positive directional derivative for linesearch
Heart Failure,2,42,10,300,0.0001,50,least_cost,Ranked + weighted SHARK,All features mutable,α = 1,1.0,220,0,1,True,,1.0,1.146872434108545,1.0709213015476853,2.0000000001830776,1.0000000001830776,True,2.6139000001421664,Optimization terminated successfully
Heart Failure,2,42,10,300,0.0001,50,least_cost,Ranked + weighted SHARK,All features mutable,α < 1,0.01,220,0,1,True,,1.0,4.541729526313272,2.131133390079899,1.005025125720137,0.005025125720137025,True,2.657299999555107,Optimization terminated successfully
Heart Failure,2,42,10,300,0.0001,50,least_cost,Ranked + weighted SHARK,Random 25% immutable,α = 1,1.0,220,0,1,False,,,,,,,False,706.7836999995052,Iteration limit reached
Heart Failure,2,42,10,300,0.0001,50,least_cost,Ranked + weighted SHARK,Random 25% immutable,α < 1,0.01,220,0,1,False,,,,,,,False,585.2942999999868,Iteration limit reached
Heart Failure,2,42,10,300,0.0001,50,least_cost,Ranked + weighted SHARK,Random 50% immutable,α = 1,1.0,220,0,1,False,,,,,,,False,528.7570000000414,Iteration limit reached
Heart Failure,2,42,10,300,0.0001,50,least_cost,Ranked + weighted SHARK,Random 50% immutable,α < 1,0.01,220,0,1,False,,,,,,,False,483.59760000039387,Iteration limit reached
Heart Failure,2,42,10,300,0.0001,50,least_cost,Ranked + weighted SHARK,Random 75% immutable,α = 1,1.0,220,0,1,False,,,,,,,False,0.7251999995787628,Positive directional derivative for linesearch
Heart Failure,2,42,10,300,0.0001,50,least_cost,Ranked + weighted SHARK,Random 75% immutable,α < 1,0.01,220,0,1,False,,,,,,,False,0.6545999995068996,Positive directional derivative for linesearch
Heart Failure,2,42,10,300,0.0001,50,least_cost,Ranked + weighted SHARK,All features mutable,α = 1,1.0,51,0,1,True,,1.0,1.1468724341085517,1.0709213015476884,2.000000000183072,1.0000000001830718,True,2.432200000839657,Optimization terminated successfully
Heart Failure,2,42,10,300,0.0001,50,least_cost,Ranked + weighted SHARK,All features mutable,α < 1,0.01,51,0,1,True,,1.0,4.541729526313278,2.1311333900799005,1.0050251257201364,0.005025125720136359,True,2.7835000000777654,Optimization terminated successfully
Heart Failure,2,42,10,300,0.0001,50,least_cost,Ranked + weighted SHARK,Random 25% immutable,α = 1,1.0,51,0,1,True,,1.0,1.1468724341085517,1.0709213015476884,2.000000000183072,1.0000000001830718,True,2.0876999997199164,Optimization terminated successfully
Heart Failure,2,42,10,300,0.0001,50,least_cost,Ranked + weighted SHARK,Random 25% immutable,α < 1,0.01,51,0,1,True,,1.0,4.541729526313278,2.1311333900799005,1.0050251257201364,0.005025125720136359,True,2.6163999991695164,Optimization terminated successfully
Heart Failure,2,42,10,300,0.0001,50,least_cost,Ranked + weighted SHARK,Random 50% immutable,α = 1,1.0,51,0,1,True,,1.0,1.1468724341085517,1.0709213015476884,2.000000000183072,1.0000000001830718,True,1.8695000007937779,Optimization terminated successfully
Heart Failure,2,42,10,300,0.0001,50,least_cost,Ranked + weighted SHARK,Random 50% immutable,α < 1,0.01,51,0,1,True,,1.0,4.541729526313295,2.1311333900799045,1.0050251257201344,0.00502512572013436,True,1.85090000013588,Optimization terminated successfully
Heart Failure,2,42,10,300,0.0001,50,least_cost,Ranked + weighted SHARK,Random 75% immutable,α = 1,1.0,51,0,1,False,,,,,,,False,407.46610000041983,Iteration limit reached
Heart Failure,2,42,10,300,0.0001,50,least_cost,Ranked + weighted SHARK,Random 75% immutable,α < 1,0.01,51,0,1,False,,,,,,,False,415.6359999997221,Iteration limit reached
Heart Failure,2,42,10,300,0.0001,50,least_cost,Ranked + weighted SHARK,All features mutable,α = 1,1.0,225,0,1,True,,1.0,1.1468724341085554,1.0709213015476902,2.0000000001830687,1.0000000001830687,True,2.6496999998926185,Optimization terminated successfully
Heart Failure,2,42,10,300,0.0001,50,least_cost,Ranked + weighted SHARK,All features mutable,α < 1,0.01,225,0,1,True,,1.0,4.5417295263134125,2.131133390079932,1.0050251257201215,0.005025125720121482,True,3.5601999998107203,Optimization terminated successfully
Heart Failure,2,42,10,300,0.0001,50,least_cost,Ranked + weighted SHARK,Random 25% immutable,α = 1,1.0,225,0,1,True,,1.0,1.1468724341085554,1.0709213015476902,2.0000000001830687,1.0000000001830687,True,2.743699999882665,Optimization terminated successfully
Heart Failure,2,42,10,300,0.0001,50,least_cost,Ranked + weighted SHARK,Random 25% immutable,α < 1,0.01,225,0,1,True,,1.0,4.5417295263134125,2.131133390079932,1.0050251257201215,0.005025125720121482,True,2.7503999999680673,Optimization terminated successfully
Heart Failure,2,42,10,300,0.0001,50,least_cost,Ranked + weighted SHARK,Random 50% immutable,α = 1,1.0,225,0,1,True,,1.0,1.1468724341085554,1.0709213015476902,2.0000000001830687,1.0000000001830687,True,1.867599999968661,Optimization terminated successfully
Heart Failure,2,42,10,300,0.0001,50,least_cost,Ranked + weighted SHARK,Random 50% immutable,α < 1,0.01,225,0,1,True,,1.0,4.5417295263134125,2.131133390079932,1.0050251257201215,0.005025125720121482,True,2.0635000000766013,Optimization terminated successfully
Heart Failure,2,42,10,300,0.0001,50,least_cost,Ranked + weighted SHARK,Random 75% immutable,α = 1,1.0,225,0,1,True,,1.0,1.1468724341085554,1.0709213015476902,2.0000000001830687,1.0000000001830687,True,1.4211999996405211,Optimization terminated successfully
Heart Failure,2,42,10,300,0.0001,50,least_cost,Ranked + weighted SHARK,Random 75% immutable,α < 1,0.01,225,0,1,True,,1.0,4.5417295263134125,2.131133390079932,1.0050251257201215,0.005025125720121482,True,2.0078999996258062,Optimization terminated successfully
Heart Failure,2,42,10,300,0.0001,50,least_cost,Ranked + weighted SHARK,All features mutable,α = 1,1.0,156,0,1,True,,1.0,1.1468724341085508,1.070921301547688,2.0000000001830727,1.0000000001830727,True,2.2572999996555154,Optimization terminated successfully
Heart Failure,2,42,10,300,0.0001,50,least_cost,Ranked + weighted SHARK,All features mutable,α < 1,0.01,156,0,1,True,,1.0,4.541729526313278,2.1311333900799005,1.0050251257201364,0.005025125720136359,True,2.7329000004101545,Optimization terminated successfully
Heart Failure,2,42,10,300,0.0001,50,least_cost,Ranked + weighted SHARK,Random 25% immutable,α = 1,1.0,156,0,1,True,,1.0,1.1468724341085508,1.070921301547688,2.0000000001830727,1.0000000001830727,True,2.0272000001568813,Optimization terminated successfully
Heart Failure,2,42,10,300,0.0001,50,least_cost,Ranked + weighted SHARK,Random 25% immutable,α < 1,0.01,156,0,1,True,,1.0,4.541729526313278,2.1311333900799005,1.0050251257201364,0.005025125720136359,True,2.5126999998974497,Optimization terminated successfully
Heart Failure,2,42,10,300,0.0001,50,least_cost,Ranked + weighted SHARK,Random 50% immutable,α = 1,1.0,156,0,1,True,,1.0,1.1468724341085508,1.070921301547688,2.0000000001830727,1.0000000001830727,True,1.7529000006106799,Optimization terminated successfully
Heart Failure,2,42,10,300,0.0001,50,least_cost,Ranked + weighted SHARK,Random 50% immutable,α < 1,0.01,156,0,1,True,,1.0,4.541729526313278,2.1311333900799005,1.0050251257201364,0.005025125720136359,True,2.3390000005747424,Optimization terminated successfully
Heart Failure,2,42,10,300,0.0001,50,least_cost,Ranked + weighted SHARK,Random 75% immutable,α = 1,1.0,156,0,1,False,,,,,,,False,0.6932999995115097,Positive directional derivative for linesearch
Heart Failure,2,42,10,300,0.0001,50,least_cost,Ranked + weighted SHARK,Random 75% immutable,α < 1,0.01,156,0,1,False,,,,,,,False,0.7078999997247593,Positive directional derivative for linesearch
Heart Failure,2,42,10,300,0.0001,50,least_cost,Ranked + weighted SHARK,All features mutable,α = 1,1.0,227,0,1,True,,1.0,1.1468724341085468,1.0709213015476862,2.000000000183076,1.0000000001830762,True,2.4094999998851563,Optimization terminated successfully
Heart Failure,2,42,10,300,0.0001,50,least_cost,Ranked + weighted SHARK,All features mutable,α < 1,0.01,227,0,1,True,,1.0,4.541729526313295,2.1311333900799045,1.0050251257201344,0.00502512572013436,True,2.7970999999524793,Optimization terminated successfully
Heart Failure,2,42,10,300,0.0001,50,least_cost,Ranked + weighted SHARK,Random 25% immutable,α = 1,1.0,227,0,1,True,,1.0,1.146872434108546,1.0709213015476857,2.000000000183077,1.000000000183077,True,2.0200999997541658,Optimization terminated successfully
Heart Failure,2,42,10,300,0.0001,50,least_cost,Ranked + weighted SHARK,Random 25% immutable,α < 1,0.01,227,0,1,True,,1.0,4.541729526313295,2.1311333900799045,1.0050251257201344,0.00502512572013436,True,2.55139999990206,Optimization terminated successfully
Heart Failure,2,42,10,300,0.0001,50,least_cost,Ranked + weighted SHARK,Random 50% immutable,α = 1,1.0,227,0,1,False,,,,,,,False,481.1032999996314,Iteration limit reached
Heart Failure,2,42,10,300,0.0001,50,least_cost,Ranked + weighted SHARK,Random 50% immutable,α < 1,0.01,227,0,1,False,,,,,,,False,465.5080000002272,Iteration limit reached
Heart Failure,2,42,10,300,0.0001,50,least_cost,Ranked + weighted SHARK,Random 75% immutable,α = 1,1.0,227,0,1,True,,1.0,1.146872434108546,1.0709213015476857,2.000000000183077,1.000000000183077,True,1.6157000000021071,Optimization terminated successfully
Heart Failure,2,42,10,300,0.0001,50,least_cost,Ranked + weighted SHARK,Random 75% immutable,α < 1,0.01,227,0,1,True,,1.0,4.541729526313295,2.1311333900799045,1.0050251257201344,0.00502512572013436,True,1.6968999998425716,Optimization terminated successfully
Heart Failure,2,42,10,300,0.0001,50,least_cost,Ranked + weighted SHARK,All features mutable,α = 1,1.0,47,1,0,True,,1.0,1.1468724341085497,1.0709213015476875,2.0000000001830736,1.0000000001830736,True,2.0777999998244923,Optimization terminated successfully
Heart Failure,2,42,10,300,0.0001,50,least_cost,Ranked + weighted SHARK,All features mutable,α < 1,0.01,47,1,0,True,,1.0,4.541729526728996,2.131133390177435,1.0050251256741398,0.005025125674139819,True,2.2049999997761915,Optimization terminated successfully
Heart Failure,2,42,10,300,0.0001,50,least_cost,Ranked + weighted SHARK,Random 25% immutable,α = 1,1.0,47,1,0,True,,1.0,1.1468724341085497,1.0709213015476875,2.0000000001830736,1.0000000001830736,True,1.899799999591778,Optimization terminated successfully
Heart Failure,2,42,10,300,0.0001,50,least_cost,Ranked + weighted SHARK,Random 25% immutable,α < 1,0.01,47,1,0,True,,1.0,4.541729526728996,2.131133390177435,1.0050251256741398,0.005025125674139819,True,1.9165000003340538,Optimization terminated successfully
Heart Failure,2,42,10,300,0.0001,50,least_cost,Ranked + weighted SHARK,Random 50% immutable,α = 1,1.0,47,1,0,False,,,,,,,False,0.6849999999758438,Positive directional derivative for linesearch
Heart Failure,2,42,10,300,0.0001,50,least_cost,Ranked + weighted SHARK,Random 50% immutable,α < 1,0.01,47,1,0,False,,,,,,,False,0.6963999994695769,Positive directional derivative for linesearch
Heart Failure,2,42,10,300,0.0001,50,least_cost,Ranked + weighted SHARK,Random 75% immutable,α = 1,1.0,47,1,0,False,,,,,,,False,0.6293000005825888,Positive directional derivative for linesearch
Heart Failure,2,42,10,300,0.0001,50,least_cost,Ranked + weighted SHARK,Random 75% immutable,α < 1,0.01,47,1,0,False,,,,,,,False,0.6280999996306491,Positive directional derivative for linesearch
Heart Failure,2,42,10,300,0.0001,50,least_cost,Ranked + weighted SHARK,All features mutable,α = 1,1.0,179,1,0,True,,1.0,1.1468724341085497,1.0709213015476875,2.0000000001830736,1.0000000001830736,True,2.201199999944947,Optimization terminated successfully
Heart Failure,2,42,10,300,0.0001,50,least_cost,Ranked + weighted SHARK,All features mutable,α < 1,0.01,179,1,0,True,,1.0,4.541729526313282,2.1311333900799014,1.005025125720136,0.0050251257201359145,True,2.610900000036054,Optimization terminated successfully
Heart Failure,2,42,10,300,0.0001,50,least_cost,Ranked + weighted SHARK,Random 25% immutable,α = 1,1.0,179,1,0,True,,1.0,1.1468724341085497,1.0709213015476875,2.0000000001830736,1.0000000001830736,True,1.8947999997180887,Optimization terminated successfully
Heart Failure,2,42,10,300,0.0001,50,least_cost,Ranked + weighted SHARK,Random 25% immutable,α < 1,0.01,179,1,0,True,,1.0,4.541729526313282,2.1311333900799014,1.005025125720136,0.0050251257201359145,True,2.427700000225741,Optimization terminated successfully
Heart Failure,2,42,10,300,0.0001,50,least_cost,Ranked + weighted SHARK,Random 50% immutable,α = 1,1.0,179,1,0,False,,,,,,,False,475.84139999980835,Iteration limit reached
Heart Failure,2,42,10,300,0.0001,50,least_cost,Ranked + weighted SHARK,Random 50% immutable,α < 1,0.01,179,1,0,False,,,,,,,False,479.5646000002307,Iteration limit reached
Heart Failure,2,42,10,300,0.0001,50,least_cost,Ranked + weighted SHARK,Random 75% immutable,α = 1,1.0,179,1,0,False,,,,,,,False,405.78129999994417,Iteration limit reached
Heart Failure,2,42,10,300,0.0001,50,least_cost,Ranked + weighted SHARK,Random 75% immutable,α < 1,0.01,179,1,0,False,,,,,,,False,411.3610000003973,Iteration limit reached
Heart Failure,2,42,10,300,0.0001,50,least_cost,Ranked + weighted SHARK,All features mutable,α = 1,1.0,252,0,1,True,,1.0,1.146872434108546,1.0709213015476857,2.000000000183077,1.000000000183077,True,2.276999999594409,Optimization terminated successfully
Heart Failure,2,42,10,300,0.0001,50,least_cost,Ranked + weighted SHARK,All features mutable,α < 1,0.01,252,0,1,True,,1.0,4.541729526313233,2.13113339007989,1.0050251257201415,0.005025125720141466,True,2.644299999701616,Optimization terminated successfully
Heart Failure,2,42,10,300,0.0001,50,least_cost,Ranked + weighted SHARK,Random 25% immutable,α = 1,1.0,252,0,1,True,,1.0,1.146872434108546,1.0709213015476857,2.000000000183077,1.000000000183077,True,1.9013000000995817,Optimization terminated successfully
Heart Failure,2,42,10,300,0.0001,50,least_cost,Ranked + weighted SHARK,Random 25% immutable,α < 1,0.01,252,0,1,True,,1.0,4.541729526313233,2.13113339007989,1.0050251257201415,0.005025125720141466,True,2.3915000001579756,Optimization terminated successfully
Heart Failure,2,42,10,300,0.0001,50,least_cost,Ranked + weighted SHARK,Random 50% immutable,α = 1,1.0,252,0,1,True,,1.0,1.1468724341085468,1.0709213015476862,2.000000000183076,1.0000000001830762,True,1.7897999996421277,Optimization terminated successfully
Heart Failure,2,42,10,300,0.0001,50,least_cost,Ranked + weighted SHARK,Random 50% immutable,α < 1,0.01,252,0,1,True,,1.0,4.54172952631327,2.1311333900798988,1.0050251257201372,0.005025125720137247,True,2.098699999805831,Optimization terminated successfully
Heart Failure,2,42,10,300,0.0001,50,least_cost,Ranked + weighted SHARK,Random 75% immutable,α = 1,1.0,252,0,1,False,,,,,,,False,415.02330000002985,Iteration limit reached
Heart Failure,2,42,10,300,0.0001,50,least_cost,Ranked + weighted SHARK,Random 75% immutable,α < 1,0.01,252,0,1,False,,,,,,,False,429.3129999996381,Iteration limit reached
Heart Failure,2,42,10,300,0.0001,50,least_cost,Ranked + weighted SHARK,All features mutable,α = 1,1.0,296,0,1,True,,1.0,1.1468724341085574,1.070921301547691,2.000000000183067,1.000000000183067,True,2.400800000032177,Optimization terminated successfully
Heart Failure,2,42,10,300,0.0001,50,least_cost,Ranked + weighted SHARK,All features mutable,α < 1,0.01,296,0,1,True,,1.0,4.541729526313278,2.1311333900799005,1.0050251257201364,0.005025125720136359,True,2.3019999998723506,Optimization terminated successfully
Heart Failure,2,42,10,300,0.0001,50,least_cost,Ranked + weighted SHARK,Random 25% immutable,α = 1,1.0,296,0,1,True,,1.0,1.1468724341085574,1.070921301547691,2.000000000183067,1.000000000183067,True,2.1188999999139924,Optimization terminated successfully
Heart Failure,2,42,10,300,0.0001,50,least_cost,Ranked + weighted SHARK,Random 25% immutable,α < 1,0.01,296,0,1,True,,1.0,4.541729526313278,2.1311333900799005,1.0050251257201364,0.005025125720136359,True,2.0555000000967993,Optimization terminated successfully
Heart Failure,2,42,10,300,0.0001,50,least_cost,Ranked + weighted SHARK,Random 50% immutable,α = 1,1.0,296,0,1,True,,1.0,1.1468724341085574,1.070921301547691,2.000000000183067,1.000000000183067,True,1.7004999999699066,Optimization terminated successfully
Heart Failure,2,42,10,300,0.0001,50,least_cost,Ranked + weighted SHARK,Random 50% immutable,α < 1,0.01,296,0,1,True,,1.0,4.541729526313278,2.1311333900799005,1.0050251257201364,0.005025125720136359,True,1.70330000037211,Optimization terminated successfully
Heart Failure,2,42,10,300,0.0001,50,least_cost,Ranked + weighted SHARK,Random 75% immutable,α = 1,1.0,296,0,1,False,,,,,,,False,420.43199999989156,Iteration limit reached
Heart Failure,2,42,10,300,0.0001,50,least_cost,Ranked + weighted SHARK,Random 75% immutable,α < 1,0.01,296,0,1,False,,,,,,,False,424.7128999995766,Iteration limit reached
Heart Failure,2,42,10,300,0.0001,50,least_cost,Ranked + weighted SHARK,All features mutable,α = 1,1.0,111,1,0,True,,1.0,1.1468724341085497,1.0709213015476875,2.0000000001830736,1.0000000001830736,True,2.2656999999526306,Optimization terminated successfully
Heart Failure,2,42,10,300,0.0001,50,least_cost,Ranked + weighted SHARK,All features mutable,α < 1,0.01,111,1,0,True,,1.0,4.541729526313282,2.1311333900799014,1.005025125720136,0.0050251257201359145,True,2.74730000001,Optimization terminated successfully
Heart Failure,2,42,10,300,0.0001,50,least_cost,Ranked + weighted SHARK,Random 25% immutable,α = 1,1.0,111,1,0,True,,1.0,1.14687243410855,1.0709213015476877,2.000000000183073,1.0000000001830731,True,1.9912999996449798,Optimization terminated successfully
Heart Failure,2,42,10,300,0.0001,50,least_cost,Ranked + weighted SHARK,Random 25% immutable,α < 1,0.01,111,1,0,True,,1.0,4.541729527144742,2.131133390274976,1.0050251256281404,0.005025125628140392,True,2.333800000087649,Optimization terminated successfully
Heart Failure,2,42,10,300,0.0001,50,least_cost,Ranked + weighted SHARK,Random 50% immutable,α = 1,1.0,111,1,0,True,,1.0,1.14687243410855,1.0709213015476877,2.000000000183073,1.0000000001830731,True,2.0688000004156493,Optimization terminated successfully
Heart Failure,2,42,10,300,0.0001,50,least_cost,Ranked + weighted SHARK,Random 50% immutable,α < 1,0.01,111,1,0,True,,1.0,4.541729527144742,2.131133390274976,1.0050251256281404,0.005025125628140392,True,1.7927000008057803,Optimization terminated successfully
Heart Failure,2,42,10,300,0.0001,50,least_cost,Ranked + weighted SHARK,Random 75% immutable,α = 1,1.0,111,1,0,False,,,,,,,False,419.79670000000624,Iteration limit reached
Heart Failure,2,42,10,300,0.0001,50,least_cost,Ranked + weighted SHARK,Random 75% immutable,α < 1,0.01,111,1,0,False,,,,,,,False,552.5207000000592,Iteration limit reached
Heart Failure,2,42,10,300,0.0001,50,least_cost,Ranked + weighted SHARK,All features mutable,α = 1,1.0,25,1,0,True,,1.0,1.14687243410855,1.0709213015476877,2.000000000183073,1.0000000001830731,True,2.975000000333239,Optimization terminated successfully
Heart Failure,2,42,10,300,0.0001,50,least_cost,Ranked + weighted SHARK,All features mutable,α < 1,0.01,25,1,0,True,,1.0,4.541729526313265,2.1311333900798974,1.0050251257201377,0.005025125720137691,True,2.9444000001603854,Optimization terminated successfully
Heart Failure,2,42,10,300,0.0001,50,least_cost,Ranked + weighted SHARK,Random 25% immutable,α = 1,1.0,25,1,0,False,,,,,,,False,2.0276000004741945,Positive directional derivative for linesearch
Heart Failure,2,42,10,300,0.0001,50,least_cost,Ranked + weighted SHARK,Random 25% immutable,α < 1,0.01,25,1,0,False,,,,,,,False,1.411500000358501,Positive directional derivative for linesearch
Heart Failure,2,42,10,300,0.0001,50,least_cost,Ranked + weighted SHARK,Random 50% immutable,α = 1,1.0,25,1,0,True,,1.0,1.1468724341085497,1.0709213015476875,2.0000000001830736,1.0000000001830736,True,2.077099999951315,Optimization terminated successfully
Heart Failure,2,42,10,300,0.0001,50,least_cost,Ranked + weighted SHARK,Random 50% immutable,α < 1,0.01,25,1,0,True,,1.0,4.541729526313257,2.1311333900798957,1.0050251257201386,0.005025125720138579,True,2.191099999436119,Optimization terminated successfully
Heart Failure,2,42,10,300,0.0001,50,least_cost,Ranked + weighted SHARK,Random 75% immutable,α = 1,1.0,25,1,0,True,,1.0,1.1468724341085497,1.0709213015476875,2.0000000001830736,1.0000000001830736,True,1.9400000001041917,Optimization terminated successfully
Heart Failure,2,42,10,300,0.0001,50,least_cost,Ranked + weighted SHARK,Random 75% immutable,α < 1,0.01,25,1,0,True,,1.0,4.541729526313257,2.1311333900798957,1.0050251257201386,0.005025125720138579,True,2.3182000004453585,Optimization terminated successfully
Heart Failure,2,42,10,300,0.0001,50,least_cost,Ranked + weighted SHARK,All features mutable,α = 1,1.0,218,0,1,True,,1.0,1.1468724341085488,1.070921301547687,2.0000000001830744,1.0000000001830744,True,3.5004000001208624,Optimization terminated successfully
Heart Failure,2,42,10,300,0.0001,50,least_cost,Ranked + weighted SHARK,All features mutable,α < 1,0.01,218,0,1,True,,1.0,4.541729526313282,2.1311333900799014,1.005025125720136,0.0050251257201359145,True,3.1398999999510124,Optimization terminated successfully
Heart Failure,2,42,10,300,0.0001,50,least_cost,Ranked + weighted SHARK,Random 25% immutable,α = 1,1.0,218,0,1,False,,,,,,,False,640.9340000000157,Iteration limit reached
Heart Failure,2,42,10,300,0.0001,50,least_cost,Ranked + weighted SHARK,Random 25% immutable,α < 1,0.01,218,0,1,False,,,,,,,False,536.4135999998325,Iteration limit reached
Heart Failure,2,42,10,300,0.0001,50,least_cost,Ranked + weighted SHARK,Random 50% immutable,α = 1,1.0,218,0,1,False,,,,,,,False,472.2282000002451,Iteration limit reached
Heart Failure,2,42,10,300,0.0001,50,least_cost,Ranked + weighted SHARK,Random 50% immutable,α < 1,0.01,218,0,1,False,,,,,,,False,474.80240000004414,Iteration limit reached
Heart Failure,2,42,10,300,0.0001,50,least_cost,Ranked + weighted SHARK,Random 75% immutable,α = 1,1.0,218,0,1,False,,,,,,,False,412.98209999968094,Iteration limit reached
Heart Failure,2,42,10,300,0.0001,50,least_cost,Ranked + weighted SHARK,Random 75% immutable,α < 1,0.01,218,0,1,False,,,,,,,False,419.1973999995753,Iteration limit reached
Heart Failure,2,42,10,300,0.0001,50,least_cost,Ranked + weighted SHARK,All features mutable,α = 1,1.0,253,0,1,True,,1.0,1.1468724341085554,1.0709213015476902,2.0000000001830687,1.0000000001830687,True,2.277799999319541,Optimization terminated successfully
Heart Failure,2,42,10,300,0.0001,50,least_cost,Ranked + weighted SHARK,All features mutable,α < 1,0.01,253,0,1,True,,1.0,4.541729526313289,2.131133390079903,1.005025125720135,0.005025125720135026,True,2.8451999996832456,Optimization terminated successfully
Heart Failure,2,42,10,300,0.0001,50,least_cost,Ranked + weighted SHARK,Random 25% immutable,α = 1,1.0,253,0,1,True,,1.0,1.1468724341085554,1.0709213015476902,2.0000000001830687,1.0000000001830687,True,2.0711999995910446,Optimization terminated successfully
Heart Failure,2,42,10,300,0.0001,50,least_cost,Ranked + weighted SHARK,Random 25% immutable,α < 1,0.01,253,0,1,True,,1.0,4.541729526313289,2.131133390079903,1.005025125720135,0.005025125720135026,True,3.0921999996280647,Optimization terminated successfully
Heart Failure,2,42,10,300,0.0001,50,least_cost,Ranked + weighted SHARK,Random 50% immutable,α = 1,1.0,253,0,1,False,,,,,,,False,462.8478999993604,Iteration limit reached
Heart Failure,2,42,10,300,0.0001,50,least_cost,Ranked + weighted SHARK,Random 50% immutable,α < 1,0.01,253,0,1,False,,,,,,,False,478.38839999985794,Iteration limit reached
Heart Failure,2,42,10,300,0.0001,50,least_cost,Ranked + weighted SHARK,Random 75% immutable,α = 1,1.0,253,0,1,False,,,,,,,False,420.3421000001981,Iteration limit reached
Heart Failure,2,42,10,300,0.0001,50,least_cost,Ranked + weighted SHARK,Random 75% immutable,α < 1,0.01,253,0,1,False,,,,,,,False,430.23689999972703,Iteration limit reached
Heart Failure,2,42,10,300,0.0001,50,least_cost,Ranked + weighted SHARK,All features mutable,α = 1,1.0,182,1,0,True,,1.0,1.146872434108548,1.0709213015476866,2.0000000001830753,1.0000000001830753,True,2.499299999726645,Optimization terminated successfully
Heart Failure,2,42,10,300,0.0001,50,least_cost,Ranked + weighted SHARK,All features mutable,α < 1,0.01,182,1,0,True,,1.0,4.541729526318319,2.131133390081083,1.0050251257195786,0.0050251257195785826,True,2.74730000001,Optimization terminated successfully
Heart Failure,2,42,10,300,0.0001,50,least_cost,Ranked + weighted SHARK,Random 25% immutable,α = 1,1.0,182,1,0,True,,1.0,1.146872434108548,1.0709213015476866,2.0000000001830753,1.0000000001830753,True,2.1775000004709,Optimization terminated successfully
Heart Failure,2,42,10,300,0.0001,50,least_cost,Ranked + weighted SHARK,Random 25% immutable,α < 1,0.01,182,1,0,True,,1.0,4.541729526318319,2.131133390081083,1.0050251257195786,0.0050251257195785826,True,2.2778000002290355,Optimization terminated successfully
Heart Failure,2,42,10,300,0.0001,50,least_cost,Ranked + weighted SHARK,Random 50% immutable,α = 1,1.0,182,1,0,True,,1.0,1.146872434108548,1.0709213015476866,2.0000000001830753,1.0000000001830753,True,1.8401999996058294,Optimization terminated successfully
Heart Failure,2,42,10,300,0.0001,50,least_cost,Ranked + weighted SHARK,Random 50% immutable,α < 1,0.01,182,1,0,True,,1.0,4.541729526318319,2.131133390081083,1.0050251257195786,0.0050251257195785826,True,2.020999999331252,Optimization terminated successfully
Heart Failure,2,42,10,300,0.0001,50,least_cost,Ranked + weighted SHARK,Random 75% immutable,α = 1,1.0,182,1,0,False,,,,,,,False,444.26130000010744,Iteration limit reached
Heart Failure,2,42,10,300,0.0001,50,least_cost,Ranked + weighted SHARK,Random 75% immutable,α < 1,0.01,182,1,0,False,,,,,,,False,411.2858000007691,Iteration limit reached
Heart Failure,2,42,10,300,0.0001,50,least_cost,Ranked + weighted SHARK,All features mutable,α = 1,1.0,164,0,1,True,,1.0,1.146872434108545,1.0709213015476853,2.0000000001830776,1.0000000001830776,True,2.4435999994238955,Optimization terminated successfully
Heart Failure,2,42,10,300,0.0001,50,least_cost,Ranked + weighted SHARK,All features mutable,α < 1,0.01,164,0,1,True,,1.0,4.541729526313272,2.131133390079899,1.005025125720137,0.005025125720137025,True,2.3498999998992076,Optimization terminated successfully
Heart Failure,2,42,10,300,0.0001,50,least_cost,Ranked + weighted SHARK,Random 25% immutable,α = 1,1.0,164,0,1,True,,1.0,1.146872434108545,1.0709213015476853,2.0000000001830776,1.0000000001830776,True,2.110800000082236,Optimization terminated successfully
Heart Failure,2,42,10,300,0.0001,50,least_cost,Ranked + weighted SHARK,Random 25% immutable,α < 1,0.01,164,0,1,True,,1.0,4.541729526313272,2.131133390079899,1.005025125720137,0.005025125720137025,True,2.0789000000149827,Optimization terminated successfully
Heart Failure,2,42,10,300,0.0001,50,least_cost,Ranked + weighted SHARK,Random 50% immutable,α = 1,1.0,164,0,1,False,,,,,,,False,0.8215000007112394,Positive directional derivative for linesearch
Heart Failure,2,42,10,300,0.0001,50,least_cost,Ranked + weighted SHARK,Random 50% immutable,α < 1,0.01,164,0,1,False,,,,,,,False,0.8714000005056732,Positive directional derivative for linesearch
Heart Failure,2,42,10,300,0.0001,50,least_cost,Ranked + weighted SHARK,Random 75% immutable,α = 1,1.0,164,0,1,False,,,,,,,False,428.12380000032135,Iteration limit reached
Heart Failure,2,42,10,300,0.0001,50,least_cost,Ranked + weighted SHARK,Random 75% immutable,α < 1,0.01,164,0,1,False,,,,,,,False,416.79480000038893,Iteration limit reached
Heart Failure,2,42,10,300,0.0001,50,least_cost,Ranked + weighted SHARK,All features mutable,α = 1,1.0,192,0,1,True,,1.0,1.1468724341085474,1.0709213015476864,2.0000000001830758,1.0000000001830758,True,2.403599999524886,Optimization terminated successfully
Heart Failure,2,42,10,300,0.0001,50,least_cost,Ranked + weighted SHARK,All features mutable,α < 1,0.01,192,0,1,True,,1.0,4.541729526313312,2.1311333900799085,1.0050251257201326,0.005025125720132584,True,2.9237000007924507,Optimization terminated successfully
Heart Failure,2,42,10,300,0.0001,50,least_cost,Ranked + weighted SHARK,Random 25% immutable,α = 1,1.0,192,0,1,True,,1.0,1.1468724341085474,1.0709213015476864,2.0000000001830758,1.0000000001830758,True,1.9490000004225294,Optimization terminated successfully
Heart Failure,2,42,10,300,0.0001,50,least_cost,Ranked + weighted SHARK,Random 25% immutable,α < 1,0.01,192,0,1,True,,1.0,4.541729526313312,2.1311333900799085,1.0050251257201326,0.005025125720132584,True,2.2727000005033915,Optimization terminated successfully
Heart Failure,2,42,10,300,0.0001,50,least_cost,Ranked + weighted SHARK,Random 50% immutable,α = 1,1.0,192,0,1,True,,1.0,1.1468724341085474,1.0709213015476864,2.0000000001830758,1.0000000001830758,True,1.6144000001077075,Optimization terminated successfully
Heart Failure,2,42,10,300,0.0001,50,least_cost,Ranked + weighted SHARK,Random 50% immutable,α < 1,0.01,192,0,1,True,,1.0,4.541729526313312,2.1311333900799085,1.0050251257201326,0.005025125720132584,True,2.199999999902502,Optimization terminated successfully
Heart Failure,2,42,10,300,0.0001,50,least_cost,Ranked + weighted SHARK,Random 75% immutable,α = 1,1.0,192,0,1,False,,,,,,,False,420.62609999993583,Iteration limit reached
Heart Failure,2,42,10,300,0.0001,50,least_cost,Ranked + weighted SHARK,Random 75% immutable,α < 1,0.01,192,0,1,False,,,,,,,False,421.32409999976517,Iteration limit reached
Heart Failure,2,42,10,300,0.0001,50,least_cost,Ranked + weighted SHARK,All features mutable,α = 1,1.0,126,0,1,True,,1.0,1.1468724341085559,1.0709213015476904,2.0000000001830682,1.0000000001830682,True,2.8355000004012254,Optimization terminated successfully
Heart Failure,2,42,10,300,0.0001,50,least_cost,Ranked + weighted SHARK,All features mutable,α < 1,0.01,126,0,1,True,,1.0,4.541729526313278,2.1311333900799005,1.0050251257201364,0.005025125720136359,True,2.947199999653094,Optimization terminated successfully
Heart Failure,2,42,10,300,0.0001,50,least_cost,Ranked + weighted SHARK,Random 25% immutable,α = 1,1.0,126,0,1,True,,1.0,1.1468724341085559,1.0709213015476904,2.0000000001830682,1.0000000001830682,True,2.56349999926897,Optimization terminated successfully
Heart Failure,2,42,10,300,0.0001,50,least_cost,Ranked + weighted SHARK,Random 25% immutable,α < 1,0.01,126,0,1,True,,1.0,4.541729526313278,2.1311333900799005,1.0050251257201364,0.005025125720136359,True,2.4615000002086163,Optimization terminated successfully
Heart Failure,2,42,10,300,0.0001,50,least_cost,Ranked + weighted SHARK,Random 50% immutable,α = 1,1.0,126,0,1,True,,1.0,1.1468724341085559,1.0709213015476904,2.0000000001830682,1.0000000001830682,True,2.3410000003423193,Optimization terminated successfully
Heart Failure,2,42,10,300,0.0001,50,least_cost,Ranked + weighted SHARK,Random 50% immutable,α < 1,0.01,126,0,1,True,,1.0,4.541729526313278,2.1311333900799005,1.0050251257201364,0.005025125720136359,True,1.9714999998541316,Optimization terminated successfully
Heart Failure,2,42,10,300,0.0001,50,least_cost,Ranked + weighted SHARK,Random 75% immutable,α = 1,1.0,126,0,1,False,,,,,,,False,588.6669999999867,Iteration limit reached
Heart Failure,2,42,10,300,0.0001,50,least_cost,Ranked + weighted SHARK,Random 75% immutable,α < 1,0.01,126,0,1,False,,,,,,,False,425.57659999965836,Iteration limit reached
Heart Failure,2,42,10,300,0.0001,50,least_cost,Ranked + weighted SHARK,All features mutable,α = 1,1.0,254,0,1,True,,1.0,1.146872434108548,1.0709213015476866,2.0000000001830753,1.0000000001830753,True,2.310899999429239,Optimization terminated successfully
Heart Failure,2,42,10,300,0.0001,50,least_cost,Ranked + weighted SHARK,All features mutable,α < 1,0.01,254,0,1,True,,1.0,4.541729526410426,2.131133390102693,1.0050251257093876,0.005025125709387623,True,2.6105000006282353,Optimization terminated successfully
Heart Failure,2,42,10,300,0.0001,50,least_cost,Ranked + weighted SHARK,Random 25% immutable,α = 1,1.0,254,0,1,True,,1.0,1.146872434108546,1.0709213015476857,2.000000000183077,1.000000000183077,True,1.8423000001348555,Optimization terminated successfully
Heart Failure,2,42,10,300,0.0001,50,least_cost,Ranked + weighted SHARK,Random 25% immutable,α < 1,0.01,254,0,1,True,,1.0,4.541729526313277,2.1311333900799,1.0050251257201366,0.005025125720136581,True,2.4123000002873596,Optimization terminated successfully
Heart Failure,2,42,10,300,0.0001,50,least_cost,Ranked + weighted SHARK,Random 50% immutable,α = 1,1.0,254,0,1,False,,,,,,,False,476.2966999996934,Iteration limit reached
Heart Failure,2,42,10,300,0.0001,50,least_cost,Ranked + weighted SHARK,Random 50% immutable,α < 1,0.01,254,0,1,False,,,,,,,False,483.94220000045607,Iteration limit reached
Heart Failure,2,42,10,300,0.0001,50,least_cost,Ranked + weighted SHARK,Random 75% immutable,α = 1,1.0,254,0,1,False,,,,,,,False,431.95059999925434,Iteration limit reached
Heart Failure,2,42,10,300,0.0001,50,least_cost,Ranked + weighted SHARK,Random 75% immutable,α < 1,0.01,254,0,1,False,,,,,,,False,428.00660000011703,Iteration limit reached
Heart Failure,2,42,10,300,0.0001,50,least_cost,Ranked + weighted SHARK,All features mutable,α = 1,1.0,189,0,1,True,,1.0,1.1468724341085517,1.0709213015476884,2.000000000183072,1.0000000001830718,True,2.1458999999595108,Optimization terminated successfully
Heart Failure,2,42,10,300,0.0001,50,least_cost,Ranked + weighted SHARK,All features mutable,α < 1,0.01,189,0,1,True,,1.0,4.541729526313278,2.1311333900799005,1.0050251257201364,0.005025125720136359,True,2.799599999889324,Optimization terminated successfully
Heart Failure,2,42,10,300,0.0001,50,least_cost,Ranked + weighted SHARK,Random 25% immutable,α = 1,1.0,189,0,1,True,,1.0,1.1468724341085517,1.0709213015476884,2.000000000183072,1.0000000001830718,True,2.0307000004322617,Optimization terminated successfully
Heart Failure,2,42,10,300,0.0001,50,least_cost,Ranked + weighted SHARK,Random 25% immutable,α < 1,0.01,189,0,1,True,,1.0,4.541729526313278,2.1311333900799005,1.0050251257201364,0.005025125720136359,True,2.4738000001889304,Optimization terminated successfully
Heart Failure,2,42,10,300,0.0001,50,least_cost,Ranked + weighted SHARK,Random 50% immutable,α = 1,1.0,189,0,1,False,,,,,,,False,0.723199999811186,Positive directional derivative for linesearch
Heart Failure,2,42,10,300,0.0001,50,least_cost,Ranked + weighted SHARK,Random 50% immutable,α < 1,0.01,189,0,1,False,,,,,,,False,0.727300000107789,Positive directional derivative for linesearch
Heart Failure,2,42,10,300,0.0001,50,least_cost,Ranked + weighted SHARK,Random 75% immutable,α = 1,1.0,189,0,1,False,,,,,,,False,0.6260000000111177,Positive directional derivative for linesearch
Heart Failure,2,42,10,300,0.0001,50,least_cost,Ranked + weighted SHARK,Random 75% immutable,α < 1,0.01,189,0,1,False,,,,,,,False,0.6423000004360802,Positive directional derivative for linesearch
Heart Failure,2,42,10,300,0.0001,50,least_cost,Ranked + weighted SHARK,All features mutable,α = 1,1.0,18,0,1,True,,1.0,1.1468724341085508,1.070921301547688,2.0000000001830727,1.0000000001830727,True,2.342000000680855,Optimization terminated successfully
Heart Failure,2,42,10,300,0.0001,50,least_cost,Ranked + weighted SHARK,All features mutable,α < 1,0.01,18,0,1,True,,1.0,4.541729526313278,2.1311333900799005,1.0050251257201364,0.005025125720136359,True,2.4333999999726075,Optimization terminated successfully
Heart Failure,2,42,10,300,0.0001,50,least_cost,Ranked + weighted SHARK,Random 25% immutable,α = 1,1.0,18,0,1,True,,1.0,1.1468724341085508,1.070921301547688,2.0000000001830727,1.0000000001830727,True,1.8682999998418381,Optimization terminated successfully
Heart Failure,2,42,10,300,0.0001,50,least_cost,Ranked + weighted SHARK,Random 25% immutable,α < 1,0.01,18,0,1,True,,1.0,4.541729526313295,2.1311333900799045,1.0050251257201344,0.00502512572013436,True,1.9562999996196595,Optimization terminated successfully
Heart Failure,2,42,10,300,0.0001,50,least_cost,Ranked + weighted SHARK,Random 50% immutable,α = 1,1.0,18,0,1,False,,,,,,,False,491.39869999999064,Iteration limit reached
Heart Failure,2,42,10,300,0.0001,50,least_cost,Ranked + weighted SHARK,Random 50% immutable,α < 1,0.01,18,0,1,False,,,,,,,False,493.5973000001468,Iteration limit reached
Heart Failure,2,42,10,300,0.0001,50,least_cost,Ranked + weighted SHARK,Random 75% immutable,α = 1,1.0,18,0,1,False,,,,,,,False,429.67569999927946,Iteration limit reached
Heart Failure,2,42,10,300,0.0001,50,least_cost,Ranked + weighted SHARK,Random 75% immutable,α < 1,0.01,18,0,1,False,,,,,,,False,425.0979999997071,Iteration limit reached
Heart Failure,2,42,10,300,0.0001,50,least_cost,Ranked + weighted SHARK,All features mutable,α = 1,1.0,200,0,1,True,,1.0,1.1468724341085468,1.0709213015476862,2.000000000183076,1.0000000001830762,True,2.4702000000615953,Optimization terminated successfully
Heart Failure,2,42,10,300,0.0001,50,least_cost,Ranked + weighted SHARK,All features mutable,α < 1,0.01,200,0,1,True,,1.0,4.541729526347131,2.131133390087843,1.0050251257163907,0.005025125716390688,True,2.2700999998050975,Optimization terminated successfully
Heart Failure,2,42,10,300,0.0001,50,least_cost,Ranked + weighted SHARK,Random 25% immutable,α = 1,1.0,200,0,1,False,,,,,,,False,513.5781999997562,Iteration limit reached
Heart Failure,2,42,10,300,0.0001,50,least_cost,Ranked + weighted SHARK,Random 25% immutable,α < 1,0.01,200,0,1,False,,,,,,,False,528.9332000002105,Iteration limit reached
Heart Failure,2,42,10,300,0.0001,50,least_cost,Ranked + weighted SHARK,Random 50% immutable,α = 1,1.0,200,0,1,True,,1.0,1.146872434108546,1.0709213015476857,2.000000000183077,1.000000000183077,True,1.673300000220479,Optimization terminated successfully
Heart Failure,2,42,10,300,0.0001,50,least_cost,Ranked + weighted SHARK,Random 50% immutable,α < 1,0.01,200,0,1,True,,1.0,4.541729526347131,2.131133390087843,1.0050251257163907,0.005025125716390688,True,1.8967000005432055,Optimization terminated successfully
Heart Failure,2,42,10,300,0.0001,50,least_cost,Ranked + weighted SHARK,Random 75% immutable,α = 1,1.0,200,0,1,False,,,,,,,False,436.5336999999272,Iteration limit reached
Heart Failure,2,42,10,300,0.0001,50,least_cost,Ranked + weighted SHARK,Random 75% immutable,α < 1,0.01,200,0,1,False,,,,,,,False,445.8185000003141,Iteration limit reached
Heart Failure,2,42,10,300,0.0001,50,least_cost,Ranked + weighted SHARK,All features mutable,α = 1,1.0,123,0,1,True,,1.0,1.146872434108553,1.070921301547689,2.000000000183071,1.000000000183071,True,2.319299999726354,Optimization terminated successfully
Heart Failure,2,42,10,300,0.0001,50,least_cost,Ranked + weighted SHARK,All features mutable,α < 1,0.01,123,0,1,True,,1.0,4.5417295263132935,2.131133390079904,1.0050251257201346,0.005025125720134582,True,2.8020999998261686,Optimization terminated successfully
Heart Failure,2,42,10,300,0.0001,50,least_cost,Ranked + weighted SHARK,Random 25% immutable,α = 1,1.0,123,0,1,True,,1.0,1.146872434108553,1.070921301547689,2.000000000183071,1.000000000183071,True,2.065099999526865,Optimization terminated successfully
Heart Failure,2,42,10,300,0.0001,50,least_cost,Ranked + weighted SHARK,Random 25% immutable,α < 1,0.01,123,0,1,True,,1.0,4.5417295263132935,2.131133390079904,1.0050251257201346,0.005025125720134582,True,2.627800000482239,Optimization terminated successfully
Heart Failure,2,42,10,300,0.0001,50,least_cost,Ranked + weighted SHARK,Random 50% immutable,α = 1,1.0,123,0,1,True,,1.0,1.146872434108553,1.070921301547689,2.000000000183071,1.000000000183071,True,1.7450000004828325,Optimization terminated successfully
Heart Failure,2,42,10,300,0.0001,50,least_cost,Ranked + weighted SHARK,Random 50% immutable,α < 1,0.01,123,0,1,True,,1.0,4.5417295263132935,2.131133390079904,1.0050251257201346,0.005025125720134582,True,2.2806999995736987,Optimization terminated successfully
Heart Failure,2,42,10,300,0.0001,50,least_cost,Ranked + weighted SHARK,Random 75% immutable,α = 1,1.0,123,0,1,False,,,,,,,False,418.5784999999669,Iteration limit reached
Heart Failure,2,42,10,300,0.0001,50,least_cost,Ranked + weighted SHARK,Random 75% immutable,α < 1,0.01,123,0,1,False,,,,,,,False,415.9906000004412,Iteration limit reached
Heart Failure,2,42,10,300,0.0001,50,least_cost,Ranked + weighted SHARK,All features mutable,α = 1,1.0,245,0,1,True,,1.0,1.1468724341085488,1.070921301547687,2.0000000001830744,1.0000000001830744,True,2.6894000002357643,Optimization terminated successfully
Heart Failure,2,42,10,300,0.0001,50,least_cost,Ranked + weighted SHARK,All features mutable,α < 1,0.01,245,0,1,True,,1.0,4.541729526313312,2.1311333900799085,1.0050251257201326,0.005025125720132584,True,2.6533000000199536,Optimization terminated successfully
Heart Failure,2,42,10,300,0.0001,50,least_cost,Ranked + weighted SHARK,Random 25% immutable,α = 1,1.0,245,0,1,True,,1.0,1.1468724341085488,1.070921301547687,2.0000000001830744,1.0000000001830744,True,1.9557000005079317,Optimization terminated successfully
Heart Failure,2,42,10,300,0.0001,50,least_cost,Ranked + weighted SHARK,Random 25% immutable,α < 1,0.01,245,0,1,True,,1.0,4.541729526313312,2.1311333900799085,1.0050251257201326,0.005025125720132584,True,2.4527000005036825,Optimization terminated successfully
Heart Failure,2,42,10,300,0.0001,50,least_cost,Ranked + weighted SHARK,Random 50% immutable,α = 1,1.0,245,0,1,False,,,,,,,False,481.3841000004686,Iteration limit reached
Heart Failure,2,42,10,300,0.0001,50,least_cost,Ranked + weighted SHARK,Random 50% immutable,α < 1,0.01,245,0,1,False,,,,,,,False,448.8120000005438,Iteration limit reached
Heart Failure,2,42,10,300,0.0001,50,least_cost,Ranked + weighted SHARK,Random 75% immutable,α = 1,1.0,245,0,1,False,,,,,,,False,407.9117999999653,Iteration limit reached
Heart Failure,2,42,10,300,0.0001,50,least_cost,Ranked + weighted SHARK,Random 75% immutable,α < 1,0.01,245,0,1,False,,,,,,,False,417.70829999950365,Iteration limit reached
Heart Failure,2,42,10,300,0.0001,50,least_cost,Ranked + weighted SHARK,All features mutable,α = 1,1.0,151,0,1,True,,1.0,1.1468724341085488,1.070921301547687,2.0000000001830744,1.0000000001830744,True,2.3714999997537234,Optimization terminated successfully
Heart Failure,2,42,10,300,0.0001,50,least_cost,Ranked + weighted SHARK,All features mutable,α < 1,0.01,151,0,1,True,,1.0,4.541729526313282,2.1311333900799014,1.005025125720136,0.0050251257201359145,True,2.2004000002198154,Optimization terminated successfully
Heart Failure,2,42,10,300,0.0001,50,least_cost,Ranked + weighted SHARK,Random 25% immutable,α = 1,1.0,151,0,1,True,,1.0,1.1468724341085488,1.070921301547687,2.0000000001830744,1.0000000001830744,True,1.8161000007239636,Optimization terminated successfully
Heart Failure,2,42,10,300,0.0001,50,least_cost,Ranked + weighted SHARK,Random 25% immutable,α < 1,0.01,151,0,1,True,,1.0,4.541729526313282,2.1311333900799014,1.005025125720136,0.0050251257201359145,True,1.86909999956697,Optimization terminated successfully
Heart Failure,2,42,10,300,0.0001,50,least_cost,Ranked + weighted SHARK,Random 50% immutable,α = 1,1.0,151,0,1,True,,1.0,1.1468724341085488,1.070921301547687,2.0000000001830744,1.0000000001830744,True,1.604399999450834,Optimization terminated successfully
Heart Failure,2,42,10,300,0.0001,50,least_cost,Ranked + weighted SHARK,Random 50% immutable,α < 1,0.01,151,0,1,True,,1.0,4.541729526313282,2.1311333900799014,1.005025125720136,0.0050251257201359145,True,1.651099999435246,Optimization terminated successfully
Heart Failure,2,42,10,300,0.0001,50,least_cost,Ranked + weighted SHARK,Random 75% immutable,α = 1,1.0,151,0,1,False,,,,,,,False,420.18889999962994,Iteration limit reached
Heart Failure,2,42,10,300,0.0001,50,least_cost,Ranked + weighted SHARK,Random 75% immutable,α < 1,0.01,151,0,1,False,,,,,,,False,430.11899999964953,Iteration limit reached
Heart Failure,2,42,10,300,0.0001,50,least_cost,Ranked + weighted SHARK,All features mutable,α = 1,1.0,63,0,1,True,,1.0,1.146872434108543,1.0709213015476844,2.0000000001830793,1.0000000001830793,True,2.1759000001111417,Optimization terminated successfully
Heart Failure,2,42,10,300,0.0001,50,least_cost,Ranked + weighted SHARK,All features mutable,α < 1,0.01,63,0,1,True,,1.0,4.541729526313269,2.1311333900798983,1.0050251257201375,0.005025125720137469,True,2.2241000006033573,Optimization terminated successfully
Heart Failure,2,42,10,300,0.0001,50,least_cost,Ranked + weighted SHARK,Random 25% immutable,α = 1,1.0,63,0,1,True,,1.0,1.146872434108543,1.0709213015476844,2.0000000001830793,1.0000000001830793,True,1.9922999999835156,Optimization terminated successfully
Heart Failure,2,42,10,300,0.0001,50,least_cost,Ranked + weighted SHARK,Random 25% immutable,α < 1,0.01,63,0,1,True,,1.0,4.541729526313269,2.1311333900798983,1.0050251257201375,0.005025125720137469,True,1.9879999999830034,Optimization terminated successfully
Heart Failure,2,42,10,300,0.0001,50,least_cost,Ranked + weighted SHARK,Random 50% immutable,α = 1,1.0,63,0,1,False,,,,,,,False,455.3822999996555,Iteration limit reached
Heart Failure,2,42,10,300,0.0001,50,least_cost,Ranked + weighted SHARK,Random 50% immutable,α < 1,0.01,63,0,1,False,,,,,,,False,451.23319999947853,Iteration limit reached
Heart Failure,2,42,10,300,0.0001,50,least_cost,Ranked + weighted SHARK,Random 75% immutable,α = 1,1.0,63,0,1,False,,,,,,,False,0.7358000002568588,Positive directional derivative for linesearch
Heart Failure,2,42,10,300,0.0001,50,least_cost,Ranked + weighted SHARK,Random 75% immutable,α < 1,0.01,63,0,1,False,,,,,,,False,0.9568000004946953,Positive directional derivative for linesearch
Heart Failure,2,42,10,300,0.0001,50,least_cost,Ranked + weighted SHARK,All features mutable,α = 1,1.0,255,1,0,True,,1.0,1.1468724341085463,1.070921301547686,2.0000000001830767,1.0000000001830767,True,2.2703000004185014,Optimization terminated successfully
Heart Failure,2,42,10,300,0.0001,50,least_cost,Ranked + weighted SHARK,All features mutable,α < 1,0.01,255,1,0,True,,1.0,4.541729526515608,2.1311333901273706,1.0050251256977498,0.0050251256977498215,True,2.479200000379933,Optimization terminated successfully
Heart Failure,2,42,10,300,0.0001,50,least_cost,Ranked + weighted SHARK,Random 25% immutable,α = 1,1.0,255,1,0,True,,1.0,1.1468724341085463,1.070921301547686,2.0000000001830767,1.0000000001830767,True,2.038399999946705,Optimization terminated successfully
Heart Failure,2,42,10,300,0.0001,50,least_cost,Ranked + weighted SHARK,Random 25% immutable,α < 1,0.01,255,1,0,True,,1.0,4.541729526515608,2.1311333901273706,1.0050251256977498,0.0050251256977498215,True,2.1955000001980807,Optimization terminated successfully
Heart Failure,2,42,10,300,0.0001,50,least_cost,Ranked + weighted SHARK,Random 50% immutable,α = 1,1.0,255,1,0,True,,1.0,1.1468724341085463,1.070921301547686,2.0000000001830767,1.0000000001830767,True,1.7909000007421128,Optimization terminated successfully
Heart Failure,2,42,10,300,0.0001,50,least_cost,Ranked + weighted SHARK,Random 50% immutable,α < 1,0.01,255,1,0,True,,1.0,4.541729526324944,2.1311333900826375,1.0050251257188456,0.005025125718845613,True,2.21389999933308,Optimization terminated successfully
Heart Failure,2,42,10,300,0.0001,50,least_cost,Ranked + weighted SHARK,Random 75% immutable,α = 1,1.0,255,1,0,False,,,,,,,False,418.4205999999904,Iteration limit reached
Heart Failure,2,42,10,300,0.0001,50,least_cost,Ranked + weighted SHARK,Random 75% immutable,α < 1,0.01,255,1,0,False,,,,,,,False,420.17550000036863,Iteration limit reached
Heart Failure,2,42,10,300,0.0001,50,least_cost,Ranked + weighted SHARK,All features mutable,α = 1,1.0,214,0,1,True,,1.0,1.1468724341085468,1.0709213015476862,2.000000000183076,1.0000000001830762,True,2.5198000003001653,Optimization terminated successfully
Heart Failure,2,42,10,300,0.0001,50,least_cost,Ranked + weighted SHARK,All features mutable,α < 1,0.01,214,0,1,True,,1.0,4.541729526347131,2.131133390087843,1.0050251257163907,0.005025125716390688,True,2.707900000132213,Optimization terminated successfully
Heart Failure,2,42,10,300,0.0001,50,least_cost,Ranked + weighted SHARK,Random 25% immutable,α = 1,1.0,214,0,1,False,,,,,,,False,520.8155000000261,Iteration limit reached
Heart Failure,2,42,10,300,0.0001,50,least_cost,Ranked + weighted SHARK,Random 25% immutable,α < 1,0.01,214,0,1,False,,,,,,,False,501.11160000051314,Iteration limit reached
Heart Failure,2,42,10,300,0.0001,50,least_cost,Ranked + weighted SHARK,Random 50% immutable,α = 1,1.0,214,0,1,True,,1.0,1.146872434108546,1.0709213015476857,2.000000000183077,1.000000000183077,True,1.9335999995746533,Optimization terminated successfully
Heart Failure,2,42,10,300,0.0001,50,least_cost,Ranked + weighted SHARK,Random 50% immutable,α < 1,0.01,214,0,1,True,,1.0,4.541729526347131,2.131133390087843,1.0050251257163907,0.005025125716390688,True,2.177000000301632,Optimization terminated successfully
Heart Failure,2,42,10,300,0.0001,50,least_cost,Ranked + weighted SHARK,Random 75% immutable,α = 1,1.0,214,0,1,True,,1.0,1.146872434108546,1.0709213015476857,2.000000000183077,1.000000000183077,True,1.8161999996664235,Optimization terminated successfully
Heart Failure,2,42,10,300,0.0001,50,least_cost,Ranked + weighted SHARK,Random 75% immutable,α < 1,0.01,214,0,1,True,,1.0,4.541729526347131,2.131133390087843,1.0050251257163907,0.005025125716390688,True,1.823599999625003,Optimization terminated successfully
Heart Failure,2,42,10,300,0.0001,50,least_cost,Ranked + weighted SHARK,All features mutable,α = 1,1.0,194,0,1,True,,1.0,1.1468724341085421,1.070921301547684,2.00000000018308,1.0000000001830802,True,2.201199999944947,Optimization terminated successfully
Heart Failure,2,42,10,300,0.0001,50,least_cost,Ranked + weighted SHARK,All features mutable,α < 1,0.01,194,0,1,True,,1.0,4.541729526326047,2.1311333900828964,1.0050251257187235,0.005025125718723489,True,2.692699999897741,Optimization terminated successfully
Heart Failure,2,42,10,300,0.0001,50,least_cost,Ranked + weighted SHARK,Random 25% immutable,α = 1,1.0,194,0,1,True,,1.0,1.1468724341085421,1.070921301547684,2.00000000018308,1.0000000001830802,True,2.0025999992867582,Optimization terminated successfully
Heart Failure,2,42,10,300,0.0001,50,least_cost,Ranked + weighted SHARK,Random 25% immutable,α < 1,0.01,194,0,1,True,,1.0,4.541729526326047,2.1311333900828964,1.0050251257187235,0.005025125718723489,True,2.2712999998475425,Optimization terminated successfully
Heart Failure,2,42,10,300,0.0001,50,least_cost,Ranked + weighted SHARK,Random 50% immutable,α = 1,1.0,194,0,1,True,,1.0,1.1468724341085421,1.070921301547684,2.00000000018308,1.0000000001830802,True,1.5410000005431357,Optimization terminated successfully
Heart Failure,2,42,10,300,0.0001,50,least_cost,Ranked + weighted SHARK,Random 50% immutable,α < 1,0.01,194,0,1,True,,1.0,4.541729526314597,2.13113339008021,1.0050251257199903,0.005025125719990253,True,1.8892999996751314,Optimization terminated successfully
Heart Failure,2,42,10,300,0.0001,50,least_cost,Ranked + weighted SHARK,Random 75% immutable,α = 1,1.0,194,0,1,True,,1.0,1.1468724341085421,1.070921301547684,2.00000000018308,1.0000000001830802,True,1.353200000266952,Optimization terminated successfully
Heart Failure,2,42,10,300,0.0001,50,least_cost,Ranked + weighted SHARK,Random 75% immutable,α < 1,0.01,194,0,1,True,,1.0,4.541729526314597,2.13113339008021,1.0050251257199903,0.005025125719990253,True,1.6619999996692059,Optimization terminated successfully
Heart Failure,2,42,10,300,0.0001,50,least_cost,Ranked + weighted SHARK,All features mutable,α = 1,1.0,49,0,1,True,,1.0,1.1468724341085534,1.0709213015476893,2.0000000001830704,1.0000000001830704,True,2.227099999799975,Optimization terminated successfully
Heart Failure,2,42,10,300,0.0001,50,least_cost,Ranked + weighted SHARK,All features mutable,α < 1,0.01,49,0,1,True,,1.0,4.541729526331574,2.131133390084193,1.005025125718112,0.005025125718111978,True,2.7394999997341074,Optimization terminated successfully
Heart Failure,2,42,10,300,0.0001,50,least_cost,Ranked + weighted SHARK,Random 25% immutable,α = 1,1.0,49,0,1,True,,1.0,1.1468724341085534,1.0709213015476893,2.0000000001830704,1.0000000001830704,True,2.00570000015432,Optimization terminated successfully
Heart Failure,2,42,10,300,0.0001,50,least_cost,Ranked + weighted SHARK,Random 25% immutable,α < 1,0.01,49,0,1,True,,1.0,4.541729526331574,2.131133390084193,1.005025125718112,0.005025125718111978,True,2.2511999995913357,Optimization terminated successfully
Heart Failure,2,42,10,300,0.0001,50,least_cost,Ranked + weighted SHARK,Random 50% immutable,α = 1,1.0,49,0,1,False,,,,,,,False,455.07980000002135,Iteration limit reached
Heart Failure,2,42,10,300,0.0001,50,least_cost,Ranked + weighted SHARK,Random 50% immutable,α < 1,0.01,49,0,1,False,,,,,,,False,465.39709999979095,Iteration limit reached
Heart Failure,2,42,10,300,0.0001,50,least_cost,Ranked + weighted SHARK,Random 75% immutable,α = 1,1.0,49,0,1,False,,,,,,,False,410.4612000000998,Iteration limit reached
Heart Failure,2,42,10,300,0.0001,50,least_cost,Ranked + weighted SHARK,Random 75% immutable,α < 1,0.01,49,0,1,False,,,,,,,False,414.39269999955286,Iteration limit reached
Heart Failure,2,42,10,300,0.0001,50,least_cost,Ranked + weighted SHARK,All features mutable,α = 1,1.0,100,0,1,True,,1.0,1.1468724341085421,1.070921301547684,2.00000000018308,1.0000000001830802,True,2.2782000005463487,Optimization terminated successfully
Heart Failure,2,42,10,300,0.0001,50,least_cost,Ranked + weighted SHARK,All features mutable,α < 1,0.01,100,0,1,True,,1.0,4.541729526326047,2.1311333900828964,1.0050251257187235,0.005025125718723489,True,2.7576000002227374,Optimization terminated successfully
Heart Failure,2,42,10,300,0.0001,50,least_cost,Ranked + weighted SHARK,Random 25% immutable,α = 1,1.0,100,0,1,True,,1.0,1.1468724341085421,1.070921301547684,2.00000000018308,1.0000000001830802,True,1.8275000002176967,Optimization terminated successfully
Heart Failure,2,42,10,300,0.0001,50,least_cost,Ranked + weighted SHARK,Random 25% immutable,α < 1,0.01,100,0,1,True,,1.0,4.541729526326047,2.1311333900828964,1.0050251257187235,0.005025125718723489,True,2.0152000006419257,Optimization terminated successfully
Heart Failure,2,42,10,300,0.0001,50,least_cost,Ranked + weighted SHARK,Random 50% immutable,α = 1,1.0,100,0,1,True,,1.0,1.1468724341085421,1.070921301547684,2.00000000018308,1.0000000001830802,True,1.5566000001854263,Optimization terminated successfully
Heart Failure,2,42,10,300,0.0001,50,least_cost,Ranked + weighted SHARK,Random 50% immutable,α < 1,0.01,100,0,1,True,,1.0,4.541729526326047,2.1311333900828964,1.0050251257187235,0.005025125718723489,True,1.850600000580016,Optimization terminated successfully
Heart Failure,2,42,10,300,0.0001,50,least_cost,Ranked + weighted SHARK,Random 75% immutable,α = 1,1.0,100,0,1,True,,1.0,1.1468724341085421,1.070921301547684,2.00000000018308,1.0000000001830802,True,1.3070000004518079,Optimization terminated successfully
Heart Failure,2,42,10,300,0.0001,50,least_cost,Ranked + weighted SHARK,Random 75% immutable,α < 1,0.01,100,0,1,True,,1.0,4.541729526314597,2.13113339008021,1.0050251257199903,0.005025125719990253,True,1.7954000004465342,Optimization terminated successfully
Heart Failure,2,42,10,300,0.0001,50,least_cost,Ranked + weighted SHARK,All features mutable,α = 1,1.0,34,0,1,True,,1.0,1.1468724341085483,1.0709213015476868,2.000000000183075,1.0000000001830749,True,2.0424999993338133,Optimization terminated successfully
Heart Failure,2,42,10,300,0.0001,50,least_cost,Ranked + weighted SHARK,All features mutable,α < 1,0.01,34,0,1,True,,1.0,4.541729526410426,2.131133390102693,1.0050251257093876,0.005025125709387623,True,2.248900000267895,Optimization terminated successfully
Heart Failure,2,42,10,300,0.0001,50,least_cost,Ranked + weighted SHARK,Random 25% immutable,α = 1,1.0,34,0,1,True,,1.0,1.1468724341085483,1.0709213015476868,2.000000000183075,1.0000000001830749,True,1.9033000007766532,Optimization terminated successfully
Heart Failure,2,42,10,300,0.0001,50,least_cost,Ranked + weighted SHARK,Random 25% immutable,α < 1,0.01,34,0,1,True,,1.0,4.541729526410426,2.131133390102693,1.0050251257093876,0.005025125709387623,True,2.472400000442576,Optimization terminated successfully
Heart Failure,2,42,10,300,0.0001,50,least_cost,Ranked + weighted SHARK,Random 50% immutable,α = 1,1.0,34,0,1,False,,,,,,,False,467.0909999995274,Iteration limit reached
Heart Failure,2,42,10,300,0.0001,50,least_cost,Ranked + weighted SHARK,Random 50% immutable,α < 1,0.01,34,0,1,False,,,,,,,False,463.28670000002603,Iteration limit reached
Heart Failure,2,42,10,300,0.0001,50,least_cost,Ranked + weighted SHARK,Random 75% immutable,α = 1,1.0,34,0,1,False,,,,,,,False,422.20760000054725,Iteration limit reached
Heart Failure,2,42,10,300,0.0001,50,least_cost,Ranked + weighted SHARK,Random 75% immutable,α < 1,0.01,34,0,1,False,,,,,,,False,405.3616000001057,Iteration limit reached
Heart Failure,2,42,10,300,0.0001,50,least_cost,Ranked + weighted SHARK,All features mutable,α = 1,1.0,24,0,1,True,,1.0,1.1468724341085559,1.0709213015476904,2.0000000001830682,1.0000000001830682,True,2.569299999777286,Optimization terminated successfully
Heart Failure,2,42,10,300,0.0001,50,least_cost,Ranked + weighted SHARK,All features mutable,α < 1,0.01,24,0,1,True,,1.0,4.5417295263132935,2.131133390079904,1.0050251257201346,0.005025125720134582,True,2.625199999783945,Optimization terminated successfully
Heart Failure,2,42,10,300,0.0001,50,least_cost,Ranked + weighted SHARK,Random 25% immutable,α = 1,1.0,24,0,1,True,,1.0,1.1468724341085559,1.0709213015476904,2.0000000001830682,1.0000000001830682,True,1.8527000001995475,Optimization terminated successfully
Heart Failure,2,42,10,300,0.0001,50,least_cost,Ranked + weighted SHARK,Random 25% immutable,α < 1,0.01,24,0,1,True,,1.0,4.5417295263132935,2.131133390079904,1.0050251257201346,0.005025125720134582,True,2.3027999995974824,Optimization terminated successfully
Heart Failure,2,42,10,300,0.0001,50,least_cost,Ranked + weighted SHARK,Random 50% immutable,α = 1,1.0,24,0,1,False,,,,,,,False,467.60639999956766,Iteration limit reached
Heart Failure,2,42,10,300,0.0001,50,least_cost,Ranked + weighted SHARK,Random 50% immutable,α < 1,0.01,24,0,1,False,,,,,,,False,480.072399999699,Iteration limit reached
Heart Failure,2,42,10,300,0.0001,50,least_cost,Ranked + weighted SHARK,Random 75% immutable,α = 1,1.0,24,0,1,False,,,,,,,False,418.9259000004313,Iteration limit reached
Heart Failure,2,42,10,300,0.0001,50,least_cost,Ranked + weighted SHARK,Random 75% immutable,α < 1,0.01,24,0,1,False,,,,,,,False,438.92179999966174,Iteration limit reached
Heart Failure,2,42,10,300,0.0001,50,least_cost,Ranked + weighted SHARK,All features mutable,α = 1,1.0,237,0,1,True,,1.0,1.146872434108543,1.0709213015476844,2.0000000001830793,1.0000000001830793,True,2.163299999665469,Optimization terminated successfully
Heart Failure,2,42,10,300,0.0001,50,least_cost,Ranked + weighted SHARK,All features mutable,α < 1,0.01,237,0,1,True,,1.0,4.541729526313287,2.1311333900799028,1.0050251257201352,0.005025125720135248,True,2.387800000178686,Optimization terminated successfully
Heart Failure,2,42,10,300,0.0001,50,least_cost,Ranked + weighted SHARK,Random 25% immutable,α = 1,1.0,237,0,1,True,,1.0,1.146872434108543,1.0709213015476844,2.0000000001830793,1.0000000001830793,True,1.7071000002033543,Optimization terminated successfully
Heart Failure,2,42,10,300,0.0001,50,least_cost,Ranked + weighted SHARK,Random 25% immutable,α < 1,0.01,237,0,1,True,,1.0,4.541729526313287,2.1311333900799028,1.0050251257201352,0.005025125720135248,True,1.8412999997963198,Optimization terminated successfully
Heart Failure,2,42,10,300,0.0001,50,least_cost,Ranked + weighted SHARK,Random 50% immutable,α = 1,1.0,237,0,1,True,,1.0,1.1468724341085434,1.0709213015476846,2.000000000183079,1.0000000001830789,True,1.6458999998576473,Optimization terminated successfully
Heart Failure,2,42,10,300,0.0001,50,least_cost,Ranked + weighted SHARK,Random 50% immutable,α < 1,0.01,237,0,1,True,,1.0,4.5417295263132855,2.1311333900799023,1.0050251257201355,0.00502512572013547,True,1.6624999998384737,Optimization terminated successfully
Heart Failure,2,42,10,300,0.0001,50,least_cost,Ranked + weighted SHARK,Random 75% immutable,α = 1,1.0,237,0,1,True,,1.0,1.1468724341085434,1.0709213015476846,2.000000000183079,1.0000000001830789,True,1.4320000000225264,Optimization terminated successfully
Heart Failure,2,42,10,300,0.0001,50,least_cost,Ranked + weighted SHARK,Random 75% immutable,α < 1,0.01,237,0,1,True,,1.0,4.5417295263132855,2.1311333900799023,1.0050251257201355,0.00502512572013547,True,1.4327999997476581,Optimization terminated successfully
