dataset,n_clusters,seed,n_init,max_iter,tol,n_factuals,solution_type,cf_mode,mask_scenario,alpha_case,alpha,factual_idx,source_cluster,target_cluster,feasible,rank_step,changed_features,weighted_squared_distance,euclidean_distance,rho,tau,positive_tau,runtime_ms,solver_message
Palmer Penguins,3,42,10,300,0.0001,50,least_cost,Unweighted k-means,All features mutable,α = 1,1.0,318,0,1,True,,4.0,0.4159489234368849,1.2898820464474803,2.7691836550885927,1.7691836550885927,True,1.9406000000117274,Optimization terminated successfully
Palmer Penguins,3,42,10,300,0.0001,50,least_cost,Unweighted k-means,All features mutable,α < 1,0.6767622979364194,318,0,1,True,,4.0,0.7608133103759458,1.7444922589406304,2.0475415297683015,1.0475415297683015,True,1.9307000000026164,Optimization terminated successfully
Palmer Penguins,3,42,10,300,0.0001,50,least_cost,Unweighted k-means,Random 25% immutable,α = 1,1.0,318,0,1,True,,3.0,0.5710877244898178,1.5114069266611396,2.0169212560701033,1.0169212560701033,True,1.718400000015663,Optimization terminated successfully
Palmer Penguins,3,42,10,300,0.0001,50,least_cost,Unweighted k-means,Random 25% immutable,α < 1,0.6767622979364194,318,0,1,True,,3.0,1.04457811452923,2.0440920865061143,1.4913167570200385,0.4913167570200385,True,1.7177999999944404,Optimization terminated successfully
Palmer Penguins,3,42,10,300,0.0001,50,least_cost,Unweighted k-means,Random 50% immutable,α = 1,1.0,318,0,1,True,,2.0,0.5710891134236735,1.5114087645950365,2.016916351919556,1.0169163519195559,True,5.155199999990145,Optimization terminated successfully
Palmer Penguins,3,42,10,300,0.0001,50,least_cost,Unweighted k-means,Random 50% immutable,α < 1,0.6767622979364194,318,0,1,True,,2.0,1.0445806550319392,2.044094572207401,1.4913131252031135,0.49131312520311354,True,6.303300000013223,Optimization terminated successfully
Palmer Penguins,3,42,10,300,0.0001,50,least_cost,Unweighted k-means,Random 75% immutable,α = 1,1.0,318,0,1,False,,,,,,,False,32.15899999997873,Positive directional derivative for linesearch
Palmer Penguins,3,42,10,300,0.0001,50,least_cost,Unweighted k-means,Random 75% immutable,α < 1,0.6767622979364194,318,0,1,False,,,,,,,False,87.16950000001589,Positive directional derivative for linesearch
Palmer Penguins,3,42,10,300,0.0001,50,least_cost,Unweighted k-means,All features mutable,α = 1,1.0,158,1,2,True,,4.0,0.8431750704671971,1.8364912964315372,2.5757168592877466,1.5757168592877466,True,1.887800000019979,Optimization terminated successfully
Palmer Penguins,3,42,10,300,0.0001,50,least_cost,Unweighted k-means,All features mutable,α < 1,0.9580439243793857,158,1,2,True,,4.0,0.9124530572224647,1.910448174876738,2.511783821322953,1.511783821322953,True,1.7291999999997643,Optimization terminated successfully
Palmer Penguins,3,42,10,300,0.0001,50,least_cost,Unweighted k-means,Random 25% immutable,α = 1,1.0,158,1,2,True,,3.0,1.0274105644909761,2.0272252607847765,2.5197508385382372,1.5197508385382372,True,1.7175999999494707,Optimization terminated successfully
Palmer Penguins,3,42,10,300,0.0001,50,least_cost,Unweighted k-means,Random 25% immutable,α < 1,0.9580439243793857,158,1,2,True,,3.0,1.1148112195795874,2.1116924203866314,2.4189614862256805,1.4189614862256805,True,1.6605000000140535,Optimization terminated successfully
Palmer Penguins,3,42,10,300,0.0001,50,least_cost,Unweighted k-means,Random 50% immutable,α = 1,1.0,158,1,2,True,,2.0,2.0035168890276633,2.830912848554447,1.2921371876474548,0.2921371876474548,True,1.67709999999488,Optimization terminated successfully
Palmer Penguins,3,42,10,300,0.0001,50,least_cost,Unweighted k-means,Random 50% immutable,α < 1,0.9580439243793857,158,1,2,True,,2.0,2.1739538055186607,2.9488667691292263,1.240452015212403,0.240452015212403,True,1.4709000000152628,Optimization terminated successfully
Palmer Penguins,3,42,10,300,0.0001,50,least_cost,Unweighted k-means,Random 75% immutable,α = 1,1.0,158,1,2,False,,,,,,,False,4.505100000017137,Positive directional derivative for linesearch
Palmer Penguins,3,42,10,300,0.0001,50,least_cost,Unweighted k-means,Random 75% immutable,α < 1,0.9580439243793857,158,1,2,False,,,,,,,False,1.049999999963802,Positive directional derivative for linesearch
Palmer Penguins,3,42,10,300,0.0001,50,least_cost,Unweighted k-means,All features mutable,α = 1,1.0,140,2,0,True,,4.0,0.11781175978262712,0.6864743543137708,5.599572493600927,4.599572493600927,True,1.4390999999704945,Optimization terminated successfully
Palmer Penguins,3,42,10,300,0.0001,50,least_cost,Unweighted k-means,All features mutable,α < 1,0.9893549112643493,140,2,0,True,,4.0,0.12128052727386103,0.696507077563067,5.518914359982151,4.518914359982151,True,1.3690999999766973,Optimization terminated successfully
Palmer Penguins,3,42,10,300,0.0001,50,least_cost,Unweighted k-means,Random 25% immutable,α = 1,1.0,140,2,0,True,,3.0,0.12154553180098476,0.6972676151980236,5.427558548536381,4.427558548536381,True,1.6465000000494001,Optimization terminated successfully
Palmer Penguins,3,42,10,300,0.0001,50,least_cost,Unweighted k-means,Random 25% immutable,α < 1,0.9893549112643493,140,2,0,True,,3.0,0.12512423387787344,0.7074580803916892,5.349378161127075,4.349378161127075,True,1.7607999999995627,Optimization terminated successfully
Palmer Penguins,3,42,10,300,0.0001,50,least_cost,Unweighted k-means,Random 50% immutable,α = 1,1.0,140,2,0,True,,2.0,0.1381510020323517,0.743373397512587,4.775177031728952,3.775177031728952,True,1.2627999999494932,Optimization terminated successfully
Palmer Penguins,3,42,10,300,0.0001,50,least_cost,Unweighted k-means,Random 50% immutable,α < 1,0.9893549112643493,140,2,0,True,,2.0,0.1422186240220022,0.7542376920361438,4.706393769567811,3.7063937695678106,True,1.1632000000076914,Optimization terminated successfully
Palmer Penguins,3,42,10,300,0.0001,50,least_cost,Unweighted k-means,Random 75% immutable,α = 1,1.0,140,2,0,False,,,,,,,False,7.619599999998172,Positive directional derivative for linesearch
Palmer Penguins,3,42,10,300,0.0001,50,least_cost,Unweighted k-means,Random 75% immutable,α < 1,0.9893549112643493,140,2,0,False,,,,,,,False,1.5286000000287459,Positive directional derivative for linesearch
Palmer Penguins,3,42,10,300,0.0001,50,least_cost,Unweighted k-means,All features mutable,α = 1,1.0,26,2,1,True,,4.0,0.9716696556253954,1.9714661099043984,2.040729383350586,1.0407293833505862,True,1.8513999999640873,Optimization terminated successfully
Palmer Penguins,3,42,10,300,0.0001,50,least_cost,Unweighted k-means,All features mutable,α < 1,0.6767622979364194,26,2,1,True,,4.0,1.5769707243670288,2.5115498994581245,1.7447501229253002,0.7447501229253002,True,2.238299999987703,Optimization terminated successfully
Palmer Penguins,3,42,10,300,0.0001,50,least_cost,Unweighted k-means,Random 25% immutable,α = 1,1.0,26,2,1,True,,3.0,1.4131216379768192,2.37749585739014,1.478472634865237,0.47847263486523706,True,2.143100000012055,Optimization terminated successfully
Palmer Penguins,3,42,10,300,0.0001,50,least_cost,Unweighted k-means,Random 25% immutable,α < 1,0.6767622979364194,26,2,1,True,,3.0,2.3215295803879594,3.047313295601855,1.2267473156593105,0.2267473156593105,True,1.8506999999772233,Optimization terminated successfully
Palmer Penguins,3,42,10,300,0.0001,50,least_cost,Unweighted k-means,Random 50% immutable,α = 1,1.0,26,2,1,True,,2.0,1.7311558854681623,2.6314679442988944,1.696380456899652,0.6963804568996519,True,1.6970000000355867,Optimization terminated successfully
Palmer Penguins,3,42,10,300,0.0001,50,least_cost,Unweighted k-means,Random 50% immutable,α < 1,0.6767622979364194,26,2,1,True,,2.0,2.6449500462297078,3.2526604779655117,1.3724059923857899,0.37240599238578986,True,1.5097000000423577,Optimization terminated successfully
Palmer Penguins,3,42,10,300,0.0001,50,least_cost,Unweighted k-means,Random 75% immutable,α = 1,1.0,26,2,1,True,,1.0,3.413064469994757,3.694896193396917,1.0477208045738697,0.047720804573869735,True,1.3298000000077081,Optimization terminated successfully
Palmer Penguins,3,42,10,300,0.0001,50,least_cost,Unweighted k-means,Random 75% immutable,α < 1,0.6767622979364194,26,2,1,False,,,,,,,False,8.131699999978537,Positive directional derivative for linesearch
Palmer Penguins,3,42,10,300,0.0001,50,least_cost,Unweighted k-means,All features mutable,α = 1,1.0,266,1,0,True,,4.0,1.0255235357633916,2.0253627188860683,2.020786382628198,1.0207863826281982,True,2.010599999948681,Optimization terminated successfully
Palmer Penguins,3,42,10,300,0.0001,50,least_cost,Unweighted k-means,All features mutable,α < 1,0.9893549112643493,266,1,0,True,,4.0,1.040740971573662,2.0403342584720394,2.005958276172267,1.005958276172267,True,1.9915000000310101,Optimization terminated successfully
Palmer Penguins,3,42,10,300,0.0001,50,least_cost,Unweighted k-means,Random 25% immutable,α = 1,1.0,266,1,0,True,,3.0,1.4080187961797554,2.3731993562950042,1.471829782002457,0.47182978200245707,True,1.6980999999987034,Optimization terminated successfully
Palmer Penguins,3,42,10,300,0.0001,50,least_cost,Unweighted k-means,Random 25% immutable,α < 1,0.9893549112643493,266,1,0,True,,3.0,1.4289119643063863,2.3907421143288428,1.4610298038427358,0.46102980384273584,True,1.5472000000045227,Optimization terminated successfully
Palmer Penguins,3,42,10,300,0.0001,50,least_cost,Unweighted k-means,Random 50% immutable,α = 1,1.0,266,1,0,True,,2.0,1.9147836521380601,2.767514156883798,1.995772245171458,0.9957722451714579,True,1.6808999999966545,Optimization terminated successfully
Palmer Penguins,3,42,10,300,0.0001,50,least_cost,Unweighted k-means,Random 50% immutable,α < 1,0.9893549112643493,266,1,0,True,,2.0,1.9431965517945005,2.7879717012871565,1.9811276923586687,0.9811276923586687,True,1.4487000000258377,Optimization terminated successfully
Palmer Penguins,3,42,10,300,0.0001,50,least_cost,Unweighted k-means,Random 75% immutable,α = 1,1.0,266,1,0,True,,1.0,3.7750962265722467,3.8859213716040353,1.0122846713566112,0.012284671356611154,True,1.5263999999888256,Optimization terminated successfully
Palmer Penguins,3,42,10,300,0.0001,50,least_cost,Unweighted k-means,Random 75% immutable,α < 1,0.9893549112643493,266,1,0,True,,1.0,3.8311137459192603,3.914646214369447,1.004856741365947,0.004856741365947048,True,1.337900000009995,Optimization terminated successfully
Palmer Penguins,3,42,10,300,0.0001,50,least_cost,Unweighted k-means,All features mutable,α = 1,1.0,328,2,0,True,,4.0,0.03888974320478686,0.39440965102181186,8.771506009127869,7.771506009127869,True,1.376000000050226,Optimization terminated successfully
Palmer Penguins,3,42,10,300,0.0001,50,least_cost,Unweighted k-means,All features mutable,α < 1,0.9893549112643493,328,2,0,True,,4.0,0.040893408529208745,0.4044423742844399,8.553917305352257,7.5539173053522575,True,1.2590999999702035,Optimization terminated successfully
Palmer Penguins,3,42,10,300,0.0001,50,least_cost,Unweighted k-means,Random 25% immutable,α = 1,1.0,328,2,0,True,,3.0,0.04068830923439511,0.40342686690102886,8.383774680079156,7.383774680079156,True,1.2168000000087886,Optimization terminated successfully
Palmer Penguins,3,42,10,300,0.0001,50,least_cost,Unweighted k-means,Random 25% immutable,α < 1,0.9893549112643493,328,2,0,True,,3.0,0.042784639721665595,0.413688963941102,8.175804159828651,7.175804159828651,True,1.2120000000095388,Optimization terminated successfully
Palmer Penguins,3,42,10,300,0.0001,50,least_cost,Unweighted k-means,Random 50% immutable,α = 1,1.0,328,2,0,True,,2.0,0.2907854532091421,1.0784905251491868,3.31056280178778,2.31056280178778,True,1.1172000000101434,Optimization terminated successfully
Palmer Penguins,3,42,10,300,0.0001,50,least_cost,Unweighted k-means,Random 50% immutable,α < 1,0.9893549112643493,328,2,0,True,,2.0,0.3057672114165289,1.1059244303595592,3.2284399518884874,2.2284399518884874,True,1.2631000000169479,Optimization terminated successfully
Palmer Penguins,3,42,10,300,0.0001,50,least_cost,Unweighted k-means,Random 75% immutable,α = 1,1.0,328,2,0,True,,1.0,0.37749258656120543,1.22880850674335,2.5501520767886205,1.5501520767886205,True,1.0546999999974105,Optimization terminated successfully
Palmer Penguins,3,42,10,300,0.0001,50,least_cost,Unweighted k-means,Random 75% immutable,α < 1,0.9893549112643493,328,2,0,True,,1.0,0.3969416428827167,1.2600660980801233,2.4814130102127026,1.4814130102127026,True,1.0419999999840002,Optimization terminated successfully
Palmer Penguins,3,42,10,300,0.0001,50,least_cost,Unweighted k-means,All features mutable,α = 1,1.0,204,1,2,True,,4.0,1.4225484661972456,2.385412724202875,2.0751218829674394,1.0751218829674394,True,1.7796999999859509,Optimization terminated successfully
Palmer Penguins,3,42,10,300,0.0001,50,least_cost,Unweighted k-means,All features mutable,α < 1,0.9580439243793857,204,1,2,True,,4.0,1.507362847954149,2.4554941237593293,2.0411712090017256,1.0411712090017256,True,1.9112999999606473,Optimization terminated successfully
Palmer Penguins,3,42,10,300,0.0001,50,least_cost,Unweighted k-means,Random 25% immutable,α = 1,1.0,204,1,2,True,,3.0,1.8335883573081504,2.7082011426835715,1.8614236477453239,0.8614236477453239,True,1.686899999981506,Optimization terminated successfully
Palmer Penguins,3,42,10,300,0.0001,50,least_cost,Unweighted k-means,Random 25% immutable,α < 1,0.9580439243793857,204,1,2,True,,3.0,1.9500927013496079,2.792914392780135,1.8270457192322642,0.8270457192322642,True,1.6850000000090404,Optimization terminated successfully
Palmer Penguins,3,42,10,300,0.0001,50,least_cost,Unweighted k-means,Random 50% immutable,α = 1,1.0,204,1,2,True,,2.0,2.4275639527779505,3.116128336752484,1.575605950615287,0.5756059506152871,True,1.5070999999693413,Optimization terminated successfully
Palmer Penguins,3,42,10,300,0.0001,50,least_cost,Unweighted k-means,Random 50% immutable,α < 1,0.9580439243793857,204,1,2,True,,2.0,2.5907420448785965,3.219156439117923,1.5251791731265527,0.5251791731265527,True,1.765100000000075,Optimization terminated successfully
Palmer Penguins,3,42,10,300,0.0001,50,least_cost,Unweighted k-means,Random 75% immutable,α = 1,1.0,204,1,2,False,,,,,,,False,3.4142000000088046,Positive directional derivative for linesearch
Palmer Penguins,3,42,10,300,0.0001,50,least_cost,Unweighted k-means,Random 75% immutable,α < 1,0.9580439243793857,204,1,2,False,,,,,,,False,3.5507999999708773,Positive directional derivative for linesearch
Palmer Penguins,3,42,10,300,0.0001,50,least_cost,Unweighted k-means,All features mutable,α = 1,1.0,234,1,0,True,,4.0,0.5747182119561206,1.5162034322031073,2.7484705030138823,1.7484705030138823,True,1.8014000000334818,Optimization terminated successfully
Palmer Penguins,3,42,10,300,0.0001,50,least_cost,Unweighted k-means,All features mutable,α < 1,0.9893549112643493,234,1,0,True,,4.0,0.5861241985583201,1.5311749717890768,2.721596464231599,1.7215964642315988,True,2.041500000018459,Optimization terminated successfully
Palmer Penguins,3,42,10,300,0.0001,50,least_cost,Unweighted k-means,Random 25% immutable,α = 1,1.0,234,1,0,True,,3.0,0.5747192300095981,1.5162047751007752,2.7484656575991036,1.7484656575991036,True,1.5196999999602667,Optimization terminated successfully
Palmer Penguins,3,42,10,300,0.0001,50,least_cost,Unweighted k-means,Random 25% immutable,α < 1,0.9893549112643493,234,1,0,True,,3.0,0.5861252368163143,1.5311763279469994,2.7215916546850623,1.7215916546850623,True,1.516100000003462,Optimization terminated successfully
Palmer Penguins,3,42,10,300,0.0001,50,least_cost,Unweighted k-means,Random 50% immutable,α = 1,1.0,234,1,0,True,,2.0,0.7890760034248845,1.7765990019415012,2.001830046540763,1.0018300465407628,True,2.0322000000305707,Optimization terminated successfully
Palmer Penguins,3,42,10,300,0.0001,50,least_cost,Unweighted k-means,Random 50% immutable,α < 1,0.9893549112643493,234,1,0,True,,2.0,0.8047361828588158,1.7941417813080613,1.9822565101567167,0.9822565101567167,True,1.7384000000220112,Optimization terminated successfully
Palmer Penguins,3,42,10,300,0.0001,50,least_cost,Unweighted k-means,Random 75% immutable,α = 1,1.0,234,1,0,False,,,,,,,False,2.867799999989984,Positive directional derivative for linesearch
Palmer Penguins,3,42,10,300,0.0001,50,least_cost,Unweighted k-means,Random 75% immutable,α < 1,0.9893549112643493,234,1,0,False,,,,,,,False,5.148099999985334,Positive directional derivative for linesearch
Palmer Penguins,3,42,10,300,0.0001,50,least_cost,Unweighted k-means,All features mutable,α = 1,1.0,91,2,1,True,,4.0,1.2148729684401802,2.2044255201209952,2.09896475639746,1.0989647563974598,True,1.852999999982785,Optimization terminated successfully
Palmer Penguins,3,42,10,300,0.0001,50,least_cost,Unweighted k-means,All features mutable,α < 1,0.6767622979364194,91,2,1,True,,4.0,1.9450580423030581,2.78930675423343,1.6588392793933622,0.6588392793933622,True,1.6850000000090404,Optimization terminated successfully
Palmer Penguins,3,42,10,300,0.0001,50,least_cost,Unweighted k-means,Random 25% immutable,α = 1,1.0,91,2,1,True,,3.0,1.6525295354050513,2.571015002216091,1.5430741550429812,0.5430741550429812,True,1.6453999999725966,Optimization terminated successfully
Palmer Penguins,3,42,10,300,0.0001,50,least_cost,Unweighted k-means,Random 25% immutable,α < 1,0.6767622979364194,91,2,1,True,,3.0,2.645762928703429,3.2531602657744543,1.2195116067473277,0.21951160674732773,True,2.019300000029034,Optimization terminated successfully
Palmer Penguins,3,42,10,300,0.0001,50,least_cost,Unweighted k-means,Random 50% immutable,α = 1,1.0,91,2,1,True,,2.0,2.074025934252597,2.8802957724876777,1.5366725486081083,0.5366725486081083,True,1.5917000000058579,Optimization terminated successfully
Palmer Penguins,3,42,10,300,0.0001,50,least_cost,Unweighted k-means,Random 50% immutable,α < 1,0.6767622979364194,91,2,1,True,,2.0,3.320594768474152,3.6444998386468077,1.2144523587937068,0.21445235879370683,True,1.4827999999624808,Optimization terminated successfully
Palmer Penguins,3,42,10,300,0.0001,50,least_cost,Unweighted k-means,Random 75% immutable,α = 1,1.0,91,2,1,False,,,,,,,False,8.649700000034954,Positive directional derivative for linesearch
Palmer Penguins,3,42,10,300,0.0001,50,least_cost,Unweighted k-means,Random 75% immutable,α < 1,0.6767622979364194,91,2,1,False,,,,,,,False,8.251499999971657,Positive directional derivative for linesearch
Palmer Penguins,3,42,10,300,0.0001,50,least_cost,Unweighted k-means,All features mutable,α = 1,1.0,151,1,0,True,,4.0,0.5050787928838908,1.4213779129899138,3.0341723592527488,2.0341723592527488,True,1.752599999974791,Optimization terminated successfully
Palmer Penguins,3,42,10,300,0.0001,50,least_cost,Unweighted k-means,All features mutable,α < 1,0.9893549112643493,151,1,0,True,,4.0,0.5157749374787592,1.4363494525758824,3.0025461787543484,2.0025461787543484,True,1.6995000000292748,Optimization terminated successfully
Palmer Penguins,3,42,10,300,0.0001,50,least_cost,Unweighted k-means,Random 25% immutable,α = 1,1.0,151,1,0,True,,3.0,0.6861802984648441,1.6567200107016804,2.23337239736101,1.23337239736101,True,1.6254999999887332,Optimization terminated successfully
Palmer Penguins,3,42,10,300,0.0001,50,least_cost,Unweighted k-means,Random 25% immutable,α < 1,0.9893549112643493,151,1,0,True,,3.0,0.7007116622717142,1.6741704360927105,2.210093192995953,1.210093192995953,True,1.601399999969999,Optimization terminated successfully
Palmer Penguins,3,42,10,300,0.0001,50,least_cost,Unweighted k-means,Random 50% immutable,α = 1,1.0,151,1,0,False,,,,,,,False,1.5424999999709144,Positive directional derivative for linesearch
Palmer Penguins,3,42,10,300,0.0001,50,least_cost,Unweighted k-means,Random 50% immutable,α < 1,0.9893549112643493,151,1,0,False,,,,,,,False,1.5072999999574677,Positive directional derivative for linesearch
Palmer Penguins,3,42,10,300,0.0001,50,least_cost,Unweighted k-means,Random 75% immutable,α = 1,1.0,151,1,0,False,,,,,,,False,2.001699999993889,Positive directional derivative for linesearch
Palmer Penguins,3,42,10,300,0.0001,50,least_cost,Unweighted k-means,Random 75% immutable,α < 1,0.9893549112643493,151,1,0,False,,,,,,,False,1.2619999999969878,Positive directional derivative for linesearch
Palmer Penguins,3,42,10,300,0.0001,50,least_cost,Unweighted k-means,All features mutable,α = 1,1.0,119,2,1,True,,4.0,1.1198616978728109,2.1164703615905522,2.240847277980355,1.2408472779803552,True,1.7973999999867374,Optimization terminated successfully
Palmer Penguins,3,42,10,300,0.0001,50,least_cost,Unweighted k-means,All features mutable,α < 1,0.6767622979364194,119,2,1,True,,4.0,1.8243251109017646,2.701351595702984,1.7556718422472257,0.7556718422472257,True,1.7568000000096617,Optimization terminated successfully
Palmer Penguins,3,42,10,300,0.0001,50,least_cost,Unweighted k-means,Random 25% immutable,α = 1,1.0,119,2,1,True,,3.0,1.4924537759725167,2.443320507811054,1.8542660905161712,0.8542660905161712,True,1.6120000000228174,Optimization terminated successfully
Palmer Penguins,3,42,10,300,0.0001,50,least_cost,Unweighted k-means,Random 25% immutable,α < 1,0.6767622979364194,119,2,1,True,,3.0,2.4110208239268167,3.1054924401304325,1.463564686591051,0.463564686591051,True,1.7379000000232736,Optimization terminated successfully
Palmer Penguins,3,42,10,300,0.0001,50,least_cost,Unweighted k-means,Random 50% immutable,α = 1,1.0,119,2,1,True,,2.0,2.9118091872957788,3.4128048214310636,1.194385978726132,0.19438597872613195,True,1.6004999999950087,Optimization terminated successfully
Palmer Penguins,3,42,10,300,0.0001,50,least_cost,Unweighted k-means,Random 50% immutable,α < 1,0.6767622979364194,119,2,1,False,,,,,,,False,3.051799999980176,Positive directional derivative for linesearch
Palmer Penguins,3,42,10,300,0.0001,50,least_cost,Unweighted k-means,Random 75% immutable,α = 1,1.0,119,2,1,False,,,,,,,False,5.5302000000097,Positive directional derivative for linesearch
Palmer Penguins,3,42,10,300,0.0001,50,least_cost,Unweighted k-means,Random 75% immutable,α < 1,0.6767622979364194,119,2,1,False,,,,,,,False,8.04249999998774,Positive directional derivative for linesearch
Palmer Penguins,3,42,10,300,0.0001,50,least_cost,Unweighted k-means,All features mutable,α = 1,1.0,231,1,2,True,,4.0,0.6611217091125547,1.6261878232388223,2.817638263237299,1.8176382632372992,True,1.8402000000037333,Optimization terminated successfully
Palmer Penguins,3,42,10,300,0.0001,50,least_cost,Unweighted k-means,All features mutable,α < 1,0.9580439243793857,231,1,2,True,,4.0,0.7188333719761872,1.69568083314778,2.75183363197758,1.75183363197758,True,1.7157000000338485,Optimization terminated successfully
Palmer Penguins,3,42,10,300,0.0001,50,least_cost,Unweighted k-means,Random 25% immutable,α = 1,1.0,231,1,2,True,,3.0,0.7487098753521149,1.7305604587556194,2.4259989797573196,1.4259989797573196,True,1.6380000000140171,Optimization terminated successfully
Palmer Penguins,3,42,10,300,0.0001,50,least_cost,Unweighted k-means,Random 25% immutable,α < 1,0.9580439243793857,231,1,2,True,,3.0,0.8235813138500996,1.8150276183574723,2.3130986398358186,1.3130986398358186,True,1.6156000000364656,Optimization terminated successfully
Palmer Penguins,3,42,10,300,0.0001,50,least_cost,Unweighted k-means,Random 50% immutable,α = 1,1.0,231,1,2,True,,2.0,1.4609399744496883,2.417386997937805,1.7225110399117403,0.7225110399117403,True,1.6570999999885316,Optimization terminated successfully
Palmer Penguins,3,42,10,300,0.0001,50,least_cost,Unweighted k-means,Random 50% immutable,α < 1,0.9580439243793857,231,1,2,True,,2.0,1.6062212013221684,2.5347356480092107,1.663850123411144,0.663850123411144,True,1.766499999973803,Optimization terminated successfully
Palmer Penguins,3,42,10,300,0.0001,50,least_cost,Unweighted k-means,Random 75% immutable,α = 1,1.0,231,1,2,False,,,,,,,False,1.027200000009998,Positive directional derivative for linesearch
Palmer Penguins,3,42,10,300,0.0001,50,least_cost,Unweighted k-means,Random 75% immutable,α < 1,0.9580439243793857,231,1,2,False,,,,,,,False,1.2259000000085507,Positive directional derivative for linesearch
Palmer Penguins,3,42,10,300,0.0001,50,least_cost,Unweighted k-means,All features mutable,α = 1,1.0,128,0,2,True,,4.0,0.09932889453742672,0.6303297376371408,3.851581047164822,2.851581047164822,True,1.2935000000311447,Optimization terminated successfully
Palmer Penguins,3,42,10,300,0.0001,50,least_cost,Unweighted k-means,All features mutable,α < 1,0.9580439243793857,128,0,2,True,,4.0,0.11218221202977373,0.669872262538982,3.624222418220219,2.624222418220219,True,1.8340000000307555,Optimization terminated successfully
Palmer Penguins,3,42,10,300,0.0001,50,least_cost,Unweighted k-means,Random 25% immutable,α = 1,1.0,128,0,2,True,,3.0,0.5582036138314594,1.4942605045057697,2.1797980588859875,1.1797980588859875,True,1.6787000000135777,Optimization terminated successfully
Palmer Penguins,3,42,10,300,0.0001,50,least_cost,Unweighted k-means,Random 25% immutable,α < 1,0.9580439243793857,128,0,2,True,,3.0,0.6304360540875303,1.588000068120314,2.05112468311226,1.0511246831122598,True,1.6593999999940934,Optimization terminated successfully
Palmer Penguins,3,42,10,300,0.0001,50,least_cost,Unweighted k-means,Random 50% immutable,α = 1,1.0,128,0,2,True,,2.0,0.11466411089016584,0.6772417910618507,3.3364693091646758,2.3364693091646758,True,1.1403999999970438,Optimization terminated successfully
Palmer Penguins,3,42,10,300,0.0001,50,least_cost,Unweighted k-means,Random 50% immutable,α < 1,0.9580439243793857,128,0,2,True,,2.0,0.12950182975777155,0.7197272532224177,3.139517699750304,2.139517699750304,True,1.5890000000240434,Optimization terminated successfully
Palmer Penguins,3,42,10,300,0.0001,50,least_cost,Unweighted k-means,Random 75% immutable,α = 1,1.0,128,0,2,True,,1.0,0.9641596531443076,1.9638326335452394,1.3780873205530617,0.3780873205530617,True,1.4084999999681713,Optimization terminated successfully
Palmer Penguins,3,42,10,300,0.0001,50,least_cost,Unweighted k-means,Random 75% immutable,α < 1,0.9580439243793857,128,0,2,True,,1.0,1.0889234540538568,2.0870299030477324,1.2967388957987178,0.2967388957987178,True,1.4656000000172753,Optimization terminated successfully
Palmer Penguins,3,42,10,300,0.0001,50,least_cost,Unweighted k-means,All features mutable,α = 1,1.0,22,2,0,True,,4.0,0.21466454599743898,0.9266381084273169,4.672283715507143,3.6722837155071426,True,1.810999999975138,Optimization terminated successfully
Palmer Penguins,3,42,10,300,0.0001,50,least_cost,Unweighted k-means,All features mutable,α < 1,0.9893549112643493,22,2,0,True,,4.0,0.21933806172843973,0.9366708316766136,4.622238673333453,3.6222386733334533,True,1.7957000000023982,Optimization terminated successfully
Palmer Penguins,3,42,10,300,0.0001,50,least_cost,Unweighted k-means,Random 25% immutable,α = 1,1.0,22,2,0,True,,3.0,0.22146784327255345,0.9412074017400276,4.528755272974612,3.528755272974612,True,1.176900000018577,Optimization terminated successfully
Palmer Penguins,3,42,10,300,0.0001,50,least_cost,Unweighted k-means,Random 25% immutable,α < 1,0.9893549112643493,22,2,0,True,,3.0,0.22628947529676952,0.9513978669237587,4.480247572388307,3.480247572388307,True,1.1207000000013068,Optimization terminated successfully
Palmer Penguins,3,42,10,300,0.0001,50,least_cost,Unweighted k-means,Random 50% immutable,α = 1,1.0,22,2,0,False,,,,,,,False,16.032600000016828,Positive directional derivative for linesearch
Palmer Penguins,3,42,10,300,0.0001,50,least_cost,Unweighted k-means,Random 50% immutable,α < 1,0.9893549112643493,22,2,0,False,,,,,,,False,12.416400000006433,Positive directional derivative for linesearch
Palmer Penguins,3,42,10,300,0.0001,50,least_cost,Unweighted k-means,Random 75% immutable,α = 1,1.0,22,2,0,False,,,,,,,False,2.651200000002518,Positive directional derivative for linesearch
Palmer Penguins,3,42,10,300,0.0001,50,least_cost,Unweighted k-means,Random 75% immutable,α < 1,0.9893549112643493,22,2,0,False,,,,,,,False,5.105700000001434,Positive directional derivative for linesearch
Palmer Penguins,3,42,10,300,0.0001,50,least_cost,Unweighted k-means,All features mutable,α = 1,1.0,242,1,2,True,,4.0,1.9839057560531757,2.8170237883647173,1.6019792117949077,0.6019792117949077,True,1.9373000000086904,Optimization terminated successfully
Palmer Penguins,3,42,10,300,0.0001,50,least_cost,Unweighted k-means,All features mutable,α < 1,0.9580439243793857,242,1,2,True,,4.0,2.067237918512146,2.875578493807565,1.5837675211629836,0.5837675211629836,True,1.9541000000344866,Optimization terminated successfully
Palmer Penguins,3,42,10,300,0.0001,50,least_cost,Unweighted k-means,Random 25% immutable,α = 1,1.0,242,1,2,False,,,,,,,False,2.1966000000475105,Positive directional derivative for linesearch
Palmer Penguins,3,42,10,300,0.0001,50,least_cost,Unweighted k-means,Random 25% immutable,α < 1,0.9580439243793857,242,1,2,False,,,,,,,False,11.047800000028474,Positive directional derivative for linesearch
Palmer Penguins,3,42,10,300,0.0001,50,least_cost,Unweighted k-means,Random 50% immutable,α = 1,1.0,242,1,2,False,,,,,,,False,1.941799999997329,Positive directional derivative for linesearch
Palmer Penguins,3,42,10,300,0.0001,50,least_cost,Unweighted k-means,Random 50% immutable,α < 1,0.9580439243793857,242,1,2,False,,,,,,,False,1.0619999999903484,Positive directional derivative for linesearch
Palmer Penguins,3,42,10,300,0.0001,50,least_cost,Unweighted k-means,Random 75% immutable,α = 1,1.0,242,1,2,False,,,,,,,False,1.7867999999907624,Positive directional derivative for linesearch
Palmer Penguins,3,42,10,300,0.0001,50,least_cost,Unweighted k-means,Random 75% immutable,α < 1,0.9580439243793857,242,1,2,False,,,,,,,False,9.727999999995518,Positive directional derivative for linesearch
Palmer Penguins,3,42,10,300,0.0001,50,least_cost,Unweighted k-means,All features mutable,α = 1,1.0,159,1,0,True,,4.0,0.3689291646339171,1.2147907879695452,1.0,0.0,False,1.80849999998145,Optimization terminated successfully
Palmer Penguins,3,42,10,300,0.0001,50,least_cost,Unweighted k-means,All features mutable,α < 1,0.9893549112643493,159,1,0,True,,4.0,0.3782197660545881,1.2299914894902129,1.0000000000000004,4.440892098500626e-16,True,1.8000999999685519,Optimization terminated successfully
Palmer Penguins,3,42,10,300,0.0001,50,least_cost,Unweighted k-means,Random 25% immutable,α = 1,1.0,159,1,0,True,,3.0,0.3693730671064688,1.215521397765533,1.0,0.0,False,1.6256999999768595,Optimization terminated successfully
Palmer Penguins,3,42,10,300,0.0001,50,least_cost,Unweighted k-means,Random 25% immutable,α < 1,0.9893549112643493,159,1,0,True,,3.0,0.3794816961413314,1.2320417138089625,1.0,0.0,False,1.7900999999937994,Optimization terminated successfully
Palmer Penguins,3,42,10,300,0.0001,50,least_cost,Unweighted k-means,Random 50% immutable,α = 1,1.0,159,1,0,False,,,,,,,False,28.73460000000705,Positive directional derivative for linesearch
Palmer Penguins,3,42,10,300,0.0001,50,least_cost,Unweighted k-means,Random 50% immutable,α < 1,0.9893549112643493,159,1,0,False,,,,,,,False,20.593700000006265,Positive directional derivative for linesearch
Palmer Penguins,3,42,10,300,0.0001,50,least_cost,Unweighted k-means,Random 75% immutable,α = 1,1.0,159,1,0,False,,,,,,,False,1.8592000000126063,Positive directional derivative for linesearch
Palmer Penguins,3,42,10,300,0.0001,50,least_cost,Unweighted k-means,Random 75% immutable,α < 1,0.9893549112643493,159,1,0,False,,,,,,,False,7.939700000008543,Positive directional derivative for linesearch
Palmer Penguins,3,42,10,300,0.0001,50,least_cost,Unweighted k-means,All features mutable,α = 1,1.0,156,1,2,True,,4.0,0.5070079709697166,1.4240898440333274,3.1523058503657055,2.1523058503657055,True,1.7279000000485212,Optimization terminated successfully
Palmer Penguins,3,42,10,300,0.0001,50,least_cost,Unweighted k-means,All features mutable,α < 1,0.9580439243793857,156,1,2,True,,4.0,0.5625053294718649,1.500007105945655,2.992763625902587,1.9927636259025872,True,1.911099999972521,Optimization terminated successfully
Palmer Penguins,3,42,10,300,0.0001,50,least_cost,Unweighted k-means,Random 25% immutable,α = 1,1.0,156,1,2,True,,3.0,0.6896569999322486,1.660911797696974,2.466210196069512,1.466210196069512,True,1.5950999999745363,Optimization terminated successfully
Palmer Penguins,3,42,10,300,0.0001,50,least_cost,Unweighted k-means,Random 25% immutable,α < 1,0.9580439243793857,156,1,2,True,,3.0,0.765147216970754,1.7494538770379218,2.341392184514813,1.3413921845148131,True,1.60190000002558,Optimization terminated successfully
Palmer Penguins,3,42,10,300,0.0001,50,least_cost,Unweighted k-means,Random 50% immutable,α = 1,1.0,156,1,2,True,,2.0,1.017049305469918,2.016977248726339,1.6040106645564702,0.6040106645564702,True,1.5048999999862644,Optimization terminated successfully
Palmer Penguins,3,42,10,300,0.0001,50,least_cost,Unweighted k-means,Random 50% immutable,α < 1,0.9580439243793857,156,1,2,True,,2.0,1.123635434923181,2.120033428909253,1.5260386808587867,0.5260386808587867,True,1.5182000000208973,Optimization terminated successfully
Palmer Penguins,3,42,10,300,0.0001,50,least_cost,Unweighted k-means,Random 75% immutable,α = 1,1.0,156,1,2,False,,,,,,,False,3.077999999959502,Positive directional derivative for linesearch
Palmer Penguins,3,42,10,300,0.0001,50,least_cost,Unweighted k-means,Random 75% immutable,α < 1,0.9580439243793857,156,1,2,False,,,,,,,False,1.0091999999986,Positive directional derivative for linesearch
Palmer Penguins,3,42,10,300,0.0001,50,least_cost,Unweighted k-means,All features mutable,α = 1,1.0,253,1,2,True,,4.0,0.6181085896241897,1.5723976464294134,2.6482353929018907,1.6482353929018907,True,1.850399999966612,Optimization terminated successfully
Palmer Penguins,3,42,10,300,0.0001,50,least_cost,Unweighted k-means,All features mutable,α < 1,0.9580439243793857,253,1,2,True,,4.0,0.6745922893810399,1.6426713479951367,2.5828799544566343,1.5828799544566343,True,1.6732000000274638,Optimization terminated successfully
Palmer Penguins,3,42,10,300,0.0001,50,least_cost,Unweighted k-means,Random 25% immutable,α = 1,1.0,253,1,2,True,,3.0,0.710143200780808,1.685399894126979,2.882839012310756,1.8828390123107561,True,1.6201999999907457,Optimization terminated successfully
Palmer Penguins,3,42,10,300,0.0001,50,least_cost,Unweighted k-means,Random 25% immutable,α < 1,0.9580439243793857,253,1,2,True,,3.0,0.783107346968694,1.769867053728832,2.7452550987865343,1.7452550987865343,True,1.5930999999795858,Optimization terminated successfully
Palmer Penguins,3,42,10,300,0.0001,50,least_cost,Unweighted k-means,Random 50% immutable,α = 1,1.0,253,1,2,False,,,,,,,False,1.5103999999723783,Positive directional derivative for linesearch
Palmer Penguins,3,42,10,300,0.0001,50,least_cost,Unweighted k-means,Random 50% immutable,α < 1,0.9580439243793857,253,1,2,False,,,,,,,False,2.749399999970592,Positive directional derivative for linesearch
Palmer Penguins,3,42,10,300,0.0001,50,least_cost,Unweighted k-means,Random 75% immutable,α = 1,1.0,253,1,2,False,,,,,,,False,13.952299999971274,Positive directional derivative for linesearch
Palmer Penguins,3,42,10,300,0.0001,50,least_cost,Unweighted k-means,Random 75% immutable,α < 1,0.9580439243793857,253,1,2,False,,,,,,,False,2.52779999999575,Positive directional derivative for linesearch
Palmer Penguins,3,42,10,300,0.0001,50,least_cost,Unweighted k-means,All features mutable,α = 1,1.0,60,0,1,True,,4.0,0.9585881122935679,1.9581502621541258,2.3247962575720944,1.3247962575720944,True,1.7071999999984655,Optimization terminated successfully
Palmer Penguins,3,42,10,300,0.0001,50,least_cost,Unweighted k-means,All features mutable,α < 1,0.6767622979364194,60,0,1,True,,4.0,1.455353277005036,2.412760474647275,1.8867601622412373,0.8867601622412373,True,1.7553000000134489,Optimization terminated successfully
Palmer Penguins,3,42,10,300,0.0001,50,least_cost,Unweighted k-means,Random 25% immutable,α = 1,1.0,60,0,1,True,,3.0,1.7898007328330408,2.6756686886332104,1.2451229923634264,0.24512299236342638,True,1.6241000000150052,Optimization terminated successfully
Palmer Penguins,3,42,10,300,0.0001,50,least_cost,Unweighted k-means,Random 25% immutable,α < 1,0.6767622979364194,60,0,1,True,,3.0,2.717321786395024,3.296860195031038,1.0105179988135597,0.010517998813559748,True,1.5831000000048334,Optimization terminated successfully
Palmer Penguins,3,42,10,300,0.0001,50,least_cost,Unweighted k-means,Random 50% immutable,α = 1,1.0,60,0,1,False,,,,,,,False,12.635799999998198,Positive directional derivative for linesearch
Palmer Penguins,3,42,10,300,0.0001,50,least_cost,Unweighted k-means,Random 50% immutable,α < 1,0.6767622979364194,60,0,1,False,,,,,,,False,1.0855999999535015,Positive directional derivative for linesearch
Palmer Penguins,3,42,10,300,0.0001,50,least_cost,Unweighted k-means,Random 75% immutable,α = 1,1.0,60,0,1,True,,1.0,2.6103826173962505,3.23133570982419,1.2555157259945906,0.2555157259945906,True,1.4211999999815816,Optimization terminated successfully
Palmer Penguins,3,42,10,300,0.0001,50,least_cost,Unweighted k-means,Random 75% immutable,α < 1,0.6767622979364194,60,0,1,False,,,,,,,False,1.8167999999718631,Positive directional derivative for linesearch
Palmer Penguins,3,42,10,300,0.0001,50,least_cost,Unweighted k-means,All features mutable,α = 1,1.0,261,1,0,True,,4.0,0.3828445913231144,1.2374887334002107,3.788434854784396,2.788434854784396,True,1.8051000000127715,Optimization terminated successfully
Palmer Penguins,3,42,10,300,0.0001,50,least_cost,Unweighted k-means,All features mutable,α < 1,0.9893549112643493,261,1,0,True,,4.0,0.3921641838521535,1.2524602729861791,3.743149033984637,2.743149033984637,True,1.6610000000127911,Optimization terminated successfully
Palmer Penguins,3,42,10,300,0.0001,50,least_cost,Unweighted k-means,Random 25% immutable,α = 1,1.0,261,1,0,True,,3.0,0.5256362841028657,1.4500155641962822,2.7592877970692777,1.7592877970692777,True,1.5965000000051077,Optimization terminated successfully
Palmer Penguins,3,42,10,300,0.0001,50,least_cost,Unweighted k-means,Random 25% immutable,α < 1,0.9893549112643493,261,1,0,True,,3.0,0.5384318572867178,1.4675583222301154,2.726304089753482,1.7263040897534818,True,1.584999999977299,Optimization terminated successfully
Palmer Penguins,3,42,10,300,0.0001,50,least_cost,Unweighted k-means,Random 50% immutable,α = 1,1.0,261,1,0,True,,2.0,0.525637562494958,1.4500173274757209,2.7592810968316455,1.7592810968316455,True,1.5068000000155735,Optimization terminated successfully
Palmer Penguins,3,42,10,300,0.0001,50,least_cost,Unweighted k-means,Random 50% immutable,α < 1,0.9893549112643493,261,1,0,True,,2.0,0.5384331667987318,1.467560106842281,2.7262974775199504,1.7262974775199504,True,1.4856000000236236,Optimization terminated successfully
Palmer Penguins,3,42,10,300,0.0001,50,least_cost,Unweighted k-means,Random 75% immutable,α = 1,1.0,261,1,0,False,,,,,,,False,2.696499999956359,Positive directional derivative for linesearch
Palmer Penguins,3,42,10,300,0.0001,50,least_cost,Unweighted k-means,Random 75% immutable,α < 1,0.9893549112643493,261,1,0,False,,,,,,,False,2.6162999999996828,Positive directional derivative for linesearch
Palmer Penguins,3,42,10,300,0.0001,50,least_cost,Unweighted k-means,All features mutable,α = 1,1.0,180,1,0,True,,4.0,0.7287888307652534,1.7073825942245673,2.702224131910759,1.702224131910759,True,2.1504999999706342,Optimization terminated successfully
Palmer Penguins,3,42,10,300,0.0001,50,least_cost,Unweighted k-means,All features mutable,α < 1,0.9893549112643493,180,1,0,True,,4.0,0.7416259405635601,1.7223541338105357,2.6787350774897494,1.6787350774897494,True,2.745399999980691,Optimization terminated successfully
Palmer Penguins,3,42,10,300,0.0001,50,least_cost,Unweighted k-means,Random 25% immutable,α = 1,1.0,180,1,0,True,,3.0,1.3607374915835746,2.333013066044487,2.0873412034504812,1.0873412034504812,True,1.5887999999790736,Optimization terminated successfully
Palmer Penguins,3,42,10,300,0.0001,50,least_cost,Unweighted k-means,Random 25% immutable,α < 1,0.9893549112643493,180,1,0,True,,3.0,1.3847059387506229,2.3534705766171142,2.0691970214473985,1.0691970214473985,True,1.5571999999792752,Optimization terminated successfully
Palmer Penguins,3,42,10,300,0.0001,50,least_cost,Unweighted k-means,Random 50% immutable,α = 1,1.0,180,1,0,True,,2.0,0.9901063911754504,1.9900817984951777,1.9890294301482536,0.9890294301482536,True,1.5616999999679138,Optimization terminated successfully
Palmer Penguins,3,42,10,300,0.0001,50,least_cost,Unweighted k-means,Random 50% immutable,α < 1,0.9893549112643493,180,1,0,True,,2.0,1.00754642856211,2.0075322448838624,1.9717398168389737,0.9717398168389737,True,1.5514999999481915,Optimization terminated successfully
Palmer Penguins,3,42,10,300,0.0001,50,least_cost,Unweighted k-means,Random 75% immutable,α = 1,1.0,180,1,0,True,,1.0,2.7613273330232375,3.323448409723393,1.0286080258561825,0.028608025856182495,True,1.391600000033577,Optimization terminated successfully
Palmer Penguins,3,42,10,300,0.0001,50,least_cost,Unweighted k-means,Random 75% immutable,α < 1,0.9893549112643493,180,1,0,True,,1.0,2.809966198860221,3.3525907587179327,1.0196668647585636,0.019666864758563607,True,1.4295000000288383,Optimization terminated successfully
Palmer Penguins,3,42,10,300,0.0001,50,least_cost,Unweighted k-means,All features mutable,α = 1,1.0,263,1,0,True,,4.0,0.203233546522354,0.9016286298079803,3.755775948634483,2.755775948634483,True,1.7871000000013737,Optimization terminated successfully
Palmer Penguins,3,42,10,300,0.0001,50,least_cost,Unweighted k-means,All features mutable,α < 1,0.9893549112643493,263,1,0,True,,4.0,0.2100389676332543,0.9166001693939496,3.6232747290376834,2.6232747290376834,True,1.7750999999748274,Optimization terminated successfully
Palmer Penguins,3,42,10,300,0.0001,50,least_cost,Unweighted k-means,Random 25% immutable,α = 1,1.0,263,1,0,True,,3.0,0.27610514948473813,1.0509141724893392,3.8142145352390737,2.8142145352390737,True,1.529199999993125,Optimization terminated successfully
Palmer Penguins,3,42,10,300,0.0001,50,least_cost,Unweighted k-means,Random 25% immutable,α < 1,0.9893549112643493,263,1,0,True,,3.0,0.2853507285010206,1.0683645978803689,3.7519140040703047,2.7519140040703047,True,1.877499999977772,Optimization terminated successfully
Palmer Penguins,3,42,10,300,0.0001,50,least_cost,Unweighted k-means,Random 50% immutable,α = 1,1.0,263,1,0,True,,2.0,0.2761058139457834,1.0509154370277056,3.8142053509958043,2.8142053509958043,True,1.5725000000088585,Optimization terminated successfully
Palmer Penguins,3,42,10,300,0.0001,50,least_cost,Unweighted k-means,Random 50% immutable,α < 1,0.9893549112643493,263,1,0,True,,2.0,0.28535141521202,1.0683658834163885,3.7519049553342647,2.7519049553342647,True,1.6257999999993444,Optimization terminated successfully
Palmer Penguins,3,42,10,300,0.0001,50,least_cost,Unweighted k-means,Random 75% immutable,α = 1,1.0,263,1,0,True,,1.0,0.7481312401263573,1.7298916036866094,1.4076731797324433,0.4076731797324433,True,1.3953999999785083,Optimization terminated successfully
Palmer Penguins,3,42,10,300,0.0001,50,least_cost,Unweighted k-means,Random 75% immutable,α < 1,0.9893549112643493,263,1,0,True,,1.0,0.7731829514328875,1.7586164464520255,1.3816982115412693,0.38169821154126926,True,1.3926999999966938,Optimization terminated successfully
Palmer Penguins,3,42,10,300,0.0001,50,least_cost,Unweighted k-means,All features mutable,α = 1,1.0,55,2,1,True,,4.0,0.7564364598660172,1.7394671136483346,2.5028558779824674,1.5028558779824674,True,1.7871999999670152,Optimization terminated successfully
Palmer Penguins,3,42,10,300,0.0001,50,least_cost,Unweighted k-means,All features mutable,α < 1,0.6767622979364194,55,2,1,True,,4.0,1.3379323025529868,2.3133804724281624,2.039868452715087,1.039868452715087,True,1.680299999975432,Optimization terminated successfully
Palmer Penguins,3,42,10,300,0.0001,50,least_cost,Unweighted k-means,Random 25% immutable,α = 1,1.0,55,2,1,True,,3.0,1.1929263124731735,2.184423322044675,2.0824085216290036,1.0824085216290036,True,1.7105000000015025,Optimization terminated successfully
Palmer Penguins,3,42,10,300,0.0001,50,least_cost,Unweighted k-means,Random 25% immutable,α < 1,0.6767622979364194,55,2,1,True,,3.0,1.9950475049397252,2.8249230112976353,1.6103571226436948,0.6103571226436948,True,1.7037000000073022,Optimization terminated successfully
Palmer Penguins,3,42,10,300,0.0001,50,least_cost,Unweighted k-means,Random 50% immutable,α = 1,1.0,55,2,1,True,,2.0,1.626589917528568,2.5507566857923303,1.348963681683254,0.348963681683254,True,1.5924999999583633,Optimization terminated successfully
Palmer Penguins,3,42,10,300,0.0001,50,least_cost,Unweighted k-means,Random 50% immutable,α < 1,0.6767622979364194,55,2,1,True,,2.0,2.9171055037135263,3.4159072023188957,1.0073102007702062,0.0073102007702061655,True,1.5806999999767868,Optimization terminated successfully
Palmer Penguins,3,42,10,300,0.0001,50,least_cost,Unweighted k-means,Random 75% immutable,α = 1,1.0,55,2,1,True,,1.0,2.412737774190795,3.1065979940705524,1.0316326274408314,0.031632627440831396,True,1.4208999999709704,Optimization terminated successfully
Palmer Penguins,3,42,10,300,0.0001,50,least_cost,Unweighted k-means,Random 75% immutable,α < 1,0.6767622979364194,55,2,1,False,,,,,,,False,8.441000000004806,Positive directional derivative for linesearch
Palmer Penguins,3,42,10,300,0.0001,50,least_cost,Unweighted k-means,All features mutable,α = 1,1.0,209,1,2,True,,4.0,0.14882911316494052,0.7715675295525092,5.503742540895229,4.503742540895229,True,2.055800000050567,Optimization terminated successfully
Palmer Penguins,3,42,10,300,0.0001,50,least_cost,Unweighted k-means,All features mutable,α < 1,0.9580439243793857,209,1,2,True,,4.0,0.1795576179410494,0.8474847914648367,5.010720047753851,4.010720047753851,True,1.68300000001409,Optimization terminated successfully
Palmer Penguins,3,42,10,300,0.0001,50,least_cost,Unweighted k-means,Random 25% immutable,α = 1,1.0,209,1,2,True,,3.0,0.21916141454341687,0.9362935747796561,3.7375060814229117,2.7375060814229117,True,1.5644000000065716,Optimization terminated successfully
Palmer Penguins,3,42,10,300,0.0001,50,least_cost,Unweighted k-means,Random 25% immutable,α < 1,0.9580439243793857,209,1,2,True,,3.0,0.2644113151194725,1.028418815696159,3.4027021667340067,2.4027021667340067,True,1.5550999999618398,Optimization terminated successfully
Palmer Penguins,3,42,10,300,0.0001,50,least_cost,Unweighted k-means,Random 50% immutable,α = 1,1.0,209,1,2,True,,2.0,0.2741057987939981,1.0471022849636,3.0406946966463257,2.0406946966463257,True,1.4553000000319116,Optimization terminated successfully
Palmer Penguins,3,42,10,300,0.0001,50,least_cost,Unweighted k-means,Random 50% immutable,α < 1,0.9580439243793857,209,1,2,True,,2.0,0.3306999769644059,1.1501303873290296,2.768310788335724,1.7683107883357239,True,1.6077999999879466,Optimization terminated successfully
Palmer Penguins,3,42,10,300,0.0001,50,least_cost,Unweighted k-means,Random 75% immutable,α = 1,1.0,209,1,2,False,,,,,,,False,15.618799999970179,Positive directional derivative for linesearch
Palmer Penguins,3,42,10,300,0.0001,50,least_cost,Unweighted k-means,Random 75% immutable,α < 1,0.9580439243793857,209,1,2,False,,,,,,,False,0.6367000000295775,Positive directional derivative for linesearch
Palmer Penguins,3,42,10,300,0.0001,50,least_cost,Unweighted k-means,All features mutable,α = 1,1.0,290,0,2,True,,4.0,0.46123305946743415,1.3582828269067295,2.6237277634199123,1.6237277634199123,True,1.6645000000039545,Optimization terminated successfully
Palmer Penguins,3,42,10,300,0.0001,50,least_cost,Unweighted k-means,All features mutable,α < 1,0.9580439243793857,290,0,2,True,,4.0,0.48847892912510255,1.3978253526461775,2.549506249964208,1.549506249964208,True,1.6353999999978441,Optimization terminated successfully
Palmer Penguins,3,42,10,300,0.0001,50,least_cost,Unweighted k-means,Random 25% immutable,α = 1,1.0,290,0,2,True,,3.0,0.5142073198407271,1.434165011204397,2.353428113186817,1.3534281131868169,True,1.5197000000171101,Optimization terminated successfully
Palmer Penguins,3,42,10,300,0.0001,50,least_cost,Unweighted k-means,Random 25% immutable,α < 1,0.9580439243793857,290,0,2,True,,3.0,0.5445824747127044,1.4759166300475164,2.28685301657272,1.2868530165727199,True,1.5204000000039741,Optimization terminated successfully
Palmer Penguins,3,42,10,300,0.0001,50,least_cost,Unweighted k-means,Random 50% immutable,α = 1,1.0,290,0,2,False,,,,,,,False,3.9907999999968524,Positive directional derivative for linesearch
Palmer Penguins,3,42,10,300,0.0001,50,least_cost,Unweighted k-means,Random 50% immutable,α < 1,0.9580439243793857,290,0,2,False,,,,,,,False,8.08910000000651,Positive directional derivative for linesearch
Palmer Penguins,3,42,10,300,0.0001,50,least_cost,Unweighted k-means,Random 75% immutable,α = 1,1.0,290,0,2,False,,,,,,,False,4.281099999957405,Positive directional derivative for linesearch
Palmer Penguins,3,42,10,300,0.0001,50,least_cost,Unweighted k-means,Random 75% immutable,α < 1,0.9580439243793857,290,0,2,False,,,,,,,False,1.1338000000478132,Positive directional derivative for linesearch
Palmer Penguins,3,42,10,300,0.0001,50,least_cost,Unweighted k-means,All features mutable,α = 1,1.0,303,0,1,True,,4.0,0.31208508246041783,1.1172915151569314,3.225986610889954,2.225986610889954,True,1.657299999976658,Optimization terminated successfully
Palmer Penguins,3,42,10,300,0.0001,50,least_cost,Unweighted k-means,All features mutable,α < 1,0.6767622979364194,303,0,1,True,,4.0,0.6177187603473278,1.5719017276500815,2.2929979226029724,1.2929979226029724,True,1.678900000001704,Optimization terminated successfully
Palmer Penguins,3,42,10,300,0.0001,50,least_cost,Unweighted k-means,Random 25% immutable,α = 1,1.0,303,0,1,True,,3.0,0.42398658990686133,1.302285053138308,2.762293084969217,1.762293084969217,True,1.5601000000060594,Optimization terminated successfully
Palmer Penguins,3,42,10,300,0.0001,50,least_cost,Unweighted k-means,Random 25% immutable,α < 1,0.6767622979364194,303,0,1,True,,3.0,0.8392085538224208,1.8321665359048787,1.9634093853259953,0.9634093853259953,True,1.5551000000186832,Optimization terminated successfully
Palmer Penguins,3,42,10,300,0.0001,50,least_cost,Unweighted k-means,Random 50% immutable,α = 1,1.0,303,0,1,True,,2.0,0.5827027787583012,1.526699418691579,1.7277801312706504,0.7277801312706504,True,1.432399999998779,Optimization terminated successfully
Palmer Penguins,3,42,10,300,0.0001,50,least_cost,Unweighted k-means,Random 50% immutable,α < 1,0.6767622979364194,303,0,1,True,,2.0,1.1533599597512763,2.1478919523581963,1.22808826364228,0.22808826364228008,True,1.4308000000369248,Optimization terminated successfully
Palmer Penguins,3,42,10,300,0.0001,50,least_cost,Unweighted k-means,Random 75% immutable,α = 1,1.0,303,0,1,True,,1.0,1.1488290381252027,2.1436688532748733,1.01945125851836,0.019451258518359937,True,1.2855999999601408,Optimization terminated successfully
Palmer Penguins,3,42,10,300,0.0001,50,least_cost,Unweighted k-means,Random 75% immutable,α < 1,0.6767622979364194,303,0,1,False,,,,,,,False,6.681899999989582,Positive directional derivative for linesearch
Palmer Penguins,3,42,10,300,0.0001,50,least_cost,Unweighted k-means,All features mutable,α = 1,1.0,129,2,1,True,,4.0,0.869403853924647,1.8648365654122583,2.465172377675561,1.465172377675561,True,1.6436000000226159,Optimization terminated successfully
Palmer Penguins,3,42,10,300,0.0001,50,least_cost,Unweighted k-means,All features mutable,α < 1,0.6767622979364194,129,2,1,True,,4.0,1.4811607753330667,2.4340589765517735,2.0459175638524667,1.0459175638524667,True,1.6673999999738953,Optimization terminated successfully
Palmer Penguins,3,42,10,300,0.0001,50,least_cost,Unweighted k-means,Random 25% immutable,α = 1,1.0,129,2,1,True,,3.0,1.2169002725592946,2.2062640572327643,1.6999949490021815,0.6999949490021815,True,1.5644000000065716,Optimization terminated successfully
Palmer Penguins,3,42,10,300,0.0001,50,least_cost,Unweighted k-means,Random 25% immutable,α < 1,0.6767622979364194,129,2,1,True,,3.0,2.05812123328581,2.8692307214902115,1.3811249552964666,0.3811249552964666,True,1.5458999999964362,Optimization terminated successfully
Palmer Penguins,3,42,10,300,0.0001,50,least_cost,Unweighted k-means,Random 50% immutable,α = 1,1.0,129,2,1,True,,2.0,1.8515083427762855,2.721402831464894,1.3793199212302065,0.3793199212302065,True,1.6009000000281048,Optimization terminated successfully
Palmer Penguins,3,42,10,300,0.0001,50,least_cost,Unweighted k-means,Random 50% immutable,α < 1,0.6767622979364194,129,2,1,True,,2.0,3.2158412294971974,3.5865533479914653,1.0465995649759368,0.04659956497593676,True,1.46349999999984,Optimization terminated successfully
Palmer Penguins,3,42,10,300,0.0001,50,least_cost,Unweighted k-means,Random 75% immutable,α = 1,1.0,129,2,1,False,,,,,,,False,5.455100000006041,Positive directional derivative for linesearch
Palmer Penguins,3,42,10,300,0.0001,50,least_cost,Unweighted k-means,Random 75% immutable,α < 1,0.6767622979364194,129,2,1,False,,,,,,,False,6.019499999979416,Positive directional derivative for linesearch
Palmer Penguins,3,42,10,300,0.0001,50,least_cost,Unweighted k-means,All features mutable,α = 1,1.0,29,2,1,True,,4.0,1.0245352210670788,2.0243865451707377,1.875412533294246,0.875412533294246,True,1.6395999999758715,Optimization terminated successfully
Palmer Penguins,3,42,10,300,0.0001,50,least_cost,Unweighted k-means,All features mutable,α < 1,0.6767622979364194,29,2,1,True,,4.0,1.6957649148098477,2.604430774514729,1.5526692834965463,0.5526692834965463,True,1.7035999999848173,Optimization terminated successfully
Palmer Penguins,3,42,10,300,0.0001,50,least_cost,Unweighted k-means,Random 25% immutable,α = 1,1.0,29,2,1,True,,3.0,1.5449526649730596,2.4859224967589473,2.1544123275471465,1.1544123275471465,True,1.540200000022196,Optimization terminated successfully
Palmer Penguins,3,42,10,300,0.0001,50,least_cost,Unweighted k-means,Random 25% immutable,α < 1,0.6767622979364194,29,2,1,True,,3.0,2.4550197130699964,3.133700504560062,1.7132589209802451,0.7132589209802451,True,1.5437000000133594,Optimization terminated successfully
Palmer Penguins,3,42,10,300,0.0001,50,least_cost,Unweighted k-means,Random 50% immutable,α = 1,1.0,29,2,1,True,,2.0,3.0959533493186604,3.519064278650596,1.0727489874510476,0.07274898745104763,True,1.4357999999674576,Optimization terminated successfully
Palmer Penguins,3,42,10,300,0.0001,50,least_cost,Unweighted k-means,Random 50% immutable,α < 1,0.6767622979364194,29,2,1,False,,,,,,,False,1.0616000000140957,Positive directional derivative for linesearch
Palmer Penguins,3,42,10,300,0.0001,50,least_cost,Unweighted k-means,Random 75% immutable,α = 1,1.0,29,2,1,False,,,,,,,False,1.0466999999607651,Positive directional derivative for linesearch
Palmer Penguins,3,42,10,300,0.0001,50,least_cost,Unweighted k-means,Random 75% immutable,α < 1,0.6767622979364194,29,2,1,False,,,,,,,False,1.041500000042106,Positive directional derivative for linesearch
Palmer Penguins,3,42,10,300,0.0001,50,least_cost,Unweighted k-means,All features mutable,α = 1,1.0,255,1,0,True,,4.0,0.5953002281637031,1.5431140309953806,3.1441576563471516,2.1441576563471516,True,1.818399999990561,Optimization terminated successfully
Palmer Penguins,3,42,10,300,0.0001,50,least_cost,Unweighted k-means,All features mutable,α < 1,0.9893549112643493,255,1,0,True,,4.0,0.6069076613134513,1.5580855705813481,3.1139457232065593,2.1139457232065593,True,1.6522999999892818,Optimization terminated successfully
Palmer Penguins,3,42,10,300,0.0001,50,least_cost,Unweighted k-means,Random 25% immutable,α = 1,1.0,255,1,0,True,,3.0,0.5953012826760781,1.5431153977276981,3.1441520716092692,2.1441520716092692,True,1.686899999981506,Optimization terminated successfully
Palmer Penguins,3,42,10,300,0.0001,50,least_cost,Unweighted k-means,Random 25% immutable,α < 1,0.9893549112643493,255,1,0,True,,3.0,0.6069087363871872,1.5580869505739239,3.113940180531138,2.113940180531138,True,1.556700000037381,Optimization terminated successfully
Palmer Penguins,3,42,10,300,0.0001,50,least_cost,Unweighted k-means,Random 50% immutable,α = 1,1.0,255,1,0,True,,2.0,1.2818197105802238,2.264349540667451,1.7244965701912272,0.7244965701912272,True,1.455399999997553,Optimization terminated successfully
Palmer Penguins,3,42,10,300,0.0001,50,least_cost,Unweighted k-means,Random 50% immutable,α < 1,0.9893549112643493,255,1,0,True,,2.0,1.3068132111647714,2.2863186227337358,1.7079259985154003,0.7079259985154003,True,1.4488000000483225,Optimization terminated successfully
Palmer Penguins,3,42,10,300,0.0001,50,least_cost,Unweighted k-means,Random 75% immutable,α = 1,1.0,255,1,0,True,,1.0,1.2818245997414763,2.264353859043658,1.724489992617324,0.724489992617324,True,1.406200000019453,Optimization terminated successfully
Palmer Penguins,3,42,10,300,0.0001,50,least_cost,Unweighted k-means,Random 75% immutable,α < 1,0.9893549112643493,255,1,0,True,,1.0,1.3068181956571017,2.2863229830075205,1.7079194841179455,0.7079194841179455,True,1.3955999999666346,Optimization terminated successfully
Palmer Penguins,3,42,10,300,0.0001,50,least_cost,Unweighted k-means,All features mutable,α = 1,1.0,292,0,1,True,,4.0,0.8993436579319726,1.8966746246333055,2.157895344135479,1.1578953441354791,True,1.7857999999932872,Optimization terminated successfully
Palmer Penguins,3,42,10,300,0.0001,50,least_cost,Unweighted k-means,All features mutable,α < 1,0.6767622979364194,292,0,1,True,,4.0,1.382135096325197,2.3512848371264568,1.7406760995872337,0.7406760995872337,True,1.6138000000296415,Optimization terminated successfully
Palmer Penguins,3,42,10,300,0.0001,50,least_cost,Unweighted k-means,Random 25% immutable,α = 1,1.0,292,0,1,True,,3.0,1.2218131276085658,2.2107131225996426,1.5883685118443376,0.5883685118443376,True,1.5184000000090236,Optimization terminated successfully
Palmer Penguins,3,42,10,300,0.0001,50,least_cost,Unweighted k-means,Random 25% immutable,α < 1,0.6767622979364194,292,0,1,True,,3.0,1.8777796665982711,2.7406420171910604,1.2829202168898703,0.28292021688987035,True,1.67229999999563,Optimization terminated successfully
Palmer Penguins,3,42,10,300,0.0001,50,least_cost,Unweighted k-means,Random 50% immutable,α = 1,1.0,292,0,1,True,,2.0,1.6791896761104559,2.5916710255049393,1.6049911805055095,0.6049911805055095,True,1.5899999999646752,Optimization terminated successfully
Palmer Penguins,3,42,10,300,0.0001,50,least_cost,Unweighted k-means,Random 50% immutable,α < 1,0.6767622979364194,292,0,1,True,,2.0,2.5806230624631317,3.212863559171557,1.2946734337283263,0.29467343372832633,True,1.4602999999624444,Optimization terminated successfully
Palmer Penguins,3,42,10,300,0.0001,50,least_cost,Unweighted k-means,Random 75% immutable,α = 1,1.0,292,0,1,False,,,,,,,False,12.05609999999524,Positive directional derivative for linesearch
Palmer Penguins,3,42,10,300,0.0001,50,least_cost,Unweighted k-means,Random 75% immutable,α < 1,0.6767622979364194,292,0,1,False,,,,,,,False,11.88120000000481,Positive directional derivative for linesearch
Palmer Penguins,3,42,10,300,0.0001,50,least_cost,Unweighted k-means,All features mutable,α = 1,1.0,331,0,1,True,,4.0,0.547962019379969,1.4804891345497528,2.621854094905767,1.6218540949057672,True,1.7063000000234751,Optimization terminated successfully
Palmer Penguins,3,42,10,300,0.0001,50,least_cost,Unweighted k-means,All features mutable,α < 1,0.6767622979364194,331,0,1,True,,4.0,0.9361523707314698,1.9350993470429054,2.005905520696044,1.0059055206960439,True,1.789300000041294,Optimization terminated successfully
Palmer Penguins,3,42,10,300,0.0001,50,least_cost,Unweighted k-means,Random 25% immutable,α = 1,1.0,331,0,1,True,,3.0,0.7523384846602094,1.7347489555093663,1.909614459860369,0.909614459860369,True,1.6325999999935448,Optimization terminated successfully
Palmer Penguins,3,42,10,300,0.0001,50,least_cost,Unweighted k-means,Random 25% immutable,α < 1,0.6767622979364194,331,0,1,True,,3.0,1.2853143668681855,2.2674341153543454,1.4609913621249673,0.4609913621249673,True,1.5266999999994368,Optimization terminated successfully
Palmer Penguins,3,42,10,300,0.0001,50,least_cost,Unweighted k-means,Random 50% immutable,α = 1,1.0,331,0,1,False,,,,,,,False,1.4468999999621701,Positive directional derivative for linesearch
Palmer Penguins,3,42,10,300,0.0001,50,least_cost,Unweighted k-means,Random 50% immutable,α < 1,0.6767622979364194,331,0,1,False,,,,,,,False,13.952500000016244,Positive directional derivative for linesearch
Palmer Penguins,3,42,10,300,0.0001,50,least_cost,Unweighted k-means,Random 75% immutable,α = 1,1.0,331,0,1,False,,,,,,,False,10.809699999981603,Positive directional derivative for linesearch
Palmer Penguins,3,42,10,300,0.0001,50,least_cost,Unweighted k-means,Random 75% immutable,α < 1,0.6767622979364194,331,0,1,False,,,,,,,False,6.999599999971906,Positive directional derivative for linesearch
Palmer Penguins,3,42,10,300,0.0001,50,least_cost,Unweighted k-means,All features mutable,α = 1,1.0,193,1,0,True,,4.0,0.29268816502408124,1.0820132439560641,3.1631015215310954,2.1631015215310954,True,1.840599999979986,Optimization terminated successfully
Palmer Penguins,3,42,10,300,0.0001,50,least_cost,Unweighted k-means,All features mutable,α < 1,0.9893549112643493,193,1,0,True,,4.0,0.30084390383069004,1.0969847835420325,3.060476959071876,2.060476959071876,True,1.7500000000154614,Optimization terminated successfully
Palmer Penguins,3,42,10,300,0.0001,50,least_cost,Unweighted k-means,Random 25% immutable,α = 1,1.0,193,1,0,True,,3.0,0.2926886834906928,1.0820142022925445,3.138475620982549,2.138475620982549,True,1.5629000000103588,Optimization terminated successfully
Palmer Penguins,3,42,10,300,0.0001,50,least_cost,Unweighted k-means,Random 25% immutable,α < 1,0.9893549112643493,193,1,0,True,,3.0,0.3008444367443442,1.0969857551387696,3.03665013038168,2.03665013038168,True,1.5578000000004977,Optimization terminated successfully
Palmer Penguins,3,42,10,300,0.0001,50,least_cost,Unweighted k-means,Random 50% immutable,α = 1,1.0,193,1,0,True,,2.0,0.5764381184248277,1.5184704388625123,1.0,0.0,False,1.452200000017001,Optimization terminated successfully
Palmer Penguins,3,42,10,300,0.0001,50,least_cost,Unweighted k-means,Random 50% immutable,α < 1,0.9893549112643493,193,1,0,True,,2.0,0.6414396394011271,1.6017985383950468,1.000000000000001,1.1102230246251565e-15,True,1.4515999999957785,Optimization terminated successfully
Palmer Penguins,3,42,10,300,0.0001,50,least_cost,Unweighted k-means,Random 75% immutable,α = 1,1.0,193,1,0,True,,1.0,0.6302280298772024,1.587738051288313,2.49132278240183,1.4913227824018298,True,1.3114000000200576,Optimization terminated successfully
Palmer Penguins,3,42,10,300,0.0001,50,least_cost,Unweighted k-means,Random 75% immutable,α < 1,0.9893549112643493,193,1,0,True,,1.0,0.647789297514586,1.6097071752521774,2.4573214560226946,1.4573214560226946,True,1.3283000000114953,Optimization terminated successfully
Palmer Penguins,3,42,10,300,0.0001,50,least_cost,Unweighted k-means,All features mutable,α = 1,1.0,224,1,2,True,,4.0,0.8428507653876373,1.836138083465007,2.9003120091014147,1.9003120091014147,True,1.631699999961711,Optimization terminated successfully
Palmer Penguins,3,42,10,300,0.0001,50,least_cost,Unweighted k-means,All features mutable,α < 1,0.9580439243793857,224,1,2,True,,4.0,0.9136438372501582,1.9116943660011745,2.8184118801456512,1.8184118801456512,True,1.5949999999520514,Optimization terminated successfully
Palmer Penguins,3,42,10,300,0.0001,50,least_cost,Unweighted k-means,Random 25% immutable,α = 1,1.0,224,1,2,True,,3.0,1.145329061935128,2.14040095490086,2.2454960058160873,1.2454960058160873,True,1.4984000000026754,Optimization terminated successfully
Palmer Penguins,3,42,10,300,0.0001,50,least_cost,Unweighted k-means,Random 25% immutable,α < 1,0.9580439243793857,224,1,2,True,,3.0,1.2420467624737668,2.2289430342418055,2.156296367128411,1.156296367128411,True,1.5098999999736407,Optimization terminated successfully
Palmer Penguins,3,42,10,300,0.0001,50,least_cost,Unweighted k-means,Random 50% immutable,α = 1,1.0,224,1,2,True,,2.0,2.0326172567264047,2.851397732149203,1.2652809000398586,0.2652809000398586,True,1.4073000000394131,Optimization terminated successfully
Palmer Penguins,3,42,10,300,0.0001,50,least_cost,Unweighted k-means,Random 50% immutable,α < 1,0.9580439243793857,224,1,2,True,,2.0,2.2042623093836546,2.9693516527239776,1.2150191646323891,0.21501916463238913,True,1.4709000000152628,Optimization terminated successfully
Palmer Penguins,3,42,10,300,0.0001,50,least_cost,Unweighted k-means,Random 75% immutable,α = 1,1.0,224,1,2,False,,,,,,,False,3.9541999999528343,Positive directional derivative for linesearch
Palmer Penguins,3,42,10,300,0.0001,50,least_cost,Unweighted k-means,Random 75% immutable,α < 1,0.9580439243793857,224,1,2,False,,,,,,,False,26.433499999996002,Positive directional derivative for linesearch
Palmer Penguins,3,42,10,300,0.0001,50,least_cost,Unweighted k-means,All features mutable,α = 1,1.0,145,2,1,True,,4.0,0.49695503788255435,1.4099007594615365,3.292393790581977,2.292393790581977,True,1.7609000000220476,Optimization terminated successfully
Palmer Penguins,3,42,10,300,0.0001,50,least_cost,Unweighted k-means,All features mutable,α < 1,0.6767622979364194,145,2,1,True,,4.0,0.9566570096222464,1.9561768934554424,2.4507272798594184,1.4507272798594184,True,1.6621999999983927,Optimization terminated successfully
Palmer Penguins,3,42,10,300,0.0001,50,least_cost,Unweighted k-means,Random 25% immutable,α = 1,1.0,145,2,1,True,,3.0,0.5774213135475759,1.5197648680602875,2.887009491135655,1.8870094911356552,True,1.5545999999631022,Optimization terminated successfully
Palmer Penguins,3,42,10,300,0.0001,50,least_cost,Unweighted k-means,Random 25% immutable,α < 1,0.6767622979364194,145,2,1,True,,3.0,1.1912446116995756,2.1828830584340295,2.0099911323834747,1.0099911323834747,True,1.5667999999777749,Optimization terminated successfully
Palmer Penguins,3,42,10,300,0.0001,50,least_cost,Unweighted k-means,Random 50% immutable,α = 1,1.0,145,2,1,True,,2.0,1.2521760875242351,2.2380134830015974,1.3818723193359763,0.3818723193359763,True,1.460199999996803,Optimization terminated successfully
Palmer Penguins,3,42,10,300,0.0001,50,least_cost,Unweighted k-means,Random 50% immutable,α < 1,0.6767622979364194,145,2,1,True,,2.0,2.433661110103026,3.1200391728970494,1.038140660147074,0.03814066014707396,True,1.4532000000144762,Optimization terminated successfully
Palmer Penguins,3,42,10,300,0.0001,50,least_cost,Unweighted k-means,Random 75% immutable,α = 1,1.0,145,2,1,False,,,,,,,False,0.9592999999767926,Positive directional derivative for linesearch
Palmer Penguins,3,42,10,300,0.0001,50,least_cost,Unweighted k-means,Random 75% immutable,α < 1,0.6767622979364194,145,2,1,False,,,,,,,False,0.9735000000432592,Positive directional derivative for linesearch
Palmer Penguins,3,42,10,300,0.0001,50,least_cost,Unweighted k-means,All features mutable,α = 1,1.0,296,2,0,True,,4.0,0.052522687501291535,0.4583565751739208,7.238789875674245,6.238789875674245,True,1.2831000000232962,Optimization terminated successfully
Palmer Penguins,3,42,10,300,0.0001,50,least_cost,Unweighted k-means,All features mutable,α < 1,0.9893549112643493,296,2,0,True,,4.0,0.05484713371934842,0.46838929842321725,7.083737702886176,6.083737702886176,True,1.2377999999557687,Optimization terminated successfully
Palmer Penguins,3,42,10,300,0.0001,50,least_cost,Unweighted k-means,Random 25% immutable,α = 1,1.0,296,2,0,True,,3.0,0.054951747474291164,0.4688357813746351,6.918809980138788,5.918809980138788,True,1.1691999999925429,Optimization terminated successfully
Palmer Penguins,3,42,10,300,0.0001,50,least_cost,Unweighted k-means,Random 25% immutable,α < 1,0.9893549112643493,296,2,0,True,,3.0,0.05738369427040832,0.4790978783940013,6.77061166105377,5.77061166105377,True,1.1733000000049287,Optimization terminated successfully
Palmer Penguins,3,42,10,300,0.0001,50,least_cost,Unweighted k-means,Random 50% immutable,α = 1,1.0,296,2,0,True,,2.0,0.3927213776905467,1.2533497160657863,2.848694622618694,1.848694622618694,True,1.4612000000511216,Optimization terminated successfully
Palmer Penguins,3,42,10,300,0.0001,50,least_cost,Unweighted k-means,Random 50% immutable,α < 1,0.9893549112643493,296,2,0,True,,2.0,0.41010167113231816,1.2807836212761594,2.7876766544733917,1.7876766544733917,True,1.5141000000085114,Optimization terminated successfully
Palmer Penguins,3,42,10,300,0.0001,50,least_cost,Unweighted k-means,Random 75% immutable,α = 1,1.0,296,2,0,True,,1.0,0.0638918483014286,0.5055367377409029,5.9506918366015205,4.9506918366015205,True,1.0125999999672786,Optimization terminated successfully
Palmer Penguins,3,42,10,300,0.0001,50,least_cost,Unweighted k-means,Random 75% immutable,α < 1,0.9893549112643493,296,2,0,True,,1.0,0.066719448567414,0.5166021624709444,5.823230247407554,4.823230247407554,True,0.9572999999818421,Optimization terminated successfully
Palmer Penguins,3,42,10,300,0.0001,50,least_cost,Unweighted k-means,All features mutable,α = 1,1.0,220,1,0,True,,4.0,0.9222284636480155,1.9206545380656204,2.518399502491851,1.5183995024918508,True,1.606199999969249,Optimization terminated successfully
Palmer Penguins,3,42,10,300,0.0001,50,least_cost,Unweighted k-means,All features mutable,α < 1,0.9893549112643493,220,1,0,True,,4.0,0.9366620781212194,1.9356260776515897,2.4989203803826965,1.4989203803826965,True,2.087399999993522,Optimization terminated successfully
Palmer Penguins,3,42,10,300,0.0001,50,least_cost,Unweighted k-means,Random 25% immutable,α = 1,1.0,220,1,0,True,,3.0,1.266197182126862,2.250508548863445,1.8342638392135515,0.8342638392135515,True,1.7042999999716812,Optimization terminated successfully
Palmer Penguins,3,42,10,300,0.0001,50,least_cost,Unweighted k-means,Random 25% immutable,α < 1,0.9893549112643493,220,1,0,True,,3.0,1.2860141826796152,2.2680513068972803,1.8200763099153505,0.8200763099153505,True,1.7764999999485553,Optimization terminated successfully
Palmer Penguins,3,42,10,300,0.0001,50,least_cost,Unweighted k-means,Random 50% immutable,α = 1,1.0,220,1,0,False,,,,,,,False,5.114700000035555,Positive directional derivative for linesearch
Palmer Penguins,3,42,10,300,0.0001,50,least_cost,Unweighted k-means,Random 50% immutable,α < 1,0.9893549112643493,220,1,0,False,,,,,,,False,11.483199999986482,Positive directional derivative for linesearch
Palmer Penguins,3,42,10,300,0.0001,50,least_cost,Unweighted k-means,Random 75% immutable,α = 1,1.0,220,1,0,False,,,,,,,False,7.771499999989828,Positive directional derivative for linesearch
Palmer Penguins,3,42,10,300,0.0001,50,least_cost,Unweighted k-means,Random 75% immutable,α < 1,0.9893549112643493,220,1,0,False,,,,,,,False,0.9788999999500447,Positive directional derivative for linesearch
Palmer Penguins,3,42,10,300,0.0001,50,least_cost,Unweighted k-means,All features mutable,α = 1,1.0,20,2,0,True,,4.0,0.33794106927606843,1.162653979954601,3.8108268840024406,2.8108268840024406,True,1.6340999999897576,Optimization terminated successfully
Palmer Penguins,3,42,10,300,0.0001,50,least_cost,Unweighted k-means,All features mutable,α < 1,0.9893549112643493,20,2,0,True,,4.0,0.34379852596780586,1.1726867032038963,3.77822399050377,2.77822399050377,True,1.621199999988221,Optimization terminated successfully
Palmer Penguins,3,42,10,300,0.0001,50,least_cost,Unweighted k-means,Random 25% immutable,α = 1,1.0,20,2,0,True,,3.0,0.37675480525442634,1.2276071118308598,3.4182308852103374,2.4182308852103374,True,1.5190000000302462,Optimization terminated successfully
Palmer Penguins,3,42,10,300,0.0001,50,least_cost,Unweighted k-means,Random 25% immutable,α < 1,0.9893549112643493,20,2,0,True,,3.0,0.38328501171885254,1.2382003258259182,3.3889867872777595,2.3889867872777595,True,1.550800000018171,Optimization terminated successfully
Palmer Penguins,3,42,10,300,0.0001,50,least_cost,Unweighted k-means,Random 50% immutable,α = 1,1.0,20,2,0,False,,,,,,,False,1.0404000000221458,Positive directional derivative for linesearch
Palmer Penguins,3,42,10,300,0.0001,50,least_cost,Unweighted k-means,Random 50% immutable,α < 1,0.9893549112643493,20,2,0,False,,,,,,,False,1.4493000000470602,Positive directional derivative for linesearch
Palmer Penguins,3,42,10,300,0.0001,50,least_cost,Unweighted k-means,Random 75% immutable,α = 1,1.0,20,2,0,False,,,,,,,False,5.956599999990431,Positive directional derivative for linesearch
Palmer Penguins,3,42,10,300,0.0001,50,least_cost,Unweighted k-means,Random 75% immutable,α < 1,0.9893549112643493,20,2,0,False,,,,,,,False,2.3214000000280066,Positive directional derivative for linesearch
Palmer Penguins,3,42,10,300,0.0001,50,least_cost,Unweighted k-means,All features mutable,α = 1,1.0,232,1,2,True,,4.0,1.8636496006535945,2.730311045030287,1.8297636975617009,0.8297636975617009,True,1.7041000000403983,Optimization terminated successfully
Palmer Penguins,3,42,10,300,0.0001,50,least_cost,Unweighted k-means,All features mutable,α < 1,0.9580439243793857,232,1,2,True,,4.0,1.9534342473124473,2.7953062424803816,1.8063875077147131,0.8063875077147131,True,1.6247000000362277,Optimization terminated successfully
Palmer Penguins,3,42,10,300,0.0001,50,least_cost,Unweighted k-means,Random 25% immutable,α = 1,1.0,232,1,2,True,,3.0,2.5426238428304555,3.1891214105646437,1.5003359620523693,0.5003359620523693,True,1.2042999999835047,Optimization terminated successfully
Palmer Penguins,3,42,10,300,0.0001,50,least_cost,Unweighted k-means,Random 25% immutable,α < 1,0.9580439243793857,232,1,2,True,,3.0,2.6768554880837985,3.2722197286146897,1.4761123262597715,0.4761123262597715,True,1.1766000000079657,Optimization terminated successfully
Palmer Penguins,3,42,10,300,0.0001,50,least_cost,Unweighted k-means,Random 50% immutable,α = 1,1.0,232,1,2,True,,2.0,3.2040727276263024,3.579984764004619,1.3006477085899815,0.30064770858998147,True,1.6727999999943677,Optimization terminated successfully
Palmer Penguins,3,42,10,300,0.0001,50,least_cost,Unweighted k-means,Random 50% immutable,α < 1,0.9580439243793857,232,1,2,True,,2.0,3.401782095558686,3.6887841333201843,1.2622855763466507,0.26228557634665073,True,1.5720999999757623,Optimization terminated successfully
Palmer Penguins,3,42,10,300,0.0001,50,least_cost,Unweighted k-means,Random 75% immutable,α = 1,1.0,232,1,2,False,,,,,,,False,9.618499999987762,Positive directional derivative for linesearch
Palmer Penguins,3,42,10,300,0.0001,50,least_cost,Unweighted k-means,Random 75% immutable,α < 1,0.9580439243793857,232,1,2,False,,,,,,,False,9.215600000004542,Positive directional derivative for linesearch
Palmer Penguins,3,42,10,300,0.0001,50,least_cost,Unweighted k-means,All features mutable,α = 1,1.0,142,2,0,True,,4.0,0.07656404141279884,0.5534041612160098,6.9094737532210555,5.9094737532210555,True,1.8946000000141794,Optimization terminated successfully
Palmer Penguins,3,42,10,300,0.0001,50,least_cost,Unweighted k-means,All features mutable,α < 1,0.9893549112643493,142,2,0,True,,4.0,0.07936528069399268,0.5634368844653062,6.786441624927376,5.786441624927376,True,1.8224000000373053,Optimization terminated successfully
Palmer Penguins,3,42,10,300,0.0001,50,least_cost,Unweighted k-means,Random 25% immutable,α = 1,1.0,142,2,0,True,,3.0,0.07899056212657941,0.5621051934525402,6.697220800194242,5.697220800194242,True,1.695299999994404,Optimization terminated successfully
Palmer Penguins,3,42,10,300,0.0001,50,least_cost,Unweighted k-means,Random 25% immutable,α < 1,0.9893549112643493,142,2,0,True,,3.0,0.08188058022632358,0.5722956586462057,6.57796811034588,5.57796811034588,True,1.6805999999860433,Optimization terminated successfully
Palmer Penguins,3,42,10,300,0.0001,50,least_cost,Unweighted k-means,Random 50% immutable,α = 1,1.0,142,2,0,True,,2.0,0.08838463137075322,0.5945910573520367,5.985398460226582,4.985398460226582,True,1.5720000000101209,Optimization terminated successfully
Palmer Penguins,3,42,10,300,0.0001,50,least_cost,Unweighted k-means,Random 50% immutable,α < 1,0.9893549112643493,142,2,0,True,,2.0,0.09161834914062268,0.6053704622481103,5.878820687636776,4.878820687636776,True,1.6140999999834094,Optimization terminated successfully
Palmer Penguins,3,42,10,300,0.0001,50,least_cost,Unweighted k-means,Random 75% immutable,α = 1,1.0,142,2,0,False,,,,,,,False,2.582200000006196,Positive directional derivative for linesearch
Palmer Penguins,3,42,10,300,0.0001,50,least_cost,Unweighted k-means,Random 75% immutable,α < 1,0.9893549112643493,142,2,0,False,,,,,,,False,2.4467000000072403,Positive directional derivative for linesearch
Palmer Penguins,3,42,10,300,0.0001,50,least_cost,Unweighted k-means,All features mutable,α = 1,1.0,282,0,2,True,,4.0,0.13061522310353352,0.7228145629510615,3.890572366096154,2.890572366096154,True,1.193400000033762,Optimization terminated successfully
Palmer Penguins,3,42,10,300,0.0001,50,least_cost,Unweighted k-means,All features mutable,α < 1,0.9580439243793857,282,0,2,True,,4.0,0.14529708195185154,0.7623570868086728,3.6887731744624865,2.6887731744624865,True,1.180799999985993,Optimization terminated successfully
Palmer Penguins,3,42,10,300,0.0001,50,least_cost,Unweighted k-means,Random 25% immutable,α = 1,1.0,282,0,2,True,,3.0,0.13665589250419616,0.7393399556474577,3.7185954223258726,2.7185954223258726,True,1.1856000000420863,Optimization terminated successfully
Palmer Penguins,3,42,10,300,0.0001,50,least_cost,Unweighted k-means,Random 25% immutable,α < 1,0.9580439243793857,282,0,2,True,,3.0,0.1520167559038294,0.7797865243868463,3.5257164555450915,2.5257164555450915,True,1.127499999995507,Optimization terminated successfully
Palmer Penguins,3,42,10,300,0.0001,50,least_cost,Unweighted k-means,Random 50% immutable,α = 1,1.0,282,0,2,True,,2.0,0.1531648787673609,0.7827256959302177,3.317783943508187,2.317783943508187,True,1.1010000000055697,Optimization terminated successfully
Palmer Penguins,3,42,10,300,0.0001,50,least_cost,Unweighted k-means,Random 50% immutable,α < 1,0.9580439243793857,282,0,2,True,,2.0,0.17038144196792318,0.8255457394182909,3.1456945655805995,2.1456945655805995,True,1.092200000016419,Optimization terminated successfully
Palmer Penguins,3,42,10,300,0.0001,50,least_cost,Unweighted k-means,Random 75% immutable,α = 1,1.0,282,0,2,False,,,,,,,False,1.0985999999775231,Positive directional derivative for linesearch
Palmer Penguins,3,42,10,300,0.0001,50,least_cost,Unweighted k-means,Random 75% immutable,α < 1,0.9580439243793857,282,0,2,False,,,,,,,False,0.9524000000169508,Positive directional derivative for linesearch
Palmer Penguins,3,42,10,300,0.0001,50,least_cost,Unweighted k-means,All features mutable,α = 1,1.0,175,1,0,True,,4.0,0.9297843083705062,1.9285064774280705,1.2542306858848082,0.25423068588480824,True,1.6580000000203654,Optimization terminated successfully
Palmer Penguins,3,42,10,300,0.0001,50,least_cost,Unweighted k-means,All features mutable,α < 1,0.9893549112643493,175,1,0,True,,4.0,0.944276700654207,1.9434780170140407,1.211009750461868,0.21100975046186798,True,2.5334999999699903,Optimization terminated successfully
Palmer Penguins,3,42,10,300,0.0001,50,least_cost,Unweighted k-means,Random 25% immutable,α = 1,1.0,175,1,0,True,,3.0,0.9297859553866068,1.928508185501536,1.2444659066000194,0.24446590660001943,True,1.7037000000073022,Optimization terminated successfully
Palmer Penguins,3,42,10,300,0.0001,50,least_cost,Unweighted k-means,Random 25% immutable,α < 1,0.9893549112643493,175,1,0,True,,3.0,0.9442783733420695,1.9434797383477602,1.2015815654973299,0.20158156549732986,True,1.7023999999992157,Optimization terminated successfully
Palmer Penguins,3,42,10,300,0.0001,50,least_cost,Unweighted k-means,Random 50% immutable,α = 1,1.0,175,1,0,False,,,,,,,False,2.7332999999885033,Positive directional derivative for linesearch
Palmer Penguins,3,42,10,300,0.0001,50,least_cost,Unweighted k-means,Random 50% immutable,α < 1,0.9893549112643493,175,1,0,False,,,,,,,False,1.9240999999965425,Positive directional derivative for linesearch
Palmer Penguins,3,42,10,300,0.0001,50,least_cost,Unweighted k-means,Random 75% immutable,α = 1,1.0,175,1,0,False,,,,,,,False,12.697099999968486,Positive directional derivative for linesearch
Palmer Penguins,3,42,10,300,0.0001,50,least_cost,Unweighted k-means,Random 75% immutable,α < 1,0.9893549112643493,175,1,0,False,,,,,,,False,3.476900000009664,Positive directional derivative for linesearch
Palmer Penguins,3,42,10,300,0.0001,50,least_cost,Unweighted k-means,All features mutable,α = 1,1.0,73,2,0,True,,4.0,0.4763455388182897,1.380355807490648,3.532251224239984,2.532251224239984,True,1.813599999991311,Optimization terminated successfully
Palmer Penguins,3,42,10,300,0.0001,50,least_cost,Unweighted k-means,All features mutable,α < 1,0.9893549112643493,73,2,0,True,,4.0,0.4832950666032948,1.3903885307399437,3.506763308455215,2.506763308455215,True,1.7955999999799133,Optimization terminated successfully
Palmer Penguins,3,42,10,300,0.0001,50,least_cost,Unweighted k-means,Random 25% immutable,α = 1,1.0,73,2,0,True,,3.0,0.4983754831472418,1.4119142794762602,3.3761133388599416,2.3761133388599416,True,1.6891000000214262,Optimization terminated successfully
Palmer Penguins,3,42,10,300,0.0001,50,least_cost,Unweighted k-means,Random 25% immutable,α < 1,0.9893549112643493,73,2,0,True,,3.0,0.5056464114655578,1.422176376495627,3.3517520819122977,2.3517520819122977,True,1.7690000000243344,Optimization terminated successfully
Palmer Penguins,3,42,10,300,0.0001,50,least_cost,Unweighted k-means,Random 50% immutable,α = 1,1.0,73,2,0,True,,2.0,0.5585827223259194,1.4947678379279097,3.012216536885131,2.012216536885131,True,1.4782000000082007,Optimization terminated successfully
Palmer Penguins,3,42,10,300,0.0001,50,least_cost,Unweighted k-means,Random 50% immutable,α < 1,0.9893549112643493,73,2,0,True,,2.0,0.5667320295675867,1.5056321324514654,2.990481077663264,1.9904810776632642,True,1.4635999999654814,Optimization terminated successfully
Palmer Penguins,3,42,10,300,0.0001,50,least_cost,Unweighted k-means,Random 75% immutable,α = 1,1.0,73,2,0,False,,,,,,,False,2.82470000001922,Positive directional derivative for linesearch
Palmer Penguins,3,42,10,300,0.0001,50,least_cost,Unweighted k-means,Random 75% immutable,α < 1,0.9893549112643493,73,2,0,False,,,,,,,False,17.989000000000033,Positive directional derivative for linesearch
Palmer Penguins,3,42,10,300,0.0001,50,least_cost,Unweighted k-means,All features mutable,α = 1,1.0,25,2,1,True,,4.0,1.113212363871812,2.110177588613633,2.0939637265890427,1.0939637265890427,True,1.68300000001409,Optimization terminated successfully
Palmer Penguins,3,42,10,300,0.0001,50,least_cost,Unweighted k-means,All features mutable,α < 1,0.6767622979364194,25,2,1,True,,4.0,1.7350447099773199,2.634421917595828,1.8178166905553736,0.8178166905553736,True,1.6726000000062413,Optimization terminated successfully
Palmer Penguins,3,42,10,300,0.0001,50,least_cost,Unweighted k-means,Random 25% immutable,α = 1,1.0,25,2,1,True,,3.0,2.0317075040704973,2.8507595507657233,1.6914653180942372,0.6914653180942372,True,1.554800000008072,Optimization terminated successfully
Palmer Penguins,3,42,10,300,0.0001,50,least_cost,Unweighted k-means,Random 25% immutable,α < 1,0.6767622979364194,25,2,1,True,,3.0,3.0136110358347494,3.4719510571635364,1.388833206423843,0.3888332064238429,True,1.6460000000506625,Optimization terminated successfully
Palmer Penguins,3,42,10,300,0.0001,50,least_cost,Unweighted k-means,Random 50% immutable,α = 1,1.0,25,2,1,True,,2.0,1.8559367085512877,2.7246553606291477,1.5864936976166177,0.5864936976166177,True,1.590200000009645,Optimization terminated successfully
Palmer Penguins,3,42,10,300,0.0001,50,least_cost,Unweighted k-means,Random 50% immutable,α < 1,0.6767622979364194,25,2,1,True,,2.0,3.1349621476124563,3.5411648634947546,1.2206854960742377,0.2206854960742377,True,1.418600000022252,Optimization terminated successfully
Palmer Penguins,3,42,10,300,0.0001,50,least_cost,Unweighted k-means,Random 75% immutable,α = 1,1.0,25,2,1,False,,,,,,,False,0.9301000000050408,Positive directional derivative for linesearch
Palmer Penguins,3,42,10,300,0.0001,50,least_cost,Unweighted k-means,Random 75% immutable,α < 1,0.6767622979364194,25,2,1,False,,,,,,,False,0.9231999999883556,Positive directional derivative for linesearch
Palmer Penguins,3,42,10,300,0.0001,50,least_cost,Unweighted k-means,All features mutable,α = 1,1.0,247,1,2,True,,4.0,0.8523095311406984,1.8464122303978583,2.212915593161405,1.212915593161405,True,1.6213999999763473,Optimization terminated successfully
Palmer Penguins,3,42,10,300,0.0001,50,least_cost,Unweighted k-means,All features mutable,α < 1,0.9580439243793857,247,1,2,True,,4.0,0.9113450076713027,1.9092878333779877,2.172816029228831,1.172816029228831,True,1.8329999999764368,Optimization terminated successfully
Palmer Penguins,3,42,10,300,0.0001,50,least_cost,Unweighted k-means,Random 25% immutable,α = 1,1.0,247,1,2,True,,3.0,1.143358117134643,2.138558502482121,1.8364244816033433,0.8364244816033433,True,1.6648000000145657,Optimization terminated successfully
Palmer Penguins,3,42,10,300,0.0001,50,least_cost,Unweighted k-means,Random 25% immutable,α < 1,0.9580439243793857,247,1,2,True,,3.0,1.2317372216251425,2.219673148574035,1.7939336809253372,0.7939336809253372,True,1.6672000000426124,Optimization terminated successfully
Palmer Penguins,3,42,10,300,0.0001,50,least_cost,Unweighted k-means,Random 50% immutable,α = 1,1.0,247,1,2,False,,,,,,,False,9.839100000021972,Positive directional derivative for linesearch
Palmer Penguins,3,42,10,300,0.0001,50,least_cost,Unweighted k-means,Random 50% immutable,α < 1,0.9580439243793857,247,1,2,False,,,,,,,False,10.155300000008083,Positive directional derivative for linesearch
Palmer Penguins,3,42,10,300,0.0001,50,least_cost,Unweighted k-means,Random 75% immutable,α = 1,1.0,247,1,2,False,,,,,,,False,13.589200000012625,Positive directional derivative for linesearch
Palmer Penguins,3,42,10,300,0.0001,50,least_cost,Unweighted k-means,Random 75% immutable,α < 1,0.9580439243793857,247,1,2,False,,,,,,,False,6.095099999981812,Positive directional derivative for linesearch
Palmer Penguins,3,42,10,300,0.0001,50,least_cost,Unweighted k-means,All features mutable,α = 1,1.0,227,1,0,True,,4.0,0.28480989214100383,1.0673516611520382,4.265042617043528,3.2650426170435276,True,1.7598000000020875,Optimization terminated successfully
Palmer Penguins,3,42,10,300,0.0001,50,least_cost,Unweighted k-means,All features mutable,α < 1,0.9893549112643493,227,1,0,True,,4.0,0.29285587771394117,1.0823232007380073,4.206045257985656,3.2060452579856564,True,1.6519999999786705,Optimization terminated successfully
Palmer Penguins,3,42,10,300,0.0001,50,least_cost,Unweighted k-means,Random 25% immutable,α = 1,1.0,227,1,0,True,,3.0,0.38693158285103574,1.2440764974084764,3.139382742827834,2.139382742827834,True,1.5584999999873617,Optimization terminated successfully
Palmer Penguins,3,42,10,300,0.0001,50,least_cost,Unweighted k-means,Random 25% immutable,α < 1,0.9893549112643493,227,1,0,True,,3.0,0.3978625442369974,1.2615269227995056,3.0959563530970136,2.0959563530970136,True,1.5471000000388813,Optimization terminated successfully
Palmer Penguins,3,42,10,300,0.0001,50,least_cost,Unweighted k-means,Random 50% immutable,α = 1,1.0,227,1,0,True,,2.0,0.3910379847918486,1.2506606011094274,3.500144885188174,2.500144885188174,True,1.4532000000144762,Optimization terminated successfully
Palmer Penguins,3,42,10,300,0.0001,50,least_cost,Unweighted k-means,Random 50% immutable,α < 1,0.9893549112643493,227,1,0,True,,2.0,0.40208495356268015,1.268203380475987,3.4517281387270744,2.4517281387270744,True,1.462800000012976,Optimization terminated successfully
Palmer Penguins,3,42,10,300,0.0001,50,least_cost,Unweighted k-means,Random 75% immutable,α = 1,1.0,227,1,0,True,,1.0,1.0791237553113306,2.0776176311451833,1.2683342338340688,0.26833423383406885,True,1.2917000000243206,Optimization terminated successfully
Palmer Penguins,3,42,10,300,0.0001,50,least_cost,Unweighted k-means,Random 75% immutable,α < 1,0.9893549112643493,227,1,0,True,,1.0,1.1096094034795834,2.1067599801397248,1.2507896444016906,0.2507896444016906,True,1.2791999999990367,Optimization terminated successfully
Palmer Penguins,3,42,10,300,0.0001,50,least_cost,Unweighted k-means,All features mutable,α = 1,1.0,57,2,1,True,,4.0,1.4304314457466152,2.392012914468996,1.692563979088799,0.692563979088799,True,1.839899999993122,Optimization terminated successfully
Palmer Penguins,3,42,10,300,0.0001,50,least_cost,Unweighted k-means,All features mutable,α < 1,0.6767622979364194,57,2,1,True,,4.0,2.2154746929645883,2.9768941485814295,1.3600197898019624,0.36001978980196236,True,1.8187000000011722,Optimization terminated successfully
Palmer Penguins,3,42,10,300,0.0001,50,least_cost,Unweighted k-means,Random 25% immutable,α = 1,1.0,57,2,1,True,,3.0,1.9457765994582688,2.7898219294128928,1.2377144677206484,0.23771446772064841,True,1.7445000000293476,Optimization terminated successfully
Palmer Penguins,3,42,10,300,0.0001,50,least_cost,Unweighted k-means,Random 25% immutable,α < 1,0.6767622979364194,57,2,1,True,,3.0,3.0135968919421945,3.47194290963558,1.0,0.0,False,1.5457999999739513,Optimization terminated successfully
Palmer Penguins,3,42,10,300,0.0001,50,least_cost,Unweighted k-means,Random 50% immutable,α = 1,1.0,57,2,1,False,,,,,,,False,4.903099999978622,Positive directional derivative for linesearch
Palmer Penguins,3,42,10,300,0.0001,50,least_cost,Unweighted k-means,Random 50% immutable,α < 1,0.6767622979364194,57,2,1,False,,,,,,,False,5.315300000006573,Positive directional derivative for linesearch
Palmer Penguins,3,42,10,300,0.0001,50,least_cost,Unweighted k-means,Random 75% immutable,α = 1,1.0,57,2,1,False,,,,,,,False,0.5768000000330176,Positive directional derivative for linesearch
Palmer Penguins,3,42,10,300,0.0001,50,least_cost,Unweighted k-means,Random 75% immutable,α < 1,0.6767622979364194,57,2,1,False,,,,,,,False,0.5790000000160944,Positive directional derivative for linesearch
Palmer Penguins,3,42,10,300,0.0001,50,least_cost,Unweighted k-means,All features mutable,α = 1,1.0,116,2,1,True,,4.0,1.0303150953540787,2.0300887619550814,2.067970351629182,1.067970351629182,True,1.6547000000173284,Optimization terminated successfully
Palmer Penguins,3,42,10,300,0.0001,50,least_cost,Unweighted k-means,All features mutable,α < 1,0.6767622979364194,116,2,1,True,,4.0,1.628502766009425,2.5522560733667965,1.5954726527652467,0.5954726527652467,True,1.6303000000448264,Optimization terminated successfully
Palmer Penguins,3,42,10,300,0.0001,50,least_cost,Unweighted k-means,Random 25% immutable,α = 1,1.0,116,2,1,True,,3.0,1.4793954005227827,2.432607983644535,2.003281032183781,1.0032810321837808,True,1.7750999999748274,Optimization terminated successfully
Palmer Penguins,3,42,10,300,0.0001,50,least_cost,Unweighted k-means,Random 25% immutable,α < 1,0.6767622979364194,116,2,1,True,,3.0,2.382958741443157,3.0873669956408856,1.572133918176176,0.572133918176176,True,1.680399999997917,Optimization terminated successfully
Palmer Penguins,3,42,10,300,0.0001,50,least_cost,Unweighted k-means,Random 50% immutable,α = 1,1.0,116,2,1,True,,2.0,1.8863310925981658,2.746875383120367,1.1818971599048167,0.1818971599048167,True,1.575199999990673,Optimization terminated successfully
Palmer Penguins,3,42,10,300,0.0001,50,least_cost,Unweighted k-means,Random 50% immutable,α < 1,0.6767622979364194,116,2,1,True,,2.0,2.8395585289046004,3.370197934189979,1.0000000000000016,1.5543122344752192e-15,True,1.4467999999965286,Optimization terminated successfully
Palmer Penguins,3,42,10,300,0.0001,50,least_cost,Unweighted k-means,Random 75% immutable,α = 1,1.0,116,2,1,False,,,,,,,False,11.218799999994644,Positive directional derivative for linesearch
Palmer Penguins,3,42,10,300,0.0001,50,least_cost,Unweighted k-means,Random 75% immutable,α < 1,0.6767622979364194,116,2,1,False,,,,,,,False,1.0002999999869644,Positive directional derivative for linesearch
Palmer Penguins,3,42,10,300,0.0001,50,least_cost,Unweighted k-means,All features mutable,α = 1,1.0,39,2,1,True,,4.0,1.5284467653369547,2.472607340713001,2.163284506176805,1.163284506176805,True,1.6522999999892818,Optimization terminated successfully
Palmer Penguins,3,42,10,300,0.0001,50,least_cost,Unweighted k-means,All features mutable,α < 1,0.6767622979364194,39,2,1,True,,4.0,2.333363825388812,3.055070424974725,1.8392811055030316,0.8392811055030316,True,1.632200000017292,Optimization terminated successfully
Palmer Penguins,3,42,10,300,0.0001,50,least_cost,Unweighted k-means,Random 25% immutable,α = 1,1.0,39,2,1,True,,3.0,2.1121099488622157,2.9066199950197933,1.4407920307679976,0.44079203076799756,True,1.689399999975194,Optimization terminated successfully
Palmer Penguins,3,42,10,300,0.0001,50,least_cost,Unweighted k-means,Random 25% immutable,α < 1,0.6767622979364194,39,2,1,True,,3.0,3.2058494444145413,3.5809772098769583,1.209041519412461,0.20904151941246107,True,1.5750000000025466,Optimization terminated successfully
Palmer Penguins,3,42,10,300,0.0001,50,least_cost,Unweighted k-means,Random 50% immutable,α = 1,1.0,39,2,1,False,,,,,,,False,26.8069000000537,Positive directional derivative for linesearch
Palmer Penguins,3,42,10,300,0.0001,50,least_cost,Unweighted k-means,Random 50% immutable,α < 1,0.6767622979364194,39,2,1,False,,,,,,,False,13.650400000017271,Positive directional derivative for linesearch
Palmer Penguins,3,42,10,300,0.0001,50,least_cost,Unweighted k-means,Random 75% immutable,α = 1,1.0,39,2,1,False,,,,,,,False,1.844000000005508,Positive directional derivative for linesearch
Palmer Penguins,3,42,10,300,0.0001,50,least_cost,Unweighted k-means,Random 75% immutable,α < 1,0.6767622979364194,39,2,1,False,,,,,,,False,3.5972000000015214,Positive directional derivative for linesearch
Palmer Penguins,3,42,10,300,0.0001,50,least_cost,Unweighted k-means,All features mutable,α = 1,1.0,28,2,0,True,,4.0,0.08623238334426724,0.5873070179872439,6.579513218517661,5.579513218517661,True,1.8824999999651482,Optimization terminated successfully
Palmer Penguins,3,42,10,300,0.0001,50,least_cost,Unweighted k-means,All features mutable,α < 1,0.9893549112643493,28,2,0,True,,4.0,0.08920369161513417,0.5973397412365401,6.469005860966431,5.469005860966431,True,5.453299999999217,Optimization terminated successfully
Palmer Penguins,3,42,10,300,0.0001,50,least_cost,Unweighted k-means,Random 25% immutable,α = 1,1.0,28,2,0,True,,3.0,0.4846044885948116,1.3922707906076484,2.2792972807260248,1.2792972807260248,True,1.7103999999790176,Optimization terminated successfully
Palmer Penguins,3,42,10,300,0.0001,50,least_cost,Unweighted k-means,Random 25% immutable,α < 1,0.9893549112643493,28,2,0,True,,3.0,0.501302500051974,1.4160543775603731,2.2410149327773397,1.2410149327773397,True,1.5510000000062973,Optimization terminated successfully
Palmer Penguins,3,42,10,300,0.0001,50,least_cost,Unweighted k-means,Random 50% immutable,α = 1,1.0,28,2,0,True,,2.0,1.1522521129627712,2.146860137934254,1.0,0.0,False,1.458800000023075,Optimization terminated successfully
Palmer Penguins,3,42,10,300,0.0001,50,least_cost,Unweighted k-means,Random 50% immutable,α < 1,0.9893549112643493,28,2,0,True,,2.0,1.1932454283102596,2.1847154764959758,1.0,0.0,False,1.4678000000003522,Optimization terminated successfully
Palmer Penguins,3,42,10,300,0.0001,50,least_cost,Unweighted k-means,Random 75% immutable,α = 1,1.0,28,2,0,False,,,,,,,False,1.73219999999219,Positive directional derivative for linesearch
Palmer Penguins,3,42,10,300,0.0001,50,least_cost,Unweighted k-means,Random 75% immutable,α < 1,0.9893549112643493,28,2,0,False,,,,,,,False,0.9531999999694563,Positive directional derivative for linesearch
Palmer Penguins,3,42,10,300,0.0001,50,least_cost,Unweighted k-means,All features mutable,α = 1,1.0,273,1,2,True,,4.0,1.0270647343736867,2.0268840463861633,2.0738811537796282,1.0738811537796282,True,1.8162999999731255,Optimization terminated successfully
Palmer Penguins,3,42,10,300,0.0001,50,least_cost,Unweighted k-means,All features mutable,α < 1,0.9580439243793857,273,1,2,True,,4.0,1.091717109130759,2.089705346818789,2.0395960131556907,1.0395960131556907,True,1.653999999973621,Optimization terminated successfully
Palmer Penguins,3,42,10,300,0.0001,50,least_cost,Unweighted k-means,Random 25% immutable,α = 1,1.0,273,1,2,True,,3.0,1.245089712847107,2.2316717615698836,1.9122914416259602,0.9122914416259602,True,1.5435999999908745,Optimization terminated successfully
Palmer Penguins,3,42,10,300,0.0001,50,least_cost,Unweighted k-means,Random 25% immutable,α < 1,0.9580439243793857,273,1,2,True,,3.0,1.332981780199149,2.3090966027424225,1.8756275729104568,0.8756275729104568,True,1.547500000015134,Optimization terminated successfully
Palmer Penguins,3,42,10,300,0.0001,50,least_cost,Unweighted k-means,Random 50% immutable,α = 1,1.0,273,1,2,False,,,,,,,False,1.5686000000414424,Positive directional derivative for linesearch
Palmer Penguins,3,42,10,300,0.0001,50,least_cost,Unweighted k-means,Random 50% immutable,α < 1,0.9580439243793857,273,1,2,False,,,,,,,False,7.589599999960228,Positive directional derivative for linesearch
Palmer Penguins,3,42,10,300,0.0001,50,least_cost,Unweighted k-means,Random 75% immutable,α = 1,1.0,273,1,2,False,,,,,,,False,0.5798000000254433,Positive directional derivative for linesearch
Palmer Penguins,3,42,10,300,0.0001,50,least_cost,Unweighted k-means,Random 75% immutable,α < 1,0.9580439243793857,273,1,2,False,,,,,,,False,0.5640999999627638,Positive directional derivative for linesearch
Palmer Penguins,3,42,10,300,0.0001,50,least_cost,Ranked k-means,All features mutable,α = 1,1.0,318,0,2,True,,4.0,0.4536117902012489,1.3470141650350214,2.8236526861727107,1.8236526861727107,True,1.6211000000225795,Optimization terminated successfully
Palmer Penguins,3,42,10,300,0.0001,50,least_cost,Ranked k-means,All features mutable,α < 1,0.9580439243793857,318,0,2,True,,4.0,0.4806348641828624,1.3865566907744702,2.743126325048245,1.743126325048245,True,1.658600000041588,Optimization terminated successfully
Palmer Penguins,3,42,10,300,0.0001,50,least_cost,Ranked k-means,Random 25% immutable,α = 1,1.0,318,0,2,True,,3.0,0.5057107206427544,1.4222668113160124,2.5327565717411122,1.5327565717411122,True,1.54680000002827,Optimization terminated successfully
Palmer Penguins,3,42,10,300,0.0001,50,least_cost,Ranked k-means,Random 25% immutable,α < 1,0.9580439243793857,318,0,2,True,,3.0,0.5358374909614024,1.4640184301591321,2.460526131466004,1.460526131466004,True,1.6876999999908548,Optimization terminated successfully
Palmer Penguins,3,42,10,300,0.0001,50,least_cost,Ranked k-means,Random 50% immutable,α = 1,1.0,318,0,2,True,,2.0,0.5319241768870723,1.4586626435020158,2.407941216777945,1.407941216777945,True,1.644799999951374,Optimization terminated successfully
Palmer Penguins,3,42,10,300,0.0001,50,least_cost,Ranked k-means,Random 50% immutable,α < 1,0.9580439243793857,318,0,2,True,,2.0,0.5636125648327442,1.5014826869900888,2.3392703294718737,1.3392703294718737,True,1.5886999999565887,Optimization terminated successfully
Palmer Penguins,3,42,10,300,0.0001,50,least_cost,Ranked k-means,Random 75% immutable,α = 1,1.0,318,0,2,True,,1.0,0.5518014607794963,1.4856668008399412,2.3212010835443455,1.3212010835443455,True,1.4261000000033164,Optimization terminated successfully
Palmer Penguins,3,42,10,300,0.0001,50,least_cost,Ranked k-means,Random 75% immutable,α < 1,0.9580439243793857,318,0,2,True,,1.0,0.5846740007352822,1.5292795699090238,2.255003895789103,1.2550038957891032,True,1.4247999999952299,Optimization terminated successfully
Palmer Penguins,3,42,10,300,0.0001,50,least_cost,Ranked k-means,All features mutable,α = 1,1.0,158,1,2,True,,4.0,0.8431750704671971,1.8364912964315372,2.5757168592877466,1.5757168592877466,True,1.8224000000373053,Optimization terminated successfully
Palmer Penguins,3,42,10,300,0.0001,50,least_cost,Ranked k-means,All features mutable,α < 1,0.9580439243793857,158,1,2,True,,4.0,0.9124530572224647,1.910448174876738,2.511783821322953,1.511783821322953,True,1.8231999999898107,Optimization terminated successfully
Palmer Penguins,3,42,10,300,0.0001,50,least_cost,Ranked k-means,Random 25% immutable,α = 1,1.0,158,1,2,True,,3.0,1.1291941673482033,2.1252709637579894,2.2464935583788535,1.2464935583788535,True,1.748000000020511,Optimization terminated successfully
Palmer Penguins,3,42,10,300,0.0001,50,least_cost,Ranked k-means,Random 25% immutable,α < 1,0.9580439243793857,158,1,2,True,,3.0,1.225004590520864,2.213598509685859,2.185311612035491,1.1853116120354912,True,1.5235000000188847,Optimization terminated successfully
Palmer Penguins,3,42,10,300,0.0001,50,least_cost,Ranked k-means,Random 50% immutable,α = 1,1.0,158,1,2,True,,2.0,1.528549995470633,2.4726908383141093,1.6936434224262846,0.6936434224262846,True,1.7680999999925007,Optimization terminated successfully
Palmer Penguins,3,42,10,300,0.0001,50,least_cost,Ranked k-means,Random 50% immutable,α < 1,0.9580439243793857,158,1,2,True,,2.0,1.6585820153438338,2.5757189406795407,1.6258981384084539,0.6258981384084539,True,1.4695000000415348,Optimization terminated successfully
Palmer Penguins,3,42,10,300,0.0001,50,least_cost,Ranked k-means,Random 75% immutable,α = 1,1.0,158,1,2,False,,,,,,,False,4.039400000010573,Positive directional derivative for linesearch
Palmer Penguins,3,42,10,300,0.0001,50,least_cost,Ranked k-means,Random 75% immutable,α < 1,0.9580439243793857,158,1,2,False,,,,,,,False,1.0623000000009597,Positive directional derivative for linesearch
Palmer Penguins,3,42,10,300,0.0001,50,least_cost,Ranked k-means,All features mutable,α = 1,1.0,140,2,0,True,,4.0,0.11781175978262712,0.6864743543137708,5.599572493600927,4.599572493600927,True,1.3626999999587497,Optimization terminated successfully
Palmer Penguins,3,42,10,300,0.0001,50,least_cost,Ranked k-means,All features mutable,α < 1,0.9893549112643493,140,2,0,True,,4.0,0.12128052727386103,0.696507077563067,5.518914359982151,4.518914359982151,True,1.2385999999651176,Optimization terminated successfully
Palmer Penguins,3,42,10,300,0.0001,50,least_cost,Ranked k-means,Random 25% immutable,α = 1,1.0,140,2,0,True,,3.0,0.12154553180098476,0.6972676151980236,5.427558548536381,4.427558548536381,True,1.5887000000134321,Optimization terminated successfully
Palmer Penguins,3,42,10,300,0.0001,50,least_cost,Ranked k-means,Random 25% immutable,α < 1,0.9893549112643493,140,2,0,True,,3.0,0.12512423387787344,0.7074580803916892,5.349378161127075,4.349378161127075,True,1.5465000000176587,Optimization terminated successfully
Palmer Penguins,3,42,10,300,0.0001,50,least_cost,Ranked k-means,Random 50% immutable,α = 1,1.0,140,2,0,True,,2.0,0.8002172581127015,1.7890972674650214,1.1758862643579868,0.17588626435798682,True,1.444900000024063,Optimization terminated successfully
Palmer Penguins,3,42,10,300,0.0001,50,least_cost,Ranked k-means,Random 50% immutable,α < 1,0.9893549112643493,140,2,0,True,,2.0,0.8237782983347255,1.8152446648699734,1.1474187051902962,0.1474187051902962,True,1.5105000000517066,Optimization terminated successfully
Palmer Penguins,3,42,10,300,0.0001,50,least_cost,Ranked k-means,Random 75% immutable,α = 1,1.0,140,2,0,True,,1.0,1.1435680048510155,2.1387547824386184,1.3696505835428094,0.36965058354280944,True,1.345200000002933,Optimization terminated successfully
Palmer Penguins,3,42,10,300,0.0001,50,least_cost,Ranked k-means,Random 75% immutable,α < 1,0.9893549112643493,140,2,0,True,,1.0,1.1772384255845771,2.1700123737753914,1.3364920964859313,0.33649209648593126,True,1.312999999981912,Optimization terminated successfully
Palmer Penguins,3,42,10,300,0.0001,50,least_cost,Ranked k-means,All features mutable,α = 1,1.0,26,2,0,True,,4.0,0.12712407094620304,0.7130892537297222,5.418949026693373,4.418949026693373,True,1.3448000000266802,Optimization terminated successfully
Palmer Penguins,3,42,10,300,0.0001,50,least_cost,Ranked k-means,All features mutable,α < 1,0.9893549112643493,26,2,0,True,,4.0,0.13072634839312733,0.7231219769668941,5.3437655619253785,4.3437655619253785,True,1.5897000000109074,Optimization terminated successfully
Palmer Penguins,3,42,10,300,0.0001,50,least_cost,Ranked k-means,Random 25% immutable,α = 1,1.0,26,2,0,True,,3.0,0.14172472419647617,0.7529268867465849,4.860682320428501,3.8606823204285012,True,1.2317000000052758,Optimization terminated successfully
Palmer Penguins,3,42,10,300,0.0001,50,least_cost,Ranked k-means,Random 25% immutable,α < 1,0.9893549112643493,26,2,0,True,,3.0,0.14574073606460272,0.7635201007559729,4.793244347386764,3.7932443473867643,True,1.1208000000237917,Optimization terminated successfully
Palmer Penguins,3,42,10,300,0.0001,50,least_cost,Ranked k-means,Random 50% immutable,α = 1,1.0,26,2,0,True,,2.0,0.8634696224406673,1.858461323181806,1.4485853855930944,0.44858538559309435,True,2.065899999990961,Optimization terminated successfully
Palmer Penguins,3,42,10,300,0.0001,50,least_cost,Ranked k-means,Random 50% immutable,α < 1,0.9893549112643493,26,2,0,True,,2.0,0.8879375074279123,1.884608720586756,1.4173821126267292,0.4173821126267292,True,2.038599999991675,Optimization terminated successfully
Palmer Penguins,3,42,10,300,0.0001,50,least_cost,Ranked k-means,Random 75% immutable,α = 1,1.0,26,2,0,False,,,,,,,False,5.77179999999089,Positive directional derivative for linesearch
Palmer Penguins,3,42,10,300,0.0001,50,least_cost,Ranked k-means,Random 75% immutable,α < 1,0.9893549112643493,26,2,0,False,,,,,,,False,2.457800000001953,Positive directional derivative for linesearch
Palmer Penguins,3,42,10,300,0.0001,50,least_cost,Ranked k-means,All features mutable,α = 1,1.0,266,1,2,True,,4.0,3.198867086920684,3.5770753902710433,1.5606085070455167,0.5606085070455167,True,2.35659999998461,Optimization terminated successfully
Palmer Penguins,3,42,10,300,0.0001,50,least_cost,Ranked k-means,All features mutable,α < 1,0.9580439243793857,266,1,2,True,,4.0,3.315080991096642,3.641472774082839,1.5454789084568639,0.5454789084568639,True,1.8859999999563115,Optimization terminated successfully
Palmer Penguins,3,42,10,300,0.0001,50,least_cost,Ranked k-means,Random 25% immutable,α = 1,1.0,266,1,2,True,,3.0,4.347426991990785,4.170096877527325,1.2833587503067256,0.28335875030672564,True,1.7251000000442218,Optimization terminated successfully
Palmer Penguins,3,42,10,300,0.0001,50,least_cost,Ranked k-means,Random 25% immutable,α < 1,0.9580439243793857,266,1,2,True,,3.0,4.52123772561959,4.252640462404312,1.267576964661371,0.26757696466137104,True,1.6161000000352033,Optimization terminated successfully
Palmer Penguins,3,42,10,300,0.0001,50,least_cost,Ranked k-means,Random 50% immutable,α = 1,1.0,266,1,2,False,,,,,,,False,4.36450000000832,Positive directional derivative for linesearch
Palmer Penguins,3,42,10,300,0.0001,50,least_cost,Ranked k-means,Random 50% immutable,α < 1,0.9580439243793857,266,1,2,False,,,,,,,False,1.9957000000090375,Positive directional derivative for linesearch
Palmer Penguins,3,42,10,300,0.0001,50,least_cost,Ranked k-means,Random 75% immutable,α = 1,1.0,266,1,2,False,,,,,,,False,3.0393000000117354,Positive directional derivative for linesearch
Palmer Penguins,3,42,10,300,0.0001,50,least_cost,Ranked k-means,Random 75% immutable,α < 1,0.9580439243793857,266,1,2,False,,,,,,,False,3.9317000000096414,Positive directional derivative for linesearch
Palmer Penguins,3,42,10,300,0.0001,50,least_cost,Ranked k-means,All features mutable,α = 1,1.0,328,2,1,True,,4.0,0.662537659325832,1.6279283268323972,2.0031550798066435,1.0031550798066435,True,1.2988999999947737,Optimization terminated successfully
Palmer Penguins,3,42,10,300,0.0001,50,least_cost,Ranked k-means,All features mutable,α < 1,0.6767622979364194,328,2,1,True,,4.0,1.1464784475559235,2.1414746765310335,1.6828929033486562,0.6828929033486562,True,1.7599000000245724,Optimization terminated successfully
Palmer Penguins,3,42,10,300,0.0001,50,least_cost,Ranked k-means,Random 25% immutable,α = 1,1.0,328,2,1,True,,3.0,1.2269851034059398,2.2153871927100597,2.0149878119773854,1.0149878119773854,True,1.6843000000221764,Optimization terminated successfully
Palmer Penguins,3,42,10,300,0.0001,50,least_cost,Ranked k-means,Random 25% immutable,α < 1,0.6767622979364194,328,2,1,True,,3.0,2.0115446790581455,2.836578699107885,1.5737191229274239,0.5737191229274239,True,1.72629999997298,Optimization terminated successfully
Palmer Penguins,3,42,10,300,0.0001,50,least_cost,Ranked k-means,Random 50% immutable,α = 1,1.0,328,2,1,True,,2.0,1.2269891615572162,2.2153908563115596,2.014981142661825,1.0149811426618252,True,1.5210999999908381,Optimization terminated successfully
Palmer Penguins,3,42,10,300,0.0001,50,least_cost,Ranked k-means,Random 50% immutable,α < 1,0.6767622979364194,328,2,1,True,,2.0,2.011551332075021,2.8365833899781765,1.5737139334365853,0.5737139334365853,True,1.5225000000214095,Optimization terminated successfully
Palmer Penguins,3,42,10,300,0.0001,50,least_cost,Ranked k-means,Random 75% immutable,α = 1,1.0,328,2,1,False,,,,,,,False,19.968599999970138,Positive directional derivative for linesearch
Palmer Penguins,3,42,10,300,0.0001,50,least_cost,Ranked k-means,Random 75% immutable,α < 1,0.6767622979364194,328,2,1,False,,,,,,,False,34.459099999992304,Positive directional derivative for linesearch
Palmer Penguins,3,42,10,300,0.0001,50,least_cost,Ranked k-means,All features mutable,α = 1,1.0,204,1,0,True,,4.0,0.6691224592039895,1.6359981163852109,2.956589886853362,1.956589886853362,True,1.8297999999958847,Optimization terminated successfully
Palmer Penguins,3,42,10,300,0.0001,50,least_cost,Ranked k-means,All features mutable,α < 1,0.9893549112643493,204,1,0,True,,4.0,0.6814252012343994,1.6509696559711804,2.929778561902282,1.9297785619022818,True,1.726399999995465,Optimization terminated successfully
Palmer Penguins,3,42,10,300,0.0001,50,least_cost,Ranked k-means,Random 25% immutable,α = 1,1.0,204,1,0,True,,3.0,0.6691236444847599,1.6359995653847343,2.9565846347681726,1.9565846347681726,True,1.624499999991258,Optimization terminated successfully
Palmer Penguins,3,42,10,300,0.0001,50,least_cost,Ranked k-means,Random 25% immutable,α < 1,0.9893549112643493,204,1,0,True,,3.0,0.6814264083081976,1.6509711182309612,2.929773370630056,1.929773370630056,True,1.7033000000310494,Optimization terminated successfully
Palmer Penguins,3,42,10,300,0.0001,50,least_cost,Ranked k-means,Random 50% immutable,α = 1,1.0,204,1,0,True,,2.0,0.9090457967656465,1.9068778636982984,2.176260745769058,1.1762607457690581,True,1.5993999999750486,Optimization terminated successfully
Palmer Penguins,3,42,10,300,0.0001,50,least_cost,Ranked k-means,Random 50% immutable,α < 1,0.9893549112643493,204,1,0,True,,2.0,0.9257598612505549,1.924328310086982,2.156525707731926,1.1565257077319262,True,1.5680999999858614,Optimization terminated successfully
Palmer Penguins,3,42,10,300,0.0001,50,least_cost,Ranked k-means,Random 75% immutable,α = 1,1.0,204,1,0,False,,,,,,,False,8.252599999991617,Positive directional derivative for linesearch
Palmer Penguins,3,42,10,300,0.0001,50,least_cost,Ranked k-means,Random 75% immutable,α < 1,0.9893549112643493,204,1,0,False,,,,,,,False,1.3442000000054577,Positive directional derivative for linesearch
Palmer Penguins,3,42,10,300,0.0001,50,least_cost,Ranked k-means,All features mutable,α = 1,1.0,234,1,0,True,,4.0,0.5747182119561206,1.5162034322031073,2.7484705030138823,1.7484705030138823,True,1.884500000016942,Optimization terminated successfully
Palmer Penguins,3,42,10,300,0.0001,50,least_cost,Ranked k-means,All features mutable,α < 1,0.9893549112643493,234,1,0,True,,4.0,0.5861241985583201,1.5311749717890768,2.721596464231599,1.7215964642315988,True,1.7279999999573192,Optimization terminated successfully
Palmer Penguins,3,42,10,300,0.0001,50,least_cost,Ranked k-means,Random 25% immutable,α = 1,1.0,234,1,0,True,,3.0,0.7890740843296844,1.7765968415256,2.0018349197896192,1.0018349197896192,True,1.6639999999483734,Optimization terminated successfully
Palmer Penguins,3,42,10,300,0.0001,50,least_cost,Ranked k-means,Random 25% immutable,α < 1,0.9893549112643493,234,1,0,True,,3.0,0.8047342256768232,1.7941395995594358,1.9822613378968843,0.9822613378968843,True,1.7383999999651678,Optimization terminated successfully
Palmer Penguins,3,42,10,300,0.0001,50,least_cost,Ranked k-means,Random 50% immutable,α = 1,1.0,234,1,0,True,,2.0,2.1156046938089337,2.909023680762282,1.137591003377336,0.13759100337733599,True,1.5012999999726162,Optimization terminated successfully
Palmer Penguins,3,42,10,300,0.0001,50,least_cost,Ranked k-means,Random 50% immutable,α < 1,0.9893549112643493,234,1,0,True,,2.0,2.1575914593074557,2.9377484298744543,1.1264678535215953,0.12646785352159529,True,1.533700000038607,Optimization terminated successfully
Palmer Penguins,3,42,10,300,0.0001,50,least_cost,Ranked k-means,Random 75% immutable,α = 1,1.0,234,1,0,False,,,,,,,False,2.601499999968837,Positive directional derivative for linesearch
Palmer Penguins,3,42,10,300,0.0001,50,least_cost,Ranked k-means,Random 75% immutable,α < 1,0.9893549112643493,234,1,0,False,,,,,,,False,5.285700000001725,Positive directional derivative for linesearch
Palmer Penguins,3,42,10,300,0.0001,50,least_cost,Ranked k-means,All features mutable,α = 1,1.0,91,2,1,True,,4.0,1.2148729684401802,2.2044255201209952,2.09896475639746,1.0989647563974598,True,1.7782000000465814,Optimization terminated successfully
Palmer Penguins,3,42,10,300,0.0001,50,least_cost,Ranked k-means,All features mutable,α < 1,0.6767622979364194,91,2,1,True,,4.0,1.9450580423030581,2.78930675423343,1.6588392793933622,0.6588392793933622,True,1.785499999982676,Optimization terminated successfully
Palmer Penguins,3,42,10,300,0.0001,50,least_cost,Ranked k-means,Random 25% immutable,α = 1,1.0,91,2,1,True,,3.0,1.7889865268419238,2.6750600193953957,1.4253743617269519,0.42537436172695187,True,1.7021999999542459,Optimization terminated successfully
Palmer Penguins,3,42,10,300,0.0001,50,least_cost,Ranked k-means,Random 25% immutable,α < 1,0.6767622979364194,91,2,1,True,,3.0,2.8642357859631877,3.3848106511077916,1.1264919825721864,0.1264919825721864,True,1.6990999999961787,Optimization terminated successfully
Palmer Penguins,3,42,10,300,0.0001,50,least_cost,Ranked k-means,Random 50% immutable,α = 1,1.0,91,2,1,True,,2.0,2.3676526098609942,3.077435692170346,1.0770057886309086,0.07700578863090857,True,1.596100000028855,Optimization terminated successfully
Palmer Penguins,3,42,10,300,0.0001,50,least_cost,Ranked k-means,Random 50% immutable,α < 1,0.6767622979364194,91,2,1,False,,,,,,,False,4.596699999979137,Positive directional derivative for linesearch
Palmer Penguins,3,42,10,300,0.0001,50,least_cost,Ranked k-means,Random 75% immutable,α = 1,1.0,91,2,1,False,,,,,,,False,1.03740000002972,Positive directional derivative for linesearch
Palmer Penguins,3,42,10,300,0.0001,50,least_cost,Ranked k-means,Random 75% immutable,α < 1,0.6767622979364194,91,2,1,False,,,,,,,False,1.0414999999852625,Positive directional derivative for linesearch
Palmer Penguins,3,42,10,300,0.0001,50,least_cost,Ranked k-means,All features mutable,α = 1,1.0,151,1,2,True,,4.0,0.5361352196591964,1.4644251017504397,2.9826297131352875,1.9826297131352875,True,1.7464999999674546,Optimization terminated successfully
Palmer Penguins,3,42,10,300,0.0001,50,least_cost,Ranked k-means,All features mutable,α < 1,0.9580439243793857,151,1,2,True,,4.0,0.593163649323551,1.5403423636627684,2.83562796134076,1.83562796134076,True,1.7983999999842126,Optimization terminated successfully
Palmer Penguins,3,42,10,300,0.0001,50,least_cost,Ranked k-means,Random 25% immutable,α = 1,1.0,151,1,2,True,,3.0,0.7292773059188538,1.7079546901705018,2.4613950503130493,1.4613950503130493,True,1.6756999999643085,Optimization terminated successfully
Palmer Penguins,3,42,10,300,0.0001,50,least_cost,Ranked k-means,Random 25% immutable,α < 1,0.9580439243793857,151,1,2,True,,3.0,0.806850160716267,1.7964967695114478,2.340082832616917,1.340082832616917,True,1.7048000000272623,Optimization terminated successfully
Palmer Penguins,3,42,10,300,0.0001,50,least_cost,Ranked k-means,Random 50% immutable,α = 1,1.0,151,1,2,True,,2.0,1.2942495621695538,2.275301792878961,1.541598526293804,0.5415985262938039,True,1.5740000000050713,Optimization terminated successfully
Palmer Penguins,3,42,10,300,0.0001,50,least_cost,Ranked k-means,Random 50% immutable,α < 1,0.9580439243793857,151,1,2,True,,2.0,1.4319182274947357,2.3932557134537342,1.4656193778168305,0.4656193778168305,True,1.5640999999959604,Optimization terminated successfully
Palmer Penguins,3,42,10,300,0.0001,50,least_cost,Ranked k-means,Random 75% immutable,α = 1,1.0,151,1,2,False,,,,,,,False,7.407300000011219,Positive directional derivative for linesearch
Palmer Penguins,3,42,10,300,0.0001,50,least_cost,Ranked k-means,Random 75% immutable,α < 1,0.9580439243793857,151,1,2,False,,,,,,,False,23.087599999996655,Positive directional derivative for linesearch
Palmer Penguins,3,42,10,300,0.0001,50,least_cost,Ranked k-means,All features mutable,α = 1,1.0,119,2,0,True,,4.0,0.5651899113613399,1.503582270926789,3.1485764849338143,2.1485764849338143,True,1.7113999999764928,Optimization terminated successfully
Palmer Penguins,3,42,10,300,0.0001,50,least_cost,Ranked k-means,All features mutable,α < 1,0.9893549112643493,119,2,0,True,,4.0,0.5727575876486671,1.5136149941760846,3.1277067120554847,2.1277067120554847,True,1.740700000027573,Optimization terminated successfully
Palmer Penguins,3,42,10,300,0.0001,50,least_cost,Ranked k-means,Random 25% immutable,α = 1,1.0,119,2,0,True,,3.0,0.6301039865999712,1.5875817920346293,2.824206335920968,1.8242063359209681,True,1.608799999985422,Optimization terminated successfully
Palmer Penguins,3,42,10,300,0.0001,50,least_cost,Ranked k-means,Random 25% immutable,α < 1,0.9893549112643493,119,2,0,True,,3.0,0.6385408374745004,1.5981750060296906,2.8054865941639613,1.8054865941639613,True,1.5544000000318192,Optimization terminated successfully
Palmer Penguins,3,42,10,300,0.0001,50,least_cost,Ranked k-means,Random 50% immutable,α = 1,1.0,119,2,0,False,,,,,,,False,7.562900000039008,Positive directional derivative for linesearch
Palmer Penguins,3,42,10,300,0.0001,50,least_cost,Ranked k-means,Random 50% immutable,α < 1,0.9893549112643493,119,2,0,False,,,,,,,False,6.389899999987847,Positive directional derivative for linesearch
Palmer Penguins,3,42,10,300,0.0001,50,least_cost,Ranked k-means,Random 75% immutable,α = 1,1.0,119,2,0,False,,,,,,,False,7.8380000000493055,Positive directional derivative for linesearch
Palmer Penguins,3,42,10,300,0.0001,50,least_cost,Ranked k-means,Random 75% immutable,α < 1,0.9893549112643493,119,2,0,False,,,,,,,False,1.0604999999941356,Positive directional derivative for linesearch
Palmer Penguins,3,42,10,300,0.0001,50,least_cost,Ranked k-means,All features mutable,α = 1,1.0,231,1,0,True,,4.0,0.29665364786488213,1.0893184068304036,4.234022871096153,3.234022871096153,True,1.7975999999748637,Optimization terminated successfully
Palmer Penguins,3,42,10,300,0.0001,50,least_cost,Ranked k-means,All features mutable,α < 1,0.9893549112643493,231,1,0,True,,4.0,0.30486407143906924,1.1042899464163733,4.176619617696367,3.1766196176963666,True,1.8290000000433793,Optimization terminated successfully
Palmer Penguins,3,42,10,300,0.0001,50,least_cost,Ranked k-means,Random 25% immutable,α = 1,1.0,231,1,0,True,,3.0,0.40302204626398586,1.2696803475898741,3.116549924933672,2.116549924933672,True,1.6466000000150416,Optimization terminated successfully
Palmer Penguins,3,42,10,300,0.0001,50,least_cost,Ranked k-means,Random 25% immutable,α < 1,0.9893549112643493,231,1,0,True,,3.0,0.414176406688605,1.2871307729809043,3.074296939791196,2.074296939791196,True,1.659200000005967,Optimization terminated successfully
Palmer Penguins,3,42,10,300,0.0001,50,least_cost,Ranked k-means,Random 50% immutable,α = 1,1.0,231,1,0,True,,2.0,1.0920166384189762,2.0899919984717417,1.1502007378949404,0.15020073789494037,True,1.4626000000248496,Optimization terminated successfully
Palmer Penguins,3,42,10,300,0.0001,50,least_cost,Ranked k-means,Random 50% immutable,α < 1,0.9893549112643493,231,1,0,True,,2.0,1.1222401641231399,2.1187167475839144,1.1346067574689238,0.1346067574689238,True,1.6972999999893545,Optimization terminated successfully
Palmer Penguins,3,42,10,300,0.0001,50,least_cost,Ranked k-means,Random 75% immutable,α = 1,1.0,231,1,0,False,,,,,,,False,2.7584000000047126,Positive directional derivative for linesearch
Palmer Penguins,3,42,10,300,0.0001,50,least_cost,Ranked k-means,Random 75% immutable,α < 1,0.9893549112643493,231,1,0,False,,,,,,,False,2.7483000000074753,Positive directional derivative for linesearch
Palmer Penguins,3,42,10,300,0.0001,50,least_cost,Ranked k-means,All features mutable,α = 1,1.0,128,0,2,True,,4.0,0.09932889453742672,0.6303297376371408,3.851581047164822,2.851581047164822,True,1.2970999999879496,Optimization terminated successfully
Palmer Penguins,3,42,10,300,0.0001,50,least_cost,Ranked k-means,All features mutable,α < 1,0.9580439243793857,128,0,2,True,,4.0,0.11218221202977373,0.669872262538982,3.624222418220219,2.624222418220219,True,1.8363000000363172,Optimization terminated successfully
Palmer Penguins,3,42,10,300,0.0001,50,least_cost,Ranked k-means,Random 25% immutable,α = 1,1.0,128,0,2,True,,3.0,0.5582036138314594,1.4942605045057697,2.1797980588859875,1.1797980588859875,True,1.671700000031251,Optimization terminated successfully
Palmer Penguins,3,42,10,300,0.0001,50,least_cost,Ranked k-means,Random 25% immutable,α < 1,0.9580439243793857,128,0,2,True,,3.0,0.6304360540875303,1.588000068120314,2.05112468311226,1.0511246831122598,True,1.6202000000475891,Optimization terminated successfully
Palmer Penguins,3,42,10,300,0.0001,50,least_cost,Ranked k-means,Random 50% immutable,α = 1,1.0,128,0,2,True,,2.0,0.11647722059586628,0.6825751844181454,3.284533103083097,2.284533103083097,True,1.0700999999926353,Optimization terminated successfully
Palmer Penguins,3,42,10,300,0.0001,50,least_cost,Ranked k-means,Random 50% immutable,α < 1,0.9580439243793857,128,0,2,True,,2.0,0.1315495586409565,0.7253952264550864,3.0906472867036827,2.0906472867036827,True,1.523800000029496,Optimization terminated successfully
Palmer Penguins,3,42,10,300,0.0001,50,least_cost,Ranked k-means,Random 75% immutable,α = 1,1.0,128,0,2,False,,,,,,,False,5.999499999973068,Positive directional derivative for linesearch
Palmer Penguins,3,42,10,300,0.0001,50,least_cost,Ranked k-means,Random 75% immutable,α < 1,0.9580439243793857,128,0,2,False,,,,,,,False,3.1784000000243395,Positive directional derivative for linesearch
Palmer Penguins,3,42,10,300,0.0001,50,least_cost,Ranked k-means,All features mutable,α = 1,1.0,22,2,1,True,,4.0,0.74329947883147,1.7242963536834033,2.880810245528526,1.8808102455285258,True,1.360200000021905,Optimization terminated successfully
Palmer Penguins,3,42,10,300,0.0001,50,least_cost,Ranked k-means,All features mutable,α < 1,0.6767622979364194,22,2,1,True,,4.0,1.3210440521377844,2.2987336097406192,2.342323081188186,1.3423230811881859,True,1.7144999999914035,Optimization terminated successfully
Palmer Penguins,3,42,10,300,0.0001,50,least_cost,Ranked k-means,Random 25% immutable,α = 1,1.0,22,2,1,True,,3.0,1.0990021580294538,2.0966660754917115,1.9696241854965815,0.9696241854965815,True,1.7363000000045758,Optimization terminated successfully
Palmer Penguins,3,42,10,300,0.0001,50,least_cost,Ranked k-means,Random 25% immutable,α < 1,0.6767622979364194,22,2,1,True,,3.0,1.95285896390459,2.7948946054580235,1.560185158237007,0.560185158237007,True,1.645999999993819,Optimization terminated successfully
Palmer Penguins,3,42,10,300,0.0001,50,least_cost,Ranked k-means,Random 50% immutable,α = 1,1.0,22,2,1,True,,2.0,2.362797295553965,3.0742786442051506,1.0656477534746005,0.0656477534746005,True,1.5207999999802269,Optimization terminated successfully
Palmer Penguins,3,42,10,300,0.0001,50,least_cost,Ranked k-means,Random 50% immutable,α < 1,0.6767622979364194,22,2,1,False,,,,,,,False,8.195600000021841,Positive directional derivative for linesearch
Palmer Penguins,3,42,10,300,0.0001,50,least_cost,Ranked k-means,Random 75% immutable,α = 1,1.0,22,2,1,False,,,,,,,False,4.013799999995626,Positive directional derivative for linesearch
Palmer Penguins,3,42,10,300,0.0001,50,least_cost,Ranked k-means,Random 75% immutable,α < 1,0.6767622979364194,22,2,1,False,,,,,,,False,1.4727999999877284,Positive directional derivative for linesearch
Palmer Penguins,3,42,10,300,0.0001,50,least_cost,Ranked k-means,All features mutable,α = 1,1.0,242,1,2,True,,4.0,1.9839057560531757,2.8170237883647173,1.6019792117949077,0.6019792117949077,True,1.7053999999916414,Optimization terminated successfully
Palmer Penguins,3,42,10,300,0.0001,50,least_cost,Ranked k-means,All features mutable,α < 1,0.9580439243793857,242,1,2,True,,4.0,2.067237918512146,2.875578493807565,1.5837675211629836,0.5837675211629836,True,1.7485000000192485,Optimization terminated successfully
Palmer Penguins,3,42,10,300,0.0001,50,least_cost,Ranked k-means,Random 25% immutable,α = 1,1.0,242,1,2,True,,3.0,2.333695403605954,3.055287484742445,1.492690174695315,0.49269017469531495,True,1.7060999999785054,Optimization terminated successfully
Palmer Penguins,3,42,10,300,0.0001,50,least_cost,Ranked k-means,Random 25% immutable,α < 1,0.9580439243793857,242,1,2,True,,3.0,2.446306829279525,3.1281347984251093,1.4727893139360113,0.4727893139360113,True,1.746099999991202,Optimization terminated successfully
Palmer Penguins,3,42,10,300,0.0001,50,least_cost,Ranked k-means,Random 50% immutable,α = 1,1.0,242,1,2,True,,2.0,3.63732430843786,3.814354104399779,1.1117766304531262,0.11177663045312625,True,1.478500000018812,Optimization terminated successfully
Palmer Penguins,3,42,10,300,0.0001,50,least_cost,Ranked k-means,Random 50% immutable,α < 1,0.9580439243793857,242,1,2,True,,2.0,3.845435963148265,3.9219566357359255,1.090783291948272,0.09078329194827206,True,1.5564000000267697,Optimization terminated successfully
Palmer Penguins,3,42,10,300,0.0001,50,least_cost,Ranked k-means,Random 75% immutable,α = 1,1.0,242,1,2,False,,,,,,,False,1.80500000004713,Positive directional derivative for linesearch
Palmer Penguins,3,42,10,300,0.0001,50,least_cost,Ranked k-means,Random 75% immutable,α < 1,0.9580439243793857,242,1,2,False,,,,,,,False,1.0262000000125227,Positive directional derivative for linesearch
Palmer Penguins,3,42,10,300,0.0001,50,least_cost,Ranked k-means,All features mutable,α = 1,1.0,159,1,0,True,,4.0,0.3689291646339171,1.2147907879695452,1.0,0.0,False,1.738799999998264,Optimization terminated successfully
Palmer Penguins,3,42,10,300,0.0001,50,least_cost,Ranked k-means,All features mutable,α < 1,0.9893549112643493,159,1,0,True,,4.0,0.3782197660545881,1.2299914894902129,1.0000000000000004,4.440892098500626e-16,True,1.8010000000003856,Optimization terminated successfully
Palmer Penguins,3,42,10,300,0.0001,50,least_cost,Ranked k-means,Random 25% immutable,α = 1,1.0,159,1,0,True,,3.0,0.506437665101205,1.4232886778179683,2.311718232916567,1.3117182329165669,True,1.7138000000045395,Optimization terminated successfully
Palmer Penguins,3,42,10,300,0.0001,50,least_cost,Ranked k-means,Random 25% immutable,α < 1,0.9893549112643493,159,1,0,True,,3.0,0.5189988066346918,1.4408314358518026,2.1492620797463817,1.1492620797463817,True,1.6350999999872329,Optimization terminated successfully
Palmer Penguins,3,42,10,300,0.0001,50,least_cost,Ranked k-means,Random 50% immutable,α = 1,1.0,159,1,0,True,,2.0,0.5064388968006266,1.4232904085963998,2.2503380098688788,1.2503380098688788,True,1.5354000000229462,Optimization terminated successfully
Palmer Penguins,3,42,10,300,0.0001,50,least_cost,Ranked k-means,Random 50% immutable,α < 1,0.9893549112643493,159,1,0,True,,2.0,0.5190000688838757,1.4408331879629588,2.092195235714152,1.092195235714152,True,1.5427999999815256,Optimization terminated successfully
Palmer Penguins,3,42,10,300,0.0001,50,least_cost,Ranked k-means,Random 75% immutable,α = 1,1.0,159,1,0,False,,,,,,,False,2.978699999971468,Positive directional derivative for linesearch
Palmer Penguins,3,42,10,300,0.0001,50,least_cost,Ranked k-means,Random 75% immutable,α < 1,0.9893549112643493,159,1,0,False,,,,,,,False,1.8871999999987565,Positive directional derivative for linesearch
Palmer Penguins,3,42,10,300,0.0001,50,least_cost,Ranked k-means,All features mutable,α = 1,1.0,156,1,2,True,,4.0,0.5070079709697166,1.4240898440333274,3.1523058503657055,2.1523058503657055,True,1.7654999999763277,Optimization terminated successfully
Palmer Penguins,3,42,10,300,0.0001,50,least_cost,Ranked k-means,All features mutable,α < 1,0.9580439243793857,156,1,2,True,,4.0,0.5625053294718649,1.500007105945655,2.992763625902587,1.9927636259025872,True,1.7275999999810665,Optimization terminated successfully
Palmer Penguins,3,42,10,300,0.0001,50,least_cost,Ranked k-means,Random 25% immutable,α = 1,1.0,156,1,2,True,,3.0,0.9596004873001556,1.9591840008535752,1.3921315932794955,0.39213159327949554,True,1.6492000000312146,Optimization terminated successfully
Palmer Penguins,3,42,10,300,0.0001,50,least_cost,Ranked k-means,Random 25% immutable,α < 1,0.9580439243793857,156,1,2,True,,3.0,1.061747151011364,2.0608223125843375,1.359193477642707,0.35919347764270704,True,1.2016000000016902,Optimization terminated successfully
Palmer Penguins,3,42,10,300,0.0001,50,least_cost,Ranked k-means,Random 50% immutable,α = 1,1.0,156,1,2,True,,2.0,0.9337811797854347,1.9326470756818843,1.8214536391911393,0.8214536391911393,True,1.5665999999896485,Optimization terminated successfully
Palmer Penguins,3,42,10,300,0.0001,50,least_cost,Ranked k-means,Random 50% immutable,α < 1,0.9580439243793857,156,1,2,True,,2.0,1.035993357629493,2.0356751780473163,1.7292675829521564,0.7292675829521564,True,1.5255000000138352,Optimization terminated successfully
Palmer Penguins,3,42,10,300,0.0001,50,least_cost,Ranked k-means,Random 75% immutable,α = 1,1.0,156,1,2,False,,,,,,,False,11.153799999988223,Positive directional derivative for linesearch
Palmer Penguins,3,42,10,300,0.0001,50,least_cost,Ranked k-means,Random 75% immutable,α < 1,0.9580439243793857,156,1,2,False,,,,,,,False,25.919299999998202,Positive directional derivative for linesearch
Palmer Penguins,3,42,10,300,0.0001,50,least_cost,Ranked k-means,All features mutable,α = 1,1.0,253,1,0,True,,4.0,0.29254896460544777,1.0817559144380913,4.127456482338662,3.127456482338662,True,1.7518000000222855,Optimization terminated successfully
Palmer Penguins,3,42,10,300,0.0001,50,least_cost,Ranked k-means,All features mutable,α < 1,0.9893549112643493,253,1,0,True,,4.0,0.3007027771025245,1.0967274540240606,4.071112144162503,3.0711121441625027,True,1.6705000000456494,Optimization terminated successfully
Palmer Penguins,3,42,10,300,0.0001,50,least_cost,Ranked k-means,Random 25% immutable,α = 1,1.0,253,1,0,True,,3.0,0.39744558408868796,1.260865709088304,3.0381092861128245,2.0381092861128245,True,2.028699999982564,Optimization terminated successfully
Palmer Penguins,3,42,10,300,0.0001,50,least_cost,Ranked k-means,Random 25% immutable,α < 1,0.9893549112643493,253,1,0,True,,3.0,0.40852303491754594,1.2783161344793328,2.996635718971246,1.996635718971246,True,1.9001000000002932,Optimization terminated successfully
Palmer Penguins,3,42,10,300,0.0001,50,least_cost,Ranked k-means,Random 50% immutable,α = 1,1.0,253,1,0,True,,2.0,0.39744654056164236,1.2608672262560279,3.0381019621472487,2.0381019621472487,True,1.5175999999996748,Optimization terminated successfully
Palmer Penguins,3,42,10,300,0.0001,50,least_cost,Ranked k-means,Random 50% immutable,α < 1,0.9893549112643493,253,1,0,True,,2.0,0.40852401804894783,1.2783176726447114,2.9966285204029637,1.9966285204029637,True,1.5354000000229462,Optimization terminated successfully
Palmer Penguins,3,42,10,300,0.0001,50,least_cost,Ranked k-means,Random 75% immutable,α = 1,1.0,253,1,0,False,,,,,,,False,1.94120000003295,Positive directional derivative for linesearch
Palmer Penguins,3,42,10,300,0.0001,50,least_cost,Ranked k-means,Random 75% immutable,α < 1,0.9893549112643493,253,1,0,False,,,,,,,False,3.47489999995787,Positive directional derivative for linesearch
Palmer Penguins,3,42,10,300,0.0001,50,least_cost,Ranked k-means,All features mutable,α = 1,1.0,60,0,2,True,,4.0,0.010233580648649985,0.20232232352016902,9.199614240627724,8.199614240627724,True,1.2909000000149717,Optimization terminated successfully
Palmer Penguins,3,42,10,300,0.0001,50,least_cost,Ranked k-means,All features mutable,α < 1,0.9580439243793857,60,0,2,True,,4.0,0.014624651323348064,0.24186484923070622,7.695567717733266,6.695567717733266,True,1.2370000000032633,Optimization terminated successfully
Palmer Penguins,3,42,10,300,0.0001,50,least_cost,Ranked k-means,Random 25% immutable,α = 1,1.0,60,0,2,True,,3.0,0.010706861472737434,0.2069479303857609,8.792959003692188,7.792959003692188,True,1.1554000000160158,Optimization terminated successfully
Palmer Penguins,3,42,10,300,0.0001,50,least_cost,Ranked k-means,Random 25% immutable,α < 1,0.9580439243793857,60,0,2,True,,3.0,0.015301009605746402,0.2473944995811055,7.3553966193743365,6.3553966193743365,True,1.1944999999968786,Optimization terminated successfully
Palmer Penguins,3,42,10,300,0.0001,50,least_cost,Ranked k-means,Random 50% immutable,α = 1,1.0,60,0,2,True,,2.0,0.06950993613043019,0.5272947416025697,3.7136335764480695,2.7136335764480695,True,1.0867999999959466,Optimization terminated successfully
Palmer Penguins,3,42,10,300,0.0001,50,least_cost,Ranked k-means,Random 50% immutable,α < 1,0.9580439243793857,60,0,2,True,,2.0,0.09933557122548695,0.6303509220283158,3.106490985007749,2.106490985007749,True,1.0937999999782733,Optimization terminated successfully
Palmer Penguins,3,42,10,300,0.0001,50,least_cost,Ranked k-means,Random 75% immutable,α = 1,1.0,60,0,2,True,,1.0,0.09933469689128552,0.6303481479033171,2.598633110528509,1.598633110528509,True,1.0111000000279091,Optimization terminated successfully
Palmer Penguins,3,42,10,300,0.0001,50,least_cost,Ranked k-means,Random 75% immutable,α < 1,0.9580439243793857,60,0,2,True,,1.0,0.141957674075414,0.7535454175440628,2.173782137300435,1.1737821373004351,True,0.9903999999778534,Optimization terminated successfully
Palmer Penguins,3,42,10,300,0.0001,50,least_cost,Ranked k-means,All features mutable,α = 1,1.0,261,1,0,True,,4.0,0.3828445913231144,1.2374887334002107,3.788434854784396,2.788434854784396,True,1.7890000000306827,Optimization terminated successfully
Palmer Penguins,3,42,10,300,0.0001,50,least_cost,Ranked k-means,All features mutable,α < 1,0.9893549112643493,261,1,0,True,,4.0,0.3921641838521535,1.2524602729861791,3.743149033984637,2.743149033984637,True,1.962899999966794,Optimization terminated successfully
Palmer Penguins,3,42,10,300,0.0001,50,least_cost,Ranked k-means,Random 25% immutable,α = 1,1.0,261,1,0,True,,3.0,0.3828452694924481,1.2374898294409504,3.788428153812148,2.788428153812148,True,1.6661999999882937,Optimization terminated successfully
Palmer Penguins,3,42,10,300,0.0001,50,least_cost,Ranked k-means,Random 25% immutable,α < 1,0.9893549112643493,261,1,0,True,,3.0,0.39216487853017556,1.2524613822871755,3.7431424040976546,2.7431424040976546,True,1.6150000000152431,Optimization terminated successfully
Palmer Penguins,3,42,10,300,0.0001,50,least_cost,Ranked k-means,Random 50% immutable,α = 1,1.0,261,1,0,True,,2.0,1.4092955426726237,2.3742750831970785,1.2097185288691574,0.20971852886915743,True,1.5862999999853855,Optimization terminated successfully
Palmer Penguins,3,42,10,300,0.0001,50,least_cost,Ranked k-means,Random 50% immutable,α < 1,0.9893549112643493,261,1,0,True,,2.0,1.4436020485195795,2.402999832309257,1.195257911452249,0.19525791145224902,True,1.4899999999897773,Optimization terminated successfully
Palmer Penguins,3,42,10,300,0.0001,50,least_cost,Ranked k-means,Random 75% immutable,α = 1,1.0,261,1,0,True,,1.0,0.8243565041957123,1.8158816086911749,1.7594108638111268,0.7594108638111268,True,1.4124000000492742,Optimization terminated successfully
Palmer Penguins,3,42,10,300,0.0001,50,least_cost,Ranked k-means,Random 75% immutable,α < 1,0.9893549112643493,261,1,0,True,,1.0,0.8444238288801638,1.8378507326550366,1.7383793868344344,0.7383793868344344,True,1.3735999999653359,Optimization terminated successfully
Palmer Penguins,3,42,10,300,0.0001,50,least_cost,Ranked k-means,All features mutable,α = 1,1.0,180,1,0,True,,4.0,0.7287888307652534,1.7073825942245673,2.702224131910759,1.702224131910759,True,1.732099999969705,Optimization terminated successfully
Palmer Penguins,3,42,10,300,0.0001,50,least_cost,Ranked k-means,All features mutable,α < 1,0.9893549112643493,180,1,0,True,,4.0,0.7416259405635601,1.7223541338105357,2.6787350774897494,1.6787350774897494,True,1.7761999999947875,Optimization terminated successfully
Palmer Penguins,3,42,10,300,0.0001,50,least_cost,Ranked k-means,Random 25% immutable,α = 1,1.0,180,1,0,True,,3.0,0.7287901217387912,1.7073841064491506,2.7022193272489208,1.7022193272489208,True,1.620399999978872,Optimization terminated successfully
Palmer Penguins,3,42,10,300,0.0001,50,least_cost,Ranked k-means,Random 25% immutable,α < 1,0.9893549112643493,180,1,0,True,,3.0,0.7416272542767008,1.7223556592953744,2.678730327038471,1.6787303270384708,True,1.794700000004923,Optimization terminated successfully
Palmer Penguins,3,42,10,300,0.0001,50,least_cost,Ranked k-means,Random 50% immutable,α = 1,1.0,180,1,0,True,,2.0,0.9901063911754504,1.9900817984951777,1.9890294301482536,0.9890294301482536,True,1.5171000000009371,Optimization terminated successfully
Palmer Penguins,3,42,10,300,0.0001,50,least_cost,Ranked k-means,Random 50% immutable,α < 1,0.9893549112643493,180,1,0,True,,2.0,1.00754642856211,2.0075322448838624,1.9717398168389737,0.9717398168389737,True,1.5236000000413696,Optimization terminated successfully
Palmer Penguins,3,42,10,300,0.0001,50,least_cost,Ranked k-means,Random 75% immutable,α = 1,1.0,180,1,0,False,,,,,,,False,1.0062999999718159,Positive directional derivative for linesearch
Palmer Penguins,3,42,10,300,0.0001,50,least_cost,Ranked k-means,Random 75% immutable,α < 1,0.9893549112643493,180,1,0,False,,,,,,,False,5.254499999978179,Positive directional derivative for linesearch
Palmer Penguins,3,42,10,300,0.0001,50,least_cost,Ranked k-means,All features mutable,α = 1,1.0,263,1,2,True,,4.0,0.23625860852185077,0.9721288155833069,4.56494070756205,3.56494070756205,True,1.7495000000167238,Optimization terminated successfully
Palmer Penguins,3,42,10,300,0.0001,50,least_cost,Ranked k-means,All features mutable,α < 1,0.9580439243793857,263,1,2,True,,4.0,0.2746001451384963,1.0480460774956344,4.234270328204824,3.2342703282048237,True,1.7376000000126623,Optimization terminated successfully
Palmer Penguins,3,42,10,300,0.0001,50,least_cost,Ranked k-means,Random 25% immutable,α = 1,1.0,263,1,2,True,,3.0,0.4391769028893122,1.3254084697017932,2.7526633137169654,1.7526633137169654,True,1.6459000000281776,Optimization terminated successfully
Palmer Penguins,3,42,10,300,0.0001,50,least_cost,Ranked k-means,Random 25% immutable,α < 1,0.9580439243793857,263,1,2,True,,3.0,0.5091469580141681,1.4270906880982275,2.556793367140454,1.556793367140454,True,1.7325999999684427,Optimization terminated successfully
Palmer Penguins,3,42,10,300,0.0001,50,least_cost,Ranked k-means,Random 50% immutable,α = 1,1.0,263,1,2,True,,2.0,0.5703367162346953,1.510412812756427,1.8909996578734223,0.8909996578734223,True,1.5510000000062973,Optimization terminated successfully
Palmer Penguins,3,42,10,300,0.0001,50,least_cost,Ranked k-means,Random 50% immutable,α < 1,0.9580439243793857,263,1,2,True,,2.0,0.6628945545549325,1.628366733331202,1.7540214108990893,0.7540214108990893,True,1.5740000000050713,Optimization terminated successfully
Palmer Penguins,3,42,10,300,0.0001,50,least_cost,Ranked k-means,Random 75% immutable,α = 1,1.0,263,1,2,False,,,,,,,False,6.534700000031535,Positive directional derivative for linesearch
Palmer Penguins,3,42,10,300,0.0001,50,least_cost,Ranked k-means,Random 75% immutable,α < 1,0.9580439243793857,263,1,2,False,,,,,,,False,1.0237000000188345,Positive directional derivative for linesearch
Palmer Penguins,3,42,10,300,0.0001,50,least_cost,Ranked k-means,All features mutable,α = 1,1.0,55,2,1,True,,4.0,0.7564364598660172,1.7394671136483346,2.5028558779824674,1.5028558779824674,True,1.777500000002874,Optimization terminated successfully
Palmer Penguins,3,42,10,300,0.0001,50,least_cost,Ranked k-means,All features mutable,α < 1,0.6767622979364194,55,2,1,True,,4.0,1.3379323025529868,2.3133804724281624,2.039868452715087,1.039868452715087,True,1.7665999999962878,Optimization terminated successfully
Palmer Penguins,3,42,10,300,0.0001,50,least_cost,Ranked k-means,Random 25% immutable,α = 1,1.0,55,2,1,True,,3.0,0.9556010451712268,1.9550969747521239,2.2961577256750294,1.2961577256750294,True,1.6545999999948435,Optimization terminated successfully
Palmer Penguins,3,42,10,300,0.0001,50,least_cost,Ranked k-means,Random 25% immutable,α < 1,0.6767622979364194,55,2,1,True,,3.0,1.7137626627237617,2.6182151651258625,1.7146073590422015,0.7146073590422015,True,1.6072000000235676,Optimization terminated successfully
Palmer Penguins,3,42,10,300,0.0001,50,least_cost,Ranked k-means,Random 50% immutable,α = 1,1.0,55,2,1,True,,2.0,1.2691513657436424,2.253132366944865,1.9217035850504958,0.9217035850504958,True,1.4299999999707325,Optimization terminated successfully
Palmer Penguins,3,42,10,300,0.0001,50,least_cost,Ranked k-means,Random 50% immutable,α < 1,0.6767622979364194,55,2,1,True,,2.0,2.2760797876341936,3.017336433104001,1.4349916307374622,0.43499163073746216,True,1.483199999995577,Optimization terminated successfully
Palmer Penguins,3,42,10,300,0.0001,50,least_cost,Ranked k-means,Random 75% immutable,α = 1,1.0,55,2,1,True,,1.0,2.8070224667605146,3.350834204648457,1.0248631298245607,0.024863129824560737,True,1.4001000000121167,Optimization terminated successfully
Palmer Penguins,3,42,10,300,0.0001,50,least_cost,Ranked k-means,Random 75% immutable,α < 1,0.6767622979364194,55,2,1,False,,,,,,,False,5.627600000025268,Positive directional derivative for linesearch
Palmer Penguins,3,42,10,300,0.0001,50,least_cost,Ranked k-means,All features mutable,α = 1,1.0,209,1,0,True,,4.0,0.17243426706609016,0.8305041049051839,1.8941695202213278,0.8941695202213278,True,1.7498999999929765,Optimization terminated successfully
Palmer Penguins,3,42,10,300,0.0001,50,least_cost,Ranked k-means,All features mutable,α < 1,0.9893549112643493,209,1,0,True,,4.0,0.17870726635693251,0.8454756444911528,1.7834867152469198,0.7834867152469198,True,1.7575999999621672,Optimization terminated successfully
Palmer Penguins,3,42,10,300,0.0001,50,least_cost,Ranked k-means,Random 25% immutable,α = 1,1.0,209,1,0,True,,3.0,0.17243457251544103,0.8305048404806344,1.8794227489841093,0.8794227489841093,True,1.6224999999963075,Optimization terminated successfully
Palmer Penguins,3,42,10,300,0.0001,50,least_cost,Ranked k-means,Random 25% immutable,α < 1,0.9893549112643493,209,1,0,True,,3.0,0.1787075829182488,0.84547639332686,1.769601633323272,0.769601633323272,True,1.590899999996509,Optimization terminated successfully
Palmer Penguins,3,42,10,300,0.0001,50,least_cost,Ranked k-means,Random 50% immutable,α = 1,1.0,209,1,0,False,,,,,,,False,9.116899999980888,Positive directional derivative for linesearch
Palmer Penguins,3,42,10,300,0.0001,50,least_cost,Ranked k-means,Random 50% immutable,α < 1,0.9893549112643493,209,1,0,False,,,,,,,False,3.9987999999766544,Positive directional derivative for linesearch
Palmer Penguins,3,42,10,300,0.0001,50,least_cost,Ranked k-means,Random 75% immutable,α = 1,1.0,209,1,0,False,,,,,,,False,5.3529999999568645,Positive directional derivative for linesearch
Palmer Penguins,3,42,10,300,0.0001,50,least_cost,Ranked k-means,Random 75% immutable,α < 1,0.9893549112643493,209,1,0,False,,,,,,,False,1.834099999996397,Positive directional derivative for linesearch
Palmer Penguins,3,42,10,300,0.0001,50,least_cost,Ranked k-means,All features mutable,α = 1,1.0,290,0,2,True,,4.0,0.46123305946743415,1.3582828269067295,2.6237277634199123,1.6237277634199123,True,2.000199999997676,Optimization terminated successfully
Palmer Penguins,3,42,10,300,0.0001,50,least_cost,Ranked k-means,All features mutable,α < 1,0.9580439243793857,290,0,2,True,,4.0,0.48847892912510255,1.3978253526461775,2.549506249964208,1.549506249964208,True,1.727500000015425,Optimization terminated successfully
Palmer Penguins,3,42,10,300,0.0001,50,least_cost,Ranked k-means,Random 25% immutable,α = 1,1.0,290,0,2,True,,3.0,0.4758507775505737,1.3796387607639526,2.5431291123800364,1.5431291123800364,True,1.6021000000137064,Optimization terminated successfully
Palmer Penguins,3,42,10,300,0.0001,50,least_cost,Ranked k-means,Random 25% immutable,α < 1,0.9580439243793857,290,0,2,True,,3.0,0.503960142210196,1.4198030035328084,2.471187628388452,1.471187628388452,True,1.634299999977884,Optimization terminated successfully
Palmer Penguins,3,42,10,300,0.0001,50,least_cost,Ranked k-means,Random 50% immutable,α = 1,1.0,290,0,2,True,,2.0,0.4985886302560599,1.4122161736165748,2.507753394522448,1.5077533945224482,True,1.2265000000297732,Optimization terminated successfully
Palmer Penguins,3,42,10,300,0.0001,50,least_cost,Ranked k-means,Random 50% immutable,α < 1,0.9580439243793857,290,0,2,True,,2.0,0.5280411613261623,1.4533288152736288,2.436812547628075,1.436812547628075,True,1.4921000000072127,Optimization terminated successfully
Palmer Penguins,3,42,10,300,0.0001,50,least_cost,Ranked k-means,Random 75% immutable,α = 1,1.0,290,0,2,False,,,,,,,False,6.652299999984734,Positive directional derivative for linesearch
Palmer Penguins,3,42,10,300,0.0001,50,least_cost,Ranked k-means,Random 75% immutable,α < 1,0.9580439243793857,290,0,2,False,,,,,,,False,2.4457999999754065,Positive directional derivative for linesearch
Palmer Penguins,3,42,10,300,0.0001,50,least_cost,Ranked k-means,All features mutable,α = 1,1.0,303,0,2,True,,4.0,1.3054537383296636,2.2851290889835205,1.8326739219076225,0.8326739219076225,True,1.6916999999807558,Optimization terminated successfully
Palmer Penguins,3,42,10,300,0.0001,50,least_cost,Ranked k-means,All features mutable,α < 1,0.9580439243793857,303,0,2,True,,4.0,1.3510245290746705,2.324671614722966,1.801500244900225,0.8015002449002251,True,1.84260000003178,Optimization terminated successfully
Palmer Penguins,3,42,10,300,0.0001,50,least_cost,Ranked k-means,Random 25% immutable,α = 1,1.0,303,0,2,True,,3.0,1.3658281322009052,2.337372997363412,1.7516632979680007,0.7516632979680007,True,1.8089999999801876,Optimization terminated successfully
Palmer Penguins,3,42,10,300,0.0001,50,least_cost,Ranked k-means,Random 25% immutable,α < 1,0.9580439243793857,303,0,2,True,,3.0,1.413506472825839,2.3778195665994835,1.721867610962037,0.721867610962037,True,1.6272999999955573,Optimization terminated successfully
Palmer Penguins,3,42,10,300,0.0001,50,least_cost,Ranked k-means,Random 50% immutable,α = 1,1.0,303,0,2,True,,2.0,1.530829709953262,2.4745340651955163,1.5628590116458965,0.5628590116458965,True,1.720900000009351,Optimization terminated successfully
Palmer Penguins,3,42,10,300,0.0001,50,least_cost,Ranked k-means,Random 50% immutable,α < 1,0.9580439243793857,303,0,2,True,,2.0,1.5842679271265394,2.517354108683591,1.5362748734734009,0.5362748734734009,True,1.6562999999791828,Optimization terminated successfully
Palmer Penguins,3,42,10,300,0.0001,50,least_cost,Ranked k-means,Random 75% immutable,α = 1,1.0,303,0,2,False,,,,,,,False,29.41609999999173,Positive directional derivative for linesearch
Palmer Penguins,3,42,10,300,0.0001,50,least_cost,Ranked k-means,Random 75% immutable,α < 1,0.9580439243793857,303,0,2,False,,,,,,,False,37.43099999996957,Positive directional derivative for linesearch
Palmer Penguins,3,42,10,300,0.0001,50,least_cost,Ranked k-means,All features mutable,α = 1,1.0,129,2,1,True,,4.0,0.869403853924647,1.8648365654122583,2.465172377675561,1.465172377675561,True,7.073499999989963,Optimization terminated successfully
Palmer Penguins,3,42,10,300,0.0001,50,least_cost,Ranked k-means,All features mutable,α < 1,0.6767622979364194,129,2,1,True,,4.0,1.4811607753330667,2.4340589765517735,2.0459175638524667,1.0459175638524667,True,1.791299999979401,Optimization terminated successfully
Palmer Penguins,3,42,10,300,0.0001,50,least_cost,Ranked k-means,Random 25% immutable,α = 1,1.0,129,2,1,True,,3.0,1.2169002725592946,2.2062640572327643,1.6999949490021815,0.6999949490021815,True,1.6145000000165055,Optimization terminated successfully
Palmer Penguins,3,42,10,300,0.0001,50,least_cost,Ranked k-means,Random 25% immutable,α < 1,0.6767622979364194,129,2,1,True,,3.0,2.05812123328581,2.8692307214902115,1.3811249552964666,0.3811249552964666,True,1.6672000000426124,Optimization terminated successfully
Palmer Penguins,3,42,10,300,0.0001,50,least_cost,Ranked k-means,Random 50% immutable,α = 1,1.0,129,2,1,True,,2.0,1.8515083427762855,2.721402831464894,1.3793199212302065,0.3793199212302065,True,1.5417999999840504,Optimization terminated successfully
Palmer Penguins,3,42,10,300,0.0001,50,least_cost,Ranked k-means,Random 50% immutable,α < 1,0.6767622979364194,129,2,1,True,,2.0,3.2158412294971974,3.5865533479914653,1.0465995649759368,0.04659956497593676,True,1.532399999973677,Optimization terminated successfully
Palmer Penguins,3,42,10,300,0.0001,50,least_cost,Ranked k-means,Random 75% immutable,α = 1,1.0,129,2,1,False,,,,,,,False,13.173199999982899,Positive directional derivative for linesearch
Palmer Penguins,3,42,10,300,0.0001,50,least_cost,Ranked k-means,Random 75% immutable,α < 1,0.6767622979364194,129,2,1,False,,,,,,,False,5.668999999954849,Positive directional derivative for linesearch
Palmer Penguins,3,42,10,300,0.0001,50,least_cost,Ranked k-means,All features mutable,α = 1,1.0,29,2,0,True,,4.0,0.34731418685591003,1.1786673608035645,3.450089713064812,2.450089713064812,True,1.8194999999536776,Optimization terminated successfully
Palmer Penguins,3,42,10,300,0.0001,50,least_cost,Ranked k-means,All features mutable,α < 1,0.9893549112643493,29,2,0,True,,4.0,0.35325197245682,1.1887000840528614,3.420970681509542,2.420970681509542,True,1.853799999992134,Optimization terminated successfully
Palmer Penguins,3,42,10,300,0.0001,50,least_cost,Ranked k-means,Random 25% immutable,α = 1,1.0,29,2,0,True,,3.0,0.35832150900145776,1.1971992465775407,3.3441059997487055,2.3441059997487055,True,1.5541999999868494,Optimization terminated successfully
Palmer Penguins,3,42,10,300,0.0001,50,least_cost,Ranked k-means,Random 25% immutable,α < 1,0.9893549112643493,29,2,0,True,,3.0,0.3644474790227392,1.2073897117712065,3.3158814737087257,2.3158814737087257,True,1.5796999999793115,Optimization terminated successfully
Palmer Penguins,3,42,10,300,0.0001,50,least_cost,Ranked k-means,Random 50% immutable,α = 1,1.0,29,2,0,True,,2.0,2.5969292974616187,3.222998167831697,1.3343854422424946,0.33438544224249456,True,1.4775999999869782,Optimization terminated successfully
Palmer Penguins,3,42,10,300,0.0001,50,least_cost,Ranked k-means,Random 50% immutable,α < 1,0.9893549112643493,29,2,0,True,,2.0,2.6413271653651362,3.250432073042066,1.3231231156032608,0.3231231156032608,True,1.5374000000178967,Optimization terminated successfully
Palmer Penguins,3,42,10,300,0.0001,50,least_cost,Ranked k-means,Random 75% immutable,α = 1,1.0,29,2,0,True,,1.0,0.422494476105895,1.2999915016735994,2.8361675133810405,1.8361675133810405,True,1.3657000000080188,Optimization terminated successfully
Palmer Penguins,3,42,10,300,0.0001,50,least_cost,Ranked k-means,Random 75% immutable,α < 1,0.9893549112643493,29,2,0,True,,1.0,0.4297175660677403,1.3110569264036407,2.8122300340015647,1.8122300340015647,True,1.4079000000037922,Optimization terminated successfully
Palmer Penguins,3,42,10,300,0.0001,50,least_cost,Ranked k-means,All features mutable,α = 1,1.0,255,1,2,True,,4.0,0.7930600250755022,1.7810783532180747,2.7589003177394718,1.7589003177394718,True,1.7580999999609048,Optimization terminated successfully
Palmer Penguins,3,42,10,300,0.0001,50,least_cost,Ranked k-means,All features mutable,α < 1,0.9580439243793857,255,1,2,True,,4.0,0.8621081786533856,1.8569956151304026,2.6461115733009133,1.6461115733009133,True,1.7757999999616914,Optimization terminated successfully
Palmer Penguins,3,42,10,300,0.0001,50,least_cost,Ranked k-means,Random 25% immutable,α = 1,1.0,255,1,2,True,,3.0,1.9197618537315924,2.7711094195152906,1.0,0.0,False,1.6747999999893182,Optimization terminated successfully
Palmer Penguins,3,42,10,300,0.0001,50,least_cost,Ranked k-means,Random 25% immutable,α < 1,0.9580439243793857,255,1,2,True,,3.0,2.064030512041079,2.873346837429188,1.0000000000000013,1.3322676295501878e-15,True,1.605900000015481,Optimization terminated successfully
Palmer Penguins,3,42,10,300,0.0001,50,least_cost,Ranked k-means,Random 50% immutable,α = 1,1.0,255,1,2,True,,2.0,1.6288374383782207,2.552518315999492,1.3432731311801687,0.34327313118016867,True,1.831499999980224,Optimization terminated successfully
Palmer Penguins,3,42,10,300,0.0001,50,least_cost,Ranked k-means,Random 50% immutable,α < 1,0.9580439243793857,255,1,2,True,,2.0,1.7706529555426833,2.6613176853150646,1.2883577334395702,0.28835773343957016,True,1.4262000000258013,Optimization terminated successfully
Palmer Penguins,3,42,10,300,0.0001,50,least_cost,Ranked k-means,Random 75% immutable,α = 1,1.0,255,1,2,False,,,,,,,False,0.935099999992417,Positive directional derivative for linesearch
Palmer Penguins,3,42,10,300,0.0001,50,least_cost,Ranked k-means,Random 75% immutable,α < 1,0.9580439243793857,255,1,2,False,,,,,,,False,7.534799999973529,Positive directional derivative for linesearch
Palmer Penguins,3,42,10,300,0.0001,50,least_cost,Ranked k-means,All features mutable,α = 1,1.0,292,0,1,True,,4.0,0.8993436579319726,1.8966746246333055,2.157895344135479,1.1578953441354791,True,1.7679000000043743,Optimization terminated successfully
Palmer Penguins,3,42,10,300,0.0001,50,least_cost,Ranked k-means,All features mutable,α < 1,0.6767622979364194,292,0,1,True,,4.0,1.382135096325197,2.3512848371264568,1.7406760995872337,0.7406760995872337,True,1.6425999999682972,Optimization terminated successfully
Palmer Penguins,3,42,10,300,0.0001,50,least_cost,Ranked k-means,Random 25% immutable,α = 1,1.0,292,0,1,True,,3.0,0.8993452510256309,1.8966763045133779,2.157891508488805,1.157891508488805,True,1.5234999999620413,Optimization terminated successfully
Palmer Penguins,3,42,10,300,0.0001,50,least_cost,Ranked k-means,Random 25% immutable,α < 1,0.6767622979364194,292,0,1,True,,3.0,1.3821375446336217,2.351286919653679,1.7406730082762454,0.7406730082762454,True,1.5192000000183725,Optimization terminated successfully
Palmer Penguins,3,42,10,300,0.0001,50,least_cost,Ranked k-means,Random 50% immutable,α = 1,1.0,292,0,1,True,,2.0,1.9367367795162593,2.7833338136244166,1.0021437565996125,0.002143756599612523,True,1.475799999980154,Optimization terminated successfully
Palmer Penguins,3,42,10,300,0.0001,50,least_cost,Ranked k-means,Random 50% immutable,α < 1,0.6767622979364194,292,0,1,False,,,,,,,False,7.042500000011387,Positive directional derivative for linesearch
Palmer Penguins,3,42,10,300,0.0001,50,least_cost,Ranked k-means,Random 75% immutable,α = 1,1.0,292,0,1,False,,,,,,,False,43.48480000004429,Positive directional derivative for linesearch
Palmer Penguins,3,42,10,300,0.0001,50,least_cost,Ranked k-means,Random 75% immutable,α < 1,0.6767622979364194,292,0,1,False,,,,,,,False,119.36470000000554,Positive directional derivative for linesearch
Palmer Penguins,3,42,10,300,0.0001,50,least_cost,Ranked k-means,All features mutable,α = 1,1.0,331,0,2,True,,4.0,0.5754360128223927,1.517149976531513,2.2936414247682144,1.2936414247682144,True,1.8282999999996719,Optimization terminated successfully
Palmer Penguins,3,42,10,300,0.0001,50,least_cost,Ranked k-means,All features mutable,α < 1,0.9580439243793857,331,0,2,True,,4.0,0.6058228866566556,1.55669250227096,2.2353791831780034,1.2353791831780034,True,1.6760000000317632,Optimization terminated successfully
Palmer Penguins,3,42,10,300,0.0001,50,least_cost,Ranked k-means,Random 25% immutable,α = 1,1.0,331,0,2,True,,3.0,3.607063164966253,3.7984539828547366,1.0000000000000027,2.6645352591003757e-15,True,1.53499999998985,Optimization terminated successfully
Palmer Penguins,3,42,10,300,0.0001,50,least_cost,Ranked k-means,Random 25% immutable,α < 1,0.9580439243793857,331,0,2,True,,3.0,3.912034396074202,3.9557726911814344,1.0,0.0,False,1.7141000000151507,Optimization terminated successfully
Palmer Penguins,3,42,10,300,0.0001,50,least_cost,Ranked k-means,Random 50% immutable,α = 1,1.0,331,0,2,False,,,,,,,False,13.09460000004492,Positive directional derivative for linesearch
Palmer Penguins,3,42,10,300,0.0001,50,least_cost,Ranked k-means,Random 50% immutable,α < 1,0.9580439243793857,331,0,2,False,,,,,,,False,16.593399999976555,Positive directional derivative for linesearch
Palmer Penguins,3,42,10,300,0.0001,50,least_cost,Ranked k-means,Random 75% immutable,α = 1,1.0,331,0,2,False,,,,,,,False,2.1386999999890577,Positive directional derivative for linesearch
Palmer Penguins,3,42,10,300,0.0001,50,least_cost,Ranked k-means,Random 75% immutable,α < 1,0.9580439243793857,331,0,2,False,,,,,,,False,2.4197000000185653,Positive directional derivative for linesearch
Palmer Penguins,3,42,10,300,0.0001,50,least_cost,Ranked k-means,All features mutable,α = 1,1.0,193,1,0,True,,4.0,0.29268816502408124,1.0820132439560641,3.1631015215310954,2.1631015215310954,True,1.6966000000024906,Optimization terminated successfully
Palmer Penguins,3,42,10,300,0.0001,50,least_cost,Ranked k-means,All features mutable,α < 1,0.9893549112643493,193,1,0,True,,4.0,0.30084390383069004,1.0969847835420325,3.060476959071876,2.060476959071876,True,1.7773000000147476,Optimization terminated successfully
Palmer Penguins,3,42,10,300,0.0001,50,least_cost,Ranked k-means,Random 25% immutable,α = 1,1.0,193,1,0,True,,3.0,0.40185371022859573,1.2678386494007756,3.5460421932074118,2.5460421932074118,True,1.5578000000004977,Optimization terminated successfully
Palmer Penguins,3,42,10,300,0.0001,50,least_cost,Ranked k-means,Random 25% immutable,α < 1,0.9893549112643493,193,1,0,True,,3.0,0.41305134064464494,1.2853814074346104,3.4976461672091888,2.4976461672091888,True,1.5142999999966378,Optimization terminated successfully
Palmer Penguins,3,42,10,300,0.0001,50,least_cost,Ranked k-means,Random 50% immutable,α = 1,1.0,193,1,0,True,,2.0,0.5764381184248277,1.5184704388625123,1.0,0.0,False,1.5879999999697247,Optimization terminated successfully
Palmer Penguins,3,42,10,300,0.0001,50,least_cost,Ranked k-means,Random 50% immutable,α < 1,0.9893549112643493,193,1,0,True,,2.0,0.6414396394011271,1.6017985383950468,1.000000000000001,1.1102230246251565e-15,True,1.7381000000114,Optimization terminated successfully
Palmer Penguins,3,42,10,300,0.0001,50,least_cost,Ranked k-means,Random 75% immutable,α = 1,1.0,193,1,0,False,,,,,,,False,3.7826999999879263,Positive directional derivative for linesearch
Palmer Penguins,3,42,10,300,0.0001,50,least_cost,Ranked k-means,Random 75% immutable,α < 1,0.9893549112643493,193,1,0,False,,,,,,,False,3.441299999963121,Positive directional derivative for linesearch
Palmer Penguins,3,42,10,300,0.0001,50,least_cost,Ranked k-means,All features mutable,α = 1,1.0,224,1,2,True,,4.0,0.8428507653876373,1.836138083465007,2.9003120091014147,1.9003120091014147,True,1.694099999951959,Optimization terminated successfully
Palmer Penguins,3,42,10,300,0.0001,50,least_cost,Ranked k-means,All features mutable,α < 1,0.9580439243793857,224,1,2,True,,4.0,0.9136438372501582,1.9116943660011745,2.8184118801456512,1.8184118801456512,True,1.6698999999675834,Optimization terminated successfully
Palmer Penguins,3,42,10,300,0.0001,50,least_cost,Ranked k-means,Random 25% immutable,α = 1,1.0,224,1,2,True,,3.0,1.145329061935128,2.14040095490086,2.2454960058160873,1.2454960058160873,True,1.5596000000073218,Optimization terminated successfully
Palmer Penguins,3,42,10,300,0.0001,50,least_cost,Ranked k-means,Random 25% immutable,α < 1,0.9580439243793857,224,1,2,True,,3.0,1.2420467624737668,2.2289430342418055,2.156296367128411,1.156296367128411,True,1.7594999999914762,Optimization terminated successfully
Palmer Penguins,3,42,10,300,0.0001,50,least_cost,Ranked k-means,Random 50% immutable,α = 1,1.0,224,1,2,True,,2.0,1.5507516385701785,2.4905835770519156,1.6584421246264065,0.6584421246264065,True,1.5550999999618398,Optimization terminated successfully
Palmer Penguins,3,42,10,300,0.0001,50,least_cost,Ranked k-means,Random 50% immutable,α < 1,0.9580439243793857,224,1,2,True,,2.0,1.681705385902518,2.593611679417347,1.5925624985024693,0.5925624985024693,True,1.4257000000270637,Optimization terminated successfully
Palmer Penguins,3,42,10,300,0.0001,50,least_cost,Ranked k-means,Random 75% immutable,α = 1,1.0,224,1,2,False,,,,,,,False,3.8631999999552136,Positive directional derivative for linesearch
Palmer Penguins,3,42,10,300,0.0001,50,least_cost,Ranked k-means,Random 75% immutable,α < 1,0.9580439243793857,224,1,2,False,,,,,,,False,31.891899999948237,Positive directional derivative for linesearch
Palmer Penguins,3,42,10,300,0.0001,50,least_cost,Ranked k-means,All features mutable,α = 1,1.0,145,2,1,True,,4.0,0.49695503788255435,1.4099007594615365,3.292393790581977,2.292393790581977,True,2.140800000006493,Optimization terminated successfully
Palmer Penguins,3,42,10,300,0.0001,50,least_cost,Ranked k-means,All features mutable,α < 1,0.6767622979364194,145,2,1,True,,4.0,0.9566570096222464,1.9561768934554424,2.4507272798594184,1.4507272798594184,True,1.6157999999677486,Optimization terminated successfully
Palmer Penguins,3,42,10,300,0.0001,50,least_cost,Ranked k-means,Random 25% immutable,α = 1,1.0,145,2,1,True,,3.0,0.7237443771174615,1.701463343263629,2.3162546902082024,1.3162546902082024,True,1.5407000000209337,Optimization terminated successfully
Palmer Penguins,3,42,10,300,0.0001,50,least_cost,Ranked k-means,Random 25% immutable,α < 1,0.6767622979364194,145,2,1,True,,3.0,1.4118551761805738,2.3764302440261726,1.6656990182403515,0.6656990182403515,True,1.1584000000084416,Optimization terminated successfully
Palmer Penguins,3,42,10,300,0.0001,50,least_cost,Ranked k-means,Random 50% immutable,α = 1,1.0,145,2,1,False,,,,,,,False,10.38859999999886,Positive directional derivative for linesearch
Palmer Penguins,3,42,10,300,0.0001,50,least_cost,Ranked k-means,Random 50% immutable,α < 1,0.6767622979364194,145,2,1,False,,,,,,,False,16.691499999978987,Positive directional derivative for linesearch
Palmer Penguins,3,42,10,300,0.0001,50,least_cost,Ranked k-means,Random 75% immutable,α = 1,1.0,145,2,1,False,,,,,,,False,0.9840000000167493,Positive directional derivative for linesearch
Palmer Penguins,3,42,10,300,0.0001,50,least_cost,Ranked k-means,Random 75% immutable,α < 1,0.6767622979364194,145,2,1,False,,,,,,,False,0.9436999999934415,Positive directional derivative for linesearch
Palmer Penguins,3,42,10,300,0.0001,50,least_cost,Ranked k-means,All features mutable,α = 1,1.0,296,2,1,True,,4.0,0.7096230491415776,1.6847825368771812,1.6403443027391564,0.6403443027391564,True,1.6411999999945692,Optimization terminated successfully
Palmer Penguins,3,42,10,300,0.0001,50,least_cost,Ranked k-means,All features mutable,α < 1,0.6767622979364194,296,2,1,True,,4.0,1.2159470817275728,2.205399811125024,1.3819198151754326,0.3819198151754326,True,1.620399999978872,Optimization terminated successfully
Palmer Penguins,3,42,10,300,0.0001,50,least_cost,Ranked k-means,Random 25% immutable,α = 1,1.0,296,2,1,True,,3.0,1.0151676287615996,2.01511054660691,1.2161774872116309,0.21617748721163088,True,1.5177000000221597,Optimization terminated successfully
Palmer Penguins,3,42,10,300,0.0001,50,least_cost,Ranked k-means,Random 25% immutable,α < 1,0.6767622979364194,296,2,1,True,,3.0,1.780647981264706,2.6688184511237973,1.0000000000000002,2.220446049250313e-16,True,1.5326000000186468,Optimization terminated successfully
Palmer Penguins,3,42,10,300,0.0001,50,least_cost,Ranked k-means,Random 50% immutable,α = 1,1.0,296,2,1,False,,,,,,,False,9.865800000000036,Positive directional derivative for linesearch
Palmer Penguins,3,42,10,300,0.0001,50,least_cost,Ranked k-means,Random 50% immutable,α < 1,0.6767622979364194,296,2,1,False,,,,,,,False,29.967100000021674,Inequality constraints incompatible
Palmer Penguins,3,42,10,300,0.0001,50,least_cost,Ranked k-means,Random 75% immutable,α = 1,1.0,296,2,1,False,,,,,,,False,6.471800000042549,Positive directional derivative for linesearch
Palmer Penguins,3,42,10,300,0.0001,50,least_cost,Ranked k-means,Random 75% immutable,α < 1,0.6767622979364194,296,2,1,False,,,,,,,False,4.363400000045203,Positive directional derivative for linesearch
Palmer Penguins,3,42,10,300,0.0001,50,least_cost,Ranked k-means,All features mutable,α = 1,1.0,220,1,0,True,,4.0,0.9222284636480155,1.9206545380656204,2.518399502491851,1.5183995024918508,True,1.784799999995812,Optimization terminated successfully
Palmer Penguins,3,42,10,300,0.0001,50,least_cost,Ranked k-means,All features mutable,α < 1,0.9893549112643493,220,1,0,True,,4.0,0.9366620781212194,1.9356260776515897,2.4989203803826965,1.4989203803826965,True,1.7829000000233464,Optimization terminated successfully
Palmer Penguins,3,42,10,300,0.0001,50,least_cost,Ranked k-means,Random 25% immutable,α = 1,1.0,220,1,0,True,,3.0,0.9222300972797238,1.9206562391846427,2.518395045997661,1.5183950459976612,True,1.6660000000001673,Optimization terminated successfully
Palmer Penguins,3,42,10,300,0.0001,50,least_cost,Ranked k-means,Random 25% immutable,α < 1,0.9893549112643493,220,1,0,True,,3.0,0.9366637373205731,1.9356277920308678,2.4989159483865677,1.4989159483865677,True,1.6658999999776825,Optimization terminated successfully
Palmer Penguins,3,42,10,300,0.0001,50,least_cost,Ranked k-means,Random 50% immutable,α = 1,1.0,220,1,0,True,,2.0,1.2529065449905774,2.238666160900796,1.8537214154115276,0.8537214154115276,True,1.7643000000475695,Optimization terminated successfully
Palmer Penguins,3,42,10,300,0.0001,50,least_cost,Ranked k-means,Random 50% immutable,α < 1,0.9893549112643493,220,1,0,True,,2.0,1.272515536421846,2.256116607289478,1.8393833843926646,0.8393833843926646,True,1.4840999999705673,Optimization terminated successfully
Palmer Penguins,3,42,10,300,0.0001,50,least_cost,Ranked k-means,Random 75% immutable,α = 1,1.0,220,1,0,False,,,,,,,False,5.7740999999964515,Positive directional derivative for linesearch
Palmer Penguins,3,42,10,300,0.0001,50,least_cost,Ranked k-means,Random 75% immutable,α < 1,0.9893549112643493,220,1,0,False,,,,,,,False,1.7151999999782674,Positive directional derivative for linesearch
Palmer Penguins,3,42,10,300,0.0001,50,least_cost,Ranked k-means,All features mutable,α = 1,1.0,20,2,0,True,,4.0,0.33794106927606843,1.162653979954601,3.8108268840024406,2.8108268840024406,True,1.6780000000267137,Optimization terminated successfully
Palmer Penguins,3,42,10,300,0.0001,50,least_cost,Ranked k-means,All features mutable,α < 1,0.9893549112643493,20,2,0,True,,4.0,0.34379852596780586,1.1726867032038963,3.77822399050377,2.77822399050377,True,1.6832000000022163,Optimization terminated successfully
Palmer Penguins,3,42,10,300,0.0001,50,least_cost,Ranked k-means,Random 25% immutable,α = 1,1.0,20,2,0,True,,3.0,1.8991445290094697,2.7561890566573766,1.2399391558779782,0.2399391558779782,True,1.6062999999917338,Optimization terminated successfully
Palmer Penguins,3,42,10,300,0.0001,50,least_cost,Ranked k-means,Random 25% immutable,α < 1,0.9893549112643493,20,2,0,True,,3.0,1.932061974805134,2.7799726436101015,1.2293310519005083,0.2293310519005083,True,1.5484000000469678,Optimization terminated successfully
Palmer Penguins,3,42,10,300,0.0001,50,least_cost,Ranked k-means,Random 50% immutable,α = 1,1.0,20,2,0,True,,2.0,0.36531114016886623,1.2088194905259697,3.525309736819465,2.525309736819465,True,1.051300000028732,Optimization terminated successfully
Palmer Penguins,3,42,10,300,0.0001,50,least_cost,Ranked k-means,Random 50% immutable,α < 1,0.9893549112643493,20,2,0,True,,2.0,0.3716429961552738,1.2192505831948965,3.495149544128924,2.495149544128924,True,1.0556000000292443,Optimization terminated successfully
Palmer Penguins,3,42,10,300,0.0001,50,least_cost,Ranked k-means,Random 75% immutable,α = 1,1.0,20,2,0,True,,1.0,0.4110924356732154,1.2823298104204166,3.132713728724739,2.132713728724739,True,1.2570000000096115,Optimization terminated successfully
Palmer Penguins,3,42,10,300,0.0001,50,least_cost,Ranked k-means,Random 75% immutable,α < 1,0.9893549112643493,20,2,0,True,,1.0,0.4182178085774776,1.2933952351504587,3.105912324928056,2.105912324928056,True,1.2593000000151733,Optimization terminated successfully
Palmer Penguins,3,42,10,300,0.0001,50,least_cost,Ranked k-means,All features mutable,α = 1,1.0,232,1,0,True,,4.0,0.6198370376643837,1.5745945988277537,2.7883275019920877,1.7883275019920877,True,1.6024000000243177,Optimization terminated successfully
Palmer Penguins,3,42,10,300,0.0001,50,least_cost,Ranked k-means,All features mutable,α < 1,0.9893549112643493,232,1,0,True,,4.0,0.6316801270978795,1.5895661384137239,2.762065277725225,1.7620652777252248,True,1.596800000015719,Optimization terminated successfully
Palmer Penguins,3,42,10,300,0.0001,50,least_cost,Ranked k-means,Random 25% immutable,α = 1,1.0,232,1,0,True,,3.0,1.157311226815034,2.151568011302486,2.2411380265957637,1.2411380265957637,True,1.5018999999938387,Optimization terminated successfully
Palmer Penguins,3,42,10,300,0.0001,50,least_cost,Ranked k-means,Random 25% immutable,α < 1,0.9893549112643493,232,1,0,True,,3.0,1.179423716919211,2.17202552187511,2.2200295492007927,1.2200295492007927,True,1.8325000000345426,Optimization terminated successfully
Palmer Penguins,3,42,10,300,0.0001,50,least_cost,Ranked k-means,Random 50% immutable,α = 1,1.0,232,1,0,True,,2.0,2.3485012316639455,3.0649640987547935,1.1385962745113454,0.13859627451134537,True,1.4473999999609077,Optimization terminated successfully
Palmer Penguins,3,42,10,300,0.0001,50,least_cost,Ranked k-means,Random 50% immutable,α < 1,0.9893549112643493,232,1,0,True,,2.0,2.3933735262045874,3.094106349952818,1.127872254444229,0.127872254444229,True,1.4324999999644206,Optimization terminated successfully
Palmer Penguins,3,42,10,300,0.0001,50,least_cost,Ranked k-means,Random 75% immutable,α = 1,1.0,232,1,0,True,,1.0,1.3346582532983735,2.3105482062042104,1.2949447155914604,0.2949447155914604,True,1.4027000000282897,Optimization terminated successfully
Palmer Penguins,3,42,10,300,0.0001,50,least_cost,Ranked k-means,Random 75% immutable,α < 1,0.9893549112643493,232,1,0,True,,1.0,1.360159273883598,2.332517330168072,1.2827481069681381,0.2827481069681381,True,1.2935999999967862,Optimization terminated successfully
Palmer Penguins,3,42,10,300,0.0001,50,least_cost,Ranked k-means,All features mutable,α = 1,1.0,142,2,1,True,,4.0,0.3742435044720275,1.2235088957126996,2.8857198594306395,1.8857198594306395,True,1.6410999999720843,Optimization terminated successfully
Palmer Penguins,3,42,10,300,0.0001,50,least_cost,Ranked k-means,All features mutable,α < 1,0.6767622979364194,142,2,1,True,,4.0,0.7981006723019236,1.7867296071895418,2.227944261885989,1.2279442618859888,True,1.9315999999776068,Optimization terminated successfully
Palmer Penguins,3,42,10,300,0.0001,50,least_cost,Ranked k-means,Random 25% immutable,α = 1,1.0,142,2,1,True,,3.0,0.550511922052304,1.48392981242686,2.034737337513966,1.034737337513966,True,1.5394000000128472,Optimization terminated successfully
Palmer Penguins,3,42,10,300,0.0001,50,least_cost,Ranked k-means,Random 25% immutable,α < 1,0.6767622979364194,142,2,1,True,,3.0,1.1803993153029797,2.172923666678588,1.509929653551072,0.509929653551072,True,1.5268000000219217,Optimization terminated successfully
Palmer Penguins,3,42,10,300,0.0001,50,least_cost,Ranked k-means,Random 50% immutable,α = 1,1.0,142,2,1,True,,2.0,0.9513348954164079,1.9507279619838416,1.1573332919636818,0.15733329196368184,True,1.0691999999608015,Optimization terminated successfully
Palmer Penguins,3,42,10,300,0.0001,50,least_cost,Ranked k-means,Random 50% immutable,α < 1,0.6767622979364194,142,2,1,False,,,,,,,False,5.440099999987069,Positive directional derivative for linesearch
Palmer Penguins,3,42,10,300,0.0001,50,least_cost,Ranked k-means,Random 75% immutable,α = 1,1.0,142,2,1,False,,,,,,,False,11.921299999983148,Positive directional derivative for linesearch
Palmer Penguins,3,42,10,300,0.0001,50,least_cost,Ranked k-means,Random 75% immutable,α < 1,0.6767622979364194,142,2,1,False,,,,,,,False,0.6050999999729356,Positive directional derivative for linesearch
Palmer Penguins,3,42,10,300,0.0001,50,least_cost,Ranked k-means,All features mutable,α = 1,1.0,282,0,2,True,,4.0,0.13061522310353352,0.7228145629510615,3.890572366096154,2.890572366096154,True,1.2166999999863037,Optimization terminated successfully
Palmer Penguins,3,42,10,300,0.0001,50,least_cost,Ranked k-means,All features mutable,α < 1,0.9580439243793857,282,0,2,True,,4.0,0.14529708195185154,0.7623570868086728,3.6887731744624865,2.6887731744624865,True,1.209299999970881,Optimization terminated successfully
Palmer Penguins,3,42,10,300,0.0001,50,least_cost,Ranked k-means,Random 25% immutable,α = 1,1.0,282,0,2,True,,3.0,0.13475477144800166,0.7341791918816595,3.77105739386662,2.77105739386662,True,1.1317999999960193,Optimization terminated successfully
Palmer Penguins,3,42,10,300,0.0001,50,least_cost,Ranked k-means,Random 25% immutable,α < 1,0.9580439243793857,282,0,2,True,,3.0,0.14990193793731374,0.7743434326894333,3.5754572971931866,2.5754572971931866,True,1.129400000024816,Optimization terminated successfully
Palmer Penguins,3,42,10,300,0.0001,50,least_cost,Ranked k-means,Random 50% immutable,α = 1,1.0,282,0,2,True,,2.0,0.8871827024293326,1.8838075299024926,1.0394795823099776,0.03947958230997761,True,1.6585999999847445,Optimization terminated successfully
Palmer Penguins,3,42,10,300,0.0001,50,least_cost,Ranked k-means,Random 50% immutable,α < 1,0.9580439243793857,282,0,2,True,,2.0,0.9873862494993129,1.9873462199620004,1.0,0.0,False,1.4388999999823682,Optimization terminated successfully
Palmer Penguins,3,42,10,300,0.0001,50,least_cost,Ranked k-means,Random 75% immutable,α = 1,1.0,282,0,2,True,,1.0,0.15888844221849868,0.7972162622990042,3.1982689733928256,2.1982689733928256,True,1.0209999999801767,Optimization terminated successfully
Palmer Penguins,3,42,10,300,0.0001,50,least_cost,Ranked k-means,Random 75% immutable,α < 1,0.9580439243793857,282,0,2,True,,1.0,0.17674836499784916,0.8408290313680877,3.032378690167895,2.032378690167895,True,0.9890000000041255,Optimization terminated successfully
Palmer Penguins,3,42,10,300,0.0001,50,least_cost,Ranked k-means,All features mutable,α = 1,1.0,175,1,2,True,,4.0,0.7163666017994805,1.692768858172291,2.483591708374318,1.483591708374318,True,1.927899999998317,Optimization terminated successfully
Palmer Penguins,3,42,10,300,0.0001,50,least_cost,Ranked k-means,All features mutable,α < 1,0.9580439243793857,175,1,2,True,,4.0,0.7820626478449939,1.768686120084617,2.3769885726285738,1.3769885726285738,True,1.6669999999976426,Optimization terminated successfully
Palmer Penguins,3,42,10,300,0.0001,50,least_cost,Ranked k-means,Random 25% immutable,α = 1,1.0,175,1,2,True,,3.0,0.9744368328248594,1.97427134186247,1.825836299791957,0.825836299791957,True,1.665800000012041,Optimization terminated successfully
Palmer Penguins,3,42,10,300,0.0001,50,least_cost,Ranked k-means,Random 25% immutable,α < 1,0.9580439243793857,175,1,2,True,,3.0,1.0637998026742386,2.062813421203419,1.7474659865200644,0.7474659865200644,True,1.5314999999986867,Optimization terminated successfully
Palmer Penguins,3,42,10,300,0.0001,50,least_cost,Ranked k-means,Random 50% immutable,α = 1,1.0,175,1,2,True,,2.0,1.7293345535501854,2.6300833093650744,1.0288131628673292,0.028813162867329156,True,1.4244999999846186,Optimization terminated successfully
Palmer Penguins,3,42,10,300,0.0001,50,least_cost,Ranked k-means,Random 50% immutable,α < 1,0.9580439243793857,175,1,2,True,,2.0,1.8884408473108065,2.748411066278701,1.0,0.0,False,1.416699999992943,Optimization terminated successfully
Palmer Penguins,3,42,10,300,0.0001,50,least_cost,Ranked k-means,Random 75% immutable,α = 1,1.0,175,1,2,False,,,,,,,False,3.120899999998983,Positive directional derivative for linesearch
Palmer Penguins,3,42,10,300,0.0001,50,least_cost,Ranked k-means,Random 75% immutable,α < 1,0.9580439243793857,175,1,2,False,,,,,,,False,3.023999999982152,Positive directional derivative for linesearch
Palmer Penguins,3,42,10,300,0.0001,50,least_cost,Ranked k-means,All features mutable,α = 1,1.0,73,2,1,True,,4.0,0.7824969151122909,1.7691771139287225,2.8768813640236908,1.8768813640236908,True,1.6384000000471133,Optimization terminated successfully
Palmer Penguins,3,42,10,300,0.0001,50,least_cost,Ranked k-means,All features mutable,α < 1,0.6767622979364194,73,2,1,True,,4.0,1.3853976764955651,2.354058348041157,2.1621013967745117,1.1621013967745117,True,1.6128999999978078,Optimization terminated successfully
Palmer Penguins,3,42,10,300,0.0001,50,least_cost,Ranked k-means,Random 25% immutable,α = 1,1.0,73,2,1,True,,3.0,0.9959777618399082,1.9959737090852756,2.1709512600739154,1.1709512600739154,True,1.5183000000433822,Optimization terminated successfully
Palmer Penguins,3,42,10,300,0.0001,50,least_cost,Ranked k-means,Random 25% immutable,α < 1,0.6767622979364194,73,2,1,True,,3.0,1.7679799358840094,2.6593081324916144,1.625677788833019,0.6256777888330189,True,1.7536999999947511,Optimization terminated successfully
Palmer Penguins,3,42,10,300,0.0001,50,least_cost,Ranked k-means,Random 50% immutable,α = 1,1.0,73,2,1,True,,2.0,1.7121058151696917,2.616949227760976,1.3148432955124927,0.3148432955124927,True,1.419400000031601,Optimization terminated successfully
Palmer Penguins,3,42,10,300,0.0001,50,least_cost,Ranked k-means,Random 50% immutable,α < 1,0.6767622979364194,73,2,1,True,,2.0,3.0315629437767733,3.4822768090872804,1.0,0.0,False,1.4207999999484855,Optimization terminated successfully
Palmer Penguins,3,42,10,300,0.0001,50,least_cost,Ranked k-means,Random 75% immutable,α = 1,1.0,73,2,1,False,,,,,,,False,0.567799999998897,Positive directional derivative for linesearch
Palmer Penguins,3,42,10,300,0.0001,50,least_cost,Ranked k-means,Random 75% immutable,α < 1,0.6767622979364194,73,2,1,False,,,,,,,False,0.5678999999645384,Positive directional derivative for linesearch
Palmer Penguins,3,42,10,300,0.0001,50,least_cost,Ranked k-means,All features mutable,α = 1,1.0,25,2,0,True,,4.0,0.1004204093655637,0.6337835888237048,6.0651032940683685,5.0651032940683685,True,1.1705000000006294,Optimization terminated successfully
Palmer Penguins,3,42,10,300,0.0001,50,least_cost,Ranked k-means,All features mutable,α < 1,0.9893549112643493,25,2,0,True,,4.0,0.10362486091891689,0.6438163120608762,5.970589530694126,4.970589530694126,True,1.1580999999978303,Optimization terminated successfully
Palmer Penguins,3,42,10,300,0.0001,50,least_cost,Ranked k-means,Random 25% immutable,α = 1,1.0,25,2,0,True,,3.0,0.5643376577964002,1.5024482124804173,2.3558618383754273,1.3558618383754273,True,1.9500999999877422,Optimization terminated successfully
Palmer Penguins,3,42,10,300,0.0001,50,least_cost,Ranked k-means,Random 25% immutable,α < 1,0.9893549112643493,25,2,0,True,,3.0,0.5823458764002309,1.5262317994331411,2.3191499686061112,1.3191499686061112,True,1.7267000000060762,Optimization terminated successfully
Palmer Penguins,3,42,10,300,0.0001,50,least_cost,Ranked k-means,Random 50% immutable,α = 1,1.0,25,2,0,True,,2.0,0.750861075200036,1.7330448063452208,1.770635881159163,0.7706358811591629,True,1.4233999999646585,Optimization terminated successfully
Palmer Penguins,3,42,10,300,0.0001,50,least_cost,Ranked k-means,Random 50% immutable,α < 1,0.9893549112643493,25,2,0,True,,2.0,0.7748213234601097,1.7604787115555924,1.743043685517624,0.7430436855176239,True,1.4231000000108907,Optimization terminated successfully
Palmer Penguins,3,42,10,300,0.0001,50,least_cost,Ranked k-means,Random 75% immutable,α = 1,1.0,25,2,0,True,,1.0,0.9747547076281258,1.9745933329454202,1.731255570817295,0.731255570817295,True,1.280899999983376,Optimization terminated successfully
Palmer Penguins,3,42,10,300,0.0001,50,least_cost,Ranked k-means,Random 75% immutable,α < 1,0.9893549112643493,25,2,0,True,,1.0,1.005859482610933,2.005850924282194,1.7042770558753206,0.7042770558753206,True,1.421499999992193,Optimization terminated successfully
Palmer Penguins,3,42,10,300,0.0001,50,least_cost,Ranked k-means,All features mutable,α = 1,1.0,247,1,0,True,,4.0,0.2408771356865878,0.981584709918788,4.321232180353863,3.3212321803538627,True,1.9980999999802407,Optimization terminated successfully
Palmer Penguins,3,42,10,300,0.0001,50,least_cost,Ranked k-means,All features mutable,α < 1,0.9893549112643493,247,1,0,True,,4.0,0.24828108960674722,0.9965562495047577,4.256313146431654,3.256313146431654,True,1.7876000000001113,Optimization terminated successfully
Palmer Penguins,3,42,10,300,0.0001,50,least_cost,Ranked k-means,Random 25% immutable,α = 1,1.0,247,1,0,True,,3.0,0.44974694391218106,1.3412634997079151,2.9087533328461173,1.9087533328461173,True,1.674499999978707,Optimization terminated successfully
Palmer Penguins,3,42,10,300,0.0001,50,least_cost,Ranked k-means,Random 25% immutable,α < 1,0.9893549112643493,247,1,0,True,,3.0,0.46357102745986456,1.3617210102805413,2.86505431883652,1.86505431883652,True,1.6616999999996551,Optimization terminated successfully
Palmer Penguins,3,42,10,300,0.0001,50,least_cost,Ranked k-means,Random 50% immutable,α = 1,1.0,247,1,0,True,,2.0,0.3272470453216191,1.144110213784702,3.1807347114718256,2.1807347114718256,True,1.4465999999515589,Optimization terminated successfully
Palmer Penguins,3,42,10,300,0.0001,50,least_cost,Ranked k-means,Random 50% immutable,α < 1,0.9893549112643493,247,1,0,True,,2.0,0.3373057918156078,1.1615606601733857,3.1329496484057175,2.1329496484057175,True,1.4372999999636704,Optimization terminated successfully
Palmer Penguins,3,42,10,300,0.0001,50,least_cost,Ranked k-means,Random 75% immutable,α = 1,1.0,247,1,0,True,,1.0,0.5186664197841133,1.440369979948365,2.0068506078249353,1.0068506078249353,True,1.2882999999987987,Optimization terminated successfully
Palmer Penguins,3,42,10,300,0.0001,50,least_cost,Ranked k-means,Random 75% immutable,α < 1,0.9893549112643493,247,1,0,True,,1.0,0.5346089137077049,1.4623391039122287,1.9767011372525423,0.9767011372525423,True,1.2803999999846383,Optimization terminated successfully
Palmer Penguins,3,42,10,300,0.0001,50,least_cost,Ranked k-means,All features mutable,α = 1,1.0,227,1,2,True,,4.0,0.4605822715362814,1.357324237662146,3.496455000596634,2.496455000596634,True,1.6246999999793843,Optimization terminated successfully
Palmer Penguins,3,42,10,300,0.0001,50,least_cost,Ranked k-means,All features mutable,α < 1,0.9580439243793857,227,1,2,True,,4.0,0.5121742074687656,1.4313269472329033,3.305032734681349,2.305032734681349,True,1.7764000000397573,Optimization terminated successfully
Palmer Penguins,3,42,10,300,0.0001,50,least_cost,Ranked k-means,Random 25% immutable,α = 1,1.0,227,1,2,True,,3.0,0.670602067262146,1.6378059314365008,2.3701087070385305,1.3701087070385305,True,1.6733999999587468,Optimization terminated successfully
Palmer Penguins,3,42,10,300,0.0001,50,least_cost,Ranked k-means,Random 25% immutable,α < 1,0.9580439243793857,227,1,2,True,,3.0,0.7472265483556223,1.7288453353098099,2.2355132722713003,1.2355132722713003,True,1.5515999999706764,Optimization terminated successfully
Palmer Penguins,3,42,10,300,0.0001,50,least_cost,Ranked k-means,Random 50% immutable,α = 1,1.0,227,1,2,True,,2.0,0.9312040469944765,1.929978286918769,1.6668991987624386,0.6668991987624386,True,1.4610000000061518,Optimization terminated successfully
Palmer Penguins,3,42,10,300,0.0001,50,least_cost,Ranked k-means,Random 50% immutable,α < 1,0.9580439243793857,227,1,2,True,,2.0,1.0391535828900973,2.0387776562343403,1.5779451395195818,0.5779451395195818,True,1.4780999999857158,Optimization terminated successfully
Palmer Penguins,3,42,10,300,0.0001,50,least_cost,Ranked k-means,Random 75% immutable,α = 1,1.0,227,1,2,False,,,,,,,False,0.9521000000063395,Positive directional derivative for linesearch
Palmer Penguins,3,42,10,300,0.0001,50,least_cost,Ranked k-means,Random 75% immutable,α < 1,0.9580439243793857,227,1,2,False,,,,,,,False,0.9407999999666572,Positive directional derivative for linesearch
Palmer Penguins,3,42,10,300,0.0001,50,least_cost,Ranked k-means,All features mutable,α = 1,1.0,57,2,0,True,,4.0,0.7421294237639849,1.7229386800045845,2.712487526383096,1.712487526383096,True,1.6552999999817075,Optimization terminated successfully
Palmer Penguins,3,42,10,300,0.0001,50,least_cost,Ranked k-means,All features mutable,α < 1,0.9893549112643493,57,2,0,True,,4.0,0.7507974711239304,1.7329714032538799,2.6967840740828777,1.6967840740828777,True,1.6462000000387889,Optimization terminated successfully
Palmer Penguins,3,42,10,300,0.0001,50,least_cost,Ranked k-means,Random 25% immutable,α = 1,1.0,57,2,0,True,,3.0,0.8273656324836037,1.8191928237365096,2.433043780224197,1.4330437802241969,True,1.5548999999737134,Optimization terminated successfully
Palmer Penguins,3,42,10,300,0.0001,50,least_cost,Ranked k-means,Random 25% immutable,α < 1,0.9893549112643493,57,2,0,True,,3.0,0.8370292359693491,1.8297860377315693,2.4189581131790168,1.4189581131790168,True,1.517900000010286,Optimization terminated successfully
Palmer Penguins,3,42,10,300,0.0001,50,least_cost,Ranked k-means,Random 50% immutable,α = 1,1.0,57,2,0,True,,2.0,0.8567055021968126,1.851167741936762,2.349718544304642,1.349718544304642,True,1.6891999999870677,Optimization terminated successfully
Palmer Penguins,3,42,10,300,0.0001,50,least_cost,Ranked k-means,Random 50% immutable,α < 1,0.9893549112643493,57,2,0,True,,2.0,0.866711794399734,1.8619471468328352,2.3361152747904153,1.3361152747904153,True,1.4419999999972788,Optimization terminated successfully
Palmer Penguins,3,42,10,300,0.0001,50,least_cost,Ranked k-means,Random 75% immutable,α = 1,1.0,57,2,0,False,,,,,,,False,3.44910000001164,Positive directional derivative for linesearch
Palmer Penguins,3,42,10,300,0.0001,50,least_cost,Ranked k-means,Random 75% immutable,α < 1,0.9893549112643493,57,2,0,False,,,,,,,False,1.3717000000497137,Positive directional derivative for linesearch
Palmer Penguins,3,42,10,300,0.0001,50,least_cost,Ranked k-means,All features mutable,α = 1,1.0,116,2,0,True,,4.0,0.08670631379829412,0.5889187169662521,4.913087517423839,3.913087517423839,True,1.3302000000408043,Optimization terminated successfully
Palmer Penguins,3,42,10,300,0.0001,50,least_cost,Ranked k-means,All features mutable,α < 1,0.9893549112643493,116,2,0,True,,4.0,0.08968570693806246,0.5989514402288802,4.8307909481674365,3.8307909481674365,True,1.1666999999988548,Optimization terminated successfully
Palmer Penguins,3,42,10,300,0.0001,50,least_cost,Ranked k-means,Random 25% immutable,α = 1,1.0,116,2,0,True,,3.0,0.09071629220645629,0.6023829088095255,4.695911809553114,3.695911809553114,True,1.0955999999850974,Optimization terminated successfully
Palmer Penguins,3,42,10,300,0.0001,50,least_cost,Ranked k-means,Random 25% immutable,α < 1,0.9893549112643493,116,2,0,True,,3.0,0.09383347579811369,0.6126450058495986,4.617253037449939,3.617253037449939,True,1.1127999999871463,Optimization terminated successfully
Palmer Penguins,3,42,10,300,0.0001,50,least_cost,Ranked k-means,Random 50% immutable,α = 1,1.0,116,2,0,True,,2.0,1.4784107359363503,2.4317982942146745,1.0000000000000009,8.881784197001252e-16,True,1.4762000000132502,Optimization terminated successfully
Palmer Penguins,3,42,10,300,0.0001,50,least_cost,Ranked k-means,Random 50% immutable,α < 1,0.9893549112643493,116,2,0,True,,2.0,1.535725733562328,2.4784880339128756,1.0,0.0,False,1.472599999999602,Optimization terminated successfully
Palmer Penguins,3,42,10,300,0.0001,50,least_cost,Ranked k-means,Random 75% immutable,α = 1,1.0,116,2,0,True,,1.0,0.1054749270611364,0.6495380729753611,6.2976219259518205,5.2976219259518205,True,1.389999999958036,Optimization terminated successfully
Palmer Penguins,3,42,10,300,0.0001,50,least_cost,Ranked k-means,Random 75% immutable,α < 1,0.9893549112643493,116,2,0,True,,1.0,0.10909924529515297,0.6606034977054026,6.192133744853883,5.192133744853883,True,1.0393000000021857,Optimization terminated successfully
Palmer Penguins,3,42,10,300,0.0001,50,least_cost,Ranked k-means,All features mutable,α = 1,1.0,39,2,0,True,,4.0,0.5601608281180481,1.4968778548940433,3.122131625088484,2.122131625088484,True,1.7377000000351472,Optimization terminated successfully
Palmer Penguins,3,42,10,300,0.0001,50,least_cost,Ranked k-means,All features mutable,α < 1,0.9893549112643493,39,2,0,True,,4.0,0.5676948726300728,1.5069105781433387,3.101345060565812,2.101345060565812,True,1.698599999997441,Optimization terminated successfully
Palmer Penguins,3,42,10,300,0.0001,50,least_cost,Ranked k-means,Random 25% immutable,α = 1,1.0,39,2,0,True,,3.0,0.624497295226256,1.5805028253391462,2.8004858438456264,1.8004858438456264,True,1.548099999979513,Optimization terminated successfully
Palmer Penguins,3,42,10,300,0.0001,50,least_cost,Ranked k-means,Random 25% immutable,α < 1,0.9893549112643493,39,2,0,True,,3.0,0.6328966515962476,1.591096039334204,2.7818407414003423,1.7818407414003423,True,1.6613999999890439,Optimization terminated successfully
Palmer Penguins,3,42,10,300,0.0001,50,least_cost,Ranked k-means,Random 50% immutable,α = 1,1.0,39,2,0,False,,,,,,,False,4.543800000021747,Positive directional derivative for linesearch
Palmer Penguins,3,42,10,300,0.0001,50,least_cost,Ranked k-means,Random 50% immutable,α < 1,0.9893549112643493,39,2,0,False,,,,,,,False,9.425500000020293,Positive directional derivative for linesearch
Palmer Penguins,3,42,10,300,0.0001,50,least_cost,Ranked k-means,Random 75% immutable,α = 1,1.0,39,2,0,False,,,,,,,False,0.9486999999808177,Positive directional derivative for linesearch
Palmer Penguins,3,42,10,300,0.0001,50,least_cost,Ranked k-means,Random 75% immutable,α < 1,0.9893549112643493,39,2,0,False,,,,,,,False,0.9454000000346241,Positive directional derivative for linesearch
Palmer Penguins,3,42,10,300,0.0001,50,least_cost,Ranked k-means,All features mutable,α = 1,1.0,28,2,1,True,,4.0,1.0589130516518428,2.0580700198504838,2.2430708427248947,1.2430708427248947,True,1.797899999985475,Optimization terminated successfully
Palmer Penguins,3,42,10,300,0.0001,50,least_cost,Ranked k-means,All features mutable,α < 1,0.6767622979364194,28,2,1,True,,4.0,1.6625473553739953,2.578796118636753,1.9432106933323872,0.9432106933323872,True,1.772800000026109,Optimization terminated successfully
Palmer Penguins,3,42,10,300,0.0001,50,least_cost,Ranked k-means,Random 25% immutable,α = 1,1.0,28,2,1,True,,3.0,1.4838761991657214,2.4362891447163832,1.6315366279062076,0.6315366279062076,True,1.662399999986519,Optimization terminated successfully
Palmer Penguins,3,42,10,300,0.0001,50,least_cost,Ranked k-means,Random 25% immutable,α < 1,0.6767622979364194,28,2,1,True,,3.0,2.338203143010768,3.058236840410349,1.378713322144491,0.37871332214449094,True,1.7526999999972759,Optimization terminated successfully
Palmer Penguins,3,42,10,300,0.0001,50,least_cost,Ranked k-means,Random 50% immutable,α = 1,1.0,28,2,1,False,,,,,,,False,3.7164999999959036,Positive directional derivative for linesearch
Palmer Penguins,3,42,10,300,0.0001,50,least_cost,Ranked k-means,Random 50% immutable,α < 1,0.6767622979364194,28,2,1,False,,,,,,,False,1.805099999955928,Positive directional derivative for linesearch
Palmer Penguins,3,42,10,300,0.0001,50,least_cost,Ranked k-means,Random 75% immutable,α = 1,1.0,28,2,1,False,,,,,,,False,4.203500000016902,Positive directional derivative for linesearch
Palmer Penguins,3,42,10,300,0.0001,50,least_cost,Ranked k-means,Random 75% immutable,α < 1,0.6767622979364194,28,2,1,False,,,,,,,False,6.21259999996937,Positive directional derivative for linesearch
Palmer Penguins,3,42,10,300,0.0001,50,least_cost,Ranked k-means,All features mutable,α = 1,1.0,273,1,0,True,,4.0,0.2900810861998391,1.0771835241960195,3.7304788881268376,2.7304788881268376,True,1.6264999999862084,Optimization terminated successfully
Palmer Penguins,3,42,10,300,0.0001,50,least_cost,Ranked k-means,All features mutable,α < 1,0.9893549112643493,273,1,0,True,,4.0,0.29820067083616,1.0921550637819888,3.679340534495541,2.679340534495541,True,1.6095999999947708,Optimization terminated successfully
Palmer Penguins,3,42,10,300,0.0001,50,least_cost,Ranked k-means,Random 25% immutable,α = 1,1.0,273,1,0,True,,3.0,0.3940928209855954,1.2555362535356682,2.7459047931442933,1.7459047931442933,True,1.6084000000091692,Optimization terminated successfully
Palmer Penguins,3,42,10,300,0.0001,50,least_cost,Ranked k-means,Random 25% immutable,α < 1,0.9893549112643493,273,1,0,True,,3.0,0.4051237711812052,1.2729866789266966,2.708263224643359,1.7082632246433591,True,1.527000000010048,Optimization terminated successfully
Palmer Penguins,3,42,10,300,0.0001,50,least_cost,Ranked k-means,Random 50% immutable,α = 1,1.0,273,1,0,True,,2.0,1.099088545579316,2.096748478553702,1.3926327061489183,0.3926327061489183,True,1.412700000003042,Optimization terminated successfully
Palmer Penguins,3,42,10,300,0.0001,50,least_cost,Ranked k-means,Random 50% immutable,α < 1,0.9893549112643493,273,1,0,True,,2.0,1.1298528487110735,2.1258907297517187,1.3735421425731884,0.3735421425731884,True,1.4065999999957057,Optimization terminated successfully
Palmer Penguins,3,42,10,300,0.0001,50,least_cost,Ranked k-means,Random 75% immutable,α = 1,1.0,273,1,0,True,,1.0,0.6246143619962304,1.5806509570379292,1.7324951644586877,0.7324951644586877,True,1.2801000000308704,Optimization terminated successfully
Palmer Penguins,3,42,10,300,0.0001,50,least_cost,Ranked k-means,Random 75% immutable,α < 1,0.9893549112643493,273,1,0,True,,1.0,0.6420977810075474,1.6026200810017919,1.708745679795427,0.708745679795427,True,1.292499999976826,Optimization terminated successfully
Palmer Penguins,3,42,10,300,0.0001,50,least_cost,Ranked + weighted SHARK,All features mutable,α = 1,1.0,318,1,0,True,,4.0,0.08774809883804272,0.6530329414113057,4.545716547457936,3.5457165474579364,True,4.439999999988231,Optimization terminated successfully
Palmer Penguins,3,42,10,300,0.0001,50,least_cost,Ranked + weighted SHARK,All features mutable,α < 1,0.9962179277671736,318,1,0,True,,4.0,0.08862073016247381,0.6562720279081733,4.5232808250501035,3.5232808250501035,True,4.483300000003965,Optimization terminated successfully
Palmer Penguins,3,42,10,300,0.0001,50,least_cost,Ranked + weighted SHARK,Random 25% immutable,α = 1,1.0,318,1,0,True,,3.0,0.11681425914821629,0.7831711681495612,3.4146214954247935,2.4146214954247935,True,3.6759999999844695,Optimization terminated successfully
Palmer Penguins,3,42,10,300,0.0001,50,least_cost,Ranked + weighted SHARK,Random 25% immutable,α < 1,0.9962179277671736,318,1,0,True,,3.0,0.11797594564665428,0.7870557476343042,3.3977683216867116,2.3977683216867116,True,3.67909999999938,Optimization terminated successfully
Palmer Penguins,3,42,10,300,0.0001,50,least_cost,Ranked + weighted SHARK,Random 50% immutable,α = 1,1.0,318,1,0,True,,2.0,0.16063408931056555,0.9588589039620372,3.7159844894868965,2.7159844894868965,True,1.825599999961014,Optimization terminated successfully
Palmer Penguins,3,42,10,300,0.0001,50,least_cost,Ranked + weighted SHARK,Random 50% immutable,α < 1,0.9962179277671736,318,1,0,True,,2.0,0.16223155254514737,0.9636149022766146,3.697643891781061,2.697643891781061,True,1.8249999999966349,Optimization terminated successfully
Palmer Penguins,3,42,10,300,0.0001,50,least_cost,Ranked + weighted SHARK,Random 75% immutable,α = 1,1.0,318,1,0,True,,1.0,0.3526516418217666,1.1392626560509913,1.745706897522515,0.745706897522515,True,1.285999999993237,Optimization terminated successfully
Palmer Penguins,3,42,10,300,0.0001,50,least_cost,Ranked + weighted SHARK,Random 75% immutable,α < 1,0.9962179277671736,318,1,0,True,,1.0,0.3561586678809113,1.144913472725245,1.7218648509150518,0.7218648509150518,True,1.2856000000169843,Optimization terminated successfully
Palmer Penguins,3,42,10,300,0.0001,50,least_cost,Ranked + weighted SHARK,All features mutable,α = 1,1.0,158,2,0,True,,4.0,1.0053037457681726,2.0213757296553037,2.36361718288205,1.36361718288205,True,3.9406999999869186,Optimization terminated successfully
Palmer Penguins,3,42,10,300,0.0001,50,least_cost,Ranked + weighted SHARK,All features mutable,α < 1,0.9962179277671736,158,2,0,True,,4.0,1.011884373534088,2.027507543107819,2.3589959421632294,1.3589959421632294,True,3.9466000000061285,Optimization terminated successfully
Palmer Penguins,3,42,10,300,0.0001,50,least_cost,Ranked + weighted SHARK,Random 25% immutable,α = 1,1.0,158,2,0,True,,3.0,1.9600236858334483,3.2079637766011775,1.2202423146085317,0.22024231460853172,True,2.3843999999826337,Optimization terminated successfully
Palmer Penguins,3,42,10,300,0.0001,50,least_cost,Ranked + weighted SHARK,Random 25% immutable,α < 1,0.9962179277671736,158,2,0,True,,3.0,1.972889711598706,3.217902456412041,1.2170765890611743,0.21707658906117433,True,11.523399999987305,Optimization terminated successfully
Palmer Penguins,3,42,10,300,0.0001,50,least_cost,Ranked + weighted SHARK,Random 50% immutable,α = 1,1.0,158,2,0,True,,2.0,2.0754184867766514,2.409053548234165,1.389573224858548,0.38957322485854795,True,1.553999999998723,Optimization terminated successfully
Palmer Penguins,3,42,10,300,0.0001,50,least_cost,Ranked + weighted SHARK,Random 50% immutable,α < 1,0.9962179277671736,158,2,0,True,,2.0,2.0878613660236227,2.4162562881567804,1.3854117884675394,0.38541178846753943,True,1.57369999999446,Optimization terminated successfully
Palmer Penguins,3,42,10,300,0.0001,50,least_cost,Ranked + weighted SHARK,Random 75% immutable,α = 1,1.0,158,2,0,True,,1.0,2.1188800583543497,2.434103335180799,1.3751702213305896,0.37517022133058964,True,1.3188000000354805,Optimization terminated successfully
Palmer Penguins,3,42,10,300,0.0001,50,least_cost,Ranked + weighted SHARK,Random 75% immutable,α < 1,0.9962179277671736,158,2,0,True,,1.0,2.127321001923146,2.4389468625808863,1.3724392579180655,0.37243925791806554,True,1.3088000000038846,Optimization terminated successfully
Palmer Penguins,3,42,10,300,0.0001,50,least_cost,Ranked + weighted SHARK,All features mutable,α = 1,1.0,140,0,1,True,,4.0,0.1591948165026802,0.8795908358693617,5.630185031073722,4.630185031073722,True,4.490599999996903,Optimization terminated successfully
Palmer Penguins,3,42,10,300,0.0001,50,least_cost,Ranked + weighted SHARK,All features mutable,α < 1,0.9743492650626556,140,0,1,True,,4.0,0.16724601274041104,0.901558931009474,5.492995529572894,4.492995529572894,True,4.944000000023152,Optimization terminated successfully
Palmer Penguins,3,42,10,300,0.0001,50,least_cost,Ranked + weighted SHARK,Random 25% immutable,α = 1,1.0,140,0,1,True,,3.0,0.22388646272487023,0.878825863497841,4.060895161594224,3.0608951615942237,True,2.867200000025605,Optimization terminated successfully
Palmer Penguins,3,42,10,300,0.0001,50,least_cost,Ranked + weighted SHARK,Random 25% immutable,α < 1,0.9743492650626556,140,0,1,True,,3.0,0.2352094058039966,0.9007748546374277,3.961944262053449,2.961944262053449,True,2.854599999977836,Optimization terminated successfully
Palmer Penguins,3,42,10,300,0.0001,50,least_cost,Ranked + weighted SHARK,Random 50% immutable,α = 1,1.0,140,0,1,True,,2.0,0.34440769509686675,1.070189153102516,1.9843593029569557,0.9843593029569557,True,1.8394999999600259,Optimization terminated successfully
Palmer Penguins,3,42,10,300,0.0001,50,least_cost,Ranked + weighted SHARK,Random 50% immutable,α < 1,0.9743492650626556,140,0,1,True,,2.0,0.36182593786377987,1.0969175113098246,1.888445557410445,0.8884455574104451,True,2.138300000012805,Optimization terminated successfully
Palmer Penguins,3,42,10,300,0.0001,50,least_cost,Ranked + weighted SHARK,Random 75% immutable,α = 1,1.0,140,0,1,True,,1.0,0.5509453913348752,2.1423505870784876,1.626819584545616,0.6268195845456159,True,1.4663999999697808,Optimization terminated successfully
Palmer Penguins,3,42,10,300,0.0001,50,least_cost,Ranked + weighted SHARK,Random 75% immutable,α < 1,0.9743492650626556,140,0,1,True,,1.0,0.5788091720739779,2.195856562950688,1.587179213262824,0.587179213262824,True,1.4231000000108907,Optimization terminated successfully
Palmer Penguins,3,42,10,300,0.0001,50,least_cost,Ranked + weighted SHARK,All features mutable,α = 1,1.0,26,0,2,True,,4.0,1.0872649493066073,1.9721270983571806,2.1751473702104884,1.1751473702104884,True,4.6405999999592495,Optimization terminated successfully
Palmer Penguins,3,42,10,300,0.0001,50,least_cost,Ranked + weighted SHARK,All features mutable,α < 1,0.658694608347118,26,0,2,True,,4.0,1.812344084769812,2.570401667838392,1.9246788779486872,0.9246788779486872,True,4.462700000033237,Optimization terminated successfully
Palmer Penguins,3,42,10,300,0.0001,50,least_cost,Ranked + weighted SHARK,Random 25% immutable,α = 1,1.0,26,0,2,True,,3.0,2.081325751792458,2.623624771108524,1.6457478836276889,0.6457478836276889,True,4.181399999993118,Optimization terminated successfully
Palmer Penguins,3,42,10,300,0.0001,50,least_cost,Ranked + weighted SHARK,Random 25% immutable,α < 1,0.658694608347118,26,0,2,True,,3.0,3.3107957400597305,3.3090085288278446,1.3048696820651455,0.30486968206514553,True,3.8332999999965978,Optimization terminated successfully
Palmer Penguins,3,42,10,300,0.0001,50,least_cost,Ranked + weighted SHARK,Random 50% immutable,α = 1,1.0,26,0,2,False,,,,,,,False,3.495900000018537,Positive directional derivative for linesearch
Palmer Penguins,3,42,10,300,0.0001,50,least_cost,Ranked + weighted SHARK,Random 50% immutable,α < 1,0.658694608347118,26,0,2,False,,,,,,,False,11.518399999999929,Positive directional derivative for linesearch
Palmer Penguins,3,42,10,300,0.0001,50,least_cost,Ranked + weighted SHARK,Random 75% immutable,α = 1,1.0,26,0,2,False,,,,,,,False,11.257599999964896,Positive directional derivative for linesearch
Palmer Penguins,3,42,10,300,0.0001,50,least_cost,Ranked + weighted SHARK,Random 75% immutable,α < 1,0.658694608347118,26,0,2,False,,,,,,,False,10.218199999997069,Positive directional derivative for linesearch
Palmer Penguins,3,42,10,300,0.0001,50,least_cost,Ranked + weighted SHARK,All features mutable,α = 1,1.0,266,2,1,True,,4.0,1.3001633957139274,2.131436289015571,1.80148474948872,0.8014847494887201,True,4.861500000004071,Optimization terminated successfully
Palmer Penguins,3,42,10,300,0.0001,50,least_cost,Ranked + weighted SHARK,All features mutable,α < 1,0.9743492650626556,266,2,1,True,,4.0,1.3461948192819615,2.168839158143917,1.7704170977204936,0.7704170977204936,True,5.140900000014881,Optimization terminated successfully
Palmer Penguins,3,42,10,300,0.0001,50,least_cost,Ranked + weighted SHARK,Random 25% immutable,α = 1,1.0,266,2,1,True,,3.0,1.5878058396644783,2.318178626788672,1.475132231101989,0.475132231101989,True,4.03479999999945,Optimization terminated successfully
Palmer Penguins,3,42,10,300,0.0001,50,least_cost,Ranked + weighted SHARK,Random 25% immutable,α < 1,0.9743492650626556,266,2,1,True,,3.0,1.6440210533715094,2.3588584790823113,1.4496927439109732,0.44969274391097325,True,4.021899999997913,Optimization terminated successfully
Palmer Penguins,3,42,10,300,0.0001,50,least_cost,Ranked + weighted SHARK,Random 50% immutable,α = 1,1.0,266,2,1,True,,2.0,4.089921881385595,3.454707119976354,1.235150155618914,0.23515015561891395,True,2.403700000002118,Optimization terminated successfully
Palmer Penguins,3,42,10,300,0.0001,50,least_cost,Ranked + weighted SHARK,Random 50% immutable,α < 1,0.9743492650626556,266,2,1,True,,2.0,4.234722855711558,3.5153310083511093,1.2138492867205812,0.21384928672058123,True,2.4230000000216023,Optimization terminated successfully
Palmer Penguins,3,42,10,300,0.0001,50,least_cost,Ranked + weighted SHARK,Random 75% immutable,α = 1,1.0,266,2,1,False,,,,,,,False,1.1046999999848595,Positive directional derivative for linesearch
Palmer Penguins,3,42,10,300,0.0001,50,least_cost,Ranked + weighted SHARK,Random 75% immutable,α < 1,0.9743492650626556,266,2,1,False,,,,,,,False,1.6667999999526728,Positive directional derivative for linesearch
Palmer Penguins,3,42,10,300,0.0001,50,least_cost,Ranked + weighted SHARK,All features mutable,α = 1,1.0,328,0,2,True,,4.0,0.7799701485609591,1.6759516545384074,2.357697229142588,1.357697229142588,True,3.961900000035712,Optimization terminated successfully
Palmer Penguins,3,42,10,300,0.0001,50,least_cost,Ranked + weighted SHARK,All features mutable,α < 1,0.658694608347118,328,0,2,True,,4.0,1.4167532335301463,2.283125023497339,2.0303836875917,1.0303836875917,True,3.9358999999876687,Optimization terminated successfully
Palmer Penguins,3,42,10,300,0.0001,50,least_cost,Ranked + weighted SHARK,Random 25% immutable,α = 1,1.0,328,0,2,True,,3.0,1.469470515415078,2.2045103106422697,1.958632239316703,0.958632239316703,True,3.712699999994129,Optimization terminated successfully
Palmer Penguins,3,42,10,300,0.0001,50,least_cost,Ranked + weighted SHARK,Random 25% immutable,α < 1,0.658694608347118,328,0,2,True,,3.0,2.525227200146178,2.889894056503157,1.4941118064976895,0.4941118064976895,True,3.687300000024152,Optimization terminated successfully
Palmer Penguins,3,42,10,300,0.0001,50,least_cost,Ranked + weighted SHARK,Random 50% immutable,α = 1,1.0,328,0,2,True,,2.0,2.306871620519453,2.5945703227712404,1.2476427178735978,0.24764271787359782,True,2.363500000001295,Optimization terminated successfully
Palmer Penguins,3,42,10,300,0.0001,50,least_cost,Ranked + weighted SHARK,Random 50% immutable,α < 1,0.658694608347118,328,0,2,True,,2.0,4.3740401063338314,4.123436146061584,1.0000000000000002,2.220446049250313e-16,True,1.4716999999677682,Optimization terminated successfully
Palmer Penguins,3,42,10,300,0.0001,50,least_cost,Ranked + weighted SHARK,Random 75% immutable,α = 1,1.0,328,0,2,True,,1.0,2.358839503676369,2.568236540467523,1.2201557434723778,0.22015574347237776,True,1.3152000000218322,Optimization terminated successfully
Palmer Penguins,3,42,10,300,0.0001,50,least_cost,Ranked + weighted SHARK,Random 75% immutable,α < 1,0.658694608347118,328,0,2,False,,,,,,,False,4.943200000013803,Positive directional derivative for linesearch
Palmer Penguins,3,42,10,300,0.0001,50,least_cost,Ranked + weighted SHARK,All features mutable,α = 1,1.0,204,2,0,True,,4.0,1.4588378299536906,2.4342756223869233,2.0764307144654706,1.0764307144654706,True,4.479699999990316,Optimization terminated successfully
Palmer Penguins,3,42,10,300,0.0001,50,least_cost,Ranked + weighted SHARK,All features mutable,α < 1,0.9962179277671736,204,2,0,True,,4.0,1.4667685481241401,2.440412334644673,2.071001137132806,1.0710011371328059,True,4.374600000005557,Optimization terminated successfully
Palmer Penguins,3,42,10,300,0.0001,50,least_cost,Ranked + weighted SHARK,Random 25% immutable,α = 1,1.0,204,2,0,True,,3.0,2.8443378117288285,3.8635678655313455,1.0654954399505872,0.06549543995058715,True,2.8771000000347158,Optimization terminated successfully
Palmer Penguins,3,42,10,300,0.0001,50,least_cost,Ranked + weighted SHARK,Random 25% immutable,α < 1,0.9962179277671736,204,2,0,True,,3.0,2.8598382006927796,3.8735095891603653,1.062654462103298,0.06265446210329806,True,2.5474000000258457,Optimization terminated successfully
Palmer Penguins,3,42,10,300,0.0001,50,least_cost,Ranked + weighted SHARK,Random 50% immutable,α = 1,1.0,204,2,0,True,,2.0,2.506243892566238,3.033809640130482,1.5541866867419183,0.5541866867419183,True,2.082600000051116,Optimization terminated successfully
Palmer Penguins,3,42,10,300,0.0001,50,least_cost,Ranked + weighted SHARK,Random 50% immutable,α < 1,0.9962179277671736,204,2,0,True,,2.0,2.521231239753903,3.042867217753993,1.5495604054014054,0.5495604054014054,True,2.252600000019811,Optimization terminated successfully
Palmer Penguins,3,42,10,300,0.0001,50,least_cost,Ranked + weighted SHARK,Random 75% immutable,α = 1,1.0,204,2,0,True,,1.0,3.064589198988392,2.92733184935529,1.2894411463748048,0.2894411463748048,True,1.2912999999912245,Optimization terminated successfully
Palmer Penguins,3,42,10,300,0.0001,50,least_cost,Ranked + weighted SHARK,Random 75% immutable,α < 1,0.9962179277671736,204,2,0,True,,1.0,3.0747388522505985,2.9321753767553824,1.2873111770787034,0.28731117707870335,True,1.3229999999566644,Optimization terminated successfully
Palmer Penguins,3,42,10,300,0.0001,50,least_cost,Ranked + weighted SHARK,All features mutable,α = 1,1.0,234,2,1,True,,4.0,0.7332529233974674,1.6006644111423467,2.4424629701622265,1.4424629701622265,True,4.874600000050577,Optimization terminated successfully
Palmer Penguins,3,42,10,300,0.0001,50,least_cost,Ranked + weighted SHARK,All features mutable,α < 1,0.9743492650626556,234,2,1,True,,4.0,0.7679212678737432,1.6380672818688709,2.386692929089742,1.386692929089742,True,4.855799999972987,Optimization terminated successfully
Palmer Penguins,3,42,10,300,0.0001,50,least_cost,Ranked + weighted SHARK,Random 25% immutable,α = 1,1.0,234,2,1,True,,3.0,1.0640592065074719,2.0132287020429636,1.6831233956786253,0.6831233956786253,True,4.320699999993849,Optimization terminated successfully
Palmer Penguins,3,42,10,300,0.0001,50,least_cost,Ranked + weighted SHARK,Random 25% immutable,α < 1,0.9743492650626556,234,2,1,True,,3.0,1.1143681380343,2.0602720103979273,1.6446917655512912,0.6446917655512912,True,4.097699999988436,Optimization terminated successfully
Palmer Penguins,3,42,10,300,0.0001,50,least_cost,Ranked + weighted SHARK,Random 50% immutable,α = 1,1.0,234,2,1,True,,2.0,2.30659252973775,2.594413359333679,1.2238507581389495,0.2238507581389495,True,2.063500000019758,Optimization terminated successfully
Palmer Penguins,3,42,10,300,0.0001,50,least_cost,Ranked + weighted SHARK,Random 50% immutable,α < 1,0.9743492650626556,234,2,1,True,,2.0,2.415648684626706,2.6550372416853336,1.1848787556150973,0.18487875561509726,True,2.062199999954828,Optimization terminated successfully
Palmer Penguins,3,42,10,300,0.0001,50,least_cost,Ranked + weighted SHARK,Random 75% immutable,α = 1,1.0,234,2,1,True,,1.0,2.358554125697307,2.568081180104638,1.387253881705128,0.3872538817051281,True,1.5511000000287822,Optimization terminated successfully
Palmer Penguins,3,42,10,300,0.0001,50,least_cost,Ranked + weighted SHARK,Random 75% immutable,α < 1,0.9743492650626556,234,2,1,True,,1.0,2.470067035207713,2.628089762372282,1.343078501321462,0.3430785013214619,True,1.3038000000165084,Optimization terminated successfully
Palmer Penguins,3,42,10,300,0.0001,50,least_cost,Ranked + weighted SHARK,All features mutable,α = 1,1.0,91,0,1,True,,4.0,0.4929231569748139,1.5477679314338235,3.3210825319992834,2.3210825319992834,True,5.418399999996382,Optimization terminated successfully
Palmer Penguins,3,42,10,300,0.0001,50,least_cost,Ranked + weighted SHARK,All features mutable,α < 1,0.9743492650626556,91,0,1,True,,4.0,0.5070149737631675,1.5697360254315182,3.2746047457100382,2.2746047457100382,True,5.366600000002109,Optimization terminated successfully
Palmer Penguins,3,42,10,300,0.0001,50,least_cost,Ranked + weighted SHARK,Random 25% immutable,α = 1,1.0,91,0,1,True,,3.0,0.663701796038861,1.9235842535757048,2.4665691415778936,1.4665691415778936,True,3.089200000033543,Optimization terminated successfully
Palmer Penguins,3,42,10,300,0.0001,50,least_cost,Ranked + weighted SHARK,Random 25% immutable,α < 1,0.9743492650626556,91,0,1,True,,3.0,0.6826758774536225,1.9508864447021643,2.4320500200746142,1.4320500200746142,True,3.0978000000345673,Optimization terminated successfully
Palmer Penguins,3,42,10,300,0.0001,50,least_cost,Ranked + weighted SHARK,Random 50% immutable,α = 1,1.0,91,0,1,True,,2.0,0.9166021800457281,2.3798440463337927,1.7859892699195425,0.7859892699195425,True,2.4305000000026666,Optimization terminated successfully
Palmer Penguins,3,42,10,300,0.0001,50,least_cost,Ranked + weighted SHARK,Random 50% immutable,α < 1,0.9743492650626556,91,0,1,True,,2.0,0.9428062441199055,2.4136221293468743,1.7609947422386547,0.7609947422386547,True,2.308099999993374,Optimization terminated successfully
Palmer Penguins,3,42,10,300,0.0001,50,least_cost,Ranked + weighted SHARK,Random 75% immutable,α = 1,1.0,91,0,1,False,,,,,,,False,2.4947999999653803,Positive directional derivative for linesearch
Palmer Penguins,3,42,10,300,0.0001,50,least_cost,Ranked + weighted SHARK,Random 75% immutable,α < 1,0.9743492650626556,91,0,1,False,,,,,,,False,9.021399999994628,Positive directional derivative for linesearch
Palmer Penguins,3,42,10,300,0.0001,50,least_cost,Ranked + weighted SHARK,All features mutable,α = 1,1.0,151,2,0,True,,4.0,0.4995678920285988,1.3721292277063073,2.908722329222903,1.9087223292229032,True,4.919799999981933,Optimization terminated successfully
Palmer Penguins,3,42,10,300,0.0001,50,least_cost,Ranked + weighted SHARK,All features mutable,α < 1,0.9962179277671736,151,2,0,True,,4.0,0.504540820118577,1.3789417164889002,2.8943521470080595,1.8943521470080595,True,4.961199999968358,Optimization terminated successfully
Palmer Penguins,3,42,10,300,0.0001,50,least_cost,Ranked + weighted SHARK,Random 25% immutable,α = 1,1.0,151,2,0,True,,3.0,0.5871350397664314,1.4905977604762901,2.4748972942152947,1.4748972942152947,True,3.7636999999790532,Optimization terminated successfully
Palmer Penguins,3,42,10,300,0.0001,50,least_cost,Ranked + weighted SHARK,Random 25% immutable,α < 1,0.9962179277671736,151,2,0,True,,3.0,0.5929796514379228,1.4979984377985007,2.462670394772254,1.4626703947722541,True,3.727999999966869,Optimization terminated successfully
Palmer Penguins,3,42,10,300,0.0001,50,least_cost,Ranked + weighted SHARK,Random 50% immutable,α = 1,1.0,151,2,0,True,,2.0,0.8148033930963213,1.5664070251069078,2.11531551338381,1.11531551338381,True,1.890000000003056,Optimization terminated successfully
Palmer Penguins,3,42,10,300,0.0001,50,least_cost,Ranked + weighted SHARK,Random 50% immutable,α < 1,0.9962179277671736,151,2,0,True,,2.0,0.8229143200528991,1.5741840873450388,2.104865066774978,1.1048650667749782,True,1.9001000000002932,Optimization terminated successfully
Palmer Penguins,3,42,10,300,0.0001,50,least_cost,Ranked + weighted SHARK,Random 75% immutable,α = 1,1.0,151,2,0,False,,,,,,,False,7.675399999982346,Positive directional derivative for linesearch
Palmer Penguins,3,42,10,300,0.0001,50,least_cost,Ranked + weighted SHARK,Random 75% immutable,α < 1,0.9962179277671736,151,2,0,False,,,,,,,False,10.553299999969568,Positive directional derivative for linesearch
Palmer Penguins,3,42,10,300,0.0001,50,least_cost,Ranked + weighted SHARK,All features mutable,α = 1,1.0,119,0,2,True,,4.0,1.093367010688922,2.0299284961092066,2.6310596367714196,1.6310596367714196,True,5.009199999960856,Optimization terminated successfully
Palmer Penguins,3,42,10,300,0.0001,50,least_cost,Ranked + weighted SHARK,All features mutable,α < 1,0.658694608347118,119,0,2,True,,4.0,1.8559226622407172,2.6447077803808816,2.019452965595317,1.0194529655953168,True,5.55930000001581,Optimization terminated successfully
Palmer Penguins,3,42,10,300,0.0001,50,least_cost,Ranked + weighted SHARK,Random 25% immutable,α = 1,1.0,119,0,2,True,,3.0,1.5610843511463846,2.3949224483703926,1.8427887340916362,0.8427887340916362,True,3.672199999982695,Optimization terminated successfully
Palmer Penguins,3,42,10,300,0.0001,50,least_cost,Ranked + weighted SHARK,Random 25% immutable,α < 1,0.658694608347118,119,0,2,True,,3.0,2.6498438279497325,3.120242893113638,1.4144206696909725,0.41442066969097247,True,3.970499999979893,Optimization terminated successfully
Palmer Penguins,3,42,10,300,0.0001,50,least_cost,Ranked + weighted SHARK,Random 50% immutable,α = 1,1.0,119,0,2,True,,2.0,2.687871797955055,2.8006446368360036,1.1558398747186962,0.1558398747186962,True,2.2073999999747684,Optimization terminated successfully
Palmer Penguins,3,42,10,300,0.0001,50,least_cost,Ranked + weighted SHARK,Random 50% immutable,α < 1,0.658694608347118,119,0,2,False,,,,,,,False,1.7801999999846885,Positive directional derivative for linesearch
Palmer Penguins,3,42,10,300,0.0001,50,least_cost,Ranked + weighted SHARK,Random 75% immutable,α = 1,1.0,119,0,2,False,,,,,,,False,0.9452999999552958,Positive directional derivative for linesearch
Palmer Penguins,3,42,10,300,0.0001,50,least_cost,Ranked + weighted SHARK,Random 75% immutable,α < 1,0.658694608347118,119,0,2,False,,,,,,,False,2.092899999979636,Positive directional derivative for linesearch
Palmer Penguins,3,42,10,300,0.0001,50,least_cost,Ranked + weighted SHARK,All features mutable,α = 1,1.0,231,2,1,True,,4.0,0.4039396405776093,1.1880415374474986,3.7675828004646847,2.7675828004646847,True,4.428200000006655,Optimization terminated successfully
Palmer Penguins,3,42,10,300,0.0001,50,least_cost,Ranked + weighted SHARK,All features mutable,α < 1,0.9743492650626556,231,2,1,True,,4.0,0.4297743098246464,1.2254444062048753,3.5618057954335858,2.5618057954335858,True,4.454500000008466,Optimization terminated successfully
Palmer Penguins,3,42,10,300,0.0001,50,least_cost,Ranked + weighted SHARK,Random 25% immutable,α = 1,1.0,231,2,1,True,,3.0,0.5861765834339001,1.494254080055306,2.834618620338375,1.8346186203383752,True,3.626199999985147,Optimization terminated successfully
Palmer Penguins,3,42,10,300,0.0001,50,least_cost,Ranked + weighted SHARK,Random 25% immutable,α < 1,0.9743492650626556,231,2,1,True,,3.0,0.6236665364667944,1.5412973769384186,2.7481007423883943,1.7481007423883943,True,3.660200000012992,Optimization terminated successfully
Palmer Penguins,3,42,10,300,0.0001,50,least_cost,Ranked + weighted SHARK,Random 50% immutable,α = 1,1.0,231,2,1,False,,,,,,,False,15.154499999994187,Positive directional derivative for linesearch
Palmer Penguins,3,42,10,300,0.0001,50,least_cost,Ranked + weighted SHARK,Random 50% immutable,α < 1,0.9743492650626556,231,2,1,False,,,,,,,False,10.455200000023979,Positive directional derivative for linesearch
Palmer Penguins,3,42,10,300,0.0001,50,least_cost,Ranked + weighted SHARK,Random 75% immutable,α = 1,1.0,231,2,1,True,,1.0,0.8063498329324413,1.7227119128557224,2.0606281718984927,1.0606281718984927,True,1.3270000000034088,Optimization terminated successfully
Palmer Penguins,3,42,10,300,0.0001,50,least_cost,Ranked + weighted SHARK,Random 75% immutable,α < 1,0.9743492650626556,231,2,1,True,,1.0,0.8579213528789104,1.7769476989803628,1.9977339241512886,0.9977339241512886,True,1.372600000024704,Optimization terminated successfully
Palmer Penguins,3,42,10,300,0.0001,50,least_cost,Ranked + weighted SHARK,All features mutable,α = 1,1.0,128,1,0,True,,4.0,0.2223506038338784,1.0395260779219517,3.008815970828393,2.008815970828393,True,5.104499999958989,Optimization terminated successfully
Palmer Penguins,3,42,10,300,0.0001,50,least_cost,Ranked + weighted SHARK,All features mutable,α < 1,0.9962179277671736,128,1,0,True,,4.0,0.22373841844135894,1.0427651623158412,2.9994698664971176,1.9994698664971176,True,5.001800000002277,Optimization terminated successfully
Palmer Penguins,3,42,10,300,0.0001,50,least_cost,Ranked + weighted SHARK,Random 25% immutable,α = 1,1.0,128,1,0,True,,3.0,0.29938641152214235,1.2919352795237111,2.234555073048484,1.234555073048484,True,2.9565000000388864,Optimization terminated successfully
Palmer Penguins,3,42,10,300,0.0001,50,least_cost,Ranked + weighted SHARK,Random 25% immutable,α < 1,0.9962179277671736,128,1,0,True,,3.0,0.30125504975257794,1.2959608624317613,2.22761394719032,1.2276139471903198,True,2.927699999986544,Optimization terminated successfully
Palmer Penguins,3,42,10,300,0.0001,50,least_cost,Ranked + weighted SHARK,Random 50% immutable,α = 1,1.0,128,1,0,True,,2.0,0.40704114659018065,1.5263530583550742,1.6435842905620552,0.6435842905620552,True,2.2900000000163345,Optimization terminated successfully
Palmer Penguins,3,42,10,300,0.0001,50,least_cost,Ranked + weighted SHARK,Random 50% immutable,α < 1,0.9962179277671736,128,1,0,True,,2.0,0.40958171819149647,1.5311090569407177,1.6384789200967917,0.6384789200967917,True,1.9132999999555977,Optimization terminated successfully
Palmer Penguins,3,42,10,300,0.0001,50,least_cost,Ranked + weighted SHARK,Random 75% immutable,α = 1,1.0,128,1,0,False,,,,,,,False,2.203099999974256,Positive directional derivative for linesearch
Palmer Penguins,3,42,10,300,0.0001,50,least_cost,Ranked + weighted SHARK,Random 75% immutable,α < 1,0.9962179277671736,128,1,0,False,,,,,,,False,6.147899999973561,Positive directional derivative for linesearch
Palmer Penguins,3,42,10,300,0.0001,50,least_cost,Ranked + weighted SHARK,All features mutable,α = 1,1.0,22,0,1,True,,4.0,0.07349108150949742,0.5976194312115427,6.646753635476004,5.646753635476004,True,4.696699999954035,Optimization terminated successfully
Palmer Penguins,3,42,10,300,0.0001,50,least_cost,Ranked + weighted SHARK,All features mutable,α < 1,0.9743492650626556,22,0,1,True,,4.0,0.07899323987058494,0.6195870831178499,6.411090959545284,5.411090959545284,True,4.5564000000126725,Optimization terminated successfully
Palmer Penguins,3,42,10,300,0.0001,50,least_cost,Ranked + weighted SHARK,Random 25% immutable,α = 1,1.0,22,0,1,True,,3.0,0.09243178804831532,0.6855241321943694,5.284364280157142,4.284364280157142,True,3.438500000015665,Optimization terminated successfully
Palmer Penguins,3,42,10,300,0.0001,50,least_cost,Ranked + weighted SHARK,Random 25% immutable,α < 1,0.9743492650626556,22,0,1,True,,3.0,0.09935200646123013,0.7107230343803254,5.097005476511118,4.097005476511118,True,3.77549999996063,Optimization terminated successfully
Palmer Penguins,3,42,10,300,0.0001,50,least_cost,Ranked + weighted SHARK,Random 50% immutable,α = 1,1.0,22,0,1,True,,2.0,0.13665838981700448,0.9189168318552031,3.574187929871823,2.574187929871823,True,2.034499999979289,Optimization terminated successfully
Palmer Penguins,3,42,10,300,0.0001,50,least_cost,Ranked + weighted SHARK,Random 50% immutable,α < 1,0.9743492650626556,22,0,1,True,,2.0,0.14688978234397304,0.9526949266255923,3.4474640439071025,2.4474640439071025,True,1.8147000000112712,Optimization terminated successfully
Palmer Penguins,3,42,10,300,0.0001,50,least_cost,Ranked + weighted SHARK,Random 75% immutable,α = 1,1.0,22,0,1,True,,1.0,0.35864089061594007,1.1962291296822192,2.453237552580073,1.453237552580073,True,1.3738999999759471,Optimization terminated successfully
Palmer Penguins,3,42,10,300,0.0001,50,least_cost,Ranked + weighted SHARK,Random 75% immutable,α < 1,0.9743492650626556,22,0,1,True,,1.0,0.3854917538013392,1.240200830434235,2.366257262865311,1.366257262865311,True,1.2619999999969878,Optimization terminated successfully
Palmer Penguins,3,42,10,300,0.0001,50,least_cost,Ranked + weighted SHARK,All features mutable,α = 1,1.0,242,2,0,True,,4.0,2.2740670706015975,3.2276113719757684,1.6872748785030034,0.6872748785030034,True,4.139899999984209,Optimization terminated successfully
Palmer Penguins,3,42,10,300,0.0001,50,least_cost,Ranked + weighted SHARK,All features mutable,α < 1,0.9962179277671736,242,2,0,True,,4.0,2.281623420955564,3.232288897791853,1.6855626884899038,0.6855626884899038,True,10.739800000010291,Optimization terminated successfully
Palmer Penguins,3,42,10,300,0.0001,50,least_cost,Ranked + weighted SHARK,Random 25% immutable,α = 1,1.0,242,2,0,True,,3.0,4.101123997911932,4.829001523050357,1.0090627002001493,0.00906270020014932,True,2.658899999971709,Optimization terminated successfully
Palmer Penguins,3,42,10,300,0.0001,50,least_cost,Ranked + weighted SHARK,Random 25% immutable,α < 1,0.9962179277671736,242,2,0,True,,3.0,4.117371420140454,4.8379635807658605,1.007488643136313,0.0074886431363130335,True,2.4235999999859814,Optimization terminated successfully
Palmer Penguins,3,42,10,300,0.0001,50,least_cost,Ranked + weighted SHARK,Random 50% immutable,α = 1,1.0,242,2,0,False,,,,,,,False,1.149399999974321,Positive directional derivative for linesearch
Palmer Penguins,3,42,10,300,0.0001,50,least_cost,Ranked + weighted SHARK,Random 50% immutable,α < 1,0.9962179277671736,242,2,0,False,,,,,,,False,2.4637999999868043,Positive directional derivative for linesearch
Palmer Penguins,3,42,10,300,0.0001,50,least_cost,Ranked + weighted SHARK,Random 75% immutable,α = 1,1.0,242,2,0,False,,,,,,,False,0.9939999999915017,Positive directional derivative for linesearch
Palmer Penguins,3,42,10,300,0.0001,50,least_cost,Ranked + weighted SHARK,Random 75% immutable,α < 1,0.9962179277671736,242,2,0,False,,,,,,,False,0.9782000000200242,Positive directional derivative for linesearch
Palmer Penguins,3,42,10,300,0.0001,50,least_cost,Ranked + weighted SHARK,All features mutable,α = 1,1.0,159,2,1,True,,4.0,0.49661395726308094,1.3307906329551347,3.580225651177556,2.580225651177556,True,3.6350999999967826,Optimization terminated successfully
Palmer Penguins,3,42,10,300,0.0001,50,least_cost,Ranked + weighted SHARK,All features mutable,α < 1,0.9743492650626556,159,2,1,True,,4.0,0.529440635988871,1.375369786349089,3.4497515803896786,2.4497515803896786,True,3.8595000000327673,Optimization terminated successfully
Palmer Penguins,3,42,10,300,0.0001,50,least_cost,Ranked + weighted SHARK,Random 25% immutable,α = 1,1.0,159,2,1,True,,3.0,0.49915670159214415,1.3335721569232841,3.4849935315860265,2.4849935315860265,True,1.9644000000198503,Optimization terminated successfully
Palmer Penguins,3,42,10,300,0.0001,50,least_cost,Ranked + weighted SHARK,Random 25% immutable,α < 1,0.9743492650626556,159,2,1,True,,3.0,0.5326833977413554,1.3785021108403477,3.3501356252533876,2.3501356252533876,True,1.9791999999938525,Optimization terminated successfully
Palmer Penguins,3,42,10,300,0.0001,50,least_cost,Ranked + weighted SHARK,Random 50% immutable,α = 1,1.0,159,2,1,False,,,,,,,False,5.749500000035823,Positive directional derivative for linesearch
Palmer Penguins,3,42,10,300,0.0001,50,least_cost,Ranked + weighted SHARK,Random 50% immutable,α < 1,0.9743492650626556,159,2,1,False,,,,,,,False,1.1314000000197666,Positive directional derivative for linesearch
Palmer Penguins,3,42,10,300,0.0001,50,least_cost,Ranked + weighted SHARK,Random 75% immutable,α = 1,1.0,159,2,1,False,,,,,,,False,0.6133999999633488,Positive directional derivative for linesearch
Palmer Penguins,3,42,10,300,0.0001,50,least_cost,Ranked + weighted SHARK,Random 75% immutable,α < 1,0.9743492650626556,159,2,1,False,,,,,,,False,35.142899999982546,Positive directional derivative for linesearch
Palmer Penguins,3,42,10,300,0.0001,50,least_cost,Ranked + weighted SHARK,All features mutable,α = 1,1.0,156,2,1,True,,4.0,0.5497101990705542,1.385740556848777,1.0,0.0,False,4.258600000014212,Optimization terminated successfully
Palmer Penguins,3,42,10,300,0.0001,50,least_cost,Ranked + weighted SHARK,All features mutable,α < 1,0.9743492650626556,156,2,1,True,,4.0,0.5801896617525577,1.4234716676718957,1.000000000000542,5.420108806220014e-13,True,3.9393000000131906,Optimization terminated successfully
Palmer Penguins,3,42,10,300,0.0001,50,least_cost,Ranked + weighted SHARK,Random 25% immutable,α = 1,1.0,156,2,1,False,,,,,,,False,7.598099999995611,Positive directional derivative for linesearch
Palmer Penguins,3,42,10,300,0.0001,50,least_cost,Ranked + weighted SHARK,Random 25% immutable,α < 1,0.9743492650626556,156,2,1,False,,,,,,,False,7.308399999999438,Positive directional derivative for linesearch
Palmer Penguins,3,42,10,300,0.0001,50,least_cost,Ranked + weighted SHARK,Random 50% immutable,α = 1,1.0,156,2,1,False,,,,,,,False,28.117100000031314,Positive directional derivative for linesearch
Palmer Penguins,3,42,10,300,0.0001,50,least_cost,Ranked + weighted SHARK,Random 50% immutable,α < 1,0.9743492650626556,156,2,1,False,,,,,,,False,7.168999999976222,Positive directional derivative for linesearch
Palmer Penguins,3,42,10,300,0.0001,50,least_cost,Ranked + weighted SHARK,Random 75% immutable,α = 1,1.0,156,2,1,True,,1.0,1.0971969660911567,2.0095240389996034,2.0188824422681932,1.0188824422681932,True,1.4275999999995292,Optimization terminated successfully
Palmer Penguins,3,42,10,300,0.0001,50,least_cost,Ranked + weighted SHARK,Random 75% immutable,α < 1,0.9743492650626556,156,2,1,True,,1.0,1.157221500859003,2.063759825124241,1.965826037633971,0.9658260376339709,True,1.4199000000303386,Optimization terminated successfully
Palmer Penguins,3,42,10,300,0.0001,50,least_cost,Ranked + weighted SHARK,All features mutable,α = 1,1.0,253,2,0,True,,4.0,0.6531954559635754,1.6485269629479429,2.853062059791399,1.853062059791399,True,4.037400000015623,Optimization terminated successfully
Palmer Penguins,3,42,10,300,0.0001,50,least_cost,Ranked + weighted SHARK,All features mutable,α < 1,0.9962179277671736,253,2,0,True,,4.0,0.6583330324964496,1.6544458350607683,2.8465537978472755,1.8465537978472755,True,4.0425999999911255,Optimization terminated successfully
Palmer Penguins,3,42,10,300,0.0001,50,least_cost,Ranked + weighted SHARK,Random 25% immutable,α = 1,1.0,253,2,0,True,,3.0,0.6990810975589605,1.6265041988976745,2.866626179047365,1.866626179047365,True,3.794499999969503,Optimization terminated successfully
Palmer Penguins,3,42,10,300,0.0001,50,least_cost,Ranked + weighted SHARK,Random 25% immutable,α < 1,0.9962179277671736,253,2,0,True,,3.0,0.7054572775850412,1.6339049760875297,2.853642593755818,1.853642593755818,True,3.8159000000064225,Optimization terminated successfully
Palmer Penguins,3,42,10,300,0.0001,50,least_cost,Ranked + weighted SHARK,Random 50% immutable,α = 1,1.0,253,2,0,True,,2.0,1.3827571508058425,1.9675380533483262,1.5604339727352348,0.5604339727352348,True,1.5534999999999854,Optimization terminated successfully
Palmer Penguins,3,42,10,300,0.0001,50,least_cost,Ranked + weighted SHARK,Random 50% immutable,α < 1,0.9962179277671736,253,2,0,True,,2.0,1.3927224580179989,1.974559523294497,1.5547019896741876,0.5547019896741876,True,1.537700000028508,Optimization terminated successfully
Palmer Penguins,3,42,10,300,0.0001,50,least_cost,Ranked + weighted SHARK,Random 75% immutable,α = 1,1.0,253,2,0,False,,,,,,,False,2.591599999959726,Positive directional derivative for linesearch
Palmer Penguins,3,42,10,300,0.0001,50,least_cost,Ranked + weighted SHARK,Random 75% immutable,α < 1,0.9962179277671736,253,2,0,False,,,,,,,False,7.018399999992653,Positive directional derivative for linesearch
Palmer Penguins,3,42,10,300,0.0001,50,least_cost,Ranked + weighted SHARK,All features mutable,α = 1,1.0,60,1,2,True,,4.0,1.2195206008946524,2.0642769306813977,2.4900899212933245,1.4900899212933245,True,5.104099999982736,Optimization terminated successfully
Palmer Penguins,3,42,10,300,0.0001,50,least_cost,Ranked + weighted SHARK,All features mutable,α < 1,0.658694608347118,60,1,2,True,,4.0,1.8784347619050452,2.561954700362504,2.006372372284975,1.0063723722849751,True,4.95589999997037,Optimization terminated successfully
Palmer Penguins,3,42,10,300,0.0001,50,least_cost,Ranked + weighted SHARK,Random 25% immutable,α = 1,1.0,60,1,2,True,,3.0,1.7697060338947892,2.5963353409346404,1.7414907313318753,0.7414907313318753,True,3.7722999999800777,Optimization terminated successfully
Palmer Penguins,3,42,10,300,0.0001,50,least_cost,Ranked + weighted SHARK,Random 25% immutable,α < 1,0.658694608347118,60,1,2,True,,3.0,2.7258886237579065,3.222287376852319,1.4031938566271134,0.4031938566271134,True,3.846699999996872,Optimization terminated successfully
Palmer Penguins,3,42,10,300,0.0001,50,least_cost,Ranked + weighted SHARK,Random 50% immutable,α = 1,1.0,60,1,2,False,,,,,,,False,1.0763000000224565,Positive directional derivative for linesearch
Palmer Penguins,3,42,10,300,0.0001,50,least_cost,Ranked + weighted SHARK,Random 50% immutable,α < 1,0.658694608347118,60,1,2,False,,,,,,,False,2.1589000000403757,Positive directional derivative for linesearch
Palmer Penguins,3,42,10,300,0.0001,50,least_cost,Ranked + weighted SHARK,Random 75% immutable,α = 1,1.0,60,1,2,True,,1.0,3.1754851179855046,3.4186602922338727,1.186720075366477,0.18672007536647706,True,1.406200000019453,Optimization terminated successfully
Palmer Penguins,3,42,10,300,0.0001,50,least_cost,Ranked + weighted SHARK,Random 75% immutable,α < 1,0.658694608347118,60,1,2,False,,,,,,,False,6.169199999987995,Positive directional derivative for linesearch
Palmer Penguins,3,42,10,300,0.0001,50,least_cost,Ranked + weighted SHARK,All features mutable,α = 1,1.0,261,2,1,True,,4.0,0.4995891942615212,1.3212345025822587,3.328901133025606,2.328901133025606,True,4.434199999991506,Optimization terminated successfully
Palmer Penguins,3,42,10,300,0.0001,50,least_cost,Ranked + weighted SHARK,All features mutable,α < 1,0.9743492650626556,261,2,1,True,,4.0,0.5282753374799439,1.3586373718547569,3.237257552417805,2.237257552417805,True,4.428899999993519,Optimization terminated successfully
Palmer Penguins,3,42,10,300,0.0001,50,least_cost,Ranked + weighted SHARK,Random 25% immutable,α = 1,1.0,261,2,1,True,,3.0,0.5031127805049955,1.3193987738868667,3.3055808450151796,2.3055808450151796,True,3.327500000011696,Optimization terminated successfully
Palmer Penguins,3,42,10,300,0.0001,50,least_cost,Ranked + weighted SHARK,Random 25% immutable,α < 1,0.9743492650626556,261,2,1,True,,3.0,0.5320012461740695,1.3567496768922378,3.2145791653406275,2.2145791653406275,True,3.3637999999882595,Optimization terminated successfully
Palmer Penguins,3,42,10,300,0.0001,50,least_cost,Ranked + weighted SHARK,Random 50% immutable,α = 1,1.0,261,2,1,False,,,,,,,False,4.075600000021495,Positive directional derivative for linesearch
Palmer Penguins,3,42,10,300,0.0001,50,least_cost,Ranked + weighted SHARK,Random 50% immutable,α < 1,0.9743492650626556,261,2,1,False,,,,,,,False,9.55260000000635,Positive directional derivative for linesearch
Palmer Penguins,3,42,10,300,0.0001,50,least_cost,Ranked + weighted SHARK,Random 75% immutable,α = 1,1.0,261,2,1,False,,,,,,,False,1.3154999999756,Positive directional derivative for linesearch
Palmer Penguins,3,42,10,300,0.0001,50,least_cost,Ranked + weighted SHARK,Random 75% immutable,α < 1,0.9743492650626556,261,2,1,False,,,,,,,False,2.7713000000062493,Positive directional derivative for linesearch
Palmer Penguins,3,42,10,300,0.0001,50,least_cost,Ranked + weighted SHARK,All features mutable,α = 1,1.0,180,2,0,True,,4.0,1.5450025906368925,2.5354560975783054,2.1986751220102576,1.1986751220102576,True,4.0386000000012245,Optimization terminated successfully
Palmer Penguins,3,42,10,300,0.0001,50,least_cost,Ranked + weighted SHARK,All features mutable,α < 1,0.9962179277671736,180,2,0,True,,4.0,1.5528961826771055,2.541373056411122,2.1954120710377003,1.1954120710377003,True,3.982799999960207,Optimization terminated successfully
Palmer Penguins,3,42,10,300,0.0001,50,least_cost,Ranked + weighted SHARK,Random 25% immutable,α = 1,1.0,180,2,0,True,,3.0,2.3087710482318085,3.1328614078511148,1.4680038605027474,0.46800386050274745,True,2.4198999999498483,Optimization terminated successfully
Palmer Penguins,3,42,10,300,0.0001,50,least_cost,Ranked + weighted SHARK,Random 25% immutable,α < 1,0.9962179277671736,180,2,0,True,,3.0,2.3205487725740146,3.1401741476220444,1.465313050904372,0.4653130509043719,True,2.4232000000097287,Optimization terminated successfully
Palmer Penguins,3,42,10,300,0.0001,50,least_cost,Ranked + weighted SHARK,Random 50% immutable,α = 1,1.0,180,2,0,True,,2.0,3.636001368112069,4.250615665376586,1.0618106600090975,0.06181066000909752,True,2.255699999977878,Optimization terminated successfully
Palmer Penguins,3,42,10,300,0.0001,50,least_cost,Ranked + weighted SHARK,Random 50% immutable,α < 1,0.9962179277671736,180,2,0,True,,2.0,3.6575490730033327,4.2631920538643335,1.0586783099651291,0.05867830996512913,True,2.258799999992789,Optimization terminated successfully
Palmer Penguins,3,42,10,300,0.0001,50,least_cost,Ranked + weighted SHARK,Random 75% immutable,α = 1,1.0,180,2,0,False,,,,,,,False,2.1312000000079934,Positive directional derivative for linesearch
Palmer Penguins,3,42,10,300,0.0001,50,least_cost,Ranked + weighted SHARK,Random 75% immutable,α < 1,0.9962179277671736,180,2,0,False,,,,,,,False,2.3701999999730106,Positive directional derivative for linesearch
Palmer Penguins,3,42,10,300,0.0001,50,least_cost,Ranked + weighted SHARK,All features mutable,α = 1,1.0,263,2,1,True,,4.0,0.2552391484628663,0.9443772819281214,3.907606966172752,2.907606966172752,True,4.467200000021876,Optimization terminated successfully
Palmer Penguins,3,42,10,300,0.0001,50,least_cost,Ranked + weighted SHARK,All features mutable,α < 1,0.9743492650626556,263,2,1,True,,4.0,0.27585737866738647,0.9817800187658708,3.6454441193034994,2.6454441193034994,True,4.477399999984755,Optimization terminated successfully
Palmer Penguins,3,42,10,300,0.0001,50,least_cost,Ranked + weighted SHARK,Random 25% immutable,α = 1,1.0,263,2,1,True,,3.0,0.3703900205979588,1.1877905240668303,3.209384425376458,2.209384425376458,True,3.725099999996928,Optimization terminated successfully
Palmer Penguins,3,42,10,300,0.0001,50,least_cost,Ranked + weighted SHARK,Random 25% immutable,α < 1,0.9743492650626556,263,2,1,True,,3.0,0.4003101435722725,1.2348338202215448,3.087116933717663,2.087116933717663,True,4.229500000008102,Optimization terminated successfully
Palmer Penguins,3,42,10,300,0.0001,50,least_cost,Ranked + weighted SHARK,Random 50% immutable,α = 1,1.0,263,2,1,True,,2.0,0.9769969037044614,1.778937082629115,1.0000000000000004,4.440892098500626e-16,True,1.60080000000562,Optimization terminated successfully
Palmer Penguins,3,42,10,300,0.0001,50,least_cost,Ranked + weighted SHARK,Random 50% immutable,α < 1,0.9743492650626556,263,2,1,True,,2.0,1.1023133957883313,1.9299240568858995,1.0,0.0,False,1.4619000000379856,Optimization terminated successfully
Palmer Penguins,3,42,10,300,0.0001,50,least_cost,Ranked + weighted SHARK,Random 75% immutable,α = 1,1.0,263,2,1,False,,,,,,,False,2.500399999973979,Positive directional derivative for linesearch
Palmer Penguins,3,42,10,300,0.0001,50,least_cost,Ranked + weighted SHARK,Random 75% immutable,α < 1,0.9743492650626556,263,2,1,False,,,,,,,False,6.0927999999762505,Positive directional derivative for linesearch
Palmer Penguins,3,42,10,300,0.0001,50,least_cost,Ranked + weighted SHARK,All features mutable,α = 1,1.0,55,0,1,True,,4.0,0.1717886475374681,0.913720701096426,5.114219575937461,4.114219575937461,True,5.589300000053754,Optimization terminated successfully
Palmer Penguins,3,42,10,300,0.0001,50,least_cost,Ranked + weighted SHARK,All features mutable,α < 1,0.9743492650626556,55,0,1,True,,4.0,0.18014839306946853,0.9356887943336033,4.994147896574509,3.9941478965745087,True,5.475199999978031,Optimization terminated successfully
Palmer Penguins,3,42,10,300,0.0001,50,least_cost,Ranked + weighted SHARK,Random 25% immutable,α = 1,1.0,55,0,1,True,,3.0,0.24159802108143424,0.912926046158429,3.6364745440255044,2.6364745440255044,True,3.1415000000265536,Optimization terminated successfully
Palmer Penguins,3,42,10,300,0.0001,50,least_cost,Ranked + weighted SHARK,Random 25% immutable,α < 1,0.9743492650626556,55,0,1,True,,3.0,0.25335489795376126,0.9348750367269183,3.5510974059359475,2.5510974059359475,True,3.239099999973405,Optimization terminated successfully
Palmer Penguins,3,42,10,300,0.0001,50,least_cost,Ranked + weighted SHARK,Random 50% immutable,α = 1,1.0,55,0,1,True,,2.0,0.37860654375454006,1.2026495954700236,2.3205265857767863,1.3205265857767863,True,2.004199999987577,Optimization terminated successfully
Palmer Penguins,3,42,10,300,0.0001,50,least_cost,Ranked + weighted SHARK,Random 50% immutable,α < 1,0.9743492650626556,55,0,1,True,,2.0,0.3970306621217671,1.231564254314631,2.266045227967558,1.2660452279675578,True,1.8206999999961226,Optimization terminated successfully
Palmer Penguins,3,42,10,300,0.0001,50,least_cost,Ranked + weighted SHARK,Random 75% immutable,α = 1,1.0,55,0,1,True,,1.0,0.838338920408988,1.8289182187642365,1.8776927230893867,0.8776927230893867,True,1.2904000000162341,Optimization terminated successfully
Palmer Penguins,3,42,10,300,0.0001,50,least_cost,Ranked + weighted SHARK,Random 75% immutable,α < 1,0.9743492650626556,55,0,1,True,,1.0,0.8791349808279832,1.8728899195162498,1.8336082621375946,0.8336082621375946,True,1.4585000000124637,Optimization terminated successfully
Palmer Penguins,3,42,10,300,0.0001,50,least_cost,Ranked + weighted SHARK,All features mutable,α = 1,1.0,209,2,0,True,,4.0,0.1726400162947552,0.8066190812754863,4.810545567899985,3.810545567899985,True,4.964799999982006,Optimization terminated successfully
Palmer Penguins,3,42,10,300,0.0001,50,least_cost,Ranked + weighted SHARK,All features mutable,α < 1,0.9962179277671736,209,2,0,True,,4.0,0.17556847417311644,0.813431571317712,4.770257265944336,3.770257265944336,True,4.825199999970664,Optimization terminated successfully
Palmer Penguins,3,42,10,300,0.0001,50,least_cost,Ranked + weighted SHARK,Random 25% immutable,α = 1,1.0,209,2,0,True,,3.0,0.20290135625382488,0.8762619277696053,4.093070763459414,3.093070763459414,True,3.60649999998941,Optimization terminated successfully
Palmer Penguins,3,42,10,300,0.0001,50,least_cost,Ranked + weighted SHARK,Random 25% immutable,α < 1,0.9962179277671736,209,2,0,True,,3.0,0.20634313115554373,0.8836625988946023,4.0587912664312,3.0587912664312,True,3.570400000000973,Optimization terminated successfully
Palmer Penguins,3,42,10,300,0.0001,50,least_cost,Ranked + weighted SHARK,Random 50% immutable,α = 1,1.0,209,2,0,True,,2.0,0.4462304234351243,1.4890847170567174,1.8611128099000482,0.8611128099000482,True,1.9460999999978412,Optimization terminated successfully
Palmer Penguins,3,42,10,300,0.0001,50,least_cost,Ranked + weighted SHARK,Random 50% immutable,α < 1,0.9962179277671736,209,2,0,True,,2.0,0.4537997403706926,1.5016611297335096,1.8455259858836757,0.8455259858836757,True,2.262099999995826,Optimization terminated successfully
Palmer Penguins,3,42,10,300,0.0001,50,least_cost,Ranked + weighted SHARK,Random 75% immutable,α = 1,1.0,209,2,0,False,,,,,,,False,1.449600000000828,Positive directional derivative for linesearch
Palmer Penguins,3,42,10,300,0.0001,50,least_cost,Ranked + weighted SHARK,Random 75% immutable,α < 1,0.9962179277671736,209,2,0,False,,,,,,,False,0.9367000000111148,Positive directional derivative for linesearch
Palmer Penguins,3,42,10,300,0.0001,50,least_cost,Ranked + weighted SHARK,All features mutable,α = 1,1.0,290,1,0,True,,4.0,0.21912494961217766,1.0319582962145903,1.7701983676990807,0.7701983676990807,True,4.947599999979957,Optimization terminated successfully
Palmer Penguins,3,42,10,300,0.0001,50,least_cost,Ranked + weighted SHARK,All features mutable,α < 1,0.9962179277671736,290,1,0,True,,4.0,0.22050267660249842,1.0351973860942232,1.7646594782895224,0.7646594782895224,True,5.11940000001232,Optimization terminated successfully
Palmer Penguins,3,42,10,300,0.0001,50,least_cost,Ranked + weighted SHARK,Random 25% immutable,α = 1,1.0,290,1,0,True,,3.0,0.29504319396612005,1.2825299527930927,1.314703743400698,0.31470374340069807,True,2.863100000013219,Optimization terminated successfully
Palmer Penguins,3,42,10,300,0.0001,50,least_cost,Ranked + weighted SHARK,Random 25% immutable,α < 1,0.9962179277671736,290,1,0,True,,3.0,0.29689824959694433,1.286555520358441,1.3105900972268776,0.3105900972268776,True,2.8315000000134205,Optimization terminated successfully
Palmer Penguins,3,42,10,300,0.0001,50,least_cost,Ranked + weighted SHARK,Random 50% immutable,α = 1,1.0,290,1,0,True,,2.0,0.4329368631085031,1.1827030408290162,2.2695662648220574,1.2695662648220574,True,1.8173000000274442,Optimization terminated successfully
Palmer Penguins,3,42,10,300,0.0001,50,least_cost,Ranked + weighted SHARK,Random 50% immutable,α < 1,0.9962179277671736,290,1,0,True,,2.0,0.4356589114596793,1.1864152813460334,2.262464914759972,1.2624649147599718,True,1.8384999999625506,Optimization terminated successfully
Palmer Penguins,3,42,10,300,0.0001,50,least_cost,Ranked + weighted SHARK,Random 75% immutable,α = 1,1.0,290,1,0,True,,1.0,0.8806432762430314,1.8003250260506292,1.9436247561231126,0.9436247561231126,True,1.4017999999964559,Optimization terminated successfully
Palmer Penguins,3,42,10,300,0.0001,50,least_cost,Ranked + weighted SHARK,Random 75% immutable,α < 1,0.9962179277671736,290,1,0,True,,1.0,0.8861802359216555,1.805975842724882,1.937543242228763,0.9375432422287631,True,1.32619999999406,Optimization terminated successfully
Palmer Penguins,3,42,10,300,0.0001,50,least_cost,Ranked + weighted SHARK,All features mutable,α = 1,1.0,303,1,2,True,,4.0,0.3135596932664281,1.0467235688685077,3.5464838256632545,2.5464838256632545,True,4.537099999993188,Optimization terminated successfully
Palmer Penguins,3,42,10,300,0.0001,50,least_cost,Ranked + weighted SHARK,All features mutable,α < 1,0.658694608347118,303,1,2,True,,4.0,0.682614638076124,1.5444049563881266,2.4037685583886055,1.4037685583886055,True,4.673299999979008,Optimization terminated successfully
Palmer Penguins,3,42,10,300,0.0001,50,least_cost,Ranked + weighted SHARK,Random 25% immutable,α = 1,1.0,303,1,2,True,,3.0,0.3157712190852078,1.045272857617013,3.521847856666162,2.521847856666162,True,2.836000000002059,Optimization terminated successfully
Palmer Penguins,3,42,10,300,0.0001,50,least_cost,Ranked + weighted SHARK,Random 25% immutable,α < 1,0.658694608347118,303,1,2,True,,3.0,0.6874290967740555,1.5422591523864562,2.3869476731469597,1.3869476731469597,True,2.8341000000295935,Optimization terminated successfully
Palmer Penguins,3,42,10,300,0.0001,50,least_cost,Ranked + weighted SHARK,Random 50% immutable,α = 1,1.0,303,1,2,True,,2.0,0.986364216247221,1.6965723445561083,1.1274673249565177,0.1274673249565177,True,2.2020000000111395,Optimization terminated successfully
Palmer Penguins,3,42,10,300,0.0001,50,least_cost,Ranked + weighted SHARK,Random 50% immutable,α < 1,0.658694608347118,303,1,2,False,,,,,,,False,1.7867999999907624,Positive directional derivative for linesearch
Palmer Penguins,3,42,10,300,0.0001,50,least_cost,Ranked + weighted SHARK,Random 75% immutable,α = 1,1.0,303,1,2,True,,1.0,1.008584464606145,1.679352873701605,1.1026279551095277,0.10262795510952771,True,1.2808000000177344,Optimization terminated successfully
Palmer Penguins,3,42,10,300,0.0001,50,least_cost,Ranked + weighted SHARK,Random 75% immutable,α < 1,0.658694608347118,303,1,2,False,,,,,,,False,3.1701000000339263,Positive directional derivative for linesearch
Palmer Penguins,3,42,10,300,0.0001,50,least_cost,Ranked + weighted SHARK,All features mutable,α = 1,1.0,129,0,1,True,,4.0,0.126785483510473,0.7849662775911563,5.357773351968848,4.357773351968848,True,4.447099999993043,Optimization terminated successfully
Palmer Penguins,3,42,10,300,0.0001,50,least_cost,Ranked + weighted SHARK,All features mutable,α < 1,0.9743492650626556,129,0,1,True,,4.0,0.13398123132539347,0.8069343736495107,5.2119126102229805,4.2119126102229805,True,4.602499999975862,Optimization terminated successfully
Palmer Penguins,3,42,10,300,0.0001,50,least_cost,Ranked + weighted SHARK,Random 25% immutable,α = 1,1.0,129,0,1,True,,3.0,0.17830702061538653,0.7842835993422707,3.809653884307378,2.809653884307378,True,2.818600000011884,Optimization terminated successfully
Palmer Penguins,3,42,10,300,0.0001,50,least_cost,Ranked + weighted SHARK,Random 25% immutable,α < 1,0.9743492650626556,129,0,1,True,,3.0,0.18842688858776196,0.8062325902481408,3.7059393778382925,2.7059393778382925,True,2.7967999999987114,Optimization terminated successfully
Palmer Penguins,3,42,10,300,0.0001,50,least_cost,Ranked + weighted SHARK,Random 50% immutable,α = 1,1.0,129,0,1,True,,2.0,0.2742921982236928,0.9550604229932359,2.5260689538089136,1.5260689538089136,True,1.8076000000064596,Optimization terminated successfully
Palmer Penguins,3,42,10,300,0.0001,50,least_cost,Ranked + weighted SHARK,Random 50% immutable,α < 1,0.9743492650626556,129,0,1,True,,2.0,0.28985973349160893,0.9817887817719715,2.404160374336414,1.404160374336414,True,1.8197999999642889,Optimization terminated successfully
Palmer Penguins,3,42,10,300,0.0001,50,least_cost,Ranked + weighted SHARK,Random 75% immutable,α = 1,1.0,129,0,1,True,,1.0,0.49272996662486174,1.1737897492657003,2.3641314369186035,1.3641314369186035,True,1.3716000000272288,Optimization terminated successfully
Palmer Penguins,3,42,10,300,0.0001,50,least_cost,Ranked + weighted SHARK,Random 75% immutable,α < 1,0.9743492650626556,129,0,1,True,,1.0,0.5206950023884245,1.2066394755145051,2.2500379934499897,1.2500379934499897,True,1.3119999999844367,Optimization terminated successfully
Palmer Penguins,3,42,10,300,0.0001,50,least_cost,Ranked + weighted SHARK,All features mutable,α = 1,1.0,29,0,2,True,,4.0,1.3444790691228263,2.2509962848127008,2.125151424444665,1.125151424444665,True,4.980599999953483,Optimization terminated successfully
Palmer Penguins,3,42,10,300,0.0001,50,least_cost,Ranked + weighted SHARK,All features mutable,α < 1,0.658694608347118,29,0,2,True,,4.0,2.179158619972177,2.86577556554887,1.669254193935756,0.6692541939357559,True,4.944600000044375,Optimization terminated successfully
Palmer Penguins,3,42,10,300,0.0001,50,least_cost,Ranked + weighted SHARK,Random 25% immutable,α = 1,1.0,29,0,2,True,,3.0,1.9196163911481894,2.6557396373261493,1.488429575429317,0.4884295754293171,True,3.7342999999623316,Optimization terminated successfully
Palmer Penguins,3,42,10,300,0.0001,50,least_cost,Ranked + weighted SHARK,Random 25% immutable,α < 1,0.658694608347118,29,0,2,True,,3.0,3.111352717842365,3.3810601204480544,1.169124887363612,0.16912488736361198,True,3.766799999993964,Optimization terminated successfully
Palmer Penguins,3,42,10,300,0.0001,50,least_cost,Ranked + weighted SHARK,Random 50% immutable,α = 1,1.0,29,0,2,True,,2.0,3.148144298192152,3.0309658592373987,1.2864645555324035,0.28646455553240346,True,2.280600000005961,Optimization terminated successfully
Palmer Penguins,3,42,10,300,0.0001,50,least_cost,Ranked + weighted SHARK,Random 50% immutable,α < 1,0.658694608347118,29,0,2,True,,2.0,5.046803281643883,3.837619562257743,1.016054381058703,0.01605438105870305,True,2.258299999994051,Optimization terminated successfully
Palmer Penguins,3,42,10,300,0.0001,50,least_cost,Ranked + weighted SHARK,Random 75% immutable,α = 1,1.0,29,0,2,False,,,,,,,False,2.9088000000001557,Positive directional derivative for linesearch
Palmer Penguins,3,42,10,300,0.0001,50,least_cost,Ranked + weighted SHARK,Random 75% immutable,α < 1,0.658694608347118,29,0,2,False,,,,,,,False,0.9901999999897271,Positive directional derivative for linesearch
Palmer Penguins,3,42,10,300,0.0001,50,least_cost,Ranked + weighted SHARK,All features mutable,α = 1,1.0,255,2,1,True,,4.0,0.7718559069428805,1.6422584435718544,2.4599032757545842,1.4599032757545842,True,5.10389999999461,Optimization terminated successfully
Palmer Penguins,3,42,10,300,0.0001,50,least_cost,Ranked + weighted SHARK,All features mutable,α < 1,0.9743492650626556,255,2,1,True,,4.0,0.8074147211417103,1.6796613108322722,2.3388920057531055,1.3388920057531055,True,5.02649999998539,Optimization terminated successfully
Palmer Penguins,3,42,10,300,0.0001,50,least_cost,Ranked + weighted SHARK,Random 25% immutable,α = 1,1.0,255,2,1,True,,3.0,0.9426179205341985,1.7861422571012189,2.680339707472529,1.680339707472529,True,4.981299999997191,Optimization terminated successfully
Palmer Penguins,3,42,10,300,0.0001,50,least_cost,Ranked + weighted SHARK,Random 25% immutable,α < 1,0.9743492650626556,255,2,1,True,,3.0,0.986043610735853,1.826822118295885,2.6206536136401084,1.6206536136401084,True,4.309200000022884,Optimization terminated successfully
Palmer Penguins,3,42,10,300,0.0001,50,least_cost,Ranked + weighted SHARK,Random 50% immutable,α = 1,1.0,255,2,1,False,,,,,,,False,7.379299999968225,Positive directional derivative for linesearch
Palmer Penguins,3,42,10,300,0.0001,50,least_cost,Ranked + weighted SHARK,Random 50% immutable,α < 1,0.9743492650626556,255,2,1,False,,,,,,,False,9.820600000011837,Positive directional derivative for linesearch
Palmer Penguins,3,42,10,300,0.0001,50,least_cost,Ranked + weighted SHARK,Random 75% immutable,α = 1,1.0,255,2,1,True,,1.0,1.5407893137737745,2.381346188764703,1.639768122790583,0.6397681227905829,True,1.343199999951139,Optimization terminated successfully
Palmer Penguins,3,42,10,300,0.0001,50,least_cost,Ranked + weighted SHARK,Random 75% immutable,α < 1,0.9743492650626556,255,2,1,True,,1.0,1.6117723048145134,2.4355819748893444,1.6032536001349802,0.6032536001349802,True,1.339299999983723,Optimization terminated successfully
Palmer Penguins,3,42,10,300,0.0001,50,least_cost,Ranked + weighted SHARK,All features mutable,α = 1,1.0,292,1,2,True,,4.0,0.9623257041964786,1.833725949671528,2.093960603039965,1.0939606030399651,True,4.926599999976133,Optimization terminated successfully
Palmer Penguins,3,42,10,300,0.0001,50,least_cost,Ranked + weighted SHARK,All features mutable,α < 1,0.658694608347118,292,1,2,True,,4.0,1.5555651147797842,2.331403728627169,1.6469691419765338,0.6469691419765338,True,5.398399999990033,Optimization terminated successfully
Palmer Penguins,3,42,10,300,0.0001,50,least_cost,Ranked + weighted SHARK,Random 25% immutable,α = 1,1.0,292,1,2,True,,3.0,1.9283089383583556,2.5253408439102896,1.593221698826517,0.5932216988265171,True,4.258999999990465,Optimization terminated successfully
Palmer Penguins,3,42,10,300,0.0001,50,least_cost,Ranked + weighted SHARK,Random 25% immutable,α < 1,0.658694608347118,292,1,2,True,,3.0,3.11704249604941,3.210724613606746,1.253121418644245,0.253121418644245,True,4.139600000030441,Optimization terminated successfully
Palmer Penguins,3,42,10,300,0.0001,50,least_cost,Ranked + weighted SHARK,Random 50% immutable,α = 1,1.0,292,1,2,True,,2.0,3.0271864040991017,2.9721677234944845,1.014877318451805,0.014877318451804955,True,2.453000000002703,Optimization terminated successfully
Palmer Penguins,3,42,10,300,0.0001,50,least_cost,Ranked + weighted SHARK,Random 50% immutable,α < 1,0.658694608347118,292,1,2,False,,,,,,,False,1.1437000000000808,Positive directional derivative for linesearch
Palmer Penguins,3,42,10,300,0.0001,50,least_cost,Ranked + weighted SHARK,Random 75% immutable,α = 1,1.0,292,1,2,False,,,,,,,False,6.934199999989232,Positive directional derivative for linesearch
Palmer Penguins,3,42,10,300,0.0001,50,least_cost,Ranked + weighted SHARK,Random 75% immutable,α < 1,0.658694608347118,292,1,2,False,,,,,,,False,6.645299999945564,Positive directional derivative for linesearch
Palmer Penguins,3,42,10,300,0.0001,50,least_cost,Ranked + weighted SHARK,All features mutable,α = 1,1.0,331,1,0,True,,4.0,0.5816152664948788,1.6812571039874278,2.4447388262613536,1.4447388262613536,True,5.0078000000439715,Optimization terminated successfully
Palmer Penguins,3,42,10,300,0.0001,50,least_cost,Ranked + weighted SHARK,All features mutable,α < 1,0.9962179277671736,331,1,0,True,,4.0,0.5838584885171068,1.6844961880259528,2.4400378899252706,1.4400378899252706,True,5.0105999999914275,Optimization terminated successfully
Palmer Penguins,3,42,10,300,0.0001,50,least_cost,Ranked + weighted SHARK,Random 25% immutable,α = 1,1.0,331,1,0,True,,3.0,0.7315137873504727,1.9285163556341125,2.120085586369184,1.1200855863691839,True,3.763800000001538,Optimization terminated successfully
Palmer Penguins,3,42,10,300,0.0001,50,least_cost,Ranked + weighted SHARK,Random 25% immutable,α < 1,0.9962179277671736,331,1,0,True,,3.0,0.7343351504263123,1.9322318094996882,2.116008910789554,1.1160089107895539,True,4.064499999969939,Optimization terminated successfully
Palmer Penguins,3,42,10,300,0.0001,50,least_cost,Ranked + weighted SHARK,Random 50% immutable,α = 1,1.0,331,1,0,True,,2.0,1.2582870332539104,2.045568287514766,1.1300201123839146,0.13002011238391464,True,1.9717000000127882,Optimization terminated successfully
Palmer Penguins,3,42,10,300,0.0001,50,least_cost,Ranked + weighted SHARK,Random 50% immutable,α < 1,0.9962179277671736,331,1,0,True,,2.0,1.2631400994552195,2.049509245413934,1.1278472347493083,0.12784723474930826,True,2.416200000027402,Optimization terminated successfully
Palmer Penguins,3,42,10,300,0.0001,50,least_cost,Ranked + weighted SHARK,Random 75% immutable,α = 1,1.0,331,1,0,False,,,,,,,False,2.609599999971124,Positive directional derivative for linesearch
Palmer Penguins,3,42,10,300,0.0001,50,least_cost,Ranked + weighted SHARK,Random 75% immutable,α < 1,0.9962179277671736,331,1,0,False,,,,,,,False,1.8407999999681124,Positive directional derivative for linesearch
Palmer Penguins,3,42,10,300,0.0001,50,least_cost,Ranked + weighted SHARK,All features mutable,α = 1,1.0,193,2,0,True,,4.0,0.29516128273057285,1.0546963697060308,3.3637004050892667,2.3637004050892667,True,5.396700000005694,Optimization terminated successfully
Palmer Penguins,3,42,10,300,0.0001,50,least_cost,Ranked + weighted SHARK,All features mutable,α < 1,0.9962179277671736,193,2,0,True,,4.0,0.29898660626289775,1.061508867919423,3.342113076731783,2.342113076731783,True,5.362300000001596,Optimization terminated successfully
Palmer Penguins,3,42,10,300,0.0001,50,least_cost,Ranked + weighted SHARK,Random 25% immutable,α = 1,1.0,193,2,0,True,,3.0,0.3233846121021959,1.0381237997302577,3.0701039830378454,2.0701039830378454,True,3.0828000000155953,Optimization terminated successfully
Palmer Penguins,3,42,10,300,0.0001,50,least_cost,Ranked + weighted SHARK,Random 25% immutable,α < 1,0.9962179277671736,193,2,0,True,,3.0,0.3275757131681053,1.0448292427787975,3.0504008248229884,2.0504008248229884,True,4.180500000018128,Optimization terminated successfully
Palmer Penguins,3,42,10,300,0.0001,50,least_cost,Ranked + weighted SHARK,Random 50% immutable,α = 1,1.0,193,2,0,True,,2.0,0.5354435265437673,1.4022759817600483,2.4108252954172027,1.4108252954172027,True,2.7926999999863256,Optimization terminated successfully
Palmer Penguins,3,42,10,300,0.0001,50,least_cost,Ranked + weighted SHARK,Random 50% immutable,α < 1,0.9962179277671736,193,2,0,True,,2.0,0.5423829350711177,1.411333553672609,2.395353235445303,1.3953532354453029,True,11.29019999996217,Optimization terminated successfully
Palmer Penguins,3,42,10,300,0.0001,50,least_cost,Ranked + weighted SHARK,Random 75% immutable,α = 1,1.0,193,2,0,False,,,,,,,False,4.060999999978776,Positive directional derivative for linesearch
Palmer Penguins,3,42,10,300,0.0001,50,least_cost,Ranked + weighted SHARK,Random 75% immutable,α < 1,0.9962179277671736,193,2,0,False,,,,,,,False,1.0384999999928368,Positive directional derivative for linesearch
Palmer Penguins,3,42,10,300,0.0001,50,least_cost,Ranked + weighted SHARK,All features mutable,α = 1,1.0,224,2,0,True,,4.0,0.9403829568895175,1.9129601956998783,2.774831734051582,1.774831734051582,True,4.424000000028627,Optimization terminated successfully
Palmer Penguins,3,42,10,300,0.0001,50,least_cost,Ranked + weighted SHARK,All features mutable,α < 1,0.9962179277671736,224,2,0,True,,4.0,0.9470463926360008,1.9194214108311547,2.7683766112841233,1.7683766112841233,True,4.348300000003746,Optimization terminated successfully
Palmer Penguins,3,42,10,300,0.0001,50,least_cost,Ranked + weighted SHARK,Random 25% immutable,α = 1,1.0,224,2,0,True,,3.0,1.3852651610638047,2.346431527977289,1.738683171318196,0.738683171318196,True,2.1737999999800195,Optimization terminated successfully
Palmer Penguins,3,42,10,300,0.0001,50,least_cost,Ranked + weighted SHARK,Random 25% immutable,α < 1,0.9962179277671736,224,2,0,True,,3.0,1.3948941554468517,2.3541817215225285,1.7339952926420226,0.7339952926420226,True,2.3903000000018437,Optimization terminated successfully
Palmer Penguins,3,42,10,300,0.0001,50,least_cost,Ranked + weighted SHARK,Random 50% immutable,α = 1,1.0,224,2,0,False,,,,,,,False,2.6552999999580607,Positive directional derivative for linesearch
Palmer Penguins,3,42,10,300,0.0001,50,least_cost,Ranked + weighted SHARK,Random 50% immutable,α < 1,0.9962179277671736,224,2,0,False,,,,,,,False,8.375999999998385,Positive directional derivative for linesearch
Palmer Penguins,3,42,10,300,0.0001,50,least_cost,Ranked + weighted SHARK,Random 75% immutable,α = 1,1.0,224,2,0,False,,,,,,,False,0.5807000000004336,Positive directional derivative for linesearch
Palmer Penguins,3,42,10,300,0.0001,50,least_cost,Ranked + weighted SHARK,Random 75% immutable,α < 1,0.9962179277671736,224,2,0,False,,,,,,,False,13.44720000003008,Positive directional derivative for linesearch
Palmer Penguins,3,42,10,300,0.0001,50,least_cost,Ranked + weighted SHARK,All features mutable,α = 1,1.0,145,1,2,True,,4.0,0.6502869624793242,1.5073909768898583,2.5472820337606903,1.5472820337606903,True,4.754800000000614,Optimization terminated successfully
Palmer Penguins,3,42,10,300,0.0001,50,least_cost,Ranked + weighted SHARK,All features mutable,α < 1,0.658694608347118,145,1,2,True,,4.0,1.150987555711373,2.006142701859983,1.9479709557416869,0.9479709557416869,True,4.077100000017708,Optimization terminated successfully
Palmer Penguins,3,42,10,300,0.0001,50,least_cost,Ranked + weighted SHARK,Random 25% immutable,α = 1,1.0,145,1,2,True,,3.0,1.3030454832240035,2.075924154698545,1.8634623582337257,0.8634623582337257,True,3.84219999995139,Optimization terminated successfully
Palmer Penguins,3,42,10,300,0.0001,50,least_cost,Ranked + weighted SHARK,Random 25% immutable,α < 1,0.658694608347118,145,1,2,True,,3.0,2.3055061688053007,2.761307921009067,1.4009326587994846,0.4009326587994846,True,3.871300000014344,Optimization terminated successfully
Palmer Penguins,3,42,10,300,0.0001,50,least_cost,Ranked + weighted SHARK,Random 50% immutable,α = 1,1.0,145,1,2,True,,2.0,0.8055788880630079,1.62454135883609,2.1988880938799418,1.1988880938799418,True,1.4578000000255997,Optimization terminated successfully
Palmer Penguins,3,42,10,300,0.0001,50,least_cost,Ranked + weighted SHARK,Random 50% immutable,α < 1,0.658694608347118,145,1,2,True,,2.0,1.5884483938574352,2.2021435766575244,1.644674090720104,0.6446740907201041,True,1.521900000000187,Optimization terminated successfully
Palmer Penguins,3,42,10,300,0.0001,50,least_cost,Ranked + weighted SHARK,Random 75% immutable,α = 1,1.0,145,1,2,False,,,,,,,False,2.7004999999462598,Positive directional derivative for linesearch
Palmer Penguins,3,42,10,300,0.0001,50,least_cost,Ranked + weighted SHARK,Random 75% immutable,α < 1,0.658694608347118,145,1,2,False,,,,,,,False,11.244799999985844,Positive directional derivative for linesearch
Palmer Penguins,3,42,10,300,0.0001,50,least_cost,Ranked + weighted SHARK,All features mutable,α = 1,1.0,296,0,2,True,,4.0,0.8808087962570506,1.821958902728162,2.5526519006516004,1.5526519006516004,True,5.130899999983285,Optimization terminated successfully
Palmer Penguins,3,42,10,300,0.0001,50,least_cost,Ranked + weighted SHARK,All features mutable,α < 1,0.658694608347118,296,0,2,True,,4.0,1.575513872052975,2.43673817644692,1.9086279370724037,0.9086279370724037,True,5.173799999965922,Optimization terminated successfully
Palmer Penguins,3,42,10,300,0.0001,50,least_cost,Ranked + weighted SHARK,Random 25% immutable,α = 1,1.0,296,0,2,True,,3.0,1.257598605731825,2.149558614621446,1.7878456880673208,0.7878456880673208,True,3.9451000000099157,Optimization terminated successfully
Palmer Penguins,3,42,10,300,0.0001,50,least_cost,Ranked + weighted SHARK,Random 25% immutable,α < 1,0.658694608347118,296,0,2,True,,3.0,2.249482586045189,2.8748791236652305,1.3367793173326814,0.3367793173326814,True,3.8625999999908345,Optimization terminated successfully
Palmer Penguins,3,42,10,300,0.0001,50,least_cost,Ranked + weighted SHARK,Random 50% immutable,α = 1,1.0,296,0,2,True,,2.0,2.227039270529163,2.54928075697435,1.2698078572271296,0.26980785722712963,True,2.330400000005284,Optimization terminated successfully
Palmer Penguins,3,42,10,300,0.0001,50,least_cost,Ranked + weighted SHARK,Random 50% immutable,α < 1,0.658694608347118,296,0,2,True,,2.0,4.074224517137814,3.8085566129767203,1.0000000000000027,2.6645352591003757e-15,True,1.502799999968829,Optimization terminated successfully
Palmer Penguins,3,42,10,300,0.0001,50,least_cost,Ranked + weighted SHARK,Random 75% immutable,α = 1,1.0,296,0,2,False,,,,,,,False,1.6991999999618201,Positive directional derivative for linesearch
Palmer Penguins,3,42,10,300,0.0001,50,least_cost,Ranked + weighted SHARK,Random 75% immutable,α < 1,0.658694608347118,296,0,2,False,,,,,,,False,5.6690000000116925,Positive directional derivative for linesearch
Palmer Penguins,3,42,10,300,0.0001,50,least_cost,Ranked + weighted SHARK,All features mutable,α = 1,1.0,220,2,0,True,,4.0,1.8516787007215003,2.7529291678671353,2.176816462023445,1.176816462023445,True,4.145999999991545,Optimization terminated successfully
Palmer Penguins,3,42,10,300,0.0001,50,least_cost,Ranked + weighted SHARK,All features mutable,α < 1,0.9962179277671736,220,2,0,True,,4.0,1.8605248280444495,2.7589994375330416,2.173738058095256,1.1737380580952559,True,4.120900000032179,Optimization terminated successfully
Palmer Penguins,3,42,10,300,0.0001,50,least_cost,Ranked + weighted SHARK,Random 25% immutable,α = 1,1.0,220,2,0,True,,3.0,2.0380582681489923,2.777152724387187,2.06042897893731,1.0604289789373098,True,3.807300000005398,Optimization terminated successfully
Palmer Penguins,3,42,10,300,0.0001,50,least_cost,Ranked + weighted SHARK,Random 25% immutable,α < 1,0.9962179277671736,220,2,0,True,,3.0,2.048934950835898,2.7845534277926385,2.054952903907962,1.054952903907962,True,4.159900000047401,Optimization terminated successfully
Palmer Penguins,3,42,10,300,0.0001,50,least_cost,Ranked + weighted SHARK,Random 50% immutable,α = 1,1.0,220,2,0,True,,2.0,3.8532558689236325,3.2828156593194495,1.1069192398560914,0.10691923985609142,True,1.511300000004212,Optimization terminated successfully
Palmer Penguins,3,42,10,300,0.0001,50,least_cost,Ranked + weighted SHARK,Random 50% immutable,α < 1,0.9962179277671736,220,2,0,True,,2.0,3.8701096760666873,3.289965917537839,1.1044837524160394,0.10448375241603935,True,1.4880999999604683,Optimization terminated successfully
Palmer Penguins,3,42,10,300,0.0001,50,least_cost,Ranked + weighted SHARK,Random 75% immutable,α = 1,1.0,220,2,0,True,,1.0,4.050844831459406,3.3655700050488804,1.0792179509107325,0.07921795091073247,True,1.3510999999652995,Optimization terminated successfully
Palmer Penguins,3,42,10,300,0.0001,50,least_cost,Ranked + weighted SHARK,Random 75% immutable,α < 1,0.9962179277671736,220,2,0,True,,1.0,4.062512689292357,3.370413532448964,1.0776670368565453,0.0776670368565453,True,1.3820000000350774,Optimization terminated successfully
Palmer Penguins,3,42,10,300,0.0001,50,least_cost,Ranked + weighted SHARK,All features mutable,α = 1,1.0,20,0,2,True,,4.0,1.5908288693077113,2.376332730076582,1.9788033450720788,0.9788033450720788,True,4.098300000009658,Optimization terminated successfully
Palmer Penguins,3,42,10,300,0.0001,50,least_cost,Ranked + weighted SHARK,All features mutable,α < 1,0.658694608347118,20,0,2,True,,4.0,2.4319617868259815,2.9612898847549878,1.7965019118428334,0.7965019118428334,True,4.125799999997071,Optimization terminated successfully
Palmer Penguins,3,42,10,300,0.0001,50,least_cost,Ranked + weighted SHARK,Random 25% immutable,α = 1,1.0,20,0,2,True,,3.0,2.148468217145843,2.7620360661360213,1.8459061033584196,0.8459061033584196,True,2.4468999999953667,Optimization terminated successfully
Palmer Penguins,3,42,10,300,0.0001,50,least_cost,Ranked + weighted SHARK,Random 25% immutable,α < 1,0.658694608347118,20,0,2,True,,3.0,3.3733835273560815,3.5020901767294865,1.4677139778481705,0.4677139778481705,True,2.950300000009065,Optimization terminated successfully
Palmer Penguins,3,42,10,300,0.0001,50,least_cost,Ranked + weighted SHARK,Random 50% immutable,α = 1,1.0,20,0,2,True,,2.0,2.4263797624019707,2.703071899830245,1.6029787373057092,0.6029787373057092,True,2.0486000000232707,Optimization terminated successfully
Palmer Penguins,3,42,10,300,0.0001,50,least_cost,Ranked + weighted SHARK,Random 50% immutable,α < 1,0.658694608347118,20,0,2,True,,2.0,3.849918307986685,3.4048968944601317,1.2725691268380244,0.27256912683802437,True,2.7155000000220753,Optimization terminated successfully
Palmer Penguins,3,42,10,300,0.0001,50,least_cost,Ranked + weighted SHARK,Random 75% immutable,α = 1,1.0,20,0,2,False,,,,,,,False,9.529700000030061,Positive directional derivative for linesearch
Palmer Penguins,3,42,10,300,0.0001,50,least_cost,Ranked + weighted SHARK,Random 75% immutable,α < 1,0.658694608347118,20,0,2,False,,,,,,,False,16.320499999949334,Positive directional derivative for linesearch
Palmer Penguins,3,42,10,300,0.0001,50,least_cost,Ranked + weighted SHARK,All features mutable,α = 1,1.0,232,2,0,True,,4.0,1.6902899457054192,2.6944534374382285,2.2299278311271653,1.2299278311271653,True,4.133700000011231,Optimization terminated successfully
Palmer Penguins,3,42,10,300,0.0001,50,least_cost,Ranked + weighted SHARK,All features mutable,α < 1,0.9962179277671736,232,2,0,True,,4.0,1.6981003157696768,2.700035068878261,2.2269821983506706,1.2269821983506706,True,4.146800000000894,Optimization terminated successfully
Palmer Penguins,3,42,10,300,0.0001,50,least_cost,Ranked + weighted SHARK,Random 25% immutable,α = 1,1.0,232,2,0,True,,3.0,2.5194236497560465,3.323872470400793,1.5257716032724258,0.5257716032724258,True,2.513000000021748,Optimization terminated successfully
Palmer Penguins,3,42,10,300,0.0001,50,least_cost,Ranked + weighted SHARK,Random 25% immutable,α < 1,0.9962179277671736,232,2,0,True,,3.0,2.531280741019147,3.330916917499149,1.52322069396553,0.52322069396553,True,2.5062000000275475,Optimization terminated successfully
Palmer Penguins,3,42,10,300,0.0001,50,least_cost,Ranked + weighted SHARK,Random 50% immutable,α = 1,1.0,232,2,0,True,,2.0,3.7043950460664035,4.290406750202683,1.015051990373472,0.015051990373472046,True,2.37189999995735,Optimization terminated successfully
Palmer Penguins,3,42,10,300,0.0001,50,least_cost,Ranked + weighted SHARK,Random 50% immutable,α < 1,0.9962179277671736,232,2,0,True,,2.0,3.726144166468605,4.302983118851707,1.0120852621764769,0.012085262176476874,True,2.3157999999625645,Optimization terminated successfully
Palmer Penguins,3,42,10,300,0.0001,50,least_cost,Ranked + weighted SHARK,Random 75% immutable,α = 1,1.0,232,2,0,False,,,,,,,False,4.747899999983929,Positive directional derivative for linesearch
Palmer Penguins,3,42,10,300,0.0001,50,least_cost,Ranked + weighted SHARK,Random 75% immutable,α < 1,0.9962179277671736,232,2,0,False,,,,,,,False,1.7368000000033135,Positive directional derivative for linesearch
Palmer Penguins,3,42,10,300,0.0001,50,least_cost,Ranked + weighted SHARK,All features mutable,α = 1,1.0,142,0,1,True,,4.0,0.08201588648705092,0.6313299349647674,7.803172549823713,6.803172549823713,True,4.601100000002134,Optimization terminated successfully
Palmer Penguins,3,42,10,300,0.0001,50,least_cost,Ranked + weighted SHARK,All features mutable,α < 1,0.9743492650626556,142,0,1,True,,4.0,0.08782280857981786,0.6533108865166438,7.540352897668409,6.540352897668409,True,4.667499999982283,Optimization terminated successfully
Palmer Penguins,3,42,10,300,0.0001,50,least_cost,Ranked + weighted SHARK,Random 25% immutable,α = 1,1.0,142,0,1,True,,3.0,0.11534450054801523,0.6307937157172719,5.920812494756017,4.920812494756017,True,3.1063999999787484,Optimization terminated successfully
Palmer Penguins,3,42,10,300,0.0001,50,least_cost,Ranked + weighted SHARK,Random 25% immutable,α < 1,0.9743492650626556,142,0,1,True,,3.0,0.12351116946786936,0.6527427075796124,5.721720540043099,4.721720540043099,True,3.0317999999738277,Optimization terminated successfully
Palmer Penguins,3,42,10,300,0.0001,50,least_cost,Ranked + weighted SHARK,Random 50% immutable,α = 1,1.0,142,0,1,True,,2.0,0.1774360678490695,0.768148300283524,2.168190289533666,1.168190289533666,True,1.9464000000084525,Optimization terminated successfully
Palmer Penguins,3,42,10,300,0.0001,50,least_cost,Ranked + weighted SHARK,Random 50% immutable,α < 1,0.9743492650626556,142,0,1,True,,2.0,0.18999896953941064,0.7948766584463394,2.029649339924061,1.029649339924061,True,1.8416999999999462,Optimization terminated successfully
Palmer Penguins,3,42,10,300,0.0001,50,least_cost,Ranked + weighted SHARK,Random 75% immutable,α = 1,1.0,142,0,1,True,,1.0,0.3296143988185046,1.101422627519341,2.071918982583521,1.071918982583521,True,1.3635999999905835,Optimization terminated successfully
Palmer Penguins,3,42,10,300,0.0001,50,least_cost,Ranked + weighted SHARK,Random 75% immutable,α < 1,0.9743492650626556,142,0,1,True,,1.0,0.35295189349067135,1.1397475435356816,2.0022490618624422,1.0022490618624422,True,1.318099999991773,Optimization terminated successfully
Palmer Penguins,3,42,10,300,0.0001,50,least_cost,Ranked + weighted SHARK,All features mutable,α = 1,1.0,282,1,2,True,,4.0,0.5391045073600215,1.3724921474051206,2.9502469573953514,1.9502469573953514,True,4.840500000000247,Optimization terminated successfully
Palmer Penguins,3,42,10,300,0.0001,50,least_cost,Ranked + weighted SHARK,All features mutable,α < 1,0.658694608347118,282,1,2,True,,4.0,1.0009568597016718,1.8701699204960744,2.165145910538674,1.1651459105386741,True,5.076900000005935,Optimization terminated successfully
Palmer Penguins,3,42,10,300,0.0001,50,least_cost,Ranked + weighted SHARK,Random 25% immutable,α = 1,1.0,282,1,2,True,,3.0,1.0802579996714656,1.890146396861143,1.869043518532678,0.8690435185326779,True,3.9940999999998894,Optimization terminated successfully
Palmer Penguins,3,42,10,300,0.0001,50,least_cost,Ranked + weighted SHARK,Random 25% immutable,α < 1,0.658694608347118,282,1,2,True,,3.0,2.0057180755433905,2.575530141251188,1.3716654897290512,0.3716654897290512,True,3.6706000000208405,Optimization terminated successfully
Palmer Penguins,3,42,10,300,0.0001,50,least_cost,Ranked + weighted SHARK,Random 50% immutable,α = 1,1.0,282,1,2,True,,2.0,1.0956338638661305,1.8828611398277044,1.8428133098897805,0.8428133098897805,True,1.8098000000463799,Optimization terminated successfully
Palmer Penguins,3,42,10,300,0.0001,50,least_cost,Ranked + weighted SHARK,Random 50% immutable,α < 1,0.658694608347118,282,1,2,True,,2.0,2.0342664857781343,2.565603220803073,1.3524155243638507,0.3524155243638507,True,2.225399999986166,Optimization terminated successfully
Palmer Penguins,3,42,10,300,0.0001,50,least_cost,Ranked + weighted SHARK,Random 75% immutable,α = 1,1.0,282,1,2,False,,,,,,,False,8.244199999978719,Positive directional derivative for linesearch
Palmer Penguins,3,42,10,300,0.0001,50,least_cost,Ranked + weighted SHARK,Random 75% immutable,α < 1,0.658694608347118,282,1,2,False,,,,,,,False,1.1291999999798463,Positive directional derivative for linesearch
Palmer Penguins,3,42,10,300,0.0001,50,least_cost,Ranked + weighted SHARK,All features mutable,α = 1,1.0,175,2,1,True,,4.0,1.0723526873214828,1.9357181383781823,1.011958252438328,0.011958252438327932,True,4.98389999995652,Optimization terminated successfully
Palmer Penguins,3,42,10,300,0.0001,50,least_cost,Ranked + weighted SHARK,All features mutable,α < 1,0.9743492650626556,175,2,1,True,,4.0,1.1143241010760405,1.9729739594569036,1.0000000000013851,1.3851142455223453e-12,True,4.136899999991783,Optimization terminated successfully
Palmer Penguins,3,42,10,300,0.0001,50,least_cost,Ranked + weighted SHARK,Random 25% immutable,α = 1,1.0,175,2,1,True,,3.0,1.5561434713002644,2.4346415781096167,2.0876865452352096,1.0876865452352096,True,3.779199999996763,Optimization terminated successfully
Palmer Penguins,3,42,10,300,0.0001,50,least_cost,Ranked + weighted SHARK,Random 25% immutable,α < 1,0.9743492650626556,175,2,1,True,,3.0,1.6168615486543583,2.481684876067282,2.0481119779085093,1.0481119779085093,True,3.7361999999916407,Optimization terminated successfully
Palmer Penguins,3,42,10,300,0.0001,50,least_cost,Ranked + weighted SHARK,Random 50% immutable,α = 1,1.0,175,2,1,True,,2.0,1.3208929010014594,2.1010036677458452,2.4595030226312145,1.4595030226312145,True,2.173999999968146,Optimization terminated successfully
Palmer Penguins,3,42,10,300,0.0001,50,least_cost,Ranked + weighted SHARK,Random 50% immutable,α < 1,0.9743492650626556,175,2,1,True,,2.0,1.3724319005167254,2.141600256347973,2.4128801910042372,1.4128801910042372,True,1.8625999999812848,Optimization terminated successfully
Palmer Penguins,3,42,10,300,0.0001,50,least_cost,Ranked + weighted SHARK,Random 75% immutable,α = 1,1.0,175,2,1,False,,,,,,,False,2.0625000000222826,Positive directional derivative for linesearch
Palmer Penguins,3,42,10,300,0.0001,50,least_cost,Ranked + weighted SHARK,Random 75% immutable,α < 1,0.9743492650626556,175,2,1,False,,,,,,,False,2.1929000000113774,Positive directional derivative for linesearch
Palmer Penguins,3,42,10,300,0.0001,50,least_cost,Ranked + weighted SHARK,All features mutable,α = 1,1.0,73,0,2,True,,4.0,0.6665559426839875,1.568533920164614,3.1710230775660246,2.1710230775660246,True,4.751800000008188,Optimization terminated successfully
Palmer Penguins,3,42,10,300,0.0001,50,least_cost,Ranked + weighted SHARK,All features mutable,α < 1,0.658694608347118,73,0,2,True,,4.0,1.2788671281316735,2.193412514081651,2.2700646879770328,1.2700646879770328,True,4.423999999971784,Optimization terminated successfully
Palmer Penguins,3,42,10,300,0.0001,50,least_cost,Ranked + weighted SHARK,Random 25% immutable,α = 1,1.0,73,0,2,True,,3.0,1.1776740083627335,1.973532302199228,2.038693646265348,1.0386936462653482,True,4.045700000006036,Optimization terminated successfully
Palmer Penguins,3,42,10,300,0.0001,50,least_cost,Ranked + weighted SHARK,Random 25% immutable,α < 1,0.658694608347118,73,0,2,True,,3.0,2.137695628519236,2.658916079530469,1.5131834593188005,0.5131834593188005,True,3.85969999996405,Optimization terminated successfully
Palmer Penguins,3,42,10,300,0.0001,50,least_cost,Ranked + weighted SHARK,Random 50% immutable,α = 1,1.0,73,0,2,True,,2.0,1.4771353771184277,2.396199512585056,1.6367799241514154,0.6367799241514154,True,1.8302999999946223,Optimization terminated successfully
Palmer Penguins,3,42,10,300,0.0001,50,least_cost,Ranked + weighted SHARK,Random 50% immutable,α < 1,0.658694608347118,73,0,2,True,,2.0,2.8497129150711493,3.3282303801370663,1.1784194276668636,0.17841942766686358,True,1.9441000000028907,Optimization terminated successfully
Palmer Penguins,3,42,10,300,0.0001,50,least_cost,Ranked + weighted SHARK,Random 75% immutable,α = 1,1.0,73,0,2,False,,,,,,,False,0.9893999999803782,Positive directional derivative for linesearch
Palmer Penguins,3,42,10,300,0.0001,50,least_cost,Ranked + weighted SHARK,Random 75% immutable,α < 1,0.658694608347118,73,0,2,False,,,,,,,False,6.0330000000021755,Positive directional derivative for linesearch
Palmer Penguins,3,42,10,300,0.0001,50,least_cost,Ranked + weighted SHARK,All features mutable,α = 1,1.0,25,0,1,True,,4.0,0.07816627437858899,0.6163353789073801,5.497133376999488,4.497133376999488,True,4.580299999986437,Optimization terminated successfully
Palmer Penguins,3,42,10,300,0.0001,50,least_cost,Ranked + weighted SHARK,All features mutable,α < 1,0.9743492650626556,25,0,1,True,,4.0,0.08383763673245201,0.6383030257640385,5.307945551930299,4.307945551930299,True,4.468599999995604,Optimization terminated successfully
Palmer Penguins,3,42,10,300,0.0001,50,least_cost,Ranked + weighted SHARK,Random 25% immutable,α = 1,1.0,25,0,1,True,,3.0,0.09831190883979367,0.7069930342232145,4.370382391128688,3.370382391128688,True,3.7542000000030384,Optimization terminated successfully
Palmer Penguins,3,42,10,300,0.0001,50,least_cost,Ranked + weighted SHARK,Random 25% immutable,α < 1,0.9743492650626556,25,0,1,True,,3.0,0.10544493984555507,0.7321919355459185,4.219972595491074,3.2199725954910736,True,3.8387999999827116,Optimization terminated successfully
Palmer Penguins,3,42,10,300,0.0001,50,least_cost,Ranked + weighted SHARK,Random 50% immutable,α = 1,1.0,25,0,1,True,,2.0,0.17227135329528995,0.8112441614924221,2.4940897608039085,1.4940897608039085,True,2.0422999999709646,Optimization terminated successfully
Palmer Penguins,3,42,10,300,0.0001,50,least_cost,Ranked + weighted SHARK,Random 50% immutable,α < 1,0.9743492650626556,25,0,1,True,,2.0,0.18477051972780156,0.8401588206216793,2.4082538446299986,1.4082538446299986,True,2.0256000000244967,Optimization terminated successfully
Palmer Penguins,3,42,10,300,0.0001,50,least_cost,Ranked + weighted SHARK,Random 75% immutable,α = 1,1.0,25,0,1,True,,1.0,0.3037797739983465,0.9216483542555101,3.7091431802337107,2.7091431802337107,True,1.417900000035388,Optimization terminated successfully
Palmer Penguins,3,42,10,300,0.0001,50,least_cost,Ranked + weighted SHARK,Random 75% immutable,α < 1,0.9743492650626556,25,0,1,True,,1.0,0.32582054782164,0.9544980805043143,3.555000181553968,2.555000181553968,True,1.4213000000040665,Optimization terminated successfully
Palmer Penguins,3,42,10,300,0.0001,50,least_cost,Ranked + weighted SHARK,All features mutable,α = 1,1.0,247,2,1,True,,4.0,0.3234794765812405,1.063151735947375,3.743103130231036,2.743103130231036,True,5.134400000031292,Optimization terminated successfully
Palmer Penguins,3,42,10,300,0.0001,50,least_cost,Ranked + weighted SHARK,All features mutable,α < 1,0.9743492650626556,247,2,1,True,,4.0,0.3466405095674052,1.1005544769067088,3.615892463138095,2.615892463138095,True,4.987199999959557,Optimization terminated successfully
Palmer Penguins,3,42,10,300,0.0001,50,least_cost,Ranked + weighted SHARK,Random 25% immutable,α = 1,1.0,247,2,1,True,,3.0,0.32576096629594825,1.0616782579688626,3.7167661418546287,2.7167661418546287,True,3.1546000000162167,Optimization terminated successfully
Palmer Penguins,3,42,10,300,0.0001,50,least_cost,Ranked + weighted SHARK,Random 25% immutable,α < 1,0.9743492650626556,247,2,1,True,,3.0,0.3490853532607418,1.099029158832162,3.59045048176685,2.59045048176685,True,2.9770000000439722,Optimization terminated successfully
Palmer Penguins,3,42,10,300,0.0001,50,least_cost,Ranked + weighted SHARK,Random 50% immutable,α = 1,1.0,247,2,1,True,,2.0,0.39845262559634576,1.1539350196502498,3.0387039439878967,2.0387039439878967,True,1.8239999999991596,Optimization terminated successfully
Palmer Penguins,3,42,10,300,0.0001,50,least_cost,Ranked + weighted SHARK,Random 50% immutable,α < 1,0.9743492650626556,247,2,1,True,,2.0,0.42698171315828626,1.1945316073733172,2.935432461349278,1.935432461349278,True,1.8094999999789252,Optimization terminated successfully
Palmer Penguins,3,42,10,300,0.0001,50,least_cost,Ranked + weighted SHARK,Random 75% immutable,α = 1,1.0,247,2,1,True,,1.0,1.0404920712192463,1.7057100650950412,1.4570454653968696,0.45704546539686963,True,1.28860000000941,Optimization terminated successfully
Palmer Penguins,3,42,10,300,0.0001,50,least_cost,Ranked + weighted SHARK,Random 75% immutable,α < 1,0.9743492650626556,247,2,1,True,,1.0,1.1149909897824566,1.7657186473626825,1.3889230841180478,0.38892308411804777,True,1.2750000000210093,Optimization terminated successfully
Palmer Penguins,3,42,10,300,0.0001,50,least_cost,Ranked + weighted SHARK,All features mutable,α = 1,1.0,227,2,1,True,,4.0,0.3663716657517926,1.1314472911371303,2.3170527382912733,1.3170527382912733,True,4.743100000041522,Optimization terminated successfully
Palmer Penguins,3,42,10,300,0.0001,50,least_cost,Ranked + weighted SHARK,All features mutable,α < 1,0.9743492650626556,227,2,1,True,,4.0,0.3909947318253775,1.1688501597327905,2.1477287634907363,1.1477287634907363,True,4.441700000029414,Optimization terminated successfully
Palmer Penguins,3,42,10,300,0.0001,50,least_cost,Ranked + weighted SHARK,Random 25% immutable,α = 1,1.0,227,2,1,True,,3.0,1.4886510475524846,2.760148982148248,1.0000000000000033,3.3306690738754696e-15,True,2.369400000020505,Optimization terminated successfully
Palmer Penguins,3,42,10,300,0.0001,50,least_cost,Ranked + weighted SHARK,Random 25% immutable,α < 1,0.9743492650626556,227,2,1,True,,3.0,1.8524958186193274,2.9129565482149173,1.0,0.0,False,5.3647999999952845,Optimization terminated successfully
Palmer Penguins,3,42,10,300,0.0001,50,least_cost,Ranked + weighted SHARK,Random 50% immutable,α = 1,1.0,227,2,1,True,,2.0,0.4512859788417208,1.2280581385183102,3.656779877578998,2.656779877578998,True,1.9728999999983898,Optimization terminated successfully
Palmer Penguins,3,42,10,300,0.0001,50,least_cost,Ranked + weighted SHARK,Random 50% immutable,α < 1,0.9743492650626556,227,2,1,True,,2.0,0.48161595708109717,1.2686547224112756,3.5397640125625798,2.5397640125625798,True,1.868900000033591,Optimization terminated successfully
Palmer Penguins,3,42,10,300,0.0001,50,least_cost,Ranked + weighted SHARK,Random 75% immutable,α = 1,1.0,227,2,1,False,,,,,,,False,3.112500000042928,Positive directional derivative for linesearch
Palmer Penguins,3,42,10,300,0.0001,50,least_cost,Ranked + weighted SHARK,Random 75% immutable,α < 1,0.9743492650626556,227,2,1,False,,,,,,,False,8.943099999953574,Positive directional derivative for linesearch
Palmer Penguins,3,42,10,300,0.0001,50,least_cost,Ranked + weighted SHARK,All features mutable,α = 1,1.0,57,0,1,True,,4.0,0.8550264931085987,2.038477956916503,2.808166778785969,1.808166778785969,True,4.88439999998036,Optimization terminated successfully
Palmer Penguins,3,42,10,300,0.0001,50,least_cost,Ranked + weighted SHARK,All features mutable,α < 1,0.9743492650626556,57,0,1,True,,4.0,0.8735545485337206,2.060446056216578,2.7782266020767143,1.7782266020767143,True,4.840500000000247,Optimization terminated successfully
Palmer Penguins,3,42,10,300,0.0001,50,least_cost,Ranked + weighted SHARK,Random 25% immutable,α = 1,1.0,57,0,1,True,,3.0,1.1382501463528831,2.4447115188363653,1.6120081987008363,0.6120081987008363,True,3.681199999959972,Optimization terminated successfully
Palmer Penguins,3,42,10,300,0.0001,50,least_cost,Ranked + weighted SHARK,Random 25% immutable,α < 1,0.9743492650626556,57,0,1,True,,3.0,1.1629155362200985,2.4710574976692863,1.5639243720514193,0.5639243720514193,True,3.6731000000145286,Optimization terminated successfully
Palmer Penguins,3,42,10,300,0.0001,50,least_cost,Ranked + weighted SHARK,Random 50% immutable,α = 1,1.0,57,0,1,True,,2.0,1.5899418326987624,3.1343585347578125,1.5101569076797352,0.5101569076797352,True,2.4210999999922933,Optimization terminated successfully
Palmer Penguins,3,42,10,300,0.0001,50,least_cost,Ranked + weighted SHARK,Random 50% immutable,α < 1,0.9743492650626556,57,0,1,True,,2.0,1.624395186643219,3.16813662523443,1.4940558921579237,0.49405589215792367,True,2.594899999962763,Optimization terminated successfully
Palmer Penguins,3,42,10,300,0.0001,50,least_cost,Ranked + weighted SHARK,Random 75% immutable,α = 1,1.0,57,0,1,False,,,,,,,False,7.6298000000178945,Positive directional derivative for linesearch
Palmer Penguins,3,42,10,300,0.0001,50,least_cost,Ranked + weighted SHARK,Random 75% immutable,α < 1,0.9743492650626556,57,0,1,False,,,,,,,False,5.01800000000685,Positive directional derivative for linesearch
Palmer Penguins,3,42,10,300,0.0001,50,least_cost,Ranked + weighted SHARK,All features mutable,α = 1,1.0,116,1,2,True,,4.0,1.176474841475967,2.027517962443196,2.253542496017223,1.2535424960172228,True,5.132699999990109,Optimization terminated successfully
Palmer Penguins,3,42,10,300,0.0001,50,least_cost,Ranked + weighted SHARK,All features mutable,α < 1,0.658694608347118,116,1,2,True,,4.0,1.8249178433898348,2.525195729697195,1.8094034739432139,0.8094034739432139,True,4.902700000002369,Optimization terminated successfully
Palmer Penguins,3,42,10,300,0.0001,50,least_cost,Ranked + weighted SHARK,Random 25% immutable,α = 1,1.0,116,1,2,True,,3.0,2.3574211336942765,2.7922244004537573,1.1246362962413476,0.12463629624134764,True,3.6590000000273903,Optimization terminated successfully
Palmer Penguins,3,42,10,300,0.0001,50,least_cost,Ranked + weighted SHARK,Random 25% immutable,α < 1,0.658694608347118,116,1,2,True,,3.0,3.713635330568232,3.59162983220742,1.0,0.0,False,2.4362999999993917,Optimization terminated successfully
Palmer Penguins,3,42,10,300,0.0001,50,least_cost,Ranked + weighted SHARK,Random 50% immutable,α = 1,1.0,116,1,2,True,,2.0,1.4491475467014183,2.2006415690915304,1.8295172933807398,0.8295172933807398,True,1.8172000000049593,Optimization terminated successfully
Palmer Penguins,3,42,10,300,0.0001,50,least_cost,Ranked + weighted SHARK,Random 50% immutable,α < 1,0.658694608347118,116,1,2,True,,2.0,2.257971563776115,2.7229074234091764,1.3538075528866163,0.35380755288661625,True,2.0392000000128974,Optimization terminated successfully
Palmer Penguins,3,42,10,300,0.0001,50,least_cost,Ranked + weighted SHARK,Random 75% immutable,α = 1,1.0,116,1,2,False,,,,,,,False,1.045400000009522,Positive directional derivative for linesearch
Palmer Penguins,3,42,10,300,0.0001,50,least_cost,Ranked + weighted SHARK,Random 75% immutable,α < 1,0.658694608347118,116,1,2,False,,,,,,,False,3.2517999999868152,Positive directional derivative for linesearch
Palmer Penguins,3,42,10,300,0.0001,50,least_cost,Ranked + weighted SHARK,All features mutable,α = 1,1.0,39,0,2,True,,4.0,1.6128218745490097,2.440852464721264,2.282933058038976,1.2829330580389762,True,4.051300000014635,Optimization terminated successfully
Palmer Penguins,3,42,10,300,0.0001,50,least_cost,Ranked + weighted SHARK,All features mutable,α < 1,0.658694608347118,39,0,2,True,,4.0,2.508550649403487,3.064389212304362,1.9450598136218293,0.9450598136218293,True,4.724500000008902,Optimization terminated successfully
Palmer Penguins,3,42,10,300,0.0001,50,least_cost,Ranked + weighted SHARK,Random 25% immutable,α = 1,1.0,39,0,2,True,,3.0,1.7580404978990811,2.4204934389370822,2.2075883380682364,1.2075883380682364,True,4.373600000008082,Optimization terminated successfully
Palmer Penguins,3,42,10,300,0.0001,50,least_cost,Ranked + weighted SHARK,Random 25% immutable,α < 1,0.658694608347118,39,0,2,True,,3.0,2.7469307128054203,3.025612631859339,1.766073093395236,0.766073093395236,True,2.8972000000067055,Optimization terminated successfully
Palmer Penguins,3,42,10,300,0.0001,50,least_cost,Ranked + weighted SHARK,Random 50% immutable,α = 1,1.0,39,0,2,False,,,,,,,False,8.641699999998309,Positive directional derivative for linesearch
Palmer Penguins,3,42,10,300,0.0001,50,least_cost,Ranked + weighted SHARK,Random 50% immutable,α < 1,0.658694608347118,39,0,2,False,,,,,,,False,13.861599999984264,Positive directional derivative for linesearch
Palmer Penguins,3,42,10,300,0.0001,50,least_cost,Ranked + weighted SHARK,Random 75% immutable,α = 1,1.0,39,0,2,False,,,,,,,False,1.3356999999700747,Positive directional derivative for linesearch
Palmer Penguins,3,42,10,300,0.0001,50,least_cost,Ranked + weighted SHARK,Random 75% immutable,α < 1,0.658694608347118,39,0,2,False,,,,,,,False,1.7206999999643813,Positive directional derivative for linesearch
Palmer Penguins,3,42,10,300,0.0001,50,least_cost,Ranked + weighted SHARK,All features mutable,α = 1,1.0,28,0,2,True,,4.0,1.3757382638174733,2.1925067344072944,1.846833308581468,0.8468333085814681,True,5.300799999986339,Optimization terminated successfully
Palmer Penguins,3,42,10,300,0.0001,50,least_cost,Ranked + weighted SHARK,All features mutable,α < 1,0.658694608347118,28,0,2,True,,4.0,2.102990295945551,2.7236740191495317,1.690517326012362,0.690517326012362,True,3.9148000000182037,Optimization terminated successfully
Palmer Penguins,3,42,10,300,0.0001,50,least_cost,Ranked + weighted SHARK,Random 25% immutable,α = 1,1.0,28,0,2,True,,3.0,2.756705322641693,3.0194432295337683,1.4686531275030044,0.46865312750300436,True,3.674799999998868,Optimization terminated successfully
Palmer Penguins,3,42,10,300,0.0001,50,least_cost,Ranked + weighted SHARK,Random 25% immutable,α < 1,0.658694608347118,28,0,2,True,,3.0,4.150232945987693,3.7048269990846885,1.196955980779495,0.19695598077949494,True,3.6276999999813597,Optimization terminated successfully
Palmer Penguins,3,42,10,300,0.0001,50,least_cost,Ranked + weighted SHARK,Random 50% immutable,α = 1,1.0,28,0,2,True,,2.0,2.540658899472558,3.1425775702289034,1.1280329295320106,0.12803292953201062,True,2.032699999972465,Optimization terminated successfully
Palmer Penguins,3,42,10,300,0.0001,50,least_cost,Ranked + weighted SHARK,Random 50% immutable,α < 1,0.658694608347118,28,0,2,True,,2.0,4.416157051914107,4.113578431826194,1.0000000000000009,8.881784197001252e-16,True,1.6071000000010827,Optimization terminated successfully
Palmer Penguins,3,42,10,300,0.0001,50,least_cost,Ranked + weighted SHARK,Random 75% immutable,α = 1,1.0,28,0,2,True,,1.0,4.425148614299981,3.517626747287496,1.0325665073181278,0.032566507318127824,True,1.2878000000000611,Optimization terminated successfully
Palmer Penguins,3,42,10,300,0.0001,50,least_cost,Ranked + weighted SHARK,Random 75% immutable,α < 1,0.658694608347118,28,0,2,False,,,,,,,False,0.9506000000101267,Positive directional derivative for linesearch
Palmer Penguins,3,42,10,300,0.0001,50,least_cost,Ranked + weighted SHARK,All features mutable,α = 1,1.0,273,2,0,True,,4.0,0.9588386911969042,2.0677423731358737,2.40499285620945,1.40499285620945,True,3.918700000042463,Optimization terminated successfully
Palmer Penguins,3,42,10,300,0.0001,50,least_cost,Ranked + weighted SHARK,All features mutable,α < 1,0.9962179277671736,273,2,0,True,,4.0,0.9642202535722877,2.072847080482534,2.4010672538640527,1.4010672538640527,True,4.4125000000008185,Optimization terminated successfully
Palmer Penguins,3,42,10,300,0.0001,50,least_cost,Ranked + weighted SHARK,Random 25% immutable,α = 1,1.0,273,2,0,True,,3.0,1.788241145372842,3.1629025052912643,1.3910676309628556,0.3910676309628556,True,2.6510999999800333,Optimization terminated successfully
Palmer Penguins,3,42,10,300,0.0001,50,least_cost,Ranked + weighted SHARK,Random 25% immutable,α < 1,0.9962179277671736,273,2,0,True,,3.0,1.7994817869963382,3.172171121629439,1.3876925065957946,0.3876925065957946,True,2.208999999993466,Optimization terminated successfully
Palmer Penguins,3,42,10,300,0.0001,50,least_cost,Ranked + weighted SHARK,Random 50% immutable,α = 1,1.0,273,2,0,True,,2.0,1.4328957986416855,2.72000059116493,1.4450484211102301,0.44504842111023013,True,2.0147000000179105,Optimization terminated successfully
Palmer Penguins,3,42,10,300,0.0001,50,least_cost,Ranked + weighted SHARK,Random 50% immutable,α < 1,0.9962179277671736,273,2,0,True,,2.0,1.4394735697948873,2.7176550706568885,1.4517296221876954,0.4517296221876954,True,2.040399999998499,Optimization terminated successfully
Palmer Penguins,3,42,10,300,0.0001,50,least_cost,Ranked + weighted SHARK,Random 75% immutable,α = 1,1.0,273,2,0,False,,,,,,,False,5.721300000004703,Positive directional derivative for linesearch
Palmer Penguins,3,42,10,300,0.0001,50,least_cost,Ranked + weighted SHARK,Random 75% immutable,α < 1,0.9962179277671736,273,2,0,False,,,,,,,False,2.705199999979868,Positive directional derivative for linesearch
