dataset,n_clusters,seed,n_init,max_iter,tol,n_factuals,solution_type,cf_mode,mask_scenario,alpha_case,alpha,factual_idx,source_cluster,target_cluster,feasible,rank_step,changed_features,weighted_squared_distance,euclidean_distance,rho,tau,positive_tau,runtime_ms,solver_message
Student Performance,5,42,10,300,0.0001,50,most_parsimonious,Unweighted k-means,All features mutable,α = 1,1.0,251,3,0,True,6.0,5.0,0.44413936612561533,4.161902843519896,1.6082922993620925,0.6082922993620925,True,106.08860000047571,Optimization terminated successfully
Student Performance,5,42,10,300,0.0001,50,most_parsimonious,Unweighted k-means,All features mutable,α < 1,0.9546250367985473,251,3,0,True,6.0,5.0,0.47993036879887496,4.326347695592221,1.5471609706799299,0.5471609706799299,True,39.11389999939274,Optimization terminated successfully
Student Performance,5,42,10,300,0.0001,50,most_parsimonious,Unweighted k-means,Random 25% immutable,α = 1,1.0,251,3,0,True,5.0,4.0,0.7180839479642565,5.292000942045079,1.0,0.0,False,49.29410000022472,Optimization terminated successfully
Student Performance,5,42,10,300,0.0001,50,most_parsimonious,Unweighted k-means,Random 25% immutable,α < 1,0.9546250367985473,251,3,0,True,5.0,4.0,0.794704541478296,5.567178559885927,1.0,0.0,False,21.630000000186556,Optimization terminated successfully
Student Performance,5,42,10,300,0.0001,50,most_parsimonious,Unweighted k-means,Random 50% immutable,α = 1,1.0,251,3,0,True,4.0,3.0,0.4549058310534988,4.212045513890662,1.5702281002396183,0.5702281002396183,True,29.75830000013957,Optimization terminated successfully
Student Performance,5,42,10,300,0.0001,50,most_parsimonious,Unweighted k-means,Random 50% immutable,α < 1,0.9546250367985473,251,3,0,True,4.0,3.0,0.4915644500751509,4.378471600105554,1.5105435953890076,0.5105435953890076,True,51.77460000049905,Optimization terminated successfully
Student Performance,5,42,10,300,0.0001,50,most_parsimonious,Unweighted k-means,Random 75% immutable,α = 1,1.0,251,3,0,False,,,,,,,False,107.85279999981867,No feasible counterfactual found.
Student Performance,5,42,10,300,0.0001,50,most_parsimonious,Unweighted k-means,Random 75% immutable,α < 1,0.9546250367985473,251,3,0,False,,,,,,,False,166.4866000000984,No feasible counterfactual found.
Student Performance,5,42,10,300,0.0001,50,most_parsimonious,Unweighted k-means,All features mutable,α = 1,1.0,316,4,1,True,22.0,15.0,0.6256090606852529,4.939509425714751,1.0,0.0,False,864.9603999992905,Optimization terminated successfully
Student Performance,5,42,10,300,0.0001,50,most_parsimonious,Unweighted k-means,All features mutable,α < 1,0.9849107803895755,316,4,1,True,22.0,15.0,0.6735797360803844,5.125388737172527,1.0,0.0,False,357.99840000072436,Optimization terminated successfully
Student Performance,5,42,10,300,0.0001,50,most_parsimonious,Unweighted k-means,Random 25% immutable,α = 1,1.0,316,4,1,True,16.0,11.0,0.7477940213914094,5.4003672869782635,1.0,0.0,False,244.02699999973265,Optimization terminated successfully
Student Performance,5,42,10,300,0.0001,50,most_parsimonious,Unweighted k-means,Random 25% immutable,α < 1,0.9849107803895755,316,4,1,True,16.0,11.0,0.8241051933764361,5.669224156944317,1.0,0.0,False,255.66079999953217,Optimization terminated successfully
Student Performance,5,42,10,300,0.0001,50,most_parsimonious,Unweighted k-means,Random 50% immutable,α = 1,1.0,316,4,1,True,11.0,7.0,0.26141886004605774,3.1930135517714695,1.3743070495119258,0.37430704951192584,True,168.60329999963142,Optimization terminated successfully
Student Performance,5,42,10,300,0.0001,50,most_parsimonious,Unweighted k-means,Random 50% immutable,α < 1,0.9849107803895755,316,4,1,True,11.0,7.0,0.27028490175452435,3.2467077429954254,1.3515787022113877,0.35157870221138765,True,77.95910000004369,Optimization terminated successfully
Student Performance,5,42,10,300,0.0001,50,most_parsimonious,Unweighted k-means,Random 75% immutable,α = 1,1.0,316,4,1,False,,,,,,,False,190.2087999997093,No feasible counterfactual found.
Student Performance,5,42,10,300,0.0001,50,most_parsimonious,Unweighted k-means,Random 75% immutable,α < 1,0.9849107803895755,316,4,1,False,,,,,,,False,126.53940000018338,No feasible counterfactual found.
Student Performance,5,42,10,300,0.0001,50,most_parsimonious,Unweighted k-means,All features mutable,α = 1,1.0,278,3,1,True,20.0,12.0,0.9306907347185466,6.024694071405063,1.0,0.0,False,634.6400000002177,Optimization terminated successfully
Student Performance,5,42,10,300,0.0001,50,most_parsimonious,Unweighted k-means,All features mutable,α < 1,0.9849107803895755,278,3,1,True,20.0,12.0,1.067560494988276,6.4525079856240986,1.0,0.0,False,766.3941000000705,Optimization terminated successfully
Student Performance,5,42,10,300,0.0001,50,most_parsimonious,Unweighted k-means,Random 25% immutable,α = 1,1.0,278,3,1,True,18.0,10.0,0.13608777674271041,2.303784558713272,1.0253487123524323,0.0253487123524323,True,656.7424999993818,Optimization terminated successfully
Student Performance,5,42,10,300,0.0001,50,most_parsimonious,Unweighted k-means,Random 25% immutable,α < 1,0.9849107803895755,278,3,1,True,18.0,10.0,0.14062796481871487,2.3418989363185343,1.008661177201668,0.008661177201668036,True,604.7029999999722,Optimization terminated successfully
Student Performance,5,42,10,300,0.0001,50,most_parsimonious,Unweighted k-means,Random 50% immutable,α = 1,1.0,278,3,1,True,12.0,7.0,0.1599657572272539,2.4977318774966424,1.4635995140720979,0.4635995140720979,True,295.595499999763,Optimization terminated successfully
Student Performance,5,42,10,300,0.0001,50,most_parsimonious,Unweighted k-means,Random 50% immutable,α < 1,0.9849107803895755,278,3,1,True,12.0,7.0,0.1653025673428701,2.5390549671820684,1.4397794497458989,0.4397794497458989,True,286.61319999991974,Optimization terminated successfully
Student Performance,5,42,10,300,0.0001,50,most_parsimonious,Unweighted k-means,Random 75% immutable,α = 1,1.0,278,3,1,True,6.0,3.0,0.16173118970698144,2.5114769357038256,1.4476230942310193,0.4476230942310193,True,49.2314000002807,Optimization terminated successfully
Student Performance,5,42,10,300,0.0001,50,most_parsimonious,Unweighted k-means,Random 75% immutable,α < 1,0.9849107803895755,278,3,1,True,6.0,3.0,0.1671268985399203,2.5530274270083533,1.424063043543054,0.4240630435430539,True,59.6958000005543,Optimization terminated successfully
Student Performance,5,42,10,300,0.0001,50,most_parsimonious,Unweighted k-means,All features mutable,α = 1,1.0,53,2,4,True,19.0,10.0,0.1010854493329273,1.985530791497368,1.9414309197778703,0.9414309197778703,True,202.07230000050913,Optimization terminated successfully
Student Performance,5,42,10,300,0.0001,50,most_parsimonious,Unweighted k-means,All features mutable,α < 1,0.890151690365568,53,2,4,True,19.0,10.0,0.14168892373680222,2.3507164919945764,1.6398280624349983,0.6398280624349983,True,228.7148999994315,Optimization terminated successfully
Student Performance,5,42,10,300,0.0001,50,most_parsimonious,Unweighted k-means,Random 25% immutable,α = 1,1.0,53,2,4,True,14.0,8.0,0.10153679131273548,1.9899585074057908,1.9328010499386423,0.9328010499386423,True,391.5649000000485,Optimization terminated successfully
Student Performance,5,42,10,300,0.0001,50,most_parsimonious,Unweighted k-means,Random 25% immutable,α < 1,0.890151690365568,53,2,4,True,14.0,8.0,0.14232155840161587,2.3559585687492506,1.6325388501200735,0.6325388501200735,True,167.64989999956015,Optimization terminated successfully
Student Performance,5,42,10,300,0.0001,50,most_parsimonious,Unweighted k-means,Random 50% immutable,α = 1,1.0,53,2,4,True,9.0,5.0,0.10230378406848707,1.9974602821260292,1.9183104383498795,0.9183104383498795,True,149.30639999965933,Optimization terminated successfully
Student Performance,5,42,10,300,0.0001,50,most_parsimonious,Unweighted k-means,Random 50% immutable,α < 1,0.890151690365568,53,2,4,True,9.0,5.0,0.14339663279455295,2.364840095860091,1.620299366602761,0.620299366602761,True,64.27739999980986,Optimization terminated successfully
Student Performance,5,42,10,300,0.0001,50,most_parsimonious,Unweighted k-means,Random 75% immutable,α = 1,1.0,53,2,4,False,,,,,,,False,118.76970000048459,No feasible counterfactual found.
Student Performance,5,42,10,300,0.0001,50,most_parsimonious,Unweighted k-means,Random 75% immutable,α < 1,0.890151690365568,53,2,4,False,,,,,,,False,168.67329999968206,No feasible counterfactual found.
Student Performance,5,42,10,300,0.0001,50,most_parsimonious,Unweighted k-means,All features mutable,α = 1,1.0,505,3,0,True,4.0,4.0,0.4488969250773917,4.184134328390794,1.0405294224979902,0.040529422497990186,True,35.61790000003384,Optimization terminated successfully
Student Performance,5,42,10,300,0.0001,50,most_parsimonious,Unweighted k-means,All features mutable,α < 1,0.9546250367985473,505,3,0,True,4.0,4.0,0.5058170486989723,4.441493543759792,1.0,0.0,False,45.639500000106636,Optimization terminated successfully
Student Performance,5,42,10,300,0.0001,50,most_parsimonious,Unweighted k-means,Random 25% immutable,α = 1,1.0,505,3,0,True,3.0,3.0,0.46212218740015826,4.24532275670604,1.0107509936673655,0.010750993667365538,True,26.375699999334756,Optimization terminated successfully
Student Performance,5,42,10,300,0.0001,50,most_parsimonious,Unweighted k-means,Random 25% immutable,α < 1,0.9546250367985473,505,3,0,True,3.0,3.0,0.5333836174785558,4.560916693129099,1.0,0.0,False,32.40230000028532,Optimization terminated successfully
Student Performance,5,42,10,300,0.0001,50,most_parsimonious,Unweighted k-means,Random 50% immutable,α = 1,1.0,505,3,0,True,2.0,2.0,0.47738420032179796,4.314856175187085,1.0,0.0,False,14.911299999766925,Optimization terminated successfully
Student Performance,5,42,10,300,0.0001,50,most_parsimonious,Unweighted k-means,Random 50% immutable,α < 1,0.9546250367985473,505,3,0,True,2.0,2.0,0.5799470846547294,4.755831820148233,1.0,0.0,False,12.929099999382743,Optimization terminated successfully
Student Performance,5,42,10,300,0.0001,50,most_parsimonious,Unweighted k-means,Random 75% immutable,α = 1,1.0,505,3,0,True,3.0,3.0,0.4397220941160291,4.1411546301152695,1.0622401444687597,0.062240144468759695,True,24.06410000003234,Optimization terminated successfully
Student Performance,5,42,10,300,0.0001,50,most_parsimonious,Unweighted k-means,Random 75% immutable,α < 1,0.9546250367985473,505,3,0,True,3.0,3.0,0.4941198866073665,4.389837762114597,1.002064524022324,0.0020645240223240435,True,28.569699999934528,Optimization terminated successfully
Student Performance,5,42,10,300,0.0001,50,most_parsimonious,Unweighted k-means,All features mutable,α = 1,1.0,626,1,4,True,19.0,14.0,0.2649052331526811,3.214234604529446,1.2372249635366854,0.23722496353668543,True,267.83249999971304,Optimization terminated successfully
Student Performance,5,42,10,300,0.0001,50,most_parsimonious,Unweighted k-means,All features mutable,α < 1,0.890151690365568,626,1,4,True,19.0,14.0,0.332591687001052,3.6015379760653685,1.1041758664045362,0.10417586640453624,True,282.3292000002766,Optimization terminated successfully
Student Performance,5,42,10,300,0.0001,50,most_parsimonious,Unweighted k-means,Random 25% immutable,α = 1,1.0,626,1,4,True,15.0,11.0,0.2670727898642945,3.2273578674679824,1.227183675857187,0.22718367585718702,True,251.57519999993383,Optimization terminated successfully
Student Performance,5,42,10,300,0.0001,50,most_parsimonious,Unweighted k-means,Random 25% immutable,α < 1,0.890151690365568,626,1,4,True,15.0,11.0,0.33531308036428015,3.616242543608894,1.095214402045194,0.09521440204519394,True,172.4272999999812,Optimization terminated successfully
Student Performance,5,42,10,300,0.0001,50,most_parsimonious,Unweighted k-means,Random 50% immutable,α = 1,1.0,626,1,4,True,11.0,7.0,0.5484312997823904,4.624804935509521,1.2212005747951287,0.22120057479512867,True,129.88920000043436,Optimization terminated successfully
Student Performance,5,42,10,300,0.0001,50,most_parsimonious,Unweighted k-means,Random 50% immutable,α < 1,0.890151690365568,626,1,4,True,11.0,7.0,0.6885620530330352,5.182076810342392,1.0898746990158297,0.08987469901582967,True,93.9304000003176,Optimization terminated successfully
Student Performance,5,42,10,300,0.0001,50,most_parsimonious,Unweighted k-means,Random 75% immutable,α = 1,1.0,626,1,4,False,,,,,,,False,168.89769999943383,No feasible counterfactual found.
Student Performance,5,42,10,300,0.0001,50,most_parsimonious,Unweighted k-means,Random 75% immutable,α < 1,0.890151690365568,626,1,4,False,,,,,,,False,158.0932999995639,No feasible counterfactual found.
Student Performance,5,42,10,300,0.0001,50,most_parsimonious,Unweighted k-means,All features mutable,α = 1,1.0,402,4,1,True,19.0,11.0,0.39361639055653275,3.9180402284439064,1.0,0.0,False,360.07249999966007,Optimization terminated successfully
Student Performance,5,42,10,300,0.0001,50,most_parsimonious,Unweighted k-means,All features mutable,α < 1,0.9849107803895755,402,4,1,True,19.0,11.0,0.42608486031144094,4.076433435264974,1.0,0.0,False,534.9120999999286,Optimization terminated successfully
Student Performance,5,42,10,300,0.0001,50,most_parsimonious,Unweighted k-means,Random 25% immutable,α = 1,1.0,402,4,1,True,18.0,14.0,1.101553157702067,6.554431565771408,1.0,0.0,False,325.6592999996428,Optimization terminated successfully
Student Performance,5,42,10,300,0.0001,50,most_parsimonious,Unweighted k-means,Random 25% immutable,α < 1,0.9849107803895755,402,4,1,True,18.0,14.0,1.230923128575474,6.92863637481745,1.0,0.0,False,211.14379999926314,Optimization terminated successfully
Student Performance,5,42,10,300,0.0001,50,most_parsimonious,Unweighted k-means,Random 50% immutable,α = 1,1.0,402,4,1,True,14.0,11.0,2.62485864115091,10.11778073516547,1.0000000000000007,6.661338147750939e-16,True,125.23570000030304,Optimization terminated successfully
Student Performance,5,42,10,300,0.0001,50,most_parsimonious,Unweighted k-means,Random 50% immutable,α < 1,0.9849107803895755,402,4,1,True,15.0,12.0,2.401037781734768,9.676800787845949,1.0,0.0,False,286.4716000003682,Optimization terminated successfully
Student Performance,5,42,10,300,0.0001,50,most_parsimonious,Unweighted k-means,Random 75% immutable,α = 1,1.0,402,4,1,False,,,,,,,False,120.49699999988661,No feasible counterfactual found.
Student Performance,5,42,10,300,0.0001,50,most_parsimonious,Unweighted k-means,Random 75% immutable,α < 1,0.9849107803895755,402,4,1,False,,,,,,,False,169.56290000052832,No feasible counterfactual found.
Student Performance,5,42,10,300,0.0001,50,most_parsimonious,Unweighted k-means,All features mutable,α = 1,1.0,449,2,0,True,6.0,5.0,0.9638079078455909,6.130946778922326,1.0669335096389538,0.06693350963895384,True,52.31709999952727,Optimization terminated successfully
Student Performance,5,42,10,300,0.0001,50,most_parsimonious,Unweighted k-means,All features mutable,α < 1,0.9546250367985473,449,2,0,True,6.0,5.0,1.0320641536259512,6.344328332566978,1.0310483463773623,0.031048346377362313,True,58.44309999974939,Optimization terminated successfully
Student Performance,5,42,10,300,0.0001,50,most_parsimonious,Unweighted k-means,Random 25% immutable,α = 1,1.0,449,2,0,True,6.0,5.0,0.9638079078455909,6.130946778922326,1.0669335096389538,0.06693350963895384,True,55.0812000001315,Optimization terminated successfully
Student Performance,5,42,10,300,0.0001,50,most_parsimonious,Unweighted k-means,Random 25% immutable,α < 1,0.9546250367985473,449,2,0,True,6.0,5.0,1.0320641536259512,6.344328332566978,1.0310483463773623,0.031048346377362313,True,57.264300000497315,Optimization terminated successfully
Student Performance,5,42,10,300,0.0001,50,most_parsimonious,Unweighted k-means,Random 50% immutable,α = 1,1.0,449,2,0,True,7.0,7.0,1.5283432998971636,7.7204526224820125,1.0,0.0,False,100.13080000044283,Optimization terminated successfully
Student Performance,5,42,10,300,0.0001,50,most_parsimonious,Unweighted k-means,Random 50% immutable,α < 1,0.9546250367985473,449,2,0,True,7.0,7.0,1.657602498190157,8.040304560737493,1.0,0.0,False,88.94830000008369,Optimization terminated successfully
Student Performance,5,42,10,300,0.0001,50,most_parsimonious,Unweighted k-means,Random 75% immutable,α = 1,1.0,449,2,0,True,5.0,3.0,1.1940665137486446,6.824118553791188,1.0304954645547229,0.03049546455472285,True,61.0913000000437,Optimization terminated successfully
Student Performance,5,42,10,300,0.0001,50,most_parsimonious,Unweighted k-means,Random 75% immutable,α < 1,0.9546250367985473,449,2,0,True,5.0,3.0,1.2808907905031717,7.067866780693005,1.0,0.0,False,55.60500000046886,Optimization terminated successfully
Student Performance,5,42,10,300,0.0001,50,most_parsimonious,Unweighted k-means,All features mutable,α = 1,1.0,176,3,1,True,20.0,12.0,1.124365364243389,6.621952069102597,1.0000000000000004,4.440892098500626e-16,True,697.3729999999705,Optimization terminated successfully
Student Performance,5,42,10,300,0.0001,50,most_parsimonious,Unweighted k-means,All features mutable,α < 1,0.9849107803895755,176,3,1,True,20.0,12.0,1.2912073621180655,7.096272762697652,1.0,0.0,False,644.5236999998087,Optimization terminated successfully
Student Performance,5,42,10,300,0.0001,50,most_parsimonious,Unweighted k-means,Random 25% immutable,α = 1,1.0,176,3,1,True,16.0,10.0,0.2785190396807496,3.2957916420109497,1.1926467405824108,0.19264674058241082,True,517.1526000003723,Optimization terminated successfully
Student Performance,5,42,10,300,0.0001,50,most_parsimonious,Unweighted k-means,Random 25% immutable,α < 1,0.9849107803895755,176,3,1,True,16.0,10.0,0.28552359522167403,3.3369777064950985,1.1779267068143435,0.17792670681434353,True,736.392099999648,Optimization terminated successfully
Student Performance,5,42,10,300,0.0001,50,most_parsimonious,Unweighted k-means,Random 50% immutable,α = 1,1.0,176,3,1,True,14.0,9.0,0.2808531031400938,3.309572634414247,1.1827351083178115,0.18273510831781148,True,377.793799999381,Optimization terminated successfully
Student Performance,5,42,10,300,0.0001,50,most_parsimonious,Unweighted k-means,Random 50% immutable,α < 1,0.9849107803895755,176,3,1,True,14.0,9.0,0.287916358715155,3.350930913923927,1.1681374065579555,0.1681374065579555,True,337.35499999966123,Optimization terminated successfully
Student Performance,5,42,10,300,0.0001,50,most_parsimonious,Unweighted k-means,Random 75% immutable,α = 1,1.0,176,3,1,True,6.0,4.0,0.3333148823777707,3.605451485283509,1.0,0.0,False,105.6668000001082,Optimization terminated successfully
Student Performance,5,42,10,300,0.0001,50,most_parsimonious,Unweighted k-means,Random 75% immutable,α < 1,0.9849107803895755,176,3,1,True,6.0,4.0,0.3419904418901248,3.652071635895833,1.0,0.0,False,66.65460000021994,Optimization terminated successfully
Student Performance,5,42,10,300,0.0001,50,most_parsimonious,Unweighted k-means,All features mutable,α = 1,1.0,287,4,3,True,3.0,3.0,0.07363472415106902,1.6946251036414195,1.0,0.0,False,13.981600000079197,Optimization terminated successfully
Student Performance,5,42,10,300,0.0001,50,most_parsimonious,Unweighted k-means,All features mutable,α < 1,0.9803072113728922,287,4,3,True,3.0,3.0,0.12137007642682077,2.175645417030544,1.0,0.0,False,12.443099999472906,Optimization terminated successfully
Student Performance,5,42,10,300,0.0001,50,most_parsimonious,Unweighted k-means,Random 25% immutable,α = 1,1.0,287,4,3,True,3.0,3.0,0.07363472415106902,1.6946251036414195,1.0,0.0,False,13.886200000342797,Optimization terminated successfully
Student Performance,5,42,10,300,0.0001,50,most_parsimonious,Unweighted k-means,Random 25% immutable,α < 1,0.9803072113728922,287,4,3,True,3.0,3.0,0.12137007642682077,2.175645417030544,1.0,0.0,False,13.262000000395346,Optimization terminated successfully
Student Performance,5,42,10,300,0.0001,50,most_parsimonious,Unweighted k-means,Random 50% immutable,α = 1,1.0,287,4,3,True,5.0,4.0,0.22414510872815663,2.956629709719854,1.0,0.0,False,41.720600000189734,Optimization terminated successfully
Student Performance,5,42,10,300,0.0001,50,most_parsimonious,Unweighted k-means,Random 50% immutable,α < 1,0.9803072113728922,287,4,3,True,5.0,4.0,0.31908319512259986,3.527640090737914,1.0,0.0,False,65.76529999983904,Optimization terminated successfully
Student Performance,5,42,10,300,0.0001,50,most_parsimonious,Unweighted k-means,Random 75% immutable,α = 1,1.0,287,4,3,True,6.0,4.0,0.5166233433379668,4.488686933857239,1.0000000000000002,2.220446049250313e-16,True,90.64350000062404,Optimization terminated successfully
Student Performance,5,42,10,300,0.0001,50,most_parsimonious,Unweighted k-means,Random 75% immutable,α < 1,0.9803072113728922,287,4,3,True,6.0,4.0,0.6337716124251123,4.971628795935933,1.0,0.0,False,66.83340000017779,Optimization terminated successfully
Student Performance,5,42,10,300,0.0001,50,most_parsimonious,Unweighted k-means,All features mutable,α = 1,1.0,227,3,4,True,19.0,13.0,0.15850498746799724,2.486301371767287,1.7472396696563717,0.7472396696563717,True,462.5409000000218,Optimization terminated successfully
Student Performance,5,42,10,300,0.0001,50,most_parsimonious,Unweighted k-means,All features mutable,α < 1,0.890151690365568,227,3,4,True,19.0,13.0,0.20208402484490717,2.807361210986463,1.5474191107197972,0.5474191107197972,True,628.6026999996466,Optimization terminated successfully
Student Performance,5,42,10,300,0.0001,50,most_parsimonious,Unweighted k-means,Random 25% immutable,α = 1,1.0,227,3,4,True,14.0,10.0,0.18003983199617635,2.649821399236348,1.5382496071279625,0.5382496071279625,True,133.90749999962281,Optimization terminated successfully
Student Performance,5,42,10,300,0.0001,50,most_parsimonious,Unweighted k-means,Random 25% immutable,α < 1,0.890151690365568,227,3,4,True,14.0,10.0,0.22953961552493193,2.9919968257791227,1.3623298959838503,0.36232989598385035,True,135.1596000004065,Optimization terminated successfully
Student Performance,5,42,10,300,0.0001,50,most_parsimonious,Unweighted k-means,Random 50% immutable,α = 1,1.0,227,3,4,True,10.0,7.0,0.40287490809439674,3.96385184078334,1.3983851163404089,0.39838511634040885,True,93.9741000001959,Optimization terminated successfully
Student Performance,5,42,10,300,0.0001,50,most_parsimonious,Unweighted k-means,Random 50% immutable,α < 1,0.890151690365568,227,3,4,True,10.0,7.0,0.5136405121206407,4.475709996492734,1.2384608077373276,0.23846080773732758,True,149.78160000009666,Optimization terminated successfully
Student Performance,5,42,10,300,0.0001,50,most_parsimonious,Unweighted k-means,Random 75% immutable,α = 1,1.0,227,3,4,True,7.0,6.0,0.33509009517468896,3.6150399322570244,1.1964865196306211,0.19648651963062114,True,47.49240000001009,Optimization terminated successfully
Student Performance,5,42,10,300,0.0001,50,most_parsimonious,Unweighted k-means,Random 75% immutable,α < 1,0.890151690365568,227,3,4,True,7.0,6.0,0.42721908124333574,4.081855481088239,1.0596520540835193,0.05965205408351926,True,133.37289999981294,Optimization terminated successfully
Student Performance,5,42,10,300,0.0001,50,most_parsimonious,Unweighted k-means,All features mutable,α = 1,1.0,439,2,4,True,19.0,14.0,0.233666935691539,3.0187763236069713,1.0,0.0,False,647.1861999998509,Optimization terminated successfully
Student Performance,5,42,10,300,0.0001,50,most_parsimonious,Unweighted k-means,All features mutable,α < 1,0.890151690365568,439,2,4,True,19.0,14.0,0.2876668131108409,3.3494784237732893,1.0,0.0,False,860.9831999992821,Optimization terminated successfully
Student Performance,5,42,10,300,0.0001,50,most_parsimonious,Unweighted k-means,Random 25% immutable,α = 1,1.0,439,2,4,True,14.0,11.0,0.23427970082166516,3.0227319318862764,1.0,0.0,False,345.02470000006724,Optimization terminated successfully
Student Performance,5,42,10,300,0.0001,50,most_parsimonious,Unweighted k-means,Random 25% immutable,α < 1,0.890151690365568,439,2,4,True,14.0,11.0,0.28843440610669757,3.35394422108675,1.0,0.0,False,518.560599999546,Optimization terminated successfully
Student Performance,5,42,10,300,0.0001,50,most_parsimonious,Unweighted k-means,Random 50% immutable,α = 1,1.0,439,2,4,True,7.0,6.0,0.2585584533986807,3.17549676153961,1.0,0.0,False,111.81709999982559,Optimization terminated successfully
Student Performance,5,42,10,300,0.0001,50,most_parsimonious,Unweighted k-means,Random 50% immutable,α < 1,0.890151690365568,439,2,4,True,7.0,6.0,0.3188476909201063,3.526338036247255,1.0,0.0,False,60.23339999956079,Optimization terminated successfully
Student Performance,5,42,10,300,0.0001,50,most_parsimonious,Unweighted k-means,Random 75% immutable,α = 1,1.0,439,2,4,True,8.0,6.0,0.5798515396158285,4.755440047463254,1.1808499221757303,0.18084992217573026,True,42.08960000050865,Optimization terminated successfully
Student Performance,5,42,10,300,0.0001,50,most_parsimonious,Unweighted k-means,Random 75% immutable,α < 1,0.890151690365568,439,2,4,True,8.0,6.0,0.7115062688402153,5.2677077068463465,1.0660160374489318,0.06601603744893181,True,214.23200000026554,Optimization terminated successfully
Student Performance,5,42,10,300,0.0001,50,most_parsimonious,Unweighted k-means,All features mutable,α = 1,1.0,261,2,1,True,22.0,13.0,0.23593834239663541,3.0334131524520003,1.2428362261992012,0.2428362261992012,True,807.2595000003275,Optimization terminated successfully
Student Performance,5,42,10,300,0.0001,50,most_parsimonious,Unweighted k-means,All features mutable,α < 1,0.9849107803895755,261,2,1,True,22.0,13.0,0.24253673561201833,3.0755377885613298,1.2258135384989939,0.22581353849899388,True,680.6950000000143,Optimization terminated successfully
Student Performance,5,42,10,300,0.0001,50,most_parsimonious,Unweighted k-means,Random 25% immutable,α = 1,1.0,261,2,1,True,15.0,11.0,0.237680206059014,3.0445899619327306,1.23372797261584,0.2337279726158401,True,436.83770000006916,Optimization terminated successfully
Student Performance,5,42,10,300,0.0001,50,most_parsimonious,Unweighted k-means,Random 25% immutable,α < 1,0.9849107803895755,261,2,1,True,15.0,11.0,0.24432731327846757,3.086869809023412,1.216830037902646,0.216830037902646,True,363.29029999978957,Optimization terminated successfully
Student Performance,5,42,10,300,0.0001,50,most_parsimonious,Unweighted k-means,Random 50% immutable,α = 1,1.0,261,2,1,False,,,,,,,False,474.6030000005703,No feasible counterfactual found.
Student Performance,5,42,10,300,0.0001,50,most_parsimonious,Unweighted k-means,Random 50% immutable,α < 1,0.9849107803895755,261,2,1,False,,,,,,,False,513.6471999994683,No feasible counterfactual found.
Student Performance,5,42,10,300,0.0001,50,most_parsimonious,Unweighted k-means,Random 75% immutable,α = 1,1.0,261,2,1,True,7.0,5.0,0.27131840731447676,3.2529091418704876,1.0807697166416843,0.08076971664168431,True,156.90670000003593,Optimization terminated successfully
Student Performance,5,42,10,300,0.0001,50,most_parsimonious,Unweighted k-means,Random 75% immutable,α < 1,0.9849107803895755,261,2,1,True,7.0,5.0,0.27890626064872853,3.2980818918426533,1.0659668055165359,0.06596680551653589,True,72.63719999991736,Optimization terminated successfully
Student Performance,5,42,10,300,0.0001,50,most_parsimonious,Unweighted k-means,All features mutable,α = 1,1.0,43,2,3,True,21.0,14.0,2.321291485474807,9.514744764496706,1.0,0.0,False,513.676999999916,Optimization terminated successfully
Student Performance,5,42,10,300,0.0001,50,most_parsimonious,Unweighted k-means,All features mutable,α < 1,0.9803072113728922,43,2,3,True,21.0,14.0,2.5511026104273116,9.974617877726704,1.0,0.0,False,536.579200000233,Optimization terminated successfully
Student Performance,5,42,10,300,0.0001,50,most_parsimonious,Unweighted k-means,Random 25% immutable,α = 1,1.0,43,2,3,True,17.0,10.0,0.2797341019573114,3.3029728997276298,1.0,0.0,False,311.2647999996625,Optimization terminated successfully
Student Performance,5,42,10,300,0.0001,50,most_parsimonious,Unweighted k-means,Random 25% immutable,α < 1,0.9803072113728922,43,2,3,True,17.0,10.0,0.2976892974773206,3.4073277801842754,1.0,0.0,False,441.61590000021533,Optimization terminated successfully
Student Performance,5,42,10,300,0.0001,50,most_parsimonious,Unweighted k-means,Random 50% immutable,α = 1,1.0,43,2,3,False,,,,,,,False,398.74820000022737,No feasible counterfactual found.
Student Performance,5,42,10,300,0.0001,50,most_parsimonious,Unweighted k-means,Random 50% immutable,α < 1,0.9803072113728922,43,2,3,False,,,,,,,False,306.71019999954297,No feasible counterfactual found.
Student Performance,5,42,10,300,0.0001,50,most_parsimonious,Unweighted k-means,Random 75% immutable,α = 1,1.0,43,2,3,False,,,,,,,False,159.3579000000318,No feasible counterfactual found.
Student Performance,5,42,10,300,0.0001,50,most_parsimonious,Unweighted k-means,Random 75% immutable,α < 1,0.9803072113728922,43,2,3,False,,,,,,,False,272.68980000008014,No feasible counterfactual found.
Student Performance,5,42,10,300,0.0001,50,most_parsimonious,Unweighted k-means,All features mutable,α = 1,1.0,483,3,2,True,20.0,15.0,1.691551725962484,8.122223667970296,1.0,0.0,False,810.3013999998439,Optimization terminated successfully
Student Performance,5,42,10,300,0.0001,50,most_parsimonious,Unweighted k-means,All features mutable,α < 1,0.9840515780810501,483,3,2,True,20.0,16.0,1.8118240529392604,8.40601796718465,1.0,0.0,False,879.9925000002986,Optimization terminated successfully
Student Performance,5,42,10,300,0.0001,50,most_parsimonious,Unweighted k-means,Random 25% immutable,α = 1,1.0,483,3,2,True,17.0,14.0,0.6255333278279543,4.939210441486597,1.0,0.0,False,420.53889999988314,Optimization terminated successfully
Student Performance,5,42,10,300,0.0001,50,most_parsimonious,Unweighted k-means,Random 25% immutable,α < 1,0.9840515780810501,483,3,2,True,17.0,14.0,0.6669699239018966,5.100179117655964,1.0,0.0,False,425.90649999965535,Optimization terminated successfully
Student Performance,5,42,10,300,0.0001,50,most_parsimonious,Unweighted k-means,Random 50% immutable,α = 1,1.0,483,3,2,True,12.0,10.0,0.14595980142294213,2.385881861177276,1.0000000000000004,4.440892098500626e-16,True,233.5732999999891,Optimization terminated successfully
Student Performance,5,42,10,300,0.0001,50,most_parsimonious,Unweighted k-means,Random 50% immutable,α < 1,0.9840515780810501,483,3,2,True,12.0,10.0,0.16234146062509905,2.516210834643803,1.0,0.0,False,300.10130000027857,Optimization terminated successfully
Student Performance,5,42,10,300,0.0001,50,most_parsimonious,Unweighted k-means,Random 75% immutable,α = 1,1.0,483,3,2,True,8.0,7.0,0.11095891273441923,2.0802397930628937,1.0553545975741867,0.055354597574186704,True,28.697900000224763,Optimization terminated successfully
Student Performance,5,42,10,300,0.0001,50,most_parsimonious,Unweighted k-means,Random 75% immutable,α < 1,0.9840515780810501,483,3,2,True,8.0,6.0,0.1161573250027594,2.12841153800378,1.0658949385973726,0.06589493859737261,True,30.980999999883352,Optimization terminated successfully
Student Performance,5,42,10,300,0.0001,50,most_parsimonious,Unweighted k-means,All features mutable,α = 1,1.0,321,2,3,True,24.0,14.0,0.07473160451159774,1.7072002155436576,1.2105843030955297,0.21058430309552967,True,991.7399000005389,Optimization terminated successfully
Student Performance,5,42,10,300,0.0001,50,most_parsimonious,Unweighted k-means,All features mutable,α < 1,0.9803072113728922,321,2,3,True,24.0,14.0,0.07884998610347621,1.7536104065714175,1.178545573962712,0.17854557396271198,True,700.7580999998027,Optimization terminated successfully
Student Performance,5,42,10,300,0.0001,50,most_parsimonious,Unweighted k-means,Random 25% immutable,α = 1,1.0,321,2,3,True,17.0,11.0,0.07523043539622531,1.7128884903731436,1.2025572768290862,0.2025572768290862,True,487.18449999978475,Optimization terminated successfully
Student Performance,5,42,10,300,0.0001,50,most_parsimonious,Unweighted k-means,Random 25% immutable,α < 1,0.9803072113728922,321,2,3,True,17.0,11.0,0.07937630704329719,1.7594533169961033,1.1707309867416593,0.17073098674165932,True,315.9295999994356,Optimization terminated successfully
Student Performance,5,42,10,300,0.0001,50,most_parsimonious,Unweighted k-means,Random 50% immutable,α = 1,1.0,321,2,3,True,12.0,7.0,0.06489326774072131,1.5908605978803207,1.4147540165033508,0.41475401650335075,True,187.5292000004265,Optimization terminated successfully
Student Performance,5,42,10,300,0.0001,50,most_parsimonious,Unweighted k-means,Random 50% immutable,α < 1,0.9803072113728922,321,2,3,True,12.0,7.0,0.06846946874760278,1.634108099593325,1.3773118321314395,0.3773118321314395,True,149.2072000000917,Optimization terminated successfully
Student Performance,5,42,10,300,0.0001,50,most_parsimonious,Unweighted k-means,Random 75% immutable,α = 1,1.0,321,2,3,True,5.0,3.0,0.07634578893288903,1.725539268861382,1.1849888368917858,0.1849888368917858,True,26.13999999994121,Optimization terminated successfully
Student Performance,5,42,10,300,0.0001,50,most_parsimonious,Unweighted k-means,Random 75% immutable,α < 1,0.9803072113728922,321,2,3,True,5.0,3.0,0.08055312656217634,1.7724480065505102,1.1536275046955515,0.15362750469555153,True,26.95430000039778,Optimization terminated successfully
Student Performance,5,42,10,300,0.0001,50,most_parsimonious,Unweighted k-means,All features mutable,α = 1,1.0,310,3,1,True,20.0,15.0,1.820969066566923,8.427205562706417,1.0,0.0,False,448.42940000035014,Optimization terminated successfully
Student Performance,5,42,10,300,0.0001,50,most_parsimonious,Unweighted k-means,All features mutable,α < 1,0.9849107803895755,310,3,1,True,20.0,15.0,1.992374692202498,8.81490856423919,1.0000000000000004,4.440892098500626e-16,True,676.0972000001857,Optimization terminated successfully
Student Performance,5,42,10,300,0.0001,50,most_parsimonious,Unweighted k-means,Random 25% immutable,α = 1,1.0,310,3,1,True,19.0,14.0,0.6596628262986428,5.072164254600502,1.0,0.0,False,462.4429000004966,Optimization terminated successfully
Student Performance,5,42,10,300,0.0001,50,most_parsimonious,Unweighted k-means,Random 25% immutable,α < 1,0.9849107803895755,310,3,1,True,19.0,14.0,0.6890119341713419,5.183769423178691,1.0,0.0,False,781.8407000004299,Optimization terminated successfully
Student Performance,5,42,10,300,0.0001,50,most_parsimonious,Unweighted k-means,Random 50% immutable,α = 1,1.0,310,3,1,False,,,,,,,False,254.0616999995109,No feasible counterfactual found.
Student Performance,5,42,10,300,0.0001,50,most_parsimonious,Unweighted k-means,Random 50% immutable,α < 1,0.9849107803895755,310,3,1,False,,,,,,,False,821.0562999993272,No feasible counterfactual found.
Student Performance,5,42,10,300,0.0001,50,most_parsimonious,Unweighted k-means,Random 75% immutable,α = 1,1.0,310,3,1,False,,,,,,,False,178.36520000037126,No feasible counterfactual found.
Student Performance,5,42,10,300,0.0001,50,most_parsimonious,Unweighted k-means,Random 75% immutable,α < 1,0.9849107803895755,310,3,1,False,,,,,,,False,83.87790000051609,No feasible counterfactual found.
Student Performance,5,42,10,300,0.0001,50,most_parsimonious,Unweighted k-means,All features mutable,α = 1,1.0,485,3,2,True,16.0,14.0,2.4139916912856862,9.702869470426867,1.0,0.0,False,359.84150000058435,Optimization terminated successfully
Student Performance,5,42,10,300,0.0001,50,most_parsimonious,Unweighted k-means,All features mutable,α < 1,0.9840515780810501,485,3,2,True,17.0,15.0,2.4920091734618133,9.858415580863424,1.0,0.0,False,416.0953000000518,Optimization terminated successfully
Student Performance,5,42,10,300,0.0001,50,most_parsimonious,Unweighted k-means,Random 25% immutable,α = 1,1.0,485,3,2,True,16.0,13.0,0.11915594443622501,2.155709125325765,1.0030232231616827,0.0030232231616826866,True,554.821499999889,Optimization terminated successfully
Student Performance,5,42,10,300,0.0001,50,most_parsimonious,Unweighted k-means,Random 25% immutable,α < 1,0.9840515780810501,485,3,2,True,16.0,13.0,0.12330963943997288,2.192960541860921,1.0,0.0,False,359.74259999966307,Optimization terminated successfully
Student Performance,5,42,10,300,0.0001,50,most_parsimonious,Unweighted k-means,Random 50% immutable,α = 1,1.0,485,3,2,True,14.0,10.0,0.1115361263397356,2.0856435283263743,1.0874076325534783,0.08740763255347828,True,259.4198000006145,Optimization terminated successfully
Student Performance,5,42,10,300,0.0001,50,most_parsimonious,Unweighted k-means,Random 50% immutable,α < 1,0.9840515780810501,485,3,2,True,14.0,10.0,0.11528466001349386,2.12040131591316,1.0695827598536465,0.06958275985364648,True,309.59640000037325,Optimization terminated successfully
Student Performance,5,42,10,300,0.0001,50,most_parsimonious,Unweighted k-means,Random 75% immutable,α = 1,1.0,485,3,2,False,,,,,,,False,172.86960000001272,No feasible counterfactual found.
Student Performance,5,42,10,300,0.0001,50,most_parsimonious,Unweighted k-means,Random 75% immutable,α < 1,0.9840515780810501,485,3,2,False,,,,,,,False,74.59930000004533,No feasible counterfactual found.
Student Performance,5,42,10,300,0.0001,50,most_parsimonious,Unweighted k-means,All features mutable,α = 1,1.0,122,4,1,True,22.0,17.0,0.5751446701436072,4.736099886573411,1.0,0.0,False,178.75269999967713,Optimization terminated successfully
Student Performance,5,42,10,300,0.0001,50,most_parsimonious,Unweighted k-means,All features mutable,α < 1,0.9849107803895755,122,4,1,True,22.0,17.0,0.6203726978328173,4.918794081426857,1.0,0.0,False,382.9753999998502,Optimization terminated successfully
Student Performance,5,42,10,300,0.0001,50,most_parsimonious,Unweighted k-means,Random 25% immutable,α = 1,1.0,122,4,1,True,17.0,14.0,0.6815243528300182,5.155526138074631,1.0,0.0,False,250.8748000000196,Optimization terminated successfully
Student Performance,5,42,10,300,0.0001,50,most_parsimonious,Unweighted k-means,Random 25% immutable,α < 1,0.9849107803895755,122,4,1,True,17.0,14.0,0.7502181328488389,5.409113345189276,1.0000000000000002,2.220446049250313e-16,True,283.01899999951274,Optimization terminated successfully
Student Performance,5,42,10,300,0.0001,50,most_parsimonious,Unweighted k-means,Random 50% immutable,α = 1,1.0,122,4,1,True,10.0,8.0,1.3616705069412265,7.287328026835887,1.0000000000000004,4.440892098500626e-16,True,112.5726999998733,Optimization terminated successfully
Student Performance,5,42,10,300,0.0001,50,most_parsimonious,Unweighted k-means,Random 50% immutable,α < 1,0.9849107803895755,122,4,1,True,10.0,8.0,1.585686644812379,7.863954421770437,1.0,0.0,False,116.06399999982386,Optimization terminated successfully
Student Performance,5,42,10,300,0.0001,50,most_parsimonious,Unweighted k-means,Random 75% immutable,α = 1,1.0,122,4,1,True,5.0,3.0,0.6437618878771597,5.010659999162708,1.0,0.0,False,17.208799999934854,Optimization terminated successfully
Student Performance,5,42,10,300,0.0001,50,most_parsimonious,Unweighted k-means,Random 75% immutable,α < 1,0.9849107803895755,122,4,1,True,5.0,3.0,0.6865946194237926,5.174668120520186,1.0,0.0,False,22.45519999996759,Optimization terminated successfully
Student Performance,5,42,10,300,0.0001,50,most_parsimonious,Unweighted k-means,All features mutable,α = 1,1.0,518,2,4,True,19.0,14.0,0.2042172473111879,2.8221397281382665,1.4958515388984646,0.49585153889846456,True,589.5577999999659,Optimization terminated successfully
Student Performance,5,42,10,300,0.0001,50,most_parsimonious,Unweighted k-means,All features mutable,α < 1,0.890151690365568,518,2,4,True,19.0,14.0,0.25532864911141967,3.155600943615236,1.3377806894426212,0.3377806894426212,True,561.6534000000684,Optimization terminated successfully
Student Performance,5,42,10,300,0.0001,50,most_parsimonious,Unweighted k-means,Random 25% immutable,α = 1,1.0,518,2,4,True,18.0,13.0,0.35297792876862083,3.710274817581066,1.0679641122891084,0.06796411228910837,True,641.6232000001401,Optimization terminated successfully
Student Performance,5,42,10,300,0.0001,50,most_parsimonious,Unweighted k-means,Random 25% immutable,α < 1,0.890151690365568,518,2,4,True,18.0,13.0,0.441540958930436,4.149710519817859,1.0,0.0,False,448.44150000062655,Optimization terminated successfully
Student Performance,5,42,10,300,0.0001,50,most_parsimonious,Unweighted k-means,Random 50% immutable,α = 1,1.0,518,2,4,True,12.0,9.0,0.4639545710093444,4.2537310997951465,1.3454745095396914,0.3454745095396914,True,517.8943999999319,Optimization terminated successfully
Student Performance,5,42,10,300,0.0001,50,most_parsimonious,Unweighted k-means,Random 50% immutable,α < 1,0.890151690365568,518,2,4,True,12.0,9.0,0.5800729146269064,4.756347723879042,1.2032944377759196,0.2032944377759196,True,252.6343999998062,Optimization terminated successfully
Student Performance,5,42,10,300,0.0001,50,most_parsimonious,Unweighted k-means,Random 75% immutable,α = 1,1.0,518,2,4,False,,,,,,,False,160.26830000009795,No feasible counterfactual found.
Student Performance,5,42,10,300,0.0001,50,most_parsimonious,Unweighted k-means,Random 75% immutable,α < 1,0.890151690365568,518,2,4,False,,,,,,,False,123.8007000001744,No feasible counterfactual found.
Student Performance,5,42,10,300,0.0001,50,most_parsimonious,Unweighted k-means,All features mutable,α = 1,1.0,351,0,2,True,14.0,12.0,2.0226298767296447,8.881585736368036,1.0,0.0,False,497.8891000000658,Optimization terminated successfully
Student Performance,5,42,10,300,0.0001,50,most_parsimonious,Unweighted k-means,All features mutable,α < 1,0.9840515780810501,351,0,2,True,14.0,12.0,2.160418836866117,9.179124938564598,1.0,0.0,False,340.78580000004877,Optimization terminated successfully
Student Performance,5,42,10,300,0.0001,50,most_parsimonious,Unweighted k-means,Random 25% immutable,α = 1,1.0,351,0,2,True,17.0,9.0,1.0012843088057009,6.2490069645842405,1.0,0.0,False,425.36010000003444,Optimization terminated successfully
Student Performance,5,42,10,300,0.0001,50,most_parsimonious,Unweighted k-means,Random 25% immutable,α < 1,0.9840515780810501,351,0,2,True,17.0,9.0,1.046829981047198,6.389551569620572,1.0,0.0,False,527.9525000005378,Optimization terminated successfully
Student Performance,5,42,10,300,0.0001,50,most_parsimonious,Unweighted k-means,Random 50% immutable,α = 1,1.0,351,0,2,True,16.0,8.0,0.5470619964326197,4.61902780473036,1.0,0.0,False,344.65069999987463,Optimization terminated successfully
Student Performance,5,42,10,300,0.0001,50,most_parsimonious,Unweighted k-means,Random 50% immutable,α < 1,0.9840515780810501,351,0,2,True,16.0,8.0,0.5616746623409061,4.680311082748169,1.0,0.0,False,186.4316000001054,Optimization terminated successfully
Student Performance,5,42,10,300,0.0001,50,most_parsimonious,Unweighted k-means,Random 75% immutable,α = 1,1.0,351,0,2,False,,,,,,,False,46.61050000049727,No feasible counterfactual found.
Student Performance,5,42,10,300,0.0001,50,most_parsimonious,Unweighted k-means,Random 75% immutable,α < 1,0.9840515780810501,351,0,2,False,,,,,,,False,127.87479999951756,No feasible counterfactual found.
Student Performance,5,42,10,300,0.0001,50,most_parsimonious,Unweighted k-means,All features mutable,α = 1,1.0,515,3,4,True,19.0,15.0,0.26886074871344706,3.2381428627879334,1.3629454837371184,0.36294548373711844,True,545.0909000001047,Optimization terminated successfully
Student Performance,5,42,10,300,0.0001,50,most_parsimonious,Unweighted k-means,All features mutable,α < 1,0.890151690365568,515,3,4,True,19.0,15.0,0.323899744283904,3.5541651659809306,1.2417577644141558,0.24175776441415575,True,381.24969999989844,Optimization terminated successfully
Student Performance,5,42,10,300,0.0001,50,most_parsimonious,Unweighted k-means,Random 25% immutable,α = 1,1.0,515,3,4,True,15.0,13.0,0.27150543101990865,3.2540300874110613,1.3496692940286072,0.34966929402860725,True,218.8028000000486,Optimization terminated successfully
Student Performance,5,42,10,300,0.0001,50,most_parsimonious,Unweighted k-means,Random 25% immutable,α < 1,0.890151690365568,515,3,4,True,15.0,13.0,0.32708582453873525,3.5716028834419253,1.2296620406423628,0.22966204064236284,True,266.4485000004788,Optimization terminated successfully
Student Performance,5,42,10,300,0.0001,50,most_parsimonious,Unweighted k-means,Random 50% immutable,α = 1,1.0,515,3,4,True,13.0,10.0,0.5252994827844044,4.526221363189363,1.2412381315901555,0.2412381315901555,True,154.32679999958054,Optimization terminated successfully
Student Performance,5,42,10,300,0.0001,50,most_parsimonious,Unweighted k-means,Random 50% immutable,α < 1,0.890151690365568,515,3,4,True,13.0,10.0,0.6328345396660204,4.9679519972494495,1.1308721466770248,0.13087214667702485,True,85.61579999968671,Optimization terminated successfully
Student Performance,5,42,10,300,0.0001,50,most_parsimonious,Unweighted k-means,Random 75% immutable,α = 1,1.0,515,3,4,False,,,,,,,False,180.68099999982223,No feasible counterfactual found.
Student Performance,5,42,10,300,0.0001,50,most_parsimonious,Unweighted k-means,Random 75% immutable,α < 1,0.890151690365568,515,3,4,False,,,,,,,False,180.82229999981791,No feasible counterfactual found.
Student Performance,5,42,10,300,0.0001,50,most_parsimonious,Unweighted k-means,All features mutable,α = 1,1.0,105,4,3,True,2.0,2.0,0.9992789710892994,6.242746180366672,1.0,0.0,False,13.755099999798404,Optimization terminated successfully
Student Performance,5,42,10,300,0.0001,50,most_parsimonious,Unweighted k-means,All features mutable,α < 1,0.9803072113728922,105,4,3,True,3.0,3.0,0.264955496763124,3.2145395274847433,1.0991118016345762,0.09911180163457622,True,13.346099999580474,Optimization terminated successfully
Student Performance,5,42,10,300,0.0001,50,most_parsimonious,Unweighted k-means,Random 25% immutable,α = 1,1.0,105,4,3,True,3.0,3.0,0.6373640191770275,4.985699223569757,1.0,0.0,False,24.18870000019524,Optimization terminated successfully
Student Performance,5,42,10,300,0.0001,50,most_parsimonious,Unweighted k-means,Random 25% immutable,α < 1,0.9803072113728922,105,4,3,True,3.0,3.0,0.7237914970500243,5.312990531231065,1.0000000000000002,2.220446049250313e-16,True,9.919400000399037,Optimization terminated successfully
Student Performance,5,42,10,300,0.0001,50,most_parsimonious,Unweighted k-means,Random 50% immutable,α = 1,1.0,105,4,3,True,2.0,2.0,0.9992789710892994,6.242746180366672,1.0,0.0,False,14.992700000220793,Optimization terminated successfully
Student Performance,5,42,10,300,0.0001,50,most_parsimonious,Unweighted k-means,Random 50% immutable,α < 1,0.9803072113728922,105,4,3,True,3.0,3.0,0.264955496763124,3.2145395274847433,1.0991118016345762,0.09911180163457622,True,14.11759999973583,Optimization terminated successfully
Student Performance,5,42,10,300,0.0001,50,most_parsimonious,Unweighted k-means,Random 75% immutable,α = 1,1.0,105,4,3,True,6.0,5.0,0.13201710373946393,2.2690674396850996,2.4231226257539147,1.4231226257539147,True,43.89979999996285,Optimization terminated successfully
Student Performance,5,42,10,300,0.0001,50,most_parsimonious,Unweighted k-means,Random 75% immutable,α < 1,0.9803072113728922,105,4,3,True,6.0,5.0,0.143001132653134,2.3615766287529665,2.3282025174373753,1.3282025174373753,True,47.066199999790115,Optimization terminated successfully
Student Performance,5,42,10,300,0.0001,50,most_parsimonious,Unweighted k-means,All features mutable,α = 1,1.0,423,0,4,True,17.0,14.0,1.4432068358121577,7.502337408879592,1.0,0.0,False,427.9997999992702,Optimization terminated successfully
Student Performance,5,42,10,300,0.0001,50,most_parsimonious,Unweighted k-means,All features mutable,α < 1,0.890151690365568,423,0,4,True,19.0,14.0,0.20655084578091493,2.8382182765699473,1.0853756352482908,0.08537563524829084,True,503.5155000005034,Optimization terminated successfully
Student Performance,5,42,10,300,0.0001,50,most_parsimonious,Unweighted k-means,Random 25% immutable,α = 1,1.0,423,0,4,True,15.0,11.0,0.1778969146903304,2.634004493717292,1.114704277476228,0.11470427747622791,True,209.50859999993554,Optimization terminated successfully
Student Performance,5,42,10,300,0.0001,50,most_parsimonious,Unweighted k-means,Random 25% immutable,α < 1,0.890151690365568,423,0,4,True,15.0,11.0,0.2355105694445758,3.030662008264606,1.0,0.0,False,284.489399999984,Optimization terminated successfully
Student Performance,5,42,10,300,0.0001,50,most_parsimonious,Unweighted k-means,Random 50% immutable,α = 1,1.0,423,0,4,True,11.0,7.0,0.4638364373573719,4.253189515756088,1.3469395353625515,0.3469395353625515,True,166.17300000052637,Optimization terminated successfully
Student Performance,5,42,10,300,0.0001,50,most_parsimonious,Unweighted k-means,Random 50% immutable,α < 1,0.890151690365568,423,0,4,True,11.0,6.0,0.6707890888559506,5.114760450439695,1.146171974724594,0.14617197472459398,True,207.0651000003636,Optimization terminated successfully
Student Performance,5,42,10,300,0.0001,50,most_parsimonious,Unweighted k-means,Random 75% immutable,α = 1,1.0,423,0,4,True,7.0,5.0,0.3487640249323801,3.6880614111430985,1.0,0.0,False,165.58729999997013,Optimization terminated successfully
Student Performance,5,42,10,300,0.0001,50,most_parsimonious,Unweighted k-means,Random 75% immutable,α < 1,0.890151690365568,423,0,4,True,7.0,5.0,0.5086280273257134,4.453817807870325,1.0,0.0,False,110.8645999993314,Optimization terminated successfully
Student Performance,5,42,10,300,0.0001,50,most_parsimonious,Unweighted k-means,All features mutable,α = 1,1.0,562,2,0,True,6.0,6.0,0.6544436748026177,5.052059314507511,1.119225496439973,0.11922549643997304,True,106.85499999999593,Optimization terminated successfully
Student Performance,5,42,10,300,0.0001,50,most_parsimonious,Unweighted k-means,All features mutable,α < 1,0.9546250367985473,562,2,0,True,6.0,6.0,0.7095678402898573,5.260527138158726,1.0748720515954773,0.07487205159547727,True,84.61029999944003,Optimization terminated successfully
Student Performance,5,42,10,300,0.0001,50,most_parsimonious,Unweighted k-means,Random 25% immutable,α = 1,1.0,562,2,0,True,6.0,6.0,1.1638445443704621,6.737205446655759,1.0,0.0,False,170.2476000000388,Optimization terminated successfully
Student Performance,5,42,10,300,0.0001,50,most_parsimonious,Unweighted k-means,Random 25% immutable,α < 1,0.9546250367985473,562,2,0,True,6.0,6.0,1.2908450757971273,7.095277158511003,1.0,0.0,False,64.52880000051664,Optimization terminated successfully
Student Performance,5,42,10,300,0.0001,50,most_parsimonious,Unweighted k-means,Random 50% immutable,α = 1,1.0,562,2,0,True,3.0,3.0,0.7532104429658222,5.419889968963122,1.2509557931800523,0.25095579318005234,True,10.494699999981094,Optimization terminated successfully
Student Performance,5,42,10,300,0.0001,50,most_parsimonious,Unweighted k-means,Random 50% immutable,α < 1,0.9546250367985473,562,2,0,True,3.0,3.0,0.8166537898929465,5.643535931118444,1.2013820371025814,0.2013820371025814,True,21.65469999999914,Optimization terminated successfully
Student Performance,5,42,10,300,0.0001,50,most_parsimonious,Unweighted k-means,Random 75% immutable,α = 1,1.0,562,2,0,True,6.0,5.0,1.28543923414719,7.080404658756476,1.0,0.0,False,38.82359999988694,Optimization terminated successfully
Student Performance,5,42,10,300,0.0001,50,most_parsimonious,Unweighted k-means,Random 75% immutable,α < 1,0.9546250367985473,562,2,0,False,,,,,,,False,117.61750000005122,No feasible counterfactual found.
Student Performance,5,42,10,300,0.0001,50,most_parsimonious,Unweighted k-means,All features mutable,α = 1,1.0,646,3,2,True,20.0,13.0,2.075629730085681,8.99719731212679,1.0,0.0,False,406.76269999949,Optimization terminated successfully
Student Performance,5,42,10,300,0.0001,50,most_parsimonious,Unweighted k-means,All features mutable,α < 1,0.9840515780810501,646,3,2,True,20.0,13.0,2.2987288593783446,9.46839086200794,1.0,0.0,False,359.33729999942443,Optimization terminated successfully
Student Performance,5,42,10,300,0.0001,50,most_parsimonious,Unweighted k-means,Random 25% immutable,α = 1,1.0,646,3,2,True,20.0,13.0,0.1492996747093696,2.4130245157613746,1.0,0.0,False,364.58109999966837,Optimization terminated successfully
Student Performance,5,42,10,300,0.0001,50,most_parsimonious,Unweighted k-means,Random 25% immutable,α < 1,0.9840515780810501,646,3,2,True,20.0,13.0,0.15433960763202895,2.4534149053205674,1.0,0.0,False,368.55949999971926,Optimization terminated successfully
Student Performance,5,42,10,300,0.0001,50,most_parsimonious,Unweighted k-means,Random 50% immutable,α = 1,1.0,646,3,2,True,10.0,7.0,0.28737201655385464,3.3477617366832324,1.0,0.0,False,104.1479999994408,Optimization terminated successfully
Student Performance,5,42,10,300,0.0001,50,most_parsimonious,Unweighted k-means,Random 50% immutable,α < 1,0.9840515780810501,646,3,2,True,10.0,7.0,0.3149913686866765,3.5049484131411095,1.0,0.0,False,48.01769999994576,Optimization terminated successfully
Student Performance,5,42,10,300,0.0001,50,most_parsimonious,Unweighted k-means,Random 75% immutable,α = 1,1.0,646,3,2,True,7.0,5.0,0.3110571116143797,3.4829911502845956,1.0,0.0,False,79.32729999993171,Optimization terminated successfully
Student Performance,5,42,10,300,0.0001,50,most_parsimonious,Unweighted k-means,Random 75% immutable,α < 1,0.9840515780810501,646,3,2,True,7.0,5.0,0.34728872581570314,3.680252750398051,1.0,0.0,False,40.11160000027303,Optimization terminated successfully
Student Performance,5,42,10,300,0.0001,50,most_parsimonious,Unweighted k-means,All features mutable,α = 1,1.0,264,3,1,True,22.0,16.0,0.2821140512124278,3.31699381930155,1.208941108370716,0.208941108370716,True,941.609000000426,Optimization terminated successfully
Student Performance,5,42,10,300,0.0001,50,most_parsimonious,Unweighted k-means,All features mutable,α < 1,0.9849107803895755,264,3,1,True,22.0,16.0,0.2885584188138902,3.354665159705469,1.1953652599347717,0.19536525993477172,True,505.23840000005293,Optimization terminated successfully
Student Performance,5,42,10,300,0.0001,50,most_parsimonious,Unweighted k-means,Random 25% immutable,α = 1,1.0,264,3,1,True,18.0,13.0,1.7865768181041533,8.347244809280603,1.0,0.0,False,578.8604999997915,Optimization terminated successfully
Student Performance,5,42,10,300,0.0001,50,most_parsimonious,Unweighted k-means,Random 25% immutable,α < 1,0.9849107803895755,264,3,1,True,18.0,13.0,1.9503113284933349,8.721361236139693,1.0,0.0,False,264.31050000064715,Optimization terminated successfully
Student Performance,5,42,10,300,0.0001,50,most_parsimonious,Unweighted k-means,Random 50% immutable,α = 1,1.0,264,3,1,True,11.0,8.0,0.37746576868929715,3.836817037452084,1.0000000000000002,2.220446049250313e-16,True,159.992400000192,Optimization terminated successfully
Student Performance,5,42,10,300,0.0001,50,most_parsimonious,Unweighted k-means,Random 50% immutable,α < 1,0.9849107803895755,264,3,1,True,11.0,8.0,0.39472378843339884,3.923547852250888,1.0,0.0,False,303.72669999997015,Optimization terminated successfully
Student Performance,5,42,10,300,0.0001,50,most_parsimonious,Unweighted k-means,Random 75% immutable,α = 1,1.0,264,3,1,True,8.0,6.0,0.9097106154650167,5.956401094884028,1.0,0.0,False,130.02479999977368,Optimization terminated successfully
Student Performance,5,42,10,300,0.0001,50,most_parsimonious,Unweighted k-means,Random 75% immutable,α < 1,0.9849107803895755,264,3,1,False,,,,,,,False,177.1413999995275,No feasible counterfactual found.
Student Performance,5,42,10,300,0.0001,50,most_parsimonious,Unweighted k-means,All features mutable,α = 1,1.0,58,3,0,True,6.0,6.0,0.5943642076698835,4.814582442863084,1.1055304615458774,0.10553046154587742,True,55.92160000014701,Optimization terminated successfully
Student Performance,5,42,10,300,0.0001,50,most_parsimonious,Unweighted k-means,All features mutable,α < 1,0.9546250367985473,58,3,0,True,6.0,6.0,0.6345669307575518,4.9747472598660245,1.0699371804571962,0.06993718045719621,True,102.29720000006637,Optimization terminated successfully
Student Performance,5,42,10,300,0.0001,50,most_parsimonious,Unweighted k-means,Random 25% immutable,α = 1,1.0,58,3,0,True,5.0,5.0,1.0933109291526795,6.529864182121592,1.0,0.0,False,49.43840000032651,Optimization terminated successfully
Student Performance,5,42,10,300,0.0001,50,most_parsimonious,Unweighted k-means,Random 25% immutable,α < 1,0.9546250367985473,58,3,0,True,5.0,5.0,1.2750948407869733,7.051857825473509,1.0,0.0,False,54.86469999959809,Optimization terminated successfully
Student Performance,5,42,10,300,0.0001,50,most_parsimonious,Unweighted k-means,Random 50% immutable,α = 1,1.0,58,3,0,True,5.0,5.0,1.0286238024610652,6.333745202957058,1.0,0.0,False,73.49470000008296,Optimization terminated successfully
Student Performance,5,42,10,300,0.0001,50,most_parsimonious,Unweighted k-means,Random 50% immutable,α < 1,0.9546250367985473,58,3,0,True,5.0,5.0,1.0982483777208765,6.544592174544888,1.0,0.0,False,41.06249999949796,Optimization terminated successfully
Student Performance,5,42,10,300,0.0001,50,most_parsimonious,Unweighted k-means,Random 75% immutable,α = 1,1.0,58,3,0,False,,,,,,,False,53.1143999996857,No feasible counterfactual found.
Student Performance,5,42,10,300,0.0001,50,most_parsimonious,Unweighted k-means,Random 75% immutable,α < 1,0.9546250367985473,58,3,0,False,,,,,,,False,254.38230000054318,No feasible counterfactual found.
Student Performance,5,42,10,300,0.0001,50,most_parsimonious,Unweighted k-means,All features mutable,α = 1,1.0,519,2,0,True,6.0,6.0,0.9424787975272084,6.062728189813653,1.0,0.0,False,101.3316999997187,Optimization terminated successfully
Student Performance,5,42,10,300,0.0001,50,most_parsimonious,Unweighted k-means,All features mutable,α < 1,0.9546250367985473,519,2,0,True,6.0,6.0,1.0099590467400417,6.276018070628989,1.0,0.0,False,48.512100000152714,Optimization terminated successfully
Student Performance,5,42,10,300,0.0001,50,most_parsimonious,Unweighted k-means,Random 25% immutable,α = 1,1.0,519,2,0,True,7.0,7.0,1.7332519953294225,8.221729004160105,1.0,0.0,False,67.86680000004708,Optimization terminated successfully
Student Performance,5,42,10,300,0.0001,50,most_parsimonious,Unweighted k-means,Random 25% immutable,α < 1,0.9546250367985473,519,2,0,True,8.0,8.0,1.8202642964282505,8.425574613087335,1.0000000000000002,2.220446049250313e-16,True,149.65920000031474,Optimization terminated successfully
Student Performance,5,42,10,300,0.0001,50,most_parsimonious,Unweighted k-means,Random 50% immutable,α = 1,1.0,519,2,0,True,13.0,9.0,1.2451775902188915,6.9686387493209,1.0,0.0,False,300.6619999996474,Optimization terminated successfully
Student Performance,5,42,10,300,0.0001,50,most_parsimonious,Unweighted k-means,Random 50% immutable,α < 1,0.9546250367985473,519,2,0,True,13.0,9.0,1.3882318709319212,7.358059728375744,1.0000000000000002,2.220446049250313e-16,True,211.42319999944448,Optimization terminated successfully
Student Performance,5,42,10,300,0.0001,50,most_parsimonious,Unweighted k-means,Random 75% immutable,α = 1,1.0,519,2,0,True,3.0,3.0,1.0433515412272951,6.378927034217002,1.0,0.0,False,6.710499999826425,Optimization terminated successfully
Student Performance,5,42,10,300,0.0001,50,most_parsimonious,Unweighted k-means,Random 75% immutable,α < 1,0.9546250367985473,519,2,0,True,3.0,3.0,1.1172282782741965,6.600901669673141,1.0,0.0,False,14.599899999666377,Optimization terminated successfully
Student Performance,5,42,10,300,0.0001,50,most_parsimonious,Unweighted k-means,All features mutable,α = 1,1.0,577,0,1,True,22.0,17.0,0.6633597894685561,5.0863574185534475,1.0000000000000002,2.220446049250313e-16,True,705.1925999994637,Optimization terminated successfully
Student Performance,5,42,10,300,0.0001,50,most_parsimonious,Unweighted k-means,All features mutable,α < 1,0.9849107803895755,577,0,1,True,22.0,17.0,0.6782489975015946,5.143122680100309,1.0000000000000002,2.220446049250313e-16,True,949.7369999999137,Optimization terminated successfully
Student Performance,5,42,10,300,0.0001,50,most_parsimonious,Unweighted k-means,Random 25% immutable,α = 1,1.0,577,0,1,True,19.0,15.0,0.6844171616232497,5.166456164849049,1.0000000000000002,2.220446049250313e-16,True,397.4844000003941,Optimization terminated successfully
Student Performance,5,42,10,300,0.0001,50,most_parsimonious,Unweighted k-means,Random 25% immutable,α < 1,0.9849107803895755,577,0,1,True,19.0,15.0,0.6998374225703206,5.224333400563415,1.0,0.0,False,642.1539000002667,Optimization terminated successfully
Student Performance,5,42,10,300,0.0001,50,most_parsimonious,Unweighted k-means,Random 50% immutable,α = 1,1.0,577,0,1,True,11.0,8.0,0.7818712704183253,5.522044870001935,1.0000000000000002,2.220446049250313e-16,True,114.80309999933525,Optimization terminated successfully
Student Performance,5,42,10,300,0.0001,50,most_parsimonious,Unweighted k-means,Random 50% immutable,α < 1,0.9849107803895755,577,0,1,True,11.0,8.0,0.8006209008591146,5.587863199247586,1.0,0.0,False,441.6227000001527,Optimization terminated successfully
Student Performance,5,42,10,300,0.0001,50,most_parsimonious,Unweighted k-means,Random 75% immutable,α = 1,1.0,577,0,1,False,,,,,,,False,155.82810000069003,No feasible counterfactual found.
Student Performance,5,42,10,300,0.0001,50,most_parsimonious,Unweighted k-means,Random 75% immutable,α < 1,0.9849107803895755,577,0,1,False,,,,,,,False,180.4509000003236,No feasible counterfactual found.
Student Performance,5,42,10,300,0.0001,50,most_parsimonious,Unweighted k-means,All features mutable,α = 1,1.0,403,3,0,True,4.0,4.0,0.6437639229771062,5.010667919160792,1.0,0.0,False,53.820299999642884,Optimization terminated successfully
Student Performance,5,42,10,300,0.0001,50,most_parsimonious,Unweighted k-means,All features mutable,α < 1,0.9546250367985473,403,3,0,True,5.0,5.0,0.6048088759517654,4.856701160470845,1.0,0.0,False,109.38259999966249,Optimization terminated successfully
Student Performance,5,42,10,300,0.0001,50,most_parsimonious,Unweighted k-means,Random 25% immutable,α = 1,1.0,403,3,0,True,4.0,4.0,0.6437639229771062,5.010667919160792,1.0,0.0,False,55.03850000059174,Optimization terminated successfully
Student Performance,5,42,10,300,0.0001,50,most_parsimonious,Unweighted k-means,Random 25% immutable,α < 1,0.9546250367985473,403,3,0,True,5.0,5.0,0.6048088759517654,4.856701160470845,1.0,0.0,False,111.3976000006005,Optimization terminated successfully
Student Performance,5,42,10,300,0.0001,50,most_parsimonious,Unweighted k-means,Random 50% immutable,α = 1,1.0,403,3,0,True,3.0,3.0,0.25218523427723183,3.136116091092937,1.6589309597828676,0.6589309597828676,True,37.24369999963528,Optimization terminated successfully
Student Performance,5,42,10,300,0.0001,50,most_parsimonious,Unweighted k-means,Random 50% immutable,α < 1,0.9546250367985473,403,3,0,True,3.0,3.0,0.27922691824342577,3.299977244087238,1.5765563518208967,0.5765563518208967,True,17.02949999980774,Optimization terminated successfully
Student Performance,5,42,10,300,0.0001,50,most_parsimonious,Unweighted k-means,Random 75% immutable,α = 1,1.0,403,3,0,True,3.0,3.0,0.3912377604173843,3.906183899444314,1.069318818470071,0.06931881847007104,True,13.76669999990554,Optimization terminated successfully
Student Performance,5,42,10,300,0.0001,50,most_parsimonious,Unweighted k-means,Random 75% immutable,α < 1,0.9546250367985473,403,3,0,True,3.0,3.0,0.43318997028078154,4.110280871297055,1.01622154229225,0.016221542292250035,True,10.890499999732128,Optimization terminated successfully
Student Performance,5,42,10,300,0.0001,50,most_parsimonious,Unweighted k-means,All features mutable,α = 1,1.0,394,3,2,True,21.0,18.0,1.3058383177044681,7.136364227705467,1.0,0.0,False,416.5205999997852,Optimization terminated successfully
Student Performance,5,42,10,300,0.0001,50,most_parsimonious,Unweighted k-means,All features mutable,α < 1,0.9840515780810501,394,3,2,True,21.0,18.0,1.3561426629616422,7.272521148508545,1.0,0.0,False,274.1792999995596,Optimization terminated successfully
Student Performance,5,42,10,300,0.0001,50,most_parsimonious,Unweighted k-means,Random 25% immutable,α = 1,1.0,394,3,2,True,19.0,16.0,0.3622343197762208,3.7586085818122394,1.0,0.0,False,353.3889000000272,Optimization terminated successfully
Student Performance,5,42,10,300,0.0001,50,most_parsimonious,Unweighted k-means,Random 25% immutable,α < 1,0.9840515780810501,394,3,2,True,19.0,16.0,0.3766384439525896,3.832609987221632,1.0,0.0,False,341.96910000082426,Optimization terminated successfully
Student Performance,5,42,10,300,0.0001,50,most_parsimonious,Unweighted k-means,Random 50% immutable,α = 1,1.0,394,3,2,True,12.0,10.0,0.4191006476391874,4.042885758703591,1.0,0.0,False,283.86570000020583,Optimization terminated successfully
Student Performance,5,42,10,300,0.0001,50,most_parsimonious,Unweighted k-means,Random 50% immutable,α < 1,0.9840515780810501,394,3,2,True,12.0,10.0,0.4380151182774008,4.133108952449551,1.0,0.0,False,318.17039999987173,Optimization terminated successfully
Student Performance,5,42,10,300,0.0001,50,most_parsimonious,Unweighted k-means,Random 75% immutable,α = 1,1.0,394,3,2,True,6.0,5.0,0.8257959318444748,5.675036681990216,1.0000000000000002,2.220446049250313e-16,True,29.81790000012552,Optimization terminated successfully
Student Performance,5,42,10,300,0.0001,50,most_parsimonious,Unweighted k-means,Random 75% immutable,α < 1,0.9840515780810501,394,3,2,True,6.0,5.0,0.9204814397326112,5.9915587412268465,1.0,0.0,False,27.48370000063005,Optimization terminated successfully
Student Performance,5,42,10,300,0.0001,50,most_parsimonious,Unweighted k-means,All features mutable,α = 1,1.0,450,2,1,True,22.0,16.0,0.21074864912088762,2.866914249801451,1.0021480352525018,0.0021480352525018453,True,743.415200000527,Optimization terminated successfully
Student Performance,5,42,10,300,0.0001,50,most_parsimonious,Unweighted k-means,All features mutable,α < 1,0.9849107803895755,450,2,1,True,22.0,16.0,0.21677740130163947,2.9076311063757627,1.0,0.0,False,1194.8424000001978,Optimization terminated successfully
Student Performance,5,42,10,300,0.0001,50,most_parsimonious,Unweighted k-means,Random 25% immutable,α = 1,1.0,450,2,1,True,15.0,10.0,0.24717107110733136,3.104782081432757,1.1606566295344014,0.1606566295344014,True,481.46970000016154,Optimization terminated successfully
Student Performance,5,42,10,300,0.0001,50,most_parsimonious,Unweighted k-means,Random 25% immutable,α < 1,0.9849107803895755,450,2,1,True,15.0,10.0,0.25423773822122764,3.148852456154127,1.1444124594470875,0.14441245944708747,True,271.7830999999933,Optimization terminated successfully
Student Performance,5,42,10,300,0.0001,50,most_parsimonious,Unweighted k-means,Random 50% immutable,α = 1,1.0,450,2,1,True,13.0,9.0,0.21409282296786428,2.8895709189681966,1.0000000000000002,2.220446049250313e-16,True,326.7966000003071,Optimization terminated successfully
Student Performance,5,42,10,300,0.0001,50,most_parsimonious,Unweighted k-means,Random 50% immutable,α < 1,0.9849107803895755,450,2,1,True,13.0,9.0,0.22022784032458692,2.9306800870546907,1.0,0.0,False,173.83700000027602,Optimization terminated successfully
Student Performance,5,42,10,300,0.0001,50,most_parsimonious,Unweighted k-means,Random 75% immutable,α = 1,1.0,450,2,1,False,,,,,,,False,147.2462000001542,No feasible counterfactual found.
Student Performance,5,42,10,300,0.0001,50,most_parsimonious,Unweighted k-means,Random 75% immutable,α < 1,0.9849107803895755,450,2,1,False,,,,,,,False,138.13389999995707,No feasible counterfactual found.
Student Performance,5,42,10,300,0.0001,50,most_parsimonious,Unweighted k-means,All features mutable,α = 1,1.0,283,0,1,True,22.0,13.0,0.10145948232557536,1.9892007969778815,1.0288338938728183,0.028833893872818317,True,903.3732999996573,Optimization terminated successfully
Student Performance,5,42,10,300,0.0001,50,most_parsimonious,Unweighted k-means,All features mutable,α < 1,0.9849107803895755,283,0,1,True,22.0,13.0,0.10723335816557765,2.0450185741106433,1.005345293410499,0.005345293410498941,True,1049.326800000017,Optimization terminated successfully
Student Performance,5,42,10,300,0.0001,50,most_parsimonious,Unweighted k-means,Random 25% immutable,α = 1,1.0,283,0,1,True,18.0,12.0,0.11940596579005189,2.1579695701774906,1.0,0.0,False,525.3513999996358,Optimization terminated successfully
Student Performance,5,42,10,300,0.0001,50,most_parsimonious,Unweighted k-means,Random 25% immutable,α < 1,0.9849107803895755,283,0,1,True,18.0,12.0,0.12626271818931212,2.219064219301274,1.0,0.0,False,694.7875000005297,Optimization terminated successfully
Student Performance,5,42,10,300,0.0001,50,most_parsimonious,Unweighted k-means,Random 50% immutable,α = 1,1.0,283,0,1,True,11.0,7.0,0.13265780126845647,2.2745668267759913,1.0,0.0,False,239.0017000006992,Optimization terminated successfully
Student Performance,5,42,10,300,0.0001,50,most_parsimonious,Unweighted k-means,Random 50% immutable,α < 1,0.9849107803895755,283,0,1,True,11.0,7.0,0.14132439159140583,2.347690625287929,1.0,0.0,False,165.85529999974824,Optimization terminated successfully
Student Performance,5,42,10,300,0.0001,50,most_parsimonious,Unweighted k-means,Random 75% immutable,α = 1,1.0,283,0,1,False,,,,,,,False,259.4894000003478,No feasible counterfactual found.
Student Performance,5,42,10,300,0.0001,50,most_parsimonious,Unweighted k-means,Random 75% immutable,α < 1,0.9849107803895755,283,0,1,False,,,,,,,False,183.78910000046744,No feasible counterfactual found.
Student Performance,5,42,10,300,0.0001,50,most_parsimonious,Unweighted k-means,All features mutable,α = 1,1.0,596,3,0,True,6.0,6.0,0.4819837324045275,4.335592873388434,1.2276677385975374,0.22766773859753742,True,56.829799999832176,Optimization terminated successfully
Student Performance,5,42,10,300,0.0001,50,most_parsimonious,Unweighted k-means,All features mutable,α < 1,0.9546250367985473,596,3,0,True,6.0,6.0,0.5182522361721267,4.495757690391348,1.183931128428421,0.18393112842842108,True,36.0993000003873,Optimization terminated successfully
Student Performance,5,42,10,300,0.0001,50,most_parsimonious,Unweighted k-means,Random 25% immutable,α = 1,1.0,596,3,0,True,5.0,5.0,0.7586588972627741,5.439457417173903,1.0,0.0,False,108.63509999944654,Optimization terminated successfully
Student Performance,5,42,10,300,0.0001,50,most_parsimonious,Unweighted k-means,Random 25% immutable,α < 1,0.9546250367985473,596,3,0,True,5.0,5.0,0.835131014369543,5.7070228280962905,1.0,0.0,False,73.7198000006174,Optimization terminated successfully
Student Performance,5,42,10,300,0.0001,50,most_parsimonious,Unweighted k-means,Random 50% immutable,α = 1,1.0,596,3,0,True,4.0,4.0,0.7793534005653882,5.5131463450601546,1.0,0.0,False,75.60990000001766,Optimization terminated successfully
Student Performance,5,42,10,300,0.0001,50,most_parsimonious,Unweighted k-means,Random 50% immutable,α < 1,0.9546250367985473,596,3,0,True,4.0,4.0,0.880324539769056,5.859407568260906,1.0,0.0,False,31.65770000032353,Optimization terminated successfully
Student Performance,5,42,10,300,0.0001,50,most_parsimonious,Unweighted k-means,Random 75% immutable,α = 1,1.0,596,3,0,True,9.0,8.0,0.6024397144172493,4.847179474939289,1.0000000000000002,2.220446049250313e-16,True,71.270800000093,Optimization terminated successfully
Student Performance,5,42,10,300,0.0001,50,most_parsimonious,Unweighted k-means,Random 75% immutable,α < 1,0.9546250367985473,596,3,0,True,9.0,8.0,0.6669425180882925,5.100074333325291,1.0,0.0,False,135.9550000006493,Optimization terminated successfully
Student Performance,5,42,10,300,0.0001,50,most_parsimonious,Unweighted k-means,All features mutable,α = 1,1.0,440,2,0,True,4.0,4.0,0.7550974652548397,5.426674962160416,1.0,0.0,False,41.53229999974428,Optimization terminated successfully
Student Performance,5,42,10,300,0.0001,50,most_parsimonious,Unweighted k-means,All features mutable,α < 1,0.9546250367985473,440,2,0,True,5.0,5.0,0.7668235451563636,5.468648668647327,1.0,0.0,False,48.26649999995425,Optimization terminated successfully
Student Performance,5,42,10,300,0.0001,50,most_parsimonious,Unweighted k-means,Random 25% immutable,α = 1,1.0,440,2,0,True,4.0,4.0,0.7550974652548397,5.426674962160416,1.0,0.0,False,37.416099999973085,Optimization terminated successfully
Student Performance,5,42,10,300,0.0001,50,most_parsimonious,Unweighted k-means,Random 25% immutable,α < 1,0.9546250367985473,440,2,0,True,5.0,5.0,0.7668235451563636,5.468648668647327,1.0,0.0,False,46.17199999938748,Optimization terminated successfully
Student Performance,5,42,10,300,0.0001,50,most_parsimonious,Unweighted k-means,Random 50% immutable,α = 1,1.0,440,2,0,True,3.0,3.0,1.1453048092698555,6.683329077751923,1.0,0.0,False,29.661099999430007,Optimization terminated successfully
Student Performance,5,42,10,300,0.0001,50,most_parsimonious,Unweighted k-means,Random 50% immutable,α < 1,0.9546250367985473,440,2,0,True,5.0,4.0,1.1821465070785435,6.789971559297078,1.0,0.0,False,42.39719999986846,Optimization terminated successfully
Student Performance,5,42,10,300,0.0001,50,most_parsimonious,Unweighted k-means,Random 75% immutable,α = 1,1.0,440,2,0,False,,,,,,,False,128.81909999941854,No feasible counterfactual found.
Student Performance,5,42,10,300,0.0001,50,most_parsimonious,Unweighted k-means,Random 75% immutable,α < 1,0.9546250367985473,440,2,0,False,,,,,,,False,222.64540000014676,No feasible counterfactual found.
Student Performance,5,42,10,300,0.0001,50,most_parsimonious,Unweighted k-means,All features mutable,α = 1,1.0,40,3,4,True,19.0,15.0,0.30222433347913225,3.433183508885908,1.2828315093786034,0.28283150937860335,True,285.0835000008374,Optimization terminated successfully
Student Performance,5,42,10,300,0.0001,50,most_parsimonious,Unweighted k-means,All features mutable,α < 1,0.890151690365568,40,3,4,True,19.0,15.0,0.36055137190640063,3.7498671315594136,1.174493876229315,0.1744938762293149,True,234.68010000033246,Optimization terminated successfully
Student Performance,5,42,10,300,0.0001,50,most_parsimonious,Unweighted k-means,Random 25% immutable,α = 1,1.0,40,3,4,True,15.0,12.0,0.3303175144287846,3.5892036808632914,1.1737279323682908,0.17372793236829076,True,191.20479999946838,Optimization terminated successfully
Student Performance,5,42,10,300,0.0001,50,most_parsimonious,Unweighted k-means,Random 25% immutable,α < 1,0.890151690365568,40,3,4,True,15.0,12.0,0.3940663268936762,3.920278912125178,1.0746043106017618,0.07460431060176176,True,136.24690000051487,Optimization terminated successfully
Student Performance,5,42,10,300,0.0001,50,most_parsimonious,Unweighted k-means,Random 50% immutable,α = 1,1.0,40,3,4,False,,,,,,,False,330.6138000007195,No feasible counterfactual found.
Student Performance,5,42,10,300,0.0001,50,most_parsimonious,Unweighted k-means,Random 50% immutable,α < 1,0.890151690365568,40,3,4,False,,,,,,,False,212.47349999975995,No feasible counterfactual found.
Student Performance,5,42,10,300,0.0001,50,most_parsimonious,Unweighted k-means,Random 75% immutable,α = 1,1.0,40,3,4,True,5.0,3.0,0.6771581688377104,5.13898517069963,1.000000000000014,1.3988810110276972e-14,True,66.3258999993559,Optimization terminated successfully
Student Performance,5,42,10,300,0.0001,50,most_parsimonious,Unweighted k-means,Random 75% immutable,α < 1,0.890151690365568,40,3,4,True,5.0,3.0,0.8128891606599863,5.630513055285412,1.0,0.0,False,35.711800000171934,Optimization terminated successfully
Student Performance,5,42,10,300,0.0001,50,most_parsimonious,Unweighted k-means,All features mutable,α = 1,1.0,466,2,4,True,19.0,13.0,0.2272124292325781,2.976791013838651,1.0,0.0,False,632.4064000000362,Optimization terminated successfully
Student Performance,5,42,10,300,0.0001,50,most_parsimonious,Unweighted k-means,All features mutable,α < 1,0.890151690365568,466,2,4,True,19.0,13.0,0.2807420545027946,3.3089182712193104,1.0000000000000002,2.220446049250313e-16,True,398.73050000005605,Optimization terminated successfully
Student Performance,5,42,10,300,0.0001,50,most_parsimonious,Unweighted k-means,Random 25% immutable,α = 1,1.0,466,2,4,True,12.0,9.0,0.23839010546682937,3.049133338049739,1.0,0.0,False,178.53230000037001,Optimization terminated successfully
Student Performance,5,42,10,300,0.0001,50,most_parsimonious,Unweighted k-means,Random 25% immutable,α < 1,0.890151690365568,466,2,4,True,12.0,9.0,0.2948065954515636,3.3907900587637365,1.0,0.0,False,146.25800000067102,Optimization terminated successfully
Student Performance,5,42,10,300,0.0001,50,most_parsimonious,Unweighted k-means,Random 50% immutable,α = 1,1.0,466,2,4,True,10.0,7.0,0.24177127993475822,3.0706806928522496,1.0000000000000002,2.220446049250313e-16,True,74.3335000006482,Optimization terminated successfully
Student Performance,5,42,10,300,0.0001,50,most_parsimonious,Unweighted k-means,Random 50% immutable,α < 1,0.890151690365568,466,2,4,True,10.0,7.0,0.29906102774701754,3.4151691147194576,1.0,0.0,False,192.33669999994163,Optimization terminated successfully
Student Performance,5,42,10,300,0.0001,50,most_parsimonious,Unweighted k-means,Random 75% immutable,α = 1,1.0,466,2,4,True,4.0,3.0,0.28760455404182134,3.349115944190501,1.1434446693771294,0.1434446693771294,True,57.44449999929202,Optimization terminated successfully
Student Performance,5,42,10,300,0.0001,50,most_parsimonious,Unweighted k-means,Random 75% immutable,α < 1,0.890151690365568,466,2,4,True,4.0,3.0,0.3542031764940747,3.7167087434003907,1.0303548186457383,0.030354818645738302,True,6.678199999441858,Optimization terminated successfully
Student Performance,5,42,10,300,0.0001,50,most_parsimonious,Unweighted k-means,All features mutable,α = 1,1.0,628,3,2,True,10.0,9.0,0.6664598485855767,5.0982285251680795,1.0,0.0,False,410.3848000004291,Optimization terminated successfully
Student Performance,5,42,10,300,0.0001,50,most_parsimonious,Unweighted k-means,All features mutable,α < 1,0.9840515780810501,628,3,2,True,10.0,9.0,0.721076650852557,5.303017007633459,1.0,0.0,False,376.5761000004204,Optimization terminated successfully
Student Performance,5,42,10,300,0.0001,50,most_parsimonious,Unweighted k-means,Random 25% immutable,α = 1,1.0,628,3,2,True,9.0,8.0,0.9927392766002182,6.222285093710228,1.0,0.0,False,270.6726999995226,Optimization terminated successfully
Student Performance,5,42,10,300,0.0001,50,most_parsimonious,Unweighted k-means,Random 25% immutable,α < 1,0.9840515780810501,628,3,2,True,9.0,8.0,1.1076923864416446,6.572670923697926,1.0,0.0,False,112.4273000004905,Optimization terminated successfully
Student Performance,5,42,10,300,0.0001,50,most_parsimonious,Unweighted k-means,Random 50% immutable,α = 1,1.0,628,3,2,True,11.0,8.0,0.24495374120344793,3.0908244704179615,1.0,0.0,False,118.123100000048,Optimization terminated successfully
Student Performance,5,42,10,300,0.0001,50,most_parsimonious,Unweighted k-means,Random 50% immutable,α < 1,0.9840515780810501,628,3,2,True,11.0,8.0,0.2667981844316984,3.2256982488813546,1.0,0.0,False,180.42049999985466,Optimization terminated successfully
Student Performance,5,42,10,300,0.0001,50,most_parsimonious,Unweighted k-means,Random 75% immutable,α = 1,1.0,628,3,2,True,9.0,7.0,0.8202899064405392,5.656085780040914,1.0,0.0,False,239.10239999986516,Optimization terminated successfully
Student Performance,5,42,10,300,0.0001,50,most_parsimonious,Unweighted k-means,Random 75% immutable,α < 1,0.9840515780810501,628,3,2,True,9.0,7.0,1.0297289088769406,6.337146632846733,1.0,0.0,False,487.10619999928895,Optimization terminated successfully
Student Performance,5,42,10,300,0.0001,50,most_parsimonious,Unweighted k-means,All features mutable,α = 1,1.0,545,3,0,True,1.0,1.0,0.008573758948918426,0.5782530579320948,7.10379710661653,6.10379710661653,True,1.652200000535231,Optimization terminated successfully
Student Performance,5,42,10,300,0.0001,50,most_parsimonious,Unweighted k-means,All features mutable,α < 1,0.9546250367985473,545,3,0,True,1.0,1.0,0.018289259156263216,0.8445597119767586,4.863827082416191,3.863827082416191,True,1.7944000001079985,Optimization terminated successfully
Student Performance,5,42,10,300,0.0001,50,most_parsimonious,Unweighted k-means,Random 25% immutable,α = 1,1.0,545,3,0,True,2.0,2.0,0.13813261437922936,2.3210282119763095,1.5842127968942816,0.5842127968942816,True,18.553099999735423,Optimization terminated successfully
Student Performance,5,42,10,300,0.0001,50,most_parsimonious,Unweighted k-means,Random 25% immutable,α < 1,0.9546250367985473,545,3,0,True,2.0,2.0,0.29465991377509193,3.389946406247241,1.0846786803039665,0.08467868030396652,True,19.378599999981816,Optimization terminated successfully
Student Performance,5,42,10,300,0.0001,50,most_parsimonious,Unweighted k-means,Random 50% immutable,α = 1,1.0,545,3,0,True,1.0,1.0,0.2865436547202044,3.34293322309734,1.0886837191763417,0.08868371917634166,True,2.3615000000063446,Optimization terminated successfully
Student Performance,5,42,10,300,0.0001,50,most_parsimonious,Unweighted k-means,Random 50% immutable,α < 1,0.9546250367985473,545,3,0,True,2.0,2.0,0.0119604049600918,0.6829756902288545,4.989118497576283,3.989118497576283,True,13.051800000539515,Optimization terminated successfully
Student Performance,5,42,10,300,0.0001,50,most_parsimonious,Unweighted k-means,Random 75% immutable,α = 1,1.0,545,3,0,True,1.0,1.0,0.13998049051769768,2.33650147232785,1.7163480508081321,0.7163480508081321,True,2.089900000100897,Optimization terminated successfully
Student Performance,5,42,10,300,0.0001,50,most_parsimonious,Unweighted k-means,Random 75% immutable,α < 1,0.9546250367985473,545,3,0,True,1.0,1.0,0.2986017418949333,3.4125456676654746,1.1751490348504703,0.1751490348504703,True,2.116099999511789,Optimization terminated successfully
Student Performance,5,42,10,300,0.0001,50,most_parsimonious,Unweighted k-means,All features mutable,α = 1,1.0,342,0,3,True,1.0,1.0,0.0507909201720829,1.4074252686061997,1.7511945357773213,0.7511945357773213,True,2.082699999846227,Optimization terminated successfully
Student Performance,5,42,10,300,0.0001,50,most_parsimonious,Unweighted k-means,All features mutable,α < 1,0.9803072113728922,342,0,3,True,1.0,1.0,0.05947531121122355,1.5230026714479914,1.6183001422806573,0.6183001422806573,True,2.2214999999050633,Optimization terminated successfully
Student Performance,5,42,10,300,0.0001,50,most_parsimonious,Unweighted k-means,Random 25% immutable,α = 1,1.0,342,0,3,True,1.0,1.0,0.0507909201720829,1.4074252686061997,1.7511945357773213,0.7511945357773213,True,2.2751999995307415,Optimization terminated successfully
Student Performance,5,42,10,300,0.0001,50,most_parsimonious,Unweighted k-means,Random 25% immutable,α < 1,0.9803072113728922,342,0,3,True,1.0,1.0,0.05947531121122355,1.5230026714479914,1.6183001422806573,0.6183001422806573,True,2.131100000042352,Optimization terminated successfully
Student Performance,5,42,10,300,0.0001,50,most_parsimonious,Unweighted k-means,Random 50% immutable,α = 1,1.0,342,0,3,True,3.0,3.0,0.3083781243053749,3.467960041279256,1.0,0.0,False,9.027699999933247,Optimization terminated successfully
Student Performance,5,42,10,300,0.0001,50,most_parsimonious,Unweighted k-means,Random 50% immutable,α < 1,0.9803072113728922,342,0,3,True,3.0,3.0,0.36324477413176937,3.7638472592732835,1.0,0.0,False,11.438300000008894,Optimization terminated successfully
Student Performance,5,42,10,300,0.0001,50,most_parsimonious,Unweighted k-means,Random 75% immutable,α = 1,1.0,342,0,3,True,1.0,1.0,0.0507909201720829,1.4074252686061997,1.7511945357773213,0.7511945357773213,True,2.183100000365812,Optimization terminated successfully
Student Performance,5,42,10,300,0.0001,50,most_parsimonious,Unweighted k-means,Random 75% immutable,α < 1,0.9803072113728922,342,0,3,True,1.0,1.0,0.05947531121122355,1.5230026714479914,1.6183001422806573,0.6183001422806573,True,2.411700000266137,Optimization terminated successfully
Student Performance,5,42,10,300,0.0001,50,most_parsimonious,Unweighted k-means,All features mutable,α = 1,1.0,143,0,3,True,24.0,15.0,0.5708805589728531,4.718510548885238,1.0,0.0,False,976.2559000000692,Optimization terminated successfully
Student Performance,5,42,10,300,0.0001,50,most_parsimonious,Unweighted k-means,All features mutable,α < 1,0.9803072113728922,143,0,3,True,24.0,15.0,0.5928656290025396,4.808509075701017,1.0,0.0,False,721.2389999995139,Optimization terminated successfully
Student Performance,5,42,10,300,0.0001,50,most_parsimonious,Unweighted k-means,Random 25% immutable,α = 1,1.0,143,0,3,True,20.0,13.0,0.602062523147406,4.8456618126679905,1.0,0.0,False,779.5403000000078,Optimization terminated successfully
Student Performance,5,42,10,300,0.0001,50,most_parsimonious,Unweighted k-means,Random 25% immutable,α < 1,0.9803072113728922,143,0,3,True,20.0,13.0,0.6259253834070098,4.9407580342365875,1.0,0.0,False,375.81849999969563,Optimization terminated successfully
Student Performance,5,42,10,300,0.0001,50,most_parsimonious,Unweighted k-means,Random 50% immutable,α = 1,1.0,143,0,3,True,12.0,5.0,0.47224745603610807,4.291579055010896,1.020845284590487,0.020845284590486957,True,195.87030000002414,Optimization terminated successfully
Student Performance,5,42,10,300,0.0001,50,most_parsimonious,Unweighted k-means,Random 50% immutable,α < 1,0.9803072113728922,143,0,3,True,12.0,5.0,0.48944484455235443,4.369021508020054,1.0,0.0,False,208.25909999985015,Optimization terminated successfully
Student Performance,5,42,10,300,0.0001,50,most_parsimonious,Unweighted k-means,Random 75% immutable,α = 1,1.0,143,0,3,False,,,,,,,False,178.02130000018224,No feasible counterfactual found.
Student Performance,5,42,10,300,0.0001,50,most_parsimonious,Unweighted k-means,Random 75% immutable,α < 1,0.9803072113728922,143,0,3,False,,,,,,,False,468.47669999988284,No feasible counterfactual found.
Student Performance,5,42,10,300,0.0001,50,most_parsimonious,Unweighted k-means,All features mutable,α = 1,1.0,52,4,1,True,22.0,15.0,1.2280410548922798,6.920520294081863,1.0000000000000002,2.220446049250313e-16,True,267.71670000016456,Optimization terminated successfully
Student Performance,5,42,10,300,0.0001,50,most_parsimonious,Unweighted k-means,All features mutable,α < 1,0.9849107803895755,52,4,1,True,22.0,15.0,1.2870187919937106,7.0847535516596984,1.0,0.0,False,200.3037000004042,Optimization terminated successfully
Student Performance,5,42,10,300,0.0001,50,most_parsimonious,Unweighted k-means,Random 25% immutable,α = 1,1.0,52,4,1,True,20.0,13.0,1.3013423265757422,7.124068411831399,1.0,0.0,False,318.31849999980477,Optimization terminated successfully
Student Performance,5,42,10,300,0.0001,50,most_parsimonious,Unweighted k-means,Random 25% immutable,α < 1,0.9849107803895755,52,4,1,True,20.0,13.0,1.3694586589324849,7.3081384564310845,1.0,0.0,False,190.12870000005933,Optimization terminated successfully
Student Performance,5,42,10,300,0.0001,50,most_parsimonious,Unweighted k-means,Random 50% immutable,α = 1,1.0,52,4,1,False,,,,,,,False,216.73899999950663,No feasible counterfactual found.
Student Performance,5,42,10,300,0.0001,50,most_parsimonious,Unweighted k-means,Random 50% immutable,α < 1,0.9849107803895755,52,4,1,False,,,,,,,False,183.8532000001578,No feasible counterfactual found.
Student Performance,5,42,10,300,0.0001,50,most_parsimonious,Unweighted k-means,Random 75% immutable,α = 1,1.0,52,4,1,False,,,,,,,False,162.59459999946557,No feasible counterfactual found.
Student Performance,5,42,10,300,0.0001,50,most_parsimonious,Unweighted k-means,Random 75% immutable,α < 1,0.9849107803895755,52,4,1,False,,,,,,,False,85.15640000041458,No feasible counterfactual found.
Student Performance,5,42,10,300,0.0001,50,most_parsimonious,Unweighted k-means,All features mutable,α = 1,1.0,487,0,1,True,22.0,17.0,0.9598466784693639,6.118334778377625,1.0,0.0,False,782.0525000006455,Optimization terminated successfully
Student Performance,5,42,10,300,0.0001,50,most_parsimonious,Unweighted k-means,All features mutable,α < 1,0.9849107803895755,487,0,1,True,22.0,17.0,0.9816190730773262,6.187337379682453,1.0,0.0,False,1023.1595000004745,Optimization terminated successfully
Student Performance,5,42,10,300,0.0001,50,most_parsimonious,Unweighted k-means,Random 25% immutable,α = 1,1.0,487,0,1,True,19.0,14.0,0.9263528622668138,6.010637372891975,1.0,0.0,False,513.4208999998009,Optimization terminated successfully
Student Performance,5,42,10,300,0.0001,50,most_parsimonious,Unweighted k-means,Random 25% immutable,α < 1,0.9849107803895755,487,0,1,True,19.0,14.0,0.9454148077547888,6.072164153120102,1.0,0.0,False,703.051499999674,Optimization terminated successfully
Student Performance,5,42,10,300,0.0001,50,most_parsimonious,Unweighted k-means,Random 50% immutable,α = 1,1.0,487,0,1,True,17.0,13.0,1.0386833970466682,6.364640797784275,1.0,0.0,False,703.9073000005374,Optimization terminated successfully
Student Performance,5,42,10,300,0.0001,50,most_parsimonious,Unweighted k-means,Random 50% immutable,α < 1,0.9849107803895755,487,0,1,True,17.0,13.0,1.0603779847024648,6.430765226891442,1.0,0.0,False,1083.437899999808,Optimization terminated successfully
Student Performance,5,42,10,300,0.0001,50,most_parsimonious,Unweighted k-means,Random 75% immutable,α = 1,1.0,487,0,1,False,,,,,,,False,178.46620000000257,No feasible counterfactual found.
Student Performance,5,42,10,300,0.0001,50,most_parsimonious,Unweighted k-means,Random 75% immutable,α < 1,0.9849107803895755,487,0,1,False,,,,,,,False,309.5320000002175,No feasible counterfactual found.
Student Performance,5,42,10,300,0.0001,50,most_parsimonious,Unweighted k-means,All features mutable,α = 1,1.0,465,0,3,True,1.0,1.0,0.010173688142807663,0.6298998631286554,3.9128051681997302,2.9128051681997302,True,1.7736999998305691,Optimization terminated successfully
Student Performance,5,42,10,300,0.0001,50,most_parsimonious,Unweighted k-means,All features mutable,α < 1,0.9803072113728922,465,0,3,True,1.0,1.0,0.01424965010458382,0.7454772659704446,3.3061711636365594,2.3061711636365594,True,1.7938999999387306,Optimization terminated successfully
Student Performance,5,42,10,300,0.0001,50,most_parsimonious,Unweighted k-means,Random 25% immutable,α = 1,1.0,465,0,3,True,1.0,1.0,0.010173688142807663,0.6298998631286554,3.9128051681997302,2.9128051681997302,True,1.784600000064529,Optimization terminated successfully
Student Performance,5,42,10,300,0.0001,50,most_parsimonious,Unweighted k-means,Random 25% immutable,α < 1,0.9803072113728922,465,0,3,True,1.0,1.0,0.01424965010458382,0.7454772659704446,3.3061711636365594,2.3061711636365594,True,1.8006999998760875,Optimization terminated successfully
Student Performance,5,42,10,300,0.0001,50,most_parsimonious,Unweighted k-means,Random 50% immutable,α = 1,1.0,465,0,3,True,1.0,1.0,0.010173688142807663,0.6298998631286554,3.9128051681997302,2.9128051681997302,True,1.7522999996799626,Optimization terminated successfully
Student Performance,5,42,10,300,0.0001,50,most_parsimonious,Unweighted k-means,Random 50% immutable,α < 1,0.9803072113728922,465,0,3,True,1.0,1.0,0.01424965010458382,0.7454772659704446,3.3061711636365594,2.3061711636365594,True,1.7115000000558211,Optimization terminated successfully
Student Performance,5,42,10,300,0.0001,50,most_parsimonious,Unweighted k-means,Random 75% immutable,α = 1,1.0,465,0,3,True,1.0,1.0,0.010173688142807663,0.6298998631286554,3.9128051681997302,2.9128051681997302,True,1.7625000000407454,Optimization terminated successfully
Student Performance,5,42,10,300,0.0001,50,most_parsimonious,Unweighted k-means,Random 75% immutable,α < 1,0.9803072113728922,465,0,3,True,1.0,1.0,0.01424965010458382,0.7454772659704446,3.3061711636365594,2.3061711636365594,True,1.7481000004408997,Optimization terminated successfully
Student Performance,5,42,10,300,0.0001,50,most_parsimonious,Unweighted k-means,All features mutable,α = 1,1.0,113,1,0,True,4.0,4.0,1.6142489672557985,7.934463417457802,1.0,0.0,False,61.581500000102096,Optimization terminated successfully
Student Performance,5,42,10,300,0.0001,50,most_parsimonious,Unweighted k-means,All features mutable,α < 1,0.9546250367985473,113,1,0,True,6.0,5.0,0.6552641086143293,5.055225043057811,1.33265449225809,0.3326544922580901,True,94.56399999999121,Optimization terminated successfully
Student Performance,5,42,10,300,0.0001,50,most_parsimonious,Unweighted k-means,Random 25% immutable,α = 1,1.0,113,1,0,True,4.0,4.0,1.6142489672557985,7.934463417457802,1.0,0.0,False,58.32559999998921,Optimization terminated successfully
Student Performance,5,42,10,300,0.0001,50,most_parsimonious,Unweighted k-means,Random 25% immutable,α < 1,0.9546250367985473,113,1,0,True,6.0,5.0,0.6552641086143293,5.055225043057811,1.33265449225809,0.3326544922580901,True,95.89620000042487,Optimization terminated successfully
Student Performance,5,42,10,300,0.0001,50,most_parsimonious,Unweighted k-means,Random 50% immutable,α = 1,1.0,113,1,0,True,4.0,4.0,0.6731472484569709,5.123743035108403,1.4473102686996973,0.44731026869969726,True,43.72420000072452,Optimization terminated successfully
Student Performance,5,42,10,300,0.0001,50,most_parsimonious,Unweighted k-means,Random 50% immutable,α < 1,0.9546250367985473,113,1,0,True,4.0,4.0,0.7382649310170305,5.365848703575623,1.3149962168322096,0.3149962168322096,True,41.940200000681216,Optimization terminated successfully
Student Performance,5,42,10,300,0.0001,50,most_parsimonious,Unweighted k-means,Random 75% immutable,α = 1,1.0,113,1,0,True,8.0,5.0,1.1292935354703864,6.63644843898791,1.0,0.0,False,41.987300000073446,Optimization terminated successfully
Student Performance,5,42,10,300,0.0001,50,most_parsimonious,Unweighted k-means,Random 75% immutable,α < 1,0.9546250367985473,113,1,0,True,8.0,5.0,1.3027831482891072,7.128011137987594,1.0000000000000002,2.220446049250313e-16,True,68.38909999987663,Optimization terminated successfully
Student Performance,5,42,10,300,0.0001,50,most_parsimonious,Unweighted k-means,All features mutable,α = 1,1.0,230,3,4,True,19.0,13.0,0.13767600904640193,2.3171888901877797,1.2841504392229115,0.2841504392229115,True,386.2873000007312,Optimization terminated successfully
Student Performance,5,42,10,300,0.0001,50,most_parsimonious,Unweighted k-means,All features mutable,α < 1,0.890151690365568,230,3,4,True,19.0,13.0,0.1809443481788828,2.656469382277242,1.1201405678861,0.12014056788610006,True,505.8183999999528,Optimization terminated successfully
Student Performance,5,42,10,300,0.0001,50,most_parsimonious,Unweighted k-means,Random 25% immutable,α = 1,1.0,230,3,4,True,17.0,12.0,0.21150665065599267,2.872065350158961,1.0,0.0,False,315.12370000018564,Optimization terminated successfully
Student Performance,5,42,10,300,0.0001,50,most_parsimonious,Unweighted k-means,Random 25% immutable,α < 1,0.890151690365568,230,3,4,True,17.0,12.0,0.28009913869424496,3.305127290903567,1.0,0.0,False,215.82309999939753,Optimization terminated successfully
Student Performance,5,42,10,300,0.0001,50,most_parsimonious,Unweighted k-means,Random 50% immutable,α = 1,1.0,230,3,4,False,,,,,,,False,470.404900000176,No feasible counterfactual found.
Student Performance,5,42,10,300,0.0001,50,most_parsimonious,Unweighted k-means,Random 50% immutable,α < 1,0.890151690365568,230,3,4,False,,,,,,,False,672.2663999998986,No feasible counterfactual found.
Student Performance,5,42,10,300,0.0001,50,most_parsimonious,Unweighted k-means,Random 75% immutable,α = 1,1.0,230,3,4,False,,,,,,,False,161.71720000056666,No feasible counterfactual found.
Student Performance,5,42,10,300,0.0001,50,most_parsimonious,Unweighted k-means,Random 75% immutable,α < 1,0.890151690365568,230,3,4,False,,,,,,,False,92.61639999931504,No feasible counterfactual found.
Student Performance,5,42,10,300,0.0001,50,most_parsimonious,Unweighted k-means,All features mutable,α = 1,1.0,79,3,1,True,13.0,10.0,0.9286222616904056,6.017995364398831,1.0,0.0,False,186.6610999995828,Optimization terminated successfully
Student Performance,5,42,10,300,0.0001,50,most_parsimonious,Unweighted k-means,All features mutable,α < 1,0.9849107803895755,79,3,1,True,15.0,11.0,0.3946927853657549,3.923393764238359,1.0,0.0,False,229.06650000004447,Optimization terminated successfully
Student Performance,5,42,10,300,0.0001,50,most_parsimonious,Unweighted k-means,Random 25% immutable,α = 1,1.0,79,3,1,True,11.0,9.0,0.4215345535513648,4.054608191737301,1.0,0.0,False,252.79460000001563,Optimization terminated successfully
Student Performance,5,42,10,300,0.0001,50,most_parsimonious,Unweighted k-means,Random 25% immutable,α < 1,0.9849107803895755,79,3,1,True,11.0,9.0,0.5453979368103778,4.611997347744763,1.0000000000000002,2.220446049250313e-16,True,253.14700000035373,Optimization terminated successfully
Student Performance,5,42,10,300,0.0001,50,most_parsimonious,Unweighted k-means,Random 50% immutable,α = 1,1.0,79,3,1,True,13.0,8.0,0.07962608237233881,1.7622193996552227,1.0,0.0,False,313.569699999789,Optimization terminated successfully
Student Performance,5,42,10,300,0.0001,50,most_parsimonious,Unweighted k-means,Random 50% immutable,α < 1,0.9849107803895755,79,3,1,True,13.0,8.0,0.08752004202724267,1.847506871181394,1.0,0.0,False,329.23180000034336,Optimization terminated successfully
Student Performance,5,42,10,300,0.0001,50,most_parsimonious,Unweighted k-means,Random 75% immutable,α = 1,1.0,79,3,1,False,,,,,,,False,111.69620000055147,No feasible counterfactual found.
Student Performance,5,42,10,300,0.0001,50,most_parsimonious,Unweighted k-means,Random 75% immutable,α < 1,0.9849107803895755,79,3,1,False,,,,,,,False,219.4113000005018,No feasible counterfactual found.
Student Performance,5,42,10,300,0.0001,50,most_parsimonious,Unweighted k-means,All features mutable,α = 1,1.0,57,4,3,True,8.0,7.0,2.219864748728549,9.304554003304697,1.0,0.0,False,124.4630999999572,Optimization terminated successfully
Student Performance,5,42,10,300,0.0001,50,most_parsimonious,Unweighted k-means,All features mutable,α < 1,0.9803072113728922,57,4,3,True,12.0,9.0,1.9733037689216815,8.772619163507873,1.0,0.0,False,131.5494000000399,Optimization terminated successfully
Student Performance,5,42,10,300,0.0001,50,most_parsimonious,Unweighted k-means,Random 25% immutable,α = 1,1.0,57,4,3,True,8.0,7.0,2.219864748728549,9.304554003304697,1.0,0.0,False,137.690599999587,Optimization terminated successfully
Student Performance,5,42,10,300,0.0001,50,most_parsimonious,Unweighted k-means,Random 25% immutable,α < 1,0.9803072113728922,57,4,3,True,11.0,9.0,1.9274863926605001,8.67017700590706,1.0,0.0,False,105.53729999992356,Optimization terminated successfully
Student Performance,5,42,10,300,0.0001,50,most_parsimonious,Unweighted k-means,Random 50% immutable,α = 1,1.0,57,4,3,False,,,,,,,False,459.13669999936246,No feasible counterfactual found.
Student Performance,5,42,10,300,0.0001,50,most_parsimonious,Unweighted k-means,Random 50% immutable,α < 1,0.9803072113728922,57,4,3,False,,,,,,,False,284.77660000044125,No feasible counterfactual found.
Student Performance,5,42,10,300,0.0001,50,most_parsimonious,Unweighted k-means,Random 75% immutable,α = 1,1.0,57,4,3,False,,,,,,,False,412.71969999979774,No feasible counterfactual found.
Student Performance,5,42,10,300,0.0001,50,most_parsimonious,Unweighted k-means,Random 75% immutable,α < 1,0.9803072113728922,57,4,3,False,,,,,,,False,216.3455999998405,No feasible counterfactual found.
Student Performance,5,42,10,300,0.0001,50,most_parsimonious,Unweighted k-means,All features mutable,α = 1,1.0,527,2,4,True,19.0,13.0,0.4035931910959198,3.967383829772571,1.0954980392527183,0.09549803925271827,True,825.5544000003283,Optimization terminated successfully
Student Performance,5,42,10,300,0.0001,50,most_parsimonious,Unweighted k-means,All features mutable,α < 1,0.890151690365568,527,2,4,True,19.0,13.0,0.47218011393548404,4.291273056271749,1.0128139514379102,0.012813951437910198,True,690.6842999997025,Optimization terminated successfully
Student Performance,5,42,10,300,0.0001,50,most_parsimonious,Unweighted k-means,Random 25% immutable,α = 1,1.0,527,2,4,True,17.0,12.0,0.6892872581908798,5.184805017495288,1.0000000000000002,2.220446049250313e-16,True,803.9717000001474,Optimization terminated successfully
Student Performance,5,42,10,300,0.0001,50,most_parsimonious,Unweighted k-means,Random 25% immutable,α < 1,0.890151690365568,527,2,4,True,17.0,12.0,0.8114236329657308,5.625435244108983,1.0000000000000002,2.220446049250313e-16,True,386.5482000001066,Optimization terminated successfully
Student Performance,5,42,10,300,0.0001,50,most_parsimonious,Unweighted k-means,Random 50% immutable,α = 1,1.0,527,2,4,False,,,,,,,False,543.3360999995784,No feasible counterfactual found.
Student Performance,5,42,10,300,0.0001,50,most_parsimonious,Unweighted k-means,Random 50% immutable,α < 1,0.890151690365568,527,2,4,False,,,,,,,False,368.6179999995147,No feasible counterfactual found.
Student Performance,5,42,10,300,0.0001,50,most_parsimonious,Unweighted k-means,Random 75% immutable,α = 1,1.0,527,2,4,True,7.0,5.0,0.46651141437997656,4.265436104411727,1.0,0.0,False,119.52969999947527,Optimization terminated successfully
Student Performance,5,42,10,300,0.0001,50,most_parsimonious,Unweighted k-means,Random 75% immutable,α < 1,0.890151690365568,527,2,4,True,7.0,5.0,0.5908165823302974,4.800192361862345,1.0,0.0,False,65.01430000025721,Optimization terminated successfully
Student Performance,5,42,10,300,0.0001,50,most_parsimonious,Ranked k-means,All features mutable,α = 1,1.0,251,3,4,True,4.0,3.0,0.7316853766787821,5.341884469966803,1.0000000000000002,2.220446049250313e-16,True,51.70819999966625,Optimization terminated successfully
Student Performance,5,42,10,300,0.0001,50,most_parsimonious,Ranked k-means,All features mutable,α < 1,0.890151690365568,251,3,4,True,4.0,3.0,0.9809024321755269,6.1850784032900945,1.0,0.0,False,14.12730000083684,Optimization terminated successfully
Student Performance,5,42,10,300,0.0001,50,most_parsimonious,Ranked k-means,Random 25% immutable,α = 1,1.0,251,3,4,True,3.0,2.0,0.7349013550192987,5.353611196729983,1.0,0.0,False,33.36739999940619,Optimization terminated successfully
Student Performance,5,42,10,300,0.0001,50,most_parsimonious,Ranked k-means,Random 25% immutable,α < 1,0.890151690365568,251,3,4,True,4.0,3.0,0.875388899707433,5.842958761500023,1.0000000000000002,2.220446049250313e-16,True,56.63590000040131,Optimization terminated successfully
Student Performance,5,42,10,300,0.0001,50,most_parsimonious,Ranked k-means,Random 50% immutable,α = 1,1.0,251,3,4,False,,,,,,,False,539.7898000001078,No feasible counterfactual found.
Student Performance,5,42,10,300,0.0001,50,most_parsimonious,Ranked k-means,Random 50% immutable,α < 1,0.890151690365568,251,3,4,False,,,,,,,False,544.2324999994526,No feasible counterfactual found.
Student Performance,5,42,10,300,0.0001,50,most_parsimonious,Ranked k-means,Random 75% immutable,α = 1,1.0,251,3,4,True,2.0,2.0,0.7013439704743177,5.229953618197622,1.0,0.0,False,18.11840000027587,Optimization terminated successfully
Student Performance,5,42,10,300,0.0001,50,most_parsimonious,Ranked k-means,Random 75% immutable,α < 1,0.890151690365568,251,3,4,True,2.0,2.0,0.8382016008105351,5.717504913125206,1.0,0.0,False,12.680899999395479,Optimization terminated successfully
Student Performance,5,42,10,300,0.0001,50,most_parsimonious,Ranked k-means,All features mutable,α = 1,1.0,316,4,0,True,9.0,7.0,0.4804832496747733,4.328838959503594,1.215605993824756,0.2156059938247561,True,120.13860000024579,Optimization terminated successfully
Student Performance,5,42,10,300,0.0001,50,most_parsimonious,Ranked k-means,All features mutable,α < 1,0.9546250367985473,316,4,0,True,9.0,7.0,0.5263053013710572,4.530552588092454,1.168610995729222,0.1686109957292219,True,288.0876999997781,Optimization terminated successfully
Student Performance,5,42,10,300,0.0001,50,most_parsimonious,Ranked k-means,Random 25% immutable,α = 1,1.0,316,4,0,True,10.0,6.0,0.8904164705810128,5.892897619394002,1.0,0.0,False,176.62310000014259,Optimization terminated successfully
Student Performance,5,42,10,300,0.0001,50,most_parsimonious,Ranked k-means,Random 25% immutable,α < 1,0.9546250367985473,316,4,0,True,10.0,7.0,1.178834422298087,6.78045296935429,1.0,0.0,False,201.85469999978523,Optimization terminated successfully
Student Performance,5,42,10,300,0.0001,50,most_parsimonious,Ranked k-means,Random 50% immutable,α = 1,1.0,316,4,0,True,11.0,10.0,0.46149413100360326,4.24243693048471,1.516392805779724,0.516392805779724,True,136.56110000010813,Optimization terminated successfully
Student Performance,5,42,10,300,0.0001,50,most_parsimonious,Ranked k-means,Random 50% immutable,α < 1,0.9546250367985473,316,4,0,True,11.0,10.0,0.5065624819741655,4.444765100316602,1.4590971662760797,0.45909716627607966,True,243.09140000059415,Optimization terminated successfully
Student Performance,5,42,10,300,0.0001,50,most_parsimonious,Ranked k-means,Random 75% immutable,α = 1,1.0,316,4,0,True,10.0,7.0,1.7287494551010396,8.211043097496233,1.0000000000000013,1.3322676295501878e-15,True,99.6196999994936,Optimization terminated successfully
Student Performance,5,42,10,300,0.0001,50,most_parsimonious,Ranked k-means,Random 75% immutable,α < 1,0.9546250367985473,316,4,0,False,,,,,,,False,287.8895999992892,No feasible counterfactual found.
Student Performance,5,42,10,300,0.0001,50,most_parsimonious,Ranked k-means,All features mutable,α = 1,1.0,278,3,1,True,1.0,1.0,0.4701404905700537,4.2819947608833075,1.0202746062356316,0.020274606235631598,True,2.1045000003141467,Optimization terminated successfully
Student Performance,5,42,10,300,0.0001,50,most_parsimonious,Ranked k-means,All features mutable,α < 1,0.9849107803895755,278,3,1,True,1.0,1.0,0.48582541320177997,4.352837133970144,1.0036696490361312,0.003669649036131206,True,2.240900000288093,Optimization terminated successfully
Student Performance,5,42,10,300,0.0001,50,most_parsimonious,Ranked k-means,Random 25% immutable,α = 1,1.0,278,3,1,True,4.0,2.0,0.17904018153797177,2.6424547451150224,1.307671842579754,0.307671842579754,True,46.51689999991504,Optimization terminated successfully
Student Performance,5,42,10,300,0.0001,50,most_parsimonious,Ranked k-means,Random 25% immutable,α < 1,0.9849107803895755,278,3,1,True,4.0,2.0,0.18501335647550649,2.686172165469807,1.2863895008494632,0.28638950084946324,True,15.24169999993319,Optimization terminated successfully
Student Performance,5,42,10,300,0.0001,50,most_parsimonious,Ranked k-means,Random 50% immutable,α = 1,1.0,278,3,1,True,1.0,1.0,0.4701404905700537,4.2819947608833075,1.0202746062356316,0.020274606235631598,True,1.9957000004069414,Optimization terminated successfully
Student Performance,5,42,10,300,0.0001,50,most_parsimonious,Ranked k-means,Random 50% immutable,α < 1,0.9849107803895755,278,3,1,True,1.0,1.0,0.48582541320177997,4.352837133970144,1.0036696490361312,0.003669649036131206,True,2.104199999848788,Optimization terminated successfully
Student Performance,5,42,10,300,0.0001,50,most_parsimonious,Ranked k-means,Random 75% immutable,α = 1,1.0,278,3,1,False,,,,,,,False,100.06160000011732,No feasible counterfactual found.
Student Performance,5,42,10,300,0.0001,50,most_parsimonious,Ranked k-means,Random 75% immutable,α < 1,0.9849107803895755,278,3,1,False,,,,,,,False,72.81070000044565,No feasible counterfactual found.
Student Performance,5,42,10,300,0.0001,50,most_parsimonious,Ranked k-means,All features mutable,α = 1,1.0,53,2,1,True,1.0,1.0,0.1483601493964483,2.4054200935515366,1.8162359790188773,0.8162359790188773,True,2.9293999996298226,Optimization terminated successfully
Student Performance,5,42,10,300,0.0001,50,most_parsimonious,Ranked k-means,All features mutable,α < 1,0.9849107803895755,53,2,1,True,1.0,1.0,0.15743556166146086,2.4778996962744424,1.7631103168267155,0.7631103168267155,True,2.7022000003853464,Optimization terminated successfully
Student Performance,5,42,10,300,0.0001,50,most_parsimonious,Ranked k-means,Random 25% immutable,α = 1,1.0,53,2,1,True,1.0,1.0,0.1483601493964483,2.4054200935515366,1.8162359790188773,0.8162359790188773,True,2.261200000248209,Optimization terminated successfully
Student Performance,5,42,10,300,0.0001,50,most_parsimonious,Ranked k-means,Random 25% immutable,α < 1,0.9849107803895755,53,2,1,True,1.0,1.0,0.15743556166146086,2.4778996962744424,1.7631103168267155,0.7631103168267155,True,2.3446000004696543,Optimization terminated successfully
Student Performance,5,42,10,300,0.0001,50,most_parsimonious,Ranked k-means,Random 50% immutable,α = 1,1.0,53,2,1,True,1.0,1.0,0.1483601493964483,2.4054200935515366,1.8162359790188773,0.8162359790188773,True,2.109099999870523,Optimization terminated successfully
Student Performance,5,42,10,300,0.0001,50,most_parsimonious,Ranked k-means,Random 50% immutable,α < 1,0.9849107803895755,53,2,1,True,1.0,1.0,0.15743556166146086,2.4778996962744424,1.7631103168267155,0.7631103168267155,True,2.1685000001525623,Optimization terminated successfully
Student Performance,5,42,10,300,0.0001,50,most_parsimonious,Ranked k-means,Random 75% immutable,α = 1,1.0,53,2,1,False,,,,,,,False,89.28360000027169,No feasible counterfactual found.
Student Performance,5,42,10,300,0.0001,50,most_parsimonious,Ranked k-means,Random 75% immutable,α < 1,0.9849107803895755,53,2,1,False,,,,,,,False,134.47230000019772,No feasible counterfactual found.
Student Performance,5,42,10,300,0.0001,50,most_parsimonious,Ranked k-means,All features mutable,α = 1,1.0,505,3,1,True,4.0,2.0,0.5873549519714462,4.786109393535255,1.0,0.0,False,17.569499999808613,Optimization terminated successfully
Student Performance,5,42,10,300,0.0001,50,most_parsimonious,Ranked k-means,All features mutable,α < 1,0.9849107803895755,505,3,1,True,4.0,2.0,0.6019718238899925,4.84529680532676,1.0,0.0,False,40.12899999997899,Optimization terminated successfully
Student Performance,5,42,10,300,0.0001,50,most_parsimonious,Ranked k-means,Random 25% immutable,α = 1,1.0,505,3,1,True,3.0,2.0,0.5873549519714462,4.786109393535255,1.0,0.0,False,12.92360000024928,Optimization terminated successfully
Student Performance,5,42,10,300,0.0001,50,most_parsimonious,Ranked k-means,Random 25% immutable,α < 1,0.9849107803895755,505,3,1,True,3.0,2.0,0.6019718238899918,4.8452968053267575,1.0,0.0,False,25.440299999900162,Optimization terminated successfully
Student Performance,5,42,10,300,0.0001,50,most_parsimonious,Ranked k-means,Random 50% immutable,α = 1,1.0,505,3,1,True,4.0,3.0,0.31176038693191943,3.4869263098529713,1.1610258441247692,0.16102584412476917,True,21.85139999983221,Optimization terminated successfully
Student Performance,5,42,10,300,0.0001,50,most_parsimonious,Ranked k-means,Random 50% immutable,α < 1,0.9849107803895755,505,3,1,True,4.0,3.0,0.31895203685983436,3.52691500287908,1.1478619588584937,0.14786195885849374,True,33.27669999998761,Optimization terminated successfully
Student Performance,5,42,10,300,0.0001,50,most_parsimonious,Ranked k-means,Random 75% immutable,α = 1,1.0,505,3,1,True,4.0,3.0,0.4425518643005571,4.154458172580599,1.0000000000000002,2.220446049250313e-16,True,125.28320000001258,Optimization terminated successfully
Student Performance,5,42,10,300,0.0001,50,most_parsimonious,Ranked k-means,Random 75% immutable,α < 1,0.9849107803895755,505,3,1,True,5.0,4.0,0.45195884976819634,4.198380061518926,1.0,0.0,False,34.761799999614595,Optimization terminated successfully
Student Performance,5,42,10,300,0.0001,50,most_parsimonious,Ranked k-means,All features mutable,α = 1,1.0,626,1,2,True,1.0,1.0,0.13990989087839614,2.335912186760763,1.8702802884990022,0.8702802884990022,True,2.135100000487,Optimization terminated successfully
Student Performance,5,42,10,300,0.0001,50,most_parsimonious,Ranked k-means,All features mutable,α < 1,0.9840515780810501,626,1,2,True,1.0,1.0,0.14923711199296658,2.412518884428824,1.8108917392361024,0.8108917392361024,True,2.647399999659683,Optimization terminated successfully
Student Performance,5,42,10,300,0.0001,50,most_parsimonious,Ranked k-means,Random 25% immutable,α = 1,1.0,626,1,2,True,1.0,1.0,0.13990989087839614,2.335912186760763,1.8702802884990022,0.8702802884990022,True,2.196100000219303,Optimization terminated successfully
Student Performance,5,42,10,300,0.0001,50,most_parsimonious,Ranked k-means,Random 25% immutable,α < 1,0.9840515780810501,626,1,2,True,1.0,1.0,0.14923711199296658,2.412518884428824,1.8108917392361024,0.8108917392361024,True,2.3809000003893743,Optimization terminated successfully
Student Performance,5,42,10,300,0.0001,50,most_parsimonious,Ranked k-means,Random 50% immutable,α = 1,1.0,626,1,2,True,6.0,3.0,0.14409584445543594,2.3705986445963396,1.0722246443599643,0.07222464435996434,True,47.450900000512775,Optimization terminated successfully
Student Performance,5,42,10,300,0.0001,50,most_parsimonious,Ranked k-means,Random 50% immutable,α < 1,0.9840515780810501,626,1,2,True,6.0,3.0,0.15370212600199795,2.4483428914426835,1.0381774134042567,0.03817741340425673,True,34.973599999830185,Optimization terminated successfully
Student Performance,5,42,10,300,0.0001,50,most_parsimonious,Ranked k-means,Random 75% immutable,α = 1,1.0,626,1,2,False,,,,,,,False,191.43929999972897,No feasible counterfactual found.
Student Performance,5,42,10,300,0.0001,50,most_parsimonious,Ranked k-means,Random 75% immutable,α < 1,0.9840515780810501,626,1,2,False,,,,,,,False,86.53879999928904,No feasible counterfactual found.
Student Performance,5,42,10,300,0.0001,50,most_parsimonious,Ranked k-means,All features mutable,α = 1,1.0,402,4,1,True,6.0,3.0,0.34537713812931864,3.6701101328220966,1.0846452703442384,0.08464527034423841,True,56.716299999607145,Optimization terminated successfully
Student Performance,5,42,10,300,0.0001,50,most_parsimonious,Ranked k-means,All features mutable,α < 1,0.9849107803895755,402,4,1,True,6.0,3.0,0.3566070789849569,3.7292996769384623,1.0674303652653714,0.06743036526537138,True,63.209200000528654,Optimization terminated successfully
Student Performance,5,42,10,300,0.0001,50,most_parsimonious,Ranked k-means,Random 25% immutable,α = 1,1.0,402,4,1,True,12.0,6.0,0.19217924696435934,2.737698053403628,1.7503058525796784,0.7503058525796784,True,180.50990000028833,Optimization terminated successfully
Student Performance,5,42,10,300,0.0001,50,most_parsimonious,Ranked k-means,Random 25% immutable,α < 1,0.9849107803895755,402,4,1,True,12.0,6.0,0.19842795696520088,2.781850161608787,1.7225258617439427,0.7225258617439427,True,141.86059999974532,Optimization terminated successfully
Student Performance,5,42,10,300,0.0001,50,most_parsimonious,Ranked k-means,Random 50% immutable,α = 1,1.0,402,4,1,True,7.0,4.0,0.23143059412313735,3.004295786170589,1.4534485032934785,0.4534485032934785,True,123.43940000027942,Optimization terminated successfully
Student Performance,5,42,10,300,0.0001,50,most_parsimonious,Ranked k-means,Random 50% immutable,α < 1,0.9849107803895755,402,4,1,True,7.0,4.0,0.23895556204158355,3.052747437902743,1.4303801243996304,0.43038012439963036,True,117.27040000005218,Optimization terminated successfully
Student Performance,5,42,10,300,0.0001,50,most_parsimonious,Ranked k-means,Random 75% immutable,α = 1,1.0,402,4,1,False,,,,,,,False,188.751400000001,No feasible counterfactual found.
Student Performance,5,42,10,300,0.0001,50,most_parsimonious,Ranked k-means,Random 75% immutable,α < 1,0.9849107803895755,402,4,1,False,,,,,,,False,202.2263999997449,No feasible counterfactual found.
Student Performance,5,42,10,300,0.0001,50,most_parsimonious,Ranked k-means,All features mutable,α = 1,1.0,449,2,1,True,5.0,3.0,0.6380206437225091,4.988266743587181,1.0,0.0,False,34.5073999997112,Optimization terminated successfully
Student Performance,5,42,10,300,0.0001,50,most_parsimonious,Ranked k-means,All features mutable,α < 1,0.9849107803895755,449,2,1,True,5.0,3.0,0.6523424436569344,5.04394243648958,1.0,0.0,False,65.07750000037049,Optimization terminated successfully
Student Performance,5,42,10,300,0.0001,50,most_parsimonious,Ranked k-means,Random 25% immutable,α = 1,1.0,449,2,1,True,5.0,3.0,0.6380206437225091,4.988266743587181,1.0,0.0,False,34.929899999951886,Optimization terminated successfully
Student Performance,5,42,10,300,0.0001,50,most_parsimonious,Ranked k-means,Random 25% immutable,α < 1,0.9849107803895755,449,2,1,True,5.0,3.0,0.6523424436569344,5.04394243648958,1.0,0.0,False,67.46799999928044,Optimization terminated successfully
Student Performance,5,42,10,300,0.0001,50,most_parsimonious,Ranked k-means,Random 50% immutable,α = 1,1.0,449,2,1,True,5.0,3.0,0.38670004122669377,3.883465154709265,1.0663056653039418,0.06630566530394177,True,37.81689999959781,Optimization terminated successfully
Student Performance,5,42,10,300,0.0001,50,most_parsimonious,Ranked k-means,Random 50% immutable,α < 1,0.9849107803895755,449,2,1,True,5.0,3.0,0.3947797241183725,3.923825842289197,1.0553375721991953,0.05533757219919533,True,51.69659999955911,Optimization terminated successfully
Student Performance,5,42,10,300,0.0001,50,most_parsimonious,Ranked k-means,Random 75% immutable,α = 1,1.0,449,2,1,True,3.0,3.0,0.5206216539341096,4.506023136140146,1.0000000000000002,2.220446049250313e-16,True,15.61550000042189,Optimization terminated successfully
Student Performance,5,42,10,300,0.0001,50,most_parsimonious,Ranked k-means,Random 75% immutable,α < 1,0.9849107803895755,449,2,1,True,5.0,4.0,0.4731062215914512,4.295479326229682,1.0,0.0,False,32.424600000013015,Optimization terminated successfully
Student Performance,5,42,10,300,0.0001,50,most_parsimonious,Ranked k-means,All features mutable,α = 1,1.0,176,3,0,True,9.0,6.0,0.2800981009901231,3.305121168522389,1.3941427693509432,0.39414276935094317,True,250.94219999937195,Optimization terminated successfully
Student Performance,5,42,10,300,0.0001,50,most_parsimonious,Ranked k-means,All features mutable,α < 1,0.9546250367985473,176,3,0,True,9.0,6.0,0.30524692759155037,3.4503087073580043,1.3354778247327477,0.3354778247327477,True,208.36919999965176,Optimization terminated successfully
Student Performance,5,42,10,300,0.0001,50,most_parsimonious,Ranked k-means,Random 25% immutable,α = 1,1.0,176,3,0,True,6.0,4.0,0.2827049380695709,3.3204657180451758,1.3812873045957832,0.3812873045957832,True,89.4151000002239,Optimization terminated successfully
Student Performance,5,42,10,300,0.0001,50,most_parsimonious,Ranked k-means,Random 25% immutable,α < 1,0.9546250367985473,176,3,0,True,6.0,4.0,0.3080878215726959,3.466327313070008,1.3231633117892014,0.32316331178920144,True,86.90630000000965,Optimization terminated successfully
Student Performance,5,42,10,300,0.0001,50,most_parsimonious,Ranked k-means,Random 50% immutable,α = 1,1.0,176,3,0,True,5.0,4.0,0.29446644023156765,3.3888333049932005,1.3261162871890004,0.32611628718900043,True,51.12829999961832,Optimization terminated successfully
Student Performance,5,42,10,300,0.0001,50,most_parsimonious,Ranked k-means,Random 50% immutable,α < 1,0.9546250367985473,176,3,0,True,5.0,4.0,0.3209053393856335,3.5376981550211015,1.2703138721487848,0.2703138721487848,True,154.83990000029735,Optimization terminated successfully
Student Performance,5,42,10,300,0.0001,50,most_parsimonious,Ranked k-means,Random 75% immutable,α = 1,1.0,176,3,0,True,9.0,7.0,0.6049546361003881,4.85728636256039,1.0,0.0,False,206.57279999977618,Optimization terminated successfully
Student Performance,5,42,10,300,0.0001,50,most_parsimonious,Ranked k-means,Random 75% immutable,α < 1,0.9546250367985473,176,3,0,True,9.0,7.0,0.7892721148957398,5.548117922407008,1.0,0.0,False,244.40670000058162,Optimization terminated successfully
Student Performance,5,42,10,300,0.0001,50,most_parsimonious,Ranked k-means,All features mutable,α = 1,1.0,287,4,1,True,6.0,4.0,0.37770951344516845,3.8380556307017715,1.0442598081141186,0.04425980811411856,True,50.91199999969831,Optimization terminated successfully
Student Performance,5,42,10,300,0.0001,50,most_parsimonious,Ranked k-means,All features mutable,α < 1,0.9849107803895755,287,4,1,True,6.0,4.0,0.38936907094749096,3.896844077834286,1.0285059650300983,0.02850596503009828,True,20.794000000023516,Optimization terminated successfully
Student Performance,5,42,10,300,0.0001,50,most_parsimonious,Ranked k-means,Random 25% immutable,α = 1,1.0,287,4,1,True,6.0,4.0,0.37770951344516845,3.8380556307017715,1.0442598081141186,0.04425980811411856,True,47.88590000043769,Optimization terminated successfully
Student Performance,5,42,10,300,0.0001,50,most_parsimonious,Ranked k-means,Random 25% immutable,α < 1,0.9849107803895755,287,4,1,True,6.0,4.0,0.38936907094749096,3.896844077834286,1.0285059650300983,0.02850596503009828,True,20.258900000044378,Optimization terminated successfully
Student Performance,5,42,10,300,0.0001,50,most_parsimonious,Ranked k-means,Random 50% immutable,α = 1,1.0,287,4,1,False,,,,,,,False,252.1775000004709,No feasible counterfactual found.
Student Performance,5,42,10,300,0.0001,50,most_parsimonious,Ranked k-means,Random 50% immutable,α < 1,0.9849107803895755,287,4,1,False,,,,,,,False,265.9677000001466,No feasible counterfactual found.
Student Performance,5,42,10,300,0.0001,50,most_parsimonious,Ranked k-means,Random 75% immutable,α = 1,1.0,287,4,1,False,,,,,,,False,221.54609999961394,No feasible counterfactual found.
Student Performance,5,42,10,300,0.0001,50,most_parsimonious,Ranked k-means,Random 75% immutable,α < 1,0.9849107803895755,287,4,1,False,,,,,,,False,137.26719999976922,No feasible counterfactual found.
Student Performance,5,42,10,300,0.0001,50,most_parsimonious,Ranked k-means,All features mutable,α = 1,1.0,227,3,1,True,1.0,1.0,0.2933721977669706,3.382530962594704,1.2915803482289445,0.2915803482289445,True,2.1021000002292567,Optimization terminated successfully
Student Performance,5,42,10,300,0.0001,50,most_parsimonious,Ranked k-means,All features mutable,α < 1,0.9849107803895755,227,3,1,True,1.0,1.0,0.3057894203999039,3.453373335681541,1.265084916659046,0.2650849166590461,True,2.200299999458366,Optimization terminated successfully
Student Performance,5,42,10,300,0.0001,50,most_parsimonious,Ranked k-means,Random 25% immutable,α = 1,1.0,227,3,1,True,1.0,1.0,0.2933721977669706,3.382530962594704,1.2915803482289445,0.2915803482289445,True,2.222299999630195,Optimization terminated successfully
Student Performance,5,42,10,300,0.0001,50,most_parsimonious,Ranked k-means,Random 25% immutable,α < 1,0.9849107803895755,227,3,1,True,1.0,1.0,0.3057894203999039,3.453373335681541,1.265084916659046,0.2650849166590461,True,2.185499999541207,Optimization terminated successfully
Student Performance,5,42,10,300,0.0001,50,most_parsimonious,Ranked k-means,Random 50% immutable,α = 1,1.0,227,3,1,True,1.0,1.0,0.2933721977669706,3.382530962594704,1.2915803482289445,0.2915803482289445,True,2.2288999998636427,Optimization terminated successfully
Student Performance,5,42,10,300,0.0001,50,most_parsimonious,Ranked k-means,Random 50% immutable,α < 1,0.9849107803895755,227,3,1,True,1.0,1.0,0.3057894203999039,3.453373335681541,1.265084916659046,0.2650849166590461,True,2.0264000004317495,Optimization terminated successfully
Student Performance,5,42,10,300,0.0001,50,most_parsimonious,Ranked k-means,Random 75% immutable,α = 1,1.0,227,3,1,False,,,,,,,False,284.7644000003129,No feasible counterfactual found.
Student Performance,5,42,10,300,0.0001,50,most_parsimonious,Ranked k-means,Random 75% immutable,α < 1,0.9849107803895755,227,3,1,False,,,,,,,False,239.44600000049832,No feasible counterfactual found.
Student Performance,5,42,10,300,0.0001,50,most_parsimonious,Ranked k-means,All features mutable,α = 1,1.0,439,2,1,True,4.0,2.0,0.4762001245878779,4.30950169496744,1.0,0.0,False,124.46349999936501,Optimization terminated successfully
Student Performance,5,42,10,300,0.0001,50,most_parsimonious,Ranked k-means,All features mutable,α < 1,0.9849107803895755,439,2,1,True,4.0,2.0,0.49201369233882153,4.380471892526425,1.0000000000000002,2.220446049250313e-16,True,156.45260000019334,Optimization terminated successfully
Student Performance,5,42,10,300,0.0001,50,most_parsimonious,Ranked k-means,Random 25% immutable,α = 1,1.0,439,2,1,True,2.0,2.0,0.4762001245878779,4.30950169496744,1.0,0.0,False,3.76109999979235,Optimization terminated successfully
Student Performance,5,42,10,300,0.0001,50,most_parsimonious,Ranked k-means,Random 25% immutable,α < 1,0.9849107803895755,439,2,1,True,2.0,2.0,0.49201369233882153,4.380471892526425,1.0,0.0,False,3.7631000004694215,Optimization terminated successfully
Student Performance,5,42,10,300,0.0001,50,most_parsimonious,Ranked k-means,Random 50% immutable,α = 1,1.0,439,2,1,True,4.0,2.0,0.4762001245878779,4.30950169496744,1.0,0.0,False,118.97890000000189,Optimization terminated successfully
Student Performance,5,42,10,300,0.0001,50,most_parsimonious,Ranked k-means,Random 50% immutable,α < 1,0.9849107803895755,439,2,1,True,4.0,2.0,0.49201369233882153,4.380471892526425,1.0000000000000002,2.220446049250313e-16,True,180.44520000057673,Optimization terminated successfully
Student Performance,5,42,10,300,0.0001,50,most_parsimonious,Ranked k-means,Random 75% immutable,α = 1,1.0,439,2,1,True,4.0,3.0,0.4914526789829601,4.3779737870772415,1.0,0.0,False,30.38269999979093,Optimization terminated successfully
Student Performance,5,42,10,300,0.0001,50,most_parsimonious,Ranked k-means,Random 75% immutable,α < 1,0.9849107803895755,439,2,1,True,4.0,3.0,0.5070175194292879,4.446760985002705,1.0,0.0,False,12.284000000363449,Optimization terminated successfully
Student Performance,5,42,10,300,0.0001,50,most_parsimonious,Ranked k-means,All features mutable,α = 1,1.0,261,2,4,True,4.0,3.0,0.6631637557537546,5.085605811935922,1.0000000000000002,2.220446049250313e-16,True,39.32060000079218,Optimization terminated successfully
Student Performance,5,42,10,300,0.0001,50,most_parsimonious,Ranked k-means,All features mutable,α < 1,0.890151690365568,261,2,4,True,4.0,3.0,0.8001547460523969,5.586236219141067,1.0,0.0,False,40.485200000148325,Optimization terminated successfully
Student Performance,5,42,10,300,0.0001,50,most_parsimonious,Ranked k-means,Random 25% immutable,α = 1,1.0,261,2,4,True,4.0,3.0,0.6631637557537546,5.085605811935922,1.0000000000000002,2.220446049250313e-16,True,38.751399999455316,Optimization terminated successfully
Student Performance,5,42,10,300,0.0001,50,most_parsimonious,Ranked k-means,Random 25% immutable,α < 1,0.890151690365568,261,2,4,True,4.0,3.0,0.8001547460523969,5.586236219141067,1.0,0.0,False,39.84240000045247,Optimization terminated successfully
Student Performance,5,42,10,300,0.0001,50,most_parsimonious,Ranked k-means,Random 50% immutable,α = 1,1.0,261,2,4,True,8.0,5.0,0.3763442893974133,3.831113061043634,1.034103661708914,0.0341036617089141,True,93.80570000030275,Optimization terminated successfully
Student Performance,5,42,10,300,0.0001,50,most_parsimonious,Ranked k-means,Random 50% immutable,α < 1,0.890151690365568,261,2,4,True,8.0,5.0,0.46664991214426343,4.266069218100695,1.0,0.0,False,101.41180000027816,Optimization terminated successfully
Student Performance,5,42,10,300,0.0001,50,most_parsimonious,Ranked k-means,Random 75% immutable,α = 1,1.0,261,2,4,True,3.0,2.0,0.621617187736467,4.923725248399043,1.0000000000000009,8.881784197001252e-16,True,15.332399999351765,Optimization terminated successfully
Student Performance,5,42,10,300,0.0001,50,most_parsimonious,Ranked k-means,Random 75% immutable,α < 1,0.890151690365568,261,2,4,True,6.0,4.0,0.6020771052138922,4.845720493728647,1.0000000000000004,4.440892098500626e-16,True,49.68559999997524,Optimization terminated successfully
Student Performance,5,42,10,300,0.0001,50,most_parsimonious,Ranked k-means,All features mutable,α = 1,1.0,43,2,3,True,10.0,5.0,0.2279927874127732,2.981898507511306,1.0,0.0,False,199.05999999991764,Optimization terminated successfully
Student Performance,5,42,10,300,0.0001,50,most_parsimonious,Ranked k-means,All features mutable,α < 1,0.9803072113728922,43,2,3,True,10.0,5.0,0.24065076812846053,3.063556749435199,1.0,0.0,False,127.71260000045004,Optimization terminated successfully
Student Performance,5,42,10,300,0.0001,50,most_parsimonious,Ranked k-means,Random 25% immutable,α = 1,1.0,43,2,3,True,6.0,3.0,0.24321457150780296,3.0798325098622352,1.0,0.0,False,46.11860000022716,Optimization terminated successfully
Student Performance,5,42,10,300,0.0001,50,most_parsimonious,Ranked k-means,Random 25% immutable,α < 1,0.9803072113728922,43,2,3,True,6.0,3.0,0.2574309405397925,3.1685653979446133,1.0000000000000004,4.440892098500626e-16,True,101.3665000000401,Optimization terminated successfully
Student Performance,5,42,10,300,0.0001,50,most_parsimonious,Ranked k-means,Random 50% immutable,α = 1,1.0,43,2,3,True,10.0,7.0,0.4198735674408497,4.046612055805837,1.0,0.0,False,229.5948999999382,Optimization terminated successfully
Student Performance,5,42,10,300,0.0001,50,most_parsimonious,Ranked k-means,Random 50% immutable,α < 1,0.9803072113728922,43,2,3,True,10.0,7.0,0.5607085064445791,4.676283968210077,1.0,0.0,False,125.23160000000644,Optimization terminated successfully
Student Performance,5,42,10,300,0.0001,50,most_parsimonious,Ranked k-means,Random 75% immutable,α = 1,1.0,43,2,3,False,,,,,,,False,173.79909999999654,No feasible counterfactual found.
Student Performance,5,42,10,300,0.0001,50,most_parsimonious,Ranked k-means,Random 75% immutable,α < 1,0.9803072113728922,43,2,3,False,,,,,,,False,182.07220000022062,No feasible counterfactual found.
Student Performance,5,42,10,300,0.0001,50,most_parsimonious,Ranked k-means,All features mutable,α = 1,1.0,483,3,1,True,5.0,4.0,0.49188189500550733,4.379885147491288,1.0,0.0,False,51.45379999976285,Optimization terminated successfully
Student Performance,5,42,10,300,0.0001,50,most_parsimonious,Ranked k-means,All features mutable,α < 1,0.9849107803895755,483,3,1,True,5.0,4.0,0.5049516279785102,4.437692361032014,1.0,0.0,False,66.71249999999418,Optimization terminated successfully
Student Performance,5,42,10,300,0.0001,50,most_parsimonious,Ranked k-means,Random 25% immutable,α = 1,1.0,483,3,1,True,5.0,4.0,0.28419060452923195,3.3291791145325966,1.220579935498291,0.2205799354982909,True,52.165400000376394,Optimization terminated successfully
Student Performance,5,42,10,300,0.0001,50,most_parsimonious,Ranked k-means,Random 25% immutable,α < 1,0.9849107803895755,483,3,1,True,5.0,4.0,0.2905729170690277,3.3663546702170413,1.2071007425579117,0.20710074255791167,True,48.16320000009,Optimization terminated successfully
Student Performance,5,42,10,300,0.0001,50,most_parsimonious,Ranked k-means,Random 50% immutable,α = 1,1.0,483,3,1,False,,,,,,,False,892.443199999434,No feasible counterfactual found.
Student Performance,5,42,10,300,0.0001,50,most_parsimonious,Ranked k-means,Random 50% immutable,α < 1,0.9849107803895755,483,3,1,False,,,,,,,False,522.9167999996207,No feasible counterfactual found.
Student Performance,5,42,10,300,0.0001,50,most_parsimonious,Ranked k-means,Random 75% immutable,α = 1,1.0,483,3,1,False,,,,,,,False,113.32260000017413,No feasible counterfactual found.
Student Performance,5,42,10,300,0.0001,50,most_parsimonious,Ranked k-means,Random 75% immutable,α < 1,0.9849107803895755,483,3,1,False,,,,,,,False,195.3678999998374,No feasible counterfactual found.
Student Performance,5,42,10,300,0.0001,50,most_parsimonious,Ranked k-means,All features mutable,α = 1,1.0,321,2,4,True,2.0,2.0,0.5989346005907714,4.833057978448022,1.12186407784661,0.12186407784661002,True,7.461300000613846,Optimization terminated successfully
Student Performance,5,42,10,300,0.0001,50,most_parsimonious,Ranked k-means,All features mutable,α < 1,0.890151690365568,321,2,4,True,2.0,2.0,0.7376463886671754,5.363600391343471,1.010894494860595,0.010894494860594905,True,3.638600000158476,Optimization terminated successfully
Student Performance,5,42,10,300,0.0001,50,most_parsimonious,Ranked k-means,Random 25% immutable,α = 1,1.0,321,2,4,True,2.0,2.0,0.5989346005907714,4.833057978448022,1.12186407784661,0.12186407784661002,True,8.187200000065786,Optimization terminated successfully
Student Performance,5,42,10,300,0.0001,50,most_parsimonious,Ranked k-means,Random 25% immutable,α < 1,0.890151690365568,321,2,4,True,2.0,2.0,0.7376463886671754,5.363600391343471,1.010894494860595,0.010894494860594905,True,3.645699999651697,Optimization terminated successfully
Student Performance,5,42,10,300,0.0001,50,most_parsimonious,Ranked k-means,Random 50% immutable,α = 1,1.0,321,2,4,True,1.0,1.0,0.601889365388676,4.844964937969971,1.1163566755202534,0.11635667552025342,True,2.3608000001331675,Optimization terminated successfully
Student Performance,5,42,10,300,0.0001,50,most_parsimonious,Ranked k-means,Random 50% immutable,α < 1,0.890151690365568,321,2,4,True,1.0,1.0,0.7412854697628053,5.37681442126743,1.0059318636274226,0.0059318636274225955,True,2.641600000060862,Optimization terminated successfully
Student Performance,5,42,10,300,0.0001,50,most_parsimonious,Ranked k-means,Random 75% immutable,α = 1,1.0,321,2,4,True,2.0,1.0,0.2887953300922937,3.3560419952079643,1.138569263281924,0.13856926328192398,True,3.736699999535631,Optimization terminated successfully
Student Performance,5,42,10,300,0.0001,50,most_parsimonious,Ranked k-means,Random 75% immutable,α < 1,0.890151690365568,321,2,4,True,2.0,1.0,0.35567962194269315,3.724446973144474,1.0259472854841227,0.02594728548412273,True,42.46580000017275,Optimization terminated successfully
Student Performance,5,42,10,300,0.0001,50,most_parsimonious,Ranked k-means,All features mutable,α = 1,1.0,310,3,4,True,4.0,4.0,0.7343469195799335,5.351591339369759,1.0,0.0,False,24.42940000037197,Optimization terminated successfully
Student Performance,5,42,10,300,0.0001,50,most_parsimonious,Ranked k-means,All features mutable,α < 1,0.890151690365568,310,3,4,True,4.0,4.0,0.9416906902734989,6.060192812169136,1.0,0.0,False,25.104600000304345,Optimization terminated successfully
Student Performance,5,42,10,300,0.0001,50,most_parsimonious,Ranked k-means,Random 25% immutable,α = 1,1.0,310,3,4,True,3.0,3.0,0.7375655474610755,5.36330647557847,1.0,0.0,False,15.666700000110723,Optimization terminated successfully
Student Performance,5,42,10,300,0.0001,50,most_parsimonious,Ranked k-means,Random 25% immutable,α < 1,0.890151690365568,310,3,4,True,4.0,4.0,0.7347284952107243,5.35298153492222,1.0000000000000002,2.220446049250313e-16,True,36.580400000275404,Optimization terminated successfully
Student Performance,5,42,10,300,0.0001,50,most_parsimonious,Ranked k-means,Random 50% immutable,α = 1,1.0,310,3,4,False,,,,,,,False,365.2863999996043,No feasible counterfactual found.
Student Performance,5,42,10,300,0.0001,50,most_parsimonious,Ranked k-means,Random 50% immutable,α < 1,0.890151690365568,310,3,4,False,,,,,,,False,619.2558000002464,No feasible counterfactual found.
Student Performance,5,42,10,300,0.0001,50,most_parsimonious,Ranked k-means,Random 75% immutable,α = 1,1.0,310,3,4,False,,,,,,,False,92.4870999997438,No feasible counterfactual found.
Student Performance,5,42,10,300,0.0001,50,most_parsimonious,Ranked k-means,Random 75% immutable,α < 1,0.890151690365568,310,3,4,False,,,,,,,False,129.03459999961342,No feasible counterfactual found.
Student Performance,5,42,10,300,0.0001,50,most_parsimonious,Ranked k-means,All features mutable,α = 1,1.0,485,3,1,True,4.0,2.0,0.36937451445005487,3.7954717840542753,1.0,0.0,False,134.38230000065232,Optimization terminated successfully
Student Performance,5,42,10,300,0.0001,50,most_parsimonious,Ranked k-means,All features mutable,α < 1,0.9849107803895755,485,3,1,True,4.0,2.0,0.3817118890463119,3.8583369050416225,1.0,0.0,False,35.62400000009802,Optimization terminated successfully
Student Performance,5,42,10,300,0.0001,50,most_parsimonious,Ranked k-means,Random 25% immutable,α = 1,1.0,485,3,1,True,4.0,2.0,0.36937451445005487,3.7954717840542753,1.0,0.0,False,151.7996000002313,Optimization terminated successfully
Student Performance,5,42,10,300,0.0001,50,most_parsimonious,Ranked k-means,Random 25% immutable,α < 1,0.9849107803895755,485,3,1,True,4.0,2.0,0.3817118890463119,3.8583369050416225,1.0,0.0,False,34.909399999378365,Optimization terminated successfully
Student Performance,5,42,10,300,0.0001,50,most_parsimonious,Ranked k-means,Random 50% immutable,α = 1,1.0,485,3,1,False,,,,,,,False,489.11469999984547,No feasible counterfactual found.
Student Performance,5,42,10,300,0.0001,50,most_parsimonious,Ranked k-means,Random 50% immutable,α < 1,0.9849107803895755,485,3,1,False,,,,,,,False,452.0489999995334,No feasible counterfactual found.
Student Performance,5,42,10,300,0.0001,50,most_parsimonious,Ranked k-means,Random 75% immutable,α = 1,1.0,485,3,1,True,4.0,4.0,0.4870718182143401,4.358417248309214,1.0,0.0,False,22.321800000099756,Optimization terminated successfully
Student Performance,5,42,10,300,0.0001,50,most_parsimonious,Ranked k-means,Random 75% immutable,α < 1,0.9849107803895755,485,3,1,True,5.0,5.0,0.6146551987380603,4.8960752394938085,1.0000000000000016,1.5543122344752192e-15,True,24.264199999379343,Optimization terminated successfully
Student Performance,5,42,10,300,0.0001,50,most_parsimonious,Ranked k-means,All features mutable,α = 1,1.0,122,4,1,True,2.0,2.0,0.3512839511610233,3.701361113871478,1.8684885616798594,0.8684885616798594,True,10.542200000600133,Optimization terminated successfully
Student Performance,5,42,10,300,0.0001,50,most_parsimonious,Ranked k-means,All features mutable,α < 1,0.9849107803895755,122,4,1,True,2.0,2.0,0.36324992134519574,3.763873926217858,1.8374555123076692,0.8374555123076692,True,7.725700000264624,Optimization terminated successfully
Student Performance,5,42,10,300,0.0001,50,most_parsimonious,Ranked k-means,Random 25% immutable,α = 1,1.0,122,4,1,True,5.0,3.0,0.314399531640038,3.5016541425391345,1.1377785437586965,0.13777854375869647,True,33.62770000057935,Optimization terminated successfully
Student Performance,5,42,10,300,0.0001,50,most_parsimonious,Ranked k-means,Random 25% immutable,α < 1,0.9849107803895755,122,4,1,True,5.0,3.0,0.32510908842191855,3.560794075547591,1.1188815945203558,0.11888159452035585,True,36.088699999709206,Optimization terminated successfully
Student Performance,5,42,10,300,0.0001,50,most_parsimonious,Ranked k-means,Random 50% immutable,α = 1,1.0,122,4,1,True,2.0,2.0,0.3512839511610233,3.701361113871478,1.8684885616798594,0.8684885616798594,True,10.48960000025545,Optimization terminated successfully
Student Performance,5,42,10,300,0.0001,50,most_parsimonious,Ranked k-means,Random 50% immutable,α < 1,0.9849107803895755,122,4,1,True,2.0,2.0,0.36324992134519574,3.763873926217858,1.8374555123076692,0.8374555123076692,True,8.04820000030304,Optimization terminated successfully
Student Performance,5,42,10,300,0.0001,50,most_parsimonious,Ranked k-means,Random 75% immutable,α = 1,1.0,122,4,1,False,,,,,,,False,142.35370000005787,No feasible counterfactual found.
Student Performance,5,42,10,300,0.0001,50,most_parsimonious,Ranked k-means,Random 75% immutable,α < 1,0.9849107803895755,122,4,1,False,,,,,,,False,123.15720000060537,No feasible counterfactual found.
Student Performance,5,42,10,300,0.0001,50,most_parsimonious,Ranked k-means,All features mutable,α = 1,1.0,518,2,3,True,7.0,3.0,0.43825398672089916,4.134235779695573,1.0000000000000004,4.440892098500626e-16,True,29.70900000036636,Optimization terminated successfully
Student Performance,5,42,10,300,0.0001,50,most_parsimonious,Ranked k-means,All features mutable,α < 1,0.9803072113728922,518,2,3,True,9.0,4.0,0.4020599376707564,3.959840598958435,1.0000000000000002,2.220446049250313e-16,True,756.4898999999059,Optimization terminated successfully
Student Performance,5,42,10,300,0.0001,50,most_parsimonious,Ranked k-means,Random 25% immutable,α = 1,1.0,518,2,3,True,6.0,3.0,0.43825398672089916,4.134235779695573,1.0000000000000004,4.440892098500626e-16,True,17.9788000004919,Optimization terminated successfully
Student Performance,5,42,10,300,0.0001,50,most_parsimonious,Ranked k-means,Random 25% immutable,α < 1,0.9803072113728922,518,2,3,True,9.0,4.0,0.5073687326000944,4.448300863408823,1.0,0.0,False,805.2436999996644,Optimization terminated successfully
Student Performance,5,42,10,300,0.0001,50,most_parsimonious,Ranked k-means,Random 50% immutable,α = 1,1.0,518,2,3,True,8.0,5.0,0.13343780433733762,2.2812440398072646,1.0,0.0,False,88.88540000043577,Optimization terminated successfully
Student Performance,5,42,10,300,0.0001,50,most_parsimonious,Ranked k-means,Random 50% immutable,α < 1,0.9803072113728922,518,2,3,True,8.0,5.0,0.13992398390127572,2.336029831177195,1.0,0.0,False,83.6991999995007,Optimization terminated successfully
Student Performance,5,42,10,300,0.0001,50,most_parsimonious,Ranked k-means,Random 75% immutable,α = 1,1.0,518,2,3,False,,,,,,,False,54.14310000014666,No feasible counterfactual found.
Student Performance,5,42,10,300,0.0001,50,most_parsimonious,Ranked k-means,Random 75% immutable,α < 1,0.9803072113728922,518,2,3,False,,,,,,,False,743.0995000004259,No feasible counterfactual found.
Student Performance,5,42,10,300,0.0001,50,most_parsimonious,Ranked k-means,All features mutable,α = 1,1.0,351,0,3,True,16.0,5.0,0.5855463489334338,4.778734938077641,1.0000000000000002,2.220446049250313e-16,True,195.51360000059503,Optimization terminated successfully
Student Performance,5,42,10,300,0.0001,50,most_parsimonious,Ranked k-means,All features mutable,α < 1,0.9803072113728922,351,0,3,True,16.0,5.0,0.6053312385999003,4.858798030932765,1.0000000000000002,2.220446049250313e-16,True,200.61770000029355,Optimization terminated successfully
Student Performance,5,42,10,300,0.0001,50,most_parsimonious,Ranked k-means,Random 25% immutable,α = 1,1.0,351,0,3,True,13.0,4.0,0.5855747338793709,4.778850763655993,1.0,0.0,False,110.37769999984448,Optimization terminated successfully
Student Performance,5,42,10,300,0.0001,50,most_parsimonious,Ranked k-means,Random 25% immutable,α < 1,0.9803072113728922,351,0,3,True,13.0,4.0,0.6053615359270411,4.8589196228333105,1.0,0.0,False,171.2803000000349,Optimization terminated successfully
Student Performance,5,42,10,300,0.0001,50,most_parsimonious,Ranked k-means,Random 50% immutable,α = 1,1.0,351,0,3,True,9.0,3.0,0.5947419114582206,4.816111974079362,1.0,0.0,False,88.26970000063739,Optimization terminated successfully
Student Performance,5,42,10,300,0.0001,50,most_parsimonious,Ranked k-means,Random 50% immutable,α < 1,0.9803072113728922,351,0,3,True,9.0,3.0,0.6151463344829915,4.898030935471588,1.0,0.0,False,119.08339999990858,Optimization terminated successfully
Student Performance,5,42,10,300,0.0001,50,most_parsimonious,Ranked k-means,Random 75% immutable,α = 1,1.0,351,0,3,False,,,,,,,False,74.44250000025932,No feasible counterfactual found.
Student Performance,5,42,10,300,0.0001,50,most_parsimonious,Ranked k-means,Random 75% immutable,α < 1,0.9803072113728922,351,0,3,False,,,,,,,False,170.09909999978845,No feasible counterfactual found.
Student Performance,5,42,10,300,0.0001,50,most_parsimonious,Ranked k-means,All features mutable,α = 1,1.0,515,3,1,True,5.0,3.0,0.5559901922739329,4.65656713670955,1.018138664024529,0.018138664024528905,True,24.836900000082096,Optimization terminated successfully
Student Performance,5,42,10,300,0.0001,50,most_parsimonious,Ranked k-means,All features mutable,α < 1,0.9849107803895755,515,3,1,True,5.0,3.0,0.5674620482887323,4.704361793406259,1.0077947387599604,0.007794738759960396,True,95.77059999992343,Optimization terminated successfully
Student Performance,5,42,10,300,0.0001,50,most_parsimonious,Ranked k-means,Random 25% immutable,α = 1,1.0,515,3,1,True,5.0,3.0,0.5559901922739329,4.65656713670955,1.018138664024529,0.018138664024528905,True,24.726399999963178,Optimization terminated successfully
Student Performance,5,42,10,300,0.0001,50,most_parsimonious,Ranked k-means,Random 25% immutable,α < 1,0.9849107803895755,515,3,1,True,5.0,3.0,0.5674620482887323,4.704361793406259,1.0077947387599604,0.007794738759960396,True,96.83589999985998,Optimization terminated successfully
Student Performance,5,42,10,300,0.0001,50,most_parsimonious,Ranked k-means,Random 50% immutable,α = 1,1.0,515,3,1,False,,,,,,,False,318.1131999999707,No feasible counterfactual found.
Student Performance,5,42,10,300,0.0001,50,most_parsimonious,Ranked k-means,Random 50% immutable,α < 1,0.9849107803895755,515,3,1,False,,,,,,,False,644.4914000003337,No feasible counterfactual found.
Student Performance,5,42,10,300,0.0001,50,most_parsimonious,Ranked k-means,Random 75% immutable,α = 1,1.0,515,3,1,False,,,,,,,False,107.62400000021444,No feasible counterfactual found.
Student Performance,5,42,10,300,0.0001,50,most_parsimonious,Ranked k-means,Random 75% immutable,α < 1,0.9849107803895755,515,3,1,False,,,,,,,False,130.14290000046458,No feasible counterfactual found.
Student Performance,5,42,10,300,0.0001,50,most_parsimonious,Ranked k-means,All features mutable,α = 1,1.0,105,4,3,True,2.0,1.0,0.13642330687797039,2.3066228491543312,2.3448605623356777,1.3448605623356777,True,60.39520000012999,Optimization terminated successfully
Student Performance,5,42,10,300,0.0001,50,most_parsimonious,Ranked k-means,All features mutable,α < 1,0.9803072113728922,105,4,3,True,2.0,1.0,0.14777393876430103,2.4006631608386337,2.2530061857053285,1.2530061857053285,True,7.399399999485468,Optimization terminated successfully
Student Performance,5,42,10,300,0.0001,50,most_parsimonious,Ranked k-means,Random 25% immutable,α = 1,1.0,105,4,3,True,2.0,1.0,0.13642330687797039,2.3066228491543312,2.3448605623356777,1.3448605623356777,True,74.55360000039946,Optimization terminated successfully
Student Performance,5,42,10,300,0.0001,50,most_parsimonious,Ranked k-means,Random 25% immutable,α < 1,0.9803072113728922,105,4,3,True,2.0,1.0,0.14777393876430103,2.4006631608386337,2.2530061857053285,1.2530061857053285,True,7.740900000499096,Optimization terminated successfully
Student Performance,5,42,10,300,0.0001,50,most_parsimonious,Ranked k-means,Random 50% immutable,α = 1,1.0,105,4,3,True,2.0,1.0,0.13642330687797039,2.3066228491543312,2.3448605623356777,1.3448605623356777,True,61.557900000480004,Optimization terminated successfully
Student Performance,5,42,10,300,0.0001,50,most_parsimonious,Ranked k-means,Random 50% immutable,α < 1,0.9803072113728922,105,4,3,True,2.0,1.0,0.14777393876430103,2.4006631608386337,2.2530061857053285,1.2530061857053285,True,7.867700000133482,Optimization terminated successfully
Student Performance,5,42,10,300,0.0001,50,most_parsimonious,Ranked k-means,Random 75% immutable,α = 1,1.0,105,4,3,True,5.0,4.0,0.7024458207042806,5.234060279311554,1.0000000000000002,2.220446049250313e-16,True,75.7197000002634,Optimization terminated successfully
Student Performance,5,42,10,300,0.0001,50,most_parsimonious,Ranked k-means,Random 75% immutable,α < 1,0.9803072113728922,105,4,3,True,5.0,4.0,0.8104921826209533,5.622205538951523,1.0000000000000002,2.220446049250313e-16,True,46.34710000027553,Optimization terminated successfully
Student Performance,5,42,10,300,0.0001,50,most_parsimonious,Ranked k-means,All features mutable,α = 1,1.0,423,0,1,True,4.0,3.0,0.3407909964791028,3.6456616495068506,1.1386580673210458,0.1386580673210458,True,58.33199999960925,Optimization terminated successfully
Student Performance,5,42,10,300,0.0001,50,most_parsimonious,Ranked k-means,All features mutable,α < 1,0.9849107803895755,423,0,1,True,4.0,3.0,0.35148712772956947,3.7024313608024135,1.120530094081926,0.12053009408192605,True,83.16149999973277,Optimization terminated successfully
Student Performance,5,42,10,300,0.0001,50,most_parsimonious,Ranked k-means,Random 25% immutable,α = 1,1.0,423,0,1,True,4.0,3.0,0.4481171661628323,4.180498711918288,1.0,0.0,False,60.01220000052854,Optimization terminated successfully
Student Performance,5,42,10,300,0.0001,50,most_parsimonious,Ranked k-means,Random 25% immutable,α < 1,0.9849107803895755,423,0,1,True,4.0,3.0,0.46382988347424126,4.253159467442458,1.0,0.0,False,82.70819999961532,Optimization terminated successfully
Student Performance,5,42,10,300,0.0001,50,most_parsimonious,Ranked k-means,Random 50% immutable,α = 1,1.0,423,0,1,True,4.0,4.0,0.18580958145269202,2.691946076104607,1.0,0.0,False,14.306600000054459,Optimization terminated successfully
Student Performance,5,42,10,300,0.0001,50,most_parsimonious,Ranked k-means,Random 50% immutable,α < 1,0.9849107803895755,423,0,1,True,4.0,4.0,0.19253660527967123,2.7402422531424437,1.0,0.0,False,27.826900000036403,Optimization terminated successfully
Student Performance,5,42,10,300,0.0001,50,most_parsimonious,Ranked k-means,Random 75% immutable,α = 1,1.0,423,0,1,False,,,,,,,False,240.75559999982943,No feasible counterfactual found.
Student Performance,5,42,10,300,0.0001,50,most_parsimonious,Ranked k-means,Random 75% immutable,α < 1,0.9849107803895755,423,0,1,False,,,,,,,False,139.68279999971855,No feasible counterfactual found.
Student Performance,5,42,10,300,0.0001,50,most_parsimonious,Ranked k-means,All features mutable,α = 1,1.0,562,2,0,True,9.0,6.0,0.40078902888875595,3.9535771304808867,1.0,0.0,False,150.36109999982727,Optimization terminated successfully
Student Performance,5,42,10,300,0.0001,50,most_parsimonious,Ranked k-means,All features mutable,α < 1,0.9546250367985473,562,2,0,True,9.0,6.0,0.4352390952229675,4.119990863302458,1.0000000000000002,2.220446049250313e-16,True,223.77509999932954,Optimization terminated successfully
Student Performance,5,42,10,300,0.0001,50,most_parsimonious,Ranked k-means,Random 25% immutable,α = 1,1.0,562,2,0,True,7.0,5.0,0.4157368874970637,4.026628690652452,1.0,0.0,False,48.037700000350014,Optimization terminated successfully
Student Performance,5,42,10,300,0.0001,50,most_parsimonious,Ranked k-means,Random 25% immutable,α < 1,0.9546250367985473,562,2,0,True,7.0,5.0,0.4519241133592956,4.198218720006442,1.0000000000000002,2.220446049250313e-16,True,62.30189999951108,Optimization terminated successfully
Student Performance,5,42,10,300,0.0001,50,most_parsimonious,Ranked k-means,Random 50% immutable,α = 1,1.0,562,2,0,True,8.0,5.0,0.6982545179904428,5.218421811393486,1.3494119164325622,0.3494119164325622,True,81.1279999998078,Optimization terminated successfully
Student Performance,5,42,10,300,0.0001,50,most_parsimonious,Ranked k-means,Random 50% immutable,α < 1,0.9546250367985473,562,2,0,True,8.0,5.0,0.757068895887099,5.433754405528176,1.2959364777671059,0.29593647776710585,True,417.457700000341,Optimization terminated successfully
Student Performance,5,42,10,300,0.0001,50,most_parsimonious,Ranked k-means,Random 75% immutable,α = 1,1.0,562,2,0,True,7.0,3.0,0.6815889285777056,5.155770380314713,1.0,0.0,False,61.017899999569636,Optimization terminated successfully
Student Performance,5,42,10,300,0.0001,50,most_parsimonious,Ranked k-means,Random 75% immutable,α < 1,0.9546250367985473,562,2,0,True,7.0,3.0,0.7832602294525288,5.526947525411168,1.0,0.0,False,39.67909999937547,Optimization terminated successfully
Student Performance,5,42,10,300,0.0001,50,most_parsimonious,Ranked k-means,All features mutable,α = 1,1.0,646,3,4,True,4.0,3.0,0.9485086128220624,6.082091408394027,1.0000000000000002,2.220446049250313e-16,True,38.17429999980959,Optimization terminated successfully
Student Performance,5,42,10,300,0.0001,50,most_parsimonious,Ranked k-means,All features mutable,α < 1,0.890151690365568,646,3,4,True,5.0,4.0,0.9293560709411715,6.020372643508514,1.0,0.0,False,35.9374999998181,Optimization terminated successfully
Student Performance,5,42,10,300,0.0001,50,most_parsimonious,Ranked k-means,Random 25% immutable,α = 1,1.0,646,3,4,True,4.0,3.0,0.9485086128220624,6.082091408394027,1.0000000000000002,2.220446049250313e-16,True,41.20330000023387,Optimization terminated successfully
Student Performance,5,42,10,300,0.0001,50,most_parsimonious,Ranked k-means,Random 25% immutable,α < 1,0.890151690365568,646,3,4,True,5.0,4.0,0.9293560709411715,6.020372643508514,1.0,0.0,False,33.37240000018937,Optimization terminated successfully
Student Performance,5,42,10,300,0.0001,50,most_parsimonious,Ranked k-means,Random 50% immutable,α = 1,1.0,646,3,4,True,3.0,3.0,1.2659872310861067,7.026628068452048,1.0,0.0,False,14.611900000090827,Optimization terminated successfully
Student Performance,5,42,10,300,0.0001,50,most_parsimonious,Ranked k-means,Random 50% immutable,α < 1,0.890151690365568,646,3,4,True,5.0,5.0,0.9109126490488285,5.960335000056986,1.0000000000000002,2.220446049250313e-16,True,36.401399999704154,Optimization terminated successfully
Student Performance,5,42,10,300,0.0001,50,most_parsimonious,Ranked k-means,Random 75% immutable,α = 1,1.0,646,3,4,True,4.0,3.0,0.4880441903704464,4.362765570649815,1.0,0.0,False,61.971499999344815,Optimization terminated successfully
Student Performance,5,42,10,300,0.0001,50,most_parsimonious,Ranked k-means,Random 75% immutable,α < 1,0.890151690365568,646,3,4,True,4.0,3.0,0.5846989652665092,4.775275871129736,1.0,0.0,False,22.95849999973143,Optimization terminated successfully
Student Performance,5,42,10,300,0.0001,50,most_parsimonious,Ranked k-means,All features mutable,α = 1,1.0,264,3,2,True,10.0,7.0,0.3459086247994566,3.672932938018173,1.0000000000000004,4.440892098500626e-16,True,754.9669999998514,Optimization terminated successfully
Student Performance,5,42,10,300,0.0001,50,most_parsimonious,Ranked k-means,All features mutable,α < 1,0.9840515780810501,264,3,2,True,10.0,7.0,0.3598270140872239,3.7460984436346214,1.0,0.0,False,102.50850000011269,Optimization terminated successfully
Student Performance,5,42,10,300,0.0001,50,most_parsimonious,Ranked k-means,Random 25% immutable,α = 1,1.0,264,3,2,True,29.0,18.0,1.5466659089831554,7.766593233222856,1.0,0.0,False,1420.521799999733,Optimization terminated successfully
Student Performance,5,42,10,300,0.0001,50,most_parsimonious,Ranked k-means,Random 25% immutable,α < 1,0.9840515780810501,264,3,2,True,29.0,18.0,1.6482873491504668,8.017680875219979,1.0000000000000002,2.220446049250313e-16,True,1087.6972999994905,Optimization terminated successfully
Student Performance,5,42,10,300,0.0001,50,most_parsimonious,Ranked k-means,Random 50% immutable,α = 1,1.0,264,3,2,False,,,,,,,False,450.02000000022235,No feasible counterfactual found.
Student Performance,5,42,10,300,0.0001,50,most_parsimonious,Ranked k-means,Random 50% immutable,α < 1,0.9840515780810501,264,3,2,False,,,,,,,False,613.6956999998802,No feasible counterfactual found.
Student Performance,5,42,10,300,0.0001,50,most_parsimonious,Ranked k-means,Random 75% immutable,α = 1,1.0,264,3,2,True,5.0,4.0,0.1318224728255252,2.267394196031092,1.3282794952194987,0.32827949521949873,True,123.94800000038231,Optimization terminated successfully
Student Performance,5,42,10,300,0.0001,50,most_parsimonious,Ranked k-means,Random 75% immutable,α < 1,0.9840515780810501,264,3,2,True,5.0,4.0,0.13539679243322666,2.297928394205494,1.3130625281162867,0.31306252811628665,True,126.56170000082057,Optimization terminated successfully
Student Performance,5,42,10,300,0.0001,50,most_parsimonious,Ranked k-means,All features mutable,α = 1,1.0,58,3,1,True,1.0,1.0,0.31766574852956336,3.5197960441839484,1.2412112701195295,0.24121127011952948,True,2.482699999745819,Optimization terminated successfully
Student Performance,5,42,10,300,0.0001,50,most_parsimonious,Ranked k-means,All features mutable,α < 1,0.9849107803895755,58,3,1,True,1.0,1.0,0.33058164727130374,3.590638417270785,1.216722490783116,0.216722490783116,True,2.7737999998862506,Optimization terminated successfully
Student Performance,5,42,10,300,0.0001,50,most_parsimonious,Ranked k-means,Random 25% immutable,α = 1,1.0,58,3,1,True,1.0,1.0,0.31766574852956336,3.5197960441839484,1.2412112701195295,0.24121127011952948,True,2.145100000234379,Optimization terminated successfully
Student Performance,5,42,10,300,0.0001,50,most_parsimonious,Ranked k-means,Random 25% immutable,α < 1,0.9849107803895755,58,3,1,True,1.0,1.0,0.33058164727130374,3.590638417270785,1.216722490783116,0.216722490783116,True,2.0169999997960986,Optimization terminated successfully
Student Performance,5,42,10,300,0.0001,50,most_parsimonious,Ranked k-means,Random 50% immutable,α = 1,1.0,58,3,1,True,1.0,1.0,0.31766574852956336,3.5197960441839484,1.2412112701195295,0.24121127011952948,True,2.115100000082748,Optimization terminated successfully
Student Performance,5,42,10,300,0.0001,50,most_parsimonious,Ranked k-means,Random 50% immutable,α < 1,0.9849107803895755,58,3,1,True,1.0,1.0,0.33058164727130374,3.590638417270785,1.216722490783116,0.216722490783116,True,2.1004999998694984,Optimization terminated successfully
Student Performance,5,42,10,300,0.0001,50,most_parsimonious,Ranked k-means,Random 75% immutable,α = 1,1.0,58,3,1,True,1.0,1.0,0.31766574852956336,3.5197960441839484,1.2412112701195295,0.24121127011952948,True,2.1229000003586407,Optimization terminated successfully
Student Performance,5,42,10,300,0.0001,50,most_parsimonious,Ranked k-means,Random 75% immutable,α < 1,0.9849107803895755,58,3,1,True,1.0,1.0,0.33058164727130374,3.590638417270785,1.216722490783116,0.216722490783116,True,2.1693999997296487,Optimization terminated successfully
Student Performance,5,42,10,300,0.0001,50,most_parsimonious,Ranked k-means,All features mutable,α = 1,1.0,519,2,1,True,4.0,2.0,0.550824517913643,4.634884701762502,1.0,0.0,False,24.93869999943854,Optimization terminated successfully
Student Performance,5,42,10,300,0.0001,50,most_parsimonious,Ranked k-means,All features mutable,α < 1,0.9849107803895755,519,2,1,True,4.0,2.0,0.5668898906283883,4.701989550659077,1.0,0.0,False,86.23859999988781,Optimization terminated successfully
Student Performance,5,42,10,300,0.0001,50,most_parsimonious,Ranked k-means,Random 25% immutable,α = 1,1.0,519,2,1,True,4.0,2.0,0.550824517913643,4.634884701762502,1.0,0.0,False,23.44970000012836,Optimization terminated successfully
Student Performance,5,42,10,300,0.0001,50,most_parsimonious,Ranked k-means,Random 25% immutable,α < 1,0.9849107803895755,519,2,1,True,4.0,2.0,0.5668898906283883,4.701989550659077,1.0,0.0,False,86.17959999992308,Optimization terminated successfully
Student Performance,5,42,10,300,0.0001,50,most_parsimonious,Ranked k-means,Random 50% immutable,α = 1,1.0,519,2,1,False,,,,,,,False,209.72570000049018,No feasible counterfactual found.
Student Performance,5,42,10,300,0.0001,50,most_parsimonious,Ranked k-means,Random 50% immutable,α < 1,0.9849107803895755,519,2,1,False,,,,,,,False,383.6270000001605,No feasible counterfactual found.
Student Performance,5,42,10,300,0.0001,50,most_parsimonious,Ranked k-means,Random 75% immutable,α = 1,1.0,519,2,1,False,,,,,,,False,265.4971999991176,No feasible counterfactual found.
Student Performance,5,42,10,300,0.0001,50,most_parsimonious,Ranked k-means,Random 75% immutable,α < 1,0.9849107803895755,519,2,1,False,,,,,,,False,317.4976999998762,No feasible counterfactual found.
Student Performance,5,42,10,300,0.0001,50,most_parsimonious,Ranked k-means,All features mutable,α = 1,1.0,577,0,2,True,16.0,8.0,0.522629975158129,4.514705863194969,1.0000000000000002,2.220446049250313e-16,True,333.53509999960806,Optimization terminated successfully
Student Performance,5,42,10,300,0.0001,50,most_parsimonious,Ranked k-means,All features mutable,α < 1,0.9840515780810501,577,0,2,True,16.0,8.0,0.5422396783603124,4.598624517837066,1.0,0.0,False,308.38799999946787,Optimization terminated successfully
Student Performance,5,42,10,300,0.0001,50,most_parsimonious,Ranked k-means,Random 25% immutable,α = 1,1.0,577,0,2,True,11.0,7.0,0.5348146741843757,4.567031015133426,1.0000000000000002,2.220446049250313e-16,True,238.83980000027805,Optimization terminated successfully
Student Performance,5,42,10,300,0.0001,50,most_parsimonious,Ranked k-means,Random 25% immutable,α < 1,0.9840515780810501,577,0,2,True,11.0,7.0,0.554955754357082,4.652233272303335,1.0,0.0,False,199.00349999988975,Optimization terminated successfully
Student Performance,5,42,10,300,0.0001,50,most_parsimonious,Ranked k-means,Random 50% immutable,α = 1,1.0,577,0,2,True,11.0,7.0,0.46982978778277407,4.280579601354026,1.070119086448698,0.07011908644869802,True,142.75429999997868,Optimization terminated successfully
Student Performance,5,42,10,300,0.0001,50,most_parsimonious,Ranked k-means,Random 50% immutable,α < 1,0.9840515780810501,577,0,2,True,11.0,7.0,0.485015287076072,4.349206386913227,1.0532335157767065,0.05323351577670654,True,387.7139000005627,Optimization terminated successfully
Student Performance,5,42,10,300,0.0001,50,most_parsimonious,Ranked k-means,Random 75% immutable,α = 1,1.0,577,0,2,True,8.0,8.0,0.944664348093529,6.069753666801284,1.0,0.0,False,151.33229999992182,Optimization terminated successfully
Student Performance,5,42,10,300,0.0001,50,most_parsimonious,Ranked k-means,Random 75% immutable,α < 1,0.9840515780810501,577,0,2,True,8.0,8.0,1.002835695433345,6.2538461863001125,1.0,0.0,False,104.6370999993087,Optimization terminated successfully
Student Performance,5,42,10,300,0.0001,50,most_parsimonious,Ranked k-means,All features mutable,α = 1,1.0,403,3,2,True,7.0,5.0,0.05725892309445175,1.494355379648234,1.3645064901490385,0.36450649014903846,True,45.54939999979979,Optimization terminated successfully
Student Performance,5,42,10,300,0.0001,50,most_parsimonious,Ranked k-means,All features mutable,α < 1,0.9840515780810501,403,3,2,True,7.0,5.0,0.06021553193699804,1.532450894985847,1.3305859314641397,0.3305859314641397,True,81.2804999995933,Optimization terminated successfully
Student Performance,5,42,10,300,0.0001,50,most_parsimonious,Ranked k-means,Random 25% immutable,α = 1,1.0,403,3,2,True,13.0,8.0,0.04704028602092285,1.354463419519328,1.68550505895535,0.68550505895535,True,198.5664000003453,Optimization terminated successfully
Student Performance,5,42,10,300,0.0001,50,most_parsimonious,Ranked k-means,Random 25% immutable,α < 1,0.9840515780810501,403,3,2,True,13.0,8.0,0.049469248098349884,1.3889926838668538,1.6436047225709451,0.6436047225709451,True,134.52459999916755,Optimization terminated successfully
Student Performance,5,42,10,300,0.0001,50,most_parsimonious,Ranked k-means,Random 50% immutable,α = 1,1.0,403,3,2,True,10.0,6.0,0.04782134092949629,1.365661852820952,1.657976094450695,0.6579760944506949,True,83.59720000044035,Optimization terminated successfully
Student Performance,5,42,10,300,0.0001,50,most_parsimonious,Ranked k-means,Random 50% immutable,α < 1,0.9840515780810501,403,3,2,True,10.0,6.0,0.050290632949289364,1.4004765921008053,1.616760120740136,0.6167601207401361,True,82.11899999969319,Optimization terminated successfully
Student Performance,5,42,10,300,0.0001,50,most_parsimonious,Ranked k-means,Random 75% immutable,α = 1,1.0,403,3,2,False,,,,,,,False,60.9561000001122,No feasible counterfactual found.
Student Performance,5,42,10,300,0.0001,50,most_parsimonious,Ranked k-means,Random 75% immutable,α < 1,0.9840515780810501,403,3,2,False,,,,,,,False,76.34259999940696,No feasible counterfactual found.
Student Performance,5,42,10,300,0.0001,50,most_parsimonious,Ranked k-means,All features mutable,α = 1,1.0,394,3,2,True,10.0,8.0,0.36005207667284445,3.7472698048367072,1.0,0.0,False,121.91130000064732,Optimization terminated successfully
Student Performance,5,42,10,300,0.0001,50,most_parsimonious,Ranked k-means,All features mutable,α < 1,0.9840515780810501,394,3,2,True,10.0,8.0,0.3743343097498675,3.8208687598823428,1.0,0.0,False,134.94939999964117,Optimization terminated successfully
Student Performance,5,42,10,300,0.0001,50,most_parsimonious,Ranked k-means,Random 25% immutable,α = 1,1.0,394,3,2,True,8.0,6.0,0.7743325757639024,5.495358992349107,1.0,0.0,False,56.485199999769975,Optimization terminated successfully
Student Performance,5,42,10,300,0.0001,50,most_parsimonious,Ranked k-means,Random 25% immutable,α < 1,0.9840515780810501,394,3,2,True,8.0,6.0,0.8839449867889942,5.87144398634363,1.0,0.0,False,62.14429999999993,Optimization terminated successfully
Student Performance,5,42,10,300,0.0001,50,most_parsimonious,Ranked k-means,Random 50% immutable,α = 1,1.0,394,3,2,False,,,,,,,False,213.1732000007105,No feasible counterfactual found.
Student Performance,5,42,10,300,0.0001,50,most_parsimonious,Ranked k-means,Random 50% immutable,α < 1,0.9840515780810501,394,3,2,False,,,,,,,False,319.4088999998712,No feasible counterfactual found.
Student Performance,5,42,10,300,0.0001,50,most_parsimonious,Ranked k-means,Random 75% immutable,α = 1,1.0,394,3,2,False,,,,,,,False,203.08970000041882,No feasible counterfactual found.
Student Performance,5,42,10,300,0.0001,50,most_parsimonious,Ranked k-means,Random 75% immutable,α < 1,0.9840515780810501,394,3,2,False,,,,,,,False,168.5762999995859,No feasible counterfactual found.
Student Performance,5,42,10,300,0.0001,50,most_parsimonious,Ranked k-means,All features mutable,α = 1,1.0,450,2,3,True,7.0,3.0,0.08264800367937461,1.7953473601216035,1.135186361496122,0.13518636149612195,True,79.02379999995901,Optimization terminated successfully
Student Performance,5,42,10,300,0.0001,50,most_parsimonious,Ranked k-means,All features mutable,α < 1,0.9803072113728922,450,2,3,True,7.0,3.0,0.08703781981964562,1.8424100990187224,1.1061890283959503,0.10618902839595035,True,19.76630000081059,Optimization terminated successfully
Student Performance,5,42,10,300,0.0001,50,most_parsimonious,Ranked k-means,Random 25% immutable,α = 1,1.0,450,2,3,True,10.0,6.0,0.06936819690788142,1.6447977624642414,1.372525310421118,0.3725253104211179,True,170.0964000001477,Optimization terminated successfully
Student Performance,5,42,10,300,0.0001,50,most_parsimonious,Ranked k-means,Random 25% immutable,α < 1,0.9803072113728922,450,2,3,True,10.0,6.0,0.07305266134563203,1.6879140358678366,1.3374653634819234,0.33746536348192335,True,66.9556000002558,Optimization terminated successfully
Student Performance,5,42,10,300,0.0001,50,most_parsimonious,Ranked k-means,Random 50% immutable,α = 1,1.0,450,2,3,True,3.0,3.0,0.0826480036793746,1.7953473601216032,1.135186361496122,0.13518636149612195,True,32.669399999576854,Optimization terminated successfully
Student Performance,5,42,10,300,0.0001,50,most_parsimonious,Ranked k-means,Random 50% immutable,α < 1,0.9803072113728922,450,2,3,True,3.0,3.0,0.0870378198196456,1.8424100990187224,1.1061890283963554,0.10618902839635536,True,67.95169999986683,Optimization terminated successfully
Student Performance,5,42,10,300,0.0001,50,most_parsimonious,Ranked k-means,Random 75% immutable,α = 1,1.0,450,2,3,True,4.0,2.0,0.07106713540559861,1.6648177920776634,1.3397135744088708,0.33971357440887084,True,70.57470000017929,Optimization terminated successfully
Student Performance,5,42,10,300,0.0001,50,most_parsimonious,Ranked k-means,Random 75% immutable,α < 1,0.9803072113728922,450,2,3,True,4.0,2.0,0.07484183829202988,1.7084588649976813,1.3054917742881373,0.30549177428813734,True,12.602100000549399,Optimization terminated successfully
Student Performance,5,42,10,300,0.0001,50,most_parsimonious,Ranked k-means,All features mutable,α = 1,1.0,283,0,4,True,2.0,2.0,0.4298452791434444,4.094382235037947,1.324261829533652,0.3242618295336519,True,3.6670999998023035,Optimization terminated successfully
Student Performance,5,42,10,300,0.0001,50,most_parsimonious,Ranked k-means,All features mutable,α < 1,0.890151690365568,283,0,4,True,2.0,2.0,0.6507083195857429,5.037620913074343,1.076308480589709,0.07630848058970896,True,3.8817000004200963,Optimization terminated successfully
Student Performance,5,42,10,300,0.0001,50,most_parsimonious,Ranked k-means,Random 25% immutable,α = 1,1.0,283,0,4,True,1.0,1.0,0.43196586409228843,4.104469356640301,1.3177608312299907,0.31776083122999066,True,2.346600000237231,Optimization terminated successfully
Student Performance,5,42,10,300,0.0001,50,most_parsimonious,Ranked k-means,Random 25% immutable,α < 1,0.890151690365568,283,0,4,True,1.0,1.0,0.6539185031926233,5.050031843910721,1.0710247218908366,0.07102472189083664,True,2.0883999995930935,Optimization terminated successfully
Student Performance,5,42,10,300,0.0001,50,most_parsimonious,Ranked k-means,Random 50% immutable,α = 1,1.0,283,0,4,True,8.0,5.0,0.14305548726562836,2.3620254027760805,1.0,0.0,False,52.79989999962709,Optimization terminated successfully
Student Performance,5,42,10,300,0.0001,50,most_parsimonious,Ranked k-means,Random 50% immutable,α < 1,0.890151690365568,283,0,4,True,8.0,5.0,0.2186609524719824,2.9202358032198896,1.0,0.0,False,71.58700000036333,Optimization terminated successfully
Student Performance,5,42,10,300,0.0001,50,most_parsimonious,Ranked k-means,Random 75% immutable,α = 1,1.0,283,0,4,True,1.0,1.0,0.43196586409228843,4.104469356640301,1.3177608312299907,0.31776083122999066,True,3.0428000000028987,Optimization terminated successfully
Student Performance,5,42,10,300,0.0001,50,most_parsimonious,Ranked k-means,Random 75% immutable,α < 1,0.890151690365568,283,0,4,True,1.0,1.0,0.6539185031926233,5.050031843910721,1.0710247218908366,0.07102472189083664,True,2.0285999999032356,Optimization terminated successfully
Student Performance,5,42,10,300,0.0001,50,most_parsimonious,Ranked k-means,All features mutable,α = 1,1.0,596,3,0,True,9.0,6.0,0.39605620646600337,3.9301643797905106,1.1724219005964436,0.17242190059644358,True,310.25860000045213,Optimization terminated successfully
Student Performance,5,42,10,300,0.0001,50,most_parsimonious,Ranked k-means,All features mutable,α < 1,0.9546250367985473,596,3,0,True,9.0,6.0,0.4258588015551208,4.075351918626134,1.1306534584624885,0.13065345846248855,True,181.05220000052213,Optimization terminated successfully
Student Performance,5,42,10,300,0.0001,50,most_parsimonious,Ranked k-means,Random 25% immutable,α = 1,1.0,596,3,0,True,7.0,5.0,0.39618595809733,3.9308081059491915,1.1720379313522022,0.17203793135220224,True,92.43789999982255,Optimization terminated successfully
Student Performance,5,42,10,300,0.0001,50,most_parsimonious,Ranked k-means,Random 25% immutable,α < 1,0.9546250367985473,596,3,0,True,7.0,5.0,0.4259983167888537,4.076019425219327,1.13028316438245,0.13028316438245002,True,144.1644999995333,Optimization terminated successfully
Student Performance,5,42,10,300,0.0001,50,most_parsimonious,Ranked k-means,Random 50% immutable,α = 1,1.0,596,3,0,True,6.0,4.0,0.41265674324091,4.011684557189846,1.1252571923683383,0.12525719236833832,True,40.607200000522425,Optimization terminated successfully
Student Performance,5,42,10,300,0.0001,50,most_parsimonious,Ranked k-means,Random 50% immutable,α < 1,0.9546250367985473,596,3,0,True,6.0,4.0,0.4437085021297277,4.159883602104677,1.0851690216230687,0.08516902162306872,True,89.26059999976133,Optimization terminated successfully
Student Performance,5,42,10,300,0.0001,50,most_parsimonious,Ranked k-means,Random 75% immutable,α = 1,1.0,596,3,0,True,6.0,5.0,0.45547941203380504,4.2147001161788955,1.0194642427530085,0.01946424275300851,True,47.090400000342925,Optimization terminated successfully
Student Performance,5,42,10,300,0.0001,50,most_parsimonious,Ranked k-means,Random 75% immutable,α < 1,0.9546250367985473,596,3,0,True,6.0,5.0,0.48993800085586053,4.3712220297507836,1.0,0.0,False,105.05370000009862,Optimization terminated successfully
Student Performance,5,42,10,300,0.0001,50,most_parsimonious,Ranked k-means,All features mutable,α = 1,1.0,440,2,4,True,4.0,3.0,0.6813004382331074,5.154679145309744,1.082307881365214,0.08230788136521405,True,31.574499999805994,Optimization terminated successfully
Student Performance,5,42,10,300,0.0001,50,most_parsimonious,Ranked k-means,All features mutable,α < 1,0.890151690365568,440,2,4,True,4.0,3.0,0.8103718981340422,5.621788329991413,1.0000000000000002,2.220446049250313e-16,True,66.12820000009378,Optimization terminated successfully
Student Performance,5,42,10,300,0.0001,50,most_parsimonious,Ranked k-means,Random 25% immutable,α = 1,1.0,440,2,4,True,11.0,8.0,0.3252281055689259,3.5614457902919296,1.2248611324783187,0.22486113247831874,True,198.4616999998252,Optimization terminated successfully
Student Performance,5,42,10,300,0.0001,50,most_parsimonious,Ranked k-means,Random 25% immutable,α < 1,0.890151690365568,440,2,4,True,11.0,8.0,0.3868356302011608,3.8841459264354725,1.123097986617475,0.12309798661747506,True,190.49230000018724,Optimization terminated successfully
Student Performance,5,42,10,300,0.0001,50,most_parsimonious,Ranked k-means,Random 50% immutable,α = 1,1.0,440,2,4,False,,,,,,,False,543.2739000007132,No feasible counterfactual found.
Student Performance,5,42,10,300,0.0001,50,most_parsimonious,Ranked k-means,Random 50% immutable,α < 1,0.890151690365568,440,2,4,False,,,,,,,False,558.4789999993518,No feasible counterfactual found.
Student Performance,5,42,10,300,0.0001,50,most_parsimonious,Ranked k-means,Random 75% immutable,α = 1,1.0,440,2,4,False,,,,,,,False,144.00910000040312,No feasible counterfactual found.
Student Performance,5,42,10,300,0.0001,50,most_parsimonious,Ranked k-means,Random 75% immutable,α < 1,0.890151690365568,440,2,4,False,,,,,,,False,205.1842000000761,No feasible counterfactual found.
Student Performance,5,42,10,300,0.0001,50,most_parsimonious,Ranked k-means,All features mutable,α = 1,1.0,40,3,0,True,9.0,6.0,0.25227215722769564,3.1366565211830464,1.4690198797059744,0.46901987970597436,True,241.63969999972323,Optimization terminated successfully
Student Performance,5,42,10,300,0.0001,50,most_parsimonious,Ranked k-means,All features mutable,α < 1,0.9546250367985473,40,3,0,True,9.0,6.0,0.27616667780204573,3.2818440600186634,1.4040309964925288,0.4040309964925288,True,130.10990000020684,Optimization terminated successfully
Student Performance,5,42,10,300,0.0001,50,most_parsimonious,Ranked k-means,Random 25% immutable,α = 1,1.0,40,3,0,True,10.0,6.0,0.5664588103939157,4.700201443062064,1.0,0.0,False,227.7712999994037,Optimization terminated successfully
Student Performance,5,42,10,300,0.0001,50,most_parsimonious,Ranked k-means,Random 25% immutable,α < 1,0.9546250367985473,40,3,0,True,12.0,7.0,0.5750495980212285,4.735708428823286,1.0,0.0,False,141.37830000072427,Optimization terminated successfully
Student Performance,5,42,10,300,0.0001,50,most_parsimonious,Ranked k-means,Random 50% immutable,α = 1,1.0,40,3,0,True,8.0,5.0,0.3110629593590681,3.4830238895252577,1.1913755861098265,0.19137558610982652,True,213.463099999899,Optimization terminated successfully
Student Performance,5,42,10,300,0.0001,50,most_parsimonious,Ranked k-means,Random 50% immutable,α < 1,0.9546250367985473,40,3,0,True,8.0,5.0,0.34052598200890755,3.644243858243764,1.1386695831584763,0.13866958315847633,True,36.795600000004924,Optimization terminated successfully
Student Performance,5,42,10,300,0.0001,50,most_parsimonious,Ranked k-means,Random 75% immutable,α = 1,1.0,40,3,0,False,,,,,,,False,269.67400000012276,No feasible counterfactual found.
Student Performance,5,42,10,300,0.0001,50,most_parsimonious,Ranked k-means,Random 75% immutable,α < 1,0.9546250367985473,40,3,0,False,,,,,,,False,240.44680000042717,No feasible counterfactual found.
Student Performance,5,42,10,300,0.0001,50,most_parsimonious,Ranked k-means,All features mutable,α = 1,1.0,466,2,3,True,7.0,3.0,0.06187924572428142,1.553476933606346,1.311930543716893,0.3119305437168931,True,45.91840000011871,Optimization terminated successfully
Student Performance,5,42,10,300,0.0001,50,most_parsimonious,Ranked k-means,All features mutable,α < 1,0.9803072113728922,466,2,3,True,7.0,3.0,0.0656853139296795,1.6005396725034653,1.2733541525130372,0.2733541525130372,True,36.74090000004071,Optimization terminated successfully
Student Performance,5,42,10,300,0.0001,50,most_parsimonious,Ranked k-means,Random 25% immutable,α = 1,1.0,466,2,3,True,6.0,3.0,0.06187924572428141,1.5534769336063459,1.3119305436534485,0.3119305436534485,True,38.96499999973457,Optimization terminated successfully
Student Performance,5,42,10,300,0.0001,50,most_parsimonious,Ranked k-means,Random 25% immutable,α < 1,0.9803072113728922,466,2,3,True,6.0,3.0,0.06568531392967948,1.6005396725034653,1.273354152500376,0.273354152500376,True,23.295900000448455,Optimization terminated successfully
Student Performance,5,42,10,300,0.0001,50,most_parsimonious,Ranked k-means,Random 50% immutable,α = 1,1.0,466,2,3,True,19.0,10.0,2.1673328956270073,9.193801331846,1.0,0.0,False,315.5475000003207,Optimization terminated successfully
Student Performance,5,42,10,300,0.0001,50,most_parsimonious,Ranked k-means,Random 50% immutable,α < 1,0.9803072113728922,466,2,3,True,19.0,10.0,2.413681621613553,9.702246298818052,1.0,0.0,False,458.81660000031843,Optimization terminated successfully
Student Performance,5,42,10,300,0.0001,50,most_parsimonious,Ranked k-means,Random 75% immutable,α = 1,1.0,466,2,3,True,3.0,2.0,0.061905325650241205,1.5538042670682195,1.3113778439503216,0.31137784395032164,True,13.385299999754352,Optimization terminated successfully
Student Performance,5,42,10,300,0.0001,50,most_parsimonious,Ranked k-means,Random 75% immutable,α < 1,0.9803072113728922,466,2,3,True,3.0,2.0,0.06571299797953954,1.6008769225652677,1.2728177043895241,0.27281770438952413,True,17.300999999861233,Optimization terminated successfully
Student Performance,5,42,10,300,0.0001,50,most_parsimonious,Ranked k-means,All features mutable,α = 1,1.0,628,3,0,True,9.0,5.0,0.2538694538515563,3.146570943139642,1.4348785079497741,0.4348785079497741,True,314.3540999999459,Optimization terminated successfully
Student Performance,5,42,10,300,0.0001,50,most_parsimonious,Ranked k-means,All features mutable,α < 1,0.9546250367985473,628,3,0,True,9.0,5.0,0.278342120553267,3.29474470962128,1.3703480594004418,0.3703480594004418,True,204.25770000019838,Optimization terminated successfully
Student Performance,5,42,10,300,0.0001,50,most_parsimonious,Ranked k-means,Random 25% immutable,α = 1,1.0,628,3,0,True,7.0,3.0,0.2565098488032138,3.1628917312050597,1.4201085235721083,0.42010852357210826,True,271.36160000009113,Optimization terminated successfully
Student Performance,5,42,10,300,0.0001,50,most_parsimonious,Ranked k-means,Random 25% immutable,α < 1,0.9546250367985473,628,3,0,True,7.0,3.0,0.281237045952099,3.3118340526258043,1.3562423241420298,0.35624232414202983,True,67.88939999933064,Optimization terminated successfully
Student Performance,5,42,10,300,0.0001,50,most_parsimonious,Ranked k-means,Random 50% immutable,α = 1,1.0,628,3,0,True,6.0,3.0,0.5252256591926499,4.525903303044967,1.1411240908664835,0.14112409086648348,True,30.111699999906705,Optimization terminated successfully
Student Performance,5,42,10,300,0.0001,50,most_parsimonious,Ranked k-means,Random 50% immutable,α < 1,0.9546250367985473,628,3,0,True,6.0,3.0,0.575856691424373,4.739030593438973,1.0898045903760065,0.08980459037600652,True,19.209899999623303,Optimization terminated successfully
Student Performance,5,42,10,300,0.0001,50,most_parsimonious,Ranked k-means,Random 75% immutable,α = 1,1.0,628,3,0,False,,,,,,,False,93.59279999989667,No feasible counterfactual found.
Student Performance,5,42,10,300,0.0001,50,most_parsimonious,Ranked k-means,Random 75% immutable,α < 1,0.9546250367985473,628,3,0,False,,,,,,,False,89.4469000004392,No feasible counterfactual found.
Student Performance,5,42,10,300,0.0001,50,most_parsimonious,Ranked k-means,All features mutable,α = 1,1.0,545,3,0,True,3.0,1.0,0.005140944723293902,0.44776873965079583,7.245233458284992,6.245233458284992,True,4.586300000482879,Optimization terminated successfully
Student Performance,5,42,10,300,0.0001,50,most_parsimonious,Ranked k-means,All features mutable,α < 1,0.9546250367985473,545,3,0,True,3.0,1.0,0.010966492856853596,0.6539825849495461,4.960665817029872,3.960665817029872,True,3.9792000006855233,Optimization terminated successfully
Student Performance,5,42,10,300,0.0001,50,most_parsimonious,Ranked k-means,Random 25% immutable,α = 1,1.0,545,3,0,True,3.0,1.0,0.005140944723293902,0.44776873965079583,7.245233458284992,6.245233458284992,True,4.130400000576628,Optimization terminated successfully
Student Performance,5,42,10,300,0.0001,50,most_parsimonious,Ranked k-means,Random 25% immutable,α < 1,0.9546250367985473,545,3,0,True,3.0,1.0,0.010966492856853596,0.6539825849495461,4.960665817029872,3.960665817029872,True,4.326999999648251,Optimization terminated successfully
Student Performance,5,42,10,300,0.0001,50,most_parsimonious,Ranked k-means,Random 50% immutable,α = 1,1.0,545,3,0,True,4.0,2.0,0.005707479362633058,0.47179624324774916,7.158350194921893,6.158350194921893,True,6.169399999635061,Optimization terminated successfully
Student Performance,5,42,10,300,0.0001,50,most_parsimonious,Ranked k-means,Random 50% immutable,α < 1,0.9546250367985473,545,3,0,True,4.0,2.0,0.012175005768366158,0.6890756308028024,4.9011785918446895,3.9011785918446895,True,19.631699999990815,Optimization terminated successfully
Student Performance,5,42,10,300,0.0001,50,most_parsimonious,Ranked k-means,Random 75% immutable,α = 1,1.0,545,3,0,True,3.0,2.0,0.005714578387590206,0.47208956471841024,7.14945762180353,6.14945762180353,True,6.142500000350992,Optimization terminated successfully
Student Performance,5,42,10,300,0.0001,50,most_parsimonious,Ranked k-means,Random 75% immutable,α < 1,0.9546250367985473,545,3,0,True,3.0,2.0,0.01219014917306577,0.689504037515057,4.89509002563158,3.89509002563158,True,12.985200000002806,Optimization terminated successfully
Student Performance,5,42,10,300,0.0001,50,most_parsimonious,Ranked k-means,All features mutable,α = 1,1.0,342,0,2,True,15.0,8.0,0.21615474951557662,2.903452295304245,1.1267463261927613,0.12674632619276127,True,423.3550999997533,Optimization terminated successfully
Student Performance,5,42,10,300,0.0001,50,most_parsimonious,Ranked k-means,All features mutable,α < 1,0.9840515780810501,342,0,2,True,15.0,8.0,0.2255863496162769,2.966119963021523,1.1029406263438812,0.10294062634388124,True,685.9929000002012,Optimization terminated successfully
Student Performance,5,42,10,300,0.0001,50,most_parsimonious,Ranked k-means,Random 25% immutable,α = 1,1.0,342,0,2,True,13.0,7.0,0.23581659834426763,3.03263043172531,1.0328007963854686,0.03280079638546862,True,241.42500000016298,Optimization terminated successfully
Student Performance,5,42,10,300,0.0001,50,most_parsimonious,Ranked k-means,Random 25% immutable,α < 1,0.9840515780810501,342,0,2,True,13.0,7.0,0.2461061148026164,3.098086260468233,1.0109799581726604,0.010979958172660398,True,501.2285000002521,Optimization terminated successfully
Student Performance,5,42,10,300,0.0001,50,most_parsimonious,Ranked k-means,Random 50% immutable,α = 1,1.0,342,0,2,False,,,,,,,False,562.7494000000297,No feasible counterfactual found.
Student Performance,5,42,10,300,0.0001,50,most_parsimonious,Ranked k-means,Random 50% immutable,α < 1,0.9840515780810501,342,0,2,False,,,,,,,False,349.90620000007766,No feasible counterfactual found.
Student Performance,5,42,10,300,0.0001,50,most_parsimonious,Ranked k-means,Random 75% immutable,α = 1,1.0,342,0,2,False,,,,,,,False,155.05130000019562,No feasible counterfactual found.
Student Performance,5,42,10,300,0.0001,50,most_parsimonious,Ranked k-means,Random 75% immutable,α < 1,0.9840515780810501,342,0,2,False,,,,,,,False,198.90740000028018,No feasible counterfactual found.
Student Performance,5,42,10,300,0.0001,50,most_parsimonious,Ranked k-means,All features mutable,α = 1,1.0,143,0,4,True,5.0,4.0,1.3040561707249372,7.131492877250356,1.0000000000000009,8.881784197001252e-16,True,123.46819999947911,Optimization terminated successfully
Student Performance,5,42,10,300,0.0001,50,most_parsimonious,Ranked k-means,All features mutable,α < 1,0.890151690365568,143,0,4,True,8.0,6.0,0.990363161025876,6.214834131335216,1.0,0.0,False,122.5520999996661,Optimization terminated successfully
Student Performance,5,42,10,300,0.0001,50,most_parsimonious,Ranked k-means,Random 25% immutable,α = 1,1.0,143,0,4,True,5.0,4.0,1.3040561707249372,7.131492877250356,1.0000000000000009,8.881784197001252e-16,True,129.8938999998427,Optimization terminated successfully
Student Performance,5,42,10,300,0.0001,50,most_parsimonious,Ranked k-means,Random 25% immutable,α < 1,0.890151690365568,143,0,4,True,10.0,6.0,0.462961062567224,4.249174206845576,1.0,0.0,False,122.27660000007745,Optimization terminated successfully
Student Performance,5,42,10,300,0.0001,50,most_parsimonious,Ranked k-means,Random 50% immutable,α = 1,1.0,143,0,4,False,,,,,,,False,907.8035000002274,No feasible counterfactual found.
Student Performance,5,42,10,300,0.0001,50,most_parsimonious,Ranked k-means,Random 50% immutable,α < 1,0.890151690365568,143,0,4,False,,,,,,,False,415.4613999999128,No feasible counterfactual found.
Student Performance,5,42,10,300,0.0001,50,most_parsimonious,Ranked k-means,Random 75% immutable,α = 1,1.0,143,0,4,False,,,,,,,False,245.37580000014714,No feasible counterfactual found.
Student Performance,5,42,10,300,0.0001,50,most_parsimonious,Ranked k-means,Random 75% immutable,α < 1,0.890151690365568,143,0,4,False,,,,,,,False,223.54420000010577,No feasible counterfactual found.
Student Performance,5,42,10,300,0.0001,50,most_parsimonious,Ranked k-means,All features mutable,α = 1,1.0,52,4,3,True,7.0,5.0,1.219250214398469,6.895705791399478,1.0,0.0,False,173.4504999994897,Optimization terminated successfully
Student Performance,5,42,10,300,0.0001,50,most_parsimonious,Ranked k-means,All features mutable,α < 1,0.9803072113728922,52,4,3,True,7.0,5.0,1.2483055427259087,6.97738605541577,1.0,0.0,False,72.87840000026335,Optimization terminated successfully
Student Performance,5,42,10,300,0.0001,50,most_parsimonious,Ranked k-means,Random 25% immutable,α = 1,1.0,52,4,3,True,9.0,6.0,0.594569279243986,4.81541295119281,1.0712721508421916,0.07127215084219163,True,424.15750000054686,Optimization terminated successfully
Student Performance,5,42,10,300,0.0001,50,most_parsimonious,Ranked k-means,Random 25% immutable,α < 1,0.9803072113728922,52,4,3,True,9.0,6.0,0.6065988982027543,4.863882916961244,1.0605966201402837,0.060596620140283664,True,72.15639999958512,Optimization terminated successfully
Student Performance,5,42,10,300,0.0001,50,most_parsimonious,Ranked k-means,Random 50% immutable,α = 1,1.0,52,4,3,True,12.0,8.0,1.303250766535858,7.129290279887505,1.0000000000000007,6.661338147750939e-16,True,248.44260000008944,Optimization terminated successfully
Student Performance,5,42,10,300,0.0001,50,most_parsimonious,Ranked k-means,Random 50% immutable,α < 1,0.9803072113728922,52,4,3,True,12.0,8.0,1.7098635126143615,8.166068637475446,1.0,0.0,False,209.71060000010766,Optimization terminated successfully
Student Performance,5,42,10,300,0.0001,50,most_parsimonious,Ranked k-means,Random 75% immutable,α = 1,1.0,52,4,3,False,,,,,,,False,98.891999999978,No feasible counterfactual found.
Student Performance,5,42,10,300,0.0001,50,most_parsimonious,Ranked k-means,Random 75% immutable,α < 1,0.9803072113728922,52,4,3,False,,,,,,,False,195.68060000074183,No feasible counterfactual found.
Student Performance,5,42,10,300,0.0001,50,most_parsimonious,Ranked k-means,All features mutable,α = 1,1.0,487,0,3,True,16.0,10.0,0.6678558146214024,5.103565103947895,1.0046513602004001,0.004651360200400134,True,613.2189999998445,Optimization terminated successfully
Student Performance,5,42,10,300,0.0001,50,most_parsimonious,Ranked k-means,All features mutable,α < 1,0.9803072113728922,487,0,3,True,16.0,10.0,0.6824833734716178,5.159152213822839,1.0,0.0,False,527.5093999998717,Optimization terminated successfully
Student Performance,5,42,10,300,0.0001,50,most_parsimonious,Ranked k-means,Random 25% immutable,α = 1,1.0,487,0,3,True,14.0,8.0,0.6732022571885963,5.123952383693203,1.0000000000000002,2.220446049250313e-16,True,409.69630000017787,Optimization terminated successfully
Student Performance,5,42,10,300,0.0001,50,most_parsimonious,Ranked k-means,Random 25% immutable,α < 1,0.9803072113728922,487,0,3,True,14.0,8.0,0.6879780196916717,5.179878644135903,1.0,0.0,False,261.5950999997949,Optimization terminated successfully
Student Performance,5,42,10,300,0.0001,50,most_parsimonious,Ranked k-means,Random 50% immutable,α = 1,1.0,487,0,3,False,,,,,,,False,1191.2183000004006,No feasible counterfactual found.
Student Performance,5,42,10,300,0.0001,50,most_parsimonious,Ranked k-means,Random 50% immutable,α < 1,0.9803072113728922,487,0,3,False,,,,,,,False,642.801099999815,No feasible counterfactual found.
Student Performance,5,42,10,300,0.0001,50,most_parsimonious,Ranked k-means,Random 75% immutable,α = 1,1.0,487,0,3,False,,,,,,,False,303.2775000001493,No feasible counterfactual found.
Student Performance,5,42,10,300,0.0001,50,most_parsimonious,Ranked k-means,Random 75% immutable,α < 1,0.9803072113728922,487,0,3,False,,,,,,,False,266.14100000006147,No feasible counterfactual found.
Student Performance,5,42,10,300,0.0001,50,most_parsimonious,Ranked k-means,All features mutable,α = 1,1.0,465,0,3,True,5.0,2.0,0.1639092127964931,2.528331326994789,1.036603619051358,0.036603619051357894,True,17.431000000215136,Optimization terminated successfully
Student Performance,5,42,10,300,0.0001,50,most_parsimonious,Ranked k-means,All features mutable,α < 1,0.9803072113728922,465,0,3,True,5.0,2.0,0.23286871642277068,3.0136157586009626,1.0,0.0,False,31.35790000033012,Optimization terminated successfully
Student Performance,5,42,10,300,0.0001,50,most_parsimonious,Ranked k-means,Random 25% immutable,α = 1,1.0,465,0,3,True,7.0,2.0,0.006653163932822018,0.5093853093484918,3.3446652378076682,2.3446652378076682,True,30.739799999537354,Optimization terminated successfully
Student Performance,5,42,10,300,0.0001,50,most_parsimonious,Ranked k-means,Random 25% immutable,α < 1,0.9803072113728922,465,0,3,True,7.0,2.0,0.009318670851422987,0.602850033760882,2.826114689672809,1.826114689672809,True,144.35020000018994,Optimization terminated successfully
Student Performance,5,42,10,300,0.0001,50,most_parsimonious,Ranked k-means,Random 50% immutable,α = 1,1.0,465,0,3,True,8.0,3.0,0.00987263917586881,0.6205102157570684,4.032119493689532,3.0321194936895317,True,61.885500000244065,Optimization terminated successfully
Student Performance,5,42,10,300,0.0001,50,most_parsimonious,Ranked k-means,Random 50% immutable,α < 1,0.9803072113728922,465,0,3,True,8.0,3.0,0.013827989098907279,0.7343647423844529,3.406987279489211,2.406987279489211,True,83.94850000058796,Optimization terminated successfully
Student Performance,5,42,10,300,0.0001,50,most_parsimonious,Ranked k-means,Random 75% immutable,α = 1,1.0,465,0,3,True,5.0,2.0,0.06000010299031254,1.5297071669513056,1.7234528030357343,0.7234528030357343,True,40.19069999958447,Optimization terminated successfully
Student Performance,5,42,10,300,0.0001,50,most_parsimonious,Ranked k-means,Random 75% immutable,α < 1,0.9803072113728922,465,0,3,True,5.0,2.0,0.0840384000226484,1.810386036425184,1.456251903570968,0.456251903570968,True,44.08770000009099,Optimization terminated successfully
Student Performance,5,42,10,300,0.0001,50,most_parsimonious,Ranked k-means,All features mutable,α = 1,1.0,113,1,0,True,9.0,7.0,0.47139710088474945,4.287713485589403,1.107698692488693,0.1076986924886929,True,885.3623000004518,Optimization terminated successfully
Student Performance,5,42,10,300,0.0001,50,most_parsimonious,Ranked k-means,All features mutable,α < 1,0.9546250367985473,113,1,0,True,9.0,7.0,0.5086123202240764,4.453749037467084,1.070401488634262,0.0704014886342621,True,107.86770000049728,Optimization terminated successfully
Student Performance,5,42,10,300,0.0001,50,most_parsimonious,Ranked k-means,Random 25% immutable,α = 1,1.0,113,1,0,True,7.0,5.0,0.9636604243216526,6.130477677028475,1.0,0.0,False,46.91129999991972,Optimization terminated successfully
Student Performance,5,42,10,300,0.0001,50,most_parsimonious,Ranked k-means,Random 25% immutable,α < 1,0.9546250367985473,113,1,0,True,7.0,5.0,1.1587987516442422,6.722585166000163,1.0000000000000002,2.220446049250313e-16,True,92.87740000036138,Optimization terminated successfully
Student Performance,5,42,10,300,0.0001,50,most_parsimonious,Ranked k-means,Random 50% immutable,α = 1,1.0,113,1,0,True,8.0,6.0,0.4929873967247983,4.384804268410066,1.0820760406404937,0.08207604064049367,True,140.9177000005002,Optimization terminated successfully
Student Performance,5,42,10,300,0.0001,50,most_parsimonious,Ranked k-means,Random 50% immutable,α < 1,0.9546250367985473,113,1,0,True,8.0,6.0,0.5332481248692666,4.5603373636060525,1.0448624511873845,0.04486245118738452,True,138.6923999998544,Optimization terminated successfully
Student Performance,5,42,10,300,0.0001,50,most_parsimonious,Ranked k-means,Random 75% immutable,α = 1,1.0,113,1,0,False,,,,,,,False,80.18170000013924,No feasible counterfactual found.
Student Performance,5,42,10,300,0.0001,50,most_parsimonious,Ranked k-means,Random 75% immutable,α < 1,0.9546250367985473,113,1,0,False,,,,,,,False,196.9212999993033,No feasible counterfactual found.
Student Performance,5,42,10,300,0.0001,50,most_parsimonious,Ranked k-means,All features mutable,α = 1,1.0,230,3,4,True,2.0,2.0,0.32749423557471974,3.5738320032444264,1.5171485724510203,0.5171485724510203,True,7.982199999787554,Optimization terminated successfully
Student Performance,5,42,10,300,0.0001,50,most_parsimonious,Ranked k-means,All features mutable,α < 1,0.890151690365568,230,3,4,True,2.0,2.0,0.43041798929860736,4.097108929799852,1.3233805142200457,0.32338051422004566,True,3.370600000380364,Optimization terminated successfully
Student Performance,5,42,10,300,0.0001,50,most_parsimonious,Ranked k-means,Random 25% immutable,α = 1,1.0,230,3,4,True,1.0,1.0,0.32910988515955863,3.5826366716739204,1.509700660948471,0.5097006609484711,True,2.1749000006821007,Optimization terminated successfully
Student Performance,5,42,10,300,0.0001,50,most_parsimonious,Ranked k-means,Random 25% immutable,α < 1,0.890151690365568,230,3,4,True,1.0,1.0,0.43254139963740873,4.1072027690216295,1.3168838392784654,0.3168838392784654,True,2.2915999998076586,Optimization terminated successfully
Student Performance,5,42,10,300,0.0001,50,most_parsimonious,Ranked k-means,Random 50% immutable,α = 1,1.0,230,3,4,True,2.0,2.0,0.32749423557471974,3.5738320032444264,1.5171485724510203,0.5171485724510203,True,7.656100000531296,Optimization terminated successfully
Student Performance,5,42,10,300,0.0001,50,most_parsimonious,Ranked k-means,Random 50% immutable,α < 1,0.890151690365568,230,3,4,True,2.0,2.0,0.43041798929860736,4.097108929799852,1.3233805142200457,0.32338051422004566,True,3.6378999993758043,Optimization terminated successfully
Student Performance,5,42,10,300,0.0001,50,most_parsimonious,Ranked k-means,Random 75% immutable,α = 1,1.0,230,3,4,False,,,,,,,False,287.91569999975763,No feasible counterfactual found.
Student Performance,5,42,10,300,0.0001,50,most_parsimonious,Ranked k-means,Random 75% immutable,α < 1,0.890151690365568,230,3,4,False,,,,,,,False,131.89339999917138,No feasible counterfactual found.
Student Performance,5,42,10,300,0.0001,50,most_parsimonious,Ranked k-means,All features mutable,α = 1,1.0,79,3,4,True,2.0,2.0,0.1822261410546989,2.6658618683520077,2.033876613968637,1.033876613968637,True,7.7238000003490015,Optimization terminated successfully
Student Performance,5,42,10,300,0.0001,50,most_parsimonious,Ranked k-means,All features mutable,α < 1,0.890151690365568,79,3,4,True,2.0,2.0,0.260784775722657,3.1891387949074317,1.7001562048350876,0.7001562048350876,True,7.840699999178469,Optimization terminated successfully
Student Performance,5,42,10,300,0.0001,50,most_parsimonious,Ranked k-means,Random 25% immutable,α = 1,1.0,79,3,4,True,2.0,2.0,0.1822261410546989,2.6658618683520077,2.033876613968637,1.033876613968637,True,8.093100000223785,Optimization terminated successfully
Student Performance,5,42,10,300,0.0001,50,most_parsimonious,Ranked k-means,Random 25% immutable,α < 1,0.890151690365568,79,3,4,True,2.0,2.0,0.260784775722657,3.1891387949074317,1.7001562048350876,0.7001562048350876,True,7.851700000173878,Optimization terminated successfully
Student Performance,5,42,10,300,0.0001,50,most_parsimonious,Ranked k-means,Random 50% immutable,α = 1,1.0,79,3,4,True,2.0,2.0,0.1822261410546989,2.6658618683520077,2.033876613968637,1.033876613968637,True,9.401799999977811,Optimization terminated successfully
Student Performance,5,42,10,300,0.0001,50,most_parsimonious,Ranked k-means,Random 50% immutable,α < 1,0.890151690365568,79,3,4,True,2.0,2.0,0.260784775722657,3.1891387949074317,1.7001562048350876,0.7001562048350876,True,9.978399999454268,Optimization terminated successfully
Student Performance,5,42,10,300,0.0001,50,most_parsimonious,Ranked k-means,Random 75% immutable,α = 1,1.0,79,3,4,False,,,,,,,False,51.372900000387745,No feasible counterfactual found.
Student Performance,5,42,10,300,0.0001,50,most_parsimonious,Ranked k-means,Random 75% immutable,α < 1,0.890151690365568,79,3,4,False,,,,,,,False,281.7748000006759,No feasible counterfactual found.
Student Performance,5,42,10,300,0.0001,50,most_parsimonious,Ranked k-means,All features mutable,α = 1,1.0,57,4,3,True,5.0,4.0,0.668265491192518,5.10513018017251,1.0265648742982723,0.026564874298272256,True,51.30360000021028,Optimization terminated successfully
Student Performance,5,42,10,300,0.0001,50,most_parsimonious,Ranked k-means,All features mutable,α < 1,0.9803072113728922,57,4,3,True,5.0,4.0,0.6919479992830543,5.194802399710611,1.0078629030011022,0.00786290300110215,True,42.97740000038175,Optimization terminated successfully
Student Performance,5,42,10,300,0.0001,50,most_parsimonious,Ranked k-means,Random 25% immutable,α = 1,1.0,57,4,3,True,11.0,7.0,1.23964259692717,6.953133198793162,1.0,0.0,False,235.08640000000014,Optimization terminated successfully
Student Performance,5,42,10,300,0.0001,50,most_parsimonious,Ranked k-means,Random 25% immutable,α < 1,0.9803072113728922,57,4,3,True,11.0,7.0,1.3996799191823974,7.388336541340919,1.0,0.0,False,253.36690000040107,Optimization terminated successfully
Student Performance,5,42,10,300,0.0001,50,most_parsimonious,Ranked k-means,Random 50% immutable,α = 1,1.0,57,4,3,True,4.0,4.0,0.7405567279103606,5.374170855909223,1.3198918562452984,0.31989185624529837,True,35.58389999943756,Optimization terminated successfully
Student Performance,5,42,10,300,0.0001,50,most_parsimonious,Ranked k-means,Random 50% immutable,α < 1,0.9803072113728922,57,4,3,True,4.0,4.0,0.7659253452893504,5.465444946780149,1.2972999769022722,0.29729997690227217,True,23.03849999952945,Optimization terminated successfully
Student Performance,5,42,10,300,0.0001,50,most_parsimonious,Ranked k-means,Random 75% immutable,α = 1,1.0,57,4,3,True,3.0,3.0,0.7431670548757014,5.383634008748399,1.3148185803805417,0.31481858038054167,True,25.9766999997737,Optimization terminated successfully
Student Performance,5,42,10,300,0.0001,50,most_parsimonious,Ranked k-means,Random 75% immutable,α < 1,0.9803072113728922,57,4,3,True,3.0,3.0,0.768626666881452,5.47507442948282,1.2923141936516087,0.2923141936516087,True,7.06609999997454,Optimization terminated successfully
Student Performance,5,42,10,300,0.0001,50,most_parsimonious,Ranked k-means,All features mutable,α = 1,1.0,527,2,3,True,10.0,5.0,0.3657462615989413,3.7767849028451055,1.0000000000000002,2.220446049250313e-16,True,226.18140000031417,Optimization terminated successfully
Student Performance,5,42,10,300,0.0001,50,most_parsimonious,Ranked k-means,All features mutable,α < 1,0.9803072113728922,527,2,3,True,10.0,5.0,0.3840111538229519,3.8699399218973833,1.0,0.0,False,212.72179999959917,Optimization terminated successfully
Student Performance,5,42,10,300,0.0001,50,most_parsimonious,Ranked k-means,Random 25% immutable,α = 1,1.0,527,2,3,True,10.0,6.0,0.335665819873019,3.618144134089705,1.0000000000000002,2.220446049250313e-16,True,183.7996000003841,Optimization terminated successfully
Student Performance,5,42,10,300,0.0001,50,most_parsimonious,Ranked k-means,Random 25% immutable,α < 1,0.9803072113728922,527,2,3,True,10.0,6.0,0.3587258963320936,3.740362276164122,1.0,0.0,False,180.72589999974298,Optimization terminated successfully
Student Performance,5,42,10,300,0.0001,50,most_parsimonious,Ranked k-means,Random 50% immutable,α = 1,1.0,527,2,3,True,19.0,11.0,0.9833958046655531,6.192934391865989,1.0,0.0,False,479.2403000001286,Optimization terminated successfully
Student Performance,5,42,10,300,0.0001,50,most_parsimonious,Ranked k-means,Random 50% immutable,α < 1,0.9803072113728922,527,2,3,True,19.0,11.0,1.1522381565390756,6.703528034179014,1.0,0.0,False,320.92670000020007,Optimization terminated successfully
Student Performance,5,42,10,300,0.0001,50,most_parsimonious,Ranked k-means,Random 75% immutable,α = 1,1.0,527,2,3,False,,,,,,,False,232.23779999989347,No feasible counterfactual found.
Student Performance,5,42,10,300,0.0001,50,most_parsimonious,Ranked k-means,Random 75% immutable,α < 1,0.9803072113728922,527,2,3,False,,,,,,,False,213.47770000011224,No feasible counterfactual found.
Student Performance,5,42,10,300,0.0001,50,most_parsimonious,Ranked + weighted SHARK,All features mutable,α = 1,1.0,251,1,4,True,2.0,1.0,3.656766564800502,2.7043544755821878,1.9999999999999898,0.9999999999999898,True,3.671299999950861,Optimization terminated successfully
Student Performance,5,42,10,300,0.0001,50,most_parsimonious,Ranked + weighted SHARK,All features mutable,α < 1,0.01,251,1,4,True,2.0,1.0,14.48116127326623,5.381665406408509,1.005025125628144,0.005025125628143945,True,3.6554999996951665,Optimization terminated successfully
Student Performance,5,42,10,300,0.0001,50,most_parsimonious,Ranked + weighted SHARK,Random 25% immutable,α = 1,1.0,251,1,4,True,2.0,1.0,3.656766564800502,2.7043544755821878,1.9999999999999898,0.9999999999999898,True,3.5093999995297054,Optimization terminated successfully
Student Performance,5,42,10,300,0.0001,50,most_parsimonious,Ranked + weighted SHARK,Random 25% immutable,α < 1,0.01,251,1,4,True,2.0,1.0,14.48116127326623,5.381665406408509,1.005025125628144,0.005025125628143945,True,3.91719999970519,Optimization terminated successfully
Student Performance,5,42,10,300,0.0001,50,most_parsimonious,Ranked + weighted SHARK,Random 50% immutable,α = 1,1.0,251,1,4,False,,,,,,,False,17086.842900000192,No feasible counterfactual found.
Student Performance,5,42,10,300,0.0001,50,most_parsimonious,Ranked + weighted SHARK,Random 50% immutable,α < 1,0.01,251,1,4,False,,,,,,,False,17130.460299999868,No feasible counterfactual found.
Student Performance,5,42,10,300,0.0001,50,most_parsimonious,Ranked + weighted SHARK,Random 75% immutable,α = 1,1.0,251,1,4,False,,,,,,,False,4183.272899999793,No feasible counterfactual found.
Student Performance,5,42,10,300,0.0001,50,most_parsimonious,Ranked + weighted SHARK,Random 75% immutable,α < 1,0.01,251,1,4,False,,,,,,,False,4240.025600000081,No feasible counterfactual found.
Student Performance,5,42,10,300,0.0001,50,most_parsimonious,Ranked + weighted SHARK,All features mutable,α = 1,1.0,316,4,2,True,2.0,2.0,6.042579733188952,3.4763715949792497,1.9999999713259402,0.9999999713259402,True,3.9170000000012806,Optimization terminated successfully
Student Performance,5,42,10,300,0.0001,50,most_parsimonious,Ranked + weighted SHARK,All features mutable,α < 1,0.01,316,4,2,True,2.0,2.0,23.92922000140146,6.917979474008692,1.0050250741643094,0.005025074164309418,True,5.034400000113237,Optimization terminated successfully
Student Performance,5,42,10,300,0.0001,50,most_parsimonious,Ranked + weighted SHARK,Random 25% immutable,α = 1,1.0,316,4,2,True,2.0,2.0,6.042579733188952,3.4763715949792497,1.9999999713259402,0.9999999713259402,True,4.5946999998705,Optimization terminated successfully
Student Performance,5,42,10,300,0.0001,50,most_parsimonious,Ranked + weighted SHARK,Random 25% immutable,α < 1,0.01,316,4,2,True,2.0,2.0,23.92922000140146,6.917979474008692,1.0050250741643094,0.005025074164309418,True,3.948100000343402,Optimization terminated successfully
Student Performance,5,42,10,300,0.0001,50,most_parsimonious,Ranked + weighted SHARK,Random 50% immutable,α = 1,1.0,316,4,2,False,,,,,,,False,17201.981899999737,No feasible counterfactual found.
Student Performance,5,42,10,300,0.0001,50,most_parsimonious,Ranked + weighted SHARK,Random 50% immutable,α < 1,0.01,316,4,2,False,,,,,,,False,17240.67229999946,No feasible counterfactual found.
Student Performance,5,42,10,300,0.0001,50,most_parsimonious,Ranked + weighted SHARK,Random 75% immutable,α = 1,1.0,316,4,2,False,,,,,,,False,22.296000000096683,No feasible counterfactual found.
Student Performance,5,42,10,300,0.0001,50,most_parsimonious,Ranked + weighted SHARK,Random 75% immutable,α < 1,0.01,316,4,2,False,,,,,,,False,33.87719999955152,No feasible counterfactual found.
Student Performance,5,42,10,300,0.0001,50,most_parsimonious,Ranked + weighted SHARK,All features mutable,α = 1,1.0,278,1,0,True,3.0,1.0,6.686763511228745e-14,1.6476555444220913,1.968972862728984,0.968972862728984,True,3.12359999952605,Optimization terminated successfully
Student Performance,5,42,10,300,0.0001,50,most_parsimonious,Ranked + weighted SHARK,All features mutable,α < 1,0.01,278,1,0,True,3.0,1.0,2.5923606762678593e-13,3.2441890540920477,1.0,0.0,False,3.253900000345311,Optimization terminated successfully
Student Performance,5,42,10,300,0.0001,50,most_parsimonious,Ranked + weighted SHARK,Random 25% immutable,α = 1,1.0,278,1,0,True,3.0,1.0,6.686763511228745e-14,1.6476555444220913,1.968972862728984,0.968972862728984,True,3.5262999999758904,Optimization terminated successfully
Student Performance,5,42,10,300,0.0001,50,most_parsimonious,Ranked + weighted SHARK,Random 25% immutable,α < 1,0.01,278,1,0,True,3.0,1.0,2.5923606762678593e-13,3.2441890540920477,1.0,0.0,False,3.647600000476814,Optimization terminated successfully
Student Performance,5,42,10,300,0.0001,50,most_parsimonious,Ranked + weighted SHARK,Random 50% immutable,α = 1,1.0,278,1,0,True,3.0,2.0,7.414994843712725e-16,0.6781200631971078,1.6920495549370485,0.6920495549370485,True,3.3735999995769816,Optimization terminated successfully
Student Performance,5,42,10,300,0.0001,50,most_parsimonious,Ranked + weighted SHARK,Random 50% immutable,α < 1,0.01,278,1,0,True,2.0,0.0,4.741035763521521e-47,1.6653345369377348e-16,inf,inf,True,2.866400000129943,Optimization terminated successfully
Student Performance,5,42,10,300,0.0001,50,most_parsimonious,Ranked + weighted SHARK,Random 75% immutable,α = 1,1.0,278,1,0,True,2.0,2.0,2.5946159192089646e-14,5.4481825313094125,1.000000000001236,1.2359002710127243e-12,True,2.2507000003315625,Optimization terminated successfully
Student Performance,5,42,10,300,0.0001,50,most_parsimonious,Ranked + weighted SHARK,Random 75% immutable,α < 1,0.01,278,1,0,True,2.0,2.0,2.594615919216671e-14,5.4481825313175145,1.0000000000000508,5.084821452783217e-14,True,2.236399999674177,Optimization terminated successfully
Student Performance,5,42,10,300,0.0001,50,most_parsimonious,Ranked + weighted SHARK,All features mutable,α = 1,1.0,53,3,4,True,2.0,1.0,3.6567665648004746,2.7043544755821776,1.9999999999999973,0.9999999999999973,True,3.6936000005880487,Optimization terminated successfully
Student Performance,5,42,10,300,0.0001,50,most_parsimonious,Ranked + weighted SHARK,All features mutable,α < 1,0.01,53,3,4,True,2.0,1.0,14.481161273266803,5.381665406408616,1.005025125628124,0.005025125628123961,True,3.278899999713758,Optimization terminated successfully
Student Performance,5,42,10,300,0.0001,50,most_parsimonious,Ranked + weighted SHARK,Random 25% immutable,α = 1,1.0,53,3,4,True,1.0,1.0,3.6567665648004564,2.704354475582171,2.000000000000002,1.0000000000000022,True,2.3704999994151876,Optimization terminated successfully
Student Performance,5,42,10,300,0.0001,50,most_parsimonious,Ranked + weighted SHARK,Random 25% immutable,α < 1,0.01,53,3,4,True,1.0,1.0,14.481161273266803,5.381665406408616,1.005025125628124,0.005025125628123961,True,2.2702999995090067,Optimization terminated successfully
Student Performance,5,42,10,300,0.0001,50,most_parsimonious,Ranked + weighted SHARK,Random 50% immutable,α = 1,1.0,53,3,4,True,1.0,1.0,3.6567665648004564,2.704354475582171,2.000000000000002,1.0000000000000022,True,2.181400000154099,Optimization terminated successfully
Student Performance,5,42,10,300,0.0001,50,most_parsimonious,Ranked + weighted SHARK,Random 50% immutable,α < 1,0.01,53,3,4,True,1.0,1.0,14.481161273266803,5.381665406408616,1.005025125628124,0.005025125628123961,True,2.0663999994212645,Optimization terminated successfully
Student Performance,5,42,10,300,0.0001,50,most_parsimonious,Ranked + weighted SHARK,Random 75% immutable,α = 1,1.0,53,3,4,False,,,,,,,False,4290.137800000593,No feasible counterfactual found.
Student Performance,5,42,10,300,0.0001,50,most_parsimonious,Ranked + weighted SHARK,Random 75% immutable,α < 1,0.01,53,3,4,False,,,,,,,False,4422.762199999852,No feasible counterfactual found.
Student Performance,5,42,10,300,0.0001,50,most_parsimonious,Ranked + weighted SHARK,All features mutable,α = 1,1.0,505,1,0,True,3.0,1.0,6.588205401866421e-14,1.6354678363209079,1.9836458914349937,0.9836458914349937,True,3.329699999994773,Optimization terminated successfully
Student Performance,5,42,10,300,0.0001,50,most_parsimonious,Ranked + weighted SHARK,All features mutable,α < 1,0.01,505,1,0,True,3.0,1.0,2.5923606762678593e-13,3.2441890540920477,1.0,0.0,False,3.520799999932933,Optimization terminated successfully
Student Performance,5,42,10,300,0.0001,50,most_parsimonious,Ranked + weighted SHARK,Random 25% immutable,α = 1,1.0,505,1,0,True,3.0,1.0,6.588205401866421e-14,1.6354678363209079,1.9836458914349937,0.9836458914349937,True,3.379099999619939,Optimization terminated successfully
Student Performance,5,42,10,300,0.0001,50,most_parsimonious,Ranked + weighted SHARK,Random 25% immutable,α < 1,0.01,505,1,0,True,3.0,1.0,2.5923606762678593e-13,3.2441890540920477,1.0,0.0,False,3.2542999997531297,Optimization terminated successfully
Student Performance,5,42,10,300,0.0001,50,most_parsimonious,Ranked + weighted SHARK,Random 50% immutable,α = 1,1.0,505,1,0,True,2.0,0.0,4.48735966745355e-47,2.220446049250313e-16,inf,inf,True,2.69410000055359,Optimization terminated successfully
Student Performance,5,42,10,300,0.0001,50,most_parsimonious,Ranked + weighted SHARK,Random 50% immutable,α < 1,0.01,505,1,0,True,2.0,0.0,0.0,0.0,inf,inf,True,2.4987000006149174,Optimization terminated successfully
Student Performance,5,42,10,300,0.0001,50,most_parsimonious,Ranked + weighted SHARK,Random 75% immutable,α = 1,1.0,505,1,0,True,3.0,0.0,3.758608536225831e-46,6.661338147750939e-16,inf,inf,True,3.796199999669625,Optimization terminated successfully
Student Performance,5,42,10,300,0.0001,50,most_parsimonious,Ranked + weighted SHARK,Random 75% immutable,α < 1,0.01,505,1,0,True,2.0,0.0,0.0,0.0,inf,inf,True,2.6562000002741115,Optimization terminated successfully
Student Performance,5,42,10,300,0.0001,50,most_parsimonious,Ranked + weighted SHARK,All features mutable,α = 1,1.0,626,2,1,True,5.0,3.0,2.385813168388482,2.204875774703083,2.000000000000001,1.0000000000000009,True,11.736399999790592,Optimization terminated successfully
Student Performance,5,42,10,300,0.0001,50,most_parsimonious,Ranked + weighted SHARK,All features mutable,α < 1,0.01,626,2,1,True,7.0,4.0,9.448058728135216,4.73880098395198,1.0050251256281422,0.0050251256281421686,True,40.70679999949789,Optimization terminated successfully
Student Performance,5,42,10,300,0.0001,50,most_parsimonious,Ranked + weighted SHARK,Random 25% immutable,α = 1,1.0,626,2,1,True,5.0,3.0,2.385813168388482,2.204875774703083,2.000000000000001,1.0000000000000009,True,11.604000000261294,Optimization terminated successfully
Student Performance,5,42,10,300,0.0001,50,most_parsimonious,Ranked + weighted SHARK,Random 25% immutable,α < 1,0.01,626,2,1,True,8.0,4.0,9.448058728135367,4.898424787493473,1.0050251256281342,0.005025125628134175,True,44.205000000147265,Optimization terminated successfully
Student Performance,5,42,10,300,0.0001,50,most_parsimonious,Ranked + weighted SHARK,Random 50% immutable,α = 1,1.0,626,2,1,False,,,,,,,False,32.34359999987646,No feasible counterfactual found.
Student Performance,5,42,10,300,0.0001,50,most_parsimonious,Ranked + weighted SHARK,Random 50% immutable,α < 1,0.01,626,2,1,False,,,,,,,False,32.93459999986226,No feasible counterfactual found.
Student Performance,5,42,10,300,0.0001,50,most_parsimonious,Ranked + weighted SHARK,Random 75% immutable,α = 1,1.0,626,2,1,True,2.0,2.0,2.3858131683885,2.2391145555181566,1.9999999999999936,0.9999999999999936,True,4.780199999913748,Optimization terminated successfully
Student Performance,5,42,10,300,0.0001,50,most_parsimonious,Ranked + weighted SHARK,Random 75% immutable,α < 1,0.01,626,2,1,True,5.0,4.0,9.44805872813525,5.2465777400904345,1.0050251256281406,0.005025125628140614,True,20.24740000069869,Optimization terminated successfully
Student Performance,5,42,10,300,0.0001,50,most_parsimonious,Ranked + weighted SHARK,All features mutable,α = 1,1.0,402,3,0,True,3.0,1.0,7.525974564469823e-14,1.7479935076631663,1.8559502880700598,0.8559502880700598,True,3.2562999995207065,Optimization terminated successfully
Student Performance,5,42,10,300,0.0001,50,most_parsimonious,Ranked + weighted SHARK,All features mutable,α < 1,0.01,402,3,0,True,3.0,1.0,2.592360676267416e-13,3.24418905409177,1.0000000000000855,8.548717289613705e-14,True,3.130099999907543,Optimization terminated successfully
Student Performance,5,42,10,300,0.0001,50,most_parsimonious,Ranked + weighted SHARK,Random 25% immutable,α = 1,1.0,402,3,0,True,3.0,1.0,7.525974564469823e-14,1.7479935076631663,1.8559502880700598,0.8559502880700598,True,3.273100000114937,Optimization terminated successfully
Student Performance,5,42,10,300,0.0001,50,most_parsimonious,Ranked + weighted SHARK,Random 25% immutable,α < 1,0.01,402,3,0,True,3.0,1.0,2.592360676267416e-13,3.24418905409177,1.0000000000000855,8.548717289613705e-14,True,3.5758000003625057,Optimization terminated successfully
Student Performance,5,42,10,300,0.0001,50,most_parsimonious,Ranked + weighted SHARK,Random 50% immutable,α = 1,1.0,402,3,0,True,1.0,0.0,0.0,0.0,inf,inf,True,1.4197999998941668,Optimization terminated successfully
Student Performance,5,42,10,300,0.0001,50,most_parsimonious,Ranked + weighted SHARK,Random 50% immutable,α < 1,0.01,402,3,0,True,2.0,1.0,2.592360676267416e-13,3.24418905409177,1.0000000000000855,8.548717289613705e-14,True,2.293900000040594,Optimization terminated successfully
Student Performance,5,42,10,300,0.0001,50,most_parsimonious,Ranked + weighted SHARK,Random 75% immutable,α = 1,1.0,402,3,0,True,2.0,2.0,4.415848713852383e-15,2.204568776129814,1.0,0.0,False,2.276200000778772,Optimization terminated successfully
Student Performance,5,42,10,300,0.0001,50,most_parsimonious,Ranked + weighted SHARK,Random 75% immutable,α < 1,0.01,402,3,0,True,1.0,0.0,0.0,0.0,inf,inf,True,1.5699999994467362,Optimization terminated successfully
Student Performance,5,42,10,300,0.0001,50,most_parsimonious,Ranked + weighted SHARK,All features mutable,α = 1,1.0,449,1,4,True,2.0,1.0,3.656766564800477,2.7043544755821785,1.9999999999999967,0.9999999999999967,True,3.5269999998490675,Optimization terminated successfully
Student Performance,5,42,10,300,0.0001,50,most_parsimonious,Ranked + weighted SHARK,All features mutable,α < 1,0.01,449,1,4,True,2.0,1.0,14.481161273266133,5.381665406408492,1.0050251256281473,0.005025125628147276,True,4.127600000174425,Optimization terminated successfully
Student Performance,5,42,10,300,0.0001,50,most_parsimonious,Ranked + weighted SHARK,Random 25% immutable,α = 1,1.0,449,1,4,True,1.0,1.0,3.656766564800477,2.7043544755821785,1.9999999999999967,0.9999999999999967,True,3.787499999816646,Optimization terminated successfully
Student Performance,5,42,10,300,0.0001,50,most_parsimonious,Ranked + weighted SHARK,Random 25% immutable,α < 1,0.01,449,1,4,True,1.0,1.0,14.481161273266133,5.381665406408492,1.0050251256281473,0.005025125628147276,True,5.58420000015758,Optimization terminated successfully
Student Performance,5,42,10,300,0.0001,50,most_parsimonious,Ranked + weighted SHARK,Random 50% immutable,α = 1,1.0,449,1,4,False,,,,,,,False,35.405700000410434,No feasible counterfactual found.
Student Performance,5,42,10,300,0.0001,50,most_parsimonious,Ranked + weighted SHARK,Random 50% immutable,α < 1,0.01,449,1,4,False,,,,,,,False,32.86659999957919,No feasible counterfactual found.
Student Performance,5,42,10,300,0.0001,50,most_parsimonious,Ranked + weighted SHARK,Random 75% immutable,α = 1,1.0,449,1,4,False,,,,,,,False,1967.6595000000816,No feasible counterfactual found.
Student Performance,5,42,10,300,0.0001,50,most_parsimonious,Ranked + weighted SHARK,Random 75% immutable,α < 1,0.01,449,1,4,False,,,,,,,False,1971.115600000303,No feasible counterfactual found.
Student Performance,5,42,10,300,0.0001,50,most_parsimonious,Ranked + weighted SHARK,All features mutable,α = 1,1.0,176,1,0,True,3.0,1.0,6.6682607236508e-14,1.6453743706415969,1.9717026787204723,0.9717026787204723,True,3.521500000715605,Optimization terminated successfully
Student Performance,5,42,10,300,0.0001,50,most_parsimonious,Ranked + weighted SHARK,All features mutable,α < 1,0.01,176,1,0,True,3.0,1.0,2.5923606762678593e-13,3.2441890540920477,1.0,0.0,False,3.15740000041842,Optimization terminated successfully
Student Performance,5,42,10,300,0.0001,50,most_parsimonious,Ranked + weighted SHARK,Random 25% immutable,α = 1,1.0,176,1,0,True,3.0,1.0,6.6682607236508e-14,1.6453743706415969,1.9717026787204723,0.9717026787204723,True,3.521599999658065,Optimization terminated successfully
Student Performance,5,42,10,300,0.0001,50,most_parsimonious,Ranked + weighted SHARK,Random 25% immutable,α < 1,0.01,176,1,0,True,3.0,1.0,2.5923606762678593e-13,3.2441890540920477,1.0,0.0,False,3.8787000003139838,Optimization terminated successfully
Student Performance,5,42,10,300,0.0001,50,most_parsimonious,Ranked + weighted SHARK,Random 50% immutable,α = 1,1.0,176,1,0,True,2.0,1.0,6.6682607236508e-14,1.6453743706415969,1.9717026787204723,0.9717026787204723,True,3.6738000007972005,Optimization terminated successfully
Student Performance,5,42,10,300,0.0001,50,most_parsimonious,Ranked + weighted SHARK,Random 50% immutable,α < 1,0.01,176,1,0,True,2.0,1.0,2.5923606762678593e-13,3.2441890540920477,1.0,0.0,False,3.0442000006587477,Optimization terminated successfully
Student Performance,5,42,10,300,0.0001,50,most_parsimonious,Ranked + weighted SHARK,Random 75% immutable,α = 1,1.0,176,1,0,True,1.0,0.0,0.0,0.0,inf,inf,True,1.8734000004769769,Optimization terminated successfully
Student Performance,5,42,10,300,0.0001,50,most_parsimonious,Ranked + weighted SHARK,Random 75% immutable,α < 1,0.01,176,1,0,True,1.0,0.0,8.428508024038259e-45,2.220446049250313e-15,inf,inf,True,2.3663000001761247,Optimization terminated successfully
Student Performance,5,42,10,300,0.0001,50,most_parsimonious,Ranked + weighted SHARK,All features mutable,α = 1,1.0,287,1,0,True,3.0,1.0,6.494246171652163e-14,1.623763652695493,1.997944127340579,0.9979441273405789,True,3.631100000347942,Optimization terminated successfully
Student Performance,5,42,10,300,0.0001,50,most_parsimonious,Ranked + weighted SHARK,All features mutable,α < 1,0.01,287,1,0,True,3.0,1.0,2.592360676267842e-13,3.2441890540920366,1.0000000000000033,3.3306690738754696e-15,True,3.6860000000160653,Optimization terminated successfully
Student Performance,5,42,10,300,0.0001,50,most_parsimonious,Ranked + weighted SHARK,Random 25% immutable,α = 1,1.0,287,1,0,True,3.0,1.0,6.494246171652163e-14,1.623763652695493,1.997944127340579,0.9979441273405789,True,3.22760000017297,Optimization terminated successfully
Student Performance,5,42,10,300,0.0001,50,most_parsimonious,Ranked + weighted SHARK,Random 25% immutable,α < 1,0.01,287,1,0,True,3.0,1.0,2.592360676267842e-13,3.2441890540920366,1.0000000000000033,3.3306690738754696e-15,True,3.120200000012119,Optimization terminated successfully
Student Performance,5,42,10,300,0.0001,50,most_parsimonious,Ranked + weighted SHARK,Random 50% immutable,α = 1,1.0,287,1,0,True,3.0,0.0,3.3714032096153037e-46,4.440892098500626e-16,inf,inf,True,3.792700000303739,Optimization terminated successfully
Student Performance,5,42,10,300,0.0001,50,most_parsimonious,Ranked + weighted SHARK,Random 50% immutable,α < 1,0.01,287,1,0,True,3.0,0.0,1.3485612838461215e-45,8.881784197001252e-16,inf,inf,True,3.837100000055216,Optimization terminated successfully
Student Performance,5,42,10,300,0.0001,50,most_parsimonious,Ranked + weighted SHARK,Random 75% immutable,α = 1,1.0,287,1,0,True,2.0,2.0,4.5819695768107386e-15,2.2554872661520213,1.0,0.0,False,2.3677999997744337,Optimization terminated successfully
Student Performance,5,42,10,300,0.0001,50,most_parsimonious,Ranked + weighted SHARK,Random 75% immutable,α < 1,0.01,287,1,0,True,2.0,2.0,4.606436579317915e-15,2.261764691038609,1.0000000000023548,2.354783035229957e-12,True,2.4169999996956903,Optimization terminated successfully
Student Performance,5,42,10,300,0.0001,50,most_parsimonious,Ranked + weighted SHARK,All features mutable,α = 1,1.0,227,3,0,True,3.0,1.0,6.616663630991586e-14,1.638996290800927,1.9793754704025062,0.9793754704025062,True,4.138199999943026,Optimization terminated successfully
Student Performance,5,42,10,300,0.0001,50,most_parsimonious,Ranked + weighted SHARK,All features mutable,α < 1,0.01,227,3,0,True,3.0,1.0,2.5923606762677796e-13,3.2441890540919975,1.0000000000000155,1.554312234475219e-14,True,3.3459999995102407,Optimization terminated successfully
Student Performance,5,42,10,300,0.0001,50,most_parsimonious,Ranked + weighted SHARK,Random 25% immutable,α = 1,1.0,227,3,0,True,3.0,1.0,6.616663630991586e-14,1.638996290800927,1.9793754704025062,0.9793754704025062,True,3.2068999998955405,Optimization terminated successfully
Student Performance,5,42,10,300,0.0001,50,most_parsimonious,Ranked + weighted SHARK,Random 25% immutable,α < 1,0.01,227,3,0,True,3.0,1.0,2.5923606762677796e-13,3.2441890540919975,1.0000000000000155,1.554312234475219e-14,True,3.3200999996552127,Optimization terminated successfully
Student Performance,5,42,10,300,0.0001,50,most_parsimonious,Ranked + weighted SHARK,Random 50% immutable,α = 1,1.0,227,3,0,True,2.0,2.0,7.717836756527902e-16,0.6918261511639306,3.3173074302374075,2.3173074302374075,True,2.236599999378086,Optimization terminated successfully
Student Performance,5,42,10,300,0.0001,50,most_parsimonious,Ranked + weighted SHARK,Random 50% immutable,α < 1,0.01,227,3,0,True,1.0,0.0,5.267817515023912e-48,5.551115123125783e-17,inf,inf,True,1.7930999993041041,Optimization terminated successfully
Student Performance,5,42,10,300,0.0001,50,most_parsimonious,Ranked + weighted SHARK,Random 75% immutable,α = 1,1.0,227,3,0,True,3.0,0.0,7.543318520619897e-46,9.43689570931383e-16,inf,inf,True,4.257300000062969,Optimization terminated successfully
Student Performance,5,42,10,300,0.0001,50,most_parsimonious,Ranked + weighted SHARK,Random 75% immutable,α < 1,0.01,227,3,0,True,3.0,0.0,1.5880121065554136e-44,4.3298697960381105e-15,inf,inf,True,3.8950000007389463,Optimization terminated successfully
Student Performance,5,42,10,300,0.0001,50,most_parsimonious,Ranked + weighted SHARK,All features mutable,α = 1,1.0,439,1,3,True,4.0,1.0,1.1462227752836959e-15,0.8188406416985623,1.0772364742291474,0.07723647422914737,True,4.8712000007071765,Optimization terminated successfully
Student Performance,5,42,10,300,0.0001,50,most_parsimonious,Ranked + weighted SHARK,All features mutable,α < 1,0.01,439,1,3,True,4.0,1.0,1.3301209479317545e-15,0.8820850058181493,1.0000000000008418,8.417710972707937e-13,True,4.818800000066403,Optimization terminated successfully
Student Performance,5,42,10,300,0.0001,50,most_parsimonious,Ranked + weighted SHARK,Random 25% immutable,α = 1,1.0,439,1,3,True,4.0,1.0,1.1462227752836959e-15,0.8188406416985623,1.0772364742291474,0.07723647422914737,True,4.8127000000022235,Optimization terminated successfully
Student Performance,5,42,10,300,0.0001,50,most_parsimonious,Ranked + weighted SHARK,Random 25% immutable,α < 1,0.01,439,1,3,True,4.0,1.0,1.3301209479317545e-15,0.8820850058181493,1.0000000000008418,8.417710972707937e-13,True,4.769799999849056,Optimization terminated successfully
Student Performance,5,42,10,300,0.0001,50,most_parsimonious,Ranked + weighted SHARK,Random 50% immutable,α = 1,1.0,439,1,3,True,4.0,1.0,1.287449740299294e-15,0.909849243569942,1.0,0.0,False,4.67320000007021,Optimization terminated successfully
Student Performance,5,42,10,300,0.0001,50,most_parsimonious,Ranked + weighted SHARK,Random 50% immutable,α < 1,0.01,439,1,3,True,4.0,1.0,1.287449740308815e-15,0.9098492435681577,1.000000000001961,1.9610979506978765e-12,True,4.675199999837787,Optimization terminated successfully
Student Performance,5,42,10,300,0.0001,50,most_parsimonious,Ranked + weighted SHARK,Random 75% immutable,α = 1,1.0,439,1,3,True,2.0,1.0,9.437879378912388e-15,3.1823571876284027,1.000556502561895,0.0005565025618949893,True,2.5127999997494044,Optimization terminated successfully
Student Performance,5,42,10,300,0.0001,50,most_parsimonious,Ranked + weighted SHARK,Random 75% immutable,α < 1,0.01,439,1,3,True,2.0,1.0,9.448386709883839e-15,3.1841281775561825,1.0,0.0,False,2.2281999999904656,Optimization terminated successfully
Student Performance,5,42,10,300,0.0001,50,most_parsimonious,Ranked + weighted SHARK,All features mutable,α = 1,1.0,261,1,4,True,2.0,1.0,3.6567665648004732,2.704354475582177,1.9999999999999978,0.9999999999999978,True,3.3827000006567687,Optimization terminated successfully
Student Performance,5,42,10,300,0.0001,50,most_parsimonious,Ranked + weighted SHARK,All features mutable,α < 1,0.01,261,1,4,True,2.0,1.0,14.481161273266535,5.381665406408566,1.0050251256281333,0.005025125628133287,True,4.261699999915436,Optimization terminated successfully
Student Performance,5,42,10,300,0.0001,50,most_parsimonious,Ranked + weighted SHARK,Random 25% immutable,α = 1,1.0,261,1,4,True,1.0,1.0,3.656766564800508,2.70435447558219,1.9999999999999882,0.9999999999999882,True,2.3605000005773036,Optimization terminated successfully
Student Performance,5,42,10,300,0.0001,50,most_parsimonious,Ranked + weighted SHARK,Random 25% immutable,α < 1,0.01,261,1,4,True,1.0,1.0,14.481161273266535,5.381665406408566,1.0050251256281333,0.005025125628133287,True,2.2516999997606035,Optimization terminated successfully
Student Performance,5,42,10,300,0.0001,50,most_parsimonious,Ranked + weighted SHARK,Random 50% immutable,α = 1,1.0,261,1,4,False,,,,,,,False,31.99560000030033,No feasible counterfactual found.
Student Performance,5,42,10,300,0.0001,50,most_parsimonious,Ranked + weighted SHARK,Random 50% immutable,α < 1,0.01,261,1,4,False,,,,,,,False,36.337300000013784,No feasible counterfactual found.
Student Performance,5,42,10,300,0.0001,50,most_parsimonious,Ranked + weighted SHARK,Random 75% immutable,α = 1,1.0,261,1,4,True,1.0,1.0,3.656766564800508,2.70435447558219,1.9999999999999882,0.9999999999999882,True,2.2663999998258078,Optimization terminated successfully
Student Performance,5,42,10,300,0.0001,50,most_parsimonious,Ranked + weighted SHARK,Random 75% immutable,α < 1,0.01,261,1,4,True,1.0,1.0,14.481161273266535,5.381665406408566,1.0050251256281333,0.005025125628133287,True,2.5342999997519655,Optimization terminated successfully
Student Performance,5,42,10,300,0.0001,50,most_parsimonious,Ranked + weighted SHARK,All features mutable,α = 1,1.0,43,3,0,True,3.0,1.0,6.849248961035108e-14,1.6675540458808138,1.945477606621406,0.9454776066214059,True,3.859800000100222,Optimization terminated successfully
Student Performance,5,42,10,300,0.0001,50,most_parsimonious,Ranked + weighted SHARK,All features mutable,α < 1,0.01,43,3,0,True,3.0,1.0,2.5923606762678593e-13,3.2441890540920477,1.0,0.0,False,3.2837999997354927,Optimization terminated successfully
Student Performance,5,42,10,300,0.0001,50,most_parsimonious,Ranked + weighted SHARK,Random 25% immutable,α = 1,1.0,43,3,0,True,2.0,1.0,6.849248961035108e-14,1.6675540458808138,1.945477606621406,0.9454776066214059,True,2.221800000370422,Optimization terminated successfully
Student Performance,5,42,10,300,0.0001,50,most_parsimonious,Ranked + weighted SHARK,Random 25% immutable,α < 1,0.01,43,3,0,True,2.0,1.0,2.5923606762678593e-13,3.2441890540920477,1.0,0.0,False,2.2333999995680642,Optimization terminated successfully
Student Performance,5,42,10,300,0.0001,50,most_parsimonious,Ranked + weighted SHARK,Random 50% immutable,α = 1,1.0,43,3,0,True,4.0,2.0,2.2435128618881367e-14,5.072063743890961,1.0,0.0,False,4.60439999915252,Optimization terminated successfully
Student Performance,5,42,10,300,0.0001,50,most_parsimonious,Ranked + weighted SHARK,Random 50% immutable,α < 1,0.01,43,3,0,True,3.0,0.0,1.0324922329446868e-45,7.771561172376096e-16,inf,inf,True,3.650300000117568,Optimization terminated successfully
Student Performance,5,42,10,300,0.0001,50,most_parsimonious,Ranked + weighted SHARK,Random 75% immutable,α = 1,1.0,43,3,0,True,2.0,1.0,2.2242042582785935e-14,5.060917118883409,1.0000000000011877,1.1877165917439925e-12,True,2.0569000007526483,Optimization terminated successfully
Student Performance,5,42,10,300,0.0001,50,most_parsimonious,Ranked + weighted SHARK,Random 75% immutable,α < 1,0.01,43,3,0,True,2.0,1.0,2.224204258283877e-14,5.06091711888942,1.0,0.0,False,2.4234999991676887,Optimization terminated successfully
Student Performance,5,42,10,300,0.0001,50,most_parsimonious,Ranked + weighted SHARK,All features mutable,α = 1,1.0,483,0,4,True,2.0,1.0,3.6567665648005825,2.7043544755822175,1.9999999999999678,0.9999999999999678,True,3.5914000000047963,Optimization terminated successfully
Student Performance,5,42,10,300,0.0001,50,most_parsimonious,Ranked + weighted SHARK,All features mutable,α < 1,0.01,483,0,4,True,2.0,1.0,14.481161273266922,5.381665406408638,1.0050251256281197,0.005025125628119742,True,3.6160999998173793,Optimization terminated successfully
Student Performance,5,42,10,300,0.0001,50,most_parsimonious,Ranked + weighted SHARK,Random 25% immutable,α = 1,1.0,483,0,4,True,1.0,1.0,3.6567665648005945,2.704354475582222,1.9999999999999645,0.9999999999999645,True,2.086599999529426,Optimization terminated successfully
Student Performance,5,42,10,300,0.0001,50,most_parsimonious,Ranked + weighted SHARK,Random 25% immutable,α < 1,0.01,483,0,4,True,1.0,1.0,14.481161273266922,5.381665406408638,1.0050251256281197,0.005025125628119742,True,2.2372000003088033,Optimization terminated successfully
Student Performance,5,42,10,300,0.0001,50,most_parsimonious,Ranked + weighted SHARK,Random 50% immutable,α = 1,1.0,483,0,4,False,,,,,,,False,17268.378599999778,No feasible counterfactual found.
Student Performance,5,42,10,300,0.0001,50,most_parsimonious,Ranked + weighted SHARK,Random 50% immutable,α < 1,0.01,483,0,4,False,,,,,,,False,17212.042400000428,No feasible counterfactual found.
Student Performance,5,42,10,300,0.0001,50,most_parsimonious,Ranked + weighted SHARK,Random 75% immutable,α = 1,1.0,483,0,4,True,1.0,1.0,3.6567665648005945,2.704354475582222,1.9999999999999645,0.9999999999999645,True,2.2464000003310503,Optimization terminated successfully
Student Performance,5,42,10,300,0.0001,50,most_parsimonious,Ranked + weighted SHARK,Random 75% immutable,α < 1,0.01,483,0,4,True,1.0,1.0,14.481161273266922,5.381665406408638,1.0050251256281197,0.005025125628119742,True,2.246799999738869,Optimization terminated successfully
Student Performance,5,42,10,300,0.0001,50,most_parsimonious,Ranked + weighted SHARK,All features mutable,α = 1,1.0,321,1,2,True,1.0,1.0,2.3858131683884842,2.184405259281627,2.0,1.0,True,2.127400000063062,Optimization terminated successfully
Student Performance,5,42,10,300,0.0001,50,most_parsimonious,Ranked + weighted SHARK,All features mutable,α < 1,0.01,321,1,2,True,1.0,1.0,9.448058728135234,4.3469664659704375,1.0050251256281408,0.005025125628140836,True,2.2151000002850196,Optimization terminated successfully
Student Performance,5,42,10,300,0.0001,50,most_parsimonious,Ranked + weighted SHARK,Random 25% immutable,α = 1,1.0,321,1,2,False,,,,,,,False,61.49900000036723,No feasible counterfactual found.
Student Performance,5,42,10,300,0.0001,50,most_parsimonious,Ranked + weighted SHARK,Random 25% immutable,α < 1,0.01,321,1,2,False,,,,,,,False,61.88130000009551,No feasible counterfactual found.
Student Performance,5,42,10,300,0.0001,50,most_parsimonious,Ranked + weighted SHARK,Random 50% immutable,α = 1,1.0,321,1,2,True,1.0,1.0,2.3858131683884842,2.184405259281627,2.0,1.0,True,2.129399999830639,Optimization terminated successfully
Student Performance,5,42,10,300,0.0001,50,most_parsimonious,Ranked + weighted SHARK,Random 50% immutable,α < 1,0.01,321,1,2,True,1.0,1.0,9.448058728135234,4.3469664659704375,1.0050251256281408,0.005025125628140836,True,2.1135000006324844,Optimization terminated successfully
Student Performance,5,42,10,300,0.0001,50,most_parsimonious,Ranked + weighted SHARK,Random 75% immutable,α = 1,1.0,321,1,2,True,1.0,1.0,2.3858131683884842,2.184405259281627,2.0,1.0,True,2.3114999994504615,Optimization terminated successfully
Student Performance,5,42,10,300,0.0001,50,most_parsimonious,Ranked + weighted SHARK,Random 75% immutable,α < 1,0.01,321,1,2,True,1.0,1.0,9.448058728135234,4.3469664659704375,1.0050251256281408,0.005025125628140836,True,2.0765999997820472,Optimization terminated successfully
Student Performance,5,42,10,300,0.0001,50,most_parsimonious,Ranked + weighted SHARK,All features mutable,α = 1,1.0,310,0,3,True,1.0,0.0,5.20990627789951e-28,3.2279734440976426e-14,inf,inf,True,1.5541000002485816,Optimization terminated successfully
Student Performance,5,42,10,300,0.0001,50,most_parsimonious,Ranked + weighted SHARK,All features mutable,α < 1,0.01,310,0,3,True,1.0,0.0,5.592996854997442e-28,3.344546861683284e-14,inf,inf,True,1.5896000004431698,Optimization terminated successfully
Student Performance,5,42,10,300,0.0001,50,most_parsimonious,Ranked + weighted SHARK,Random 25% immutable,α = 1,1.0,310,0,3,True,1.0,0.0,5.20990627789951e-28,3.2279734440976426e-14,inf,inf,True,1.6581999998379615,Optimization terminated successfully
Student Performance,5,42,10,300,0.0001,50,most_parsimonious,Ranked + weighted SHARK,Random 25% immutable,α < 1,0.01,310,0,3,True,1.0,0.0,5.592996854997442e-28,3.344546861683284e-14,inf,inf,True,1.7058000003089546,Optimization terminated successfully
Student Performance,5,42,10,300,0.0001,50,most_parsimonious,Ranked + weighted SHARK,Random 50% immutable,α = 1,1.0,310,0,3,True,1.0,0.0,5.20990627789951e-28,3.2279734440976426e-14,inf,inf,True,1.584000000548258,Optimization terminated successfully
Student Performance,5,42,10,300,0.0001,50,most_parsimonious,Ranked + weighted SHARK,Random 50% immutable,α < 1,0.01,310,0,3,True,1.0,0.0,5.592996854997442e-28,3.344546861683284e-14,inf,inf,True,1.5865000004851026,Optimization terminated successfully
Student Performance,5,42,10,300,0.0001,50,most_parsimonious,Ranked + weighted SHARK,Random 75% immutable,α = 1,1.0,310,0,3,True,1.0,1.0,9.448386709883839e-15,3.1841281775561825,1.0,0.0,False,1.1127999996460858,Optimization terminated successfully
Student Performance,5,42,10,300,0.0001,50,most_parsimonious,Ranked + weighted SHARK,Random 75% immutable,α < 1,0.01,310,0,3,True,1.0,1.0,9.448386709837968e-15,3.184128177548453,1.0000000000024274,2.4273916210404423e-12,True,1.0554999998930725,Optimization terminated successfully
Student Performance,5,42,10,300,0.0001,50,most_parsimonious,Ranked + weighted SHARK,All features mutable,α = 1,1.0,485,1,0,True,1.0,0.0,0.0,0.0,inf,inf,True,1.5211999998427927,Optimization terminated successfully
Student Performance,5,42,10,300,0.0001,50,most_parsimonious,Ranked + weighted SHARK,All features mutable,α < 1,0.01,485,1,0,True,3.0,1.0,2.5923606762678593e-13,3.2441890540920477,1.0,0.0,False,3.1490000001213048,Optimization terminated successfully
Student Performance,5,42,10,300,0.0001,50,most_parsimonious,Ranked + weighted SHARK,Random 25% immutable,α = 1,1.0,485,1,0,True,1.0,0.0,0.0,0.0,inf,inf,True,1.4123999999355874,Optimization terminated successfully
Student Performance,5,42,10,300,0.0001,50,most_parsimonious,Ranked + weighted SHARK,Random 25% immutable,α < 1,0.01,485,1,0,True,3.0,1.0,2.5923606762678593e-13,3.2441890540920477,1.0,0.0,False,3.150900000036927,Optimization terminated successfully
Student Performance,5,42,10,300,0.0001,50,most_parsimonious,Ranked + weighted SHARK,Random 50% immutable,α = 1,1.0,485,1,0,True,3.0,2.0,3.869899227871703e-15,2.043626298957457,1.0,0.0,False,3.3194000006915303,Optimization terminated successfully
Student Performance,5,42,10,300,0.0001,50,most_parsimonious,Ranked + weighted SHARK,Random 50% immutable,α < 1,0.01,485,1,0,True,1.0,0.0,1.1980967338433205e-46,2.7755575615628914e-16,inf,inf,True,1.8233999999210937,Optimization terminated successfully
Student Performance,5,42,10,300,0.0001,50,most_parsimonious,Ranked + weighted SHARK,Random 75% immutable,α = 1,1.0,485,1,0,True,1.0,0.0,8.428508024038259e-47,2.220446049250313e-16,inf,inf,True,2.144199999747798,Optimization terminated successfully
Student Performance,5,42,10,300,0.0001,50,most_parsimonious,Ranked + weighted SHARK,Random 75% immutable,α < 1,0.01,485,1,0,True,1.0,0.0,3.3714032096153037e-46,4.440892098500626e-16,inf,inf,True,1.7657999997027218,Optimization terminated successfully
Student Performance,5,42,10,300,0.0001,50,most_parsimonious,Ranked + weighted SHARK,All features mutable,α = 1,1.0,122,4,0,True,3.0,2.0,3.6567665648005283,3.176962011340346,1.9458912193007,0.9458912193007001,True,14.830899999651592,Optimization terminated successfully
Student Performance,5,42,10,300,0.0001,50,most_parsimonious,Ranked + weighted SHARK,All features mutable,α < 1,0.01,122,4,0,True,9.0,7.0,14.481161273266542,7.472019370644344,1.0000000000000022,2.220446049250313e-15,True,63.651499999650696,Optimization terminated successfully
Student Performance,5,42,10,300,0.0001,50,most_parsimonious,Ranked + weighted SHARK,Random 25% immutable,α = 1,1.0,122,4,0,True,3.0,2.0,3.6567665648005283,3.176962011340346,1.9458912193007,0.9458912193007001,True,9.127199999966251,Optimization terminated successfully
Student Performance,5,42,10,300,0.0001,50,most_parsimonious,Ranked + weighted SHARK,Random 25% immutable,α < 1,0.01,122,4,0,True,7.0,6.0,14.481161273266332,7.472019367855481,1.0000000000000098,9.769962616701378e-15,True,24.91199999985838,Optimization terminated successfully
Student Performance,5,42,10,300,0.0001,50,most_parsimonious,Ranked + weighted SHARK,Random 50% immutable,α = 1,1.0,122,4,0,False,,,,,,,False,32.21049999956449,No feasible counterfactual found.
Student Performance,5,42,10,300,0.0001,50,most_parsimonious,Ranked + weighted SHARK,Random 50% immutable,α < 1,0.01,122,4,0,False,,,,,,,False,31.568399999741814,No feasible counterfactual found.
Student Performance,5,42,10,300,0.0001,50,most_parsimonious,Ranked + weighted SHARK,Random 75% immutable,α = 1,1.0,122,4,0,False,,,,,,,False,12.93100000020786,No feasible counterfactual found.
Student Performance,5,42,10,300,0.0001,50,most_parsimonious,Ranked + weighted SHARK,Random 75% immutable,α < 1,0.01,122,4,0,False,,,,,,,False,12.613300000339223,No feasible counterfactual found.
Student Performance,5,42,10,300,0.0001,50,most_parsimonious,Ranked + weighted SHARK,All features mutable,α = 1,1.0,518,3,4,True,2.0,1.0,3.6567665648004817,2.7043544755821802,1.9999999999999953,0.9999999999999953,True,3.542800000104762,Optimization terminated successfully
Student Performance,5,42,10,300,0.0001,50,most_parsimonious,Ranked + weighted SHARK,All features mutable,α < 1,0.01,518,3,4,True,2.0,1.0,14.481161273266586,5.381665406408576,1.0050251256281315,0.00502512562813151,True,7.235699999910139,Optimization terminated successfully
Student Performance,5,42,10,300,0.0001,50,most_parsimonious,Ranked + weighted SHARK,Random 25% immutable,α = 1,1.0,518,3,4,True,1.0,1.0,3.6567665648004817,2.7043544755821802,1.9999999999999953,0.9999999999999953,True,2.3216000008687843,Optimization terminated successfully
Student Performance,5,42,10,300,0.0001,50,most_parsimonious,Ranked + weighted SHARK,Random 25% immutable,α < 1,0.01,518,3,4,True,1.0,1.0,14.48116127326597,5.3816654064084615,1.0050251256281528,0.005025125628152827,True,2.106800000547082,Optimization terminated successfully
Student Performance,5,42,10,300,0.0001,50,most_parsimonious,Ranked + weighted SHARK,Random 50% immutable,α = 1,1.0,518,3,4,True,1.0,1.0,3.6567665648004817,2.7043544755821802,1.9999999999999953,0.9999999999999953,True,2.3222999998324667,Optimization terminated successfully
Student Performance,5,42,10,300,0.0001,50,most_parsimonious,Ranked + weighted SHARK,Random 50% immutable,α < 1,0.01,518,3,4,True,1.0,1.0,14.48116127326597,5.3816654064084615,1.0050251256281528,0.005025125628152827,True,2.2381000007953844,Optimization terminated successfully
Student Performance,5,42,10,300,0.0001,50,most_parsimonious,Ranked + weighted SHARK,Random 75% immutable,α = 1,1.0,518,3,4,False,,,,,,,False,3927.048399999876,No feasible counterfactual found.
Student Performance,5,42,10,300,0.0001,50,most_parsimonious,Ranked + weighted SHARK,Random 75% immutable,α < 1,0.01,518,3,4,False,,,,,,,False,5536.275100000239,No feasible counterfactual found.
Student Performance,5,42,10,300,0.0001,50,most_parsimonious,Ranked + weighted SHARK,All features mutable,α = 1,1.0,351,3,2,True,1.0,1.0,2.3858131683884833,2.1844052592816268,2.0000000000000004,1.0000000000000004,True,2.7390000004743342,Optimization terminated successfully
Student Performance,5,42,10,300,0.0001,50,most_parsimonious,Ranked + weighted SHARK,All features mutable,α < 1,0.01,351,3,2,True,1.0,1.0,9.44805872813531,4.346966465970455,1.0050251256281368,0.0050251256281368395,True,2.217700000073819,Optimization terminated successfully
Student Performance,5,42,10,300,0.0001,50,most_parsimonious,Ranked + weighted SHARK,Random 25% immutable,α = 1,1.0,351,3,2,True,1.0,1.0,2.3858131683884833,2.1844052592816268,2.0000000000000004,1.0000000000000004,True,2.3031999999147956,Optimization terminated successfully
Student Performance,5,42,10,300,0.0001,50,most_parsimonious,Ranked + weighted SHARK,Random 25% immutable,α < 1,0.01,351,3,2,True,1.0,1.0,9.44805872813531,4.346966465970455,1.0050251256281368,0.0050251256281368395,True,2.314000000296801,Optimization terminated successfully
Student Performance,5,42,10,300,0.0001,50,most_parsimonious,Ranked + weighted SHARK,Random 50% immutable,α = 1,1.0,351,3,2,False,,,,,,,False,16596.10150000026,No feasible counterfactual found.
Student Performance,5,42,10,300,0.0001,50,most_parsimonious,Ranked + weighted SHARK,Random 50% immutable,α < 1,0.01,351,3,2,False,,,,,,,False,17914.694699999927,No feasible counterfactual found.
Student Performance,5,42,10,300,0.0001,50,most_parsimonious,Ranked + weighted SHARK,Random 75% immutable,α = 1,1.0,351,3,2,False,,,,,,,False,7108.460600000399,No feasible counterfactual found.
Student Performance,5,42,10,300,0.0001,50,most_parsimonious,Ranked + weighted SHARK,Random 75% immutable,α < 1,0.01,351,3,2,False,,,,,,,False,6996.984800000064,No feasible counterfactual found.
Student Performance,5,42,10,300,0.0001,50,most_parsimonious,Ranked + weighted SHARK,All features mutable,α = 1,1.0,515,1,4,True,2.0,1.0,3.6567665648004732,2.704354475582177,1.9999999999999978,0.9999999999999978,True,3.65220000003319,Optimization terminated successfully
Student Performance,5,42,10,300,0.0001,50,most_parsimonious,Ranked + weighted SHARK,All features mutable,α < 1,0.01,515,1,4,True,2.0,1.0,14.481161273266459,5.381665406408552,1.005025125628136,0.005025125628135951,True,3.7084999994476675,Optimization terminated successfully
Student Performance,5,42,10,300,0.0001,50,most_parsimonious,Ranked + weighted SHARK,Random 25% immutable,α = 1,1.0,515,1,4,True,2.0,1.0,3.6567665648004732,2.704354475582177,1.9999999999999978,0.9999999999999978,True,3.646399999524874,Optimization terminated successfully
Student Performance,5,42,10,300,0.0001,50,most_parsimonious,Ranked + weighted SHARK,Random 25% immutable,α < 1,0.01,515,1,4,True,2.0,1.0,14.481161273266459,5.381665406408552,1.005025125628136,0.005025125628135951,True,3.685399999994843,Optimization terminated successfully
Student Performance,5,42,10,300,0.0001,50,most_parsimonious,Ranked + weighted SHARK,Random 50% immutable,α = 1,1.0,515,1,4,False,,,,,,,False,16957.248000000618,No feasible counterfactual found.
Student Performance,5,42,10,300,0.0001,50,most_parsimonious,Ranked + weighted SHARK,Random 50% immutable,α < 1,0.01,515,1,4,False,,,,,,,False,17112.256999999772,No feasible counterfactual found.
Student Performance,5,42,10,300,0.0001,50,most_parsimonious,Ranked + weighted SHARK,Random 75% immutable,α = 1,1.0,515,1,4,True,2.0,1.0,3.6567665648004732,2.704354475582177,1.9999999999999978,0.9999999999999978,True,4.0157000003091525,Optimization terminated successfully
Student Performance,5,42,10,300,0.0001,50,most_parsimonious,Ranked + weighted SHARK,Random 75% immutable,α < 1,0.01,515,1,4,True,2.0,1.0,14.481161273266459,5.381665406408552,1.005025125628136,0.005025125628135951,True,3.0934999995224643,Optimization terminated successfully
Student Performance,5,42,10,300,0.0001,50,most_parsimonious,Ranked + weighted SHARK,All features mutable,α = 1,1.0,105,4,3,True,2.0,1.0,3.6567665648004697,2.704354475582176,1.9999999999999987,0.9999999999999987,True,3.441299999394687,Optimization terminated successfully
Student Performance,5,42,10,300,0.0001,50,most_parsimonious,Ranked + weighted SHARK,All features mutable,α < 1,0.01,105,4,3,True,6.0,4.0,14.48116127326601,5.529806049621316,1.0000000000000195,1.9539925233402755e-14,True,714.0388999996503,Optimization terminated successfully
Student Performance,5,42,10,300,0.0001,50,most_parsimonious,Ranked + weighted SHARK,Random 25% immutable,α = 1,1.0,105,4,3,True,1.0,1.0,3.6567665648004746,2.7043544755821776,1.9999999999999973,0.9999999999999973,True,2.451600000313192,Optimization terminated successfully
Student Performance,5,42,10,300,0.0001,50,most_parsimonious,Ranked + weighted SHARK,Random 25% immutable,α < 1,0.01,105,4,3,True,5.0,4.0,14.481161273266293,5.52980604962137,1.000000000000003,3.1086244689504383e-15,True,678.7186000001384,Optimization terminated successfully
Student Performance,5,42,10,300,0.0001,50,most_parsimonious,Ranked + weighted SHARK,Random 50% immutable,α = 1,1.0,105,4,3,False,,,,,,,False,33.9391000006799,No feasible counterfactual found.
Student Performance,5,42,10,300,0.0001,50,most_parsimonious,Ranked + weighted SHARK,Random 50% immutable,α < 1,0.01,105,4,3,False,,,,,,,False,32.217900000432564,No feasible counterfactual found.
Student Performance,5,42,10,300,0.0001,50,most_parsimonious,Ranked + weighted SHARK,Random 75% immutable,α = 1,1.0,105,4,3,False,,,,,,,False,13.68079999974725,No feasible counterfactual found.
Student Performance,5,42,10,300,0.0001,50,most_parsimonious,Ranked + weighted SHARK,Random 75% immutable,α < 1,0.01,105,4,3,False,,,,,,,False,12.66490000034537,No feasible counterfactual found.
Student Performance,5,42,10,300,0.0001,50,most_parsimonious,Ranked + weighted SHARK,All features mutable,α = 1,1.0,423,0,2,True,3.0,1.0,2.3858131683886104,2.184405259281685,1.9999999999999472,0.9999999999999472,True,8.226700000705023,Optimization terminated successfully
Student Performance,5,42,10,300,0.0001,50,most_parsimonious,Ranked + weighted SHARK,All features mutable,α < 1,0.01,423,0,2,True,1.0,1.0,9.448058728135935,4.346966465970599,1.0050251256281035,0.005025125628103533,True,2.3322999995798455,Optimization terminated successfully
Student Performance,5,42,10,300,0.0001,50,most_parsimonious,Ranked + weighted SHARK,Random 25% immutable,α = 1,1.0,423,0,2,True,3.0,1.0,2.3858131683886104,2.184405259281685,1.9999999999999472,0.9999999999999472,True,8.290300000226125,Optimization terminated successfully
Student Performance,5,42,10,300,0.0001,50,most_parsimonious,Ranked + weighted SHARK,Random 25% immutable,α < 1,0.01,423,0,2,True,1.0,1.0,9.448058728135935,4.346966465970599,1.0050251256281035,0.005025125628103533,True,2.0905999999740743,Optimization terminated successfully
Student Performance,5,42,10,300,0.0001,50,most_parsimonious,Ranked + weighted SHARK,Random 50% immutable,α = 1,1.0,423,0,2,True,3.0,1.0,2.3858131683886104,2.184405259281685,1.9999999999999472,0.9999999999999472,True,9.34030000007624,Optimization terminated successfully
Student Performance,5,42,10,300,0.0001,50,most_parsimonious,Ranked + weighted SHARK,Random 50% immutable,α < 1,0.01,423,0,2,True,1.0,1.0,9.448058728135935,4.346966465970599,1.0050251256281035,0.005025125628103533,True,2.1268000000418397,Optimization terminated successfully
Student Performance,5,42,10,300,0.0001,50,most_parsimonious,Ranked + weighted SHARK,Random 75% immutable,α = 1,1.0,423,0,2,True,6.0,1.0,2.3858131683886104,2.184405259281685,1.9999999999999472,0.9999999999999472,True,13.845499999661115,Optimization terminated successfully
Student Performance,5,42,10,300,0.0001,50,most_parsimonious,Ranked + weighted SHARK,Random 75% immutable,α < 1,0.01,423,0,2,True,1.0,1.0,9.448058728135935,4.346966465970599,1.0050251256281035,0.005025125628103533,True,2.144099999895843,Optimization terminated successfully
Student Performance,5,42,10,300,0.0001,50,most_parsimonious,Ranked + weighted SHARK,All features mutable,α = 1,1.0,562,1,2,False,,,,,,,False,170.1072000005297,No feasible counterfactual found.
Student Performance,5,42,10,300,0.0001,50,most_parsimonious,Ranked + weighted SHARK,All features mutable,α < 1,0.01,562,1,2,True,1.0,1.0,9.448058728135353,4.346966465970465,1.0050251256281344,0.005025125628134397,True,2.091100000143342,Optimization terminated successfully
Student Performance,5,42,10,300,0.0001,50,most_parsimonious,Ranked + weighted SHARK,Random 25% immutable,α = 1,1.0,562,1,2,False,,,,,,,False,57.8603000003568,No feasible counterfactual found.
Student Performance,5,42,10,300,0.0001,50,most_parsimonious,Ranked + weighted SHARK,Random 25% immutable,α < 1,0.01,562,1,2,False,,,,,,,False,61.92989999999554,No feasible counterfactual found.
Student Performance,5,42,10,300,0.0001,50,most_parsimonious,Ranked + weighted SHARK,Random 50% immutable,α = 1,1.0,562,1,2,False,,,,,,,False,56.98359999951208,No feasible counterfactual found.
Student Performance,5,42,10,300,0.0001,50,most_parsimonious,Ranked + weighted SHARK,Random 50% immutable,α < 1,0.01,562,1,2,True,1.0,1.0,9.448058728135353,4.346966465970465,1.0050251256281344,0.005025125628134397,True,2.2485999998025363,Optimization terminated successfully
Student Performance,5,42,10,300,0.0001,50,most_parsimonious,Ranked + weighted SHARK,Random 75% immutable,α = 1,1.0,562,1,2,False,,,,,,,False,4901.8792000006215,No feasible counterfactual found.
Student Performance,5,42,10,300,0.0001,50,most_parsimonious,Ranked + weighted SHARK,Random 75% immutable,α < 1,0.01,562,1,2,False,,,,,,,False,4912.131699999918,No feasible counterfactual found.
Student Performance,5,42,10,300,0.0001,50,most_parsimonious,Ranked + weighted SHARK,All features mutable,α = 1,1.0,646,1,3,True,4.0,1.0,1.197108853140054e-14,2.6462550174559305,1.0000000000002813,2.8133051444001467e-13,True,4.2801999998118845,Optimization terminated successfully
Student Performance,5,42,10,300,0.0001,50,most_parsimonious,Ranked + weighted SHARK,All features mutable,α < 1,0.01,646,1,3,True,4.0,1.0,1.197108853140927e-14,2.6462550174566752,1.0,0.0,False,4.309699999794248,Optimization terminated successfully
Student Performance,5,42,10,300,0.0001,50,most_parsimonious,Ranked + weighted SHARK,Random 25% immutable,α = 1,1.0,646,1,3,True,4.0,1.0,1.197108853140054e-14,2.6462550174559305,1.0000000000002813,2.8133051444001467e-13,True,4.353899999841815,Optimization terminated successfully
Student Performance,5,42,10,300,0.0001,50,most_parsimonious,Ranked + weighted SHARK,Random 25% immutable,α < 1,0.01,646,1,3,True,4.0,1.0,1.197108853140927e-14,2.6462550174566752,1.0,0.0,False,4.7451999998884276,Optimization terminated successfully
Student Performance,5,42,10,300,0.0001,50,most_parsimonious,Ranked + weighted SHARK,Random 50% immutable,α = 1,1.0,646,1,3,True,3.0,1.0,1.197108853140054e-14,2.6462550174559305,1.0000000000002813,2.8133051444001467e-13,True,3.5655000001497683,Optimization terminated successfully
Student Performance,5,42,10,300,0.0001,50,most_parsimonious,Ranked + weighted SHARK,Random 50% immutable,α < 1,0.01,646,1,3,True,3.0,1.0,1.197108853140927e-14,2.6462550174566752,1.0,0.0,False,4.084799999873212,Optimization terminated successfully
Student Performance,5,42,10,300,0.0001,50,most_parsimonious,Ranked + weighted SHARK,Random 75% immutable,α = 1,1.0,646,1,3,True,2.0,1.0,3.760196470445434e-15,2.043367422481193,1.0000000000031295,3.1294966618133913e-12,True,2.322199999980512,Optimization terminated successfully
Student Performance,5,42,10,300,0.0001,50,most_parsimonious,Ranked + weighted SHARK,Random 75% immutable,α < 1,0.01,646,1,3,True,2.0,1.0,3.760196470464526e-15,2.0433674224863805,1.0000000000005909,5.908606937055083e-13,True,2.3129000001063105,Optimization terminated successfully
Student Performance,5,42,10,300,0.0001,50,most_parsimonious,Ranked + weighted SHARK,All features mutable,α = 1,1.0,264,0,1,True,1.0,1.0,2.3858131683931307,2.1844052592837544,1.0,0.0,False,2.62029999976221,Optimization terminated successfully
Student Performance,5,42,10,300,0.0001,50,most_parsimonious,Ranked + weighted SHARK,All features mutable,α < 1,0.01,264,0,1,True,3.0,0.0,4.660750465416852e-32,3.0531133177191805e-16,inf,inf,True,3.474399999504385,Optimization terminated successfully
Student Performance,5,42,10,300,0.0001,50,most_parsimonious,Ranked + weighted SHARK,Random 25% immutable,α = 1,1.0,264,0,1,True,1.0,1.0,2.3858131683931307,2.1844052592837544,1.0,0.0,False,2.736200000072131,Optimization terminated successfully
Student Performance,5,42,10,300,0.0001,50,most_parsimonious,Ranked + weighted SHARK,Random 25% immutable,α < 1,0.01,264,0,1,True,3.0,0.0,4.660750465416852e-32,3.0531133177191805e-16,inf,inf,True,3.9978999993763864,Optimization terminated successfully
Student Performance,5,42,10,300,0.0001,50,most_parsimonious,Ranked + weighted SHARK,Random 50% immutable,α = 1,1.0,264,0,1,True,4.0,0.0,2.6432639041279473e-46,5.551115123125783e-16,inf,inf,True,4.817900000489317,Optimization terminated successfully
Student Performance,5,42,10,300,0.0001,50,most_parsimonious,Ranked + weighted SHARK,Random 50% immutable,α < 1,0.01,264,0,1,True,2.0,0.0,1.5984555316995697e-45,1.3322676295501878e-15,inf,inf,True,2.8962000005776645,Optimization terminated successfully
Student Performance,5,42,10,300,0.0001,50,most_parsimonious,Ranked + weighted SHARK,Random 75% immutable,α = 1,1.0,264,0,1,True,1.0,0.0,8.178212993934096e-45,2.9976021664879227e-15,inf,inf,True,1.4009999995323597,Optimization terminated successfully
Student Performance,5,42,10,300,0.0001,50,most_parsimonious,Ranked + weighted SHARK,Random 75% immutable,α < 1,0.01,264,0,1,True,1.0,0.0,3.634761330637376e-45,1.9984014443252818e-15,inf,inf,True,1.4065999994272715,Optimization terminated successfully
Student Performance,5,42,10,300,0.0001,50,most_parsimonious,Ranked + weighted SHARK,All features mutable,α = 1,1.0,58,1,4,True,2.0,1.0,3.656766564800472,2.7043544755821767,1.999999999999998,0.999999999999998,True,3.265800000008312,Optimization terminated successfully
Student Performance,5,42,10,300,0.0001,50,most_parsimonious,Ranked + weighted SHARK,All features mutable,α < 1,0.01,58,1,4,True,2.0,1.0,14.481161273266416,5.381665406408544,1.0050251256281373,0.005025125628137284,True,3.2632000002195127,Optimization terminated successfully
Student Performance,5,42,10,300,0.0001,50,most_parsimonious,Ranked + weighted SHARK,Random 25% immutable,α = 1,1.0,58,1,4,True,2.0,1.0,3.656766564800472,2.7043544755821767,1.999999999999998,0.999999999999998,True,3.5981999999421532,Optimization terminated successfully
Student Performance,5,42,10,300,0.0001,50,most_parsimonious,Ranked + weighted SHARK,Random 25% immutable,α < 1,0.01,58,1,4,True,2.0,1.0,14.481161273266416,5.381665406408544,1.0050251256281373,0.005025125628137284,True,3.786700000091514,Optimization terminated successfully
Student Performance,5,42,10,300,0.0001,50,most_parsimonious,Ranked + weighted SHARK,Random 50% immutable,α = 1,1.0,58,1,4,False,,,,,,,False,32.689399999981106,No feasible counterfactual found.
Student Performance,5,42,10,300,0.0001,50,most_parsimonious,Ranked + weighted SHARK,Random 50% immutable,α < 1,0.01,58,1,4,False,,,,,,,False,32.42620000037277,No feasible counterfactual found.
Student Performance,5,42,10,300,0.0001,50,most_parsimonious,Ranked + weighted SHARK,Random 75% immutable,α = 1,1.0,58,1,4,True,1.0,1.0,3.6567665648004817,2.7043544755821802,1.9999999999999953,0.9999999999999953,True,2.8555999997479375,Optimization terminated successfully
Student Performance,5,42,10,300,0.0001,50,most_parsimonious,Ranked + weighted SHARK,Random 75% immutable,α < 1,0.01,58,1,4,True,1.0,1.0,14.481161273266434,5.381665406408548,1.0050251256281366,0.0050251256281366175,True,2.3123999999370426,Optimization terminated successfully
Student Performance,5,42,10,300,0.0001,50,most_parsimonious,Ranked + weighted SHARK,All features mutable,α = 1,1.0,519,1,2,True,1.0,1.0,2.385813168388492,2.1844052592816308,1.9999999999999967,0.9999999999999967,True,5.650000000059663,Optimization terminated successfully
Student Performance,5,42,10,300,0.0001,50,most_parsimonious,Ranked + weighted SHARK,All features mutable,α < 1,0.01,519,1,2,True,1.0,1.0,9.4480587281353,4.3469664659704526,1.0050251256281373,0.005025125628137284,True,2.0917000001645647,Optimization terminated successfully
Student Performance,5,42,10,300,0.0001,50,most_parsimonious,Ranked + weighted SHARK,Random 25% immutable,α = 1,1.0,519,1,2,True,1.0,1.0,2.385813168388492,2.1844052592816308,1.9999999999999967,0.9999999999999967,True,6.296300000030897,Optimization terminated successfully
Student Performance,5,42,10,300,0.0001,50,most_parsimonious,Ranked + weighted SHARK,Random 25% immutable,α < 1,0.01,519,1,2,True,1.0,1.0,9.4480587281353,4.3469664659704526,1.0050251256281373,0.005025125628137284,True,2.0297999999456806,Optimization terminated successfully
Student Performance,5,42,10,300,0.0001,50,most_parsimonious,Ranked + weighted SHARK,Random 50% immutable,α = 1,1.0,519,1,2,False,,,,,,,False,17006.664999999884,No feasible counterfactual found.
Student Performance,5,42,10,300,0.0001,50,most_parsimonious,Ranked + weighted SHARK,Random 50% immutable,α < 1,0.01,519,1,2,False,,,,,,,False,17021.102099999553,No feasible counterfactual found.
Student Performance,5,42,10,300,0.0001,50,most_parsimonious,Ranked + weighted SHARK,Random 75% immutable,α = 1,1.0,519,1,2,False,,,,,,,False,7512.098800000786,No feasible counterfactual found.
Student Performance,5,42,10,300,0.0001,50,most_parsimonious,Ranked + weighted SHARK,Random 75% immutable,α < 1,0.01,519,1,2,False,,,,,,,False,7442.385299999842,No feasible counterfactual found.
Student Performance,5,42,10,300,0.0001,50,most_parsimonious,Ranked + weighted SHARK,All features mutable,α = 1,1.0,577,1,0,True,3.0,1.0,5.98337714208028e-14,1.558589087385739,2.0814909332732516,1.0814909332732516,True,3.151099999740836,Optimization terminated successfully
Student Performance,5,42,10,300,0.0001,50,most_parsimonious,Ranked + weighted SHARK,All features mutable,α < 1,0.01,577,1,0,True,3.0,1.0,2.4960160474681086e-13,3.183333420521174,1.0191169524306098,0.019116952430609846,True,3.1810000000405125,Optimization terminated successfully
Student Performance,5,42,10,300,0.0001,50,most_parsimonious,Ranked + weighted SHARK,Random 25% immutable,α = 1,1.0,577,1,0,True,2.0,1.0,5.98337714208028e-14,1.558589087385739,2.0814909332732516,1.0814909332732516,True,2.075200000035693,Optimization terminated successfully
Student Performance,5,42,10,300,0.0001,50,most_parsimonious,Ranked + weighted SHARK,Random 25% immutable,α < 1,0.01,577,1,0,True,2.0,1.0,2.4960160474681086e-13,3.183333420521174,1.0191169524306098,0.019116952430609846,True,2.1977999995215214,Optimization terminated successfully
Student Performance,5,42,10,300,0.0001,50,most_parsimonious,Ranked + weighted SHARK,Random 50% immutable,α = 1,1.0,577,1,0,True,1.0,0.0,0.0,0.0,inf,inf,True,1.770099999703234,Optimization terminated successfully
Student Performance,5,42,10,300,0.0001,50,most_parsimonious,Ranked + weighted SHARK,Random 50% immutable,α < 1,0.01,577,1,0,True,1.0,0.0,1.9169547741493127e-45,1.1102230246251565e-15,inf,inf,True,1.823800000238407,Optimization terminated successfully
Student Performance,5,42,10,300,0.0001,50,most_parsimonious,Ranked + weighted SHARK,Random 75% immutable,α = 1,1.0,577,1,0,True,2.0,0.0,0.0,0.0,inf,inf,True,2.360499999667809,Optimization terminated successfully
Student Performance,5,42,10,300,0.0001,50,most_parsimonious,Ranked + weighted SHARK,Random 75% immutable,α < 1,0.01,577,1,0,True,2.0,0.0,0.0,0.0,inf,inf,True,2.409300000181247,Optimization terminated successfully
Student Performance,5,42,10,300,0.0001,50,most_parsimonious,Ranked + weighted SHARK,All features mutable,α = 1,1.0,403,1,2,True,3.0,1.0,2.38581316838849,2.18440525928163,1.9999999999999976,0.9999999999999976,True,10.202399999798217,Optimization terminated successfully
Student Performance,5,42,10,300,0.0001,50,most_parsimonious,Ranked + weighted SHARK,All features mutable,α < 1,0.01,403,1,2,True,1.0,1.0,9.44805872813519,4.346966465970428,1.005025125628143,0.005025125628143057,True,2.393099999608239,Optimization terminated successfully
Student Performance,5,42,10,300,0.0001,50,most_parsimonious,Ranked + weighted SHARK,Random 25% immutable,α = 1,1.0,403,1,2,True,3.0,1.0,2.38581316838849,2.18440525928163,1.9999999999999976,0.9999999999999976,True,12.484500000027765,Optimization terminated successfully
Student Performance,5,42,10,300,0.0001,50,most_parsimonious,Ranked + weighted SHARK,Random 25% immutable,α < 1,0.01,403,1,2,True,1.0,1.0,9.44805872813519,4.346966465970428,1.005025125628143,0.005025125628143057,True,2.269000000524102,Optimization terminated successfully
Student Performance,5,42,10,300,0.0001,50,most_parsimonious,Ranked + weighted SHARK,Random 50% immutable,α = 1,1.0,403,1,2,True,3.0,1.0,2.38581316838849,2.18440525928163,1.9999999999999976,0.9999999999999976,True,10.548199999902863,Optimization terminated successfully
Student Performance,5,42,10,300,0.0001,50,most_parsimonious,Ranked + weighted SHARK,Random 50% immutable,α < 1,0.01,403,1,2,True,1.0,1.0,9.44805872813519,4.346966465970428,1.005025125628143,0.005025125628143057,True,2.3618000004717032,Optimization terminated successfully
Student Performance,5,42,10,300,0.0001,50,most_parsimonious,Ranked + weighted SHARK,Random 75% immutable,α = 1,1.0,403,1,2,False,,,,,,,False,3345.990300000267,No feasible counterfactual found.
Student Performance,5,42,10,300,0.0001,50,most_parsimonious,Ranked + weighted SHARK,Random 75% immutable,α < 1,0.01,403,1,2,False,,,,,,,False,3343.5436999998274,No feasible counterfactual found.
Student Performance,5,42,10,300,0.0001,50,most_parsimonious,Ranked + weighted SHARK,All features mutable,α = 1,1.0,394,1,2,True,2.0,1.0,2.385813168388487,2.1844052592816285,1.999999999999999,0.9999999999999989,True,17.11559999966994,Optimization terminated successfully
Student Performance,5,42,10,300,0.0001,50,most_parsimonious,Ranked + weighted SHARK,All features mutable,α < 1,0.01,394,1,2,True,1.0,1.0,9.448058728135234,4.3469664659704375,1.0050251256281408,0.005025125628140836,True,2.2400000007110066,Optimization terminated successfully
Student Performance,5,42,10,300,0.0001,50,most_parsimonious,Ranked + weighted SHARK,Random 25% immutable,α = 1,1.0,394,1,2,True,2.0,1.0,2.385813168388487,2.1844052592816285,1.999999999999999,0.9999999999999989,True,7.750200000373297,Optimization terminated successfully
Student Performance,5,42,10,300,0.0001,50,most_parsimonious,Ranked + weighted SHARK,Random 25% immutable,α < 1,0.01,394,1,2,True,1.0,1.0,9.448058728135234,4.3469664659704375,1.0050251256281408,0.005025125628140836,True,2.330900000742986,Optimization terminated successfully
Student Performance,5,42,10,300,0.0001,50,most_parsimonious,Ranked + weighted SHARK,Random 50% immutable,α = 1,1.0,394,1,2,False,,,,,,,False,32.43519999978162,No feasible counterfactual found.
Student Performance,5,42,10,300,0.0001,50,most_parsimonious,Ranked + weighted SHARK,Random 50% immutable,α < 1,0.01,394,1,2,False,,,,,,,False,31.521599999905447,No feasible counterfactual found.
Student Performance,5,42,10,300,0.0001,50,most_parsimonious,Ranked + weighted SHARK,Random 75% immutable,α = 1,1.0,394,1,2,True,3.0,1.0,2.385813168388487,2.1844052592816285,1.999999999999999,0.9999999999999989,True,9.962899999663932,Optimization terminated successfully
Student Performance,5,42,10,300,0.0001,50,most_parsimonious,Ranked + weighted SHARK,Random 75% immutable,α < 1,0.01,394,1,2,True,1.0,1.0,9.448058728135234,4.3469664659704375,1.0050251256281408,0.005025125628140836,True,2.243099999759579,Optimization terminated successfully
Student Performance,5,42,10,300,0.0001,50,most_parsimonious,Ranked + weighted SHARK,All features mutable,α = 1,1.0,450,1,3,True,4.0,1.0,1.7071635264835552e-15,0.9993150657432667,1.7653791803145047,0.7653791803145047,True,4.6026999998503015,Optimization terminated successfully
Student Performance,5,42,10,300,0.0001,50,most_parsimonious,Ranked + weighted SHARK,All features mutable,α < 1,0.01,450,1,3,True,4.0,1.0,5.320483791743373e-15,1.7641700116377834,1.0,0.0,False,4.645200000595651,Optimization terminated successfully
Student Performance,5,42,10,300,0.0001,50,most_parsimonious,Ranked + weighted SHARK,Random 25% immutable,α = 1,1.0,450,1,3,True,4.0,1.0,1.7071635264835552e-15,0.9993150657432667,1.7653791803145047,0.7653791803145047,True,4.888700000265089,Optimization terminated successfully
Student Performance,5,42,10,300,0.0001,50,most_parsimonious,Ranked + weighted SHARK,Random 25% immutable,α < 1,0.01,450,1,3,True,4.0,1.0,5.320483791743373e-15,1.7641700116377834,1.0,0.0,False,5.2782000002480345,Optimization terminated successfully
Student Performance,5,42,10,300,0.0001,50,most_parsimonious,Ranked + weighted SHARK,Random 50% immutable,α = 1,1.0,450,1,3,True,2.0,1.0,1.2874497403031546e-15,0.9098492435681226,1.0000000000019997,1.999733711954832e-12,True,1.9046999996135128,Optimization terminated successfully
Student Performance,5,42,10,300,0.0001,50,most_parsimonious,Ranked + weighted SHARK,Random 50% immutable,α < 1,0.01,450,1,3,True,2.0,1.0,1.2874497403259858e-15,0.90984924356906,1.0000000000009694,9.694467451026867e-13,True,1.9686999994519283,Optimization terminated successfully
Student Performance,5,42,10,300,0.0001,50,most_parsimonious,Ranked + weighted SHARK,Random 75% immutable,α = 1,1.0,450,1,3,True,1.0,1.0,1.2874497402936936e-15,0.9098492435681226,1.0000000000019997,1.999733711954832e-12,True,0.9867999997368315,Optimization terminated successfully
Student Performance,5,42,10,300,0.0001,50,most_parsimonious,Ranked + weighted SHARK,Random 75% immutable,α < 1,0.01,450,1,3,True,1.0,1.0,1.2874497402988425e-15,0.909849243569942,1.0,0.0,False,0.9918999994624755,Optimization terminated successfully
Student Performance,5,42,10,300,0.0001,50,most_parsimonious,Ranked + weighted SHARK,All features mutable,α = 1,1.0,283,3,1,True,4.0,1.0,2.8103211353697414e-16,0.40545517507102347,6.526627800454468,5.526627800454468,True,4.41069999942556,Optimization terminated successfully
Student Performance,5,42,10,300,0.0001,50,most_parsimonious,Ranked + weighted SHARK,All features mutable,α < 1,0.01,283,3,1,True,1.0,0.0,0.0,0.0,inf,inf,True,1.4599000005546259,Optimization terminated successfully
Student Performance,5,42,10,300,0.0001,50,most_parsimonious,Ranked + weighted SHARK,Random 25% immutable,α = 1,1.0,283,3,1,True,3.0,1.0,2.810321135369748e-16,0.4054551750710239,6.526627800454461,5.526627800454461,True,3.265500000452448,Optimization terminated successfully
Student Performance,5,42,10,300,0.0001,50,most_parsimonious,Ranked + weighted SHARK,Random 25% immutable,α < 1,0.01,283,3,1,True,1.0,0.0,0.0,0.0,inf,inf,True,1.4172000001053675,Optimization terminated successfully
Student Performance,5,42,10,300,0.0001,50,most_parsimonious,Ranked + weighted SHARK,Random 50% immutable,α = 1,1.0,283,3,1,True,1.0,1.0,2.810321135369743e-16,0.4054551750710236,6.526627800454467,5.526627800454467,True,0.9663999999247608,Optimization terminated successfully
Student Performance,5,42,10,300,0.0001,50,most_parsimonious,Ranked + weighted SHARK,Random 50% immutable,α < 1,0.01,283,3,1,True,1.0,1.0,1.197108853137925e-14,2.646255017453725,1.0000000000011149,1.1148859613285822e-12,True,0.9884000000965898,Optimization terminated successfully
Student Performance,5,42,10,300,0.0001,50,most_parsimonious,Ranked + weighted SHARK,Random 75% immutable,α = 1,1.0,283,3,1,True,1.0,1.0,2.810321135369743e-16,0.4054551750710236,6.526627800454467,5.526627800454467,True,1.0102999995069695,Optimization terminated successfully
Student Performance,5,42,10,300,0.0001,50,most_parsimonious,Ranked + weighted SHARK,Random 75% immutable,α < 1,0.01,283,3,1,True,1.0,1.0,1.197108853137925e-14,2.646255017453725,1.0000000000011149,1.1148859613285822e-12,True,1.016400000480644,Optimization terminated successfully
Student Performance,5,42,10,300,0.0001,50,most_parsimonious,Ranked + weighted SHARK,All features mutable,α = 1,1.0,596,1,3,True,1.0,0.0,0.0,0.0,inf,inf,True,1.3718000000153552,Optimization terminated successfully
Student Performance,5,42,10,300,0.0001,50,most_parsimonious,Ranked + weighted SHARK,All features mutable,α < 1,0.01,596,1,3,True,4.0,0.0,3.4666738998969164e-33,2.3714374201337736e-16,inf,inf,True,5.082800000309362,Optimization terminated successfully
Student Performance,5,42,10,300,0.0001,50,most_parsimonious,Ranked + weighted SHARK,Random 25% immutable,α = 1,1.0,596,1,3,True,1.0,0.0,0.0,0.0,inf,inf,True,1.2930999992022407,Optimization terminated successfully
Student Performance,5,42,10,300,0.0001,50,most_parsimonious,Ranked + weighted SHARK,Random 25% immutable,α < 1,0.01,596,1,3,True,4.0,0.0,3.4666738998969164e-33,2.3714374201337736e-16,inf,inf,True,4.698499999904016,Optimization terminated successfully
Student Performance,5,42,10,300,0.0001,50,most_parsimonious,Ranked + weighted SHARK,Random 50% immutable,α = 1,1.0,596,1,3,True,1.0,0.0,0.0,0.0,inf,inf,True,1.6385999997510226,Optimization terminated successfully
Student Performance,5,42,10,300,0.0001,50,most_parsimonious,Ranked + weighted SHARK,Random 50% immutable,α < 1,0.01,596,1,3,True,3.0,1.0,5.1497989611953684e-15,1.8196984871398838,1.0,0.0,False,3.325800000311574,Optimization terminated successfully
Student Performance,5,42,10,300,0.0001,50,most_parsimonious,Ranked + weighted SHARK,Random 75% immutable,α = 1,1.0,596,1,3,True,2.0,0.0,9.250399336971741e-45,3.3861802251067274e-15,inf,inf,True,2.811899999869638,Optimization terminated successfully
Student Performance,5,42,10,300,0.0001,50,most_parsimonious,Ranked + weighted SHARK,Random 75% immutable,α < 1,0.01,596,1,3,True,3.0,0.0,4.299878252794095e-46,7.301351988545593e-16,inf,inf,True,4.261300000507617,Optimization terminated successfully
Student Performance,5,42,10,300,0.0001,50,most_parsimonious,Ranked + weighted SHARK,All features mutable,α = 1,1.0,440,1,4,True,2.0,1.0,3.6567665648004755,2.704354475582178,1.9999999999999971,0.9999999999999971,True,3.30020000001241,Optimization terminated successfully
Student Performance,5,42,10,300,0.0001,50,most_parsimonious,Ranked + weighted SHARK,All features mutable,α < 1,0.01,440,1,4,False,,,,,,,False,156.6837000000305,No feasible counterfactual found.
Student Performance,5,42,10,300,0.0001,50,most_parsimonious,Ranked + weighted SHARK,Random 25% immutable,α = 1,1.0,440,1,4,True,2.0,1.0,3.6567665648004755,2.704354475582178,1.9999999999999971,0.9999999999999971,True,3.1277999996746075,Optimization terminated successfully
Student Performance,5,42,10,300,0.0001,50,most_parsimonious,Ranked + weighted SHARK,Random 25% immutable,α < 1,0.01,440,1,4,False,,,,,,,False,101.06739999991987,No feasible counterfactual found.
Student Performance,5,42,10,300,0.0001,50,most_parsimonious,Ranked + weighted SHARK,Random 50% immutable,α = 1,1.0,440,1,4,True,2.0,1.0,3.6567665648004755,2.704354475582178,1.9999999999999971,0.9999999999999971,True,3.6286000004110974,Optimization terminated successfully
Student Performance,5,42,10,300,0.0001,50,most_parsimonious,Ranked + weighted SHARK,Random 50% immutable,α < 1,0.01,440,1,4,False,,,,,,,False,58.0363999997644,No feasible counterfactual found.
Student Performance,5,42,10,300,0.0001,50,most_parsimonious,Ranked + weighted SHARK,Random 75% immutable,α = 1,1.0,440,1,4,False,,,,,,,False,5555.764599999748,No feasible counterfactual found.
Student Performance,5,42,10,300,0.0001,50,most_parsimonious,Ranked + weighted SHARK,Random 75% immutable,α < 1,0.01,440,1,4,False,,,,,,,False,5588.940600000569,No feasible counterfactual found.
Student Performance,5,42,10,300,0.0001,50,most_parsimonious,Ranked + weighted SHARK,All features mutable,α = 1,1.0,40,1,0,True,1.0,0.0,0.0,0.0,inf,inf,True,1.438899999811838,Optimization terminated successfully
Student Performance,5,42,10,300,0.0001,50,most_parsimonious,Ranked + weighted SHARK,All features mutable,α < 1,0.01,40,1,0,True,3.0,1.0,2.5923606762677225e-13,3.244189054091962,1.0000000000000264,2.6423307986078726e-14,True,3.578900000320573,Optimization terminated successfully
Student Performance,5,42,10,300,0.0001,50,most_parsimonious,Ranked + weighted SHARK,Random 25% immutable,α = 1,1.0,40,1,0,True,1.0,0.0,0.0,0.0,inf,inf,True,1.4309999996839906,Optimization terminated successfully
Student Performance,5,42,10,300,0.0001,50,most_parsimonious,Ranked + weighted SHARK,Random 25% immutable,α < 1,0.01,40,1,0,True,3.0,1.0,2.5923606762677225e-13,3.244189054091962,1.0000000000000264,2.6423307986078726e-14,True,3.4426000001985813,Optimization terminated successfully
Student Performance,5,42,10,300,0.0001,50,most_parsimonious,Ranked + weighted SHARK,Random 50% immutable,α = 1,1.0,40,1,0,True,1.0,0.0,0.0,0.0,inf,inf,True,1.4227000001483248,Optimization terminated successfully
Student Performance,5,42,10,300,0.0001,50,most_parsimonious,Ranked + weighted SHARK,Random 50% immutable,α < 1,0.01,40,1,0,True,3.0,1.0,2.5923606762677225e-13,3.244189054091962,1.0000000000000264,2.6423307986078726e-14,True,3.4262999997736188,Optimization terminated successfully
Student Performance,5,42,10,300,0.0001,50,most_parsimonious,Ranked + weighted SHARK,Random 75% immutable,α = 1,1.0,40,1,0,True,1.0,0.0,1.9020983746496555e-44,3.497202527569243e-15,inf,inf,True,1.6735999997763429,Optimization terminated successfully
Student Performance,5,42,10,300,0.0001,50,most_parsimonious,Ranked + weighted SHARK,Random 75% immutable,α < 1,0.01,40,1,0,True,1.0,0.0,4.9074042218222404e-45,1.7763568394002505e-15,inf,inf,True,1.6329999998561107,Optimization terminated successfully
Student Performance,5,42,10,300,0.0001,50,most_parsimonious,Ranked + weighted SHARK,All features mutable,α = 1,1.0,466,1,2,True,1.0,1.0,2.385813168388489,2.1844052592816294,1.999999999999998,0.999999999999998,True,2.35419999989972,Optimization terminated successfully
Student Performance,5,42,10,300,0.0001,50,most_parsimonious,Ranked + weighted SHARK,All features mutable,α < 1,0.01,466,1,2,True,1.0,1.0,9.448058728135319,4.346966465970457,1.0050251256281364,0.005025125628136395,True,2.4005999994187732,Optimization terminated successfully
Student Performance,5,42,10,300,0.0001,50,most_parsimonious,Ranked + weighted SHARK,Random 25% immutable,α = 1,1.0,466,1,2,True,1.0,1.0,2.385813168388489,2.1844052592816294,1.999999999999998,0.999999999999998,True,2.378600000156439,Optimization terminated successfully
Student Performance,5,42,10,300,0.0001,50,most_parsimonious,Ranked + weighted SHARK,Random 25% immutable,α < 1,0.01,466,1,2,True,1.0,1.0,9.448058728135319,4.346966465970457,1.0050251256281364,0.005025125628136395,True,2.3584000000482774,Optimization terminated successfully
Student Performance,5,42,10,300,0.0001,50,most_parsimonious,Ranked + weighted SHARK,Random 50% immutable,α = 1,1.0,466,1,2,True,1.0,1.0,2.385813168388489,2.1844052592816294,1.999999999999998,0.999999999999998,True,2.356399999371206,Optimization terminated successfully
Student Performance,5,42,10,300,0.0001,50,most_parsimonious,Ranked + weighted SHARK,Random 50% immutable,α < 1,0.01,466,1,2,True,1.0,1.0,9.448058728135319,4.346966465970457,1.0050251256281364,0.005025125628136395,True,2.382799999395502,Optimization terminated successfully
Student Performance,5,42,10,300,0.0001,50,most_parsimonious,Ranked + weighted SHARK,Random 75% immutable,α = 1,1.0,466,1,2,False,,,,,,,False,13.95090000005439,No feasible counterfactual found.
Student Performance,5,42,10,300,0.0001,50,most_parsimonious,Ranked + weighted SHARK,Random 75% immutable,α < 1,0.01,466,1,2,False,,,,,,,False,13.786200000140525,No feasible counterfactual found.
Student Performance,5,42,10,300,0.0001,50,most_parsimonious,Ranked + weighted SHARK,All features mutable,α = 1,1.0,628,1,3,True,4.0,1.0,5.32048379173401e-15,1.7641700116373549,1.000000000000243,2.4291679778798425e-13,True,4.713700000138488,Optimization terminated successfully
Student Performance,5,42,10,300,0.0001,50,most_parsimonious,Ranked + weighted SHARK,All features mutable,α < 1,0.01,628,1,3,True,4.0,1.0,5.320483791727244e-15,1.7641700116363361,1.0000000000008205,8.204548151979907e-13,True,4.979000000275846,Optimization terminated successfully
Student Performance,5,42,10,300,0.0001,50,most_parsimonious,Ranked + weighted SHARK,Random 25% immutable,α = 1,1.0,628,1,3,True,4.0,1.0,5.149798961196026e-15,1.8196984871398838,1.0,0.0,False,4.67079999998532,Optimization terminated successfully
Student Performance,5,42,10,300,0.0001,50,most_parsimonious,Ranked + weighted SHARK,Random 25% immutable,α < 1,0.01,628,1,3,True,4.0,1.0,5.1497989612015625e-15,1.8196984871398838,1.0,0.0,False,4.150899999331159,Optimization terminated successfully
Student Performance,5,42,10,300,0.0001,50,most_parsimonious,Ranked + weighted SHARK,Random 50% immutable,α = 1,1.0,628,1,3,True,2.0,1.0,5.320483791734747e-15,1.764170011637477,1.0000000000001736,1.7363888105137448e-13,True,1.8990999997186009,Optimization terminated successfully
Student Performance,5,42,10,300,0.0001,50,most_parsimonious,Ranked + weighted SHARK,Random 50% immutable,α < 1,0.01,628,1,3,True,2.0,1.0,5.320483791727756e-15,1.764170011636421,1.0000000000007723,7.722711359292589e-13,True,1.9865000003846944,Optimization terminated successfully
Student Performance,5,42,10,300,0.0001,50,most_parsimonious,Ranked + weighted SHARK,Random 75% immutable,α = 1,1.0,628,1,3,True,2.0,0.0,0.0,0.0,inf,inf,True,2.457200000208104,Optimization terminated successfully
Student Performance,5,42,10,300,0.0001,50,most_parsimonious,Ranked + weighted SHARK,Random 75% immutable,α < 1,0.01,628,1,3,True,3.0,1.0,5.210140033288216e-15,2.4570645160378417,1.000000000002714,2.7140512059986577e-12,True,3.2818999998198706,Optimization terminated successfully
Student Performance,5,42,10,300,0.0001,50,most_parsimonious,Ranked + weighted SHARK,All features mutable,α = 1,1.0,545,3,1,True,4.0,1.0,7.0333299401467726e-15,2.0283615467864244,1.3046268904324243,0.3046268904324243,True,4.206300000078045,Optimization terminated successfully
Student Performance,5,42,10,300,0.0001,50,most_parsimonious,Ranked + weighted SHARK,All features mutable,α < 1,0.01,545,3,1,True,1.0,0.0,0.0,0.0,inf,inf,True,1.5933999993649195,Optimization terminated successfully
Student Performance,5,42,10,300,0.0001,50,most_parsimonious,Ranked + weighted SHARK,Random 25% immutable,α = 1,1.0,545,3,1,True,3.0,1.0,7.033329940146803e-15,2.028361546786429,1.3046268904324214,0.3046268904324214,True,2.932399999735935,Optimization terminated successfully
Student Performance,5,42,10,300,0.0001,50,most_parsimonious,Ranked + weighted SHARK,Random 25% immutable,α < 1,0.01,545,3,1,True,1.0,0.0,0.0,0.0,inf,inf,True,1.3238999999884982,Optimization terminated successfully
Student Performance,5,42,10,300,0.0001,50,most_parsimonious,Ranked + weighted SHARK,Random 50% immutable,α = 1,1.0,545,3,1,True,2.0,1.0,1.0835560051010216e-14,2.6395505163122226,1.3787942120404855,0.37879421204048547,True,2.3516000001109205,Optimization terminated successfully
Student Performance,5,42,10,300,0.0001,50,most_parsimonious,Ranked + weighted SHARK,Random 50% immutable,α < 1,0.01,545,3,1,True,1.0,0.0,0.0,0.0,inf,inf,True,1.3584999996965053,Optimization terminated successfully
Student Performance,5,42,10,300,0.0001,50,most_parsimonious,Ranked + weighted SHARK,Random 75% immutable,α = 1,1.0,545,3,1,True,2.0,1.0,7.033329940146761e-15,2.0283615467864227,1.3046268904324254,0.3046268904324254,True,2.026399999522255,Optimization terminated successfully
Student Performance,5,42,10,300,0.0001,50,most_parsimonious,Ranked + weighted SHARK,Random 75% immutable,α < 1,0.01,545,3,1,True,2.0,1.0,1.1971088531405942e-14,2.6462550174566752,1.0,0.0,False,2.1108999999341904,Optimization terminated successfully
Student Performance,5,42,10,300,0.0001,50,most_parsimonious,Ranked + weighted SHARK,All features mutable,α = 1,1.0,342,3,1,True,4.0,1.0,2.3275455101767953e-15,1.166847134143944,3.023823704091393,2.023823704091393,True,4.409299999679206,Optimization terminated successfully
Student Performance,5,42,10,300,0.0001,50,most_parsimonious,Ranked + weighted SHARK,All features mutable,α < 1,0.01,342,3,1,True,1.0,0.0,0.0,0.0,inf,inf,True,1.3605000003735768,Optimization terminated successfully
Student Performance,5,42,10,300,0.0001,50,most_parsimonious,Ranked + weighted SHARK,Random 25% immutable,α = 1,1.0,342,3,1,True,2.0,1.0,2.3275455101768032e-15,1.166847134143946,3.0238237040913876,2.0238237040913876,True,1.8993000003320049,Optimization terminated successfully
Student Performance,5,42,10,300,0.0001,50,most_parsimonious,Ranked + weighted SHARK,Random 25% immutable,α < 1,0.01,342,3,1,True,2.0,1.0,2.1281935166943895e-14,3.528340023275567,1.0,0.0,False,1.9879000001310487,Optimization terminated successfully
Student Performance,5,42,10,300,0.0001,50,most_parsimonious,Ranked + weighted SHARK,Random 50% immutable,α = 1,1.0,342,3,1,True,2.0,1.0,2.3275455101767977e-15,1.1668471341439446,3.023823704091391,2.023823704091391,True,2.0259000002624816,Optimization terminated successfully
Student Performance,5,42,10,300,0.0001,50,most_parsimonious,Ranked + weighted SHARK,Random 50% immutable,α < 1,0.01,342,3,1,True,1.0,0.0,0.0,0.0,inf,inf,True,1.525200000287441,Optimization terminated successfully
Student Performance,5,42,10,300,0.0001,50,most_parsimonious,Ranked + weighted SHARK,Random 75% immutable,α = 1,1.0,342,3,1,True,2.0,1.0,2.3275455101768032e-15,1.166847134143946,3.0238237040913876,2.0238237040913876,True,4.456100000425067,Optimization terminated successfully
Student Performance,5,42,10,300,0.0001,50,most_parsimonious,Ranked + weighted SHARK,Random 75% immutable,α < 1,0.01,342,3,1,True,2.0,1.0,2.1281935166943895e-14,3.528340023275567,1.0,0.0,False,2.582799999800045,Optimization terminated successfully
Student Performance,5,42,10,300,0.0001,50,most_parsimonious,Ranked + weighted SHARK,All features mutable,α = 1,1.0,143,3,0,True,3.0,1.0,6.339559162546154e-14,1.604308822256479,2.0221724203505023,1.0221724203505023,True,3.2925000004979665,Optimization terminated successfully
Student Performance,5,42,10,300,0.0001,50,most_parsimonious,Ranked + weighted SHARK,All features mutable,α < 1,0.01,143,3,0,True,3.0,1.0,2.5923606762676034e-13,3.2441890540918874,1.0000000000000495,4.951594689828198e-14,True,3.3109000005424605,Optimization terminated successfully
Student Performance,5,42,10,300,0.0001,50,most_parsimonious,Ranked + weighted SHARK,Random 25% immutable,α = 1,1.0,143,3,0,True,3.0,0.0,1.3485612838461215e-45,8.881784197001252e-16,inf,inf,True,4.166599999734899,Optimization terminated successfully
Student Performance,5,42,10,300,0.0001,50,most_parsimonious,Ranked + weighted SHARK,Random 25% immutable,α < 1,0.01,143,3,0,True,3.0,0.0,4.266932187169369e-46,4.996003610813204e-16,inf,inf,True,3.509699999995064,Optimization terminated successfully
Student Performance,5,42,10,300,0.0001,50,most_parsimonious,Ranked + weighted SHARK,Random 50% immutable,α = 1,1.0,143,3,0,True,2.0,0.0,2.3482695983329078e-46,3.885780586188048e-16,inf,inf,True,2.541899999414454,Optimization terminated successfully
Student Performance,5,42,10,300,0.0001,50,most_parsimonious,Ranked + weighted SHARK,Random 50% immutable,α < 1,0.01,143,3,0,True,2.0,0.0,1.1980967338433205e-46,2.7755575615628914e-16,inf,inf,True,2.589000000625674,Optimization terminated successfully
Student Performance,5,42,10,300,0.0001,50,most_parsimonious,Ranked + weighted SHARK,Random 75% immutable,α = 1,1.0,143,3,0,True,1.0,0.0,5.372586648212443e-45,2.4424906541753444e-15,inf,inf,True,1.4254999996410334,Optimization terminated successfully
Student Performance,5,42,10,300,0.0001,50,most_parsimonious,Ranked + weighted SHARK,Random 75% immutable,α < 1,0.01,143,3,0,True,1.0,0.0,3.996138829248924e-46,6.661338147750939e-16,inf,inf,True,1.4965999998821644,Optimization terminated successfully
Student Performance,5,42,10,300,0.0001,50,most_parsimonious,Ranked + weighted SHARK,All features mutable,α = 1,1.0,52,4,0,True,3.0,2.0,3.6567665648005456,3.171333731733781,1.958519902238949,0.958519902238949,True,10.70720000006986,Optimization terminated successfully
Student Performance,5,42,10,300,0.0001,50,most_parsimonious,Ranked + weighted SHARK,All features mutable,α < 1,0.01,52,4,0,True,4.0,3.0,14.481161273266595,6.965585688699897,1.0000000000000002,2.220446049250313e-16,True,6.994799999120005,Optimization terminated successfully
Student Performance,5,42,10,300,0.0001,50,most_parsimonious,Ranked + weighted SHARK,Random 25% immutable,α = 1,1.0,52,4,0,True,3.0,2.0,3.6567665648005456,3.171333731733781,1.958519902238949,0.958519902238949,True,10.307200000170269,Optimization terminated successfully
Student Performance,5,42,10,300,0.0001,50,most_parsimonious,Ranked + weighted SHARK,Random 25% immutable,α < 1,0.01,52,4,0,True,4.0,3.0,14.481161273266595,6.965585688699897,1.0000000000000002,2.220446049250313e-16,True,6.711600000016915,Optimization terminated successfully
Student Performance,5,42,10,300,0.0001,50,most_parsimonious,Ranked + weighted SHARK,Random 50% immutable,α = 1,1.0,52,4,0,False,,,,,,,False,323.6527000008209,No feasible counterfactual found.
Student Performance,5,42,10,300,0.0001,50,most_parsimonious,Ranked + weighted SHARK,Random 50% immutable,α < 1,0.01,52,4,0,False,,,,,,,False,299.6394000001601,No feasible counterfactual found.
Student Performance,5,42,10,300,0.0001,50,most_parsimonious,Ranked + weighted SHARK,Random 75% immutable,α = 1,1.0,52,4,0,False,,,,,,,False,12.96009999987291,No feasible counterfactual found.
Student Performance,5,42,10,300,0.0001,50,most_parsimonious,Ranked + weighted SHARK,Random 75% immutable,α < 1,0.01,52,4,0,False,,,,,,,False,13.540199999624747,No feasible counterfactual found.
Student Performance,5,42,10,300,0.0001,50,most_parsimonious,Ranked + weighted SHARK,All features mutable,α = 1,1.0,487,0,2,True,2.0,1.0,2.385813168388617,2.184405259281688,1.9999999999999443,0.9999999999999443,True,7.5031999995189835,Optimization terminated successfully
Student Performance,5,42,10,300,0.0001,50,most_parsimonious,Ranked + weighted SHARK,All features mutable,α < 1,0.01,487,0,2,True,1.0,1.0,9.448058728135612,4.3469664659705245,1.0050251256281206,0.00502512562812063,True,2.552399999331101,Optimization terminated successfully
Student Performance,5,42,10,300,0.0001,50,most_parsimonious,Ranked + weighted SHARK,Random 25% immutable,α = 1,1.0,487,0,2,False,,,,,,,False,61.30759999996371,No feasible counterfactual found.
Student Performance,5,42,10,300,0.0001,50,most_parsimonious,Ranked + weighted SHARK,Random 25% immutable,α < 1,0.01,487,0,2,False,,,,,,,False,61.4186000002519,No feasible counterfactual found.
Student Performance,5,42,10,300,0.0001,50,most_parsimonious,Ranked + weighted SHARK,Random 50% immutable,α = 1,1.0,487,0,2,True,3.0,1.0,2.385813168388616,2.1844052592816876,1.9999999999999447,0.9999999999999447,True,12.152399999649788,Optimization terminated successfully
Student Performance,5,42,10,300,0.0001,50,most_parsimonious,Ranked + weighted SHARK,Random 50% immutable,α < 1,0.01,487,0,2,True,1.0,1.0,9.448058728135612,4.3469664659705245,1.0050251256281206,0.00502512562812063,True,2.336300000024494,Optimization terminated successfully
Student Performance,5,42,10,300,0.0001,50,most_parsimonious,Ranked + weighted SHARK,Random 75% immutable,α = 1,1.0,487,0,2,True,2.0,1.0,2.385813168388617,2.184405259281688,1.9999999999999443,0.9999999999999443,True,7.015099999989616,Optimization terminated successfully
Student Performance,5,42,10,300,0.0001,50,most_parsimonious,Ranked + weighted SHARK,Random 75% immutable,α < 1,0.01,487,0,2,True,1.0,1.0,9.448058728135612,4.3469664659705245,1.0050251256281206,0.00502512562812063,True,2.2244000001592212,Optimization terminated successfully
Student Performance,5,42,10,300,0.0001,50,most_parsimonious,Ranked + weighted SHARK,All features mutable,α = 1,1.0,465,1,0,True,1.0,0.0,0.0,0.0,inf,inf,True,1.4054000002943212,Optimization terminated successfully
Student Performance,5,42,10,300,0.0001,50,most_parsimonious,Ranked + weighted SHARK,All features mutable,α < 1,0.01,465,1,0,True,3.0,1.0,2.5610596653339613e-13,3.224543873403314,1.006092390570577,0.006092390570576978,True,3.4877999996751896,Optimization terminated successfully
Student Performance,5,42,10,300,0.0001,50,most_parsimonious,Ranked + weighted SHARK,Random 25% immutable,α = 1,1.0,465,1,0,True,1.0,0.0,0.0,0.0,inf,inf,True,1.364899999316549,Optimization terminated successfully
Student Performance,5,42,10,300,0.0001,50,most_parsimonious,Ranked + weighted SHARK,Random 25% immutable,α < 1,0.01,465,1,0,True,3.0,1.0,2.5610596653339613e-13,3.224543873403314,1.006092390570577,0.006092390570576978,True,3.3189999994647224,Optimization terminated successfully
Student Performance,5,42,10,300,0.0001,50,most_parsimonious,Ranked + weighted SHARK,Random 50% immutable,α = 1,1.0,465,1,0,True,1.0,0.0,0.0,0.0,inf,inf,True,1.4715999996042228,Optimization terminated successfully
Student Performance,5,42,10,300,0.0001,50,most_parsimonious,Ranked + weighted SHARK,Random 50% immutable,α < 1,0.01,465,1,0,True,2.0,1.0,2.5610596653339613e-13,3.224543873403314,1.006092390570577,0.006092390570576978,True,2.306099999259459,Optimization terminated successfully
Student Performance,5,42,10,300,0.0001,50,most_parsimonious,Ranked + weighted SHARK,Random 75% immutable,α = 1,1.0,465,1,0,True,1.0,1.0,6.30397164404377e-14,1.599799540267865,2.0278722255094856,1.0278722255094856,True,1.1431000002630753,Optimization terminated successfully
Student Performance,5,42,10,300,0.0001,50,most_parsimonious,Ranked + weighted SHARK,Random 75% immutable,α < 1,0.01,465,1,0,True,1.0,1.0,2.5610596653339613e-13,3.224543873403314,1.006092390570577,0.006092390570576978,True,1.1408999998820946,Optimization terminated successfully
Student Performance,5,42,10,300,0.0001,50,most_parsimonious,Ranked + weighted SHARK,All features mutable,α = 1,1.0,113,3,2,True,2.0,1.0,2.385813168388481,2.184405259281626,2.0000000000000013,1.0000000000000013,True,3.7507000006371527,Optimization terminated successfully
Student Performance,5,42,10,300,0.0001,50,most_parsimonious,Ranked + weighted SHARK,All features mutable,α < 1,0.01,113,3,2,True,1.0,1.0,9.448058728135248,4.346966465970441,1.00502512562814,0.005025125628139948,True,2.232699999694887,Optimization terminated successfully
Student Performance,5,42,10,300,0.0001,50,most_parsimonious,Ranked + weighted SHARK,Random 25% immutable,α = 1,1.0,113,3,2,False,,,,,,,False,60.964500000409316,No feasible counterfactual found.
Student Performance,5,42,10,300,0.0001,50,most_parsimonious,Ranked + weighted SHARK,Random 25% immutable,α < 1,0.01,113,3,2,False,,,,,,,False,59.199899999839545,No feasible counterfactual found.
Student Performance,5,42,10,300,0.0001,50,most_parsimonious,Ranked + weighted SHARK,Random 50% immutable,α = 1,1.0,113,3,2,True,2.0,1.0,2.385813168388481,2.184405259281626,2.0000000000000013,1.0000000000000013,True,4.181899999821326,Optimization terminated successfully
Student Performance,5,42,10,300,0.0001,50,most_parsimonious,Ranked + weighted SHARK,Random 50% immutable,α < 1,0.01,113,3,2,True,1.0,1.0,9.448058728135248,4.346966465970441,1.00502512562814,0.005025125628139948,True,2.1924999991824734,Optimization terminated successfully
Student Performance,5,42,10,300,0.0001,50,most_parsimonious,Ranked + weighted SHARK,Random 75% immutable,α = 1,1.0,113,3,2,False,,,,,,,False,13.015300000006391,No feasible counterfactual found.
Student Performance,5,42,10,300,0.0001,50,most_parsimonious,Ranked + weighted SHARK,Random 75% immutable,α < 1,0.01,113,3,2,False,,,,,,,False,13.020899999901303,No feasible counterfactual found.
Student Performance,5,42,10,300,0.0001,50,most_parsimonious,Ranked + weighted SHARK,All features mutable,α = 1,1.0,230,3,0,True,3.0,1.0,6.890110577576205e-14,1.672520840753875,1.9397002267725143,0.9397002267725143,True,3.256899999541929,Optimization terminated successfully
Student Performance,5,42,10,300,0.0001,50,most_parsimonious,Ranked + weighted SHARK,All features mutable,α < 1,0.01,230,3,0,True,3.0,1.0,2.5923606762678593e-13,3.2441890540920477,1.0,0.0,False,3.390699999727076,Optimization terminated successfully
Student Performance,5,42,10,300,0.0001,50,most_parsimonious,Ranked + weighted SHARK,Random 25% immutable,α = 1,1.0,230,3,0,True,3.0,1.0,6.890110577576205e-14,1.672520840753875,1.9397002267725143,0.9397002267725143,True,3.048800000215124,Optimization terminated successfully
Student Performance,5,42,10,300,0.0001,50,most_parsimonious,Ranked + weighted SHARK,Random 25% immutable,α < 1,0.01,230,3,0,True,3.0,1.0,2.5923606762678593e-13,3.2441890540920477,1.0,0.0,False,3.1101000004127854,Optimization terminated successfully
Student Performance,5,42,10,300,0.0001,50,most_parsimonious,Ranked + weighted SHARK,Random 50% immutable,α = 1,1.0,230,3,0,True,1.0,0.0,4.792386935373282e-46,5.551115123125783e-16,inf,inf,True,1.6008000002329936,Optimization terminated successfully
Student Performance,5,42,10,300,0.0001,50,most_parsimonious,Ranked + weighted SHARK,Random 50% immutable,α < 1,0.01,230,3,0,True,1.0,0.0,3.0671276386389002e-46,4.440892098500626e-16,inf,inf,True,1.5815999995538732,Optimization terminated successfully
Student Performance,5,42,10,300,0.0001,50,most_parsimonious,Ranked + weighted SHARK,Random 75% immutable,α = 1,1.0,230,3,0,True,3.0,2.0,7.667649944683357e-16,0.6895715019767437,1.6641415050631614,0.6641415050631614,True,3.3590000002732268,Optimization terminated successfully
Student Performance,5,42,10,300,0.0001,50,most_parsimonious,Ranked + weighted SHARK,Random 75% immutable,α < 1,0.01,230,3,0,True,2.0,0.0,3.3714032096153037e-46,4.440892098500626e-16,inf,inf,True,2.7445000005172915,Optimization terminated successfully
Student Performance,5,42,10,300,0.0001,50,most_parsimonious,Ranked + weighted SHARK,All features mutable,α = 1,1.0,79,3,2,True,1.0,1.0,2.385813168388485,2.1844052592816277,1.9999999999999996,0.9999999999999996,True,2.0481999999901745,Optimization terminated successfully
Student Performance,5,42,10,300,0.0001,50,most_parsimonious,Ranked + weighted SHARK,All features mutable,α < 1,0.01,79,3,2,True,1.0,1.0,9.44805872813531,4.346966465970455,1.0050251256281368,0.0050251256281368395,True,2.0102999997106963,Optimization terminated successfully
Student Performance,5,42,10,300,0.0001,50,most_parsimonious,Ranked + weighted SHARK,Random 25% immutable,α = 1,1.0,79,3,2,True,1.0,1.0,2.385813168388485,2.1844052592816277,1.9999999999999996,0.9999999999999996,True,2.038699999502569,Optimization terminated successfully
Student Performance,5,42,10,300,0.0001,50,most_parsimonious,Ranked + weighted SHARK,Random 25% immutable,α < 1,0.01,79,3,2,True,1.0,1.0,9.44805872813531,4.346966465970455,1.0050251256281368,0.0050251256281368395,True,2.3350999999820488,Optimization terminated successfully
Student Performance,5,42,10,300,0.0001,50,most_parsimonious,Ranked + weighted SHARK,Random 50% immutable,α = 1,1.0,79,3,2,False,,,,,,,False,33.13660000003438,No feasible counterfactual found.
Student Performance,5,42,10,300,0.0001,50,most_parsimonious,Ranked + weighted SHARK,Random 50% immutable,α < 1,0.01,79,3,2,False,,,,,,,False,31.52570000020205,No feasible counterfactual found.
Student Performance,5,42,10,300,0.0001,50,most_parsimonious,Ranked + weighted SHARK,Random 75% immutable,α = 1,1.0,79,3,2,False,,,,,,,False,5615.433199999643,No feasible counterfactual found.
Student Performance,5,42,10,300,0.0001,50,most_parsimonious,Ranked + weighted SHARK,Random 75% immutable,α < 1,0.01,79,3,2,False,,,,,,,False,5582.805299999563,No feasible counterfactual found.
Student Performance,5,42,10,300,0.0001,50,most_parsimonious,Ranked + weighted SHARK,All features mutable,α = 1,1.0,57,4,2,True,2.0,2.0,6.0425797331889255,3.476371594979242,2.0000000000000036,1.0000000000000036,True,6.402099999831989,Optimization terminated successfully
Student Performance,5,42,10,300,0.0001,50,most_parsimonious,Ranked + weighted SHARK,All features mutable,α < 1,0.01,57,4,2,True,2.0,2.0,23.92922000140146,6.917979474008692,1.0050250741643094,0.005025074164309418,True,4.54139999965264,Optimization terminated successfully
Student Performance,5,42,10,300,0.0001,50,most_parsimonious,Ranked + weighted SHARK,Random 25% immutable,α = 1,1.0,57,4,2,False,,,,,,,False,107.47969999920315,No feasible counterfactual found.
Student Performance,5,42,10,300,0.0001,50,most_parsimonious,Ranked + weighted SHARK,Random 25% immutable,α < 1,0.01,57,4,2,False,,,,,,,False,183.83480000011332,No feasible counterfactual found.
Student Performance,5,42,10,300,0.0001,50,most_parsimonious,Ranked + weighted SHARK,Random 50% immutable,α = 1,1.0,57,4,2,False,,,,,,,False,58.200599999508995,No feasible counterfactual found.
Student Performance,5,42,10,300,0.0001,50,most_parsimonious,Ranked + weighted SHARK,Random 50% immutable,α < 1,0.01,57,4,2,False,,,,,,,False,88.03100000022823,No feasible counterfactual found.
Student Performance,5,42,10,300,0.0001,50,most_parsimonious,Ranked + weighted SHARK,Random 75% immutable,α = 1,1.0,57,4,2,False,,,,,,,False,1658.5787999993045,No feasible counterfactual found.
Student Performance,5,42,10,300,0.0001,50,most_parsimonious,Ranked + weighted SHARK,Random 75% immutable,α < 1,0.01,57,4,2,False,,,,,,,False,5939.614499999152,No feasible counterfactual found.
Student Performance,5,42,10,300,0.0001,50,most_parsimonious,Ranked + weighted SHARK,All features mutable,α = 1,1.0,527,1,2,True,1.0,1.0,2.385813168388489,2.1844052592816294,1.999999999999998,0.999999999999998,True,3.7486000001081266,Optimization terminated successfully
Student Performance,5,42,10,300,0.0001,50,most_parsimonious,Ranked + weighted SHARK,All features mutable,α < 1,0.01,527,1,2,True,1.0,1.0,9.448058728135353,4.346966465970465,1.0050251256281344,0.005025125628134397,True,2.4096000006466056,Optimization terminated successfully
Student Performance,5,42,10,300,0.0001,50,most_parsimonious,Ranked + weighted SHARK,Random 25% immutable,α = 1,1.0,527,1,2,True,1.0,1.0,2.385813168388489,2.1844052592816294,1.999999999999998,0.999999999999998,True,3.6734000004798872,Optimization terminated successfully
Student Performance,5,42,10,300,0.0001,50,most_parsimonious,Ranked + weighted SHARK,Random 25% immutable,α < 1,0.01,527,1,2,True,1.0,1.0,9.448058728135353,4.346966465970465,1.0050251256281344,0.005025125628134397,True,2.687399999558693,Optimization terminated successfully
Student Performance,5,42,10,300,0.0001,50,most_parsimonious,Ranked + weighted SHARK,Random 50% immutable,α = 1,1.0,527,1,2,True,1.0,1.0,2.385813168388489,2.1844052592816294,1.999999999999998,0.999999999999998,True,3.7350000002334127,Optimization terminated successfully
Student Performance,5,42,10,300,0.0001,50,most_parsimonious,Ranked + weighted SHARK,Random 50% immutable,α < 1,0.01,527,1,2,True,1.0,1.0,9.448058728135353,4.346966465970465,1.0050251256281344,0.005025125628134397,True,2.3383999996440252,Optimization terminated successfully
Student Performance,5,42,10,300,0.0001,50,most_parsimonious,Ranked + weighted SHARK,Random 75% immutable,α = 1,1.0,527,1,2,False,,,,,,,False,14.321200000267709,No feasible counterfactual found.
Student Performance,5,42,10,300,0.0001,50,most_parsimonious,Ranked + weighted SHARK,Random 75% immutable,α < 1,0.01,527,1,2,False,,,,,,,False,12.779499999851396,No feasible counterfactual found.
