dataset,n_clusters,seed,n_init,max_iter,tol,n_factuals,solution_type,cf_mode,mask_scenario,alpha_case,alpha,factual_idx,source_cluster,target_cluster,feasible,rank_step,changed_features,weighted_squared_distance,euclidean_distance,rho,tau,positive_tau,runtime_ms,solver_message
Wine,3,42,10,300,0.0001,50,least_cost,Unweighted k-means,All features mutable,α = 1,1.0,62,0,1,True,,13.0,0.15825866800414562,1.4343509626496205,1.8533224950438973,0.8533224950438973,True,2.715200000011464,Optimization terminated successfully
Wine,3,42,10,300,0.0001,50,least_cost,Unweighted k-means,All features mutable,α < 1,0.9454695850561792,62,0,1,True,,13.0,0.18306597160459326,1.5426787192606606,1.723181158262974,0.7231811582629739,True,2.6301999999986947,Optimization terminated successfully
Wine,3,42,10,300,0.0001,50,least_cost,Unweighted k-means,Random 25% immutable,α = 1,1.0,62,0,1,True,,10.0,0.26928572076625423,1.8710196070488694,1.0891938454952212,0.08919384549522125,True,2.929499999993368,Optimization terminated successfully
Wine,3,42,10,300,0.0001,50,least_cost,Unweighted k-means,Random 25% immutable,α < 1,0.9454695850561792,62,0,1,True,,10.0,0.3114966954607897,2.012326275977697,1.0127100509796307,0.012710050979630738,True,3.025499999992576,Optimization terminated successfully
Wine,3,42,10,300,0.0001,50,least_cost,Unweighted k-means,Random 50% immutable,α = 1,1.0,62,0,1,True,,7.0,0.2891752933383071,1.938885972252621,1.6300159502798637,0.6300159502798637,True,2.1224000000046317,Optimization terminated successfully
Wine,3,42,10,300,0.0001,50,least_cost,Unweighted k-means,Random 50% immutable,α < 1,0.9454695850561792,62,0,1,True,,7.0,0.33450399088177424,2.0853181727168315,1.515555319914488,0.515555319914488,True,2.3975000000007185,Optimization terminated successfully
Wine,3,42,10,300,0.0001,50,least_cost,Unweighted k-means,Random 75% immutable,α = 1,1.0,62,0,1,True,,3.0,1.569560715007364,4.5171107242457245,1.0000000000000002,2.220446049250313e-16,True,1.71579999999949,Optimization terminated successfully
Wine,3,42,10,300,0.0001,50,least_cost,Unweighted k-means,Random 75% immutable,α < 1,0.9454695850561792,62,0,1,False,,,,,,,False,9.843099999997662,Positive directional derivative for linesearch
Wine,3,42,10,300,0.0001,50,least_cost,Unweighted k-means,All features mutable,α = 1,1.0,74,0,1,True,,13.0,0.6412143480875303,2.8871762199661273,1.8904859477671394,0.8904859477671394,True,2.7188000000109014,Optimization terminated successfully
Wine,3,42,10,300,0.0001,50,least_cost,Unweighted k-means,All features mutable,α < 1,0.9454695850561792,74,0,1,True,,13.0,0.6912044053162473,2.9976085917129365,1.8155057919713642,0.8155057919713642,True,2.670799999989981,Optimization terminated successfully
Wine,3,42,10,300,0.0001,50,least_cost,Unweighted k-means,Random 25% immutable,α = 1,1.0,74,0,1,True,,10.0,0.7849058431444033,3.194334979440516,1.5463612148519168,0.5463612148519168,True,2.2897000000057233,Optimization terminated successfully
Wine,3,42,10,300,0.0001,50,least_cost,Unweighted k-means,Random 25% immutable,α < 1,0.9454695850561792,74,0,1,True,,10.0,0.8449141586122906,3.314194330747637,1.4904363513078063,0.4904363513078063,True,2.7048000000036154,Optimization terminated successfully
Wine,3,42,10,300,0.0001,50,least_cost,Unweighted k-means,Random 50% immutable,α = 1,1.0,74,0,1,True,,7.0,1.3947688259989814,4.258168002555413,1.0000000000000002,2.220446049250313e-16,True,2.1047999999979083,Optimization terminated successfully
Wine,3,42,10,300,0.0001,50,least_cost,Unweighted k-means,Random 50% immutable,α < 1,0.9454695850561792,74,0,1,True,,7.0,1.5038235929806216,4.421505027561099,1.0000000000000013,1.3322676295501878e-15,True,2.033199999999624,Optimization terminated successfully
Wine,3,42,10,300,0.0001,50,least_cost,Unweighted k-means,Random 75% immutable,α = 1,1.0,74,0,1,False,,,,,,,False,17.03149999998743,Positive directional derivative for linesearch
Wine,3,42,10,300,0.0001,50,least_cost,Unweighted k-means,Random 75% immutable,α < 1,0.9454695850561792,74,0,1,False,,,,,,,False,3.764500000002613,Positive directional derivative for linesearch
Wine,3,42,10,300,0.0001,50,least_cost,Unweighted k-means,All features mutable,α = 1,1.0,66,0,1,True,,13.0,0.8817967053444103,3.385757990388169,2.0252164352342583,1.0252164352342583,True,2.7831000000020367,Optimization terminated successfully
Wine,3,42,10,300,0.0001,50,least_cost,Unweighted k-means,All features mutable,α < 1,0.9454695850561792,66,0,1,True,,13.0,0.9391372900038589,3.494107149194221,1.9591172565346777,0.9591172565346777,True,13.23169999999152,Optimization terminated successfully
Wine,3,42,10,300,0.0001,50,least_cost,Unweighted k-means,Random 25% immutable,α = 1,1.0,66,0,1,True,,10.0,1.50620268250081,4.425001115537772,1.185939418707994,0.1859394187079939,True,2.7287999999998647,Optimization terminated successfully
Wine,3,42,10,300,0.0001,50,least_cost,Unweighted k-means,Random 25% immutable,α < 1,0.9454695850561792,66,0,1,True,,10.0,1.6041268563101552,4.56657958783508,1.149171655712321,0.14917165571232105,True,3.5094999999927268,Optimization terminated successfully
Wine,3,42,10,300,0.0001,50,least_cost,Unweighted k-means,Random 50% immutable,α = 1,1.0,66,0,1,True,,7.0,4.1869954918806185,7.377732808556301,1.0000000000000007,6.661338147750939e-16,True,2.1129999999942584,Optimization terminated successfully
Wine,3,42,10,300,0.0001,50,least_cost,Unweighted k-means,Random 50% immutable,α < 1,0.9454695850561792,66,0,1,False,,,,,,,False,94.20599999999979,Positive directional derivative for linesearch
Wine,3,42,10,300,0.0001,50,least_cost,Unweighted k-means,Random 75% immutable,α = 1,1.0,66,0,1,False,,,,,,,False,7.5459000000108745,Positive directional derivative for linesearch
Wine,3,42,10,300,0.0001,50,least_cost,Unweighted k-means,Random 75% immutable,α < 1,0.9454695850561792,66,0,1,False,,,,,,,False,6.15689999999347,Positive directional derivative for linesearch
Wine,3,42,10,300,0.0001,50,least_cost,Unweighted k-means,All features mutable,α = 1,1.0,11,2,1,True,,13.0,0.3144044703488935,2.021696840412928,2.37997491615908,1.37997491615908,True,2.6652999999896565,Optimization terminated successfully
Wine,3,42,10,300,0.0001,50,least_cost,Unweighted k-means,All features mutable,α < 1,0.9454695850561792,11,2,1,True,,13.0,0.35849743301047593,2.1588113926733357,2.2288134084362454,1.2288134084362454,True,2.7074999999996407,Optimization terminated successfully
Wine,3,42,10,300,0.0001,50,least_cost,Unweighted k-means,Random 25% immutable,α = 1,1.0,11,2,1,True,,10.0,0.34012526143836036,2.1027668436368985,2.1999975891174115,1.1999975891174115,True,2.6325000000042564,Optimization terminated successfully
Wine,3,42,10,300,0.0001,50,least_cost,Unweighted k-means,Random 25% immutable,α < 1,0.9454695850561792,11,2,1,True,,10.0,0.38782537981206067,2.245379686724895,2.0602671408792546,1.0602671408792546,True,2.5155999999952883,Optimization terminated successfully
Wine,3,42,10,300,0.0001,50,least_cost,Unweighted k-means,Random 50% immutable,α = 1,1.0,11,2,1,True,,7.0,0.5739252833439105,2.73148836414707,1.4400461911649112,0.44004619116491117,True,1.9972999999993135,Optimization terminated successfully
Wine,3,42,10,300,0.0001,50,least_cost,Unweighted k-means,Random 50% immutable,α < 1,0.9454695850561792,11,2,1,True,,7.0,0.6544141709889851,2.9167420562773128,1.3485832249136456,0.3485832249136456,True,2.2323000000028514,Optimization terminated successfully
Wine,3,42,10,300,0.0001,50,least_cost,Unweighted k-means,Random 75% immutable,α = 1,1.0,11,2,1,True,,3.0,0.8984788503653448,3.4176344238009837,1.0000000000000002,2.220446049250313e-16,True,1.773299999996425,Optimization terminated successfully
Wine,3,42,10,300,0.0001,50,least_cost,Unweighted k-means,Random 75% immutable,α < 1,0.9454695850561792,11,2,1,True,,3.0,1.0906084022879379,3.7653564545396216,1.0000000000000004,4.440892098500626e-16,True,1.5808000000134825,Optimization terminated successfully
Wine,3,42,10,300,0.0001,50,least_cost,Unweighted k-means,All features mutable,α = 1,1.0,138,1,2,True,,13.0,0.6090436981225419,2.8138173493659897,2.783919011709502,1.7839190117095018,True,3.058699999996861,Optimization terminated successfully
Wine,3,42,10,300,0.0001,50,least_cost,Unweighted k-means,All features mutable,α < 1,0.9152029201455798,138,1,2,True,,13.0,0.7055621444583942,3.0285818261950794,2.587231222755387,1.587231222755387,True,2.8882000000010066,Optimization terminated successfully
Wine,3,42,10,300,0.0001,50,least_cost,Unweighted k-means,Random 25% immutable,α = 1,1.0,138,1,2,True,,10.0,0.8219144933349185,3.26877475720704,1.9560203837606829,0.9560203837606829,True,2.4279000000007045,Optimization terminated successfully
Wine,3,42,10,300,0.0001,50,least_cost,Unweighted k-means,Random 25% immutable,α < 1,0.9152029201455798,138,1,2,True,,10.0,0.9520432908423557,3.5180339368673836,1.8174327450794254,0.8174327450794254,True,2.498900000006188,Optimization terminated successfully
Wine,3,42,10,300,0.0001,50,least_cost,Unweighted k-means,Random 50% immutable,α = 1,1.0,138,1,2,True,,7.0,0.8187596405995528,3.262495260961184,2.1711661936784226,1.1711661936784226,True,2.035499999990975,Optimization terminated successfully
Wine,3,42,10,300,0.0001,50,least_cost,Unweighted k-means,Random 50% immutable,α < 1,0.9152029201455798,138,1,2,True,,7.0,0.9487283421556502,3.5119038210098315,2.015514352091517,1.0155143520915169,True,2.0202999999980875,Optimization terminated successfully
Wine,3,42,10,300,0.0001,50,least_cost,Unweighted k-means,Random 75% immutable,α = 1,1.0,138,1,2,False,,,,,,,False,28.764800000004698,Positive directional derivative for linesearch
Wine,3,42,10,300,0.0001,50,least_cost,Unweighted k-means,Random 75% immutable,α < 1,0.9152029201455798,138,1,2,False,,,,,,,False,6.244700000010539,Positive directional derivative for linesearch
Wine,3,42,10,300,0.0001,50,least_cost,Unweighted k-means,All features mutable,α = 1,1.0,173,1,0,True,,13.0,0.7999117939704639,3.2247253094823485,1.8560838123236425,0.8560838123236425,True,3.0090000000058126,Optimization terminated successfully
Wine,3,42,10,300,0.0001,50,least_cost,Unweighted k-means,All features mutable,α < 1,0.8911233276631206,173,1,0,True,,13.0,0.9108141627168468,3.4410149833034738,1.7394171568586398,0.7394171568586398,True,3.0588999999991984,Optimization terminated successfully
Wine,3,42,10,300,0.0001,50,least_cost,Unweighted k-means,Random 25% immutable,α = 1,1.0,173,1,0,True,,10.0,0.8928646620223969,3.4069400649690267,1.6628537532058103,0.6628537532058103,True,2.420000000000755,Optimization terminated successfully
Wine,3,42,10,300,0.0001,50,least_cost,Unweighted k-means,Random 25% immutable,α < 1,0.8911233276631206,173,1,0,True,,10.0,1.0166543182502652,3.6354512976043907,1.5583328207364222,0.5583328207364222,True,2.5289000000014994,Optimization terminated successfully
Wine,3,42,10,300,0.0001,50,least_cost,Unweighted k-means,Random 50% immutable,α = 1,1.0,173,1,0,True,,7.0,1.6815076145291517,4.675425006229805,1.0000000000000002,2.220446049250313e-16,True,1.9392000000095777,Optimization terminated successfully
Wine,3,42,10,300,0.0001,50,least_cost,Unweighted k-means,Random 50% immutable,α < 1,0.8911233276631206,173,1,0,True,,7.0,1.9382218482680782,5.019649791318614,1.0,0.0,False,2.2412000000002763,Optimization terminated successfully
Wine,3,42,10,300,0.0001,50,least_cost,Unweighted k-means,Random 75% immutable,α = 1,1.0,173,1,0,False,,,,,,,False,13.555100000004927,Positive directional derivative for linesearch
Wine,3,42,10,300,0.0001,50,least_cost,Unweighted k-means,Random 75% immutable,α < 1,0.8911233276631206,173,1,0,False,,,,,,,False,6.583300000002623,Positive directional derivative for linesearch
Wine,3,42,10,300,0.0001,50,least_cost,Unweighted k-means,All features mutable,α = 1,1.0,99,0,2,True,,13.0,0.1254565910076677,1.2770809226903674,4.83521577176611,3.8352157717661104,True,2.6784000000077413,Optimization terminated successfully
Wine,3,42,10,300,0.0001,50,least_cost,Unweighted k-means,All features mutable,α < 1,0.9152029201455798,99,0,2,True,,13.0,0.15720384114665498,1.4295628474839832,4.319475518997084,3.319475518997084,True,2.6036000000004833,Optimization terminated successfully
Wine,3,42,10,300,0.0001,50,least_cost,Unweighted k-means,Random 25% immutable,α = 1,1.0,99,0,2,True,,10.0,0.18289214500703743,1.5419461355999067,3.3167618464663877,2.3167618464663877,True,2.3228000000017346,Optimization terminated successfully
Wine,3,42,10,300,0.0001,50,least_cost,Unweighted k-means,Random 25% immutable,α < 1,0.9152029201455798,99,0,2,True,,10.0,0.22917367258050292,1.7260526479648695,2.9629849784722087,1.9629849784722087,True,2.2989000000137594,Optimization terminated successfully
Wine,3,42,10,300,0.0001,50,least_cost,Unweighted k-means,Random 50% immutable,α = 1,1.0,99,0,2,True,,7.0,0.25320107982568574,1.8142805840701473,3.0126782218873718,2.0126782218873718,True,2.0013000000034253,Optimization terminated successfully
Wine,3,42,10,300,0.0001,50,least_cost,Unweighted k-means,Random 50% immutable,α < 1,0.9152029201455798,99,0,2,True,,7.0,0.3172745410294613,2.0309035017407884,2.6913359604627334,1.6913359604627334,True,2.0352000000087855,Optimization terminated successfully
Wine,3,42,10,300,0.0001,50,least_cost,Unweighted k-means,Random 75% immutable,α = 1,1.0,99,0,2,True,,3.0,0.2149560801326526,1.671654582060685,2.9278736652189665,1.9278736652189665,True,1.6371999999904574,Optimization terminated successfully
Wine,3,42,10,300,0.0001,50,least_cost,Unweighted k-means,Random 75% immutable,α < 1,0.9152029201455798,99,0,2,True,,3.0,0.2693515040004224,1.871248126787437,2.615576924399189,1.615576924399189,True,1.6571000000027425,Optimization terminated successfully
Wine,3,42,10,300,0.0001,50,least_cost,Unweighted k-means,All features mutable,α = 1,1.0,170,1,0,True,,13.0,0.1483965607005692,1.3889403475698299,2.8325930026938653,1.8325930026938653,True,1.9002000000085673,Optimization terminated successfully
Wine,3,42,10,300,0.0001,50,least_cost,Unweighted k-means,All features mutable,α < 1,0.8911233276631206,170,1,0,True,,13.0,0.19821257087103825,1.6052300213126767,2.4509276915628933,1.4509276915628933,True,1.8453999999934467,Optimization terminated successfully
Wine,3,42,10,300,0.0001,50,least_cost,Unweighted k-means,Random 25% immutable,α = 1,1.0,170,1,0,True,,10.0,0.15909407308776352,1.438131756877973,2.642128973581879,1.6421289735818791,True,2.351799999999571,Optimization terminated successfully
Wine,3,42,10,300,0.0001,50,least_cost,Unweighted k-means,Random 25% immutable,α < 1,0.8911233276631206,170,1,0,True,,10.0,0.21250118660566392,1.6620816543941608,2.2861268985920913,1.2861268985920913,True,2.2642999999931135,Optimization terminated successfully
Wine,3,42,10,300,0.0001,50,least_cost,Unweighted k-means,Random 50% immutable,α = 1,1.0,170,1,0,True,,7.0,0.46236277017902255,2.45167616383716,1.491230040242034,0.491230040242034,True,2.1495000000015807,Optimization terminated successfully
Wine,3,42,10,300,0.0001,50,least_cost,Unweighted k-means,Random 50% immutable,α < 1,0.8911233276631206,170,1,0,True,,7.0,0.6175757235854008,2.833458029795079,1.2903007916982852,0.29030079169828515,True,2.1500000000003183,Optimization terminated successfully
Wine,3,42,10,300,0.0001,50,least_cost,Unweighted k-means,Random 75% immutable,α = 1,1.0,170,1,0,True,,3.0,0.4694752077234837,2.470461029930504,2.560768188852644,1.5607681888526441,True,1.2566999999990003,Optimization terminated successfully
Wine,3,42,10,300,0.0001,50,least_cost,Unweighted k-means,Random 75% immutable,α < 1,0.8911233276631206,170,1,0,True,,3.0,0.6270757721322933,2.855168127750065,2.215728719871466,1.215728719871466,True,1.5879000000040833,Optimization terminated successfully
Wine,3,42,10,300,0.0001,50,least_cost,Unweighted k-means,All features mutable,α = 1,1.0,46,2,1,True,,13.0,0.6597010712537913,2.9285002862044056,2.224760608690013,1.224760608690013,True,1.8934999999942193,Optimization terminated successfully
Wine,3,42,10,300,0.0001,50,least_cost,Unweighted k-means,All features mutable,α < 1,0.9454695850561792,46,2,1,True,,13.0,0.7229226413704345,3.065614838464814,2.1252546165761026,1.1252546165761026,True,2.077299999996285,Optimization terminated successfully
Wine,3,42,10,300,0.0001,50,least_cost,Unweighted k-means,Random 25% immutable,α = 1,1.0,46,2,1,True,,10.0,0.7957171074209279,3.2162590686187054,1.844470779962561,0.844470779962561,True,2.482499999999277,Optimization terminated successfully
Wine,3,42,10,300,0.0001,50,least_cost,Unweighted k-means,Random 25% immutable,α < 1,0.9454695850561792,46,2,1,True,,10.0,0.8719735925047201,3.3668467001871885,1.7619738670877212,0.7619738670877212,True,2.5296999999966374,Optimization terminated successfully
Wine,3,42,10,300,0.0001,50,least_cost,Unweighted k-means,Random 50% immutable,α = 1,1.0,46,2,1,True,,7.0,1.01506503425645,3.632608628153307,1.6511830155119098,0.6511830155119098,True,2.0391999999986865,Optimization terminated successfully
Wine,3,42,10,300,0.0001,50,least_cost,Unweighted k-means,Random 50% immutable,α < 1,0.9454695850561792,46,2,1,True,,7.0,1.112342434631488,3.8026900544495272,1.5773311951831592,0.5773311951831592,True,2.101300000006745,Optimization terminated successfully
Wine,3,42,10,300,0.0001,50,least_cost,Unweighted k-means,Random 75% immutable,α = 1,1.0,46,2,1,False,,,,,,,False,2.0662000000015723,Positive directional derivative for linesearch
Wine,3,42,10,300,0.0001,50,least_cost,Unweighted k-means,Random 75% immutable,α < 1,0.9454695850561792,46,2,1,False,,,,,,,False,4.474399999992329,Positive directional derivative for linesearch
Wine,3,42,10,300,0.0001,50,least_cost,Unweighted k-means,All features mutable,α = 1,1.0,77,0,2,True,,13.0,0.4011861621631018,2.283729429709291,3.149279296490279,2.149279296490279,True,2.8173000000037973,Optimization terminated successfully
Wine,3,42,10,300,0.0001,50,least_cost,Unweighted k-means,All features mutable,α < 1,0.9152029201455798,77,0,2,True,,13.0,0.45654813567760777,2.43621135450291,2.9521666059584,1.9521666059584,True,2.6831999999927802,Optimization terminated successfully
Wine,3,42,10,300,0.0001,50,least_cost,Unweighted k-means,Random 25% immutable,α = 1,1.0,77,0,2,True,,10.0,0.4807339133716405,2.4999081730798287,2.6281633820740913,1.6281633820740913,True,2.306599999997161,Optimization terminated successfully
Wine,3,42,10,300,0.0001,50,least_cost,Unweighted k-means,Random 25% immutable,α < 1,0.9152029201455798,77,0,2,True,,10.0,0.547073136130737,2.6668240980048874,2.4636672308434573,1.4636672308434573,True,2.4284999999935053,Optimization terminated successfully
Wine,3,42,10,300,0.0001,50,least_cost,Unweighted k-means,Random 50% immutable,α = 1,1.0,77,0,2,True,,7.0,1.317540675300267,4.138602273582649,1.3646901311816566,0.3646901311816566,True,2.0475000000033106,Optimization terminated successfully
Wine,3,42,10,300,0.0001,50,least_cost,Unweighted k-means,Random 50% immutable,α < 1,0.9152029201455798,77,0,2,True,,7.0,1.4993556501163774,4.41493187393791,1.2792744850621172,0.27927448506211716,True,2.244299999986765,Optimization terminated successfully
Wine,3,42,10,300,0.0001,50,least_cost,Unweighted k-means,Random 75% immutable,α = 1,1.0,77,0,2,False,,,,,,,False,8.928900000000795,Positive directional derivative for linesearch
Wine,3,42,10,300,0.0001,50,least_cost,Unweighted k-means,Random 75% immutable,α < 1,0.9152029201455798,77,0,2,False,,,,,,,False,19.94849999999815,Positive directional derivative for linesearch
Wine,3,42,10,300,0.0001,50,least_cost,Unweighted k-means,All features mutable,α = 1,1.0,60,0,1,True,,12.0,0.025678579428559743,0.5777729074396589,2.1391817741766785,1.1391817741766785,True,1.8424999999950842,Optimization terminated successfully
Wine,3,42,10,300,0.0001,50,least_cost,Unweighted k-means,All features mutable,α < 1,0.9454695850561792,60,0,1,True,,12.0,0.03647392750750244,0.6885935358377477,1.794906874680145,0.7949068746801451,True,2.042799999998124,Optimization terminated successfully
Wine,3,42,10,300,0.0001,50,least_cost,Unweighted k-means,Random 25% immutable,α = 1,1.0,60,0,1,True,,9.0,0.04074314492863303,0.7277780458850277,1.5312016774205568,0.5312016774205568,True,1.733200000003876,Optimization terminated successfully
Wine,3,42,10,300,0.0001,50,least_cost,Unweighted k-means,Random 25% immutable,α < 1,0.9454695850561792,60,0,1,True,,9.0,0.057871679338376024,0.8673706424585098,1.2847736716382123,0.2847736716382123,True,1.6405000000077052,Optimization terminated successfully
Wine,3,42,10,300,0.0001,50,least_cost,Unweighted k-means,Random 50% immutable,α = 1,1.0,60,0,1,True,,6.0,0.10759747304984715,1.1826948675157143,1.0,0.0,False,2.006699999995476,Optimization terminated successfully
Wine,3,42,10,300,0.0001,50,least_cost,Unweighted k-means,Random 50% immutable,α < 1,0.9454695850561792,60,0,1,True,,6.0,0.15641213004596316,1.4259585164364077,1.0,0.0,False,2.0078999999952885,Optimization terminated successfully
Wine,3,42,10,300,0.0001,50,least_cost,Unweighted k-means,Random 75% immutable,α = 1,1.0,60,0,1,True,,3.0,0.08761390909723663,1.0672304429054094,4.091702359110097,3.091702359110097,True,1.865299999991521,Optimization terminated successfully
Wine,3,42,10,300,0.0001,50,least_cost,Unweighted k-means,Random 75% immutable,α < 1,0.9454695850561792,60,0,1,True,,3.0,0.12444704653355335,1.2719322328395462,3.4331933984833176,2.4331933984833176,True,1.7246999999969148,Optimization terminated successfully
Wine,3,42,10,300,0.0001,50,least_cost,Unweighted k-means,All features mutable,α = 1,1.0,176,1,0,True,,13.0,0.5325018912280985,2.6310690956273426,1.9814869484136777,0.9814869484136777,True,2.926899999991406,Optimization terminated successfully
Wine,3,42,10,300,0.0001,50,least_cost,Unweighted k-means,All features mutable,α < 1,0.8911233276631206,176,1,0,True,,13.0,0.6236501509196227,2.847358769448468,1.8309702193149104,0.8309702193149104,True,2.6269000000098686,Optimization terminated successfully
Wine,3,42,10,300,0.0001,50,least_cost,Unweighted k-means,Random 25% immutable,α = 1,1.0,176,1,0,True,,10.0,0.6051565299338488,2.8048235040979024,2.5006380035589255,1.5006380035589255,True,2.8526999999911595,Optimization terminated successfully
Wine,3,42,10,300,0.0001,50,least_cost,Unweighted k-means,Random 25% immutable,α < 1,0.8911233276631206,176,1,0,True,,10.0,0.7087410719853694,3.035396833333296,2.310685764602438,1.3106857646024381,True,2.5530000000060227,Optimization terminated successfully
Wine,3,42,10,300,0.0001,50,least_cost,Unweighted k-means,Random 50% immutable,α = 1,1.0,176,1,0,True,,7.0,1.24980233939944,4.0308101434069945,1.0,0.0,False,1.9661000000041895,Optimization terminated successfully
Wine,3,42,10,300,0.0001,50,least_cost,Unweighted k-means,Random 50% immutable,α < 1,0.8911233276631206,176,1,0,True,,7.0,1.47432435336137,4.377923776597511,1.0,0.0,False,2.158100000002605,Optimization terminated successfully
Wine,3,42,10,300,0.0001,50,least_cost,Unweighted k-means,Random 75% immutable,α = 1,1.0,176,1,0,True,,3.0,2.668040210897697,5.8893567341153705,1.0000000000000024,2.4424906541753444e-15,True,1.6243000000031316,Optimization terminated successfully
Wine,3,42,10,300,0.0001,50,least_cost,Unweighted k-means,Random 75% immutable,α < 1,0.8911233276631206,176,1,0,False,,,,,,,False,2.824600000010946,Positive directional derivative for linesearch
Wine,3,42,10,300,0.0001,50,least_cost,Unweighted k-means,All features mutable,α = 1,1.0,132,1,0,True,,13.0,0.176683670855753,1.5155486534997116,2.7189905003880135,1.7189905003880135,True,2.9239999999930433,Optimization terminated successfully
Wine,3,42,10,300,0.0001,50,least_cost,Unweighted k-means,All features mutable,α < 1,0.8911233276631206,132,1,0,True,,13.0,0.23071261476749405,1.7318383273208335,2.3794151694662067,1.3794151694662067,True,2.871299999995358,Optimization terminated successfully
Wine,3,42,10,300,0.0001,50,least_cost,Unweighted k-means,Random 25% immutable,α = 1,1.0,132,1,0,True,,10.0,0.20687650898354515,1.6399373819710577,2.3221641719688875,1.3221641719688875,True,2.2471000000052754,Optimization terminated successfully
Wine,3,42,10,300,0.0001,50,least_cost,Unweighted k-means,Random 25% immutable,α < 1,0.8911233276631206,132,1,0,True,,10.0,0.270138265128821,1.8739790411513872,2.0321485840439255,1.0321485840439255,True,2.3710999999906335,Optimization terminated successfully
Wine,3,42,10,300,0.0001,50,least_cost,Unweighted k-means,Random 50% immutable,α = 1,1.0,132,1,0,True,,7.0,0.3699519385452341,2.1930287734291225,1.3942242752689495,0.39422427526894954,True,2.0097999999961758,Optimization terminated successfully
Wine,3,42,10,300,0.0001,50,least_cost,Unweighted k-means,Random 50% immutable,α < 1,0.8911233276631206,132,1,0,True,,7.0,0.48308130947628625,2.5060041945678626,1.2200992973538989,0.22009929735389888,True,2.0779000000032966,Optimization terminated successfully
Wine,3,42,10,300,0.0001,50,least_cost,Unweighted k-means,Random 75% immutable,α = 1,1.0,132,1,0,True,,3.0,0.5129072559856429,2.5822072588801537,1.0056320552813636,0.005632055281363568,True,1.7201000000000022,Optimization terminated successfully
Wine,3,42,10,300,0.0001,50,least_cost,Unweighted k-means,Random 75% immutable,α < 1,0.8911233276631206,132,1,0,True,,3.0,0.6737760048300481,2.9595756558653177,1.0,0.0,False,1.5953000000052953,Optimization terminated successfully
Wine,3,42,10,300,0.0001,50,least_cost,Unweighted k-means,All features mutable,α = 1,1.0,172,1,0,True,,13.0,0.5481413213528648,2.669426376131629,1.8685602950635454,0.8685602950635454,True,2.727399999997715,Optimization terminated successfully
Wine,3,42,10,300,0.0001,50,least_cost,Unweighted k-means,All features mutable,α < 1,0.8911233276631206,172,1,0,True,,13.0,0.6405659323811477,2.885716049952753,1.7285082983761704,0.7285082983761704,True,2.6842999999985295,Optimization terminated successfully
Wine,3,42,10,300,0.0001,50,least_cost,Unweighted k-means,Random 25% immutable,α = 1,1.0,172,1,0,True,,10.0,0.6380826941930922,2.8801171893709805,1.6051761216146097,0.6051761216146097,True,3.440799999992805,Optimization terminated successfully
Wine,3,42,10,300,0.0001,50,least_cost,Unweighted k-means,Random 25% immutable,α < 1,0.8911233276631206,172,1,0,True,,10.0,0.7456727307718338,3.113478039112182,1.484865252116608,0.4848652521166079,True,2.232000000006451,Optimization terminated successfully
Wine,3,42,10,300,0.0001,50,least_cost,Unweighted k-means,Random 50% immutable,α = 1,1.0,172,1,0,True,,7.0,1.2182607148735352,3.979621752548345,1.0000000000000009,8.881784197001252e-16,True,2.033999999994762,Optimization terminated successfully
Wine,3,42,10,300,0.0001,50,least_cost,Unweighted k-means,Random 50% immutable,α < 1,0.8911233276631206,172,1,0,True,,7.0,1.4332719778119014,4.3165421012142025,1.0000000000000007,6.661338147750939e-16,True,2.1294999999952324,Optimization terminated successfully
Wine,3,42,10,300,0.0001,50,least_cost,Unweighted k-means,Random 75% immutable,α = 1,1.0,172,1,0,True,,3.0,1.7694281424338414,4.796099024378035,1.000000000000002,1.9984014443252818e-15,True,1.5543000000093343,Optimization terminated successfully
Wine,3,42,10,300,0.0001,50,least_cost,Unweighted k-means,Random 75% immutable,α < 1,0.8911233276631206,172,1,0,True,,3.0,2.346398874361747,5.5229688906151475,1.0,0.0,False,1.592500000000996,Optimization terminated successfully
Wine,3,42,10,300,0.0001,50,least_cost,Unweighted k-means,All features mutable,α = 1,1.0,113,0,1,True,,13.0,0.35381260159917477,2.1446593717393148,1.7408806596358088,0.7408806596358088,True,2.5818000000015218,Optimization terminated successfully
Wine,3,42,10,300,0.0001,50,least_cost,Unweighted k-means,All features mutable,α < 1,0.9454695850561792,113,0,1,True,,13.0,0.39045776927018333,2.2529871283503557,1.6571759248768778,0.6571759248768778,True,2.582799999998997,Optimization terminated successfully
Wine,3,42,10,300,0.0001,50,least_cost,Unweighted k-means,Random 25% immutable,α = 1,1.0,113,0,1,True,,10.0,0.5226505860003124,2.6066180422156333,1.1785034466728783,0.17850344667287832,True,2.499000000000251,Optimization terminated successfully
Wine,3,42,10,300,0.0001,50,least_cost,Unweighted k-means,Random 25% immutable,α < 1,0.9454695850561792,113,0,1,True,,10.0,0.5767826838135767,2.738279549201742,1.1218388191666024,0.12183881916660244,True,2.426700000000892,Optimization terminated successfully
Wine,3,42,10,300,0.0001,50,least_cost,Unweighted k-means,Random 50% immutable,α = 1,1.0,113,0,1,True,,7.0,0.5453408539451976,2.6625985617977728,2.009981278266119,1.0099812782661188,True,1.4895999999993137,Optimization terminated successfully
Wine,3,42,10,300,0.0001,50,least_cost,Unweighted k-means,Random 50% immutable,α < 1,0.9454695850561792,113,0,1,True,,7.0,0.6018230333818184,2.7970876700532,1.9133377906301112,0.9133377906301112,True,2.163699999996993,Optimization terminated successfully
Wine,3,42,10,300,0.0001,50,least_cost,Unweighted k-means,Random 75% immutable,α = 1,1.0,113,0,1,True,,3.0,1.1656762261008238,3.892787040066629,1.3088926107643408,0.3088926107643408,True,1.6588999999953558,Optimization terminated successfully
Wine,3,42,10,300,0.0001,50,least_cost,Unweighted k-means,Random 75% immutable,α < 1,0.9454695850561792,113,0,1,True,,3.0,1.2864079370757888,4.089413549885271,1.245958641028758,0.24595864102875797,True,1.734700000000089,Optimization terminated successfully
Wine,3,42,10,300,0.0001,50,least_cost,Unweighted k-means,All features mutable,α = 1,1.0,73,2,1,True,,12.0,0.7195591921214138,3.058475028110967,1.9254582453551807,0.9254582453551807,True,2.857899999995084,Optimization terminated successfully
Wine,3,42,10,300,0.0001,50,least_cost,Unweighted k-means,All features mutable,α < 1,0.9454695850561792,73,2,1,True,,12.0,0.7870132421053984,3.198620350615274,1.8384330124804318,0.8384330124804318,True,2.86540000000457,Optimization terminated successfully
Wine,3,42,10,300,0.0001,50,least_cost,Unweighted k-means,Random 25% immutable,α = 1,1.0,73,2,1,True,,9.0,1.226242718933237,3.992637642728436,1.1489607631089216,0.1489607631089216,True,2.511999999995851,Optimization terminated successfully
Wine,3,42,10,300,0.0001,50,least_cost,Unweighted k-means,Random 25% immutable,α < 1,0.9454695850561792,73,2,1,True,,9.0,1.3400929596111562,4.173872120099636,1.098091711836157,0.09809171183615706,True,2.3139000000043097,Optimization terminated successfully
Wine,3,42,10,300,0.0001,50,least_cost,Unweighted k-means,Random 50% immutable,α = 1,1.0,73,2,1,True,,6.0,2.15002122634803,5.286802052519499,1.072633605705571,0.07263360570557098,True,2.170300000003067,Optimization terminated successfully
Wine,3,42,10,300,0.0001,50,least_cost,Unweighted k-means,Random 50% immutable,α < 1,0.9454695850561792,73,2,1,True,,6.0,2.352633334627722,5.530301379686318,1.0250156179726475,0.025015617972647508,True,2.2794000000061487,Optimization terminated successfully
Wine,3,42,10,300,0.0001,50,least_cost,Unweighted k-means,Random 75% immutable,α = 1,1.0,73,2,1,True,,3.0,2.2190399390888174,5.370988662076529,1.0000000000000002,2.220446049250313e-16,True,1.6729000000026417,Optimization terminated successfully
Wine,3,42,10,300,0.0001,50,least_cost,Unweighted k-means,Random 75% immutable,α < 1,0.9454695850561792,73,2,1,False,,,,,,,False,5.557999999993513,Positive directional derivative for linesearch
Wine,3,42,10,300,0.0001,50,least_cost,Unweighted k-means,All features mutable,α = 1,1.0,148,1,2,True,,13.0,0.5505198716232851,2.6752118292020737,3.0503254770952517,2.0503254770952517,True,3.2132999999987533,Optimization terminated successfully
Wine,3,42,10,300,0.0001,50,least_cost,Unweighted k-means,All features mutable,α < 1,0.9152029201455798,148,1,2,True,,13.0,0.6417716864156175,2.888430702544728,2.825155822489721,1.8251558224897209,True,2.8068999999959487,Optimization terminated successfully
Wine,3,42,10,300,0.0001,50,least_cost,Unweighted k-means,Random 25% immutable,α = 1,1.0,148,1,2,True,,10.0,0.831146051964798,3.2870805702845756,2.020420796561106,1.020420796561106,True,2.5941000000102576,Optimization terminated successfully
Wine,3,42,10,300,0.0001,50,least_cost,Unweighted k-means,Random 25% immutable,α < 1,0.9152029201455798,148,1,2,True,,10.0,0.9689132598507465,3.5490664093617217,1.871276888501429,0.871276888501429,True,2.349399999999946,Optimization terminated successfully
Wine,3,42,10,300,0.0001,50,least_cost,Unweighted k-means,Random 50% immutable,α = 1,1.0,148,1,2,True,,7.0,1.2643862429871184,4.054259631404054,1.6186797702901583,0.6186797702901583,True,1.9812000000030139,Optimization terminated successfully
Wine,3,42,10,300,0.0001,50,least_cost,Unweighted k-means,Random 50% immutable,α < 1,0.9152029201455798,148,1,2,True,,7.0,1.4739654883844335,4.377390929423329,1.4991916740572924,0.49919167405729237,True,2.089699999999084,Optimization terminated successfully
Wine,3,42,10,300,0.0001,50,least_cost,Unweighted k-means,Random 75% immutable,α = 1,1.0,148,1,2,False,,,,,,,False,1.5652000000017097,Positive directional derivative for linesearch
Wine,3,42,10,300,0.0001,50,least_cost,Unweighted k-means,Random 75% immutable,α < 1,0.9152029201455798,148,1,2,False,,,,,,,False,1.950799999988817,Positive directional derivative for linesearch
Wine,3,42,10,300,0.0001,50,least_cost,Unweighted k-means,All features mutable,α = 1,1.0,169,1,2,True,,13.0,0.3710294444955005,2.1962201115647555,2.005285480623489,1.0052854806234892,True,2.6749999999964302,Optimization terminated successfully
Wine,3,42,10,300,0.0001,50,least_cost,Unweighted k-means,All features mutable,α < 1,0.9152029201455798,169,1,2,True,,13.0,0.4465689401532037,2.4094389849074096,1.8278314509812026,0.8278314509812026,True,2.563800000004335,Optimization terminated successfully
Wine,3,42,10,300,0.0001,50,least_cost,Unweighted k-means,Random 25% immutable,α = 1,1.0,169,1,2,True,,10.0,0.5057030912117231,2.5640086165519023,1.4712584946169014,0.4712584946169014,True,2.804499999996324,Optimization terminated successfully
Wine,3,42,10,300,0.0001,50,least_cost,Unweighted k-means,Random 25% immutable,α < 1,0.9152029201455798,169,1,2,True,,10.0,0.6086613793729698,2.812934043280895,1.3410621756877423,0.34106217568774233,True,2.8057999999901995,Optimization terminated successfully
Wine,3,42,10,300,0.0001,50,least_cost,Unweighted k-means,Random 50% immutable,α = 1,1.0,169,1,2,True,,7.0,0.7733714931311195,3.170777414247893,1.0000000000000004,4.440892098500626e-16,True,1.9632999999998901,Optimization terminated successfully
Wine,3,42,10,300,0.0001,50,least_cost,Unweighted k-means,Random 50% immutable,α < 1,0.9152029201455798,169,1,2,True,,7.0,0.9328416415890437,3.482375818411558,1.0,0.0,False,2.1619000000043798,Optimization terminated successfully
Wine,3,42,10,300,0.0001,50,least_cost,Unweighted k-means,Random 75% immutable,α = 1,1.0,169,1,2,True,,3.0,1.1418436826948501,3.8527870269498483,1.0551558257062863,0.0551558257062863,True,1.6969999999929541,Optimization terminated successfully
Wine,3,42,10,300,0.0001,50,least_cost,Unweighted k-means,Random 75% immutable,α < 1,0.9152029201455798,169,1,2,True,,3.0,1.376511020348493,4.230206054618428,1.0,0.0,False,1.5855000000044583,Optimization terminated successfully
Wine,3,42,10,300,0.0001,50,least_cost,Unweighted k-means,All features mutable,α = 1,1.0,27,2,0,True,,13.0,0.021083067746635268,0.5235263896942144,7.39445055651776,6.39445055651776,True,1.8195999999903734,Optimization terminated successfully
Wine,3,42,10,300,0.0001,50,least_cost,Unweighted k-means,All features mutable,α < 1,0.8911233276631206,27,2,0,True,,13.0,0.03980032815677029,0.7193081857159792,5.381823928678763,4.381823928678763,True,1.9473999999917169,Optimization terminated successfully
Wine,3,42,10,300,0.0001,50,least_cost,Unweighted k-means,Random 25% immutable,α = 1,1.0,27,2,0,True,,10.0,0.031038528369980875,0.6352171823949281,5.022715652883398,4.022715652883398,True,1.760300000000825,Optimization terminated successfully
Wine,3,42,10,300,0.0001,50,least_cost,Unweighted k-means,Random 25% immutable,α < 1,0.8911233276631206,27,2,0,True,,10.0,0.058594111135729585,0.8727676923239566,3.655629457393012,2.655629457393012,True,1.7445000000009259,Optimization terminated successfully
Wine,3,42,10,300,0.0001,50,least_cost,Unweighted k-means,Random 50% immutable,α = 1,1.0,27,2,0,True,,7.0,0.02776652615866816,0.6008034953815483,8.304104650375054,7.304104650375054,True,1.5236999999928003,Optimization terminated successfully
Wine,3,42,10,300,0.0001,50,least_cost,Unweighted k-means,Random 50% immutable,α < 1,0.8911233276631206,27,2,0,True,,7.0,0.05241726992339203,0.8254844086983693,6.043887743156549,5.043887743156549,True,1.3913999999886073,Optimization terminated successfully
Wine,3,42,10,300,0.0001,50,least_cost,Unweighted k-means,Random 75% immutable,α = 1,1.0,27,2,0,True,,3.0,0.12741209493978267,1.286995428980684,1.7913641749204312,0.7913641749204312,True,1.5508000000039601,Optimization terminated successfully
Wine,3,42,10,300,0.0001,50,least_cost,Unweighted k-means,Random 75% immutable,α < 1,0.8911233276631206,27,2,0,True,,3.0,0.24052681757161415,1.768289746741462,1.3037894468169733,0.3037894468169733,True,1.6930999999971164,Optimization terminated successfully
Wine,3,42,10,300,0.0001,50,least_cost,Unweighted k-means,All features mutable,α = 1,1.0,123,0,1,True,,12.0,0.07042662521908653,0.956841746501544,2.6541190799905356,1.6541190799905356,True,2.916499999997768,Optimization terminated successfully
Wine,3,42,10,300,0.0001,50,least_cost,Unweighted k-means,All features mutable,α < 1,0.9454695850561792,123,0,1,True,,12.0,0.08825408885710918,1.0711223810295532,2.370944701445886,1.370944701445886,True,2.959900000007565,Optimization terminated successfully
Wine,3,42,10,300,0.0001,50,least_cost,Unweighted k-means,Random 25% immutable,α = 1,1.0,123,0,1,True,,9.0,0.0861093900902475,1.058027443487747,2.1707348040520835,1.1707348040520835,True,2.2636000000062495,Optimization terminated successfully
Wine,3,42,10,300,0.0001,50,least_cost,Unweighted k-means,Random 25% immutable,α < 1,0.9454695850561792,123,0,1,True,,9.0,0.10790671483711275,1.1843932171717573,1.9391338645935652,0.9391338645935652,True,2.2634000000039123,Optimization terminated successfully
Wine,3,42,10,300,0.0001,50,least_cost,Unweighted k-means,Random 50% immutable,α = 1,1.0,123,0,1,True,,6.0,0.13633698142964,1.331307912762979,1.3710194205000785,0.3710194205000785,True,2.024700000006874,Optimization terminated successfully
Wine,3,42,10,300,0.0001,50,least_cost,Unweighted k-means,Random 50% immutable,α < 1,0.9454695850561792,123,0,1,True,,6.0,0.17084868167643766,1.490313007993183,1.224742048723494,0.2247420487234939,True,2.004200000001788,Optimization terminated successfully
Wine,3,42,10,300,0.0001,50,least_cost,Unweighted k-means,Random 75% immutable,α = 1,1.0,123,0,1,True,,3.0,0.27670736269436313,1.8966274581547955,1.6564877730562308,0.6564877730562308,True,1.5366000000085478,Optimization terminated successfully
Wine,3,42,10,300,0.0001,50,least_cost,Unweighted k-means,Random 75% immutable,α < 1,0.9454695850561792,123,0,1,True,,3.0,0.34675175899279526,2.1231516354010935,1.4797530888956674,0.47975308889566737,True,1.7124000000023898,Optimization terminated successfully
Wine,3,42,10,300,0.0001,50,least_cost,Unweighted k-means,All features mutable,α = 1,1.0,89,0,2,True,,13.0,0.5714379017181037,2.7255628267085217,2.359228872818492,1.359228872818492,True,2.5558999999901744,Optimization terminated successfully
Wine,3,42,10,300,0.0001,50,least_cost,Unweighted k-means,All features mutable,α < 1,0.9152029201455798,89,0,2,True,,13.0,0.6371647378191537,2.878044751502137,2.234234376006894,1.234234376006894,True,2.5420999999994365,Optimization terminated successfully
Wine,3,42,10,300,0.0001,50,least_cost,Unweighted k-means,Random 25% immutable,α = 1,1.0,89,0,2,True,,10.0,0.7743856603852346,3.172855746013053,1.7409320268112234,0.7409320268112234,True,2.2134999999963156,Optimization terminated successfully
Wine,3,42,10,300,0.0001,50,least_cost,Unweighted k-means,Random 25% immutable,α < 1,0.9152029201455798,89,0,2,True,,10.0,0.863455564964739,3.350361524453982,1.6486955688911873,0.6486955688911873,True,2.2358000000082257,Optimization terminated successfully
Wine,3,42,10,300,0.0001,50,least_cost,Unweighted k-means,Random 50% immutable,α = 1,1.0,89,0,2,True,,7.0,1.1157882742547867,3.8085755296845862,1.2082514635985186,0.20825146359851865,True,1.9405000000034534,Optimization terminated successfully
Wine,3,42,10,300,0.0001,50,least_cost,Unweighted k-means,Random 50% immutable,α < 1,0.9152029201455798,89,0,2,True,,7.0,1.2441263365445314,4.021646724300744,1.1442369926595715,0.14423699265957146,True,1.9922000000036633,Optimization terminated successfully
Wine,3,42,10,300,0.0001,50,least_cost,Unweighted k-means,Random 75% immutable,α = 1,1.0,89,0,2,False,,,,,,,False,19.659300000000712,Positive directional derivative for linesearch
Wine,3,42,10,300,0.0001,50,least_cost,Unweighted k-means,Random 75% immutable,α < 1,0.9152029201455798,89,0,2,False,,,,,,,False,31.29690000000096,Positive directional derivative for linesearch
Wine,3,42,10,300,0.0001,50,least_cost,Unweighted k-means,All features mutable,α = 1,1.0,128,0,2,True,,13.0,0.42205950354582233,2.342386293098491,2.6489262472356554,1.6489262472356554,True,2.880300000001057,Optimization terminated successfully
Wine,3,42,10,300,0.0001,50,least_cost,Unweighted k-means,All features mutable,α < 1,0.9152029201455798,128,0,2,True,,13.0,0.47879749420370343,2.494868217892108,2.4870285679611537,1.4870285679611537,True,2.6431999999942946,Optimization terminated successfully
Wine,3,42,10,300,0.0001,50,least_cost,Unweighted k-means,Random 25% immutable,α = 1,1.0,128,0,2,True,,10.0,0.6188506475735123,2.836381218816621,2.37442923268703,1.3744292326870302,True,2.596699999998009,Optimization terminated successfully
Wine,3,42,10,300,0.0001,50,least_cost,Unweighted k-means,Random 25% immutable,α < 1,0.9152029201455798,128,0,2,True,,10.0,0.7020435195872029,3.021020647833053,2.22930832546769,1.2293083254676902,True,2.2498000000013008,Optimization terminated successfully
Wine,3,42,10,300,0.0001,50,least_cost,Unweighted k-means,Random 50% immutable,α = 1,1.0,128,0,2,True,,7.0,0.7097045303297195,3.0374592827371942,1.575309798111959,0.575309798111959,True,3.337099999995985,Optimization terminated successfully
Wine,3,42,10,300,0.0001,50,least_cost,Unweighted k-means,Random 50% immutable,α < 1,0.9152029201455798,128,0,2,True,,7.0,0.8051110042354341,3.2351882565100665,1.4790296505106058,0.47902965051060575,True,2.022099999990701,Optimization terminated successfully
Wine,3,42,10,300,0.0001,50,least_cost,Unweighted k-means,Random 75% immutable,α = 1,1.0,128,0,2,True,,3.0,1.2020056572247224,3.952982866636458,1.2224710289789422,0.22247102897894222,True,1.5485999999924616,Optimization terminated successfully
Wine,3,42,10,300,0.0001,50,least_cost,Unweighted k-means,Random 75% immutable,α < 1,0.9152029201455798,128,0,2,True,,3.0,1.3635927916865134,4.210309524479723,1.1477557652536243,0.14775576525362433,True,1.621299999996495,Optimization terminated successfully
Wine,3,42,10,300,0.0001,50,least_cost,Unweighted k-means,All features mutable,α = 1,1.0,168,1,2,True,,13.0,0.3109485027480741,2.010554783069828,3.5149599619788976,2.5149599619788976,True,3.002800000004413,Optimization terminated successfully
Wine,3,42,10,300,0.0001,50,least_cost,Unweighted k-means,All features mutable,α < 1,0.9152029201455798,168,1,2,True,,13.0,0.38039763653493364,2.2237736564124813,3.177940118631687,2.177940118631687,True,2.730100000007951,Optimization terminated successfully
Wine,3,42,10,300,0.0001,50,least_cost,Unweighted k-means,Random 25% immutable,α = 1,1.0,168,1,2,True,,10.0,0.46454918008807466,2.4574660406900786,2.3527574397409614,1.3527574397409614,True,2.5117000000136613,Optimization terminated successfully
Wine,3,42,10,300,0.0001,50,least_cost,Unweighted k-means,Random 25% immutable,α < 1,0.9152029201455798,168,1,2,True,,10.0,0.5683044253244569,2.718079750341763,2.1271713759109865,1.1271713759109865,True,2.491399999996702,Optimization terminated successfully
Wine,3,42,10,300,0.0001,50,least_cost,Unweighted k-means,Random 50% immutable,α = 1,1.0,168,1,2,True,,7.0,0.7038546591463948,3.0249149688715438,1.5528369341297252,0.5528369341297252,True,2.321600000001922,Optimization terminated successfully
Wine,3,42,10,300,0.0001,50,least_cost,Unweighted k-means,Random 50% immutable,α < 1,0.9152029201455798,168,1,2,True,,7.0,0.8610578486056024,3.3457065071331096,1.4039485185203884,0.4039485185203884,True,1.9963999999959015,Optimization terminated successfully
Wine,3,42,10,300,0.0001,50,least_cost,Unweighted k-means,Random 75% immutable,α = 1,1.0,168,1,2,False,,,,,,,False,9.040599999991628,Positive directional derivative for linesearch
Wine,3,42,10,300,0.0001,50,least_cost,Unweighted k-means,Random 75% immutable,α < 1,0.9152029201455798,168,1,2,False,,,,,,,False,1.2234000000006517,Positive directional derivative for linesearch
Wine,3,42,10,300,0.0001,50,least_cost,Unweighted k-means,All features mutable,α = 1,1.0,94,0,1,True,,13.0,0.6680011307578886,2.946865232726558,2.0588296612342676,1.0588296612342676,True,2.651900000003593,Optimization terminated successfully
Wine,3,42,10,300,0.0001,50,least_cost,Unweighted k-means,All features mutable,α < 1,0.9454695850561792,94,0,1,True,,13.0,0.7180157078536618,3.055192989337597,1.9858298917735835,0.9858298917735835,True,2.703499999995529,Optimization terminated successfully
Wine,3,42,10,300,0.0001,50,least_cost,Unweighted k-means,Random 25% immutable,α = 1,1.0,94,0,1,True,,10.0,0.7551275152856323,3.1331545922142463,1.8212825335321772,0.8212825335321772,True,2.4922000000060507,Optimization terminated successfully
Wine,3,42,10,300,0.0001,50,least_cost,Unweighted k-means,Random 25% immutable,α < 1,0.9454695850561792,94,0,1,True,,10.0,0.8116654185786172,3.2483304083054763,1.7567054502955657,0.7567054502955657,True,2.3910000000029186,Optimization terminated successfully
Wine,3,42,10,300,0.0001,50,least_cost,Unweighted k-means,Random 50% immutable,α = 1,1.0,94,0,1,True,,7.0,1.8098344350226043,4.850551273339336,1.0000000000000009,8.881784197001252e-16,True,2.085699999994972,Optimization terminated successfully
Wine,3,42,10,300,0.0001,50,least_cost,Unweighted k-means,Random 50% immutable,α < 1,0.9454695850561792,94,0,1,True,,7.0,1.9812371724141606,5.075045146733583,1.0,0.0,False,2.0611999999999853,Optimization terminated successfully
Wine,3,42,10,300,0.0001,50,least_cost,Unweighted k-means,Random 75% immutable,α = 1,1.0,94,0,1,False,,,,,,,False,2.426600000006829,Positive directional derivative for linesearch
Wine,3,42,10,300,0.0001,50,least_cost,Unweighted k-means,Random 75% immutable,α < 1,0.9454695850561792,94,0,1,False,,,,,,,False,9.204199999999219,Positive directional derivative for linesearch
Wine,3,42,10,300,0.0001,50,least_cost,Unweighted k-means,All features mutable,α = 1,1.0,144,1,0,True,,13.0,0.24438746783957271,1.7824244954315585,3.079096373577008,2.079096373577008,True,2.177599999996005,Optimization terminated successfully
Wine,3,42,10,300,0.0001,50,least_cost,Unweighted k-means,All features mutable,α < 1,0.8911233276631206,144,1,0,True,,13.0,0.3072967946452491,1.9987141692568848,2.7458937780146857,1.7458937780146857,True,1.7869000000132473,Optimization terminated successfully
Wine,3,42,10,300,0.0001,50,least_cost,Unweighted k-means,Random 25% immutable,α = 1,1.0,144,1,0,True,,10.0,0.31004859628408427,2.007643332789242,2.4270148329877683,1.4270148329877683,True,2.3062000000066973,Optimization terminated successfully
Wine,3,42,10,300,0.0001,50,least_cost,Unweighted k-means,Random 25% immutable,α < 1,0.8911233276631206,144,1,0,True,,10.0,0.38986017026413966,2.2512623599735804,2.1643768494892663,1.1643768494892663,True,2.440599999999904,Optimization terminated successfully
Wine,3,42,10,300,0.0001,50,least_cost,Unweighted k-means,Random 50% immutable,α = 1,1.0,144,1,0,True,,7.0,0.4240963356287436,2.348031593308247,2.088775807891361,1.088775807891361,True,1.9516000000123768,Optimization terminated successfully
Wine,3,42,10,300,0.0001,50,least_cost,Unweighted k-means,Random 50% immutable,α < 1,0.8911233276631206,144,1,0,True,,7.0,0.5332656609260297,2.632955296247619,1.8627401760389057,0.8627401760389057,True,2.083999999996422,Optimization terminated successfully
Wine,3,42,10,300,0.0001,50,least_cost,Unweighted k-means,Random 75% immutable,α = 1,1.0,144,1,0,True,,3.0,0.6232055833324114,2.8463437219213965,1.2074547287097968,0.20745472870979675,True,1.5373000000096226,Optimization terminated successfully
Wine,3,42,10,300,0.0001,50,least_cost,Unweighted k-means,Random 75% immutable,α < 1,0.8911233276631206,144,1,0,True,,3.0,0.7836288818573465,3.1917354940761467,1.0767907349903345,0.07679073499033451,True,1.7054000000058522,Optimization terminated successfully
Wine,3,42,10,300,0.0001,50,least_cost,Unweighted k-means,All features mutable,α = 1,1.0,157,1,2,True,,13.0,0.7242267471760035,3.068378678274252,2.5365551939754725,1.5365551939754725,True,2.913300000003005,Optimization terminated successfully
Wine,3,42,10,300,0.0001,50,least_cost,Unweighted k-means,All features mutable,α < 1,0.9152029201455798,157,1,2,True,,13.0,0.8283755762136986,3.2815975516169074,2.3717447837477734,1.3717447837477734,True,3.764500000002613,Optimization terminated successfully
Wine,3,42,10,300,0.0001,50,least_cost,Unweighted k-means,Random 25% immutable,α = 1,1.0,157,1,2,True,,10.0,1.0472500904698459,3.6897494733528986,1.8844477475040824,0.8844477475040824,True,2.470899999991616,Optimization terminated successfully
Wine,3,42,10,300,0.0001,50,least_cost,Unweighted k-means,Random 25% immutable,α < 1,0.9152029201455798,157,1,2,True,,10.0,1.1978519165655435,3.946146844119218,1.7620074257961085,0.7620074257961085,True,2.291200000001936,Optimization terminated successfully
Wine,3,42,10,300,0.0001,50,least_cost,Unweighted k-means,Random 50% immutable,α = 1,1.0,157,1,2,True,,7.0,1.9267725467109216,5.004802004799189,1.0,0.0,False,2.7828999999996995,Optimization terminated successfully
Wine,3,42,10,300,0.0001,50,least_cost,Unweighted k-means,Random 50% immutable,α < 1,0.9152029201455798,157,1,2,True,,7.0,2.2575922529738097,5.417443981127956,1.0000000000000009,8.881784197001252e-16,True,2.0761999999905356,Optimization terminated successfully
Wine,3,42,10,300,0.0001,50,least_cost,Unweighted k-means,Random 75% immutable,α = 1,1.0,157,1,2,False,,,,,,,False,1.1820999999940796,Positive directional derivative for linesearch
Wine,3,42,10,300,0.0001,50,least_cost,Unweighted k-means,Random 75% immutable,α < 1,0.9152029201455798,157,1,2,False,,,,,,,False,5.797599999993963,Positive directional derivative for linesearch
Wine,3,42,10,300,0.0001,50,least_cost,Unweighted k-means,All features mutable,α = 1,1.0,57,2,1,True,,13.0,0.46182579554696923,2.4502520976647686,2.1969302968028455,1.1969302968028455,True,2.640200000001869,Optimization terminated successfully
Wine,3,42,10,300,0.0001,50,least_cost,Unweighted k-means,All features mutable,α < 1,0.9454695850561792,57,2,1,True,,13.0,0.514958937011157,2.5873666499251784,2.0805064665926105,1.0805064665926105,True,2.7919999999994616,Optimization terminated successfully
Wine,3,42,10,300,0.0001,50,least_cost,Unweighted k-means,Random 25% immutable,α = 1,1.0,57,2,1,True,,10.0,0.5623174870932443,2.7037247145765737,1.8043171438053318,0.8043171438053318,True,2.5153000000130987,Optimization terminated successfully
Wine,3,42,10,300,0.0001,50,least_cost,Unweighted k-means,Random 25% immutable,α < 1,0.9454695850561792,57,2,1,True,,10.0,0.6270122158797251,2.8550234336054805,1.7086993986514851,0.7086993986514851,True,2.323099999998135,Optimization terminated successfully
Wine,3,42,10,300,0.0001,50,least_cost,Unweighted k-means,Random 50% immutable,α = 1,1.0,57,2,1,True,,7.0,0.8840824885036421,3.390143411501547,1.1476294342983002,0.14762943429830022,True,2.0506999999980735,Optimization terminated successfully
Wine,3,42,10,300,0.0001,50,least_cost,Unweighted k-means,Random 50% immutable,α < 1,0.9454695850561792,57,2,1,True,,7.0,0.9857963390087701,3.579853685154466,1.0868121442063574,0.08681214420635741,True,2.1552000000042426,Optimization terminated successfully
Wine,3,42,10,300,0.0001,50,least_cost,Unweighted k-means,Random 75% immutable,α = 1,1.0,57,2,1,True,,3.0,1.80578422729885,4.845120736873855,1.0000000000000084,8.43769498715119e-15,True,1.1101000000053318,Optimization terminated successfully
Wine,3,42,10,300,0.0001,50,least_cost,Unweighted k-means,Random 75% immutable,α < 1,0.9454695850561792,57,2,1,True,,3.0,2.040240723299213,5.150061106714149,1.0,0.0,False,1.5666000000038593,Optimization terminated successfully
Wine,3,42,10,300,0.0001,50,least_cost,Unweighted k-means,All features mutable,α = 1,1.0,14,2,0,True,,13.0,1.220995459294206,3.9840859642864985,1.8967469365596787,0.8967469365596787,True,2.799100000004273,Optimization terminated successfully
Wine,3,42,10,300,0.0001,50,least_cost,Unweighted k-means,All features mutable,α < 1,0.8911233276631206,14,2,0,True,,13.0,1.3439457300676625,4.179867759975142,1.8079048104082613,0.8079048104082613,True,2.5887999999980593,Optimization terminated successfully
Wine,3,42,10,300,0.0001,50,least_cost,Unweighted k-means,Random 25% immutable,α = 1,1.0,14,2,0,True,,10.0,1.922405036692402,4.9991264713949,1.2046989808890964,0.20469898088909644,True,2.309999999994261,Optimization terminated successfully
Wine,3,42,10,300,0.0001,50,least_cost,Unweighted k-means,Random 25% immutable,α < 1,0.8911233276631206,14,2,0,True,,10.0,2.1159849701789932,5.244788328648442,1.1482718078272842,0.14827180782728422,True,2.260000000006812,Optimization terminated successfully
Wine,3,42,10,300,0.0001,50,least_cost,Unweighted k-means,Random 50% immutable,α = 1,1.0,14,2,0,True,,7.0,1.9132336841938193,4.987187373111186,1.2104738653614564,0.2104738653614564,True,1.9194000000055667,Optimization terminated successfully
Wine,3,42,10,300,0.0001,50,least_cost,Unweighted k-means,Random 50% immutable,α < 1,0.8911233276631206,14,2,0,True,,7.0,2.105890092318766,5.232262531653391,1.153776214151537,0.15377621415153708,True,1.9144000000039796,Optimization terminated successfully
Wine,3,42,10,300,0.0001,50,least_cost,Unweighted k-means,Random 75% immutable,α = 1,1.0,14,2,0,False,,,,,,,False,10.23150000000328,Positive directional derivative for linesearch
Wine,3,42,10,300,0.0001,50,least_cost,Unweighted k-means,Random 75% immutable,α < 1,0.8911233276631206,14,2,0,False,,,,,,,False,2.0770999999939477,Positive directional derivative for linesearch
Wine,3,42,10,300,0.0001,50,least_cost,Unweighted k-means,All features mutable,α = 1,1.0,115,0,2,True,,12.0,0.7327472603293385,3.0863756064810715,2.5139169977172426,1.5139169977172426,True,2.6565000000005057,Optimization terminated successfully
Wine,3,42,10,300,0.0001,50,least_cost,Unweighted k-means,All features mutable,α < 1,0.9152029201455798,115,0,2,True,,12.0,0.8069387517373712,3.238858405763646,2.3955638469755107,1.3955638469755107,True,2.983200000002739,Optimization terminated successfully
Wine,3,42,10,300,0.0001,50,least_cost,Unweighted k-means,Random 25% immutable,α = 1,1.0,115,0,2,True,,10.0,0.9914296063084014,3.5900675316780903,1.8579894965500008,0.8579894965500008,True,2.4484000000057904,Optimization terminated successfully
Wine,3,42,10,300,0.0001,50,least_cost,Unweighted k-means,Random 25% immutable,α < 1,0.9152029201455798,115,0,2,True,,10.0,1.0918129787212019,3.7674352978353354,1.7705168827106434,0.7705168827106434,True,2.276500000007786,Optimization terminated successfully
Wine,3,42,10,300,0.0001,50,least_cost,Unweighted k-means,Random 50% immutable,α = 1,1.0,115,0,2,True,,7.0,0.9858358625243255,3.579925447941092,1.8685319444913806,0.8685319444913806,True,1.949999999993679,Optimization terminated successfully
Wine,3,42,10,300,0.0001,50,least_cost,Unweighted k-means,Random 50% immutable,α < 1,0.9152029201455798,115,0,2,True,,7.0,1.0856528620329007,3.756792143095983,1.7805629902198883,0.7805629902198883,True,2.0090000000010377,Optimization terminated successfully
Wine,3,42,10,300,0.0001,50,least_cost,Unweighted k-means,Random 75% immutable,α = 1,1.0,115,0,2,True,,3.0,2.521560103562938,5.725406653358187,1.0,0.0,False,1.6166999999995824,Optimization terminated successfully
Wine,3,42,10,300,0.0001,50,least_cost,Unweighted k-means,Random 75% immutable,α < 1,0.9152029201455798,115,0,2,True,,3.0,2.985598102247484,6.22998999431117,1.0,0.0,False,2.098700000004783,Optimization terminated successfully
Wine,3,42,10,300,0.0001,50,least_cost,Unweighted k-means,All features mutable,α = 1,1.0,140,1,2,True,,13.0,0.44721743410570414,2.4111878075699855,2.6369497262359163,1.6369497262359163,True,2.0343000000053735,Optimization terminated successfully
Wine,3,42,10,300,0.0001,50,least_cost,Unweighted k-means,All features mutable,α < 1,0.9152029201455798,140,1,2,True,,13.0,0.5301993293127277,2.6253745030119915,2.41282819454307,1.4128281945430698,True,2.7278000000023894,Optimization terminated successfully
Wine,3,42,10,300,0.0001,50,least_cost,Unweighted k-means,Random 25% immutable,α = 1,1.0,140,1,2,True,,10.0,0.7214682650860439,3.062529582896885,1.5998999645060872,0.5998999645060872,True,2.5780999999938103,Optimization terminated successfully
Wine,3,42,10,300,0.0001,50,least_cost,Unweighted k-means,Random 25% immutable,α < 1,0.9152029201455798,140,1,2,True,,10.0,0.8557171448981984,3.335314510458733,1.4656975477533434,0.4656975477533434,True,2.503199999992489,Optimization terminated successfully
Wine,3,42,10,300,0.0001,50,least_cost,Unweighted k-means,Random 50% immutable,α = 1,1.0,140,1,2,True,,7.0,1.2281868197394155,3.9958013785237623,1.0122939626711036,0.012293962671103609,True,2.028199999998037,Optimization terminated successfully
Wine,3,42,10,300,0.0001,50,least_cost,Unweighted k-means,Random 50% immutable,α < 1,0.9152029201455798,140,1,2,True,,7.0,1.4589652563592288,4.35506008370378,1.0000000000000004,4.440892098500626e-16,True,2.1148000000010825,Optimization terminated successfully
Wine,3,42,10,300,0.0001,50,least_cost,Unweighted k-means,Random 75% immutable,α = 1,1.0,140,1,2,True,,3.0,2.962238258515491,6.205569865910896,1.0000000000000007,6.661338147750939e-16,True,1.6718000000111033,Optimization terminated successfully
Wine,3,42,10,300,0.0001,50,least_cost,Unweighted k-means,Random 75% immutable,α < 1,0.9152029201455798,140,1,2,True,,3.0,3.783141826121599,7.012905513378944,1.0,0.0,False,1.696100000003753,Optimization terminated successfully
Wine,3,42,10,300,0.0001,50,least_cost,Unweighted k-means,All features mutable,α = 1,1.0,106,0,1,True,,13.0,0.30500716155636926,1.9912541525964988,2.3712455100609375,1.3712455100609375,True,2.0992000000035205,Optimization terminated successfully
Wine,3,42,10,300,0.0001,50,least_cost,Unweighted k-means,All features mutable,α < 1,0.9454695850561792,106,0,1,True,,13.0,0.33909570667312083,2.0995819076069813,2.2489013091318824,1.2489013091318824,True,2.602600000003008,Optimization terminated successfully
Wine,3,42,10,300,0.0001,50,least_cost,Unweighted k-means,Random 25% immutable,α = 1,1.0,106,0,1,True,,10.0,0.43328835263420246,2.373341227941029,1.6692045107318358,0.6692045107318358,True,2.2749000000032993,Optimization terminated successfully
Wine,3,42,10,300,0.0001,50,least_cost,Unweighted k-means,Random 25% immutable,α < 1,0.9454695850561792,106,0,1,True,,10.0,0.48171400178343005,2.5024551990364565,1.5830820293931562,0.5830820293931562,True,2.257600000007187,Optimization terminated successfully
Wine,3,42,10,300,0.0001,50,least_cost,Unweighted k-means,Random 50% immutable,α = 1,1.0,106,0,1,True,,7.0,0.4783527425814281,2.493709215918842,1.784398388124633,0.784398388124633,True,2.0480999999961114,Optimization terminated successfully
Wine,3,42,10,300,0.0001,50,least_cost,Unweighted k-means,Random 50% immutable,α < 1,0.9454695850561792,106,0,1,True,,7.0,0.5318149276159192,2.6293714189910387,1.692332521879984,0.6923325218799841,True,1.9707999999951653,Optimization terminated successfully
Wine,3,42,10,300,0.0001,50,least_cost,Unweighted k-means,Random 75% immutable,α = 1,1.0,106,0,1,True,,3.0,1.6505190282772562,4.632142848359097,1.0644101029074058,0.06441010290740579,True,1.5277999999909753,Optimization terminated successfully
Wine,3,42,10,300,0.0001,50,least_cost,Unweighted k-means,Random 75% immutable,α < 1,0.9454695850561792,106,0,1,True,,3.0,1.8349861502101552,4.884139632804534,1.0094919556231934,0.009491955623193382,True,1.569599999996285,Optimization terminated successfully
Wine,3,42,10,300,0.0001,50,least_cost,Unweighted k-means,All features mutable,α = 1,1.0,85,0,1,True,,13.0,0.5496357211457418,2.6730627330638246,1.9316190163788773,0.9316190163788773,True,2.8953999999998814,Optimization terminated successfully
Wine,3,42,10,300,0.0001,50,least_cost,Unweighted k-means,All features mutable,α < 1,0.9454695850561792,85,0,1,True,,13.0,0.5950871581579845,2.7813904896748674,1.8563875954727396,0.8563875954727396,True,2.6390000000020564,Optimization terminated successfully
Wine,3,42,10,300,0.0001,50,least_cost,Unweighted k-means,Random 25% immutable,α = 1,1.0,85,0,1,True,,10.0,0.7465711291685566,3.115353058513792,1.4220839398864469,0.4220839398864469,True,1.6198000000002821,Optimization terminated successfully
Wine,3,42,10,300,0.0001,50,least_cost,Unweighted k-means,Random 25% immutable,α < 1,0.9454695850561792,85,0,1,True,,10.0,0.8083078928960366,3.241604943179917,1.366697555529828,0.36669755552982797,True,1.749600000010787,Optimization terminated successfully
Wine,3,42,10,300,0.0001,50,least_cost,Unweighted k-means,Random 50% immutable,α = 1,1.0,85,0,1,True,,7.0,1.3012507032461023,4.112938018278336,1.2566620675167344,0.25666206751673437,True,2.296099999995249,Optimization terminated successfully
Wine,3,42,10,300,0.0001,50,least_cost,Unweighted k-means,Random 50% immutable,α < 1,0.9454695850561792,85,0,1,True,,7.0,1.4170248252564068,4.292006841599077,1.1512861154587517,0.1512861154587517,True,2.0056000000039376,Optimization terminated successfully
Wine,3,42,10,300,0.0001,50,least_cost,Unweighted k-means,Random 75% immutable,α = 1,1.0,85,0,1,False,,,,,,,False,7.711800000009816,Positive directional derivative for linesearch
Wine,3,42,10,300,0.0001,50,least_cost,Unweighted k-means,Random 75% immutable,α < 1,0.9454695850561792,85,0,1,False,,,,,,,False,1.2041000000095892,Positive directional derivative for linesearch
Wine,3,42,10,300,0.0001,50,least_cost,Unweighted k-means,All features mutable,α = 1,1.0,103,0,1,True,,13.0,0.34738319140785423,2.1250838779450816,1.9741398213919665,0.9741398213919665,True,2.6532000000116795,Optimization terminated successfully
Wine,3,42,10,300,0.0001,50,least_cost,Unweighted k-means,All features mutable,α < 1,0.9454695850561792,103,0,1,True,,13.0,0.3837021176438965,2.233411634556123,1.8783876086528106,0.8783876086528106,True,2.577900000005684,Optimization terminated successfully
Wine,3,42,10,300,0.0001,50,least_cost,Unweighted k-means,Random 25% immutable,α = 1,1.0,103,0,1,True,,10.0,0.5225084204878092,2.606263506697187,1.3124821704645062,0.3124821704645062,True,2.303499999996461,Optimization terminated successfully
Wine,3,42,10,300,0.0001,50,least_cost,Unweighted k-means,Random 25% immutable,α < 1,0.9454695850561792,103,0,1,True,,10.0,0.5771366962673592,2.739119758512882,1.2488225101858312,0.24882251018583124,True,2.3130000000008977,Optimization terminated successfully
Wine,3,42,10,300,0.0001,50,least_cost,Unweighted k-means,Random 50% immutable,α = 1,1.0,103,0,1,True,,7.0,0.7042355002273192,3.0257332174127893,1.0,0.0,False,2.085600000000909,Optimization terminated successfully
Wine,3,42,10,300,0.0001,50,least_cost,Unweighted k-means,Random 50% immutable,α < 1,0.9454695850561792,103,0,1,True,,7.0,0.7787539545168292,3.1817921693157114,1.0,0.0,False,1.9802000000055386,Optimization terminated successfully
Wine,3,42,10,300,0.0001,50,least_cost,Unweighted k-means,Random 75% immutable,α = 1,1.0,103,0,1,True,,3.0,2.6359510408465017,5.85383323395914,1.000000000000001,1.1102230246251565e-15,True,1.6537999999997055,Optimization terminated successfully
Wine,3,42,10,300,0.0001,50,least_cost,Unweighted k-means,Random 75% immutable,α < 1,0.9454695850561792,103,0,1,True,,3.0,3.332701808738034,6.582182275932082,1.0000000000000016,1.5543122344752192e-15,True,1.6707999999994172,Optimization terminated successfully
Wine,3,42,10,300,0.0001,50,least_cost,Unweighted k-means,All features mutable,α = 1,1.0,71,0,1,True,,13.0,0.5618647126548889,2.7026359844628645,1.7560726371068844,0.7560726371068844,True,2.7828000000056363,Optimization terminated successfully
Wine,3,42,10,300,0.0001,50,least_cost,Unweighted k-means,All features mutable,α < 1,0.9454695850561792,71,0,1,True,,13.0,0.6100120489688268,2.816053379571266,1.7813296503047658,0.7813296503047658,True,2.584400000003484,Optimization terminated successfully
Wine,3,42,10,300,0.0001,50,least_cost,Unweighted k-means,Random 25% immutable,α = 1,1.0,71,0,1,True,,10.0,0.6644610612506642,2.939046409340729,1.6678445257712515,0.6678445257712515,True,2.487299999998527,Optimization terminated successfully
Wine,3,42,10,300,0.0001,50,least_cost,Unweighted k-means,Random 25% immutable,α < 1,0.9454695850561792,71,0,1,True,,10.0,0.7237662673176458,3.067403050648773,1.6915933215515584,0.6915933215515584,True,2.2757999999925005,Optimization terminated successfully
Wine,3,42,10,300,0.0001,50,least_cost,Unweighted k-means,Random 50% immutable,α = 1,1.0,71,0,1,True,,7.0,1.0969136144405438,3.7762252300050996,1.5223113128757855,0.5223113128757855,True,1.9656000000054519,Optimization terminated successfully
Wine,3,42,10,300,0.0001,50,least_cost,Unweighted k-means,Random 50% immutable,α < 1,0.9454695850561792,71,0,1,True,,7.0,1.2060442118217607,3.9596180060307447,1.1287623249990517,0.1287623249990517,True,2.7552000000099497,Optimization terminated successfully
Wine,3,42,10,300,0.0001,50,least_cost,Unweighted k-means,Random 75% immutable,α = 1,1.0,71,0,1,False,,,,,,,False,3.0900999999943224,Positive directional derivative for linesearch
Wine,3,42,10,300,0.0001,50,least_cost,Unweighted k-means,Random 75% immutable,α < 1,0.9454695850561792,71,0,1,False,,,,,,,False,2.05200000000616,Positive directional derivative for linesearch
Wine,3,42,10,300,0.0001,50,least_cost,Unweighted k-means,All features mutable,α = 1,1.0,136,1,2,True,,13.0,0.9786113356643211,3.566783896402496,2.2963458689813345,1.2963458689813345,True,2.62299999999982,Optimization terminated successfully
Wine,3,42,10,300,0.0001,50,least_cost,Unweighted k-means,All features mutable,α < 1,0.9152029201455798,136,1,2,True,,13.0,1.0998499496233785,3.781276152981149,2.1724498687306837,1.1724498687306837,True,3.2016999999910922,Optimization terminated successfully
Wine,3,42,10,300,0.0001,50,least_cost,Unweighted k-means,Random 25% immutable,α = 1,1.0,136,1,2,True,,10.0,1.064672194877119,3.7203143057277495,2.2150289720898355,1.2150289720898355,True,2.423999999990656,Optimization terminated successfully
Wine,3,42,10,300,0.0001,50,least_cost,Unweighted k-means,Random 25% immutable,α < 1,0.9152029201455798,136,1,2,True,,10.0,1.1969190818630884,3.9446100015362924,2.0981626093665158,1.0981626093665158,True,2.301599999995574,Optimization terminated successfully
Wine,3,42,10,300,0.0001,50,least_cost,Unweighted k-means,Random 50% immutable,α = 1,1.0,136,1,2,True,,7.0,1.5922747574040215,4.549678213484145,1.5888785107589167,0.5888785107589167,True,1.9818000000100255,Optimization terminated successfully
Wine,3,42,10,300,0.0001,50,least_cost,Unweighted k-means,Random 50% immutable,α < 1,0.9152029201455798,136,1,2,True,,7.0,1.7913846092287435,4.825764179896658,1.497977456836672,0.49797745683667194,True,1.9295999999968672,Optimization terminated successfully
Wine,3,42,10,300,0.0001,50,least_cost,Unweighted k-means,Random 75% immutable,α = 1,1.0,136,1,2,False,,,,,,,False,2.045299999991812,Positive directional derivative for linesearch
Wine,3,42,10,300,0.0001,50,least_cost,Unweighted k-means,Random 75% immutable,α < 1,0.9152029201455798,136,1,2,False,,,,,,,False,13.089899999997101,Positive directional derivative for linesearch
Wine,3,42,10,300,0.0001,50,least_cost,Unweighted k-means,All features mutable,α = 1,1.0,102,0,1,True,,13.0,0.18200345964486853,1.5381953632043268,2.2294199274121107,1.2294199274121107,True,2.6597000000094795,Optimization terminated successfully
Wine,3,42,10,300,0.0001,50,least_cost,Unweighted k-means,All features mutable,α < 1,0.9454695850561792,102,0,1,True,,13.0,0.20854141416050231,1.6465231198153671,2.082742387833944,1.0827423878339442,True,2.7723999999977877,Optimization terminated successfully
Wine,3,42,10,300,0.0001,50,least_cost,Unweighted k-means,Random 25% immutable,α = 1,1.0,102,0,1,True,,10.0,0.23984726244120702,1.7657900248148677,1.6917522258329885,0.6917522258329885,True,2.3005999999980986,Optimization terminated successfully
Wine,3,42,10,300,0.0001,50,least_cost,Unweighted k-means,Random 25% immutable,α < 1,0.9454695850561792,102,0,1,True,,10.0,0.27481943139768567,1.8901461869839362,1.5804488141208453,0.5804488141208453,True,2.2870999999895503,Optimization terminated successfully
Wine,3,42,10,300,0.0001,50,least_cost,Unweighted k-means,Random 50% immutable,α = 1,1.0,102,0,1,True,,7.0,0.3465040265969357,2.1223930705126612,1.9504901248805309,0.9504901248805309,True,2.0914999999916972,Optimization terminated successfully
Wine,3,42,10,300,0.0001,50,least_cost,Unweighted k-means,Random 50% immutable,α < 1,0.9454695850561792,102,0,1,True,,7.0,0.39702783595339525,2.27186308288905,1.8221638528546722,0.8221638528546722,True,2.052599999998961,Optimization terminated successfully
Wine,3,42,10,300,0.0001,50,least_cost,Unweighted k-means,Random 75% immutable,α = 1,1.0,102,0,1,True,,3.0,0.8222432678240204,3.2694284640762925,1.0758872341707688,0.07588723417076881,True,1.5431000000063477,Optimization terminated successfully
Wine,3,42,10,300,0.0001,50,least_cost,Unweighted k-means,Random 75% immutable,α < 1,0.9454695850561792,102,0,1,True,,3.0,0.9421346945302891,3.499678703666061,1.0051027138696327,0.00510271386963268,True,1.5414000000077976,Optimization terminated successfully
Wine,3,42,10,300,0.0001,50,least_cost,Unweighted k-means,All features mutable,α = 1,1.0,10,2,1,True,,13.0,1.0395240326823272,3.676113766584251,1.7721157201106599,0.7721157201106599,True,2.5823000000002594,Optimization terminated successfully
Wine,3,42,10,300,0.0001,50,least_cost,Unweighted k-means,All features mutable,α < 1,0.9454695850561792,10,2,1,True,,13.0,1.1185161701260673,3.8132283188446605,1.7083946942148973,0.7083946942148973,True,2.922799999993231,Optimization terminated successfully
Wine,3,42,10,300,0.0001,50,least_cost,Unweighted k-means,Random 25% immutable,α = 1,1.0,10,2,1,True,,10.0,1.4309742536726842,4.313080720059027,1.2873445379694652,0.28734453796946524,True,2.598399999996559,Optimization terminated successfully
Wine,3,42,10,300,0.0001,50,least_cost,Unweighted k-means,Random 25% immutable,α < 1,0.9454695850561792,10,2,1,True,,10.0,1.5397122062074564,4.473953361479859,1.2410547128840728,0.24105471288407276,True,2.2603999999972757,Optimization terminated successfully
Wine,3,42,10,300,0.0001,50,least_cost,Unweighted k-means,Random 50% immutable,α = 1,1.0,10,2,1,True,,7.0,1.731211823072238,4.744022944710438,1.119698913066045,0.11969891306604508,True,1.9127999999994927,Optimization terminated successfully
Wine,3,42,10,300,0.0001,50,least_cost,Unweighted k-means,Random 50% immutable,α < 1,0.9454695850561792,10,2,1,True,,7.0,1.8631528474100967,4.921482197095836,1.0769682966149183,0.07696829661491833,True,1.9490000000104146,Optimization terminated successfully
Wine,3,42,10,300,0.0001,50,least_cost,Unweighted k-means,Random 75% immutable,α = 1,1.0,10,2,1,False,,,,,,,False,2.153100000001018,Positive directional derivative for linesearch
Wine,3,42,10,300,0.0001,50,least_cost,Unweighted k-means,Random 75% immutable,α < 1,0.9454695850561792,10,2,1,False,,,,,,,False,1.3138000000054717,Positive directional derivative for linesearch
Wine,3,42,10,300,0.0001,50,least_cost,Unweighted k-means,All features mutable,α = 1,1.0,108,0,1,True,,13.0,0.44669787551411294,2.4097867917480724,1.689889800741779,0.6898898007417791,True,2.73629999999514,Optimization terminated successfully
Wine,3,42,10,300,0.0001,50,least_cost,Unweighted k-means,All features mutable,α < 1,0.9454695850561792,108,0,1,True,,13.0,0.4877616060506012,2.5181145483591125,1.6171917542548664,0.6171917542548664,True,2.7172000000064145,Optimization terminated successfully
Wine,3,42,10,300,0.0001,50,least_cost,Unweighted k-means,Random 25% immutable,α = 1,1.0,108,0,1,True,,10.0,0.5648891806668375,2.7099002469959825,1.3363155245321725,0.3363155245321725,True,2.4004999999931442,Optimization terminated successfully
Wine,3,42,10,300,0.0001,50,least_cost,Unweighted k-means,Random 25% immutable,α < 1,0.9454695850561792,108,0,1,True,,10.0,0.6168179190141683,2.831719079849586,1.2788280459168626,0.2788280459168626,True,2.3355999999949972,Optimization terminated successfully
Wine,3,42,10,300,0.0001,50,least_cost,Unweighted k-means,Random 50% immutable,α = 1,1.0,108,0,1,True,,7.0,0.8066270775577215,3.2382328526914765,1.0,0.0,False,2.007500000004825,Optimization terminated successfully
Wine,3,42,10,300,0.0001,50,least_cost,Unweighted k-means,Random 50% immutable,α < 1,0.9454695850561792,108,0,1,True,,7.0,0.8833187436316993,3.388678749485128,1.0,0.0,False,2.1239000000008446,Optimization terminated successfully
Wine,3,42,10,300,0.0001,50,least_cost,Unweighted k-means,Random 75% immutable,α = 1,1.0,108,0,1,True,,3.0,2.0044434914159925,5.104680733249427,1.0000000000000004,4.440892098500626e-16,True,1.714300000003277,Optimization terminated successfully
Wine,3,42,10,300,0.0001,50,least_cost,Unweighted k-means,Random 75% immutable,α < 1,0.9454695850561792,108,0,1,True,,3.0,2.354176215346067,5.532114496239107,1.0,0.0,False,1.6177999999911208,Optimization terminated successfully
Wine,3,42,10,300,0.0001,50,least_cost,Unweighted k-means,All features mutable,α = 1,1.0,70,0,1,True,,13.0,0.0037722034114176448,0.22144670769381372,3.8189187091248207,2.8189187091248207,True,1.9099000000011301,Optimization terminated successfully
Wine,3,42,10,300,0.0001,50,least_cost,Unweighted k-means,All features mutable,α < 1,0.9454695850561792,70,0,1,True,,13.0,0.008365476680615566,0.32977446360808826,2.564440473563025,1.564440473563025,True,1.9144000000039796,Optimization terminated successfully
Wine,3,42,10,300,0.0001,50,least_cost,Unweighted k-means,Random 25% immutable,α = 1,1.0,70,0,1,True,,10.0,0.0052007232090441865,0.26001807959750495,2.7699490376510045,1.7699490376510045,True,1.5722999999923104,Optimization terminated successfully
Wine,3,42,10,300,0.0001,50,least_cost,Unweighted k-means,Random 25% immutable,α < 1,0.9454695850561792,70,0,1,True,,10.0,0.011533452463329633,0.38721425854852665,1.860047294088278,0.860047294088278,True,1.565399999989836,Optimization terminated successfully
Wine,3,42,10,300,0.0001,50,least_cost,Unweighted k-means,Random 50% immutable,α = 1,1.0,70,0,1,True,,7.0,0.005002676559259398,0.2550192056892425,6.7232633753659545,5.7232633753659545,True,1.3611000000111062,Optimization terminated successfully
Wine,3,42,10,300,0.0001,50,least_cost,Unweighted k-means,Random 50% immutable,α < 1,0.9454695850561792,70,0,1,True,,7.0,0.011094251696628114,0.37977002522074527,4.514735700727116,3.5147357007271163,True,1.3564000000059195,Optimization terminated successfully
Wine,3,42,10,300,0.0001,50,least_cost,Unweighted k-means,Random 75% immutable,α = 1,1.0,70,0,1,True,,3.0,0.009652130289450288,0.3542283073991317,8.05685789338871,7.05685789338871,True,1.1776999999995041,Optimization terminated successfully
Wine,3,42,10,300,0.0001,50,least_cost,Unweighted k-means,Random 75% immutable,α < 1,0.9454695850561792,70,0,1,True,,3.0,0.021405174124561485,0.5275104393462743,5.41025717594624,4.41025717594624,True,1.1061999999952832,Optimization terminated successfully
Wine,3,42,10,300,0.0001,50,least_cost,Unweighted k-means,All features mutable,α = 1,1.0,141,1,0,True,,13.0,0.11807624030050837,1.2389475872314408,3.2507689910036026,2.2507689910036026,True,2.564699999993536,Optimization terminated successfully
Wine,3,42,10,300,0.0001,50,least_cost,Unweighted k-means,All features mutable,α < 1,0.8911233276631206,141,1,0,True,,13.0,0.1629011912273666,1.455237261052563,2.7676122009372595,1.7676122009372595,True,2.8077000000052976,Optimization terminated successfully
Wine,3,42,10,300,0.0001,50,least_cost,Unweighted k-means,Random 25% immutable,α = 1,1.0,141,1,0,True,,10.0,0.16422182825331433,1.4611241450653967,2.3373176813093437,1.3373176813093437,True,1.7054000000058522,Optimization terminated successfully
Wine,3,42,10,300,0.0001,50,least_cost,Unweighted k-means,Random 25% immutable,α < 1,0.8911233276631206,141,1,0,True,,10.0,0.2265648989154481,1.7162003629823719,1.989925752796275,0.989925752796275,True,1.6417000000075177,Optimization terminated successfully
Wine,3,42,10,300,0.0001,50,least_cost,Unweighted k-means,Random 50% immutable,α = 1,1.0,141,1,0,True,,7.0,0.16770569860705964,1.4765412564137095,2.2887629200913437,1.2887629200913437,True,1.4426999999983536,Optimization terminated successfully
Wine,3,42,10,300,0.0001,50,least_cost,Unweighted k-means,Random 50% immutable,α < 1,0.8911233276631206,141,1,0,True,,7.0,0.23137134117057512,1.7343089215066259,1.948587603628014,0.9485876036280141,True,1.4414999999985412,Optimization terminated successfully
Wine,3,42,10,300,0.0001,50,least_cost,Unweighted k-means,Random 75% immutable,α = 1,1.0,141,1,0,True,,3.0,0.9401517928923819,3.4959938941023574,1.7717061801969616,0.7717061801969616,True,1.6234999999937827,Optimization terminated successfully
Wine,3,42,10,300,0.0001,50,least_cost,Unweighted k-means,Random 75% immutable,α < 1,0.8911233276631206,141,1,0,True,,3.0,1.2970589731425777,4.10630815342121,1.50838021528028,0.5083802152802801,True,1.618100000001732,Optimization terminated successfully
Wine,3,42,10,300,0.0001,50,least_cost,Unweighted k-means,All features mutable,α = 1,1.0,156,1,2,True,,13.0,0.5994285432622155,2.791517698745398,2.898671771576995,1.898671771576995,True,2.7910999999960495,Optimization terminated successfully
Wine,3,42,10,300,0.0001,50,least_cost,Unweighted k-means,All features mutable,α < 1,0.9152029201455798,156,1,2,True,,13.0,0.6944955282802668,3.004736572088054,2.6929793485608453,1.6929793485608453,True,2.794899999997824,Optimization terminated successfully
Wine,3,42,10,300,0.0001,50,least_cost,Unweighted k-means,Random 25% immutable,α = 1,1.0,156,1,2,True,,10.0,0.7431035870299869,3.1081098164945575,2.3382293051527134,1.3382293051527134,True,2.2694000000029746,Optimization terminated successfully
Wine,3,42,10,300,0.0001,50,least_cost,Unweighted k-means,Random 25% immutable,α < 1,0.9152029201455798,156,1,2,True,,10.0,0.8609568630694923,3.3455103078459345,2.172306407557099,1.172306407557099,True,2.533499999998412,Optimization terminated successfully
Wine,3,42,10,300,0.0001,50,least_cost,Unweighted k-means,Random 50% immutable,α = 1,1.0,156,1,2,True,,7.0,1.1669057374024263,3.894839481446128,1.4890205137143302,0.4890205137143302,True,1.930199999989668,Optimization terminated successfully
Wine,3,42,10,300,0.0001,50,least_cost,Unweighted k-means,Random 50% immutable,α < 1,0.9152029201455798,156,1,2,True,,7.0,1.351972350432541,4.192331160061551,1.3833582463213676,0.3833582463213676,True,1.9206999999994423,Optimization terminated successfully
Wine,3,42,10,300,0.0001,50,least_cost,Unweighted k-means,Random 75% immutable,α = 1,1.0,156,1,2,False,,,,,,,False,5.934100000004605,Positive directional derivative for linesearch
Wine,3,42,10,300,0.0001,50,least_cost,Unweighted k-means,Random 75% immutable,α < 1,0.9152029201455798,156,1,2,False,,,,,,,False,9.74840000000654,Positive directional derivative for linesearch
Wine,3,42,10,300,0.0001,50,least_cost,Unweighted k-means,All features mutable,α = 1,1.0,36,2,0,True,,13.0,0.09342062179849618,1.102029075560373,3.3294864256549093,2.3294864256549093,True,2.6256999999958452,Optimization terminated successfully
Wine,3,42,10,300,0.0001,50,least_cost,Unweighted k-means,All features mutable,α < 1,0.8911233276631206,36,2,0,True,,13.0,0.12956254288708613,1.297810871249012,2.827215384297066,1.827215384297066,True,2.648600000000556,Optimization terminated successfully
Wine,3,42,10,300,0.0001,50,least_cost,Unweighted k-means,Random 25% immutable,α = 1,1.0,36,2,0,True,,10.0,0.11127478774410927,1.2027353161329473,2.795266540717807,1.7952665407178068,True,2.3010999999968362,Optimization terminated successfully
Wine,3,42,10,300,0.0001,50,least_cost,Unweighted k-means,Random 25% immutable,α < 1,0.8911233276631206,36,2,0,True,,10.0,0.1543240045056051,1.416408153948877,2.3735854458566976,1.3735854458566976,True,2.318299999998885,Optimization terminated successfully
Wine,3,42,10,300,0.0001,50,least_cost,Unweighted k-means,Random 50% immutable,α = 1,1.0,36,2,0,True,,7.0,0.1326995792187513,1.3134285400598569,2.3439614127672517,1.3439614127672517,True,1.9601999999991904,Optimization terminated successfully
Wine,3,42,10,300,0.0001,50,least_cost,Unweighted k-means,Random 50% immutable,α < 1,0.8911233276631206,36,2,0,True,,7.0,0.18403747044964008,1.5467666649644738,1.9903621406108318,0.9903621406108318,True,1.9562000000092894,Optimization terminated successfully
Wine,3,42,10,300,0.0001,50,least_cost,Unweighted k-means,Random 75% immutable,α = 1,1.0,36,2,0,True,,3.0,1.2119839682466822,3.9693565709327334,1.055095404040324,0.05509540404032398,True,1.57849999999371,Optimization terminated successfully
Wine,3,42,10,300,0.0001,50,least_cost,Unweighted k-means,Random 75% immutable,α < 1,0.8911233276631206,36,2,0,True,,3.0,1.6872424690749739,4.683391089581849,1.0,0.0,False,1.8336999999917225,Optimization terminated successfully
Wine,3,42,10,300,0.0001,50,least_cost,Unweighted k-means,All features mutable,α = 1,1.0,134,1,0,True,,13.0,0.03525615998876251,0.6770007975282692,2.081290058112409,1.0812900581124092,True,1.857099999995171,Optimization terminated successfully
Wine,3,42,10,300,0.0001,50,least_cost,Unweighted k-means,All features mutable,α < 1,0.8911233276631206,134,1,0,True,,13.0,0.061382143554124496,0.8932904713493919,1.5773536841680578,0.5773536841680578,True,2.766100000002325,Optimization terminated successfully
Wine,3,42,10,300,0.0001,50,least_cost,Unweighted k-means,Random 25% immutable,α = 1,1.0,134,1,0,True,,10.0,0.041794228691931674,0.7371058085479396,1.7557040240645547,0.7557040240645547,True,1.6193999999956077,Optimization terminated successfully
Wine,3,42,10,300,0.0001,50,least_cost,Unweighted k-means,Random 25% immutable,α < 1,0.8911233276631206,134,1,0,True,,10.0,0.07276513795375775,0.9725979608239216,1.330600805610539,0.33060080561053895,True,2.366699999996058,Optimization terminated successfully
Wine,3,42,10,300,0.0001,50,least_cost,Unweighted k-means,Random 50% immutable,α = 1,1.0,134,1,0,True,,7.0,0.06297462935899378,0.9048039465358887,6.606621586419756,5.606621586419756,True,1.4600000000086766,Optimization terminated successfully
Wine,3,42,10,300,0.0001,50,least_cost,Unweighted k-means,Random 50% immutable,α < 1,0.8911233276631206,134,1,0,True,,7.0,0.10964091780879211,1.193872661348059,4.566577092638814,3.5665770926388136,True,1.9607999999919912,Optimization terminated successfully
Wine,3,42,10,300,0.0001,50,least_cost,Unweighted k-means,Random 75% immutable,α = 1,1.0,134,1,0,True,,3.0,0.0855105149405928,1.05434182987668,2.3676509002420616,1.3676509002420616,True,1.559800000009659,Optimization terminated successfully
Wine,3,42,10,300,0.0001,50,least_cost,Unweighted k-means,Random 75% immutable,α < 1,0.8911233276631206,134,1,0,True,,3.0,0.14887664184481736,1.3911852299326015,1.7943788811134391,0.7943788811134391,True,1.6901000000046906,Optimization terminated successfully
Wine,3,42,10,300,0.0001,50,least_cost,Unweighted k-means,All features mutable,α = 1,1.0,119,0,2,True,,13.0,0.44946146404765824,2.417229619341025,2.8139740867688765,1.8139740867688765,True,2.847199999990835,Optimization terminated successfully
Wine,3,42,10,300,0.0001,50,least_cost,Unweighted k-means,All features mutable,α < 1,0.9152029201455798,119,0,2,True,,13.0,0.5079551861583724,2.569711544134641,2.6469980821755197,1.6469980821755197,True,2.647699999997144,Optimization terminated successfully
Wine,3,42,10,300,0.0001,50,least_cost,Unweighted k-means,Random 25% immutable,α = 1,1.0,119,0,2,True,,10.0,0.4869997667098396,2.5161472467301897,2.597070882572866,1.597070882572866,True,1.8460999999945216,Optimization terminated successfully
Wine,3,42,10,300,0.0001,50,least_cost,Unweighted k-means,Random 25% immutable,α < 1,0.9152029201455798,119,0,2,True,,10.0,0.5503787909433555,2.674869021515562,2.442965501610596,1.4429655016105958,True,1.7921000000029608,Optimization terminated successfully
Wine,3,42,10,300,0.0001,50,least_cost,Unweighted k-means,Random 50% immutable,α = 1,1.0,119,0,2,True,,7.0,0.9137535416977953,3.4465629316859046,1.4525303132044378,0.4525303132044378,True,1.9534999999990532,Optimization terminated successfully
Wine,3,42,10,300,0.0001,50,least_cost,Unweighted k-means,Random 50% immutable,α < 1,0.9152029201455798,119,0,2,True,,7.0,1.0326710686074758,3.6639765135569835,1.366339845979143,0.36633984597914293,True,2.282699999994975,Optimization terminated successfully
Wine,3,42,10,300,0.0001,50,least_cost,Unweighted k-means,Random 75% immutable,α = 1,1.0,119,0,2,True,,3.0,1.3584604236164366,4.202378553511532,1.0000000000000004,4.440892098500626e-16,True,1.6195000000038817,Optimization terminated successfully
Wine,3,42,10,300,0.0001,50,least_cost,Unweighted k-means,Random 75% immutable,α < 1,0.9152029201455798,119,0,2,True,,3.0,1.5589679834802999,4.50184226570011,1.0000000000000004,4.440892098500626e-16,True,1.8822999999912327,Optimization terminated successfully
Wine,3,42,10,300,0.0001,50,least_cost,Unweighted k-means,All features mutable,α = 1,1.0,100,0,2,True,,13.0,0.20017472838363926,1.6131557485212982,3.6649600351795324,2.6649600351795324,True,2.6991000000009535,Optimization terminated successfully
Wine,3,42,10,300,0.0001,50,least_cost,Unweighted k-means,All features mutable,α < 1,0.9152029201455798,100,0,2,True,,13.0,0.23980587641760814,1.7656376733149148,3.3484510755281116,2.3484510755281116,True,2.661000000003355,Optimization terminated successfully
Wine,3,42,10,300,0.0001,50,least_cost,Unweighted k-means,Random 25% immutable,α = 1,1.0,100,0,2,True,,10.0,0.24694008043278964,1.791708973473724,2.9708922793194805,1.9708922793194805,True,2.285299999996937,Optimization terminated successfully
Wine,3,42,10,300,0.0001,50,least_cost,Unweighted k-means,Random 25% immutable,α < 1,0.9152029201455798,100,0,2,True,,10.0,0.2958299625981148,1.9610684622866923,2.71432359471655,1.71432359471655,True,2.287699999996562,Optimization terminated successfully
Wine,3,42,10,300,0.0001,50,least_cost,Unweighted k-means,Random 50% immutable,α = 1,1.0,100,0,2,True,,7.0,0.3993961493067423,2.2786289607980605,1.8368538981070177,0.8368538981070177,True,2.0893000000086204,Optimization terminated successfully
Wine,3,42,10,300,0.0001,50,least_cost,Unweighted k-means,Random 50% immutable,α < 1,0.9152029201455798,100,0,2,True,,7.0,0.4784697069190542,2.4940140717220713,1.6782216943699104,0.6782216943699104,True,1.9527999999979784,Optimization terminated successfully
Wine,3,42,10,300,0.0001,50,least_cost,Unweighted k-means,Random 75% immutable,α = 1,1.0,100,0,2,False,,,,,,,False,9.155500000005645,Positive directional derivative for linesearch
Wine,3,42,10,300,0.0001,50,least_cost,Unweighted k-means,Random 75% immutable,α < 1,0.9152029201455798,100,0,2,False,,,,,,,False,14.843400000003726,Positive directional derivative for linesearch
Wine,3,42,10,300,0.0001,50,least_cost,Unweighted k-means,All features mutable,α = 1,1.0,150,1,2,True,,13.0,0.3887597034042809,2.2480827707750555,1.2593726255517113,0.25937262555171126,True,2.792999999996937,Optimization terminated successfully
Wine,3,42,10,300,0.0001,50,least_cost,Unweighted k-means,All features mutable,α < 1,0.9152029201455798,150,1,2,True,,13.0,0.4660004448720414,2.4613016441177096,1.1502750752282884,0.15027507522828842,True,2.881099999996195,Optimization terminated successfully
Wine,3,42,10,300,0.0001,50,least_cost,Unweighted k-means,Random 25% immutable,α = 1,1.0,150,1,2,True,,10.0,0.47626912134305677,2.488272207267472,1.027976229302569,0.027976229302568933,True,1.6303000000021939,Optimization terminated successfully
Wine,3,42,10,300,0.0001,50,least_cost,Unweighted k-means,Random 25% immutable,α < 1,0.9152029201455798,150,1,2,True,,10.0,0.571082818256303,2.724715881946582,1.0,0.0,False,1.5976999999907093,Optimization terminated successfully
Wine,3,42,10,300,0.0001,50,least_cost,Unweighted k-means,Random 50% immutable,α = 1,1.0,150,1,2,True,,7.0,0.9596500775472236,3.532060447969982,1.0,0.0,False,2.071700000001897,Optimization terminated successfully
Wine,3,42,10,300,0.0001,50,least_cost,Unweighted k-means,Random 50% immutable,α < 1,0.9152029201455798,150,1,2,True,,7.0,1.1595422957744423,3.8825313707770284,1.0,0.0,False,2.1377000000057933,Optimization terminated successfully
Wine,3,42,10,300,0.0001,50,least_cost,Unweighted k-means,Random 75% immutable,α = 1,1.0,150,1,2,False,,,,,,,False,4.78689999999915,Positive directional derivative for linesearch
Wine,3,42,10,300,0.0001,50,least_cost,Unweighted k-means,Random 75% immutable,α < 1,0.9152029201455798,150,1,2,False,,,,,,,False,17.254500000007056,Positive directional derivative for linesearch
Wine,3,42,10,300,0.0001,50,least_cost,Unweighted k-means,All features mutable,α = 1,1.0,55,2,0,True,,13.0,0.31553244383235446,2.0253201647691674,2.5339160033750394,1.5339160033750394,True,2.6653999999979305,Optimization terminated successfully
Wine,3,42,10,300,0.0001,50,least_cost,Unweighted k-means,All features mutable,α < 1,0.8911233276631206,55,2,0,True,,13.0,0.37948414759611676,2.221101960457808,2.310560821569157,1.3105608215691569,True,2.5600000000025602,Optimization terminated successfully
Wine,3,42,10,300,0.0001,50,least_cost,Unweighted k-means,Random 25% immutable,α = 1,1.0,55,2,0,True,,10.0,0.479325307444064,2.4962429763091634,2.074119518363272,1.074119518363272,True,2.2498000000013008,Optimization terminated successfully
Wine,3,42,10,300,0.0001,50,least_cost,Unweighted k-means,Random 25% immutable,α < 1,0.8911233276631206,55,2,0,True,,10.0,0.5764743349603063,2.7375475072560813,1.8912936743483888,0.8912936743483888,True,2.289399999995112,Optimization terminated successfully
Wine,3,42,10,300,0.0001,50,least_cost,Unweighted k-means,Random 50% immutable,α = 1,1.0,55,2,0,True,,7.0,0.9035199882261225,3.427208754502648,1.2425165088565777,0.24251650885657772,True,2.06500000000176,Optimization terminated successfully
Wine,3,42,10,300,0.0001,50,least_cost,Unweighted k-means,Random 50% immutable,α < 1,0.8911233276631206,55,2,0,True,,7.0,1.0866442398240785,3.758507033080159,1.1329933387519118,0.13299333875191177,True,2.0834999999976844,Optimization terminated successfully
Wine,3,42,10,300,0.0001,50,least_cost,Unweighted k-means,Random 75% immutable,α = 1,1.0,55,2,0,False,,,,,,,False,20.933399999989888,Inequality constraints incompatible
Wine,3,42,10,300,0.0001,50,least_cost,Unweighted k-means,Random 75% immutable,α < 1,0.8911233276631206,55,2,0,False,,,,,,,False,1.6337999999933572,Positive directional derivative for linesearch
Wine,3,42,10,300,0.0001,50,least_cost,Unweighted k-means,All features mutable,α = 1,1.0,18,2,1,True,,13.0,1.0657353226485144,3.7221713010594617,1.4277847430454724,0.4277847430454724,True,2.7591000000057875,Optimization terminated successfully
Wine,3,42,10,300,0.0001,50,least_cost,Unweighted k-means,All features mutable,α < 1,0.9454695850561792,18,2,1,True,,13.0,1.14569902289499,3.8592858533198693,1.3770577231969683,0.3770577231969683,True,3.009300000002213,Optimization terminated successfully
Wine,3,42,10,300,0.0001,50,least_cost,Unweighted k-means,Random 25% immutable,α = 1,1.0,18,2,1,True,,10.0,1.8087095364772616,4.849043614384635,1.4871173191788396,0.4871173191788396,True,2.3187999999976228,Optimization terminated successfully
Wine,3,42,10,300,0.0001,50,least_cost,Unweighted k-means,Random 25% immutable,α < 1,0.9454695850561792,18,2,1,True,,10.0,1.9444196927742161,5.027669043012359,1.4342822870983325,0.4342822870983325,True,2.511200000000713,Optimization terminated successfully
Wine,3,42,10,300,0.0001,50,least_cost,Unweighted k-means,Random 50% immutable,α = 1,1.0,18,2,1,True,,7.0,2.0866696063384986,5.2083303353762505,1.1340595975429653,0.13405959754296526,True,1.9982999999967888,Optimization terminated successfully
Wine,3,42,10,300,0.0001,50,least_cost,Unweighted k-means,Random 50% immutable,α < 1,0.9454695850561792,18,2,1,True,,7.0,2.243235518501388,5.400190898525537,1.0937681824567078,0.09376818245670782,True,1.9835000000085756,Optimization terminated successfully
Wine,3,42,10,300,0.0001,50,least_cost,Unweighted k-means,Random 75% immutable,α = 1,1.0,18,2,1,False,,,,,,,False,9.140299999998547,Positive directional derivative for linesearch
Wine,3,42,10,300,0.0001,50,least_cost,Unweighted k-means,Random 75% immutable,α < 1,0.9454695850561792,18,2,1,False,,,,,,,False,13.507599999996955,Positive directional derivative for linesearch
Wine,3,42,10,300,0.0001,50,least_cost,Unweighted k-means,All features mutable,α = 1,1.0,12,2,1,True,,13.0,0.43220205706894455,2.370364263546065,2.3504033720297626,1.3504033720297626,True,2.6581999999990558,Optimization terminated successfully
Wine,3,42,10,300,0.0001,50,least_cost,Unweighted k-means,All features mutable,α < 1,0.9454695850561792,12,2,1,True,,13.0,0.4836500009014023,2.5074788158064725,2.2218780669693587,1.2218780669693587,True,2.670600000001855,Optimization terminated successfully
Wine,3,42,10,300,0.0001,50,least_cost,Unweighted k-means,Random 25% immutable,α = 1,1.0,12,2,1,True,,10.0,0.693455248958314,3.0024853432544982,1.840845321965419,0.8408453219654191,True,2.3942999999917447,Optimization terminated successfully
Wine,3,42,10,300,0.0001,50,least_cost,Unweighted k-means,Random 25% immutable,α < 1,0.9454695850561792,12,2,1,True,,10.0,0.7760019331196039,3.1761651610951924,1.7401837965426692,0.7401837965426692,True,2.292799999992212,Optimization terminated successfully
Wine,3,42,10,300,0.0001,50,least_cost,Unweighted k-means,Random 50% immutable,α = 1,1.0,12,2,1,True,,7.0,0.7252991556558963,3.0706496093704096,1.389302307375122,0.38930230737512206,True,2.1213999999929456,Optimization terminated successfully
Wine,3,42,10,300,0.0001,50,least_cost,Unweighted k-means,Random 50% immutable,α < 1,0.9454695850561792,12,2,1,True,,7.0,0.8132978624004921,3.2515953332489573,1.3104587908232812,0.3104587908232812,True,2.0217999999943004,Optimization terminated successfully
Wine,3,42,10,300,0.0001,50,least_cost,Unweighted k-means,Random 75% immutable,α = 1,1.0,12,2,1,False,,,,,,,False,10.801899999989928,Positive directional derivative for linesearch
Wine,3,42,10,300,0.0001,50,least_cost,Unweighted k-means,Random 75% immutable,α < 1,0.9454695850561792,12,2,1,False,,,,,,,False,6.977199999994355,Positive directional derivative for linesearch
Wine,3,42,10,300,0.0001,50,least_cost,Unweighted k-means,All features mutable,α = 1,1.0,137,1,0,True,,13.0,0.38907597080874223,2.2489970254568257,1.5420887487248751,0.5420887487248751,True,2.933599999991543,Optimization terminated successfully
Wine,3,42,10,300,0.0001,50,least_cost,Unweighted k-means,All features mutable,α < 1,0.8911233276631206,137,1,0,True,,13.0,0.46751065458744323,2.4652866992779487,1.4067950016288906,0.4067950016288906,True,2.731600000004164,Optimization terminated successfully
Wine,3,42,10,300,0.0001,50,least_cost,Unweighted k-means,Random 25% immutable,α = 1,1.0,137,1,0,True,,10.0,0.5787421180605825,2.742926819072571,2.01709463363702,1.01709463363702,True,2.4025000000023056,Optimization terminated successfully
Wine,3,42,10,300,0.0001,50,least_cost,Unweighted k-means,Random 25% immutable,α < 1,0.8911233276631206,137,1,0,True,,10.0,0.6954120191216564,3.0067185183487886,1.8401266881625375,0.8401266881625375,True,2.3383000000052334,Optimization terminated successfully
Wine,3,42,10,300,0.0001,50,least_cost,Unweighted k-means,Random 50% immutable,α = 1,1.0,137,1,0,True,,7.0,1.0298409709114311,3.658952394039666,1.0000000000000002,2.220446049250313e-16,True,2.0549000000045226,Optimization terminated successfully
Wine,3,42,10,300,0.0001,50,least_cost,Unweighted k-means,Random 50% immutable,α < 1,0.8911233276631206,137,1,0,True,,7.0,1.2862282422255469,4.0891279203434205,1.0,0.0,False,2.110299999998233,Optimization terminated successfully
Wine,3,42,10,300,0.0001,50,least_cost,Unweighted k-means,Random 75% immutable,α = 1,1.0,137,1,0,True,,3.0,2.738365695094298,5.966469143155428,1.0,0.0,False,1.681300000001329,Optimization terminated successfully
Wine,3,42,10,300,0.0001,50,least_cost,Unweighted k-means,Random 75% immutable,α < 1,0.8911233276631206,137,1,0,True,,3.0,3.8976137439296457,7.118214570458338,1.000000000000003,3.1086244689504383e-15,True,1.7054000000058522,Optimization terminated successfully
Wine,3,42,10,300,0.0001,50,least_cost,Ranked k-means,All features mutable,α = 1,1.0,62,0,1,True,,13.0,0.15825866800414562,1.4343509626496205,1.8533224950438973,0.8533224950438973,True,2.8378999999887355,Optimization terminated successfully
Wine,3,42,10,300,0.0001,50,least_cost,Ranked k-means,All features mutable,α < 1,0.9454695850561792,62,0,1,True,,13.0,0.18306597160459326,1.5426787192606606,1.723181158262974,0.7231811582629739,True,2.701100000010115,Optimization terminated successfully
Wine,3,42,10,300,0.0001,50,least_cost,Ranked k-means,Random 25% immutable,α = 1,1.0,62,0,1,True,,10.0,0.24874100335802876,1.798230531287458,1.1791556032170807,0.17915560321708068,True,2.3546000000038703,Optimization terminated successfully
Wine,3,42,10,300,0.0001,50,least_cost,Ranked k-means,Random 25% immutable,α < 1,0.9454695850561792,62,0,1,True,,10.0,0.28773156018503937,1.934039886456717,1.0963546526397896,0.0963546526397896,True,2.3073000000124466,Optimization terminated successfully
Wine,3,42,10,300,0.0001,50,least_cost,Ranked k-means,Random 50% immutable,α = 1,1.0,62,0,1,True,,7.0,0.3827909141522675,2.2307581410765884,1.0,0.0,False,1.9944999999950142,Optimization terminated successfully
Wine,3,42,10,300,0.0001,50,least_cost,Ranked k-means,Random 50% immutable,α < 1,0.9454695850561792,62,0,1,True,,7.0,0.4442546387279081,2.403187529815933,1.0,0.0,False,2.1120999999908463,Optimization terminated successfully
Wine,3,42,10,300,0.0001,50,least_cost,Ranked k-means,Random 75% immutable,α = 1,1.0,62,0,1,True,,3.0,0.40844501493914775,2.3042971150025164,1.2640292543313607,0.2640292543313607,True,1.870400000001382,Optimization terminated successfully
Wine,3,42,10,300,0.0001,50,least_cost,Ranked k-means,Random 75% immutable,α < 1,0.9454695850561792,62,0,1,True,,3.0,0.47246943532299357,2.4783265844514752,1.1752684190705738,0.17526841907057378,True,1.5586000000098466,Optimization terminated successfully
Wine,3,42,10,300,0.0001,50,least_cost,Ranked k-means,All features mutable,α = 1,1.0,74,0,1,True,,13.0,0.6412143480875303,2.8871762199661273,1.8904859477671394,0.8904859477671394,True,2.6601999999940062,Optimization terminated successfully
Wine,3,42,10,300,0.0001,50,least_cost,Ranked k-means,All features mutable,α < 1,0.9454695850561792,74,0,1,True,,13.0,0.6912044053162473,2.9976085917129365,1.8155057919713642,0.8155057919713642,True,2.6242999999936956,Optimization terminated successfully
Wine,3,42,10,300,0.0001,50,least_cost,Ranked k-means,Random 25% immutable,α = 1,1.0,74,0,1,True,,10.0,0.7260434812884191,3.072224805698543,1.6613305971516512,0.6613305971516512,True,2.271500000006199,Optimization terminated successfully
Wine,3,42,10,300,0.0001,50,least_cost,Ranked k-means,Random 25% immutable,α < 1,0.9454695850561792,74,0,1,True,,10.0,0.7848661680786677,3.194254245520021,1.5905278024272622,0.5905278024272622,True,2.5452000000001362,Optimization terminated successfully
Wine,3,42,10,300,0.0001,50,least_cost,Ranked k-means,Random 50% immutable,α = 1,1.0,74,0,1,True,,7.0,0.8680779382432053,3.359317370711149,1.398201591292927,0.3982015912929271,True,2.0491000000077975,Optimization terminated successfully
Wine,3,42,10,300,0.0001,50,least_cost,Ranked k-means,Random 50% immutable,α < 1,0.9454695850561792,74,0,1,True,,7.0,0.9344450002593662,3.485367269510024,1.3476349998704245,0.34763499987042445,True,2.049299999995924,Optimization terminated successfully
Wine,3,42,10,300,0.0001,50,least_cost,Ranked k-means,Random 75% immutable,α = 1,1.0,74,0,1,False,,,,,,,False,8.170300000003294,Positive directional derivative for linesearch
Wine,3,42,10,300,0.0001,50,least_cost,Ranked k-means,Random 75% immutable,α < 1,0.9454695850561792,74,0,1,False,,,,,,,False,11.699600000000032,Positive directional derivative for linesearch
Wine,3,42,10,300,0.0001,50,least_cost,Ranked k-means,All features mutable,α = 1,1.0,66,0,2,True,,13.0,0.017667258649538345,0.4792435314576489,9.052436272162229,8.052436272162229,True,1.8198000000069214,Optimization terminated successfully
Wine,3,42,10,300,0.0001,50,least_cost,Ranked k-means,All features mutable,α < 1,0.9152029201455798,66,0,2,True,,13.0,0.030698234487355855,0.6317254532909262,6.867416110432862,5.867416110432862,True,1.83899999998971,Optimization terminated successfully
Wine,3,42,10,300,0.0001,50,least_cost,Ranked k-means,Random 25% immutable,α = 1,1.0,66,0,2,True,,10.0,0.02863335811825702,0.6101095438831794,5.585503818387953,4.585503818387953,True,1.7007000000006656,Optimization terminated successfully
Wine,3,42,10,300,0.0001,50,least_cost,Ranked k-means,Random 25% immutable,α < 1,0.9152029201455798,66,0,2,True,,10.0,0.049752685295898394,0.8042293882013261,4.237309982059004,3.2373099820590037,True,1.6576999999955433,Optimization terminated successfully
Wine,3,42,10,300,0.0001,50,least_cost,Ranked k-means,Random 50% immutable,α = 1,1.0,66,0,2,True,,7.0,0.04547656980891897,0.7688923250468473,4.373858772438093,3.3738587724380933,True,1.5805999999969345,Optimization terminated successfully
Wine,3,42,10,300,0.0001,50,least_cost,Ranked k-means,Random 50% immutable,α < 1,0.9152029201455798,66,0,2,True,,7.0,0.07901907468388157,1.0135324222196644,3.3181241836244397,2.3181241836244397,True,2.2438999999963016,Optimization terminated successfully
Wine,3,42,10,300,0.0001,50,least_cost,Ranked k-means,Random 75% immutable,α = 1,1.0,66,0,2,True,,3.0,0.15958157846109908,1.4403334752737948,2.5790163842044853,1.5790163842044853,True,1.226799999997752,Optimization terminated successfully
Wine,3,42,10,300,0.0001,50,least_cost,Ranked k-means,Random 75% immutable,α < 1,0.9152029201455798,66,0,2,True,,3.0,0.27728539373188454,1.8986074155850385,1.9565096147565162,0.9565096147565162,True,1.6461000000020931,Optimization terminated successfully
Wine,3,42,10,300,0.0001,50,least_cost,Ranked k-means,All features mutable,α = 1,1.0,11,2,0,True,,13.0,0.148828508694256,1.390960320435248,3.8775859787226974,2.8775859787226974,True,2.797999999998524,Optimization terminated successfully
Wine,3,42,10,300,0.0001,50,least_cost,Ranked k-means,All features mutable,α < 1,0.8911233276631206,11,2,0,True,,13.0,0.19367311869856255,1.5867421161238877,3.3991460898202406,2.3991460898202406,True,2.736400000003414,Optimization terminated successfully
Wine,3,42,10,300,0.0001,50,least_cost,Ranked k-means,Random 25% immutable,α = 1,1.0,11,2,0,True,,10.0,0.16787921623741647,1.477304914730339,3.4375627263481094,2.4375627263481094,True,2.682300000003579,Optimization terminated successfully
Wine,3,42,10,300,0.0001,50,least_cost,Ranked k-means,Random 25% immutable,α < 1,0.8911233276631206,11,2,0,True,,10.0,0.2184641347187375,1.6852399684743973,3.0134155644309075,2.0134155644309075,True,2.4490999999926544,Optimization terminated successfully
Wine,3,42,10,300,0.0001,50,least_cost,Ranked k-means,Random 50% immutable,α = 1,1.0,11,2,0,True,,7.0,0.22503795470237295,1.7104073816289638,2.903736200841321,1.9037362008413208,True,2.110999999999308,Optimization terminated successfully
Wine,3,42,10,300,0.0001,50,least_cost,Ranked k-means,Random 50% immutable,α < 1,0.8911233276631206,11,2,0,True,,7.0,0.29284579208067046,1.9511522998086839,2.545455705755642,1.545455705755642,True,2.060999999997648,Optimization terminated successfully
Wine,3,42,10,300,0.0001,50,least_cost,Ranked k-means,Random 75% immutable,α = 1,1.0,11,2,0,False,,,,,,,False,7.356299999997873,Positive directional derivative for linesearch
Wine,3,42,10,300,0.0001,50,least_cost,Ranked k-means,Random 75% immutable,α < 1,0.8911233276631206,11,2,0,False,,,,,,,False,11.168499999996584,Positive directional derivative for linesearch
Wine,3,42,10,300,0.0001,50,least_cost,Ranked k-means,All features mutable,α = 1,1.0,138,1,2,True,,13.0,0.6090436981225419,2.8138173493659897,2.783919011709502,1.7839190117095018,True,2.670799999989981,Optimization terminated successfully
Wine,3,42,10,300,0.0001,50,least_cost,Ranked k-means,All features mutable,α < 1,0.9152029201455798,138,1,2,True,,13.0,0.7055621444583942,3.0285818261950794,2.587231222755387,1.587231222755387,True,2.6371999999952322,Optimization terminated successfully
Wine,3,42,10,300,0.0001,50,least_cost,Ranked k-means,Random 25% immutable,α = 1,1.0,138,1,2,True,,10.0,0.9409957762528388,3.497562735861489,2.3591936291240194,1.3591936291240194,True,2.4466999999930295,Optimization terminated successfully
Wine,3,42,10,300,0.0001,50,least_cost,Ranked k-means,Random 25% immutable,α < 1,0.9152029201455798,138,1,2,True,,10.0,1.0900469044371013,3.764387036116546,2.189315695515936,1.189315695515936,True,2.4054999999947313,Optimization terminated successfully
Wine,3,42,10,300,0.0001,50,least_cost,Ranked k-means,Random 50% immutable,α = 1,1.0,138,1,2,True,,7.0,1.3141669558326285,4.133300185786676,1.733267262921981,0.733267262921981,True,2.090500000008433,Optimization terminated successfully
Wine,3,42,10,300,0.0001,50,least_cost,Ranked k-means,Random 50% immutable,α < 1,0.9152029201455798,138,1,2,True,,7.0,1.5222311365634391,4.448483424193543,1.6104620850225184,0.6104620850225184,True,2.87190000000237,Optimization terminated successfully
Wine,3,42,10,300,0.0001,50,least_cost,Ranked k-means,Random 75% immutable,α = 1,1.0,138,1,2,False,,,,,,,False,3.0433999999956995,Positive directional derivative for linesearch
Wine,3,42,10,300,0.0001,50,least_cost,Ranked k-means,Random 75% immutable,α < 1,0.9152029201455798,138,1,2,False,,,,,,,False,4.558599999995749,Positive directional derivative for linesearch
Wine,3,42,10,300,0.0001,50,least_cost,Ranked k-means,All features mutable,α = 1,1.0,173,1,0,True,,13.0,0.7999117939704639,3.2247253094823485,1.8560838123236425,0.8560838123236425,True,2.623799999994958,Optimization terminated successfully
Wine,3,42,10,300,0.0001,50,least_cost,Ranked k-means,All features mutable,α < 1,0.8911233276631206,173,1,0,True,,13.0,0.9108141627168468,3.4410149833034738,1.7394171568586398,0.7394171568586398,True,2.9087000000060925,Optimization terminated successfully
Wine,3,42,10,300,0.0001,50,least_cost,Ranked k-means,Random 25% immutable,α = 1,1.0,173,1,0,True,,10.0,1.1898515473515956,3.9329467471058823,1.69144941019423,0.6914494101942299,True,2.503799999999501,Optimization terminated successfully
Wine,3,42,10,300,0.0001,50,least_cost,Ranked k-means,Random 25% immutable,α < 1,0.8911233276631206,173,1,0,True,,10.0,1.3548164297955092,4.196738446382097,1.585131071017993,0.5851310710179931,True,2.4236000000001923,Optimization terminated successfully
Wine,3,42,10,300,0.0001,50,least_cost,Ranked k-means,Random 50% immutable,α = 1,1.0,173,1,0,True,,7.0,2.009238886978503,5.110783260002378,1.4156470805013806,0.41564708050138055,True,2.1368000000023812,Optimization terminated successfully
Wine,3,42,10,300,0.0001,50,least_cost,Ranked k-means,Random 50% immutable,α < 1,0.8911233276631206,173,1,0,True,,7.0,2.2878062910634216,5.453575137817803,1.3266646715664052,0.3266646715664052,True,2.0088000000129114,Optimization terminated successfully
Wine,3,42,10,300,0.0001,50,least_cost,Ranked k-means,Random 75% immutable,α = 1,1.0,173,1,0,False,,,,,,,False,1.272200000002499,Positive directional derivative for linesearch
Wine,3,42,10,300,0.0001,50,least_cost,Ranked k-means,Random 75% immutable,α < 1,0.8911233276631206,173,1,0,False,,,,,,,False,4.745800000009126,Positive directional derivative for linesearch
Wine,3,42,10,300,0.0001,50,least_cost,Ranked k-means,All features mutable,α = 1,1.0,99,0,1,True,,13.0,0.8593386788205694,3.342364855108939,1.675578316460055,0.6755783164600551,True,2.772700000008399,Optimization terminated successfully
Wine,3,42,10,300,0.0001,50,least_cost,Ranked k-means,All features mutable,α < 1,0.9454695850561792,99,0,1,True,,13.0,0.9159445769676088,3.450692611719988,1.6229770168820716,0.6229770168820716,True,2.723500000001877,Optimization terminated successfully
Wine,3,42,10,300,0.0001,50,least_cost,Ranked k-means,Random 25% immutable,α = 1,1.0,99,0,1,True,,10.0,1.2292894435232142,3.9975946224951056,1.171318305932933,0.17131830593293307,True,2.2718000000025995,Optimization terminated successfully
Wine,3,42,10,300,0.0001,50,least_cost,Ranked k-means,Random 25% immutable,α < 1,0.9454695850561792,99,0,1,True,,10.0,1.3102645407093567,4.127158711416564,1.1345472393556097,0.13454723935560975,True,2.2717000000085363,Optimization terminated successfully
Wine,3,42,10,300,0.0001,50,least_cost,Ranked k-means,Random 50% immutable,α = 1,1.0,99,0,1,True,,7.0,1.1448734341740374,3.8578951053991197,1.2195361775800582,0.21953617758005817,True,1.960699999997928,Optimization terminated successfully
Wine,3,42,10,300,0.0001,50,least_cost,Ranked k-means,Random 50% immutable,α < 1,0.9454695850561792,99,0,1,True,,7.0,1.2254687664284973,3.99137745190435,1.1429330935443243,0.14293309354432426,True,2.14580000000808,Optimization terminated successfully
Wine,3,42,10,300,0.0001,50,least_cost,Ranked k-means,Random 75% immutable,α = 1,1.0,99,0,1,False,,,,,,,False,4.252899999997339,Positive directional derivative for linesearch
Wine,3,42,10,300,0.0001,50,least_cost,Ranked k-means,Random 75% immutable,α < 1,0.9454695850561792,99,0,1,False,,,,,,,False,13.095199999995089,Positive directional derivative for linesearch
Wine,3,42,10,300,0.0001,50,least_cost,Ranked k-means,All features mutable,α = 1,1.0,170,1,0,True,,13.0,0.1483965607005692,1.3889403475698299,2.8325930026938653,1.8325930026938653,True,1.8553000000025577,Optimization terminated successfully
Wine,3,42,10,300,0.0001,50,least_cost,Ranked k-means,All features mutable,α < 1,0.8911233276631206,170,1,0,True,,13.0,0.19821257087103825,1.6052300213126767,2.4509276915628933,1.4509276915628933,True,1.825900000000047,Optimization terminated successfully
Wine,3,42,10,300,0.0001,50,least_cost,Ranked k-means,Random 25% immutable,α = 1,1.0,170,1,0,True,,10.0,0.21812869247255928,1.6839456648429219,2.578029203027951,1.5780292030279508,True,2.2791000000097483,Optimization terminated successfully
Wine,3,42,10,300,0.0001,50,least_cost,Ranked k-means,Random 25% immutable,α < 1,0.8911233276631206,170,1,0,True,,10.0,0.291353443176922,1.9461743912866558,2.2306639690326127,1.2306639690326127,True,2.3218000000042593,Optimization terminated successfully
Wine,3,42,10,300,0.0001,50,least_cost,Ranked k-means,Random 50% immutable,α = 1,1.0,170,1,0,True,,7.0,0.18046291485298438,1.531671600927822,2.329271141824244,1.3292711418242442,True,2.0449000000013484,Optimization terminated successfully
Wine,3,42,10,300,0.0001,50,least_cost,Ranked k-means,Random 50% immutable,α < 1,0.8911233276631206,170,1,0,True,,7.0,0.24104344555577084,1.770187784452548,2.0154237327802007,1.0154237327802007,True,2.0605999999929736,Optimization terminated successfully
Wine,3,42,10,300,0.0001,50,least_cost,Ranked k-means,Random 75% immutable,α = 1,1.0,170,1,0,True,,3.0,0.27599347636290006,1.8941792926536023,1.523032591896575,0.523032591896575,True,1.612400000013281,Optimization terminated successfully
Wine,3,42,10,300,0.0001,50,least_cost,Ranked k-means,Random 75% immutable,α < 1,0.8911233276631206,170,1,0,True,,3.0,0.36864315611672827,2.1891461873336526,1.3178182511806977,0.31781825118069773,True,1.715699999991216,Optimization terminated successfully
Wine,3,42,10,300,0.0001,50,least_cost,Ranked k-means,All features mutable,α = 1,1.0,46,2,0,True,,13.0,0.4081929892210838,2.303586086924925,2.0823038209272178,1.0823038209272178,True,2.620700000008469,Optimization terminated successfully
Wine,3,42,10,300,0.0001,50,least_cost,Ranked k-means,All features mutable,α < 1,0.8911233276631206,46,2,0,True,,13.0,0.48052613943386263,2.4993678826135644,1.919191708354985,0.919191708354985,True,2.8431000000068707,Optimization terminated successfully
Wine,3,42,10,300,0.0001,50,least_cost,Ranked k-means,Random 25% immutable,α = 1,1.0,46,2,0,True,,10.0,0.49867010891063385,2.5461169289406644,1.7044972252555515,0.7044972252555515,True,2.291999999997074,Optimization terminated successfully
Wine,3,42,10,300,0.0001,50,least_cost,Ranked k-means,Random 25% immutable,α < 1,0.8911233276631206,46,2,0,True,,10.0,0.5870361045228693,2.7625114223831364,1.5709796562920597,0.5709796562920597,True,2.2613000000006878,Optimization terminated successfully
Wine,3,42,10,300,0.0001,50,least_cost,Ranked k-means,Random 50% immutable,α = 1,1.0,46,2,0,True,,7.0,0.4870333266878385,2.5162339412188803,1.7452231133058658,0.7452231133058658,True,2.080699999993385,Optimization terminated successfully
Wine,3,42,10,300,0.0001,50,least_cost,Ranked k-means,Random 50% immutable,α < 1,0.8911233276631206,46,2,0,True,,7.0,0.5733372459324193,2.7300886793511765,1.608515391569419,0.608515391569419,True,2.0436000000074728,Optimization terminated successfully
Wine,3,42,10,300,0.0001,50,least_cost,Ranked k-means,Random 75% immutable,α = 1,1.0,46,2,0,False,,,,,,,False,12.285099999999716,Positive directional derivative for linesearch
Wine,3,42,10,300,0.0001,50,least_cost,Ranked k-means,Random 75% immutable,α < 1,0.8911233276631206,46,2,0,False,,,,,,,False,5.217099999995867,Positive directional derivative for linesearch
Wine,3,42,10,300,0.0001,50,least_cost,Ranked k-means,All features mutable,α = 1,1.0,77,0,1,True,,13.0,0.03783227618442506,0.7012985030623734,4.5095561146343455,3.5095561146343455,True,1.9979000000063252,Optimization terminated successfully
Wine,3,42,10,300,0.0001,50,least_cost,Ranked k-means,All features mutable,α < 1,0.9454695850561792,77,0,1,True,,13.0,0.05042266770700373,0.8096262595735445,3.906178829551006,2.906178829551006,True,1.8917999999956692,Optimization terminated successfully
Wine,3,42,10,300,0.0001,50,least_cost,Ranked k-means,Random 25% immutable,α = 1,1.0,77,0,1,True,,10.0,0.04742793477013506,0.7852153539072932,3.5971790333910416,2.5971790333910416,True,1.6382999999962067,Optimization terminated successfully
Wine,3,42,10,300,0.0001,50,least_cost,Ranked k-means,Random 25% immutable,α < 1,0.9454695850561792,77,0,1,True,,10.0,0.06321171328117149,0.9065055281989346,3.1158775337198272,2.1158775337198272,True,1.5816999999884729,Optimization terminated successfully
Wine,3,42,10,300,0.0001,50,least_cost,Ranked k-means,Random 50% immutable,α = 1,1.0,77,0,1,True,,7.0,0.06759848650926313,0.9374328373917893,2.5238253349769013,1.5238253349769013,True,1.4179000000069664,Optimization terminated successfully
Wine,3,42,10,300,0.0001,50,least_cost,Ranked k-means,Random 50% immutable,α < 1,0.9454695850561792,77,0,1,True,,7.0,0.09009492334368657,1.0822356506177042,2.1861382448309556,1.1861382448309556,True,1.415100000002667,Optimization terminated successfully
Wine,3,42,10,300,0.0001,50,least_cost,Ranked k-means,Random 75% immutable,α = 1,1.0,77,0,1,True,,3.0,0.1696004389184872,1.484858816837592,1.4268646772225761,0.42686467722257615,True,1.6340000000099053,Optimization terminated successfully
Wine,3,42,10,300,0.0001,50,least_cost,Ranked k-means,Random 75% immutable,α < 1,0.9454695850561792,77,0,1,True,,3.0,0.22604261326653827,1.714221097894025,1.2359506066127548,0.2359506066127548,True,1.5994000000034703,Optimization terminated successfully
Wine,3,42,10,300,0.0001,50,least_cost,Ranked k-means,All features mutable,α = 1,1.0,60,0,2,True,,13.0,0.3600340433288667,2.1634330503334893,2.8172821910358485,1.8172821910358485,True,2.7031000000050653,Optimization terminated successfully
Wine,3,42,10,300,0.0001,50,least_cost,Ranked k-means,All features mutable,α < 1,0.9152029201455798,60,0,2,True,,13.0,0.4125740132321533,2.315914975127108,2.6317898069924386,1.6317898069924386,True,2.7170999999981404,Optimization terminated successfully
Wine,3,42,10,300,0.0001,50,least_cost,Ranked k-means,Random 25% immutable,α = 1,1.0,60,0,2,True,,10.0,0.7706511134968694,3.165195803652485,1.6128767548118945,0.6128767548118945,True,2.3315999999908854,Optimization terminated successfully
Wine,3,42,10,300,0.0001,50,least_cost,Ranked k-means,Random 25% immutable,α < 1,0.9152029201455798,60,0,2,True,,10.0,0.8831126627845164,3.3882834320934125,1.506683297211754,0.5066832972117541,True,2.454700000001253,Optimization terminated successfully
Wine,3,42,10,300,0.0001,50,least_cost,Ranked k-means,Random 50% immutable,α = 1,1.0,60,0,2,True,,7.0,0.6443889525793793,2.8943144928517928,1.5740764720590332,0.5740764720590332,True,1.4871000000056256,Optimization terminated successfully
Wine,3,42,10,300,0.0001,50,least_cost,Ranked k-means,Random 50% immutable,α < 1,0.9152029201455798,60,0,2,True,,7.0,0.7386136886478646,3.0987058512259984,1.4695690155034635,0.4695690155034635,True,2.0885000000134823,Optimization terminated successfully
Wine,3,42,10,300,0.0001,50,least_cost,Ranked k-means,Random 75% immutable,α = 1,1.0,60,0,2,True,,3.0,1.046516669128763,3.6884572247314895,1.0,0.0,False,1.749500000002513,Optimization terminated successfully
Wine,3,42,10,300,0.0001,50,least_cost,Ranked k-means,Random 75% immutable,α < 1,0.9152029201455798,60,0,2,True,,3.0,1.2339706294961008,4.005198894368332,1.0000000000000013,1.3322676295501878e-15,True,1.7013999999875296,Optimization terminated successfully
Wine,3,42,10,300,0.0001,50,least_cost,Ranked k-means,All features mutable,α = 1,1.0,176,1,2,True,,13.0,0.39895795164926856,2.2773786183769467,3.1200025479625784,2.1200025479625784,True,2.838499999995747,Optimization terminated successfully
Wine,3,42,10,300,0.0001,50,least_cost,Ranked k-means,All features mutable,α < 1,0.9152029201455798,176,1,2,True,,13.0,0.47715968198153624,2.4905974917196017,2.8529006319775134,1.8529006319775134,True,2.7615000000054124,Optimization terminated successfully
Wine,3,42,10,300,0.0001,50,least_cost,Ranked k-means,Random 25% immutable,α = 1,1.0,176,1,2,True,,10.0,0.49458286275670443,2.5356611003517715,2.8903948837008717,1.8903948837008717,True,2.414399999992156,Optimization terminated successfully
Wine,3,42,10,300,0.0001,50,least_cost,Ranked k-means,Random 25% immutable,α < 1,0.9152029201455798,176,1,2,True,,10.0,0.591528507029168,2.773061591703146,2.642949551524817,1.6429495515248171,True,2.443999999997004,Optimization terminated successfully
Wine,3,42,10,300,0.0001,50,least_cost,Ranked k-means,Random 50% immutable,α = 1,1.0,176,1,2,True,,7.0,0.9025912875943711,3.425446939995834,1.703958287697714,0.703958287697714,True,2.0825999999942724,Optimization terminated successfully
Wine,3,42,10,300,0.0001,50,least_cost,Ranked k-means,Random 50% immutable,α < 1,0.9152029201455798,176,1,2,True,,7.0,1.0795126904161945,3.746153357166592,1.5580832265959654,0.5580832265959654,True,2.102699999994684,Optimization terminated successfully
Wine,3,42,10,300,0.0001,50,least_cost,Ranked k-means,Random 75% immutable,α = 1,1.0,176,1,2,False,,,,,,,False,42.21120000001122,Positive directional derivative for linesearch
Wine,3,42,10,300,0.0001,50,least_cost,Ranked k-means,Random 75% immutable,α < 1,0.9152029201455798,176,1,2,False,,,,,,,False,1.1980000000022528,Positive directional derivative for linesearch
Wine,3,42,10,300,0.0001,50,least_cost,Ranked k-means,All features mutable,α = 1,1.0,132,1,2,True,,13.0,0.5953463787170877,2.7819962119532335,1.6372165939444245,0.6372165939444245,True,2.6116999999885593,Optimization terminated successfully
Wine,3,42,10,300,0.0001,50,least_cost,Ranked k-means,All features mutable,α < 1,0.9152029201455798,132,1,2,True,,13.0,0.6904852624978592,2.996048800081896,1.517774153218978,0.5177741532189779,True,2.9420999999985042,Optimization terminated successfully
Wine,3,42,10,300,0.0001,50,least_cost,Ranked k-means,Random 25% immutable,α = 1,1.0,132,1,2,True,,10.0,0.6417990812961566,2.8884923501456665,2.452310398005396,1.452310398005396,True,2.5406000000032236,Optimization terminated successfully
Wine,3,42,10,300,0.0001,50,least_cost,Ranked k-means,Random 25% immutable,α < 1,0.9152029201455798,132,1,2,True,,10.0,0.7446165356074446,3.1112722418484657,2.250425203653258,1.2504252036532582,True,2.3865999999941323,Optimization terminated successfully
Wine,3,42,10,300,0.0001,50,least_cost,Ranked k-means,Random 50% immutable,α = 1,1.0,132,1,2,True,,7.0,1.1322237567003883,3.8365230140199924,1.4005253181868509,0.4005253181868509,True,2.0983000000001084,Optimization terminated successfully
Wine,3,42,10,300,0.0001,50,least_cost,Ranked k-means,Random 50% immutable,α < 1,0.9152029201455798,132,1,2,True,,7.0,1.313520184858506,4.1322829529402485,1.2852150195603447,0.2852150195603447,True,2.065999999999235,Optimization terminated successfully
Wine,3,42,10,300,0.0001,50,least_cost,Ranked k-means,Random 75% immutable,α = 1,1.0,132,1,2,False,,,,,,,False,2.9859000000129754,Positive directional derivative for linesearch
Wine,3,42,10,300,0.0001,50,least_cost,Ranked k-means,Random 75% immutable,α < 1,0.9152029201455798,132,1,2,False,,,,,,,False,1.2945000000001983,Positive directional derivative for linesearch
Wine,3,42,10,300,0.0001,50,least_cost,Ranked k-means,All features mutable,α = 1,1.0,172,1,0,True,,13.0,0.5481413213528648,2.669426376131629,1.8685602950635454,0.8685602950635454,True,2.813900000006697,Optimization terminated successfully
Wine,3,42,10,300,0.0001,50,least_cost,Ranked k-means,All features mutable,α < 1,0.8911233276631206,172,1,0,True,,13.0,0.6405659323811477,2.885716049952753,1.7285082983761704,0.7285082983761704,True,2.847500000001446,Optimization terminated successfully
Wine,3,42,10,300,0.0001,50,least_cost,Ranked k-means,Random 25% immutable,α = 1,1.0,172,1,0,True,,10.0,0.690598802341225,2.996295117380116,1.644541456468351,0.6445414564683509,True,2.500700000013012,Optimization terminated successfully
Wine,3,42,10,300,0.0001,50,least_cost,Ranked k-means,Random 25% immutable,α < 1,0.8911233276631206,172,1,0,True,,10.0,0.8076735870054809,3.2403327963453465,1.0000000000000009,8.881784197001252e-16,True,2.4419000000079905,Optimization terminated successfully
Wine,3,42,10,300,0.0001,50,least_cost,Ranked k-means,Random 50% immutable,α = 1,1.0,172,1,0,True,,7.0,1.359094813083526,4.203359676507096,1.2420935518243919,0.24209355182439185,True,1.9448000000039656,Optimization terminated successfully
Wine,3,42,10,300,0.0001,50,least_cost,Ranked k-means,Random 50% immutable,α < 1,0.8911233276631206,172,1,0,True,,7.0,1.588257995198267,4.543935952186987,1.1489963832848227,0.14899638328482268,True,1.988699999998289,Optimization terminated successfully
Wine,3,42,10,300,0.0001,50,least_cost,Ranked k-means,Random 75% immutable,α = 1,1.0,172,1,0,False,,,,,,,False,6.205000000008454,Positive directional derivative for linesearch
Wine,3,42,10,300,0.0001,50,least_cost,Ranked k-means,Random 75% immutable,α < 1,0.8911233276631206,172,1,0,False,,,,,,,False,1.6624999999947931,Positive directional derivative for linesearch
Wine,3,42,10,300,0.0001,50,least_cost,Ranked k-means,All features mutable,α = 1,1.0,113,0,2,True,,13.0,0.48115432743548425,2.5010010509116736,3.036532704086356,2.036532704086356,True,2.808799999996836,Optimization terminated successfully
Wine,3,42,10,300,0.0001,50,least_cost,Ranked k-means,All features mutable,α < 1,0.9152029201455798,113,0,2,True,,13.0,0.541613223258292,2.653482975705289,2.862038900263697,1.862038900263697,True,2.7177999999992153,Optimization terminated successfully
Wine,3,42,10,300,0.0001,50,least_cost,Ranked k-means,Random 25% immutable,α = 1,1.0,113,0,2,True,,10.0,0.8754551383059646,3.3735614412631554,1.8444280783301386,0.8444280783301386,True,2.3793000000011943,Optimization terminated successfully
Wine,3,42,10,300,0.0001,50,least_cost,Ranked k-means,Random 25% immutable,α < 1,0.9152029201455798,113,0,2,True,,10.0,0.9854594508235087,3.5792419393924204,1.7384383421371137,0.7384383421371137,True,2.426700000000892,Optimization terminated successfully
Wine,3,42,10,300,0.0001,50,least_cost,Ranked k-means,Random 50% immutable,α = 1,1.0,113,0,2,True,,7.0,1.6704221239476456,4.659987941113088,1.0,0.0,False,2.1552000000042426,Optimization terminated successfully
Wine,3,42,10,300,0.0001,50,least_cost,Ranked k-means,Random 50% immutable,α < 1,0.9152029201455798,113,0,2,True,,7.0,1.8845028192943136,4.949599645509329,1.0,0.0,False,2.070800000012696,Optimization terminated successfully
Wine,3,42,10,300,0.0001,50,least_cost,Ranked k-means,Random 75% immutable,α = 1,1.0,113,0,2,False,,,,,,,False,7.799199999993789,Positive directional derivative for linesearch
Wine,3,42,10,300,0.0001,50,least_cost,Ranked k-means,Random 75% immutable,α < 1,0.9152029201455798,113,0,2,False,,,,,,,False,5.232199999994691,Positive directional derivative for linesearch
Wine,3,42,10,300,0.0001,50,least_cost,Ranked k-means,All features mutable,α = 1,1.0,73,2,0,True,,12.0,0.11637303265349964,1.2299794406800038,2.3818893924496005,1.3818893924496005,True,2.703600000003803,Optimization terminated successfully
Wine,3,42,10,300,0.0001,50,least_cost,Ranked k-means,All features mutable,α < 1,0.8911233276631206,73,2,0,True,,12.0,0.15741993312618976,1.4305450467008953,2.0479431830787447,1.0479431830787447,True,2.663200000000643,Optimization terminated successfully
Wine,3,42,10,300,0.0001,50,least_cost,Ranked k-means,Random 25% immutable,α = 1,1.0,73,2,0,True,,10.0,0.25199637693637905,1.8099593642325031,1.0999669734380264,0.09996697343802641,True,2.512100000004125,Optimization terminated successfully
Wine,3,42,10,300,0.0001,50,least_cost,Ranked k-means,Random 25% immutable,α < 1,0.8911233276631206,73,2,0,True,,10.0,0.3411345185742784,2.1058843134098364,1.0,0.0,False,2.3018999999919743,Optimization terminated successfully
Wine,3,42,10,300,0.0001,50,least_cost,Ranked k-means,Random 50% immutable,α = 1,1.0,73,2,0,True,,6.0,0.15994557986379992,1.4419752210871721,2.488234641635458,1.488234641635458,True,2.0547000000021853,Optimization terminated successfully
Wine,3,42,10,300,0.0001,50,least_cost,Ranked k-means,Random 50% immutable,α < 1,0.8911233276631206,73,2,0,True,,6.0,0.21636131594987557,1.6771097481525719,2.139378590080438,1.139378590080438,True,2.0126999999945383,Optimization terminated successfully
Wine,3,42,10,300,0.0001,50,least_cost,Ranked k-means,Random 75% immutable,α = 1,1.0,73,2,0,False,,,,,,,False,8.836500000001024,Inequality constraints incompatible
Wine,3,42,10,300,0.0001,50,least_cost,Ranked k-means,Random 75% immutable,α < 1,0.8911233276631206,73,2,0,False,,,,,,,False,1.1764000000056285,Positive directional derivative for linesearch
Wine,3,42,10,300,0.0001,50,least_cost,Ranked k-means,All features mutable,α = 1,1.0,148,1,0,True,,13.0,0.44158923064657474,2.3959674451889934,2.77825828216819,1.7782582821681898,True,1.9501999999960162,Optimization terminated successfully
Wine,3,42,10,300,0.0001,50,least_cost,Ranked k-means,All features mutable,α < 1,0.8911233276631206,148,1,0,True,,13.0,0.5249144042937716,2.6122571190101156,2.548224032414272,1.548224032414272,True,2.9308999999955176,Optimization terminated successfully
Wine,3,42,10,300,0.0001,50,least_cost,Ranked k-means,Random 25% immutable,α = 1,1.0,148,1,0,True,,10.0,0.5402205779101444,2.650069341136544,2.271014813786421,1.271014813786421,True,2.2913999999900625,Optimization terminated successfully
Wine,3,42,10,300,0.0001,50,least_cost,Ranked k-means,Random 25% immutable,α < 1,0.8911233276631206,148,1,0,True,,10.0,0.6421568805601034,2.8892973968218203,2.082979315063243,1.082979315063243,True,2.798900000001936,Optimization terminated successfully
Wine,3,42,10,300,0.0001,50,least_cost,Ranked k-means,Random 50% immutable,α = 1,1.0,148,1,0,True,,7.0,0.7267555593523481,3.073731001825066,1.6881177045159224,0.6881177045159224,True,2.1624999999971806,Optimization terminated successfully
Wine,3,42,10,300,0.0001,50,least_cost,Ranked k-means,Random 50% immutable,α < 1,0.8911233276631206,148,1,0,True,,7.0,0.8638898664853205,3.351204002192222,1.5483449291060454,0.5483449291060454,True,2.181700000008391,Optimization terminated successfully
Wine,3,42,10,300,0.0001,50,least_cost,Ranked k-means,Random 75% immutable,α = 1,1.0,148,1,0,True,,3.0,1.046995484769202,3.6893009232101988,1.171780543413206,0.17178054341320603,True,1.6853000000054408,Optimization terminated successfully
Wine,3,42,10,300,0.0001,50,least_cost,Ranked k-means,Random 75% immutable,α < 1,0.8911233276631206,148,1,0,True,,3.0,1.2445570975116276,4.022342882904335,1.0747594535127494,0.07475945351274937,True,1.6947999999956664,Optimization terminated successfully
Wine,3,42,10,300,0.0001,50,least_cost,Ranked k-means,All features mutable,α = 1,1.0,169,1,2,True,,13.0,0.3710294444955005,2.1962201115647555,2.005285480623489,1.0052854806234892,True,2.8972000000067055,Optimization terminated successfully
Wine,3,42,10,300,0.0001,50,least_cost,Ranked k-means,All features mutable,α < 1,0.9152029201455798,169,1,2,True,,13.0,0.4465689401532037,2.4094389849074096,1.8278314509812026,0.8278314509812026,True,2.770900000001575,Optimization terminated successfully
Wine,3,42,10,300,0.0001,50,least_cost,Ranked k-means,Random 25% immutable,α = 1,1.0,169,1,2,True,,10.0,0.45485391715703855,2.4316868472403064,1.6357338697270074,0.6357338697270074,True,2.2577999999953136,Optimization terminated successfully
Wine,3,42,10,300,0.0001,50,least_cost,Ranked k-means,Random 25% immutable,α < 1,0.9152029201455798,169,1,2,True,,10.0,0.5474596011794836,2.6677658846557892,1.4909826106281496,0.49098261062814963,True,2.420000000000755,Optimization terminated successfully
Wine,3,42,10,300,0.0001,50,least_cost,Ranked k-means,Random 50% immutable,α = 1,1.0,169,1,2,True,,7.0,0.47578247127426077,2.4870006285816233,1.5637817722394896,0.5637817722394896,True,2.008600000010574,Optimization terminated successfully
Wine,3,42,10,300,0.0001,50,least_cost,Ranked k-means,Random 50% immutable,α < 1,0.9152029201455798,169,1,2,True,,7.0,0.5726490905036381,2.7284497753389734,1.4253977787214511,0.4253977787214511,True,1.9690999999966152,Optimization terminated successfully
Wine,3,42,10,300,0.0001,50,least_cost,Ranked k-means,Random 75% immutable,α = 1,1.0,169,1,2,False,,,,,,,False,2.9677999999933036,Positive directional derivative for linesearch
Wine,3,42,10,300,0.0001,50,least_cost,Ranked k-means,Random 75% immutable,α < 1,0.9152029201455798,169,1,2,False,,,,,,,False,13.765300000002867,Positive directional derivative for linesearch
Wine,3,42,10,300,0.0001,50,least_cost,Ranked k-means,All features mutable,α = 1,1.0,27,2,1,True,,13.0,0.1967817690438109,1.59942583371957,2.8076391478636546,1.8076391478636546,True,2.791500000000724,Optimization terminated successfully
Wine,3,42,10,300,0.0001,50,least_cost,Ranked k-means,All features mutable,α < 1,0.9454695850561792,27,2,1,True,,13.0,0.23144857897883603,1.7345983762026496,2.5745658727919634,1.5745658727919634,True,2.6211000000131435,Optimization terminated successfully
Wine,3,42,10,300,0.0001,50,least_cost,Ranked k-means,Random 25% immutable,α = 1,1.0,27,2,1,True,,10.0,0.2690402284831947,1.870166562176089,2.0286733481355195,1.0286733481355195,True,2.364099999994096,Optimization terminated successfully
Wine,3,42,10,300,0.0001,50,least_cost,Ranked k-means,Random 25% immutable,α < 1,0.9454695850561792,27,2,1,True,,10.0,0.31681068533303786,2.029418367249467,1.861648729723625,0.861648729723625,True,2.4522999999874173,Optimization terminated successfully
Wine,3,42,10,300,0.0001,50,least_cost,Ranked k-means,Random 50% immutable,α = 1,1.0,27,2,1,True,,7.0,0.6607299785907499,2.9307831242996722,1.0000000000000007,6.661338147750939e-16,True,1.5007000000082371,Optimization terminated successfully
Wine,3,42,10,300,0.0001,50,least_cost,Ranked k-means,Random 50% immutable,α < 1,0.9454695850561792,27,2,1,True,,7.0,0.7691119659676348,3.162033452950688,1.0,0.0,False,1.9790999999997894,Optimization terminated successfully
Wine,3,42,10,300,0.0001,50,least_cost,Ranked k-means,Random 75% immutable,α = 1,1.0,27,2,1,False,,,,,,,False,14.599899999993227,Positive directional derivative for linesearch
Wine,3,42,10,300,0.0001,50,least_cost,Ranked k-means,Random 75% immutable,α < 1,0.9454695850561792,27,2,1,False,,,,,,,False,23.60280000000614,Positive directional derivative for linesearch
Wine,3,42,10,300,0.0001,50,least_cost,Ranked k-means,All features mutable,α = 1,1.0,123,0,2,True,,12.0,0.1249105833077348,1.27429885937348,3.5221290002616787,2.5221290002616787,True,2.824600000010946,Optimization terminated successfully
Wine,3,42,10,300,0.0001,50,least_cost,Ranked k-means,All features mutable,α < 1,0.9152029201455798,123,0,2,True,,12.0,0.15660310942748348,1.4268287993159112,3.1456086048862852,2.1456086048862852,True,2.8322999999943477,Optimization terminated successfully
Wine,3,42,10,300,0.0001,50,least_cost,Ranked k-means,Random 25% immutable,α = 1,1.0,123,0,2,True,,9.0,0.15741260084304878,1.430511730451601,2.794891798176641,1.794891798176641,True,2.448799999996254,Optimization terminated successfully
Wine,3,42,10,300,0.0001,50,least_cost,Ranked k-means,Random 25% immutable,α < 1,0.9152029201455798,123,0,2,True,,9.0,0.19735159425488252,1.6017399056380761,2.4961140541756652,1.4961140541756652,True,2.4770999999930154,Optimization terminated successfully
Wine,3,42,10,300,0.0001,50,least_cost,Ranked k-means,Random 50% immutable,α = 1,1.0,123,0,2,True,,7.0,0.40152564568012455,2.28469547070099,2.1942313330372576,1.1942313330372576,True,2.08789999999226,Optimization terminated successfully
Wine,3,42,10,300,0.0001,50,least_cost,Ranked k-means,Random 50% immutable,α < 1,0.9152029201455798,123,0,2,True,,7.0,0.5034014169437617,2.558167003983302,1.9596649494346066,0.9596649494346066,True,2.114500000004682,Optimization terminated successfully
Wine,3,42,10,300,0.0001,50,least_cost,Ranked k-means,Random 75% immutable,α = 1,1.0,123,0,2,True,,3.0,0.20741728898958495,1.6420794002923866,2.1210921775207696,1.1210921775207696,True,1.6748999999975922,Optimization terminated successfully
Wine,3,42,10,300,0.0001,50,least_cost,Ranked k-means,Random 75% immutable,α < 1,0.9152029201455798,123,0,2,True,,3.0,0.26004355711608146,1.8386316222966086,1.8943445285996812,0.8943445285996812,True,1.6087000000055696,Optimization terminated successfully
Wine,3,42,10,300,0.0001,50,least_cost,Ranked k-means,All features mutable,α = 1,1.0,89,0,2,True,,13.0,0.5714379017181037,2.7255628267085217,2.359228872818492,1.359228872818492,True,2.7690000000006876,Optimization terminated successfully
Wine,3,42,10,300,0.0001,50,least_cost,Ranked k-means,All features mutable,α < 1,0.9152029201455798,89,0,2,True,,13.0,0.6371647378191537,2.878044751502137,2.234234376006894,1.234234376006894,True,2.790799999999649,Optimization terminated successfully
Wine,3,42,10,300,0.0001,50,least_cost,Ranked k-means,Random 25% immutable,α = 1,1.0,89,0,2,True,,10.0,0.6952164903197473,3.0062957895318143,1.9391841639594363,0.9391841639594363,True,2.3213000000055217,Optimization terminated successfully
Wine,3,42,10,300,0.0001,50,least_cost,Ranked k-means,Random 25% immutable,α < 1,0.9152029201455798,89,0,2,True,,10.0,0.7751803502187973,3.1744833521132794,1.8364440890903746,0.8364440890903746,True,2.2603000000032125,Optimization terminated successfully
Wine,3,42,10,300,0.0001,50,least_cost,Ranked k-means,Random 50% immutable,α = 1,1.0,89,0,2,True,,7.0,1.991763742715493,5.088509472851692,1.0601841881443679,0.06018418814436788,True,2.1430000000037808,Optimization terminated successfully
Wine,3,42,10,300,0.0001,50,least_cost,Ranked k-means,Random 50% immutable,α < 1,0.9152029201455798,89,0,2,True,,7.0,2.2208565779577283,5.3731867186475535,1.00401448331412,0.004014483314120021,True,1.9161000000025297,Optimization terminated successfully
Wine,3,42,10,300,0.0001,50,least_cost,Ranked k-means,Random 75% immutable,α = 1,1.0,89,0,2,True,,3.0,3.191343887753849,6.441076815315901,1.0000000000000004,4.440892098500626e-16,True,1.6159999999985075,Optimization terminated successfully
Wine,3,42,10,300,0.0001,50,least_cost,Ranked k-means,Random 75% immutable,α < 1,0.9152029201455798,89,0,2,True,,3.0,3.65485628710154,6.892976986202697,1.0000000000000022,2.220446049250313e-15,True,1.7342999999954145,Optimization terminated successfully
Wine,3,42,10,300,0.0001,50,least_cost,Ranked k-means,All features mutable,α = 1,1.0,128,0,2,True,,13.0,0.42205950354582233,2.342386293098491,2.6489262472356554,1.6489262472356554,True,2.6492000000075677,Optimization terminated successfully
Wine,3,42,10,300,0.0001,50,least_cost,Ranked k-means,All features mutable,α < 1,0.9152029201455798,128,0,2,True,,13.0,0.47879749420370343,2.494868217892108,2.4870285679611537,1.4870285679611537,True,2.62299999999982,Optimization terminated successfully
Wine,3,42,10,300,0.0001,50,least_cost,Ranked k-means,Random 25% immutable,α = 1,1.0,128,0,2,True,,10.0,0.609956496168592,2.8159251499625655,2.409052237545308,1.4090522375453078,True,2.823699999993323,Optimization terminated successfully
Wine,3,42,10,300,0.0001,50,least_cost,Ranked k-means,Random 25% immutable,α < 1,0.9152029201455798,128,0,2,True,,10.0,0.6919537162064759,2.9992329537206985,2.26181523836252,1.2618152383625199,True,2.34300000001042,Optimization terminated successfully
Wine,3,42,10,300,0.0001,50,least_cost,Ranked k-means,Random 50% immutable,α = 1,1.0,128,0,2,True,,7.0,0.589505938344686,2.7683166723626327,1.8965110204952969,0.8965110204952969,True,1.4731999999924028,Optimization terminated successfully
Wine,3,42,10,300,0.0001,50,least_cost,Ranked k-means,Random 50% immutable,α < 1,0.9152029201455798,128,0,2,True,,7.0,0.6687539641362304,2.9485253150975317,1.7805996159895587,0.7805996159895587,True,1.474299999998152,Optimization terminated successfully
Wine,3,42,10,300,0.0001,50,least_cost,Ranked k-means,Random 75% immutable,α = 1,1.0,128,0,2,False,,,,,,,False,9.081500000007736,Positive directional derivative for linesearch
Wine,3,42,10,300,0.0001,50,least_cost,Ranked k-means,Random 75% immutable,α < 1,0.9152029201455798,128,0,2,False,,,,,,,False,5.279400000006262,Positive directional derivative for linesearch
Wine,3,42,10,300,0.0001,50,least_cost,Ranked k-means,All features mutable,α = 1,1.0,168,1,2,True,,13.0,0.3109485027480741,2.010554783069828,3.5149599619788976,2.5149599619788976,True,2.651700000001256,Optimization terminated successfully
Wine,3,42,10,300,0.0001,50,least_cost,Ranked k-means,All features mutable,α < 1,0.9152029201455798,168,1,2,True,,13.0,0.38039763653493364,2.2237736564124813,3.177940118631687,2.177940118631687,True,2.798899999987725,Optimization terminated successfully
Wine,3,42,10,300,0.0001,50,least_cost,Ranked k-means,Random 25% immutable,α = 1,1.0,168,1,2,True,,10.0,0.46864745624249526,2.4682821822377683,2.3321827945779665,1.3321827945779665,True,2.501399999999876,Optimization terminated successfully
Wine,3,42,10,300,0.0001,50,least_cost,Ranked k-means,Random 25% immutable,α < 1,0.9152029201455798,168,1,2,True,,10.0,0.5733180354535673,2.730042941218393,2.1085694832950392,1.1085694832950392,True,2.489199999999414,Optimization terminated successfully
Wine,3,42,10,300,0.0001,50,least_cost,Ranked k-means,Random 50% immutable,α = 1,1.0,168,1,2,True,,7.0,0.5236051498332193,2.6089973069805668,2.4158280775552305,1.4158280775552305,True,1.931899999988218,Optimization terminated successfully
Wine,3,42,10,300,0.0001,50,least_cost,Ranked k-means,Random 50% immutable,α < 1,0.9152029201455798,168,1,2,True,,7.0,0.6405503152894991,2.885680872647474,2.18419470963535,1.1841947096353498,True,1.905599999986407,Optimization terminated successfully
Wine,3,42,10,300,0.0001,50,least_cost,Ranked k-means,Random 75% immutable,α = 1,1.0,168,1,2,False,,,,,,,False,19.92620000000045,Positive directional derivative for linesearch
Wine,3,42,10,300,0.0001,50,least_cost,Ranked k-means,Random 75% immutable,α < 1,0.9152029201455798,168,1,2,False,,,,,,,False,2.003399999992439,Positive directional derivative for linesearch
Wine,3,42,10,300,0.0001,50,least_cost,Ranked k-means,All features mutable,α = 1,1.0,94,0,1,True,,13.0,0.6680011307578886,2.946865232726558,2.0588296612342676,1.0588296612342676,True,3.158999999996581,Optimization terminated successfully
Wine,3,42,10,300,0.0001,50,least_cost,Ranked k-means,All features mutable,α < 1,0.9454695850561792,94,0,1,True,,13.0,0.7180157078536618,3.055192989337597,1.9858298917735835,0.9858298917735835,True,2.613999999994121,Optimization terminated successfully
Wine,3,42,10,300,0.0001,50,least_cost,Ranked k-means,Random 25% immutable,α = 1,1.0,94,0,1,True,,10.0,0.7915635138441741,3.2078537497794786,1.737448139237855,0.7374481392378549,True,2.486700000005726,Optimization terminated successfully
Wine,3,42,10,300,0.0001,50,least_cost,Ranked k-means,Random 25% immutable,α < 1,0.9454695850561792,94,0,1,True,,10.0,0.8508294530267081,3.3257755320146316,1.6758435850947362,0.6758435850947362,True,2.3161000000015974,Optimization terminated successfully
Wine,3,42,10,300,0.0001,50,least_cost,Ranked k-means,Random 50% immutable,α = 1,1.0,94,0,1,True,,7.0,1.240577228833672,4.01590637027779,1.1085972738589278,0.10859727385892781,True,2.0621000000033973,Optimization terminated successfully
Wine,3,42,10,300,0.0001,50,least_cost,Ranked k-means,Random 50% immutable,α < 1,0.9454695850561792,94,0,1,True,,7.0,1.3334617204877053,4.163532438487801,1.0692898220809557,0.06928982208095569,True,2.077400000004559,Optimization terminated successfully
Wine,3,42,10,300,0.0001,50,least_cost,Ranked k-means,Random 75% immutable,α = 1,1.0,94,0,1,False,,,,,,,False,2.9660999999947535,Positive directional derivative for linesearch
Wine,3,42,10,300,0.0001,50,least_cost,Ranked k-means,Random 75% immutable,α < 1,0.9454695850561792,94,0,1,False,,,,,,,False,6.666500000008568,Positive directional derivative for linesearch
Wine,3,42,10,300,0.0001,50,least_cost,Ranked k-means,All features mutable,α = 1,1.0,144,1,0,True,,13.0,0.24438746783957271,1.7824244954315585,3.079096373577008,2.079096373577008,True,2.199000000004503,Optimization terminated successfully
Wine,3,42,10,300,0.0001,50,least_cost,Ranked k-means,All features mutable,α < 1,0.8911233276631206,144,1,0,True,,13.0,0.3072967946452491,1.9987141692568848,2.7458937780146857,1.7458937780146857,True,1.8876999999974942,Optimization terminated successfully
Wine,3,42,10,300,0.0001,50,least_cost,Ranked k-means,Random 25% immutable,α = 1,1.0,144,1,0,True,,10.0,0.2832417404602195,1.9188909885615841,2.6567149048012495,1.6567149048012495,True,2.4157000000002427,Optimization terminated successfully
Wine,3,42,10,300,0.0001,50,least_cost,Ranked k-means,Random 25% immutable,α < 1,0.8911233276631206,144,1,0,True,,10.0,0.35615279180478876,2.1517402941484955,2.3692200868690336,1.3692200868690336,True,2.5009999999952015,Optimization terminated successfully
Wine,3,42,10,300,0.0001,50,least_cost,Ranked k-means,Random 50% immutable,α = 1,1.0,144,1,0,True,,7.0,0.323761179494605,2.051559244435769,2.736097515618611,1.736097515618611,True,1.3842999999980066,Optimization terminated successfully
Wine,3,42,10,300,0.0001,50,least_cost,Ranked k-means,Random 50% immutable,α < 1,0.8911233276631206,144,1,0,True,,7.0,0.4071025964169632,2.3005072817577696,2.4400123386027226,1.4400123386027226,True,1.4031999999986056,Optimization terminated successfully
Wine,3,42,10,300,0.0001,50,least_cost,Ranked k-means,Random 75% immutable,α = 1,1.0,144,1,0,False,,,,,,,False,9.380699999994135,Positive directional derivative for linesearch
Wine,3,42,10,300,0.0001,50,least_cost,Ranked k-means,Random 75% immutable,α < 1,0.8911233276631206,144,1,0,False,,,,,,,False,9.998899999999367,Positive directional derivative for linesearch
Wine,3,42,10,300,0.0001,50,least_cost,Ranked k-means,All features mutable,α = 1,1.0,157,1,0,True,,13.0,0.4340243338587415,2.3753560449254003,2.4412764807935323,1.4412764807935323,True,2.194900000006328,Optimization terminated successfully
Wine,3,42,10,300,0.0001,50,least_cost,Ranked k-means,All features mutable,α < 1,0.8911233276631206,157,1,0,True,,13.0,0.5166636562690143,2.591645718746524,2.2375360968715876,1.2375360968715876,True,2.637000000007106,Optimization terminated successfully
Wine,3,42,10,300,0.0001,50,least_cost,Ranked k-means,Random 25% immutable,α = 1,1.0,157,1,0,True,,10.0,0.48429155308063915,2.5091413252442174,2.187883299423244,1.1878832994232442,True,2.5300000000072487,Optimization terminated successfully
Wine,3,42,10,300,0.0001,50,least_cost,Ranked k-means,Random 25% immutable,α < 1,0.8911233276631206,157,1,0,True,,10.0,0.5765018801832382,2.7376129095221073,2.0052902277499394,1.0052902277499394,True,2.6874999999932925,Optimization terminated successfully
Wine,3,42,10,300,0.0001,50,least_cost,Ranked k-means,Random 50% immutable,α = 1,1.0,157,1,0,True,,7.0,0.6888819419952082,2.992568336051444,1.538105930443567,0.5381059304435669,True,1.9735000000054015,Optimization terminated successfully
Wine,3,42,10,300,0.0001,50,least_cost,Ranked k-means,Random 50% immutable,α < 1,0.8911233276631206,157,1,0,True,,7.0,0.8200467925947712,3.2650586983593457,1.4097409998823616,0.40974099988236157,True,1.9600999999909163,Optimization terminated successfully
Wine,3,42,10,300,0.0001,50,least_cost,Ranked k-means,Random 75% immutable,α = 1,1.0,157,1,0,True,,3.0,2.9275594256435156,6.169138718927115,1.0,0.0,False,1.6152000000033695,Optimization terminated successfully
Wine,3,42,10,300,0.0001,50,least_cost,Ranked k-means,Random 75% immutable,α < 1,0.8911233276631206,157,1,0,False,,,,,,,False,9.506999999999266,Positive directional derivative for linesearch
Wine,3,42,10,300,0.0001,50,least_cost,Ranked k-means,All features mutable,α = 1,1.0,57,2,1,True,,13.0,0.46182579554696923,2.4502520976647686,2.1969302968028455,1.1969302968028455,True,2.9109999999974434,Optimization terminated successfully
Wine,3,42,10,300,0.0001,50,least_cost,Ranked k-means,All features mutable,α < 1,0.9454695850561792,57,2,1,True,,13.0,0.514958937011157,2.5873666499251784,2.0805064665926105,1.0805064665926105,True,2.7607999999901267,Optimization terminated successfully
Wine,3,42,10,300,0.0001,50,least_cost,Ranked k-means,Random 25% immutable,α = 1,1.0,57,2,1,True,,10.0,0.638889674027723,2.881937848455514,1.9628247010108593,0.9628247010108593,True,2.3876999999998816,Optimization terminated successfully
Wine,3,42,10,300,0.0001,50,least_cost,Ranked k-means,Random 25% immutable,α < 1,0.9454695850561792,57,2,1,True,,10.0,0.7123940467965046,3.043209261348052,1.8588070218900168,0.8588070218900168,True,2.4269000000032293,Optimization terminated successfully
Wine,3,42,10,300,0.0001,50,least_cost,Ranked k-means,Random 50% immutable,α = 1,1.0,57,2,1,True,,7.0,1.6119948182909363,4.577765026492969,1.0,0.0,False,2.109300000000758,Optimization terminated successfully
Wine,3,42,10,300,0.0001,50,least_cost,Ranked k-means,Random 50% immutable,α < 1,0.9454695850561792,57,2,1,True,,7.0,1.802230453651775,4.840350803141553,1.0000000000000002,2.220446049250313e-16,True,2.075899999994135,Optimization terminated successfully
Wine,3,42,10,300,0.0001,50,least_cost,Ranked k-means,Random 75% immutable,α = 1,1.0,57,2,1,True,,3.0,2.099776705005021,5.224662397233458,1.0000000000000002,2.220446049250313e-16,True,1.6341999999980317,Optimization terminated successfully
Wine,3,42,10,300,0.0001,50,least_cost,Ranked k-means,Random 75% immutable,α < 1,0.9454695850561792,57,2,1,True,,3.0,2.4322491313150754,5.623098674849658,1.0000000000000004,4.440892098500626e-16,True,1.599200000001133,Optimization terminated successfully
Wine,3,42,10,300,0.0001,50,least_cost,Ranked k-means,All features mutable,α = 1,1.0,14,2,1,True,,13.0,1.4895138326420976,4.400418141989152,1.3479679073387847,0.3479679073387847,True,2.7372000000127628,Optimization terminated successfully
Wine,3,42,10,300,0.0001,50,least_cost,Ranked k-means,All features mutable,α < 1,0.9454695850561792,14,2,1,True,,13.0,1.5837848424141305,4.537532694249562,1.3072352023178504,0.3072352023178504,True,2.7666000000010627,Optimization terminated successfully
Wine,3,42,10,300,0.0001,50,least_cost,Ranked k-means,Random 25% immutable,α = 1,1.0,14,2,1,True,,10.0,1.554145958235408,4.494874576343627,1.2919101041015855,0.29191010410158547,True,2.2627000000028374,Optimization terminated successfully
Wine,3,42,10,300,0.0001,50,least_cost,Ranked k-means,Random 25% immutable,α < 1,0.9454695850561792,14,2,1,True,,10.0,1.652507521320788,4.634932337927949,1.2528713345647058,0.2528713345647058,True,2.2364999999950896,Optimization terminated successfully
Wine,3,42,10,300,0.0001,50,least_cost,Ranked k-means,Random 50% immutable,α = 1,1.0,14,2,1,True,,7.0,2.0521722517555117,5.165098186174358,1.0,0.0,False,2.9554999999987785,Optimization terminated successfully
Wine,3,42,10,300,0.0001,50,least_cost,Ranked k-means,Random 50% immutable,α < 1,0.9454695850561792,14,2,1,True,,7.0,2.1834811825065876,5.327781468170935,1.0,0.0,False,2.2232000000030894,Optimization terminated successfully
Wine,3,42,10,300,0.0001,50,least_cost,Ranked k-means,Random 75% immutable,α = 1,1.0,14,2,1,False,,,,,,,False,1.1727999999919803,Positive directional derivative for linesearch
Wine,3,42,10,300,0.0001,50,least_cost,Ranked k-means,Random 75% immutable,α < 1,0.9454695850561792,14,2,1,False,,,,,,,False,5.769700000001876,Positive directional derivative for linesearch
Wine,3,42,10,300,0.0001,50,least_cost,Ranked k-means,All features mutable,α = 1,1.0,115,0,2,True,,12.0,0.7327472603293385,3.0863756064810715,2.5139169977172426,1.5139169977172426,True,2.6622000000031676,Optimization terminated successfully
Wine,3,42,10,300,0.0001,50,least_cost,Ranked k-means,All features mutable,α < 1,0.9152029201455798,115,0,2,True,,12.0,0.8069387517373712,3.238858405763646,2.3955638469755107,1.3955638469755107,True,3.2544000000029882,Optimization terminated successfully
Wine,3,42,10,300,0.0001,50,least_cost,Ranked k-means,Random 25% immutable,α = 1,1.0,115,0,2,True,,9.0,1.1485378589557795,3.8640642031965684,1.7597176188241783,0.7597176188241783,True,2.5029000000102997,Optimization terminated successfully
Wine,3,42,10,300,0.0001,50,least_cost,Ranked k-means,Random 25% immutable,α < 1,0.9152029201455798,115,0,2,True,,9.0,1.2648286201879915,4.054968811525422,1.6768715504329494,0.6768715504329494,True,2.3383000000052334,Optimization terminated successfully
Wine,3,42,10,300,0.0001,50,least_cost,Ranked k-means,Random 50% immutable,α = 1,1.0,115,0,2,True,,6.0,1.4653583760384368,4.364591491594566,1.3792546338771727,0.37925463387717273,True,1.989399999999364,Optimization terminated successfully
Wine,3,42,10,300,0.0001,50,least_cost,Ranked k-means,Random 50% immutable,α < 1,0.9152029201455798,115,0,2,True,,6.0,1.6137275740572454,4.58022471749413,1.3143204368741528,0.3143204368741528,True,2.038800000008223,Optimization terminated successfully
Wine,3,42,10,300,0.0001,50,least_cost,Ranked k-means,Random 75% immutable,α = 1,1.0,115,0,2,False,,,,,,,False,8.72479999999598,Positive directional derivative for linesearch
Wine,3,42,10,300,0.0001,50,least_cost,Ranked k-means,Random 75% immutable,α < 1,0.9152029201455798,115,0,2,False,,,,,,,False,8.833499999994388,Positive directional derivative for linesearch
Wine,3,42,10,300,0.0001,50,least_cost,Ranked k-means,All features mutable,α = 1,1.0,140,1,0,True,,13.0,0.13596878532988665,1.3295090106082497,2.328102587176373,1.3281025871763732,True,2.765199999998913,Optimization terminated successfully
Wine,3,42,10,300,0.0001,50,least_cost,Ranked k-means,All features mutable,α < 1,0.8911233276631206,140,1,0,True,,13.0,0.18380719790642905,1.545798684429372,2.002352177693673,1.0023521776936728,True,2.7829999999937627,Optimization terminated successfully
Wine,3,42,10,300,0.0001,50,least_cost,Ranked k-means,Random 25% immutable,α = 1,1.0,140,1,0,True,,10.0,0.21024929903975273,1.653251610468529,2.9511689246361144,1.9511689246361144,True,2.6729000000074166,Optimization terminated successfully
Wine,3,42,10,300,0.0001,50,least_cost,Ranked k-means,Random 25% immutable,α < 1,0.8911233276631206,140,1,0,True,,10.0,0.2842221060115146,1.9222089839946357,2.5382384585051887,1.5382384585051887,True,2.38539999999432,Optimization terminated successfully
Wine,3,42,10,300,0.0001,50,least_cost,Ranked k-means,Random 50% immutable,α = 1,1.0,140,1,0,True,,7.0,0.2557730511276647,1.8234718710908706,1.2376177946193376,0.23761779461933763,True,2.1301999999963073,Optimization terminated successfully
Wine,3,42,10,300,0.0001,50,least_cost,Ranked k-means,Random 50% immutable,α < 1,0.8911233276631206,140,1,0,True,,7.0,0.34576265216822677,2.120121335722781,1.0644490958973074,0.0644490958973074,True,2.0562999999924614,Optimization terminated successfully
Wine,3,42,10,300,0.0001,50,least_cost,Ranked k-means,Random 75% immutable,α = 1,1.0,140,1,0,True,,3.0,0.6539678449135663,2.9157472427966664,1.0,0.0,False,1.7222999999972899,Optimization terminated successfully
Wine,3,42,10,300,0.0001,50,least_cost,Ranked k-means,Random 75% immutable,α < 1,0.8911233276631206,140,1,0,True,,3.0,0.9151241962205743,3.449146930889936,1.0,0.0,False,1.751099999992789,Optimization terminated successfully
Wine,3,42,10,300,0.0001,50,least_cost,Ranked k-means,All features mutable,α = 1,1.0,106,0,1,True,,13.0,0.30500716155636926,1.9912541525964988,2.3712455100609375,1.3712455100609375,True,1.955699999996341,Optimization terminated successfully
Wine,3,42,10,300,0.0001,50,least_cost,Ranked k-means,All features mutable,α < 1,0.9454695850561792,106,0,1,True,,13.0,0.33909570667312083,2.0995819076069813,2.2489013091318824,1.2489013091318824,True,2.8279999999938354,Optimization terminated successfully
Wine,3,42,10,300,0.0001,50,least_cost,Ranked k-means,Random 25% immutable,α = 1,1.0,106,0,1,True,,10.0,0.42336217278246746,2.3459983474359216,1.7083407807501234,0.7083407807501234,True,2.481799999998202,Optimization terminated successfully
Wine,3,42,10,300,0.0001,50,least_cost,Ranked k-means,Random 25% immutable,α < 1,0.9454695850561792,106,0,1,True,,10.0,0.4706784413079845,2.4736248173487825,1.620199087796941,0.620199087796941,True,2.2567999999978383,Optimization terminated successfully
Wine,3,42,10,300,0.0001,50,least_cost,Ranked k-means,Random 50% immutable,α = 1,1.0,106,0,1,True,,7.0,0.6975158846415963,3.011263273169709,1.2237310999017312,0.22373109990173123,True,2.171099999998205,Optimization terminated successfully
Wine,3,42,10,300,0.0001,50,least_cost,Ranked k-means,Random 50% immutable,α < 1,0.9454695850561792,106,0,1,True,,7.0,0.7754724216689921,3.175081334658515,1.1605927963901563,0.16059279639015633,True,2.0506999999980735,Optimization terminated successfully
Wine,3,42,10,300,0.0001,50,least_cost,Ranked k-means,Random 75% immutable,α = 1,1.0,106,0,1,False,,,,,,,False,6.1175999999960595,Positive directional derivative for linesearch
Wine,3,42,10,300,0.0001,50,least_cost,Ranked k-means,Random 75% immutable,α < 1,0.9454695850561792,106,0,1,False,,,,,,,False,7.982699999999454,Positive directional derivative for linesearch
Wine,3,42,10,300,0.0001,50,least_cost,Ranked k-means,All features mutable,α = 1,1.0,85,0,1,True,,13.0,0.5496357211457418,2.6730627330638246,1.9316190163788773,0.9316190163788773,True,2.663099999992369,Optimization terminated successfully
Wine,3,42,10,300,0.0001,50,least_cost,Ranked k-means,All features mutable,α < 1,0.9454695850561792,85,0,1,True,,13.0,0.5950871581579845,2.7813904896748674,1.8563875954727396,0.8563875954727396,True,2.8764999999992824,Optimization terminated successfully
Wine,3,42,10,300,0.0001,50,least_cost,Ranked k-means,Random 25% immutable,α = 1,1.0,85,0,1,True,,10.0,0.6229302537132021,2.8457149010875327,1.7043430015275576,0.7043430015275576,True,2.413299999986407,Optimization terminated successfully
Wine,3,42,10,300,0.0001,50,least_cost,Ranked k-means,Random 25% immutable,α < 1,0.9454695850561792,85,0,1,True,,10.0,0.6744426902241427,2.96103950884041,1.6379633603589014,0.6379633603589014,True,2.468399999997928,Optimization terminated successfully
Wine,3,42,10,300,0.0001,50,least_cost,Ranked k-means,Random 50% immutable,α = 1,1.0,85,0,1,True,,7.0,0.8862491368941636,3.3942950342632456,1.1979552405355256,0.1979552405355256,True,2.0690000000058717,Optimization terminated successfully
Wine,3,42,10,300,0.0001,50,least_cost,Ranked k-means,Random 50% immutable,α < 1,0.9454695850561792,85,0,1,True,,7.0,0.959536398389341,3.5318512396562562,1.1512980673981559,0.15129806739815588,True,2.1156999999902837,Optimization terminated successfully
Wine,3,42,10,300,0.0001,50,least_cost,Ranked k-means,Random 75% immutable,α = 1,1.0,85,0,1,False,,,,,,,False,2.223599999993553,Positive directional derivative for linesearch
Wine,3,42,10,300,0.0001,50,least_cost,Ranked k-means,Random 75% immutable,α < 1,0.9454695850561792,85,0,1,False,,,,,,,False,5.797700000002237,Positive directional derivative for linesearch
Wine,3,42,10,300,0.0001,50,least_cost,Ranked k-means,All features mutable,α = 1,1.0,103,0,1,True,,13.0,0.34738319140785423,2.1250838779450816,1.9741398213919665,0.9741398213919665,True,2.93039999999678,Optimization terminated successfully
Wine,3,42,10,300,0.0001,50,least_cost,Ranked k-means,All features mutable,α < 1,0.9454695850561792,103,0,1,True,,13.0,0.3837021176438965,2.233411634556123,1.8783876086528106,0.8783876086528106,True,2.67329999999788,Optimization terminated successfully
Wine,3,42,10,300,0.0001,50,least_cost,Ranked k-means,Random 25% immutable,α = 1,1.0,103,0,1,True,,10.0,0.4471212206682501,2.4109284246296596,1.5337742115730377,0.5337742115730377,True,2.2543999999982134,Optimization terminated successfully
Wine,3,42,10,300,0.0001,50,least_cost,Ranked k-means,Random 25% immutable,α < 1,0.9454695850561792,103,0,1,True,,10.0,0.49386776176083247,2.5338273230216024,1.459381119285126,0.45938111928512604,True,2.569699999995123,Optimization terminated successfully
Wine,3,42,10,300,0.0001,50,least_cost,Ranked k-means,Random 50% immutable,α = 1,1.0,103,0,1,True,,7.0,0.6581556843895405,2.9250681867375374,1.041976859354648,0.0419768593546479,True,2.1081000000009453,Optimization terminated successfully
Wine,3,42,10,300,0.0001,50,least_cost,Ranked k-means,Random 50% immutable,α < 1,0.9454695850561792,103,0,1,True,,7.0,0.7269778548855728,3.074201052877389,1.0,0.0,False,2.065799999996898,Optimization terminated successfully
Wine,3,42,10,300,0.0001,50,least_cost,Ranked k-means,Random 75% immutable,α = 1,1.0,103,0,1,True,,3.0,1.150860099579099,3.8679686263629756,1.000000000000001,1.1102230246251565e-15,True,1.6420999999979813,Optimization terminated successfully
Wine,3,42,10,300,0.0001,50,least_cost,Ranked k-means,Random 75% immutable,α < 1,0.9454695850561792,103,0,1,True,,3.0,1.283441450692684,4.084695687441709,1.0,0.0,False,1.6808000000025913,Optimization terminated successfully
Wine,3,42,10,300,0.0001,50,least_cost,Ranked k-means,All features mutable,α = 1,1.0,71,0,1,True,,13.0,0.5618647126548889,2.7026359844628645,1.7560726371068844,0.7560726371068844,True,2.6060000000001082,Optimization terminated successfully
Wine,3,42,10,300,0.0001,50,least_cost,Ranked k-means,All features mutable,α < 1,0.9454695850561792,71,0,1,True,,13.0,0.6100120489688268,2.816053379571266,1.7813296503047658,0.7813296503047658,True,2.754499999994664,Optimization terminated successfully
Wine,3,42,10,300,0.0001,50,least_cost,Ranked k-means,Random 25% immutable,α = 1,1.0,71,0,1,True,,10.0,0.6190541158694474,2.836847459117747,1.6158652249078105,0.6158652249078105,True,2.2800999999930127,Optimization terminated successfully
Wine,3,42,10,300,0.0001,50,least_cost,Ranked k-means,Random 25% immutable,α < 1,0.9454695850561792,71,0,1,True,,10.0,0.672470023856568,2.956705989802737,1.6553292073128936,0.6553292073128936,True,2.2282000000046764,Optimization terminated successfully
Wine,3,42,10,300,0.0001,50,least_cost,Ranked k-means,Random 50% immutable,α = 1,1.0,71,0,1,True,,7.0,0.9357148538415051,3.487734665931393,1.2369809060211816,0.2369809060211816,True,2.0202000000040243,Optimization terminated successfully
Wine,3,42,10,300,0.0001,50,least_cost,Ranked k-means,Random 50% immutable,α < 1,0.9454695850561792,71,0,1,True,,7.0,1.0202369260661108,3.641851182964433,1.2402208353344575,0.24022083533445748,True,2.056599999988862,Optimization terminated successfully
Wine,3,42,10,300,0.0001,50,least_cost,Ranked k-means,Random 75% immutable,α = 1,1.0,71,0,1,False,,,,,,,False,14.178000000001134,Positive directional derivative for linesearch
Wine,3,42,10,300,0.0001,50,least_cost,Ranked k-means,Random 75% immutable,α < 1,0.9454695850561792,71,0,1,False,,,,,,,False,7.122499999994147,Positive directional derivative for linesearch
Wine,3,42,10,300,0.0001,50,least_cost,Ranked k-means,All features mutable,α = 1,1.0,136,1,2,True,,13.0,0.9786113356643211,3.566783896402496,2.2963458689813345,1.2963458689813345,True,2.6718999999957305,Optimization terminated successfully
Wine,3,42,10,300,0.0001,50,least_cost,Ranked k-means,All features mutable,α < 1,0.9152029201455798,136,1,2,True,,13.0,1.0998499496233785,3.781276152981149,2.1724498687306837,1.1724498687306837,True,2.668400000004567,Optimization terminated successfully
Wine,3,42,10,300,0.0001,50,least_cost,Ranked k-means,Random 25% immutable,α = 1,1.0,136,1,2,True,,10.0,1.322459967554349,4.146321210206287,2.239300893655142,1.239300893655142,True,2.3647999999951708,Optimization terminated successfully
Wine,3,42,10,300,0.0001,50,least_cost,Ranked k-means,Random 25% immutable,α < 1,0.9152029201455798,136,1,2,True,,10.0,1.4851028255593333,4.393897669754193,2.1128367187908994,1.1128367187908994,True,2.6423999999991565,Optimization terminated successfully
Wine,3,42,10,300,0.0001,50,least_cost,Ranked k-means,Random 50% immutable,α = 1,1.0,136,1,2,True,,7.0,1.6516515865652543,4.6337318249277555,1.1484198032151838,0.14841980321518378,True,2.0604000000048472,Optimization terminated successfully
Wine,3,42,10,300,0.0001,50,least_cost,Ranked k-means,Random 50% immutable,α < 1,0.9152029201455798,136,1,2,True,,7.0,1.8541984385404764,4.9096415043286195,1.0877454010846312,0.08774540108463125,True,2.0909999999929596,Optimization terminated successfully
Wine,3,42,10,300,0.0001,50,least_cost,Ranked k-means,Random 75% immutable,α = 1,1.0,136,1,2,False,,,,,,,False,1.2458999999864773,Positive directional derivative for linesearch
Wine,3,42,10,300,0.0001,50,least_cost,Ranked k-means,Random 75% immutable,α < 1,0.9152029201455798,136,1,2,False,,,,,,,False,8.881999999999834,Positive directional derivative for linesearch
Wine,3,42,10,300,0.0001,50,least_cost,Ranked k-means,All features mutable,α = 1,1.0,102,0,2,True,,13.0,0.15590594723560464,1.4236492946167816,4.350615331335077,3.350615331335077,True,2.7680000000032123,Optimization terminated successfully
Wine,3,42,10,300,0.0001,50,least_cost,Ranked k-means,All features mutable,α < 1,0.9152029201455798,102,0,2,True,,13.0,0.1910915092923161,1.5761312194103982,3.92971719653085,2.92971719653085,True,2.822899999998185,Optimization terminated successfully
Wine,3,42,10,300,0.0001,50,least_cost,Ranked k-means,Random 25% immutable,α = 1,1.0,102,0,2,True,,10.0,0.1654560706323917,1.4666045541389445,4.09949785029003,3.09949785029003,True,2.4214999999969677,Optimization terminated successfully
Wine,3,42,10,300,0.0001,50,least_cost,Ranked k-means,Random 25% immutable,α < 1,0.9152029201455798,102,0,2,True,,10.0,0.20279694789923478,1.6236872613560938,3.702894007106935,2.702894007106935,True,2.4499000000020033,Optimization terminated successfully
Wine,3,42,10,300,0.0001,50,least_cost,Ranked k-means,Random 50% immutable,α = 1,1.0,102,0,2,True,,7.0,0.22487630314559673,1.7097929526386397,3.0162662544222916,2.0162662544222916,True,2.049600000006535,Optimization terminated successfully
Wine,3,42,10,300,0.0001,50,least_cost,Ranked k-means,Random 50% immutable,α < 1,0.9152029201455798,102,0,2,True,,7.0,0.27562740828115667,1.8929226892969073,2.724459055275469,1.724459055275469,True,1.9531000000085896,Optimization terminated successfully
Wine,3,42,10,300,0.0001,50,least_cost,Ranked k-means,Random 75% immutable,α = 1,1.0,102,0,2,True,,3.0,1.1501901531901133,3.8668426385710957,1.3695832418789002,0.36958324187890024,True,1.9420999999937294,Optimization terminated successfully
Wine,3,42,10,300,0.0001,50,least_cost,Ranked k-means,Random 75% immutable,α < 1,0.9152029201455798,102,0,2,True,,3.0,1.4097702893534283,4.281006162293459,1.237083698613375,0.23708369861337508,True,1.599200000001133,Optimization terminated successfully
Wine,3,42,10,300,0.0001,50,least_cost,Ranked k-means,All features mutable,α = 1,1.0,10,2,0,True,,13.0,0.6336637883885636,2.870127044061173,2.258081511773349,1.2580815117733488,True,2.609800000001883,Optimization terminated successfully
Wine,3,42,10,300,0.0001,50,least_cost,Ranked k-means,All features mutable,α < 1,0.8911233276631206,10,2,0,True,,13.0,0.723061308742772,3.0659088397498113,2.113885677010428,1.113885677010428,True,2.755300000004013,Optimization terminated successfully
Wine,3,42,10,300,0.0001,50,least_cost,Ranked k-means,Random 25% immutable,α = 1,1.0,10,2,0,True,,10.0,1.0907786283478782,3.7656502982250513,1.5673024856469056,0.5673024856469056,True,2.2373999999985017,Optimization terminated successfully
Wine,3,42,10,300,0.0001,50,least_cost,Ranked k-means,Random 25% immutable,α < 1,0.8911233276631206,10,2,0,True,,10.0,1.2446660784697237,4.022518989402835,1.4672181919903189,0.4672181919903189,True,2.2424000000000888,Optimization terminated successfully
Wine,3,42,10,300,0.0001,50,least_cost,Ranked k-means,Random 50% immutable,α = 1,1.0,10,2,0,True,,7.0,1.119990405885888,3.8157404624157216,1.2775685060214172,0.27756850602141725,True,2.0204000000063616,Optimization terminated successfully
Wine,3,42,10,300,0.0001,50,least_cost,Ranked k-means,Random 50% immutable,α < 1,0.8911233276631206,10,2,0,True,,7.0,1.2779990643281254,4.076025985720114,1.1959859554872692,0.19598595548726916,True,2.089699999999084,Optimization terminated successfully
Wine,3,42,10,300,0.0001,50,least_cost,Ranked k-means,Random 75% immutable,α = 1,1.0,10,2,0,False,,,,,,,False,5.102999999991198,Positive directional derivative for linesearch
Wine,3,42,10,300,0.0001,50,least_cost,Ranked k-means,Random 75% immutable,α < 1,0.8911233276631206,10,2,0,False,,,,,,,False,6.985300000010852,Positive directional derivative for linesearch
Wine,3,42,10,300,0.0001,50,least_cost,Ranked k-means,All features mutable,α = 1,1.0,108,0,1,True,,13.0,0.44669787551411294,2.4097867917480724,1.689889800741779,0.6898898007417791,True,2.6141999999964582,Optimization terminated successfully
Wine,3,42,10,300,0.0001,50,least_cost,Ranked k-means,All features mutable,α < 1,0.9454695850561792,108,0,1,True,,13.0,0.4877616060506012,2.5181145483591125,1.6171917542548664,0.6171917542548664,True,2.970000000004802,Optimization terminated successfully
Wine,3,42,10,300,0.0001,50,least_cost,Ranked k-means,Random 25% immutable,α = 1,1.0,108,0,1,True,,10.0,0.5073624754656954,2.568211864518587,1.4878321113981932,0.48783211139819316,True,2.309300000007397,Optimization terminated successfully
Wine,3,42,10,300,0.0001,50,least_cost,Ranked k-means,Random 25% immutable,α < 1,0.9454695850561792,108,0,1,True,,10.0,0.554002939006899,2.6836613435919383,1.4238264747087408,0.4238264747087408,True,2.336099999993735,Optimization terminated successfully
Wine,3,42,10,300,0.0001,50,least_cost,Ranked k-means,Random 50% immutable,α = 1,1.0,108,0,1,True,,7.0,0.6853930139162945,2.984980599754683,1.1013683638657845,0.10136836386578452,True,2.199099999998566,Optimization terminated successfully
Wine,3,42,10,300,0.0001,50,least_cost,Ranked k-means,Random 50% immutable,α < 1,0.9454695850561792,108,0,1,True,,7.0,0.748399344543361,3.1191651894479224,1.0539881681584191,0.053988168158419114,True,2.5365000000050486,Optimization terminated successfully
Wine,3,42,10,300,0.0001,50,least_cost,Ranked k-means,Random 75% immutable,α = 1,1.0,108,0,1,False,,,,,,,False,2.023100000002387,Positive directional derivative for linesearch
Wine,3,42,10,300,0.0001,50,least_cost,Ranked k-means,Random 75% immutable,α < 1,0.9454695850561792,108,0,1,False,,,,,,,False,10.04169999998794,Positive directional derivative for linesearch
Wine,3,42,10,300,0.0001,50,least_cost,Ranked k-means,All features mutable,α = 1,1.0,70,0,2,True,,13.0,0.31403856391473395,2.020520064461509,2.4447543786993737,1.4447543786993737,True,1.9841000000013764,Optimization terminated successfully
Wine,3,42,10,300,0.0001,50,least_cost,Ranked k-means,All features mutable,α < 1,0.9152029201455798,70,0,2,True,,13.0,0.3654758424553358,2.179721530819789,2.2806393729873795,1.2806393729873795,True,2.7220999999997275,Optimization terminated successfully
Wine,3,42,10,300,0.0001,50,least_cost,Ranked k-means,Random 25% immutable,α = 1,1.0,70,0,2,True,,10.0,0.34080380752732525,2.104863296714356,2.2561400517532437,1.2561400517532437,True,2.410199999999918,Optimization terminated successfully
Wine,3,42,10,300,0.0001,50,least_cost,Ranked k-means,Random 25% immutable,α < 1,0.9152029201455798,70,0,2,True,,10.0,0.3985993491276123,2.276354879771377,2.103475337465511,1.103475337465511,True,2.2570999999942387,Optimization terminated successfully
Wine,3,42,10,300,0.0001,50,least_cost,Ranked k-means,Random 50% immutable,α = 1,1.0,70,0,2,True,,7.0,1.1461811325933347,3.860097760901056,1.7842148175593673,0.7842148175593673,True,1.944999999992092,Optimization terminated successfully
Wine,3,42,10,300,0.0001,50,least_cost,Ranked k-means,Random 50% immutable,α < 1,0.9152029201455798,70,0,2,True,,7.0,1.3257160564637498,4.1514224952453045,1.6590080037629595,0.6590080037629595,True,1.9580000000019027,Optimization terminated successfully
Wine,3,42,10,300,0.0001,50,least_cost,Ranked k-means,Random 75% immutable,α = 1,1.0,70,0,2,True,,3.0,1.3860698790799426,4.24486848183065,1.000000000000001,1.1102230246251565e-15,True,1.3144000000124834,Optimization terminated successfully
Wine,3,42,10,300,0.0001,50,least_cost,Ranked k-means,Random 75% immutable,α < 1,0.9152029201455798,70,0,2,True,,3.0,1.9844638224858446,5.07917608400378,1.0000000000000004,4.440892098500626e-16,True,1.6166000000055192,Optimization terminated successfully
Wine,3,42,10,300,0.0001,50,least_cost,Ranked k-means,All features mutable,α = 1,1.0,141,1,0,True,,13.0,0.11807624030050837,1.2389475872314408,3.2507689910036026,2.2507689910036026,True,2.7197000000001026,Optimization terminated successfully
Wine,3,42,10,300,0.0001,50,least_cost,Ranked k-means,All features mutable,α < 1,0.8911233276631206,141,1,0,True,,13.0,0.1629011912273666,1.455237261052563,2.7676122009372595,1.7676122009372595,True,2.7656999999976506,Optimization terminated successfully
Wine,3,42,10,300,0.0001,50,least_cost,Ranked k-means,Random 25% immutable,α = 1,1.0,141,1,0,True,,10.0,0.1337234734044285,1.3184859325216822,2.8703904522363453,1.8703904522363453,True,2.319100000008234,Optimization terminated successfully
Wine,3,42,10,300,0.0001,50,least_cost,Ranked k-means,Random 25% immutable,α < 1,0.8911233276631206,141,1,0,True,,10.0,0.18448853941489113,1.548661038572865,2.44376873546581,1.44376873546581,True,2.638799999999719,Optimization terminated successfully
Wine,3,42,10,300,0.0001,50,least_cost,Ranked k-means,Random 50% immutable,α = 1,1.0,141,1,0,True,,7.0,0.2417236887894366,1.7726838280592159,2.022150782766886,1.0221507827668859,True,2.180799999990768,Optimization terminated successfully
Wine,3,42,10,300,0.0001,50,least_cost,Ranked k-means,Random 50% immutable,α < 1,0.8911233276631206,141,1,0,True,,7.0,0.3334885727345008,2.0821506779165886,1.7216016276028756,0.7216016276028756,True,2.3400999999978467,Optimization terminated successfully
Wine,3,42,10,300,0.0001,50,least_cost,Ranked k-means,Random 75% immutable,α = 1,1.0,141,1,0,True,,3.0,0.27628520823449754,1.8951801252251639,1.3892838780606156,0.3892838780606156,True,1.5823999999895477,Optimization terminated successfully
Wine,3,42,10,300,0.0001,50,least_cost,Ranked k-means,Random 75% immutable,α < 1,0.8911233276631206,141,1,0,True,,3.0,0.3811705845761667,2.2260318055881787,1.1827967568683222,0.1827967568683222,True,1.566199999999185,Optimization terminated successfully
Wine,3,42,10,300,0.0001,50,least_cost,Ranked k-means,All features mutable,α = 1,1.0,156,1,2,True,,13.0,0.5994285432622155,2.791517698745398,2.898671771576995,1.898671771576995,True,2.692899999999554,Optimization terminated successfully
Wine,3,42,10,300,0.0001,50,least_cost,Ranked k-means,All features mutable,α < 1,0.9152029201455798,156,1,2,True,,13.0,0.6944955282802668,3.004736572088054,2.6929793485608453,1.6929793485608453,True,2.651100000008455,Optimization terminated successfully
Wine,3,42,10,300,0.0001,50,least_cost,Ranked k-means,Random 25% immutable,α = 1,1.0,156,1,2,True,,10.0,0.7918400471487255,3.2084140339010845,2.1943150959485185,1.1943150959485185,True,2.399699999998006,Optimization terminated successfully
Wine,3,42,10,300,0.0001,50,least_cost,Ranked k-means,Random 25% immutable,α < 1,0.9152029201455798,156,1,2,True,,10.0,0.9174227320994681,3.453475860244731,2.0386044724560812,1.0386044724560812,True,2.333899999996447,Optimization terminated successfully
Wine,3,42,10,300,0.0001,50,least_cost,Ranked k-means,Random 50% immutable,α = 1,1.0,156,1,2,True,,7.0,1.23132456337529,4.000902313713592,1.411119894783111,0.41111989478311095,True,2.0775999999926853,Optimization terminated successfully
Wine,3,42,10,300,0.0001,50,least_cost,Ranked k-means,Random 50% immutable,α < 1,0.9152029201455798,156,1,2,True,,7.0,1.4266077462242437,4.306495176000452,1.3109855245420265,0.31098552454202655,True,2.0580999999992855,Optimization terminated successfully
Wine,3,42,10,300,0.0001,50,least_cost,Ranked k-means,Random 75% immutable,α = 1,1.0,156,1,2,False,,,,,,,False,5.368099999998321,Positive directional derivative for linesearch
Wine,3,42,10,300,0.0001,50,least_cost,Ranked k-means,Random 75% immutable,α < 1,0.9152029201455798,156,1,2,False,,,,,,,False,20.182300000001874,Positive directional derivative for linesearch
Wine,3,42,10,300,0.0001,50,least_cost,Ranked k-means,All features mutable,α = 1,1.0,36,2,1,True,,13.0,0.22891505294512082,1.7250784585886436,3.001203908716553,2.001203908716553,True,2.83489999999631,Optimization terminated successfully
Wine,3,42,10,300,0.0001,50,least_cost,Ranked k-means,All features mutable,α < 1,0.9454695850561792,36,2,1,True,,13.0,0.26675098535808134,1.862193010849052,2.7802232113316507,1.7802232113316507,True,2.8223000000053844,Optimization terminated successfully
Wine,3,42,10,300,0.0001,50,least_cost,Ranked k-means,Random 25% immutable,α = 1,1.0,36,2,1,True,,10.0,0.4564243328506895,2.4358810166054834,1.781588050538284,0.781588050538284,True,2.429900000009866,Optimization terminated successfully
Wine,3,42,10,300,0.0001,50,least_cost,Ranked k-means,Random 25% immutable,α < 1,0.9454695850561792,36,2,1,True,,10.0,0.5322772503599891,2.6305140666188915,1.6486463611302447,0.6486463611302447,True,2.528600000005099,Optimization terminated successfully
Wine,3,42,10,300,0.0001,50,least_cost,Ranked k-means,Random 50% immutable,α = 1,1.0,36,2,1,True,,7.0,0.4469647546763283,2.4105065465151236,1.512597353101219,0.5125973531012189,True,2.1109000000052447,Optimization terminated successfully
Wine,3,42,10,300,0.0001,50,least_cost,Ranked k-means,Random 50% immutable,α < 1,0.9454695850561792,36,2,1,True,,7.0,0.5213877818947966,2.603467142990738,1.3939584291896232,0.3939584291896232,True,2.0373999999918624,Optimization terminated successfully
Wine,3,42,10,300,0.0001,50,least_cost,Ranked k-means,Random 75% immutable,α = 1,1.0,36,2,1,True,,3.0,0.9526674697885488,3.5191869952094237,1.0,0.0,False,1.5377000000000862,Optimization terminated successfully
Wine,3,42,10,300,0.0001,50,least_cost,Ranked k-means,Random 75% immutable,α < 1,0.9454695850561792,36,2,1,True,,3.0,1.1796203216284888,3.916001044582388,1.0000000000000007,6.661338147750939e-16,True,1.5522000000061098,Optimization terminated successfully
Wine,3,42,10,300,0.0001,50,least_cost,Ranked k-means,All features mutable,α = 1,1.0,134,1,2,True,,13.0,0.45068061291109845,2.4205057256375744,1.8215137788034261,0.8215137788034261,True,2.605900000006045,Optimization terminated successfully
Wine,3,42,10,300,0.0001,50,least_cost,Ranked k-means,All features mutable,α < 1,0.9152029201455798,134,1,2,True,,13.0,0.528573438197768,2.621345970407375,1.5442320780518828,0.5442320780518828,True,2.8906000000006316,Optimization terminated successfully
Wine,3,42,10,300,0.0001,50,least_cost,Ranked k-means,Random 25% immutable,α = 1,1.0,134,1,2,True,,10.0,0.49258711191618487,2.530539953233381,2.6698524211554022,1.6698524211554022,True,2.509699999990289,Optimization terminated successfully
Wine,3,42,10,300,0.0001,50,least_cost,Ranked k-means,Random 25% immutable,α < 1,0.9152029201455798,134,1,2,True,,10.0,0.5787436051954156,2.742930343180519,2.504835670757964,1.5048356707579642,True,2.25740000000485,Optimization terminated successfully
Wine,3,42,10,300,0.0001,50,least_cost,Ranked k-means,Random 50% immutable,α = 1,1.0,134,1,2,True,,7.0,1.5364488549358368,4.469209674446465,1.0635310851374813,0.06353108513748129,True,2.363299999998958,Optimization terminated successfully
Wine,3,42,10,300,0.0001,50,least_cost,Ranked k-means,Random 50% immutable,α < 1,0.9152029201455798,134,1,2,True,,7.0,1.7541763924951816,4.775384079049282,1.0,0.0,False,2.1787000000017542,Optimization terminated successfully
Wine,3,42,10,300,0.0001,50,least_cost,Ranked k-means,Random 75% immutable,α = 1,1.0,134,1,2,False,,,,,,,False,11.736899999988282,Positive directional derivative for linesearch
Wine,3,42,10,300,0.0001,50,least_cost,Ranked k-means,Random 75% immutable,α < 1,0.9152029201455798,134,1,2,False,,,,,,,False,4.703399999996805,Positive directional derivative for linesearch
Wine,3,42,10,300,0.0001,50,least_cost,Ranked k-means,All features mutable,α = 1,1.0,119,0,2,True,,13.0,0.44946146404765824,2.417229619341025,2.8139740867688765,1.8139740867688765,True,2.643599999998969,Optimization terminated successfully
Wine,3,42,10,300,0.0001,50,least_cost,Ranked k-means,All features mutable,α < 1,0.9152029201455798,119,0,2,True,,13.0,0.5079551861583724,2.569711544134641,2.6469980821755197,1.6469980821755197,True,2.655199999992419,Optimization terminated successfully
Wine,3,42,10,300,0.0001,50,least_cost,Ranked k-means,Random 25% immutable,α = 1,1.0,119,0,2,True,,10.0,0.7686078221119721,3.160996945182902,1.7268295420986959,0.7268295420986959,True,2.343499999994947,Optimization terminated successfully
Wine,3,42,10,300,0.0001,50,least_cost,Ranked k-means,Random 25% immutable,α < 1,0.9152029201455798,119,0,2,True,,10.0,0.8686358244102338,3.3603966607132914,1.6243626822151545,0.6243626822151545,True,2.504699999988702,Optimization terminated successfully
Wine,3,42,10,300,0.0001,50,least_cost,Ranked k-means,Random 50% immutable,α = 1,1.0,119,0,2,True,,7.0,1.1601615962107357,3.883568043789057,1.5210434621807132,0.5210434621807132,True,2.0112999999923886,Optimization terminated successfully
Wine,3,42,10,300,0.0001,50,least_cost,Ranked k-means,Random 50% immutable,α < 1,0.9152029201455798,119,0,2,True,,7.0,1.3111471098544087,4.128548465030695,1.4307875716198635,0.4307875716198635,True,2.051300000005085,Optimization terminated successfully
Wine,3,42,10,300,0.0001,50,least_cost,Ranked k-means,Random 75% immutable,α = 1,1.0,119,0,2,True,,3.0,1.3761223749190046,4.229608832261804,1.0000000000000004,4.440892098500626e-16,True,1.6117000000122061,Optimization terminated successfully
Wine,3,42,10,300,0.0001,50,least_cost,Ranked k-means,Random 75% immutable,α < 1,0.9152029201455798,119,0,2,True,,3.0,1.6813125399088167,4.675153796273938,1.0,0.0,False,1.5938000000090824,Optimization terminated successfully
Wine,3,42,10,300,0.0001,50,least_cost,Ranked k-means,All features mutable,α = 1,1.0,100,0,1,True,,13.0,0.6028388468103378,2.7994472683968152,2.109548128458946,1.109548128458946,True,2.5615999999928363,Optimization terminated successfully
Wine,3,42,10,300,0.0001,50,least_cost,Ranked k-means,All features mutable,α < 1,0.9454695850561792,100,0,1,True,,13.0,0.6503965843122644,2.907775025007856,2.0309579435025404,1.0309579435025404,True,2.638799999999719,Optimization terminated successfully
Wine,3,42,10,300,0.0001,50,least_cost,Ranked k-means,Random 25% immutable,α = 1,1.0,100,0,1,True,,10.0,0.6653795970530156,2.9410771431040708,1.9112662632055497,0.9112662632055497,True,2.257300000010787,Optimization terminated successfully
Wine,3,42,10,300,0.0001,50,least_cost,Ranked k-means,Random 25% immutable,α < 1,0.9454695850561792,100,0,1,True,,10.0,0.7178711516089566,3.054885426806779,1.8400629652558855,0.8400629652558855,True,2.311000000005947,Optimization terminated successfully
Wine,3,42,10,300,0.0001,50,least_cost,Ranked k-means,Random 50% immutable,α = 1,1.0,100,0,1,True,,7.0,0.8454463512726795,3.315237935132987,1.5453383415158848,0.5453383415158848,True,2.0098000000103866,Optimization terminated successfully
Wine,3,42,10,300,0.0001,50,least_cost,Ranked k-means,Random 50% immutable,α < 1,0.9454695850561792,100,0,1,True,,7.0,0.9121433066174264,3.4435247909702267,1.4877675090034579,0.4877675090034579,True,2.0205000000004247,Optimization terminated successfully
Wine,3,42,10,300,0.0001,50,least_cost,Ranked k-means,Random 75% immutable,α = 1,1.0,100,0,1,False,,,,,,,False,11.193300000002182,Inequality constraints incompatible
Wine,3,42,10,300,0.0001,50,least_cost,Ranked k-means,Random 75% immutable,α < 1,0.9454695850561792,100,0,1,False,,,,,,,False,1.249099999995451,Positive directional derivative for linesearch
Wine,3,42,10,300,0.0001,50,least_cost,Ranked k-means,All features mutable,α = 1,1.0,150,1,2,True,,13.0,0.3887597034042809,2.2480827707750555,1.2593726255517113,0.25937262555171126,True,2.810499999995386,Optimization terminated successfully
Wine,3,42,10,300,0.0001,50,least_cost,Ranked k-means,All features mutable,α < 1,0.9152029201455798,150,1,2,True,,13.0,0.4660004448720414,2.4613016441177096,1.1502750752282884,0.15027507522828842,True,2.951899999999341,Optimization terminated successfully
Wine,3,42,10,300,0.0001,50,least_cost,Ranked k-means,Random 25% immutable,α = 1,1.0,150,1,2,True,,10.0,0.4744225913721868,2.4834439167894304,1.0319772761093056,0.031977276109305564,True,1.623100000003319,Optimization terminated successfully
Wine,3,42,10,300,0.0001,50,least_cost,Ranked k-means,Random 25% immutable,α < 1,0.9152029201455798,150,1,2,True,,10.0,0.5688464727132965,2.719375690351161,1.0,0.0,False,1.673799999991843,Optimization terminated successfully
Wine,3,42,10,300,0.0001,50,least_cost,Ranked k-means,Random 50% immutable,α = 1,1.0,150,1,2,True,,7.0,0.5847862562040049,2.7572126016417493,1.0,0.0,False,1.9857999999999265,Optimization terminated successfully
Wine,3,42,10,300,0.0001,50,least_cost,Ranked k-means,Random 50% immutable,α < 1,0.9152029201455798,150,1,2,True,,7.0,0.7031589080016694,3.023419554746199,1.0,0.0,False,1.9448000000039656,Optimization terminated successfully
Wine,3,42,10,300,0.0001,50,least_cost,Ranked k-means,Random 75% immutable,α = 1,1.0,150,1,2,False,,,,,,,False,5.265299999990702,Positive directional derivative for linesearch
Wine,3,42,10,300,0.0001,50,least_cost,Ranked k-means,Random 75% immutable,α < 1,0.9152029201455798,150,1,2,False,,,,,,,False,5.063699999993787,Positive directional derivative for linesearch
Wine,3,42,10,300,0.0001,50,least_cost,Ranked k-means,All features mutable,α = 1,1.0,55,2,0,True,,13.0,0.31553244383235446,2.0253201647691674,2.5339160033750394,1.5339160033750394,True,2.589999999997872,Optimization terminated successfully
Wine,3,42,10,300,0.0001,50,least_cost,Ranked k-means,All features mutable,α < 1,0.8911233276631206,55,2,0,True,,13.0,0.37948414759611676,2.221101960457808,2.310560821569157,1.3105608215691569,True,3.068600000005972,Optimization terminated successfully
Wine,3,42,10,300,0.0001,50,least_cost,Ranked k-means,Random 25% immutable,α = 1,1.0,55,2,0,True,,10.0,0.3788272504877903,2.2191787346541676,2.110546989534996,1.110546989534996,True,2.254099999987602,Optimization terminated successfully
Wine,3,42,10,300,0.0001,50,least_cost,Ranked k-means,Random 25% immutable,α < 1,0.8911233276631206,55,2,0,True,,10.0,0.45560746302817634,2.4337002731162873,1.9245101964615057,0.9245101964615057,True,2.227099999998927,Optimization terminated successfully
Wine,3,42,10,300,0.0001,50,least_cost,Ranked k-means,Random 50% immutable,α = 1,1.0,55,2,0,True,,7.0,0.3856692949353512,2.2391294813296447,2.073104393856624,1.073104393856624,True,2.0055000000098744,Optimization terminated successfully
Wine,3,42,10,300,0.0001,50,least_cost,Ranked k-means,Random 50% immutable,α < 1,0.8911233276631206,55,2,0,True,,7.0,0.46383624411154695,2.4555796003082673,1.8903680277655117,0.8903680277655117,True,2.063499999991336,Optimization terminated successfully
Wine,3,42,10,300,0.0001,50,least_cost,Ranked k-means,Random 75% immutable,α = 1,1.0,55,2,0,False,,,,,,,False,1.6665999999929682,Positive directional derivative for linesearch
Wine,3,42,10,300,0.0001,50,least_cost,Ranked k-means,Random 75% immutable,α < 1,0.8911233276631206,55,2,0,False,,,,,,,False,4.307799999992312,Positive directional derivative for linesearch
Wine,3,42,10,300,0.0001,50,least_cost,Ranked k-means,All features mutable,α = 1,1.0,18,2,0,True,,13.0,1.1609640910614465,3.8849109621455677,2.0516313479669637,1.0516313479669637,True,4.304200000007086,Optimization terminated successfully
Wine,3,42,10,300,0.0001,50,least_cost,Ranked k-means,All features mutable,α < 1,0.8911233276631206,18,2,0,True,,13.0,1.2809271833723856,4.080692757834264,1.9531989766820284,0.9531989766820284,True,2.806300000003148,Optimization terminated successfully
Wine,3,42,10,300,0.0001,50,least_cost,Ranked k-means,Random 25% immutable,α = 1,1.0,18,2,0,True,,10.0,1.3162199794162688,4.136527496876032,1.8096293384281879,0.8096293384281879,True,2.298500000009085,Optimization terminated successfully
Wine,3,42,10,300,0.0001,50,least_cost,Ranked k-means,Random 25% immutable,α < 1,0.8911233276631206,18,2,0,True,,10.0,1.4522257526420785,4.344989618439499,1.7228076426349939,0.7228076426349939,True,2.4724000000020396,Optimization terminated successfully
Wine,3,42,10,300,0.0001,50,least_cost,Ranked k-means,Random 50% immutable,α = 1,1.0,18,2,0,True,,7.0,2.3735965520249684,5.554885703263802,1.0034857208355756,0.003485720835575634,True,1.9472000000035905,Optimization terminated successfully
Wine,3,42,10,300,0.0001,50,least_cost,Ranked k-means,Random 50% immutable,α < 1,0.8911233276631206,18,2,0,True,,7.0,2.6238873759158228,5.840422577768297,1.0000000000000013,1.3322676295501878e-15,True,2.0391000000046233,Optimization terminated successfully
Wine,3,42,10,300,0.0001,50,least_cost,Ranked k-means,Random 75% immutable,α = 1,1.0,18,2,0,False,,,,,,,False,22.184299999992163,Positive directional derivative for linesearch
Wine,3,42,10,300,0.0001,50,least_cost,Ranked k-means,Random 75% immutable,α < 1,0.8911233276631206,18,2,0,False,,,,,,,False,1.2174000000015894,Positive directional derivative for linesearch
Wine,3,42,10,300,0.0001,50,least_cost,Ranked k-means,All features mutable,α = 1,1.0,12,2,0,True,,13.0,0.2025980435603929,1.6228908054102429,2.764727811646737,1.764727811646737,True,2.6162999999996828,Optimization terminated successfully
Wine,3,42,10,300,0.0001,50,least_cost,Ranked k-means,All features mutable,α < 1,0.8911233276631206,12,2,0,True,,13.0,0.25442846384521334,1.818672601098882,2.467102283459057,1.4671022834590568,True,2.6505000000014434,Optimization terminated successfully
Wine,3,42,10,300,0.0001,50,least_cost,Ranked k-means,Random 25% immutable,α = 1,1.0,12,2,0,True,,10.0,0.2470141165334493,1.791977543088875,2.267596895861173,1.267596895861173,True,2.3934000000025435,Optimization terminated successfully
Wine,3,42,10,300,0.0001,50,least_cost,Ranked k-means,Random 25% immutable,α < 1,0.8911233276631206,12,2,0,True,,10.0,0.3102074487651885,2.0081575719916627,2.023487979818923,1.0234879798189231,True,2.739099999999439,Optimization terminated successfully
Wine,3,42,10,300,0.0001,50,least_cost,Ranked k-means,Random 50% immutable,α = 1,1.0,12,2,0,True,,7.0,0.27842245726309967,1.9024962403169934,2.808398055961096,1.8083980559610962,True,1.9495000000091522,Optimization terminated successfully
Wine,3,42,10,300,0.0001,50,least_cost,Ranked k-means,Random 50% immutable,α < 1,0.8911233276631206,12,2,0,True,,7.0,0.3496509485312156,2.132008989405486,2.5060713946953226,1.5060713946953226,True,1.9498999999996158,Optimization terminated successfully
Wine,3,42,10,300,0.0001,50,least_cost,Ranked k-means,Random 75% immutable,α = 1,1.0,12,2,0,False,,,,,,,False,1.1418999999932566,Positive directional derivative for linesearch
Wine,3,42,10,300,0.0001,50,least_cost,Ranked k-means,Random 75% immutable,α < 1,0.8911233276631206,12,2,0,False,,,,,,,False,2.3924999999991314,Positive directional derivative for linesearch
Wine,3,42,10,300,0.0001,50,least_cost,Ranked k-means,All features mutable,α = 1,1.0,137,1,2,True,,13.0,0.9623416192282995,3.5370101851659816,2.324779392560097,1.3247793925600968,True,2.6412999999934073,Optimization terminated successfully
Wine,3,42,10,300,0.0001,50,least_cost,Ranked k-means,All features mutable,α < 1,0.9152029201455798,137,1,2,True,,13.0,1.082712647123918,3.7517015356516477,2.1933707864582774,1.1933707864582774,True,2.6629999999983056,Optimization terminated successfully
Wine,3,42,10,300,0.0001,50,least_cost,Ranked k-means,Random 25% immutable,α = 1,1.0,137,1,2,True,,10.0,1.5216381700496235,4.447616913656694,1.8386814306347525,0.8386814306347525,True,2.4506999999971413,Optimization terminated successfully
Wine,3,42,10,300,0.0001,50,least_cost,Ranked k-means,Random 25% immutable,α < 1,0.9152029201455798,137,1,2,True,,10.0,1.71152361873192,4.71697011263745,1.7338797657835447,0.7338797657835447,True,2.349600000002283,Optimization terminated successfully
Wine,3,42,10,300,0.0001,50,least_cost,Ranked k-means,Random 50% immutable,α = 1,1.0,137,1,2,True,,7.0,2.5459644072288006,5.753045914467778,1.0,0.0,False,2.047899999993774,Optimization terminated successfully
Wine,3,42,10,300,0.0001,50,least_cost,Ranked k-means,Random 50% immutable,α < 1,0.9152029201455798,137,1,2,True,,7.0,2.8793098888744026,6.118090270285919,1.0,0.0,False,1.9845000000060509,Optimization terminated successfully
Wine,3,42,10,300,0.0001,50,least_cost,Ranked k-means,Random 75% immutable,α = 1,1.0,137,1,2,True,,3.0,2.8826681215043966,6.121657094248024,1.000000000000001,1.1102230246251565e-15,True,1.6506000000049426,Optimization terminated successfully
Wine,3,42,10,300,0.0001,50,least_cost,Ranked k-means,Random 75% immutable,α < 1,0.9152029201455798,137,1,2,True,,3.0,3.710317566880969,6.9450794357914,1.0000000000000022,2.220446049250313e-15,True,1.5564999999924112,Optimization terminated successfully
Wine,3,42,10,300,0.0001,50,least_cost,Ranked + weighted SHARK,All features mutable,α = 1,1.0,62,2,1,True,,13.0,0.0477229347393494,0.724761496224552,2.993124131263087,1.993124131263087,True,16.16490000000681,Optimization terminated successfully
Wine,3,42,10,300,0.0001,50,least_cost,Ranked + weighted SHARK,All features mutable,α < 1,0.9959923504523763,62,2,1,True,,13.0,0.04874594734861496,0.7324884782165977,2.961549769161384,1.9615497691613841,True,16.053700000000504,Optimization terminated successfully
Wine,3,42,10,300,0.0001,50,least_cost,Ranked + weighted SHARK,Random 25% immutable,α = 1,1.0,62,2,1,True,,10.0,0.0498054531257351,0.723170786939472,2.867217110578971,1.867217110578971,True,13.175099999997997,Optimization terminated successfully
Wine,3,42,10,300,0.0001,50,least_cost,Ranked + weighted SHARK,Random 25% immutable,α < 1,0.9959923504523763,62,2,1,True,,10.0,0.050873107637098736,0.7308808098575432,2.8369708475485416,1.8369708475485416,True,12.846299999992539,Optimization terminated successfully
Wine,3,42,10,300,0.0001,50,least_cost,Ranked + weighted SHARK,Random 50% immutable,α = 1,1.0,62,2,1,True,,7.0,0.0633505814705557,0.77636394767004,2.2543970008147736,1.2543970008147736,True,11.362900000008835,Optimization terminated successfully
Wine,3,42,10,300,0.0001,50,least_cost,Ranked + weighted SHARK,Random 50% immutable,α < 1,0.9959923504523763,62,2,1,True,,7.0,0.06470859610264046,0.7846410846572877,2.2306156241689012,1.2306156241689012,True,11.480099999999993,Optimization terminated successfully
Wine,3,42,10,300,0.0001,50,least_cost,Ranked + weighted SHARK,Random 75% immutable,α = 1,1.0,62,2,1,True,,3.0,0.15023724672208447,1.032740033426367,1.6962198353794724,0.6962198353794724,True,3.9119999999996935,Optimization terminated successfully
Wine,3,42,10,300,0.0001,50,least_cost,Ranked + weighted SHARK,Random 75% immutable,α < 1,0.9959923504523763,62,2,1,True,,3.0,0.1534578071889775,1.0437505075134172,1.6783264989130005,0.6783264989130005,True,3.780100000000175,Optimization terminated successfully
Wine,3,42,10,300,0.0001,50,least_cost,Ranked + weighted SHARK,All features mutable,α = 1,1.0,74,2,0,True,,12.0,0.012345897794025656,0.3654886165857003,8.952727098339032,7.952727098339032,True,15.371799999996938,Optimization terminated successfully
Wine,3,42,10,300,0.0001,50,least_cost,Ranked + weighted SHARK,All features mutable,α < 1,0.9609577164831223,74,2,0,True,,12.0,0.01751338708558723,0.4353089437488704,7.516776317013537,6.516776317013537,True,15.713000000005195,Optimization terminated successfully
Wine,3,42,10,300,0.0001,50,least_cost,Ranked + weighted SHARK,Random 25% immutable,α = 1,1.0,74,2,0,True,,9.0,0.014144821969680758,0.3859784564907412,7.81391878888823,6.81391878888823,True,15.020999999990181,Optimization terminated successfully
Wine,3,42,10,300,0.0001,50,least_cost,Ranked + weighted SHARK,Random 25% immutable,α < 1,0.9609577164831223,74,2,0,True,,9.0,0.020065267552280233,0.45971301590363955,6.560624186366094,5.560624186366094,True,13.81030000000294,Optimization terminated successfully
Wine,3,42,10,300,0.0001,50,least_cost,Ranked + weighted SHARK,Random 50% immutable,α = 1,1.0,74,2,0,True,,6.0,0.014261643844209537,0.3746356494993682,10.7763713580104,9.7763713580104,True,10.620599999995761,Optimization terminated successfully
Wine,3,42,10,300,0.0001,50,least_cost,Ranked + weighted SHARK,Random 50% immutable,α < 1,0.9609577164831223,74,2,0,True,,6.0,0.020230986298978244,0.4462033598693106,9.047921291671743,8.047921291671743,True,10.105899999999224,Optimization terminated successfully
Wine,3,42,10,300,0.0001,50,least_cost,Ranked + weighted SHARK,Random 75% immutable,α = 1,1.0,74,2,0,False,,,,,,,False,9.78030000000274,Positive directional derivative for linesearch
Wine,3,42,10,300,0.0001,50,least_cost,Ranked + weighted SHARK,Random 75% immutable,α < 1,0.9609577164831223,74,2,0,False,,,,,,,False,6.991700000000378,Positive directional derivative for linesearch
Wine,3,42,10,300,0.0001,50,least_cost,Ranked + weighted SHARK,All features mutable,α = 1,1.0,66,2,0,True,,13.0,0.014214184803752108,0.39384295438855765,10.461670750277195,9.461670750277195,True,15.534999999999854,Optimization terminated successfully
Wine,3,42,10,300,0.0001,50,least_cost,Ranked + weighted SHARK,All features mutable,α < 1,0.9609577164831223,66,2,0,True,,13.0,0.019696048763678097,0.4636087871475755,8.887354084575707,7.887354084575707,True,16.757800000007705,Optimization terminated successfully
Wine,3,42,10,300,0.0001,50,least_cost,Ranked + weighted SHARK,Random 25% immutable,α = 1,1.0,66,2,0,True,,10.0,0.02776270861077345,0.6144328584677634,5.355877292348578,4.355877292348578,True,12.334199999997963,Optimization terminated successfully
Wine,3,42,10,300,0.0001,50,least_cost,Ranked + weighted SHARK,Random 25% immutable,α < 1,0.9609577164831223,66,2,0,True,,10.0,0.038469716706361796,0.7232742588341915,4.549902105721363,3.5499021057213627,True,12.191200000003732,Optimization terminated successfully
Wine,3,42,10,300,0.0001,50,least_cost,Ranked + weighted SHARK,Random 50% immutable,α = 1,1.0,66,2,0,True,,7.0,0.023285630025289904,0.47666701888226987,7.784585521850057,6.784585521850057,True,9.818699999996738,Optimization terminated successfully
Wine,3,42,10,300,0.0001,50,least_cost,Ranked + weighted SHARK,Random 50% immutable,α < 1,0.9609577164831223,66,2,0,True,,7.0,0.032266000420001016,0.561085133153421,6.613233760556098,5.613233760556098,True,8.699199999995244,Optimization terminated successfully
Wine,3,42,10,300,0.0001,50,least_cost,Ranked + weighted SHARK,Random 75% immutable,α = 1,1.0,66,2,0,True,,3.0,0.12837268928472026,1.5447755637703657,2.169599851104512,1.169599851104512,True,3.635399999993183,Optimization terminated successfully
Wine,3,42,10,300,0.0001,50,least_cost,Ranked + weighted SHARK,Random 75% immutable,α < 1,0.9609577164831223,66,2,0,True,,3.0,0.177881094331391,1.8184189855414497,1.8431090915547208,0.8431090915547208,True,3.9251000000035674,Optimization terminated successfully
Wine,3,42,10,300,0.0001,50,least_cost,Ranked + weighted SHARK,All features mutable,α = 1,1.0,11,0,1,True,,13.0,0.3415765316084074,1.8510499896166257,2.619537353036872,1.619537353036872,True,16.893199999998387,Optimization terminated successfully
Wine,3,42,10,300,0.0001,50,least_cost,Ranked + weighted SHARK,All features mutable,α < 1,0.9959923504523763,11,0,1,True,,13.0,0.3452443044857993,1.860961525976989,2.6055855202385407,1.6055855202385407,True,17.045400000000654,Optimization terminated successfully
Wine,3,42,10,300,0.0001,50,least_cost,Ranked + weighted SHARK,Random 25% immutable,α = 1,1.0,11,0,1,True,,10.0,0.40039240570624135,1.9230125694427718,2.2346897813018387,1.2346897813018387,True,15.201900000008095,Optimization terminated successfully
Wine,3,42,10,300,0.0001,50,least_cost,Ranked + weighted SHARK,Random 25% immutable,α < 1,0.9959923504523763,11,0,1,True,,10.0,0.4046917303672324,1.9333094371673536,2.2227877376693495,1.2227877376693495,True,15.324199999994903,Optimization terminated successfully
Wine,3,42,10,300,0.0001,50,least_cost,Ranked + weighted SHARK,Random 50% immutable,α = 1,1.0,11,0,1,True,,7.0,0.44844011134093076,2.05091873963139,1.9952878058969157,0.9952878058969157,True,14.916799999994623,Optimization terminated successfully
Wine,3,42,10,300,0.0001,50,least_cost,Ranked + weighted SHARK,Random 50% immutable,α < 1,0.9959923504523763,11,0,1,True,,7.0,0.453255361585156,2.0619005289522785,1.9846608520217779,0.9846608520217779,True,12.846499999994876,Optimization terminated successfully
Wine,3,42,10,300,0.0001,50,least_cost,Ranked + weighted SHARK,Random 75% immutable,α = 1,1.0,11,0,1,True,,3.0,0.6207946016380198,2.0812455349747587,1.4413480416490347,0.44134804164903474,True,4.535899999993376,Optimization terminated successfully
Wine,3,42,10,300,0.0001,50,least_cost,Ranked + weighted SHARK,Random 75% immutable,α < 1,0.9959923504523763,11,0,1,True,,3.0,0.6274605560934363,2.092389680133259,1.4336713846146252,0.4336713846146252,True,4.801800000009848,Optimization terminated successfully
Wine,3,42,10,300,0.0001,50,least_cost,Ranked + weighted SHARK,All features mutable,α = 1,1.0,138,1,0,True,,13.0,0.7656778482026817,2.770878865438212,2.7188509037206594,1.7188509037206594,True,17.520900000008055,Optimization terminated successfully
Wine,3,42,10,300,0.0001,50,least_cost,Ranked + weighted SHARK,All features mutable,α < 1,0.9609577164831223,138,1,0,True,,13.0,0.819985429098883,2.8674504184096987,2.627993724157144,1.627993724157144,True,16.77399999999807,Optimization terminated successfully
Wine,3,42,10,300,0.0001,50,least_cost,Ranked + weighted SHARK,Random 25% immutable,α = 1,1.0,138,1,0,True,,10.0,1.1811785969776345,3.4987311700222707,1.266582894754397,0.2665828947543969,True,15.03790000001004,Optimization terminated successfully
Wine,3,42,10,300,0.0001,50,least_cost,Ranked + weighted SHARK,Random 25% immutable,α < 1,0.9609577164831223,138,1,0,True,,10.0,1.2652425481778047,3.621412662190199,1.2226791790042686,0.2226791790042686,True,25.605800000008117,Optimization terminated successfully
Wine,3,42,10,300,0.0001,50,least_cost,Ranked + weighted SHARK,Random 50% immutable,α = 1,1.0,138,1,0,True,,7.0,2.1284827888293307,5.447305976063279,1.072424867640674,0.07242486764067402,True,11.548999999988041,Optimization terminated successfully
Wine,3,42,10,300,0.0001,50,least_cost,Ranked + weighted SHARK,Random 50% immutable,α < 1,0.9609577164831223,138,1,0,True,,7.0,2.280772038364009,5.639516835846927,1.0356936601302538,0.03569366013025377,True,10.978899999997793,Optimization terminated successfully
Wine,3,42,10,300,0.0001,50,least_cost,Ranked + weighted SHARK,Random 75% immutable,α = 1,1.0,138,1,0,False,,,,,,,False,10.26769999999999,Positive directional derivative for linesearch
Wine,3,42,10,300,0.0001,50,least_cost,Ranked + weighted SHARK,Random 75% immutable,α < 1,0.9609577164831223,138,1,0,False,,,,,,,False,3.08579999999381,Positive directional derivative for linesearch
Wine,3,42,10,300,0.0001,50,least_cost,Ranked + weighted SHARK,All features mutable,α = 1,1.0,173,1,0,True,,13.0,0.7547715883820968,2.7515704003550594,2.8094203567858758,1.8094203567858758,True,17.45640000000037,Optimization terminated successfully
Wine,3,42,10,300,0.0001,50,least_cost,Ranked + weighted SHARK,All features mutable,α < 1,0.9609577164831223,173,1,0,True,,13.0,0.8086735402397045,2.8481278197315247,2.7141752323259896,1.7141752323259896,True,17.964699999993172,Optimization terminated successfully
Wine,3,42,10,300,0.0001,50,least_cost,Ranked + weighted SHARK,Random 25% immutable,α = 1,1.0,173,1,0,True,,10.0,0.7921041952890159,2.7542350697019544,2.6770630314644,1.6770630314644,True,14.648899999997411,Optimization terminated successfully
Wine,3,42,10,300,0.0001,50,least_cost,Ranked + weighted SHARK,Random 25% immutable,α < 1,0.9609577164831223,173,1,0,True,,10.0,0.8486722522458576,2.850885945908134,2.586305113727895,1.586305113727895,True,15.41480000000206,Optimization terminated successfully
Wine,3,42,10,300,0.0001,50,least_cost,Ranked + weighted SHARK,Random 50% immutable,α = 1,1.0,173,1,0,True,,7.0,0.9146281095657972,2.789904025774324,2.318441869456014,1.3184418694560138,True,12.682100000006358,Optimization terminated successfully
Wine,3,42,10,300,0.0001,50,least_cost,Ranked + weighted SHARK,Random 50% immutable,α < 1,0.9609577164831223,173,1,0,True,,7.0,0.9799461998771353,2.8878129050214234,2.239822793674488,1.239822793674488,True,13.639300000008348,Optimization terminated successfully
Wine,3,42,10,300,0.0001,50,least_cost,Ranked + weighted SHARK,Random 75% immutable,α = 1,1.0,173,1,0,False,,,,,,,False,15.310600000006502,Positive directional derivative for linesearch
Wine,3,42,10,300,0.0001,50,least_cost,Ranked + weighted SHARK,Random 75% immutable,α < 1,0.9609577164831223,173,1,0,False,,,,,,,False,2.0685999999869864,Positive directional derivative for linesearch
Wine,3,42,10,300,0.0001,50,least_cost,Ranked + weighted SHARK,All features mutable,α = 1,1.0,99,2,0,True,,13.0,0.20246573747763813,1.486452541773425,4.093187936532931,3.0931879365329307,True,16.970900000004008,Optimization terminated successfully
Wine,3,42,10,300,0.0001,50,least_cost,Ranked + weighted SHARK,All features mutable,α < 1,0.9609577164831223,99,2,0,True,,13.0,0.22191757683274266,1.556220477427941,3.909683662425715,2.909683662425715,True,17.284699999990494,Optimization terminated successfully
Wine,3,42,10,300,0.0001,50,least_cost,Ranked + weighted SHARK,Random 25% immutable,α = 1,1.0,99,2,0,True,,10.0,0.6413690050423286,3.0899860144246256,1.4450991982868346,0.44509919828683464,True,16.94720000000416,Optimization terminated successfully
Wine,3,42,10,300,0.0001,50,least_cost,Ranked + weighted SHARK,Random 25% immutable,α < 1,0.9609577164831223,99,2,0,True,,10.0,0.7029883536217802,3.2350171803479335,1.3803128315991333,0.3803128315991333,True,17.749399999999582,Optimization terminated successfully
Wine,3,42,10,300,0.0001,50,least_cost,Ranked + weighted SHARK,Random 50% immutable,α = 1,1.0,99,2,0,True,,7.0,0.5533916760353523,2.7119085113811785,1.4974887628933573,0.4974887628933573,True,9.407699999997021,Optimization terminated successfully
Wine,3,42,10,300,0.0001,50,least_cost,Ranked + weighted SHARK,Random 50% immutable,α < 1,0.9609577164831223,99,2,0,True,,7.0,0.6065586272290299,2.839194275369412,1.4303538617545972,0.4303538617545972,True,10.237200000005942,Optimization terminated successfully
Wine,3,42,10,300,0.0001,50,least_cost,Ranked + weighted SHARK,Random 75% immutable,α = 1,1.0,99,2,0,True,,3.0,0.6241220707529352,2.7561150961608103,1.3277753215786254,0.32777532157862543,True,4.319100000003573,Optimization terminated successfully
Wine,3,42,10,300,0.0001,50,least_cost,Ranked + weighted SHARK,Random 75% immutable,α < 1,0.9609577164831223,99,2,0,True,,3.0,0.6840844249222097,2.88547575365926,1.2682489509727575,0.26824895097275747,True,4.090599999997835,Optimization terminated successfully
Wine,3,42,10,300,0.0001,50,least_cost,Ranked + weighted SHARK,All features mutable,α = 1,1.0,170,1,0,True,,13.0,1.0360155511128188,3.2343772867638294,2.656767044691383,1.656767044691383,True,20.249200000009182,Optimization terminated successfully
Wine,3,42,10,300,0.0001,50,least_cost,Ranked + weighted SHARK,All features mutable,α < 1,0.9609577164831223,170,1,0,True,,13.0,1.097362261284062,3.3279788502742287,2.596956656109407,1.5969566561094068,True,20.191999999994437,Optimization terminated successfully
Wine,3,42,10,300,0.0001,50,least_cost,Ranked + weighted SHARK,Random 25% immutable,α = 1,1.0,170,1,0,True,,10.0,1.249610709099408,3.3417391527193807,2.1878270873368737,1.1878270873368737,True,15.585800000010863,Optimization terminated successfully
Wine,3,42,10,300,0.0001,50,least_cost,Ranked + weighted SHARK,Random 25% immutable,α < 1,0.9609577164831223,170,1,0,True,,10.0,1.3247623418439942,3.438977153142981,2.1138860036557494,1.1138860036557494,True,15.699999999995384,Optimization terminated successfully
Wine,3,42,10,300,0.0001,50,least_cost,Ranked + weighted SHARK,Random 50% immutable,α = 1,1.0,170,1,0,True,,7.0,1.9178987691473814,4.30164441038869,1.3150654520722151,0.31506545207221515,True,10.5669000000006,Optimization terminated successfully
Wine,3,42,10,300,0.0001,50,least_cost,Ranked + weighted SHARK,Random 50% immutable,α < 1,0.9609577164831223,170,1,0,True,,7.0,2.038240437379615,4.436729600182143,1.271657248170451,0.2716572481704509,True,8.952900000011255,Optimization terminated successfully
Wine,3,42,10,300,0.0001,50,least_cost,Ranked + weighted SHARK,Random 75% immutable,α = 1,1.0,170,1,0,False,,,,,,,False,7.207100000002242,Positive directional derivative for linesearch
Wine,3,42,10,300,0.0001,50,least_cost,Ranked + weighted SHARK,Random 75% immutable,α < 1,0.9609577164831223,170,1,0,False,,,,,,,False,20.651799999996,Positive directional derivative for linesearch
Wine,3,42,10,300,0.0001,50,least_cost,Ranked + weighted SHARK,All features mutable,α = 1,1.0,46,0,1,True,,13.0,0.9063435251618905,3.015221875652706,2.177567506151854,1.177567506151854,True,18.899399999995126,Optimization terminated successfully
Wine,3,42,10,300,0.0001,50,least_cost,Ranked + weighted SHARK,All features mutable,α < 1,0.9959923504523763,46,0,1,True,,13.0,0.9123119108388192,3.0251333963239198,2.170432941630828,1.170432941630828,True,17.3707999999948,Optimization terminated successfully
Wine,3,42,10,300,0.0001,50,least_cost,Ranked + weighted SHARK,Random 25% immutable,α = 1,1.0,46,0,1,True,,10.0,1.0377908680223442,3.142771790624638,1.9017378204962345,0.9017378204962345,True,15.379400000000487,Optimization terminated successfully
Wine,3,42,10,300,0.0001,50,least_cost,Ranked + weighted SHARK,Random 25% immutable,α < 1,0.9959923504523763,46,0,1,True,,10.0,1.0446248509232072,3.15310249991478,1.89550686041823,0.8955068604182299,True,15.314099999997666,Optimization terminated successfully
Wine,3,42,10,300,0.0001,50,least_cost,Ranked + weighted SHARK,Random 50% immutable,α = 1,1.0,46,0,1,True,,7.0,1.0379632594950023,3.0827250159838044,1.9013901220675038,0.9013901220675038,True,18.48339999999382,Optimization terminated successfully
Wine,3,42,10,300,0.0001,50,least_cost,Ranked + weighted SHARK,Random 50% immutable,α < 1,0.9959923504523763,46,0,1,True,,7.0,1.0447983776143333,3.0928584189235453,1.8951603951111942,0.8951603951111942,True,11.909200000005171,Optimization terminated successfully
Wine,3,42,10,300,0.0001,50,least_cost,Ranked + weighted SHARK,Random 75% immutable,α = 1,1.0,46,0,1,False,,,,,,,False,19.361599999996315,Positive directional derivative for linesearch
Wine,3,42,10,300,0.0001,50,least_cost,Ranked + weighted SHARK,Random 75% immutable,α < 1,0.9959923504523763,46,0,1,False,,,,,,,False,8.784299999987866,Positive directional derivative for linesearch
Wine,3,42,10,300,0.0001,50,least_cost,Ranked + weighted SHARK,All features mutable,α = 1,1.0,77,2,0,True,,13.0,0.57997353444368,2.515846460468562,2.7126789215998772,1.7126789215998772,True,17.755100000002244,Optimization terminated successfully
Wine,3,42,10,300,0.0001,50,least_cost,Ranked + weighted SHARK,All features mutable,α < 1,0.9609577164831223,77,2,0,True,,13.0,0.6125868720581488,2.5856151738627204,2.639481558672187,1.6394815586721871,True,18.813800000003766,Optimization terminated successfully
Wine,3,42,10,300,0.0001,50,least_cost,Ranked + weighted SHARK,Random 25% immutable,α = 1,1.0,77,2,0,True,,10.0,0.6219783394494521,2.560263648156902,2.5294285754012193,1.5294285754012193,True,14.92290000000196,Optimization terminated successfully
Wine,3,42,10,300,0.0001,50,least_cost,Ranked + weighted SHARK,Random 25% immutable,α < 1,0.9609577164831223,77,2,0,True,,10.0,0.6569537105113181,2.631264121072009,2.461175937431353,1.4611759374313529,True,15.280700000005254,Optimization terminated successfully
Wine,3,42,10,300,0.0001,50,least_cost,Ranked + weighted SHARK,Random 50% immutable,α = 1,1.0,77,2,0,True,,7.0,1.4386239895146447,4.10451660979098,1.1476529181423167,0.14765291814231674,True,9.301899999996976,Optimization terminated successfully
Wine,3,42,10,300,0.0001,50,least_cost,Ranked + weighted SHARK,Random 50% immutable,α < 1,0.9609577164831223,77,2,0,True,,7.0,1.5195213546924815,4.218349430425013,1.1166773534027077,0.11667735340270768,True,7.536399999992227,Optimization terminated successfully
Wine,3,42,10,300,0.0001,50,least_cost,Ranked + weighted SHARK,Random 75% immutable,α = 1,1.0,77,2,0,True,,3.0,1.1245617316250263,2.896516322884393,1.3989962428747298,0.3989962428747298,True,3.243499999996402,Optimization terminated successfully
Wine,3,42,10,300,0.0001,50,least_cost,Ranked + weighted SHARK,Random 75% immutable,α < 1,0.9609577164831223,77,2,0,True,,3.0,1.187798602346995,2.976841658179535,1.3612465635398159,0.3612465635398159,True,3.221099999990429,Optimization terminated successfully
Wine,3,42,10,300,0.0001,50,least_cost,Ranked + weighted SHARK,All features mutable,α = 1,1.0,60,1,2,True,,13.0,0.017412059180769702,0.43776201731324976,2.7970788911895452,1.7970788911895452,True,15.718000000006782,Optimization terminated successfully
Wine,3,42,10,300,0.0001,50,least_cost,Ranked + weighted SHARK,All features mutable,α < 1,0.940144547490798,60,1,2,True,,13.0,0.027802159404116435,0.5531855328791505,2.213498666164198,1.213498666164198,True,16.15590000000111,Optimization terminated successfully
Wine,3,42,10,300,0.0001,50,least_cost,Ranked + weighted SHARK,Random 25% immutable,α = 1,1.0,60,1,2,True,,10.0,0.02036079082390202,0.45434868657201793,3.948249051158474,2.948249051158474,True,12.213600000009706,Optimization terminated successfully
Wine,3,42,10,300,0.0001,50,least_cost,Ranked + weighted SHARK,Random 25% immutable,α < 1,0.940144547490798,60,1,2,True,,10.0,0.032510455151049444,0.5741210631259781,3.124570595387615,2.124570595387615,True,13.146800000001235,Optimization terminated successfully
Wine,3,42,10,300,0.0001,50,least_cost,Ranked + weighted SHARK,Random 50% immutable,α = 1,1.0,60,1,2,True,,7.0,0.019942206998167365,0.4427126377819411,4.029390689718355,3.0293906897183547,True,9.397599999999784,Optimization terminated successfully
Wine,3,42,10,300,0.0001,50,least_cost,Ranked + weighted SHARK,Random 50% immutable,α < 1,0.940144547490798,60,1,2,True,,7.0,0.03184209389198879,0.559397946891525,3.18921106710074,2.18921106710074,True,9.612900000007585,Optimization terminated successfully
Wine,3,42,10,300,0.0001,50,least_cost,Ranked + weighted SHARK,Random 75% immutable,α = 1,1.0,60,1,2,True,,3.0,0.03542931352910719,0.570737537102797,5.927239606686641,4.927239606686641,True,4.588200000000597,Optimization terminated successfully
Wine,3,42,10,300,0.0001,50,least_cost,Ranked + weighted SHARK,Random 75% immutable,α < 1,0.940144547490798,60,1,2,True,,3.0,0.056570646910287015,0.7211915665859836,4.690706743654625,3.6907067436546246,True,4.5118999999971265,Optimization terminated successfully
Wine,3,42,10,300,0.0001,50,least_cost,Ranked + weighted SHARK,All features mutable,α = 1,1.0,176,1,2,True,,13.0,0.6717279676692987,2.7191824154318662,2.3142838724595616,1.3142838724595616,True,18.896499999996763,Optimization terminated successfully
Wine,3,42,10,300,0.0001,50,least_cost,Ranked + weighted SHARK,All features mutable,α < 1,0.940144547490798,176,1,2,True,,13.0,0.7299569092037718,2.8345899668496584,2.2200599895545627,1.2200599895545627,True,18.607799999998065,Optimization terminated successfully
Wine,3,42,10,300,0.0001,50,least_cost,Ranked + weighted SHARK,Random 25% immutable,α = 1,1.0,176,1,2,True,,10.0,0.8398228786209087,2.884999925836819,2.2768952889080873,1.2768952889080873,True,15.214900000003695,Optimization terminated successfully
Wine,3,42,10,300,0.0001,50,least_cost,Ranked + weighted SHARK,Random 25% immutable,α < 1,0.940144547490798,176,1,2,True,,10.0,0.9126231782245545,3.0074451461843266,2.1841938056520824,1.1841938056520824,True,15.552600000006578,Optimization terminated successfully
Wine,3,42,10,300,0.0001,50,least_cost,Ranked + weighted SHARK,Random 50% immutable,α = 1,1.0,176,1,2,True,,7.0,0.977629850299861,3.0272808432542506,1.7021921931474109,0.7021921931474109,True,12.449700000004782,Optimization terminated successfully
Wine,3,42,10,300,0.0001,50,least_cost,Ranked + weighted SHARK,Random 50% immutable,α < 1,0.940144547490798,176,1,2,True,,7.0,1.062375988747411,3.155763564889516,1.387147863495246,0.3871478634952461,True,12.592099999992001,Optimization terminated successfully
Wine,3,42,10,300,0.0001,50,least_cost,Ranked + weighted SHARK,Random 75% immutable,α = 1,1.0,176,1,2,True,,3.0,1.7627897948368378,4.327774536181126,1.141386584089059,0.1413865840890589,True,4.539500000007024,Optimization terminated successfully
Wine,3,42,10,300,0.0001,50,least_cost,Ranked + weighted SHARK,Random 75% immutable,α < 1,0.940144547490798,176,1,2,True,,3.0,1.9166707245506567,4.5434453574117475,1.0,0.0,False,2.6702999999912436,Optimization terminated successfully
Wine,3,42,10,300,0.0001,50,least_cost,Ranked + weighted SHARK,All features mutable,α = 1,1.0,132,1,2,True,,13.0,0.3500038890405488,1.9628119096630887,2.2868922155261258,1.2868922155261258,True,18.174900000005323,Optimization terminated successfully
Wine,3,42,10,300,0.0001,50,least_cost,Ranked + weighted SHARK,All features mutable,α < 1,0.940144547490798,132,1,2,True,,13.0,0.3923723246017708,2.078216655797481,2.1598697392555857,1.1598697392555857,True,18.76300000000697,Optimization terminated successfully
Wine,3,42,10,300,0.0001,50,least_cost,Ranked + weighted SHARK,Random 25% immutable,α = 1,1.0,132,1,2,True,,10.0,0.46653108672937865,2.340914841384279,1.7156968003912592,0.7156968003912592,True,15.332399999991253,Optimization terminated successfully
Wine,3,42,10,300,0.0001,50,least_cost,Ranked + weighted SHARK,Random 25% immutable,α < 1,0.940144547490798,132,1,2,True,,10.0,0.5230052953940424,2.47855385119412,1.6204207738677139,0.6204207738677139,True,15.368800000004512,Optimization terminated successfully
Wine,3,42,10,300,0.0001,50,least_cost,Ranked + weighted SHARK,Random 50% immutable,α = 1,1.0,132,1,2,True,,7.0,0.7357025842257238,2.994914540706335,1.0879569603245163,0.08795696032451628,True,11.201200000002132,Optimization terminated successfully
Wine,3,42,10,300,0.0001,50,least_cost,Ranked + weighted SHARK,Random 50% immutable,α < 1,0.940144547490798,132,1,2,True,,7.0,0.8247603611164915,3.1710177929234877,1.027519412524007,0.027519412524007025,True,11.126400000009085,Optimization terminated successfully
Wine,3,42,10,300,0.0001,50,least_cost,Ranked + weighted SHARK,Random 75% immutable,α = 1,1.0,132,1,2,False,,,,,,,False,1.1987000000033277,Positive directional derivative for linesearch
Wine,3,42,10,300,0.0001,50,least_cost,Ranked + weighted SHARK,Random 75% immutable,α < 1,0.940144547490798,132,1,2,False,,,,,,,False,18.97830000000056,Positive directional derivative for linesearch
Wine,3,42,10,300,0.0001,50,least_cost,Ranked + weighted SHARK,All features mutable,α = 1,1.0,172,1,0,True,,13.0,0.5911049594023964,2.4350418792000634,2.1516515684936275,1.1516515684936275,True,18.523900000005256,Optimization terminated successfully
Wine,3,42,10,300,0.0001,50,least_cost,Ranked + weighted SHARK,All features mutable,α < 1,0.9609577164831223,172,1,0,True,,13.0,0.6389130497867695,2.5315921342043253,2.069581822684885,1.069581822684885,True,17.44899999999916,Optimization terminated successfully
Wine,3,42,10,300,0.0001,50,least_cost,Ranked + weighted SHARK,Random 25% immutable,α = 1,1.0,172,1,0,True,,10.0,0.7042266390337684,2.5318597552765665,1.8058643585985446,0.8058643585985446,True,15.34050000000775,Optimization terminated successfully
Wine,3,42,10,300,0.0001,50,least_cost,Ranked + weighted SHARK,Random 25% immutable,α < 1,0.9609577164831223,172,1,0,True,,10.0,0.7611839200278797,2.632256668579565,1.7369869626982217,0.7369869626982217,True,15.129399999992188,Optimization terminated successfully
Wine,3,42,10,300,0.0001,50,least_cost,Ranked + weighted SHARK,Random 50% immutable,α = 1,1.0,172,1,0,True,,7.0,0.788890546060788,2.557343858802411,1.6122713497292465,0.6122713497292465,True,12.565500000008,Optimization terminated successfully
Wine,3,42,10,300,0.0001,50,least_cost,Ranked + weighted SHARK,Random 50% immutable,α < 1,0.9609577164831223,172,1,0,True,,7.0,0.8526953753802935,2.658751179070336,1.5507775258308527,0.5507775258308527,True,13.650000000012597,Optimization terminated successfully
Wine,3,42,10,300,0.0001,50,least_cost,Ranked + weighted SHARK,Random 75% immutable,α = 1,1.0,172,1,0,False,,,,,,,False,1.6388999999890075,Positive directional derivative for linesearch
Wine,3,42,10,300,0.0001,50,least_cost,Ranked + weighted SHARK,Random 75% immutable,α < 1,0.9609577164831223,172,1,0,False,,,,,,,False,1.1573999999967555,Positive directional derivative for linesearch
Wine,3,42,10,300,0.0001,50,least_cost,Ranked + weighted SHARK,All features mutable,α = 1,1.0,113,2,0,True,,12.0,0.6386420749036075,2.639999624922183,2.729627481991328,1.729627481991328,True,19.802300000009154,Optimization terminated successfully
Wine,3,42,10,300,0.0001,50,least_cost,Ranked + weighted SHARK,All features mutable,α < 1,0.9609577164831223,113,2,0,True,,12.0,0.672843509520957,2.709768150392966,2.6593475917025686,1.6593475917025686,True,18.926499999992075,Optimization terminated successfully
Wine,3,42,10,300,0.0001,50,least_cost,Ranked + weighted SHARK,Random 25% immutable,α = 1,1.0,113,2,0,True,,9.0,0.7193640864019113,2.717207601329486,2.4233399683865984,1.4233399683865984,True,16.66500000000326,Optimization terminated successfully
Wine,3,42,10,300,0.0001,50,least_cost,Ranked + weighted SHARK,Random 25% immutable,α < 1,0.9609577164831223,113,2,0,True,,9.0,0.757888456677679,2.7890165758546286,2.360946120105787,1.3609461201057869,True,15.772800000007692,Optimization terminated successfully
Wine,3,42,10,300,0.0001,50,least_cost,Ranked + weighted SHARK,Random 50% immutable,α = 1,1.0,113,2,0,True,,7.0,1.2666985637035149,3.9865272507244573,1.5644413259018781,0.5644413259018781,True,17.42240000000095,Optimization terminated successfully
Wine,3,42,10,300,0.0001,50,least_cost,Ranked + weighted SHARK,Random 50% immutable,α < 1,0.9609577164831223,113,2,0,True,,7.0,1.3345345391435135,4.091881094027961,1.524161562237612,0.5241615622376119,True,12.600199999994288,Optimization terminated successfully
Wine,3,42,10,300,0.0001,50,least_cost,Ranked + weighted SHARK,Random 75% immutable,α = 1,1.0,113,2,0,False,,,,,,,False,6.292399999992426,Positive directional derivative for linesearch
Wine,3,42,10,300,0.0001,50,least_cost,Ranked + weighted SHARK,Random 75% immutable,α < 1,0.9609577164831223,113,2,0,False,,,,,,,False,6.004799999999477,Positive directional derivative for linesearch
Wine,3,42,10,300,0.0001,50,least_cost,Ranked + weighted SHARK,All features mutable,α = 1,1.0,73,0,1,True,,12.0,0.9609816423529317,3.1506184319882458,1.9244879745770571,0.9244879745770571,True,20.137999999988665,Optimization terminated successfully
Wine,3,42,10,300,0.0001,50,least_cost,Ranked + weighted SHARK,All features mutable,α < 1,0.9959923504523763,73,0,1,True,,12.0,0.9666957977412979,3.1596115711873773,1.9181520381418196,0.9181520381418196,True,18.669400000007386,Optimization terminated successfully
Wine,3,42,10,300,0.0001,50,least_cost,Ranked + weighted SHARK,Random 25% immutable,α = 1,1.0,73,0,1,True,,10.0,1.714072389380606,4.510528712126334,1.0935361923430986,0.09353619234309862,True,13.916100000002984,Optimization terminated successfully
Wine,3,42,10,300,0.0001,50,least_cost,Ranked + weighted SHARK,Random 25% immutable,α < 1,0.9959923504523763,73,0,1,True,,10.0,1.7240431380273644,4.523175873258598,1.0901630907644166,0.09016309076441664,True,14.238200000008305,Optimization terminated successfully
Wine,3,42,10,300,0.0001,50,least_cost,Ranked + weighted SHARK,Random 50% immutable,α = 1,1.0,73,0,1,True,,6.0,1.3266124919771585,3.315725821846303,1.390492219455403,0.390492219455403,True,9.46640000000798,Optimization terminated successfully
Wine,3,42,10,300,0.0001,50,least_cost,Ranked + weighted SHARK,Random 50% immutable,α < 1,0.9959923504523763,73,0,1,True,,6.0,1.3345332633838976,3.3251619799053014,1.3859887711973307,0.38598877119733066,True,10.944300000005569,Optimization terminated successfully
Wine,3,42,10,300,0.0001,50,least_cost,Ranked + weighted SHARK,Random 75% immutable,α = 1,1.0,73,0,1,False,,,,,,,False,3.7698000000006004,Positive directional derivative for linesearch
Wine,3,42,10,300,0.0001,50,least_cost,Ranked + weighted SHARK,Random 75% immutable,α < 1,0.9959923504523763,73,0,1,False,,,,,,,False,5.611399999992273,Positive directional derivative for linesearch
Wine,3,42,10,300,0.0001,50,least_cost,Ranked + weighted SHARK,All features mutable,α = 1,1.0,148,1,2,True,,13.0,0.5465182611228154,2.4526974507948314,2.956312488617632,1.9563124886176322,True,19.647500000004925,Optimization terminated successfully
Wine,3,42,10,300,0.0001,50,least_cost,Ranked + weighted SHARK,All features mutable,α < 1,0.940144547490798,148,1,2,True,,13.0,0.5991592380220951,2.568104922113018,2.823459529749393,1.823459529749393,True,19.368400000004726,Optimization terminated successfully
Wine,3,42,10,300,0.0001,50,least_cost,Ranked + weighted SHARK,Random 25% immutable,α = 1,1.0,148,1,2,True,,10.0,0.6970845726512922,2.6773428432551527,1.6308622199678344,0.6308622199678344,True,16.634699999997338,Optimization terminated successfully
Wine,3,42,10,300,0.0001,50,least_cost,Ranked + weighted SHARK,Random 25% immutable,α < 1,0.940144547490798,148,1,2,True,,10.0,0.764228189792879,2.803320629802586,1.4358257483438999,0.43582574834389987,True,16.749000000004344,Optimization terminated successfully
Wine,3,42,10,300,0.0001,50,least_cost,Ranked + weighted SHARK,Random 50% immutable,α = 1,1.0,148,1,2,True,,7.0,0.8052938237502227,2.640682531200004,2.1417565074085534,1.1417565074085534,True,12.494199999991906,Optimization terminated successfully
Wine,3,42,10,300,0.0001,50,least_cost,Ranked + weighted SHARK,Random 50% immutable,α < 1,0.940144547490798,148,1,2,True,,7.0,0.8828602228803941,2.764935356028444,2.045508561093625,1.0455085610936252,True,12.34540000000095,Optimization terminated successfully
Wine,3,42,10,300,0.0001,50,least_cost,Ranked + weighted SHARK,Random 75% immutable,α = 1,1.0,148,1,2,False,,,,,,,False,1.2538000000006377,Positive directional derivative for linesearch
Wine,3,42,10,300,0.0001,50,least_cost,Ranked + weighted SHARK,Random 75% immutable,α < 1,0.940144547490798,148,1,2,False,,,,,,,False,3.5423000000065485,Inequality constraints incompatible
Wine,3,42,10,300,0.0001,50,least_cost,Ranked + weighted SHARK,All features mutable,α = 1,1.0,169,1,2,True,,13.0,0.39799120683424466,2.0930440707167355,2.438593144654053,1.4385931446540532,True,17.86690000000135,Optimization terminated successfully
Wine,3,42,10,300,0.0001,50,least_cost,Ranked + weighted SHARK,All features mutable,α < 1,0.940144547490798,169,1,2,True,,13.0,0.4430905590771179,2.2084515821516226,2.31115898084467,1.3111589808446702,True,18.534400000007167,Optimization terminated successfully
Wine,3,42,10,300,0.0001,50,least_cost,Ranked + weighted SHARK,Random 25% immutable,α = 1,1.0,169,1,2,True,,10.0,0.47691286941665884,2.1687785391906544,2.0348621267541005,1.0348621267541005,True,14.32619999999929,Optimization terminated successfully
Wine,3,42,10,300,0.0001,50,least_cost,Ranked + weighted SHARK,Random 25% immutable,α < 1,0.940144547490798,169,1,2,True,,10.0,0.5309554239182124,2.288361959678336,1.9285259364586238,0.9285259364586238,True,14.606999999998038,Optimization terminated successfully
Wine,3,42,10,300,0.0001,50,least_cost,Ranked + weighted SHARK,Random 50% immutable,α = 1,1.0,169,1,2,True,,7.0,0.7359718186180639,2.848563125734086,1.7477782462271216,0.7477782462271216,True,12.833200000002876,Optimization terminated successfully
Wine,3,42,10,300,0.0001,50,least_cost,Ranked + weighted SHARK,Random 50% immutable,α < 1,0.940144547490798,169,1,2,True,,7.0,0.8193702749646566,3.005628876985588,1.656444192664763,0.6564441926647631,True,12.776799999997479,Optimization terminated successfully
Wine,3,42,10,300,0.0001,50,least_cost,Ranked + weighted SHARK,Random 75% immutable,α = 1,1.0,169,1,2,False,,,,,,,False,10.671300000012707,Positive directional derivative for linesearch
Wine,3,42,10,300,0.0001,50,least_cost,Ranked + weighted SHARK,Random 75% immutable,α < 1,0.940144547490798,169,1,2,False,,,,,,,False,1.2471000000005006,Positive directional derivative for linesearch
Wine,3,42,10,300,0.0001,50,least_cost,Ranked + weighted SHARK,All features mutable,α = 1,1.0,27,0,1,True,,13.0,0.196176115154324,1.4028005376901456,3.0595053386413387,2.0595053386413387,True,17.03569999999388,Optimization terminated successfully
Wine,3,42,10,300,0.0001,50,least_cost,Ranked + weighted SHARK,All features mutable,α < 1,0.9959923504523763,27,0,1,True,,13.0,0.19895808148697625,1.4127120615314068,3.038040008455602,2.038040008455602,True,17.397699999989413,Optimization terminated successfully
Wine,3,42,10,300,0.0001,50,least_cost,Ranked + weighted SHARK,Random 25% immutable,α = 1,1.0,27,0,1,True,,10.0,0.2150731617080998,1.398986009549979,2.790659064296236,1.7906590642962361,True,15.181100000006609,Optimization terminated successfully
Wine,3,42,10,300,0.0001,50,least_cost,Ranked + weighted SHARK,Random 25% immutable,α < 1,0.9959923504523763,27,0,1,True,,10.0,0.2181231063685456,1.408870582727827,2.771079959283007,1.771079959283007,True,15.21870000000547,Optimization terminated successfully
Wine,3,42,10,300,0.0001,50,least_cost,Ranked + weighted SHARK,Random 50% immutable,α = 1,1.0,27,0,1,True,,7.0,0.41663398849014893,2.075857993951439,1.440644687571768,0.440644687571768,True,13.14610000000016,Optimization terminated successfully
Wine,3,42,10,300,0.0001,50,least_cost,Ranked + weighted SHARK,Random 50% immutable,α < 1,0.9959923504523763,27,0,1,True,,7.0,0.4225422598809834,2.0905250619251667,1.4305372292079692,0.4305372292079692,True,12.30869999999129,Optimization terminated successfully
Wine,3,42,10,300,0.0001,50,least_cost,Ranked + weighted SHARK,Random 75% immutable,α = 1,1.0,27,0,1,True,,3.0,2.044934010675781,5.73871576403521,1.0000000000000007,6.661338147750939e-16,True,1.5919999999880474,Optimization terminated successfully
Wine,3,42,10,300,0.0001,50,least_cost,Ranked + weighted SHARK,Random 75% immutable,α < 1,0.9959923504523763,27,0,1,False,,,,,,,False,11.223299999997494,Positive directional derivative for linesearch
Wine,3,42,10,300,0.0001,50,least_cost,Ranked + weighted SHARK,All features mutable,α = 1,1.0,123,2,1,True,,12.0,0.2617341043635178,1.6664511784485623,1.661018247836916,0.661018247836916,True,17.42589999999211,Optimization terminated successfully
Wine,3,42,10,300,0.0001,50,least_cost,Ranked + weighted SHARK,All features mutable,α < 1,0.9959923504523763,123,2,1,True,,12.0,0.2641653975073986,1.6741732820641553,1.6533568323863956,0.6533568323863956,True,17.215199999995434,Optimization terminated successfully
Wine,3,42,10,300,0.0001,50,least_cost,Ranked + weighted SHARK,Random 25% immutable,α = 1,1.0,123,2,1,True,,9.0,0.2743561935767457,1.6721641720775393,1.584606196830916,0.584606196830916,True,14.93169999999111,Optimization terminated successfully
Wine,3,42,10,300,0.0001,50,least_cost,Ranked + weighted SHARK,Random 25% immutable,α < 1,0.9959923504523763,123,2,1,True,,9.0,0.27690473547935507,1.6799127457137557,1.577297234943641,0.5772972349436409,True,15.032899999994243,Optimization terminated successfully
Wine,3,42,10,300,0.0001,50,least_cost,Ranked + weighted SHARK,Random 50% immutable,α = 1,1.0,123,2,1,True,,7.0,0.7909147347670349,3.4479559481608444,1.0,0.0,False,10.29959999999619,Optimization terminated successfully
Wine,3,42,10,300,0.0001,50,least_cost,Ranked + weighted SHARK,Random 50% immutable,α < 1,0.9959923504523763,123,2,1,True,,7.0,0.7990380569197663,3.465672496060547,1.0,0.0,False,9.629200000006222,Optimization terminated successfully
Wine,3,42,10,300,0.0001,50,least_cost,Ranked + weighted SHARK,Random 75% immutable,α = 1,1.0,123,2,1,True,,3.0,0.6628639281638468,2.2443061889463602,1.3602303107817622,0.36023031078176215,True,11.454400000005194,Optimization terminated successfully
Wine,3,42,10,300,0.0001,50,least_cost,Ranked + weighted SHARK,Random 75% immutable,α < 1,0.9959923504523763,123,2,1,True,,3.0,0.6690213852822777,2.2547059773419473,1.3539562905481013,0.3539562905481013,True,4.275200000009249,Optimization terminated successfully
Wine,3,42,10,300,0.0001,50,least_cost,Ranked + weighted SHARK,All features mutable,α = 1,1.0,89,2,0,True,,13.0,0.4668763134057012,2.2572505592068617,2.7031438221244484,1.7031438221244484,True,17.011299999992957,Optimization terminated successfully
Wine,3,42,10,300,0.0001,50,least_cost,Ranked + weighted SHARK,All features mutable,α < 1,0.9609577164831223,89,2,0,True,,13.0,0.49618335359637583,2.3270254716251406,2.622115575867448,1.622115575867448,True,17.45580000000757,Optimization terminated successfully
Wine,3,42,10,300,0.0001,50,least_cost,Ranked + weighted SHARK,Random 25% immutable,α = 1,1.0,89,2,0,True,,10.0,0.5118773819356215,2.3291224884580735,2.4654471108855778,1.4654471108855778,True,15.71260000000052,Optimization terminated successfully
Wine,3,42,10,300,0.0001,50,least_cost,Ranked + weighted SHARK,Random 25% immutable,α < 1,0.9609577164831223,89,2,0,True,,10.0,0.5440092571197421,2.4011124761722904,2.3915282287300603,1.3915282287300603,True,15.569400000003952,Optimization terminated successfully
Wine,3,42,10,300,0.0001,50,least_cost,Ranked + weighted SHARK,Random 50% immutable,α = 1,1.0,89,2,0,True,,7.0,1.1612283965453498,3.96178902971827,1.1732830272511465,0.17328302725114653,True,8.65500000000452,Optimization terminated successfully
Wine,3,42,10,300,0.0001,50,least_cost,Ranked + weighted SHARK,Random 50% immutable,α < 1,0.9609577164831223,89,2,0,True,,7.0,1.2341217245493932,4.084242499611944,1.138105744720336,0.138105744720336,True,8.340799999999149,Optimization terminated successfully
Wine,3,42,10,300,0.0001,50,least_cost,Ranked + weighted SHARK,Random 75% immutable,α = 1,1.0,89,2,0,False,,,,,,,False,19.243200000005345,Positive directional derivative for linesearch
Wine,3,42,10,300,0.0001,50,least_cost,Ranked + weighted SHARK,Random 75% immutable,α < 1,0.9609577164831223,89,2,0,False,,,,,,,False,2.296000000001186,Positive directional derivative for linesearch
Wine,3,42,10,300,0.0001,50,least_cost,Ranked + weighted SHARK,All features mutable,α = 1,1.0,128,2,0,True,,13.0,0.5095368152224962,2.3581304456439223,2.49878726044035,1.4987872604403498,True,18.235700000005295,Optimization terminated successfully
Wine,3,42,10,300,0.0001,50,least_cost,Ranked + weighted SHARK,All features mutable,α < 1,0.9609577164831223,128,2,0,True,,13.0,0.5401336150815605,2.4278991575834916,2.426981469411561,1.4269814694115608,True,17.835700000006227,Optimization terminated successfully
Wine,3,42,10,300,0.0001,50,least_cost,Ranked + weighted SHARK,Random 25% immutable,α = 1,1.0,128,2,0,True,,10.0,0.7542654450993324,2.8888459638446604,2.2168390213481115,1.2168390213481115,True,13.89310000000421,Optimization terminated successfully
Wine,3,42,10,300,0.0001,50,least_cost,Ranked + weighted SHARK,Random 25% immutable,α < 1,0.9609577164831223,128,2,0,True,,10.0,0.799557773690954,2.974316651242528,2.153135359707175,1.153135359707175,True,14.47089999999207,Optimization terminated successfully
Wine,3,42,10,300,0.0001,50,least_cost,Ranked + weighted SHARK,Random 50% immutable,α = 1,1.0,128,2,0,True,,7.0,0.625782080703647,2.5349671868198818,2.034639897011235,1.034639897011235,True,11.956500000010806,Optimization terminated successfully
Wine,3,42,10,300,0.0001,50,least_cost,Ranked + weighted SHARK,Random 50% immutable,α < 1,0.9609577164831223,128,2,0,True,,7.0,0.6633592066469978,2.609967903359206,1.9761719035548204,0.9761719035548204,True,11.73599999999908,Optimization terminated successfully
Wine,3,42,10,300,0.0001,50,least_cost,Ranked + weighted SHARK,Random 75% immutable,α = 1,1.0,128,2,0,True,,3.0,2.8736119815081755,6.42509591721954,1.0,0.0,False,2.9711999999904037,Optimization terminated successfully
Wine,3,42,10,300,0.0001,50,least_cost,Ranked + weighted SHARK,Random 75% immutable,α < 1,0.9609577164831223,128,2,0,True,,3.0,3.0595879966752975,6.686698806746348,1.0,0.0,False,2.9442000000017288,Optimization terminated successfully
Wine,3,42,10,300,0.0001,50,least_cost,Ranked + weighted SHARK,All features mutable,α = 1,1.0,168,1,0,True,,13.0,0.4354312822279016,2.089940612632389,3.600734610721414,2.600734610721414,True,18.38109999999915,Optimization terminated successfully
Wine,3,42,10,300,0.0001,50,least_cost,Ranked + weighted SHARK,All features mutable,α < 1,0.9609577164831223,168,1,0,True,,13.0,0.47659559488575587,2.186498315598432,3.441723094264359,2.441723094264359,True,18.782400000006305,Optimization terminated successfully
Wine,3,42,10,300,0.0001,50,least_cost,Ranked + weighted SHARK,Random 25% immutable,α = 1,1.0,168,1,0,True,,10.0,0.5394003684068062,2.2838454540120057,2.906624936347197,1.906624936347197,True,14.070699999990666,Optimization terminated successfully
Wine,3,42,10,300,0.0001,50,least_cost,Ranked + weighted SHARK,Random 25% immutable,α < 1,0.9609577164831223,168,1,0,True,,10.0,0.5903935935588457,2.3893617582264546,2.778265827598282,1.7782658275982821,True,13.633600000005686,Optimization terminated successfully
Wine,3,42,10,300,0.0001,50,least_cost,Ranked + weighted SHARK,Random 50% immutable,α = 1,1.0,168,1,0,True,,7.0,0.8314935442081378,3.0229539259099725,1.8855226372801304,0.8855226372801304,True,12.539600000010864,Optimization terminated successfully
Wine,3,42,10,300,0.0001,50,least_cost,Ranked + weighted SHARK,Random 50% immutable,α < 1,0.9609577164831223,168,1,0,True,,7.0,0.9101003453798644,3.1626179222440394,1.8022562905286672,0.8022562905286672,True,12.672399999999584,Optimization terminated successfully
Wine,3,42,10,300,0.0001,50,least_cost,Ranked + weighted SHARK,Random 75% immutable,α = 1,1.0,168,1,0,True,,3.0,1.402028067432737,3.4501920030646716,1.1514318344640575,0.1514318344640575,True,3.9596999999957916,Optimization terminated successfully
Wine,3,42,10,300,0.0001,50,least_cost,Ranked + weighted SHARK,Random 75% immutable,α < 1,0.9609577164831223,168,1,0,True,,3.0,1.5345714194565354,3.6095949373204976,1.1005835625788938,0.10058356257889378,True,4.012399999993477,Optimization terminated successfully
Wine,3,42,10,300,0.0001,50,least_cost,Ranked + weighted SHARK,All features mutable,α = 1,1.0,94,2,0,True,,13.0,0.3738495874484747,2.0198880641677572,1.1758148271392685,0.17581482713926855,True,18.05330000000538,Optimization terminated successfully
Wine,3,42,10,300,0.0001,50,least_cost,Ranked + weighted SHARK,All features mutable,α < 1,0.9609577164831223,94,2,0,True,,13.0,0.4001217317062049,2.0896565736288824,1.1365572739763088,0.1365572739763088,True,17.685700000001248,Optimization terminated successfully
Wine,3,42,10,300,0.0001,50,least_cost,Ranked + weighted SHARK,Random 25% immutable,α = 1,1.0,94,2,0,True,,10.0,0.588924288909649,2.455135305002874,1.0,0.0,False,14.839999999992415,Optimization terminated successfully
Wine,3,42,10,300,0.0001,50,least_cost,Ranked + weighted SHARK,Random 25% immutable,α < 1,0.9609577164831223,94,2,0,True,,10.0,0.6304444174651298,2.539494849461587,1.0,0.0,False,15.14189999998905,Optimization terminated successfully
Wine,3,42,10,300,0.0001,50,least_cost,Ranked + weighted SHARK,Random 50% immutable,α = 1,1.0,94,2,0,True,,7.0,2.2032563470318207,6.351274864456538,1.0000000000000002,2.220446049250313e-16,True,8.180599999988658,Optimization terminated successfully
Wine,3,42,10,300,0.0001,50,least_cost,Ranked + weighted SHARK,Random 50% immutable,α < 1,0.9609577164831223,94,2,0,True,,7.0,2.3679747966537508,6.57909256431338,1.0,0.0,False,9.51840000000459,Optimization terminated successfully
Wine,3,42,10,300,0.0001,50,least_cost,Ranked + weighted SHARK,Random 75% immutable,α = 1,1.0,94,2,0,False,,,,,,,False,2.890799999988758,Positive directional derivative for linesearch
Wine,3,42,10,300,0.0001,50,least_cost,Ranked + weighted SHARK,Random 75% immutable,α < 1,0.9609577164831223,94,2,0,False,,,,,,,False,8.043299999997089,Positive directional derivative for linesearch
Wine,3,42,10,300,0.0001,50,least_cost,Ranked + weighted SHARK,All features mutable,α = 1,1.0,144,1,0,True,,13.0,0.4473580455551973,2.118369731218161,2.2508397043488424,1.2508397043488424,True,17.604599999998527,Optimization terminated successfully
Wine,3,42,10,300,0.0001,50,least_cost,Ranked + weighted SHARK,All features mutable,α < 1,0.9609577164831223,144,1,0,True,,13.0,0.4890696660898849,2.2149274023689607,2.1527164799858283,1.1527164799858283,True,18.61470000000054,Optimization terminated successfully
Wine,3,42,10,300,0.0001,50,least_cost,Ranked + weighted SHARK,Random 25% immutable,α = 1,1.0,144,1,0,True,,10.0,0.5329461252854253,2.355980431913879,1.9037604999601905,0.9037604999601905,True,14.559700000006615,Optimization terminated successfully
Wine,3,42,10,300,0.0001,50,least_cost,Ranked + weighted SHARK,Random 25% immutable,α < 1,0.9609577164831223,144,1,0,True,,10.0,0.5839352135445794,2.4685846041019226,1.820245487213387,0.8202454872133871,True,14.733000000006768,Optimization terminated successfully
Wine,3,42,10,300,0.0001,50,least_cost,Ranked + weighted SHARK,Random 50% immutable,α = 1,1.0,144,1,0,True,,7.0,0.8930261487553024,2.9729006729488376,1.127687534951424,0.12768753495142393,True,11.270699999997191,Optimization terminated successfully
Wine,3,42,10,300,0.0001,50,least_cost,Ranked + weighted SHARK,Random 50% immutable,α < 1,0.9609577164831223,144,1,0,True,,7.0,0.9762918197649704,3.1084088711140425,1.0785269030230717,0.07852690302307175,True,11.192600000001107,Optimization terminated successfully
Wine,3,42,10,300,0.0001,50,least_cost,Ranked + weighted SHARK,Random 75% immutable,α = 1,1.0,144,1,0,False,,,,,,,False,27.82659999999737,Positive directional derivative for linesearch
Wine,3,42,10,300,0.0001,50,least_cost,Ranked + weighted SHARK,Random 75% immutable,α < 1,0.9609577164831223,144,1,0,False,,,,,,,False,15.853499999991527,Positive directional derivative for linesearch
Wine,3,42,10,300,0.0001,50,least_cost,Ranked + weighted SHARK,All features mutable,α = 1,1.0,157,1,2,True,,13.0,0.47524263677026635,2.2871746762087364,2.761767839773407,1.7617678397734071,True,18.287199999988957,Optimization terminated successfully
Wine,3,42,10,300,0.0001,50,least_cost,Ranked + weighted SHARK,All features mutable,α < 1,0.940144547490798,157,1,2,True,,13.0,0.5244127425412686,2.40258214289551,2.6291068542795353,1.6291068542795353,True,18.95629999999926,Optimization terminated successfully
Wine,3,42,10,300,0.0001,50,least_cost,Ranked + weighted SHARK,Random 25% immutable,α = 1,1.0,157,1,2,True,,10.0,0.8268579373016984,3.221897196122196,1.5873277528085756,0.5873277528085756,True,17.296799999996892,Optimization terminated successfully
Wine,3,42,10,300,0.0001,50,least_cost,Ranked + weighted SHARK,Random 25% immutable,α < 1,0.940144547490798,157,1,2,True,,10.0,0.9124072737654094,3.384469398224831,1.511080874629543,0.511080874629543,True,16.369299999993814,Optimization terminated successfully
Wine,3,42,10,300,0.0001,50,least_cost,Ranked + weighted SHARK,Random 50% immutable,α = 1,1.0,157,1,2,True,,7.0,0.6187637961669148,2.4169479330734953,2.139328789395708,1.1393287893957078,True,11.48620000000733,Optimization terminated successfully
Wine,3,42,10,300,0.0001,50,least_cost,Ranked + weighted SHARK,Random 50% immutable,α < 1,0.940144547490798,157,1,2,True,,7.0,0.6827830548606341,2.538903592591435,2.0365664734758573,1.0365664734758573,True,11.557199999998602,Optimization terminated successfully
Wine,3,42,10,300,0.0001,50,least_cost,Ranked + weighted SHARK,Random 75% immutable,α = 1,1.0,157,1,2,False,,,,,,,False,8.93979999999317,Positive directional derivative for linesearch
Wine,3,42,10,300,0.0001,50,least_cost,Ranked + weighted SHARK,Random 75% immutable,α < 1,0.940144547490798,157,1,2,False,,,,,,,False,3.229500000003327,Positive directional derivative for linesearch
Wine,3,42,10,300,0.0001,50,least_cost,Ranked + weighted SHARK,All features mutable,α = 1,1.0,57,0,2,True,,13.0,0.37391337966023797,2.020060388753431,2.679867814862294,1.6798678148622939,True,16.875800000008212,Optimization terminated successfully
Wine,3,42,10,300,0.0001,50,least_cost,Ranked + weighted SHARK,All features mutable,α < 1,0.940144547490798,57,0,2,True,,13.0,0.414558928311903,2.127022021083276,2.545105197627532,1.545105197627532,True,17.792400000004704,Optimization terminated successfully
Wine,3,42,10,300,0.0001,50,least_cost,Ranked + weighted SHARK,Random 25% immutable,α = 1,1.0,57,0,2,True,,10.0,0.42434393935071224,2.1040762481546618,2.3613453826421305,1.3613453826421305,True,14.662200000003622,Optimization terminated successfully
Wine,3,42,10,300,0.0001,50,least_cost,Ranked + weighted SHARK,Random 25% immutable,α < 1,0.940144547490798,57,0,2,True,,10.0,0.47047144686993214,2.215486515762526,2.2426002917581824,1.2426002917581824,True,14.631999999991763,Optimization terminated successfully
Wine,3,42,10,300,0.0001,50,least_cost,Ranked + weighted SHARK,Random 50% immutable,α = 1,1.0,57,0,2,True,,7.0,2.1003007153378137,5.899114251546246,1.000000000000051,5.10702591327572e-14,True,10.913799999997309,Optimization terminated successfully
Wine,3,42,10,300,0.0001,50,least_cost,Ranked + weighted SHARK,Random 50% immutable,α < 1,0.940144547490798,57,0,2,True,,7.0,2.464903869071115,6.4840890945004634,1.0,0.0,False,11.236699999997768,Optimization terminated successfully
Wine,3,42,10,300,0.0001,50,least_cost,Ranked + weighted SHARK,Random 75% immutable,α = 1,1.0,57,0,2,False,,,,,,,False,5.198899999996343,Positive directional derivative for linesearch
Wine,3,42,10,300,0.0001,50,least_cost,Ranked + weighted SHARK,Random 75% immutable,α < 1,0.940144547490798,57,0,2,False,,,,,,,False,2.273000000002412,Positive directional derivative for linesearch
Wine,3,42,10,300,0.0001,50,least_cost,Ranked + weighted SHARK,All features mutable,α = 1,1.0,14,0,2,True,,13.0,1.502862260474828,4.049846722863803,1.8122577367768273,0.8122577367768273,True,20.288899999997057,Optimization terminated successfully
Wine,3,42,10,300,0.0001,50,least_cost,Ranked + weighted SHARK,All features mutable,α < 1,0.940144547490798,14,0,2,True,,13.0,1.5832956478775362,4.156808365689442,1.7656252740944767,0.7656252740944767,True,20.22089999999821,Optimization terminated successfully
Wine,3,42,10,300,0.0001,50,least_cost,Ranked + weighted SHARK,Random 25% immutable,α = 1,1.0,14,0,2,True,,10.0,2.757254473701011,6.017489066537206,1.0376313667533605,0.03763136675336054,True,15.823499999996216,Optimization terminated successfully
Wine,3,42,10,300,0.0001,50,least_cost,Ranked + weighted SHARK,Random 25% immutable,α < 1,0.940144547490798,14,0,2,True,,10.0,2.904823098699474,6.176429464293612,1.0109233070519799,0.010923307051979858,True,18.16440000000341,Optimization terminated successfully
Wine,3,42,10,300,0.0001,50,least_cost,Ranked + weighted SHARK,Random 50% immutable,α = 1,1.0,14,0,2,True,,7.0,2.727818084835146,4.62181196748703,1.0,0.0,False,8.522300000009864,Optimization terminated successfully
Wine,3,42,10,300,0.0001,50,least_cost,Ranked + weighted SHARK,Random 50% immutable,α < 1,0.940144547490798,14,0,2,True,,7.0,2.882023035809139,4.767299454487387,1.0,0.0,False,8.887700000002496,Optimization terminated successfully
Wine,3,42,10,300,0.0001,50,least_cost,Ranked + weighted SHARK,Random 75% immutable,α = 1,1.0,14,0,2,False,,,,,,,False,1.1403000000029806,Positive directional derivative for linesearch
Wine,3,42,10,300,0.0001,50,least_cost,Ranked + weighted SHARK,Random 75% immutable,α < 1,0.940144547490798,14,0,2,False,,,,,,,False,1.1408999999957814,Positive directional derivative for linesearch
Wine,3,42,10,300,0.0001,50,least_cost,Ranked + weighted SHARK,All features mutable,α = 1,1.0,115,2,1,True,,13.0,1.0202889329518856,3.3512052676777415,1.5230762471457284,0.5230762471457284,True,20.144499999986465,Optimization terminated successfully
Wine,3,42,10,300,0.0001,50,least_cost,Ranked + weighted SHARK,All features mutable,α < 1,0.9959923504523763,115,2,1,True,,13.0,1.0249994703543668,3.358932449005991,1.5195723741170217,0.5195723741170217,True,19.505600000002232,Optimization terminated successfully
Wine,3,42,10,300,0.0001,50,least_cost,Ranked + weighted SHARK,Random 25% immutable,α = 1,1.0,115,2,1,True,,10.0,1.1275837678833651,3.450178273430621,1.3782206581941923,0.37822065819419226,True,26.405599999989704,Optimization terminated successfully
Wine,3,42,10,300,0.0001,50,least_cost,Ranked + weighted SHARK,Random 25% immutable,α < 1,0.9959923504523763,115,2,1,True,,10.0,1.13278967117383,3.458133727130338,1.3750499518048922,0.3750499518048922,True,16.76049999998952,Optimization terminated successfully
Wine,3,42,10,300,0.0001,50,least_cost,Ranked + weighted SHARK,Random 50% immutable,α = 1,1.0,115,2,1,True,,7.0,2.782917044704414,6.578378596045307,1.0,0.0,False,7.222999999996205,Optimization terminated successfully
Wine,3,42,10,300,0.0001,50,least_cost,Ranked + weighted SHARK,Random 50% immutable,α < 1,0.9959923504523763,115,2,1,True,,7.0,2.7988315485086366,6.598901195669742,1.0,0.0,False,7.476900000000342,Optimization terminated successfully
Wine,3,42,10,300,0.0001,50,least_cost,Ranked + weighted SHARK,Random 75% immutable,α = 1,1.0,115,2,1,False,,,,,,,False,1.6514999999941438,Positive directional derivative for linesearch
Wine,3,42,10,300,0.0001,50,least_cost,Ranked + weighted SHARK,Random 75% immutable,α < 1,0.9959923504523763,115,2,1,False,,,,,,,False,20.263100000008194,Positive directional derivative for linesearch
Wine,3,42,10,300,0.0001,50,least_cost,Ranked + weighted SHARK,All features mutable,α = 1,1.0,140,1,0,True,,13.0,0.5700322391739135,2.3972022939086863,2.879155184135833,1.8791551841358332,True,17.90219999999465,Optimization terminated successfully
Wine,3,42,10,300,0.0001,50,least_cost,Ranked + weighted SHARK,All features mutable,α < 1,0.9609577164831223,140,1,0,True,,13.0,0.6160224016022373,2.491410421611488,2.749310770773744,1.7493107707737439,True,18.386200000009012,Optimization terminated successfully
Wine,3,42,10,300,0.0001,50,least_cost,Ranked + weighted SHARK,Random 25% immutable,α = 1,1.0,140,1,0,True,,10.0,0.6066427215676202,2.385620163333912,2.70904027037014,1.70904027037014,True,15.22269999999537,Optimization terminated successfully
Wine,3,42,10,300,0.0001,50,least_cost,Ranked + weighted SHARK,Random 25% immutable,α < 1,0.9609577164831223,140,1,0,True,,10.0,0.6555784810324574,2.4792160829124064,2.5836073215383433,1.5836073215383433,True,15.218200000006732,Optimization terminated successfully
Wine,3,42,10,300,0.0001,50,least_cost,Ranked + weighted SHARK,Random 50% immutable,α = 1,1.0,140,1,0,True,,7.0,1.3439199454045505,4.302410039984825,1.6967931907514935,0.6967931907514935,True,11.707399999991708,Optimization terminated successfully
Wine,3,42,10,300,0.0001,50,least_cost,Ranked + weighted SHARK,Random 50% immutable,α < 1,0.9609577164831223,140,1,0,True,,7.0,1.437555999146564,4.439687898916161,1.6453697118141433,0.6453697118141433,True,11.26530000000514,Optimization terminated successfully
Wine,3,42,10,300,0.0001,50,least_cost,Ranked + weighted SHARK,Random 75% immutable,α = 1,1.0,140,1,0,True,,3.0,2.793739839161367,5.037979639443598,1.0,0.0,False,2.873699999994983,Optimization terminated successfully
Wine,3,42,10,300,0.0001,50,least_cost,Ranked + weighted SHARK,Random 75% immutable,α < 1,0.9609577164831223,140,1,0,True,,3.0,3.0023095086388816,5.1954148815435115,1.0,0.0,False,2.8562000000107446,Optimization terminated successfully
Wine,3,42,10,300,0.0001,50,least_cost,Ranked + weighted SHARK,All features mutable,α = 1,1.0,106,2,0,True,,13.0,0.38907196274823297,2.0606005719833704,2.9991292066597137,1.9991292066597137,True,16.86219999999139,Optimization terminated successfully
Wine,3,42,10,300,0.0001,50,least_cost,Ranked + weighted SHARK,All features mutable,α < 1,0.9609577164831223,106,2,0,True,,13.0,0.4158646537853453,2.130369099866175,2.9009092266252985,1.9009092266252985,True,18.04740000000038,Optimization terminated successfully
Wine,3,42,10,300,0.0001,50,least_cost,Ranked + weighted SHARK,Random 25% immutable,α = 1,1.0,106,2,0,True,,10.0,0.4375163663844885,2.087235048113409,2.6670771308691905,1.6670771308691905,True,14.465299999997683,Optimization terminated successfully
Wine,3,42,10,300,0.0001,50,least_cost,Ranked + weighted SHARK,Random 25% immutable,α < 1,0.9609577164831223,106,2,0,True,,10.0,0.4676450879341988,2.157905350796632,2.5797316974796383,1.5797316974796383,True,14.79070000000604,Optimization terminated successfully
Wine,3,42,10,300,0.0001,50,least_cost,Ranked + weighted SHARK,Random 50% immutable,α = 1,1.0,106,2,0,True,,7.0,1.9072159602937169,4.986927938309499,1.1278002706870238,0.12780027068702382,True,11.199399999995308,Optimization terminated successfully
Wine,3,42,10,300,0.0001,50,least_cost,Ranked + weighted SHARK,Random 50% immutable,α < 1,0.9609577164831223,106,2,0,True,,7.0,2.0385527124794205,5.155776891240287,1.0908655571017798,0.09086555710177979,True,11.025099999997678,Optimization terminated successfully
Wine,3,42,10,300,0.0001,50,least_cost,Ranked + weighted SHARK,Random 75% immutable,α = 1,1.0,106,2,0,False,,,,,,,False,26.495400000001723,Positive directional derivative for linesearch
Wine,3,42,10,300,0.0001,50,least_cost,Ranked + weighted SHARK,Random 75% immutable,α < 1,0.9609577164831223,106,2,0,False,,,,,,,False,2.174999999994043,Positive directional derivative for linesearch
Wine,3,42,10,300,0.0001,50,least_cost,Ranked + weighted SHARK,All features mutable,α = 1,1.0,85,2,0,True,,13.0,0.2316086806720085,1.589837341381959,3.254468556406351,2.254468556406351,True,17.882499999998913,Optimization terminated successfully
Wine,3,42,10,300,0.0001,50,least_cost,Ranked + weighted SHARK,All features mutable,α < 1,0.9609577164831223,85,2,0,True,,13.0,0.25238240021286157,1.659605287783886,3.117654360865732,2.117654360865732,True,17.628500000000713,Optimization terminated successfully
Wine,3,42,10,300,0.0001,50,least_cost,Ranked + weighted SHARK,Random 25% immutable,α = 1,1.0,85,2,0,True,,10.0,0.2800058429801182,1.715270814064383,2.6919225899948596,1.6919225899948596,True,15.318699999994578,Optimization terminated successfully
Wine,3,42,10,300,0.0001,50,least_cost,Ranked + weighted SHARK,Random 25% immutable,α < 1,0.9609577164831223,85,2,0,True,,10.0,0.30512045800636256,1.790543243784404,2.5787571786370047,1.5787571786370047,True,14.630099999990875,Optimization terminated successfully
Wine,3,42,10,300,0.0001,50,least_cost,Ranked + weighted SHARK,Random 50% immutable,α = 1,1.0,85,2,0,True,,7.0,0.273596678619918,1.670173395950113,2.754891435239793,1.7548914352397929,True,10.086499999999887,Optimization terminated successfully
Wine,3,42,10,300,0.0001,50,least_cost,Ranked + weighted SHARK,Random 50% immutable,α < 1,0.9609577164831223,85,2,0,True,,7.0,0.2981364353013348,1.7434667956165324,2.6390788880393083,1.6390788880393083,True,10.389000000003534,Optimization terminated successfully
Wine,3,42,10,300,0.0001,50,least_cost,Ranked + weighted SHARK,Random 75% immutable,α = 1,1.0,85,2,0,True,,3.0,2.080718879630604,4.729252478175305,1.0,0.0,False,1.6659000000061042,Optimization terminated successfully
Wine,3,42,10,300,0.0001,50,least_cost,Ranked + weighted SHARK,Random 75% immutable,α < 1,0.9609577164831223,85,2,0,False,,,,,,,False,16.28219999999203,Positive directional derivative for linesearch
Wine,3,42,10,300,0.0001,50,least_cost,Ranked + weighted SHARK,All features mutable,α = 1,1.0,103,2,1,True,,13.0,0.18286233435842275,1.418736833553727,2.630984218192089,1.630984218192089,True,18.198699999999235,Optimization terminated successfully
Wine,3,42,10,300,0.0001,50,least_cost,Ranked + weighted SHARK,All features mutable,α < 1,0.9959923504523763,103,2,1,True,,13.0,0.18485967287612548,1.4264639548864184,2.616732185768637,1.6167321857686372,True,17.917100000005348,Optimization terminated successfully
Wine,3,42,10,300,0.0001,50,least_cost,Ranked + weighted SHARK,Random 25% immutable,α = 1,1.0,103,2,1,True,,10.0,0.20797241795466276,1.4825509554159533,2.3134105476530604,1.3134105476530604,True,14.394200000012347,Optimization terminated successfully
Wine,3,42,10,300,0.0001,50,least_cost,Ranked + weighted SHARK,Random 25% immutable,α < 1,0.9959923504523763,103,2,1,True,,10.0,0.2102440247478813,1.490625640216148,2.300878823178789,1.3008788231787891,True,14.19650000001127,Optimization terminated successfully
Wine,3,42,10,300,0.0001,50,least_cost,Ranked + weighted SHARK,Random 50% immutable,α = 1,1.0,103,2,1,True,,7.0,0.4574002376181295,2.3164962913237774,1.0518854604588437,0.05188546045884368,True,9.847199999995837,Optimization terminated successfully
Wine,3,42,10,300,0.0001,50,least_cost,Ranked + weighted SHARK,Random 50% immutable,α < 1,0.9959923504523763,103,2,1,True,,7.0,0.46239625338927337,2.3291139176985087,1.0461880618581123,0.046188061858112306,True,9.913900000000808,Optimization terminated successfully
Wine,3,42,10,300,0.0001,50,least_cost,Ranked + weighted SHARK,Random 75% immutable,α = 1,1.0,103,2,1,False,,,,,,,False,12.658000000001834,Positive directional derivative for linesearch
Wine,3,42,10,300,0.0001,50,least_cost,Ranked + weighted SHARK,Random 75% immutable,α < 1,0.9959923504523763,103,2,1,False,,,,,,,False,2.913899999995806,Positive directional derivative for linesearch
Wine,3,42,10,300,0.0001,50,least_cost,Ranked + weighted SHARK,All features mutable,α = 1,1.0,71,2,1,True,,13.0,0.7223462251197316,2.819774200508958,1.5433344162676896,0.5433344162676896,True,23.054899999991108,Optimization terminated successfully
Wine,3,42,10,300,0.0001,50,least_cost,Ranked + weighted SHARK,All features mutable,α < 1,0.9959923504523763,71,2,1,True,,13.0,0.7263106100830945,2.82750138287802,1.5391168011263063,0.5391168011263063,True,29.836399999993546,Optimization terminated successfully
Wine,3,42,10,300,0.0001,50,least_cost,Ranked + weighted SHARK,Random 25% immutable,α = 1,1.0,71,2,1,True,,10.0,0.8660730138214755,3.0022146893713537,1.2871892726634737,0.2871892726634737,True,16.29060000000493,Optimization terminated successfully
Wine,3,42,10,300,0.0001,50,least_cost,Ranked + weighted SHARK,Random 25% immutable,α < 1,0.9959923504523763,71,2,1,True,,10.0,0.8708262010240193,3.0104417704421413,1.2836715228018933,0.28367152280189334,True,15.887899999995625,Optimization terminated successfully
Wine,3,42,10,300,0.0001,50,least_cost,Ranked + weighted SHARK,Random 50% immutable,α = 1,1.0,71,2,1,True,,7.0,1.5244935127346182,4.0111419649091875,1.0328969565747337,0.03289695657473368,True,10.07610000000625,Optimization terminated successfully
Wine,3,42,10,300,0.0001,50,least_cost,Ranked + weighted SHARK,Random 50% immutable,α < 1,0.9959923504523763,71,2,1,True,,7.0,1.5328602469207147,4.0221418042592205,1.0300773452281553,0.030077345228155306,True,10.70390000000998,Optimization terminated successfully
Wine,3,42,10,300,0.0001,50,least_cost,Ranked + weighted SHARK,Random 75% immutable,α = 1,1.0,71,2,1,False,,,,,,,False,10.051600000011263,Positive directional derivative for linesearch
Wine,3,42,10,300,0.0001,50,least_cost,Ranked + weighted SHARK,Random 75% immutable,α < 1,0.9959923504523763,71,2,1,False,,,,,,,False,5.0032999999984895,Positive directional derivative for linesearch
Wine,3,42,10,300,0.0001,50,least_cost,Ranked + weighted SHARK,All features mutable,α = 1,1.0,136,1,2,True,,13.0,0.518723864388795,2.3895148944328723,1.0922435215980228,0.09224352159802285,True,18.71470000000386,Optimization terminated successfully
Wine,3,42,10,300,0.0001,50,least_cost,Ranked + weighted SHARK,All features mutable,α < 1,0.940144547490798,136,1,2,True,,13.0,0.570039958368165,2.50492245790687,1.0419213714150777,0.04192137141507768,True,19.66260000000375,Optimization terminated successfully
Wine,3,42,10,300,0.0001,50,least_cost,Ranked + weighted SHARK,Random 25% immutable,α = 1,1.0,136,1,2,True,,10.0,0.570549052365419,2.4430761257514977,1.0000000000000007,6.661338147750939e-16,True,14.60790000000145,Optimization terminated successfully
Wine,3,42,10,300,0.0001,50,least_cost,Ranked + weighted SHARK,Random 25% immutable,α < 1,0.940144547490798,136,1,2,True,,10.0,0.6272777885717826,2.5527463669315136,1.0,0.0,False,14.898200000004636,Optimization terminated successfully
Wine,3,42,10,300,0.0001,50,least_cost,Ranked + weighted SHARK,Random 50% immutable,α = 1,1.0,136,1,2,True,,7.0,1.2288495042862833,3.6941625675983563,1.946781531311665,0.946781531311665,True,13.267700000000104,Optimization terminated successfully
Wine,3,42,10,300,0.0001,50,least_cost,Ranked + weighted SHARK,Random 50% immutable,α < 1,0.940144547490798,136,1,2,True,,7.0,1.3504166057372518,3.8725812748886215,1.8570888892947524,0.8570888892947524,True,12.515100000001667,Optimization terminated successfully
Wine,3,42,10,300,0.0001,50,least_cost,Ranked + weighted SHARK,Random 75% immutable,α = 1,1.0,136,1,2,False,,,,,,,False,5.1397000000008575,Positive directional derivative for linesearch
Wine,3,42,10,300,0.0001,50,least_cost,Ranked + weighted SHARK,Random 75% immutable,α < 1,0.940144547490798,136,1,2,False,,,,,,,False,9.035699999998315,Positive directional derivative for linesearch
Wine,3,42,10,300,0.0001,50,least_cost,Ranked + weighted SHARK,All features mutable,α = 1,1.0,102,2,1,True,,13.0,0.34844413022108794,1.9584334623271475,1.8755762829778961,0.8755762829778961,True,17.463500000005183,Optimization terminated successfully
Wine,3,42,10,300,0.0001,50,least_cost,Ranked + weighted SHARK,All features mutable,α < 1,0.9959923504523763,102,2,1,True,,13.0,0.35119918964882324,1.9661606599905521,1.868205043962634,0.8682050439626341,True,17.367500000005975,Optimization terminated successfully
Wine,3,42,10,300,0.0001,50,least_cost,Ranked + weighted SHARK,Random 25% immutable,α = 1,1.0,102,2,1,True,,10.0,0.4440444848587791,2.3112502940724595,1.4718697894546093,0.47186978945460933,True,15.12889999999345,Optimization terminated successfully
Wine,3,42,10,300,0.0001,50,least_cost,Ranked + weighted SHARK,Random 25% immutable,α < 1,0.9959923504523763,102,2,1,True,,10.0,0.4475554320623706,2.320369513653165,1.4660852144261434,0.46608521442614337,True,15.004499999989207,Optimization terminated successfully
Wine,3,42,10,300,0.0001,50,least_cost,Ranked + weighted SHARK,Random 50% immutable,α = 1,1.0,102,2,1,True,,7.0,0.939360941477603,3.3558273158887855,1.0,0.0,False,8.699500000005855,Optimization terminated successfully
Wine,3,42,10,300,0.0001,50,least_cost,Ranked + weighted SHARK,Random 50% immutable,α < 1,0.9959923504523763,102,2,1,True,,7.0,0.947089858835685,3.375197928329956,1.0,0.0,False,8.772799999988479,Optimization terminated successfully
Wine,3,42,10,300,0.0001,50,least_cost,Ranked + weighted SHARK,Random 75% immutable,α = 1,1.0,102,2,1,True,,3.0,1.105571419864801,3.6201794912375633,1.0,0.0,False,2.4614000000013903,Optimization terminated successfully
Wine,3,42,10,300,0.0001,50,least_cost,Ranked + weighted SHARK,Random 75% immutable,α < 1,0.9959923504523763,102,2,1,True,,3.0,1.115974541180058,3.642218252887581,1.000000000000001,1.1102230246251565e-15,True,2.502899999996089,Optimization terminated successfully
Wine,3,42,10,300,0.0001,50,least_cost,Ranked + weighted SHARK,All features mutable,α = 1,1.0,10,0,1,True,,13.0,1.3165399404238973,3.634041446471711,1.7883504678550586,0.7883504678550586,True,18.673899999996024,Optimization terminated successfully
Wine,3,42,10,300,0.0001,50,least_cost,Ranked + weighted SHARK,All features mutable,α < 1,0.9959923504523763,10,0,1,True,,13.0,1.323731219034541,3.6439529746004804,1.7834862545451058,0.7834862545451058,True,19.405000000006112,Optimization terminated successfully
Wine,3,42,10,300,0.0001,50,least_cost,Ranked + weighted SHARK,Random 25% immutable,α = 1,1.0,10,0,1,True,,10.0,1.6209377548920312,4.007506056852767,1.452522847244321,0.452522847244321,True,16.587799999996378,Optimization terminated successfully
Wine,3,42,10,300,0.0001,50,least_cost,Ranked + weighted SHARK,Random 25% immutable,α < 1,0.9959923504523763,10,0,1,True,,10.0,1.629791732388886,4.018436221431715,1.448572077977103,0.44857207797710297,True,16.614200000006463,Optimization terminated successfully
Wine,3,42,10,300,0.0001,50,least_cost,Ranked + weighted SHARK,Random 50% immutable,α = 1,1.0,10,0,1,False,,,,,,,False,2.7449999999902275,Positive directional derivative for linesearch
Wine,3,42,10,300,0.0001,50,least_cost,Ranked + weighted SHARK,Random 50% immutable,α < 1,0.9959923504523763,10,0,1,False,,,,,,,False,26.370499999998742,Positive directional derivative for linesearch
Wine,3,42,10,300,0.0001,50,least_cost,Ranked + weighted SHARK,Random 75% immutable,α = 1,1.0,10,0,1,False,,,,,,,False,1.278599999992025,Positive directional derivative for linesearch
Wine,3,42,10,300,0.0001,50,least_cost,Ranked + weighted SHARK,Random 75% immutable,α < 1,0.9959923504523763,10,0,1,False,,,,,,,False,30.357699999996157,Inequality constraints incompatible
Wine,3,42,10,300,0.0001,50,least_cost,Ranked + weighted SHARK,All features mutable,α = 1,1.0,108,2,1,True,,13.0,0.3983333105171037,2.0939434326474027,2.0831485154157803,1.0831485154157803,True,19.141000000004738,Optimization terminated successfully
Wine,3,42,10,300,0.0001,50,least_cost,Ranked + weighted SHARK,All features mutable,α < 1,0.9959923504523763,108,2,1,True,,13.0,0.401278629697223,2.1016706028636536,2.0754894091542986,1.0754894091542986,True,19.667099999992388,Optimization terminated successfully
Wine,3,42,10,300,0.0001,50,least_cost,Ranked + weighted SHARK,Random 25% immutable,α = 1,1.0,108,2,1,True,,10.0,0.44570907818036537,2.1643782071152655,1.861715546346637,0.861715546346637,True,14.6251000000035,Optimization terminated successfully
Wine,3,42,10,300,0.0001,50,least_cost,Ranked + weighted SHARK,Random 25% immutable,α < 1,0.9959923504523763,108,2,1,True,,10.0,0.4490046988620512,2.1723652822869077,1.8548706215023858,0.8548706215023858,True,15.115199999996776,Optimization terminated successfully
Wine,3,42,10,300,0.0001,50,least_cost,Ranked + weighted SHARK,Random 50% immutable,α = 1,1.0,108,2,1,True,,7.0,0.4637280341731917,2.143719525174584,1.7896228287472007,0.7896228287472007,True,11.09549999999615,Optimization terminated successfully
Wine,3,42,10,300,0.0001,50,least_cost,Ranked + weighted SHARK,Random 50% immutable,α < 1,0.9959923504523763,108,2,1,True,,7.0,0.46715688894610313,2.1516303775630274,1.7830429467462723,0.7830429467462723,True,11.28479999999854,Optimization terminated successfully
Wine,3,42,10,300,0.0001,50,least_cost,Ranked + weighted SHARK,Random 75% immutable,α = 1,1.0,108,2,1,False,,,,,,,False,2.165399999995543,Positive directional derivative for linesearch
Wine,3,42,10,300,0.0001,50,least_cost,Ranked + weighted SHARK,Random 75% immutable,α < 1,0.9959923504523763,108,2,1,False,,,,,,,False,5.747299999995903,Positive directional derivative for linesearch
Wine,3,42,10,300,0.0001,50,least_cost,Ranked + weighted SHARK,All features mutable,α = 1,1.0,70,1,0,True,,13.0,0.3629891696380637,1.9327245544694756,2.7028468576515907,1.7028468576515907,True,19.65920000000665,Optimization terminated successfully
Wine,3,42,10,300,0.0001,50,least_cost,Ranked + weighted SHARK,All features mutable,α < 1,0.9609577164831223,70,1,0,True,,13.0,0.39742357706959086,2.0198564853978227,2.6143647509008527,1.6143647509008527,True,21.622199999995928,Optimization terminated successfully
Wine,3,42,10,300,0.0001,50,least_cost,Ranked + weighted SHARK,Random 25% immutable,α = 1,1.0,70,1,0,True,,10.0,1.0466371630402242,4.004199613430051,1.8106186435548963,0.8106186435548963,True,21.75649999999507,Optimization terminated successfully
Wine,3,42,10,300,0.0001,50,least_cost,Ranked + weighted SHARK,Random 25% immutable,α < 1,0.9609577164831223,70,1,0,True,,10.0,1.1278079664245098,4.142725595562755,1.749584824449253,0.7495848244492529,True,15.867200000002413,Optimization terminated successfully
Wine,3,42,10,300,0.0001,50,least_cost,Ranked + weighted SHARK,Random 50% immutable,α = 1,1.0,70,1,0,True,,7.0,1.5467118126228732,5.016877981225476,1.4672342924802744,0.46723429248027437,True,11.706700000004844,Optimization terminated successfully
Wine,3,42,10,300,0.0001,50,least_cost,Ranked + weighted SHARK,Random 50% immutable,α < 1,0.9609577164831223,70,1,0,True,,7.0,1.6699390376932126,5.198967134884241,1.3983681891338398,0.39836818913383976,True,11.912600000002271,Optimization terminated successfully
Wine,3,42,10,300,0.0001,50,least_cost,Ranked + weighted SHARK,Random 75% immutable,α = 1,1.0,70,1,0,False,,,,,,,False,19.025600000006193,Positive directional derivative for linesearch
Wine,3,42,10,300,0.0001,50,least_cost,Ranked + weighted SHARK,Random 75% immutable,α < 1,0.9609577164831223,70,1,0,False,,,,,,,False,5.223000000000866,Positive directional derivative for linesearch
Wine,3,42,10,300,0.0001,50,least_cost,Ranked + weighted SHARK,All features mutable,α = 1,1.0,141,1,0,True,,13.0,0.3562322944291543,1.8901588204391926,2.781073946894214,1.7810739468942138,True,16.82660000000169,Optimization terminated successfully
Wine,3,42,10,300,0.0001,50,least_cost,Ranked + weighted SHARK,All features mutable,α < 1,0.9609577164831223,141,1,0,True,,13.0,0.39356358022782484,1.9867079443025693,2.6476576790771054,1.6476576790771054,True,16.948299999995697,Optimization terminated successfully
Wine,3,42,10,300,0.0001,50,least_cost,Ranked + weighted SHARK,Random 25% immutable,α = 1,1.0,141,1,0,True,,10.0,0.38148435340991,1.886198003317634,2.58520305375464,1.5852030537546402,True,14.67200000000446,Optimization terminated successfully
Wine,3,42,10,300,0.0001,50,least_cost,Ranked + weighted SHARK,Random 25% immutable,α < 1,0.9609577164831223,141,1,0,True,,10.0,0.42145307315751307,1.982547176144956,2.459565597747405,1.459565597747405,True,15.523999999999205,Optimization terminated successfully
Wine,3,42,10,300,0.0001,50,least_cost,Ranked + weighted SHARK,Random 50% immutable,α = 1,1.0,141,1,0,True,,7.0,0.5847297502593247,2.442847121579802,1.7163310344011056,0.7163310344011056,True,10.638299999996548,Optimization terminated successfully
Wine,3,42,10,300,0.0001,50,least_cost,Ranked + weighted SHARK,Random 50% immutable,α < 1,0.9609577164831223,141,1,0,True,,7.0,0.6460417771975765,2.5674110544465387,1.6340281836536596,0.6340281836536596,True,9.885299999993435,Optimization terminated successfully
Wine,3,42,10,300,0.0001,50,least_cost,Ranked + weighted SHARK,Random 75% immutable,α = 1,1.0,141,1,0,False,,,,,,,False,4.612699999995584,Positive directional derivative for linesearch
Wine,3,42,10,300,0.0001,50,least_cost,Ranked + weighted SHARK,Random 75% immutable,α < 1,0.9609577164831223,141,1,0,False,,,,,,,False,24.467799999996487,Positive directional derivative for linesearch
Wine,3,42,10,300,0.0001,50,least_cost,Ranked + weighted SHARK,All features mutable,α = 1,1.0,156,1,2,True,,13.0,0.6177181875099648,2.607575083454578,2.426045742569812,1.426045742569812,True,19.31679999999858,Optimization terminated successfully
Wine,3,42,10,300,0.0001,50,least_cost,Ranked + weighted SHARK,All features mutable,α < 1,0.940144547490798,156,1,2,True,,13.0,0.6736068181348216,2.722982636898566,2.3232233572702765,1.3232233572702765,True,18.976700000010283,Optimization terminated successfully
Wine,3,42,10,300,0.0001,50,least_cost,Ranked + weighted SHARK,Random 25% immutable,α = 1,1.0,156,1,2,True,,10.0,0.6977288329371555,2.711590125426675,2.148067218485461,1.148067218485461,True,15.666699999997036,Optimization terminated successfully
Wine,3,42,10,300,0.0001,50,least_cost,Ranked + weighted SHARK,Random 25% immutable,α < 1,0.940144547490798,156,1,2,True,,10.0,0.7608565015223421,2.831601163495781,2.057026288495301,1.057026288495301,True,14.897099999998886,Optimization terminated successfully
Wine,3,42,10,300,0.0001,50,least_cost,Ranked + weighted SHARK,Random 50% immutable,α = 1,1.0,156,1,2,True,,7.0,1.8546530889860038,5.276541267032328,1.0000000000000004,4.440892098500626e-16,True,8.119800000002897,Optimization terminated successfully
Wine,3,42,10,300,0.0001,50,least_cost,Ranked + weighted SHARK,Random 50% immutable,α < 1,0.940144547490798,156,1,2,True,,7.0,2.0269487734807283,5.518502894433093,1.0000000000000004,4.440892098500626e-16,True,7.512000000005514,Optimization terminated successfully
Wine,3,42,10,300,0.0001,50,least_cost,Ranked + weighted SHARK,Random 75% immutable,α = 1,1.0,156,1,2,True,,3.0,1.3564485040391674,3.6408509157767184,1.3404577753206905,0.34045777532069055,True,4.932199999998943,Optimization terminated successfully
Wine,3,42,10,300,0.0001,50,least_cost,Ranked + weighted SHARK,Random 75% immutable,α < 1,0.940144547490798,156,1,2,True,,3.0,1.4791744508145588,3.801989716282072,1.2836454746553703,0.28364547465537027,True,4.5037000000007765,Optimization terminated successfully
Wine,3,42,10,300,0.0001,50,least_cost,Ranked + weighted SHARK,All features mutable,α = 1,1.0,36,0,1,True,,13.0,0.21033509007904022,1.4653302336497587,3.209075500320114,2.209075500320114,True,15.388299999997912,Optimization terminated successfully
Wine,3,42,10,300,0.0001,50,least_cost,Ranked + weighted SHARK,All features mutable,α < 1,0.9959923504523763,36,0,1,True,,13.0,0.2131418699228274,1.4749529293879682,3.1890830789667417,2.1890830789667417,True,15.95840000000237,Optimization terminated successfully
Wine,3,42,10,300,0.0001,50,least_cost,Ranked + weighted SHARK,Random 25% immutable,α = 1,1.0,36,0,1,True,,10.0,0.24173489719115618,1.516442440684353,2.8020099044871887,1.8020099044871887,True,13.039899999995441,Optimization terminated successfully
Wine,3,42,10,300,0.0001,50,least_cost,Ranked + weighted SHARK,Random 25% immutable,α < 1,0.9959923504523763,36,0,1,True,,10.0,0.24497144728485667,1.5264512200252864,2.784394980145023,1.7843949801450232,True,12.887800000001448,Optimization terminated successfully
Wine,3,42,10,300,0.0001,50,least_cost,Ranked + weighted SHARK,Random 50% immutable,α = 1,1.0,36,0,1,True,,7.0,1.7160222087545867,5.213441924043842,1.0796532085207489,0.07965320852074886,True,10.308999999992352,Optimization terminated successfully
Wine,3,42,10,300,0.0001,50,least_cost,Ranked + weighted SHARK,Random 50% immutable,α < 1,0.9959923504523763,36,0,1,True,,7.0,1.7385426696592994,5.247147583884174,1.0729897008010127,0.07298970080101275,True,11.20850000000928,Optimization terminated successfully
Wine,3,42,10,300,0.0001,50,least_cost,Ranked + weighted SHARK,Random 75% immutable,α = 1,1.0,36,0,1,False,,,,,,,False,10.149499999997147,Positive directional derivative for linesearch
Wine,3,42,10,300,0.0001,50,least_cost,Ranked + weighted SHARK,Random 75% immutable,α < 1,0.9959923504523763,36,0,1,False,,,,,,,False,46.67999999999495,Positive directional derivative for linesearch
Wine,3,42,10,300,0.0001,50,least_cost,Ranked + weighted SHARK,All features mutable,α = 1,1.0,134,1,0,True,,13.0,0.6933512793796609,2.640493659961895,1.0,0.0,False,29.107100000004493,Optimization terminated successfully
Wine,3,42,10,300,0.0001,50,least_cost,Ranked + weighted SHARK,All features mutable,α < 1,0.9609577164831223,134,1,0,True,,13.0,0.7444117677335189,2.7337388838781953,1.0000000000000004,4.440892098500626e-16,True,18.46270000000061,Optimization terminated successfully
Wine,3,42,10,300,0.0001,50,least_cost,Ranked + weighted SHARK,Random 25% immutable,α = 1,1.0,134,1,0,True,,10.0,0.8578991871740551,2.7429860194453366,1.0,0.0,False,15.52159999999958,Optimization terminated successfully
Wine,3,42,10,300,0.0001,50,least_cost,Ranked + weighted SHARK,Random 25% immutable,α < 1,0.9609577164831223,134,1,0,True,,10.0,0.9224212584209568,2.840848105938926,1.0,0.0,False,15.139199999993025,Optimization terminated successfully
Wine,3,42,10,300,0.0001,50,least_cost,Ranked + weighted SHARK,Random 50% immutable,α = 1,1.0,134,1,0,True,,7.0,2.3497291645056677,5.391940664395455,1.0,0.0,False,10.026199999998653,Optimization terminated successfully
Wine,3,42,10,300,0.0001,50,least_cost,Ranked + weighted SHARK,Random 50% immutable,α < 1,0.9609577164831223,134,1,0,True,,7.0,2.5118220640156794,5.564144448601531,1.0000000000000004,4.440892098500626e-16,True,10.545199999995702,Optimization terminated successfully
Wine,3,42,10,300,0.0001,50,least_cost,Ranked + weighted SHARK,Random 75% immutable,α = 1,1.0,134,1,0,False,,,,,,,False,1.65590000000293,Positive directional derivative for linesearch
Wine,3,42,10,300,0.0001,50,least_cost,Ranked + weighted SHARK,Random 75% immutable,α < 1,0.9609577164831223,134,1,0,False,,,,,,,False,4.950300000004404,Positive directional derivative for linesearch
Wine,3,42,10,300,0.0001,50,least_cost,Ranked + weighted SHARK,All features mutable,α = 1,1.0,119,2,1,True,,13.0,0.26751636381499233,1.715990513354835,2.1752300250536885,1.1752300250536885,True,16.694200000003434,Optimization terminated successfully
Wine,3,42,10,300,0.0001,50,least_cost,Ranked + weighted SHARK,All features mutable,α < 1,0.9959923504523763,119,2,1,True,,13.0,0.2699310473924147,1.7237277294623627,2.165584014577436,1.165584014577436,True,17.642199999997388,Optimization terminated successfully
Wine,3,42,10,300,0.0001,50,least_cost,Ranked + weighted SHARK,Random 25% immutable,α = 1,1.0,119,2,1,True,,10.0,0.41829545026805615,2.1240880592735136,1.9252351673937376,0.9252351673937376,True,14.222400000008406,Optimization terminated successfully
Wine,3,42,10,300,0.0001,50,least_cost,Ranked + weighted SHARK,Random 25% immutable,α < 1,0.9959923504523763,119,2,1,True,,10.0,0.4220711126071832,2.133652854672707,1.916604689156055,0.9166046891560551,True,14.951999999993859,Optimization terminated successfully
Wine,3,42,10,300,0.0001,50,least_cost,Ranked + weighted SHARK,Random 50% immutable,α = 1,1.0,119,2,1,True,,7.0,0.6030601464449752,2.6981852835695093,1.0000000000000004,4.440892098500626e-16,True,11.109999999987963,Optimization terminated successfully
Wine,3,42,10,300,0.0001,50,least_cost,Ranked + weighted SHARK,Random 50% immutable,α < 1,0.9959923504523763,119,2,1,True,,7.0,0.608654018198566,2.7143992995205783,1.0,0.0,False,11.270899999999529,Optimization terminated successfully
Wine,3,42,10,300,0.0001,50,least_cost,Ranked + weighted SHARK,Random 75% immutable,α = 1,1.0,119,2,1,True,,3.0,0.5229115046295789,2.2396936530611633,1.7259025538651354,0.7259025538651354,True,4.613199999994322,Optimization terminated successfully
Wine,3,42,10,300,0.0001,50,least_cost,Ranked + weighted SHARK,Random 75% immutable,α < 1,0.9959923504523763,119,2,1,True,,3.0,0.5276314633884136,2.2497789912605577,1.718165579701589,0.7181655797015889,True,5.155399999992483,Optimization terminated successfully
Wine,3,42,10,300,0.0001,50,least_cost,Ranked + weighted SHARK,All features mutable,α = 1,1.0,100,2,1,True,,13.0,0.458305825363861,2.246049488703138,2.3396194920470177,1.3396194920470177,True,18.050700000003417,Optimization terminated successfully
Wine,3,42,10,300,0.0001,50,least_cost,Ranked + weighted SHARK,All features mutable,α < 1,0.9959923504523763,100,2,1,True,,13.0,0.4614647013090919,2.2537766369283343,2.331598030420862,1.3315980304208619,True,18.468200000000934,Optimization terminated successfully
Wine,3,42,10,300,0.0001,50,least_cost,Ranked + weighted SHARK,Random 25% immutable,α = 1,1.0,100,2,1,True,,10.0,0.660503709421574,2.7665505302071245,1.698030942401179,0.698030942401179,True,15.857199999999239,Optimization terminated successfully
Wine,3,42,10,300,0.0001,50,least_cost,Ranked + weighted SHARK,Random 25% immutable,α < 1,0.9959923504523763,100,2,1,True,,10.0,0.665056235627123,2.776068377837217,1.6922091755214166,0.6922091755214166,True,16.509500000012167,Optimization terminated successfully
Wine,3,42,10,300,0.0001,50,least_cost,Ranked + weighted SHARK,Random 50% immutable,α = 1,1.0,100,2,1,True,,7.0,0.7621404060864956,3.0552578396917798,1.406859314937762,0.40685931493776195,True,11.1036999999925,Optimization terminated successfully
Wine,3,42,10,300,0.0001,50,least_cost,Ranked + weighted SHARK,Random 50% immutable,α < 1,0.9959923504523763,100,2,1,True,,7.0,0.7673934639018719,3.0657688789412645,1.4020355832087554,0.40203558320875543,True,11.119600000000673,Optimization terminated successfully
Wine,3,42,10,300,0.0001,50,least_cost,Ranked + weighted SHARK,Random 75% immutable,α = 1,1.0,100,2,1,True,,3.0,1.4198232407360425,4.109931559194755,1.0,0.0,False,2.433899999999767,Optimization terminated successfully
Wine,3,42,10,300,0.0001,50,least_cost,Ranked + weighted SHARK,Random 75% immutable,α < 1,0.9959923504523763,100,2,1,True,,3.0,1.4316475315422803,4.130802936078029,1.0000000000000007,6.661338147750939e-16,True,2.4401000000011663,Optimization terminated successfully
Wine,3,42,10,300,0.0001,50,least_cost,Ranked + weighted SHARK,All features mutable,α = 1,1.0,150,1,0,True,,13.0,0.6124855048683384,2.478689046451927,1.082048610584896,0.0820486105848961,True,18.170099999991862,Optimization terminated successfully
Wine,3,42,10,300,0.0001,50,least_cost,Ranked + weighted SHARK,All features mutable,α < 1,0.9609577164831223,150,1,0,True,,13.0,0.6611338757009892,2.5752391660508773,1.041494977115755,0.041494977115754894,True,17.724099999995246,Optimization terminated successfully
Wine,3,42,10,300,0.0001,50,least_cost,Ranked + weighted SHARK,Random 25% immutable,α = 1,1.0,150,1,0,True,,10.0,0.704774754222615,2.5033061368123426,1.0000000000000002,2.220446049250313e-16,True,15.751999999991995,Optimization terminated successfully
Wine,3,42,10,300,0.0001,50,least_cost,Ranked + weighted SHARK,Random 25% immutable,α < 1,0.9609577164831223,150,1,0,True,,10.0,0.7609351869663488,2.5964706432354983,1.0,0.0,False,16.096599999997352,Optimization terminated successfully
Wine,3,42,10,300,0.0001,50,least_cost,Ranked + weighted SHARK,Random 50% immutable,α = 1,1.0,150,1,0,True,,7.0,1.2011760691343913,3.339279900083211,1.6752070111338386,0.6752070111338386,True,12.669500000001221,Optimization terminated successfully
Wine,3,42,10,300,0.0001,50,least_cost,Ranked + weighted SHARK,Random 50% immutable,α < 1,0.9609577164831223,150,1,0,True,,7.0,1.2965828325458297,3.469362083554239,1.6123959292279448,0.6123959292279448,True,12.509899999997742,Optimization terminated successfully
Wine,3,42,10,300,0.0001,50,least_cost,Ranked + weighted SHARK,Random 75% immutable,α = 1,1.0,150,1,0,True,,3.0,1.9482213814784899,3.991681503775859,1.032861033503083,0.032861033503083004,True,3.9924000000013393,Optimization terminated successfully
Wine,3,42,10,300,0.0001,50,least_cost,Ranked + weighted SHARK,Random 75% immutable,α < 1,0.9609577164831223,150,1,0,True,,3.0,2.1034419461943847,4.173480517251721,1.0000000000000009,8.881784197001252e-16,True,3.111099999998146,Optimization terminated successfully
Wine,3,42,10,300,0.0001,50,least_cost,Ranked + weighted SHARK,All features mutable,α = 1,1.0,55,0,2,True,,13.0,0.2877743714287482,1.7721534796515248,2.7478649285241015,1.7478649285241015,True,16.912000000004923,Optimization terminated successfully
Wine,3,42,10,300,0.0001,50,least_cost,Ranked + weighted SHARK,All features mutable,α < 1,0.940144547490798,55,0,2,True,,13.0,0.3235607355633774,1.8791142483227314,2.5914542110176892,1.5914542110176892,True,16.958099999996534,Optimization terminated successfully
Wine,3,42,10,300,0.0001,50,least_cost,Ranked + weighted SHARK,Random 25% immutable,α = 1,1.0,55,0,2,True,,10.0,0.3912188410201299,2.018656072706524,2.0213149381631164,1.0213149381631164,True,15.252499999988345,Optimization terminated successfully
Wine,3,42,10,300,0.0001,50,least_cost,Ranked + weighted SHARK,Random 25% immutable,α < 1,0.940144547490798,55,0,2,True,,10.0,0.4398691076578939,2.1404948205415897,1.9062599895546173,0.9062599895546173,True,15.24500000000728,Optimization terminated successfully
Wine,3,42,10,300,0.0001,50,least_cost,Ranked + weighted SHARK,Random 50% immutable,α = 1,1.0,55,0,2,True,,7.0,0.7343714645495331,3.2171173874058505,1.340035246261203,0.3400352462612031,True,13.800299999999766,Optimization terminated successfully
Wine,3,42,10,300,0.0001,50,least_cost,Ranked + weighted SHARK,Random 50% immutable,α < 1,0.940144547490798,55,0,2,True,,7.0,0.8256946929174026,3.411290912189996,1.263759304898908,0.263759304898908,True,11.475699999991207,Optimization terminated successfully
Wine,3,42,10,300,0.0001,50,least_cost,Ranked + weighted SHARK,Random 75% immutable,α = 1,1.0,55,0,2,True,,3.0,0.997688762133897,3.6559399177442,1.0,0.0,False,2.4244999999893935,Optimization terminated successfully
Wine,3,42,10,300,0.0001,50,least_cost,Ranked + weighted SHARK,Random 75% immutable,α < 1,0.940144547490798,55,0,2,True,,3.0,1.1517848590849724,4.082240792437187,1.0000000000000007,6.661338147750939e-16,True,2.517199999999775,Optimization terminated successfully
Wine,3,42,10,300,0.0001,50,least_cost,Ranked + weighted SHARK,All features mutable,α = 1,1.0,18,0,1,True,,13.0,1.4956584384792946,3.8733707473687473,1.368773303400978,0.3687733034009779,True,18.690399999997,Optimization terminated successfully
Wine,3,42,10,300,0.0001,50,least_cost,Ranked + weighted SHARK,All features mutable,α < 1,0.9959923504523763,18,0,1,True,,13.0,1.5033226725937419,3.8832822979776545,1.3652797727162411,0.3652797727162411,True,19.223999999994135,Optimization terminated successfully
Wine,3,42,10,300,0.0001,50,least_cost,Ranked + weighted SHARK,Random 25% immutable,α = 1,1.0,18,0,1,True,,10.0,1.643063759600199,3.8780467346913468,1.2459820086490527,0.24598200864905273,True,16.164200000005735,Optimization terminated successfully
Wine,3,42,10,300,0.0001,50,least_cost,Ranked + weighted SHARK,Random 25% immutable,α < 1,0.9959923504523763,18,0,1,True,,10.0,1.6514833459115614,3.8879702390098405,1.2428018179714113,0.24280181797141132,True,15.64620000000616,Optimization terminated successfully
Wine,3,42,10,300,0.0001,50,least_cost,Ranked + weighted SHARK,Random 50% immutable,α = 1,1.0,18,0,1,True,,7.0,3.188974291186041,5.773105111855259,1.008523999167264,0.008523999167264096,True,12.187100000005557,Optimization terminated successfully
Wine,3,42,10,300,0.0001,50,least_cost,Ranked + weighted SHARK,Random 50% immutable,α < 1,0.9959923504523763,18,0,1,True,,7.0,3.2053156192758534,5.78787301534875,1.005948038268451,0.005948038268450917,True,13.519399999992743,Optimization terminated successfully
Wine,3,42,10,300,0.0001,50,least_cost,Ranked + weighted SHARK,Random 75% immutable,α = 1,1.0,18,0,1,False,,,,,,,False,12.752699999992956,Positive directional derivative for linesearch
Wine,3,42,10,300,0.0001,50,least_cost,Ranked + weighted SHARK,Random 75% immutable,α < 1,0.9959923504523763,18,0,1,False,,,,,,,False,2.324100000009821,Positive directional derivative for linesearch
Wine,3,42,10,300,0.0001,50,least_cost,Ranked + weighted SHARK,All features mutable,α = 1,1.0,12,0,1,True,,13.0,0.5214264411798105,2.2870236795780237,2.437919330441106,1.437919330441106,True,17.881600000009712,Optimization terminated successfully
Wine,3,42,10,300,0.0001,50,least_cost,Ranked + weighted SHARK,All features mutable,α < 1,0.9959923504523763,12,0,1,True,,13.0,0.5259557698194669,2.29693520757076,2.427399363941123,1.4273993639411229,True,17.605499999987728,Optimization terminated successfully
Wine,3,42,10,300,0.0001,50,least_cost,Ranked + weighted SHARK,Random 25% immutable,α = 1,1.0,12,0,1,True,,10.0,0.6699204893352807,2.5911903261874984,1.8974484383004915,0.8974484383004915,True,14.374300000000062,Optimization terminated successfully
Wine,3,42,10,300,0.0001,50,least_cost,Ranked + weighted SHARK,Random 25% immutable,α < 1,0.9959923504523763,12,0,1,True,,10.0,0.6757396995236153,2.6024200303675666,1.889260697462864,0.8892606974628641,True,13.773400000005154,Optimization terminated successfully
Wine,3,42,10,300,0.0001,50,least_cost,Ranked + weighted SHARK,Random 50% immutable,α = 1,1.0,12,0,1,True,,7.0,0.7019918987063656,2.4364755289555755,1.8107669238901498,0.8107669238901498,True,12.898199999995086,Optimization terminated successfully
Wine,3,42,10,300,0.0001,50,least_cost,Ranked + weighted SHARK,Random 50% immutable,α < 1,0.9959923504523763,12,0,1,True,,7.0,0.7080896945989459,2.447034800928944,1.80295326185626,0.80295326185626,True,11.672099999998409,Optimization terminated successfully
Wine,3,42,10,300,0.0001,50,least_cost,Ranked + weighted SHARK,Random 75% immutable,α = 1,1.0,12,0,1,False,,,,,,,False,1.9915000000025884,Positive directional derivative for linesearch
Wine,3,42,10,300,0.0001,50,least_cost,Ranked + weighted SHARK,Random 75% immutable,α < 1,0.9959923504523763,12,0,1,False,,,,,,,False,17.203699999996047,Positive directional derivative for linesearch
Wine,3,42,10,300,0.0001,50,least_cost,Ranked + weighted SHARK,All features mutable,α = 1,1.0,137,1,0,True,,13.0,1.0592357865606616,3.2630118422857635,2.754585592935904,1.754585592935904,True,16.886099999993576,Optimization terminated successfully
Wine,3,42,10,300,0.0001,50,least_cost,Ranked + weighted SHARK,All features mutable,α < 1,0.9609577164831223,137,1,0,True,,13.0,1.1222011927218458,3.3582684439764723,2.6664522662497494,1.6664522662497494,True,17.334399999995753,Optimization terminated successfully
Wine,3,42,10,300,0.0001,50,least_cost,Ranked + weighted SHARK,Random 25% immutable,α = 1,1.0,137,1,0,True,,10.0,1.5355947067685025,4.0910565781338,1.8470535767008394,0.8470535767008394,True,14.796799999999166,Optimization terminated successfully
Wine,3,42,10,300,0.0001,50,least_cost,Ranked + weighted SHARK,Random 25% immutable,α < 1,0.9609577164831223,137,1,0,True,,10.0,1.6261367202353245,4.210818662504034,1.8027378997622463,0.8027378997622463,True,15.727700000013556,Optimization terminated successfully
Wine,3,42,10,300,0.0001,50,least_cost,Ranked + weighted SHARK,Random 50% immutable,α = 1,1.0,137,1,0,True,,7.0,1.8377609386180125,4.242487323337098,1.8005587094237054,0.8005587094237054,True,10.984499999992181,Optimization terminated successfully
Wine,3,42,10,300,0.0001,50,least_cost,Ranked + weighted SHARK,Random 50% immutable,α < 1,0.9609577164831223,137,1,0,True,,7.0,1.948635872342134,4.37147352382836,1.7579509626993661,0.7579509626993661,True,10.396200000002409,Optimization terminated successfully
Wine,3,42,10,300,0.0001,50,least_cost,Ranked + weighted SHARK,Random 75% immutable,α = 1,1.0,137,1,0,False,,,,,,,False,1.3145000000065465,Positive directional derivative for linesearch
Wine,3,42,10,300,0.0001,50,least_cost,Ranked + weighted SHARK,Random 75% immutable,α < 1,0.9609577164831223,137,1,0,False,,,,,,,False,6.339600000003998,Positive directional derivative for linesearch
