dataset,n_clusters,seed,n_init,max_iter,tol,n_factuals,solution_type,cf_mode,mask_scenario,alpha_case,alpha,factual_idx,source_cluster,target_cluster,feasible,rank_step,changed_features,weighted_squared_distance,euclidean_distance,rho,tau,positive_tau,runtime_ms,solver_message
Obesity,7,42,10,300,0.0001,50,least_cost,Unweighted k-means,All features mutable,α = 1,1.0,840,4,0,True,,19.0,0.48201722509937733,3.256436542017409,2.0892176958342232,1.0892176958342232,True,8.459900000048037,Optimization terminated successfully
Obesity,7,42,10,300,0.0001,50,least_cost,Unweighted k-means,All features mutable,α < 1,0.5697899693643169,840,4,0,True,,19.0,1.005895628959798,4.704221916227545,1.4462338242053914,0.44623382420539137,True,9.773600000016813,Optimization terminated successfully
Obesity,7,42,10,300,0.0001,50,least_cost,Unweighted k-means,Random 25% immutable,α = 1,1.0,840,4,0,True,,13.0,0.5038721211062527,3.329442395407609,1.998600179110757,0.998600179110757,True,6.188400000041838,Optimization terminated successfully
Obesity,7,42,10,300,0.0001,50,least_cost,Unweighted k-means,Random 25% immutable,α < 1,0.5697899693643169,840,4,0,True,,13.0,1.0515034272291488,4.809685582139572,1.3835050460822653,0.3835050460822653,True,6.251799999972718,Optimization terminated successfully
Obesity,7,42,10,300,0.0001,50,least_cost,Unweighted k-means,Random 50% immutable,α = 1,1.0,840,4,0,True,,10.0,3.373254370382087,8.614615264096587,1.0,0.0,False,5.204399999911402,Optimization terminated successfully
Obesity,7,42,10,300,0.0001,50,least_cost,Unweighted k-means,Random 50% immutable,α < 1,0.5697899693643169,840,4,0,True,,10.0,7.917190940717288,13.197658909661984,1.0,0.0,False,5.453399999964859,Optimization terminated successfully
Obesity,7,42,10,300,0.0001,50,least_cost,Unweighted k-means,Random 75% immutable,α = 1,1.0,840,4,0,True,,6.0,0.6663243935442709,3.8287252001121677,1.682402470942438,0.6824024709424381,True,4.383899999993446,Optimization terminated successfully
Obesity,7,42,10,300,0.0001,50,least_cost,Unweighted k-means,Random 75% immutable,α < 1,0.5697899693643169,840,4,0,True,,6.0,1.390516272104764,5.530945487554981,1.1646212665052325,0.16462126650523246,True,3.8074999999935244,Optimization terminated successfully
Obesity,7,42,10,300,0.0001,50,least_cost,Unweighted k-means,All features mutable,α = 1,1.0,1066,4,2,True,,14.0,0.10083120822943782,1.4893913458348118,1.0,0.0,False,5.514000000061969,Optimization terminated successfully
Obesity,7,42,10,300,0.0001,50,least_cost,Unweighted k-means,All features mutable,α < 1,0.9865689209591888,1066,4,2,True,,14.0,0.10389690124178876,1.511863693366354,1.0,0.0,False,5.91220000001158,Optimization terminated successfully
Obesity,7,42,10,300,0.0001,50,least_cost,Unweighted k-means,Random 25% immutable,α = 1,1.0,1066,4,2,True,,8.0,0.11769635455127184,1.6091363522486153,1.9255238162648118,0.9255238162648118,True,6.787100000110513,Optimization terminated successfully
Obesity,7,42,10,300,0.0001,50,least_cost,Unweighted k-means,Random 25% immutable,α < 1,0.9865689209591888,1066,4,2,True,,8.0,0.1237939983875765,1.650293296516314,1.8775028480619251,0.8775028480619251,True,6.76439999995182,Optimization terminated successfully
Obesity,7,42,10,300,0.0001,50,least_cost,Unweighted k-means,Random 50% immutable,α = 1,1.0,1066,4,2,True,,9.0,0.1971194064285654,2.0824569482773083,1.0,0.0,False,3.6009000000376545,Optimization terminated successfully
Obesity,7,42,10,300,0.0001,50,least_cost,Unweighted k-means,Random 50% immutable,α < 1,0.9865689209591888,1066,4,2,True,,9.0,0.2030236908957424,2.1134145830163877,1.0,0.0,False,3.9444000000230517,Optimization terminated successfully
Obesity,7,42,10,300,0.0001,50,least_cost,Unweighted k-means,Random 75% immutable,α = 1,1.0,1066,4,2,True,,4.0,0.33004774995094105,2.69463364836868,1.0,0.0,False,4.292899999995825,Optimization terminated successfully
Obesity,7,42,10,300,0.0001,50,least_cost,Unweighted k-means,Random 75% immutable,α < 1,0.9865689209591888,1066,4,2,True,,4.0,0.3918869344531923,2.936241229526319,1.0,0.0,False,5.974700000024313,Optimization terminated successfully
Obesity,7,42,10,300,0.0001,50,least_cost,Unweighted k-means,All features mutable,α = 1,1.0,937,4,3,True,,18.0,0.7162423786575918,3.969550645912837,1.886898161986825,0.886898161986825,True,8.12780000001112,Optimization terminated successfully
Obesity,7,42,10,300,0.0001,50,least_cost,Unweighted k-means,All features mutable,α < 1,0.9095151899524359,937,4,3,True,,18.0,0.843752341535205,4.308427963164118,1.738485097723086,0.7384850977230859,True,7.600099999990562,Optimization terminated successfully
Obesity,7,42,10,300,0.0001,50,least_cost,Unweighted k-means,Random 25% immutable,α = 1,1.0,937,4,3,True,,12.0,0.7610014871300597,4.0917029116079915,1.7759182397646334,0.7759182397646334,True,5.9348999999429,Optimization terminated successfully
Obesity,7,42,10,300,0.0001,50,least_cost,Unweighted k-means,Random 25% immutable,α < 1,0.9095151899524359,937,4,3,True,,12.0,0.8964797473743494,4.441008268652029,1.6362342463176596,0.6362342463176596,True,6.000099999937447,Optimization terminated successfully
Obesity,7,42,10,300,0.0001,50,least_cost,Unweighted k-means,Random 50% immutable,α = 1,1.0,937,4,3,True,,10.0,0.7584941196812554,4.084956625594404,1.7817889124786566,0.7817889124786566,True,4.997900000034861,Optimization terminated successfully
Obesity,7,42,10,300,0.0001,50,least_cost,Unweighted k-means,Random 50% immutable,α < 1,0.9095151899524359,937,4,3,True,,10.0,0.8935260026378498,4.433686057676242,1.641643173097882,0.641643173097882,True,5.634099999952014,Optimization terminated successfully
Obesity,7,42,10,300,0.0001,50,least_cost,Unweighted k-means,Random 75% immutable,α = 1,1.0,937,4,3,False,,,,,,,False,6.63889999998446,Positive directional derivative for linesearch
Obesity,7,42,10,300,0.0001,50,least_cost,Unweighted k-means,Random 75% immutable,α < 1,0.9095151899524359,937,4,3,False,,,,,,,False,47.53529999993589,Positive directional derivative for linesearch
Obesity,7,42,10,300,0.0001,50,least_cost,Unweighted k-means,All features mutable,α = 1,1.0,184,3,1,True,,17.0,0.8586321958265052,4.34625221405559,1.7516849147570999,0.7516849147570999,True,9.566900000095302,Optimization terminated successfully
Obesity,7,42,10,300,0.0001,50,least_cost,Unweighted k-means,All features mutable,α < 1,0.9549066178381463,184,3,1,True,,17.0,0.9278710010298401,4.518092741706005,1.6850615719997977,0.6850615719997977,True,7.084299999974064,Optimization terminated successfully
Obesity,7,42,10,300,0.0001,50,least_cost,Unweighted k-means,Random 25% immutable,α = 1,1.0,184,3,1,True,,12.0,1.1319560489767604,4.990293886885693,1.4837915471946632,0.4837915471946632,True,6.710099999963859,Optimization terminated successfully
Obesity,7,42,10,300,0.0001,50,least_cost,Unweighted k-means,Random 25% immutable,α < 1,0.9549066178381463,184,3,1,True,,12.0,1.2781587579846436,5.302781597959902,1.4407869707014838,0.44078697070148376,True,6.860500000016145,Optimization terminated successfully
Obesity,7,42,10,300,0.0001,50,least_cost,Unweighted k-means,Random 50% immutable,α = 1,1.0,184,3,1,False,,,,,,,False,49.39789999991717,Positive directional derivative for linesearch
Obesity,7,42,10,300,0.0001,50,least_cost,Unweighted k-means,Random 50% immutable,α < 1,0.9549066178381463,184,3,1,False,,,,,,,False,16.37319999997544,Positive directional derivative for linesearch
Obesity,7,42,10,300,0.0001,50,least_cost,Unweighted k-means,Random 75% immutable,α = 1,1.0,184,3,1,True,,5.0,1.1722934717148352,5.078430503386492,1.3677358908028656,0.3677358908028656,True,3.7884000000758533,Optimization terminated successfully
Obesity,7,42,10,300,0.0001,50,least_cost,Unweighted k-means,Random 75% immutable,α < 1,0.9549066178381463,184,3,1,True,,5.0,1.3009535166145845,5.3498576958196615,1.2140983270321826,0.21409832703218257,True,4.394100000013168,Optimization terminated successfully
Obesity,7,42,10,300,0.0001,50,least_cost,Unweighted k-means,All features mutable,α = 1,1.0,1643,4,6,True,,14.0,0.07920813688592579,1.3200678056411979,2.433712088488412,1.433712088488412,True,7.402300000080686,Optimization terminated successfully
Obesity,7,42,10,300,0.0001,50,least_cost,Unweighted k-means,All features mutable,α < 1,0.9912793114617909,1643,4,6,True,,14.0,0.08087889678602252,1.3339174372098506,2.4084436337607786,1.4084436337607786,True,7.299600000010287,Optimization terminated successfully
Obesity,7,42,10,300,0.0001,50,least_cost,Unweighted k-means,Random 25% immutable,α = 1,1.0,1643,4,6,True,,10.0,0.0867532143653155,1.381510302544625,2.222047931956973,1.2220479319569728,True,6.083100000068953,Optimization terminated successfully
Obesity,7,42,10,300,0.0001,50,least_cost,Unweighted k-means,Random 25% immutable,α < 1,0.9912793114617909,1643,4,6,True,,10.0,0.08858312474402838,1.3960045645944803,2.1989771076789904,1.1989771076789904,True,6.111599999940154,Optimization terminated successfully
Obesity,7,42,10,300,0.0001,50,least_cost,Unweighted k-means,Random 50% immutable,α = 1,1.0,1643,4,6,False,,,,,,,False,3.835899999899084,Positive directional derivative for linesearch
Obesity,7,42,10,300,0.0001,50,least_cost,Unweighted k-means,Random 50% immutable,α < 1,0.9912793114617909,1643,4,6,False,,,,,,,False,17.73019999995995,Inequality constraints incompatible
Obesity,7,42,10,300,0.0001,50,least_cost,Unweighted k-means,Random 75% immutable,α = 1,1.0,1643,4,6,False,,,,,,,False,36.61479999993844,Positive directional derivative for linesearch
Obesity,7,42,10,300,0.0001,50,least_cost,Unweighted k-means,Random 75% immutable,α < 1,0.9912793114617909,1643,4,6,False,,,,,,,False,21.76269999995384,Positive directional derivative for linesearch
Obesity,7,42,10,300,0.0001,50,least_cost,Unweighted k-means,All features mutable,α = 1,1.0,2045,4,3,True,,18.0,0.7236450030209057,3.9900112865078374,1.8515993794556636,0.8515993794556636,True,7.833099999970727,Optimization terminated successfully
Obesity,7,42,10,300,0.0001,50,least_cost,Unweighted k-means,All features mutable,α < 1,0.9095151899524359,2045,4,3,True,,18.0,0.8517852974434321,4.328888603759111,1.7066510940765647,0.7066510940765647,True,8.192100000087521,Optimization terminated successfully
Obesity,7,42,10,300,0.0001,50,least_cost,Unweighted k-means,Random 25% immutable,α = 1,1.0,2045,4,3,False,,,,,,,False,6.754300000011426,Positive directional derivative for linesearch
Obesity,7,42,10,300,0.0001,50,least_cost,Unweighted k-means,Random 25% immutable,α < 1,0.9095151899524359,2045,4,3,False,,,,,,,False,9.767399999873305,Positive directional derivative for linesearch
Obesity,7,42,10,300,0.0001,50,least_cost,Unweighted k-means,Random 50% immutable,α = 1,1.0,2045,4,3,True,,9.0,0.7729723659569261,4.1237594560124835,1.7574269444504527,0.7574269444504527,True,5.2131999998437095,Optimization terminated successfully
Obesity,7,42,10,300,0.0001,50,least_cost,Unweighted k-means,Random 50% immutable,α < 1,0.9095151899524359,2045,4,3,True,,9.0,0.9098473614874868,4.473996194983262,1.6198507204404218,0.6198507204404218,True,4.8311000000467175,Optimization terminated successfully
Obesity,7,42,10,300,0.0001,50,least_cost,Unweighted k-means,Random 75% immutable,α = 1,1.0,2045,4,3,False,,,,,,,False,2.703200000041761,Positive directional derivative for linesearch
Obesity,7,42,10,300,0.0001,50,least_cost,Unweighted k-means,Random 75% immutable,α < 1,0.9095151899524359,2045,4,3,False,,,,,,,False,4.714100000001054,Positive directional derivative for linesearch
Obesity,7,42,10,300,0.0001,50,least_cost,Unweighted k-means,All features mutable,α = 1,1.0,1343,2,5,True,,17.0,2.428873908171455,7.309940217250206,1.9702535726484136,0.9702535726484136,True,8.018300000003364,Optimization terminated successfully
Obesity,7,42,10,300,0.0001,50,least_cost,Unweighted k-means,All features mutable,α < 1,0.09132005349365606,1343,2,5,True,,17.0,8.735913215397783,13.86326407231541,1.038892190138926,0.038892190138926086,True,7.330099999990125,Optimization terminated successfully
Obesity,7,42,10,300,0.0001,50,least_cost,Unweighted k-means,Random 25% immutable,α = 1,1.0,1343,2,5,True,,12.0,2.492554592971786,7.405146929357938,1.9199168415965644,0.9199168415965644,True,5.998200000021825,Optimization terminated successfully
Obesity,7,42,10,300,0.0001,50,least_cost,Unweighted k-means,Random 25% immutable,α < 1,0.09132005349365606,1343,2,5,True,,12.0,8.964953073762329,14.043823112769942,1.0123501971481046,0.012350197148104591,True,6.236200000103054,Optimization terminated successfully
Obesity,7,42,10,300,0.0001,50,least_cost,Unweighted k-means,Random 50% immutable,α = 1,1.0,1343,2,5,True,,7.0,2.560798470355155,7.5058354863275145,1.8687521148406119,0.8687521148406119,True,5.157800000006318,Optimization terminated successfully
Obesity,7,42,10,300,0.0001,50,least_cost,Unweighted k-means,Random 50% immutable,α < 1,0.09132005349365606,1343,2,5,True,,7.0,9.309688831870144,14.311294640986999,1.000000000000002,1.9984014443252818e-15,True,5.216399999881105,Optimization terminated successfully
Obesity,7,42,10,300,0.0001,50,least_cost,Unweighted k-means,Random 75% immutable,α = 1,1.0,1343,2,5,False,,,,,,,False,13.950799999975061,Positive directional derivative for linesearch
Obesity,7,42,10,300,0.0001,50,least_cost,Unweighted k-means,Random 75% immutable,α < 1,0.09132005349365606,1343,2,5,False,,,,,,,False,16.75369999998111,Positive directional derivative for linesearch
Obesity,7,42,10,300,0.0001,50,least_cost,Unweighted k-means,All features mutable,α = 1,1.0,1473,2,4,True,,11.0,0.10833056999837426,1.5437851340015663,1.0,0.0,False,7.674200000110432,Optimization terminated successfully
Obesity,7,42,10,300,0.0001,50,least_cost,Unweighted k-means,All features mutable,α < 1,0.9556192526905325,1473,2,4,True,,11.0,0.11847456160790817,1.6144473838976543,1.0,0.0,False,7.8469999998560525,Optimization terminated successfully
Obesity,7,42,10,300,0.0001,50,least_cost,Unweighted k-means,Random 25% immutable,α = 1,1.0,1473,2,4,True,,8.0,0.20061375558425998,2.1008337922962204,1.0,0.0,False,6.0427000000800035,Optimization terminated successfully
Obesity,7,42,10,300,0.0001,50,least_cost,Unweighted k-means,Random 25% immutable,α < 1,0.9556192526905325,1473,2,4,True,,8.0,0.21936784368868123,2.1968369445980707,1.0,0.0,False,6.322300000192627,Optimization terminated successfully
Obesity,7,42,10,300,0.0001,50,least_cost,Unweighted k-means,Random 50% immutable,α = 1,1.0,1473,2,4,True,,6.0,0.11221593270754449,1.5712258015848577,1.0,0.0,False,4.905199999939214,Optimization terminated successfully
Obesity,7,42,10,300,0.0001,50,least_cost,Unweighted k-means,Random 50% immutable,α < 1,0.9556192526905325,1473,2,4,True,,6.0,0.12270495520366714,1.643018263587072,1.0,0.0,False,5.132600000024468,Optimization terminated successfully
Obesity,7,42,10,300,0.0001,50,least_cost,Unweighted k-means,Random 75% immutable,α = 1,1.0,1473,2,4,False,,,,,,,False,56.67349999998805,Positive directional derivative for linesearch
Obesity,7,42,10,300,0.0001,50,least_cost,Unweighted k-means,Random 75% immutable,α < 1,0.9556192526905325,1473,2,4,False,,,,,,,False,21.57020000004195,Inequality constraints incompatible
Obesity,7,42,10,300,0.0001,50,least_cost,Unweighted k-means,All features mutable,α = 1,1.0,581,2,3,True,,17.0,0.8315492036404549,4.277158224813529,1.8207662417534192,0.8207662417534192,True,8.031900000105452,Optimization terminated successfully
Obesity,7,42,10,300,0.0001,50,least_cost,Unweighted k-means,All features mutable,α < 1,0.9095151899524359,581,2,3,True,,17.0,0.9743477283025044,4.629865011277877,1.6820588207675031,0.6820588207675031,True,7.607000000007247,Optimization terminated successfully
Obesity,7,42,10,300,0.0001,50,least_cost,Unweighted k-means,Random 25% immutable,α = 1,1.0,581,2,3,False,,,,,,,False,12.493599999970684,Positive directional derivative for linesearch
Obesity,7,42,10,300,0.0001,50,least_cost,Unweighted k-means,Random 25% immutable,α < 1,0.9095151899524359,581,2,3,False,,,,,,,False,4.651299999977709,Positive directional derivative for linesearch
Obesity,7,42,10,300,0.0001,50,least_cost,Unweighted k-means,Random 50% immutable,α = 1,1.0,581,2,3,True,,10.0,0.8842722058695672,4.410667583159094,1.7122066105726796,0.7122066105726796,True,4.966799999920113,Optimization terminated successfully
Obesity,7,42,10,300,0.0001,50,least_cost,Unweighted k-means,Random 50% immutable,α < 1,0.9095151899524359,581,2,3,True,,10.0,1.0361246348599573,4.774383935851731,1.5817693548235474,0.5817693548235474,True,4.694299999982832,Optimization terminated successfully
Obesity,7,42,10,300,0.0001,50,least_cost,Unweighted k-means,Random 75% immutable,α = 1,1.0,581,2,3,False,,,,,,,False,92.86739999993188,Positive directional derivative for linesearch
Obesity,7,42,10,300,0.0001,50,least_cost,Unweighted k-means,Random 75% immutable,α < 1,0.9095151899524359,581,2,3,False,,,,,,,False,14.713499999970736,Positive directional derivative for linesearch
Obesity,7,42,10,300,0.0001,50,least_cost,Unweighted k-means,All features mutable,α = 1,1.0,939,2,5,True,,17.0,2.444944926348286,7.334084017766792,1.7612292253527315,0.7612292253527315,True,7.224799999903553,Optimization terminated successfully
Obesity,7,42,10,300,0.0001,50,least_cost,Unweighted k-means,All features mutable,α < 1,0.09132005349365606,939,2,5,True,,17.0,8.766692210102875,13.887664620887962,1.0,0.0,False,7.202699999879769,Optimization terminated successfully
Obesity,7,42,10,300,0.0001,50,least_cost,Unweighted k-means,Random 25% immutable,α = 1,1.0,939,2,5,False,,,,,,,False,7.970500000055836,Positive directional derivative for linesearch
Obesity,7,42,10,300,0.0001,50,least_cost,Unweighted k-means,Random 25% immutable,α < 1,0.09132005349365606,939,2,5,False,,,,,,,False,22.85129999995661,Positive directional derivative for linesearch
Obesity,7,42,10,300,0.0001,50,least_cost,Unweighted k-means,Random 50% immutable,α = 1,1.0,939,2,5,False,,,,,,,False,49.31399999986752,Positive directional derivative for linesearch
Obesity,7,42,10,300,0.0001,50,least_cost,Unweighted k-means,Random 50% immutable,α < 1,0.09132005349365606,939,2,5,False,,,,,,,False,77.07570000002306,Positive directional derivative for linesearch
Obesity,7,42,10,300,0.0001,50,least_cost,Unweighted k-means,Random 75% immutable,α = 1,1.0,939,2,5,True,,5.0,2.551698176046378,7.4924868950849906,1.8816110646770854,0.8816110646770854,True,3.9320999999290507,Optimization terminated successfully
Obesity,7,42,10,300,0.0001,50,least_cost,Unweighted k-means,Random 75% immutable,α < 1,0.09132005349365606,939,2,5,True,,5.0,9.163573277060284,14.198542604624118,1.0,0.0,False,4.043800000090414,Optimization terminated successfully
Obesity,7,42,10,300,0.0001,50,least_cost,Unweighted k-means,All features mutable,α = 1,1.0,746,3,6,True,,16.0,0.815216675269014,4.234945909444217,1.8697774510626342,0.8697774510626342,True,7.0666999999957625,Optimization terminated successfully
Obesity,7,42,10,300,0.0001,50,least_cost,Unweighted k-means,All features mutable,α < 1,0.9912793114617909,746,3,6,True,,16.0,0.8286881182104744,4.269793742164888,1.8545173039515543,0.8545173039515543,True,7.108400000106485,Optimization terminated successfully
Obesity,7,42,10,300,0.0001,50,least_cost,Unweighted k-means,Random 25% immutable,α = 1,1.0,746,3,6,True,,11.0,4.150026338027228,9.555133669216723,1.0,0.0,False,5.453399999851172,Optimization terminated successfully
Obesity,7,42,10,300,0.0001,50,least_cost,Unweighted k-means,Random 25% immutable,α < 1,0.9912793114617909,746,3,6,True,,11.0,4.302484452169106,9.729062542080833,1.000000000000001,1.1102230246251565e-15,True,5.59320000002117,Optimization terminated successfully
Obesity,7,42,10,300,0.0001,50,least_cost,Unweighted k-means,Random 50% immutable,α = 1,1.0,746,3,6,False,,,,,,,False,33.93060000007608,Positive directional derivative for linesearch
Obesity,7,42,10,300,0.0001,50,least_cost,Unweighted k-means,Random 50% immutable,α < 1,0.9912793114617909,746,3,6,False,,,,,,,False,40.678300000081435,Positive directional derivative for linesearch
Obesity,7,42,10,300,0.0001,50,least_cost,Unweighted k-means,Random 75% immutable,α = 1,1.0,746,3,6,False,,,,,,,False,3.0457999998816376,Positive directional derivative for linesearch
Obesity,7,42,10,300,0.0001,50,least_cost,Unweighted k-means,Random 75% immutable,α < 1,0.9912793114617909,746,3,6,False,,,,,,,False,31.746800000064468,Positive directional derivative for linesearch
Obesity,7,42,10,300,0.0001,50,least_cost,Unweighted k-means,All features mutable,α = 1,1.0,1430,6,5,True,,16.0,2.351262407127277,7.192202232751808,1.0,0.0,False,7.369800000105897,Optimization terminated successfully
Obesity,7,42,10,300,0.0001,50,least_cost,Unweighted k-means,All features mutable,α < 1,0.09132005349365606,1430,6,5,True,,16.0,8.478565296125833,13.65754137884152,1.0000000000000013,1.3322676295501878e-15,True,7.344600000124046,Optimization terminated successfully
Obesity,7,42,10,300,0.0001,50,least_cost,Unweighted k-means,Random 25% immutable,α = 1,1.0,1430,6,5,True,,12.0,2.395533269715147,7.2595958519557575,1.0,0.0,False,5.622700000003533,Optimization terminated successfully
Obesity,7,42,10,300,0.0001,50,least_cost,Unweighted k-means,Random 25% immutable,α < 1,0.09132005349365606,1430,6,5,True,,12.0,8.63827129115976,13.785571022105493,1.0000000000000013,1.3322676295501878e-15,True,6.2657999999373715,Optimization terminated successfully
Obesity,7,42,10,300,0.0001,50,least_cost,Unweighted k-means,Random 50% immutable,α = 1,1.0,1430,6,5,True,,8.0,2.4291908152392843,7.310417083536633,1.0,0.0,False,4.89249999986896,Optimization terminated successfully
Obesity,7,42,10,300,0.0001,50,least_cost,Unweighted k-means,Random 50% immutable,α < 1,0.09132005349365606,1430,6,5,True,,8.0,8.759690018604703,13.882117288414742,1.0,0.0,False,4.697999999962121,Optimization terminated successfully
Obesity,7,42,10,300,0.0001,50,least_cost,Unweighted k-means,Random 75% immutable,α = 1,1.0,1430,6,5,True,,6.0,2.4148976286559716,7.288878365731684,1.0,0.0,False,3.734100000201579,Optimization terminated successfully
Obesity,7,42,10,300,0.0001,50,least_cost,Unweighted k-means,Random 75% immutable,α < 1,0.09132005349365606,1430,6,5,True,,6.0,8.708127716628681,13.841199722778043,1.0,0.0,False,4.028799999787225,Optimization terminated successfully
Obesity,7,42,10,300,0.0001,50,least_cost,Unweighted k-means,All features mutable,α = 1,1.0,894,2,6,True,,14.0,0.0033937777796765357,0.27324551442408673,5.717577383996936,4.717577383996936,True,5.070100000011735,Optimization terminated successfully
Obesity,7,42,10,300,0.0001,50,least_cost,Unweighted k-means,All features mutable,α < 1,0.9912793114617909,894,2,6,True,,14.0,0.0038825957946013183,0.2922620527561336,5.34555325197601,4.34555325197601,True,5.03090000006523,Optimization terminated successfully
Obesity,7,42,10,300,0.0001,50,least_cost,Unweighted k-means,Random 25% immutable,α = 1,1.0,894,2,6,True,,10.0,0.0060765570133670165,0.36562857423083656,6.554249874344804,5.554249874344804,True,4.517200000009325,Optimization terminated successfully
Obesity,7,42,10,300,0.0001,50,least_cost,Unweighted k-means,Random 25% immutable,α < 1,0.9912793114617909,894,2,6,True,,10.0,0.006951785366454543,0.3910745172751607,6.127786219896819,5.127786219896819,True,4.026900000098976,Optimization terminated successfully
Obesity,7,42,10,300,0.0001,50,least_cost,Unweighted k-means,Random 50% immutable,α = 1,1.0,894,2,6,True,,5.0,0.01467112715759687,0.5681239279128553,3.747109233686877,2.747109233686877,True,3.388399999948888,Optimization terminated successfully
Obesity,7,42,10,300,0.0001,50,least_cost,Unweighted k-means,Random 50% immutable,α < 1,0.9912793114617909,894,2,6,True,,5.0,0.016784262347776906,0.6076625475139075,3.5032970600079,2.5032970600079,True,3.652900000133741,Optimization terminated successfully
Obesity,7,42,10,300,0.0001,50,least_cost,Unweighted k-means,Random 75% immutable,α = 1,1.0,894,2,6,True,,4.0,0.00632442422913662,0.3730111701289998,6.297375320331152,5.297375320331152,True,2.7004999999462598,Optimization terminated successfully
Obesity,7,42,10,300,0.0001,50,least_cost,Unweighted k-means,Random 75% immutable,α < 1,0.9912793114617909,894,2,6,True,,4.0,0.0072353537884442464,0.3989709053875651,5.887625654855468,4.887625654855468,True,2.718199999890203,Optimization terminated successfully
Obesity,7,42,10,300,0.0001,50,least_cost,Unweighted k-means,All features mutable,α = 1,1.0,143,6,4,True,,9.0,0.09325484929525196,1.4323430749982853,2.1328755709438822,1.1328755709438822,True,5.2744000001894165,Optimization terminated successfully
Obesity,7,42,10,300,0.0001,50,least_cost,Unweighted k-means,All features mutable,α < 1,0.9556192526905325,143,6,4,True,,9.0,0.1031559427016253,1.5064629897331552,2.0279353523076473,1.0279353523076473,True,5.213700000012977,Optimization terminated successfully
Obesity,7,42,10,300,0.0001,50,least_cost,Unweighted k-means,Random 25% immutable,α = 1,1.0,143,6,4,True,,7.0,0.09449841805459297,1.4418617122321562,2.1048076119374493,1.1048076119374493,True,4.252199999882578,Optimization terminated successfully
Obesity,7,42,10,300,0.0001,50,least_cost,Unweighted k-means,Random 25% immutable,α < 1,0.9556192526905325,143,6,4,True,,7.0,0.10453154417064893,1.5164741909291686,2.0012483728553367,1.0012483728553367,True,4.236199999922974,Optimization terminated successfully
Obesity,7,42,10,300,0.0001,50,least_cost,Unweighted k-means,Random 50% immutable,α = 1,1.0,143,6,4,True,,4.0,0.09618969567564292,1.4547072918165167,2.067799347372466,1.0677993473724658,True,3.5852999999406165,Optimization terminated successfully
Obesity,7,42,10,300,0.0001,50,least_cost,Unweighted k-means,Random 50% immutable,α < 1,0.9556192526905325,143,6,4,True,,4.0,0.10640238883650852,1.5299844948244368,1.966060960878205,0.9660609608782049,True,3.6370000000260916,Optimization terminated successfully
Obesity,7,42,10,300,0.0001,50,least_cost,Unweighted k-means,Random 75% immutable,α = 1,1.0,143,6,4,False,,,,,,,False,2.927100000079008,Positive directional derivative for linesearch
Obesity,7,42,10,300,0.0001,50,least_cost,Unweighted k-means,Random 75% immutable,α < 1,0.9556192526905325,143,6,4,False,,,,,,,False,11.583299999983865,Positive directional derivative for linesearch
Obesity,7,42,10,300,0.0001,50,least_cost,Unweighted k-means,All features mutable,α = 1,1.0,1632,4,3,True,,16.0,0.730584245361333,4.009096331837054,1.8550594264424562,0.8550594264424562,True,7.28320000007443,Optimization terminated successfully
Obesity,7,42,10,300,0.0001,50,least_cost,Unweighted k-means,All features mutable,α < 1,0.9095151899524359,1632,4,3,True,,16.0,0.8602677917573455,4.350389800772064,1.7095277149181858,0.7095277149181858,True,7.463400000006004,Optimization terminated successfully
Obesity,7,42,10,300,0.0001,50,least_cost,Unweighted k-means,Random 25% immutable,α = 1,1.0,1632,4,3,True,,13.0,0.7569718161607539,4.080855297059256,1.7903932053004872,0.7903932053004872,True,6.050400000049194,Optimization terminated successfully
Obesity,7,42,10,300,0.0001,50,least_cost,Unweighted k-means,Random 25% immutable,α < 1,0.9095151899524359,1632,4,3,True,,13.0,0.891339331289697,4.42825759056238,1.6499346413739668,0.6499346413739668,True,5.636699999968187,Optimization terminated successfully
Obesity,7,42,10,300,0.0001,50,least_cost,Unweighted k-means,Random 50% immutable,α = 1,1.0,1632,4,3,False,,,,,,,False,3.6486000001332286,Positive directional derivative for linesearch
Obesity,7,42,10,300,0.0001,50,least_cost,Unweighted k-means,Random 50% immutable,α < 1,0.9095151899524359,1632,4,3,False,,,,,,,False,4.7313000000031025,Positive directional derivative for linesearch
Obesity,7,42,10,300,0.0001,50,least_cost,Unweighted k-means,Random 75% immutable,α = 1,1.0,1632,4,3,True,,4.0,0.9451665080063868,4.560006927203127,1.4339031237090627,0.4339031237090627,True,3.79649999990761,Optimization terminated successfully
Obesity,7,42,10,300,0.0001,50,least_cost,Unweighted k-means,Random 75% immutable,α < 1,0.9095151899524359,1632,4,3,True,,4.0,1.1129398284293892,4.948199291201453,1.321411647418906,0.32141164741890593,True,3.782700000101613,Optimization terminated successfully
Obesity,7,42,10,300,0.0001,50,least_cost,Unweighted k-means,All features mutable,α = 1,1.0,1090,2,1,True,,17.0,0.3111448448417566,2.6163307486857703,1.7846067008097157,0.7846067008097157,True,5.155399999921428,Optimization terminated successfully
Obesity,7,42,10,300,0.0001,50,least_cost,Unweighted k-means,All features mutable,α < 1,0.9549066178381463,1090,2,1,True,,17.0,0.33597027158571185,2.718702994974931,1.7174076735470791,0.7174076735470791,True,5.201299999953335,Optimization terminated successfully
Obesity,7,42,10,300,0.0001,50,least_cost,Unweighted k-means,Random 25% immutable,α = 1,1.0,1090,2,1,True,,12.0,0.33187745422519427,2.7020925211684137,1.6731210952904092,0.6731210952904092,True,6.222400000069683,Optimization terminated successfully
Obesity,7,42,10,300,0.0001,50,least_cost,Unweighted k-means,Random 25% immutable,α < 1,0.9549066178381463,1090,2,1,True,,12.0,0.3583570812041607,2.807820469063422,1.6101200400400948,0.6101200400400948,True,6.332400000019334,Optimization terminated successfully
Obesity,7,42,10,300,0.0001,50,least_cost,Unweighted k-means,Random 50% immutable,α = 1,1.0,1090,2,1,True,,10.0,0.3661253833760609,2.8380906317933787,1.5166148033159947,0.5166148033159947,True,5.334400000037931,Optimization terminated successfully
Obesity,7,42,10,300,0.0001,50,least_cost,Unweighted k-means,Random 50% immutable,α < 1,0.9549066178381463,1090,2,1,True,,10.0,0.39533756231711836,2.9491399375032383,1.4595069598110768,0.4595069598110768,True,4.85660000003918,Optimization terminated successfully
Obesity,7,42,10,300,0.0001,50,least_cost,Unweighted k-means,Random 75% immutable,α = 1,1.0,1090,2,1,True,,6.0,0.6489010438621557,3.7783360047734544,1.0000000000000002,2.220446049250313e-16,True,3.7142999999559834,Optimization terminated successfully
Obesity,7,42,10,300,0.0001,50,least_cost,Unweighted k-means,Random 75% immutable,α < 1,0.9549066178381463,1090,2,1,True,,6.0,0.7374069564626193,4.0277727148112055,1.0,0.0,False,3.7296999998943647,Optimization terminated successfully
Obesity,7,42,10,300,0.0001,50,least_cost,Unweighted k-means,All features mutable,α = 1,1.0,1041,6,1,True,,18.0,0.32430939620227567,2.6711058976480255,1.718007878140554,0.7180078781405539,True,6.828500000210624,Optimization terminated successfully
Obesity,7,42,10,300,0.0001,50,least_cost,Unweighted k-means,All features mutable,α < 1,0.9549066178381463,1041,6,1,True,,18.0,0.35290437848296885,2.7863769175445943,1.6483274109002637,0.6483274109002637,True,6.688199999871358,Optimization terminated successfully
Obesity,7,42,10,300,0.0001,50,least_cost,Unweighted k-means,Random 25% immutable,α = 1,1.0,1041,6,1,True,,14.0,0.5221244240908818,3.389208953428425,1.065270418856733,0.06527041885673301,True,5.513199999995777,Optimization terminated successfully
Obesity,7,42,10,300,0.0001,50,least_cost,Unweighted k-means,Random 25% immutable,α < 1,0.9549066178381463,1041,6,1,True,,14.0,0.5669458181287932,3.531686282618185,1.022971214073589,0.02297121407358893,True,6.352100000185601,Optimization terminated successfully
Obesity,7,42,10,300,0.0001,50,least_cost,Unweighted k-means,Random 50% immutable,α = 1,1.0,1041,6,1,False,,,,,,,False,5.252800000107527,Positive directional derivative for linesearch
Obesity,7,42,10,300,0.0001,50,least_cost,Unweighted k-means,Random 50% immutable,α < 1,0.9549066178381463,1041,6,1,False,,,,,,,False,3.7044000000605593,Positive directional derivative for linesearch
Obesity,7,42,10,300,0.0001,50,least_cost,Unweighted k-means,Random 75% immutable,α = 1,1.0,1041,6,1,False,,,,,,,False,8.88119999990522,Positive directional derivative for linesearch
Obesity,7,42,10,300,0.0001,50,least_cost,Unweighted k-means,Random 75% immutable,α < 1,0.9549066178381463,1041,6,1,False,,,,,,,False,33.21520000008604,Positive directional derivative for linesearch
Obesity,7,42,10,300,0.0001,50,least_cost,Unweighted k-means,All features mutable,α = 1,1.0,1594,4,3,True,,17.0,0.6938962307190103,3.9071366850698004,1.8076777821206127,0.8076777821206127,True,7.5681999999233085,Optimization terminated successfully
Obesity,7,42,10,300,0.0001,50,least_cost,Unweighted k-means,All features mutable,α < 1,0.9095151899524359,1594,4,3,True,,17.0,0.8197603902205739,4.246731517867904,1.6631247618789455,0.6631247618789455,True,7.4154000001271925,Optimization terminated successfully
Obesity,7,42,10,300,0.0001,50,least_cost,Unweighted k-means,Random 25% immutable,α = 1,1.0,1594,4,3,True,,12.0,0.7123300015624324,3.958694233503455,1.7608984573076238,0.7608984573076238,True,5.418899999995119,Optimization terminated successfully
Obesity,7,42,10,300,0.0001,50,least_cost,Unweighted k-means,Random 25% immutable,α < 1,0.9095151899524359,1594,4,3,True,,12.0,0.8415378181858214,4.302770270429049,1.6200862110104488,0.6200862110104488,True,5.867899999884685,Optimization terminated successfully
Obesity,7,42,10,300,0.0001,50,least_cost,Unweighted k-means,Random 50% immutable,α = 1,1.0,1594,4,3,False,,,,,,,False,52.4803000000702,Positive directional derivative for linesearch
Obesity,7,42,10,300,0.0001,50,least_cost,Unweighted k-means,Random 50% immutable,α < 1,0.9095151899524359,1594,4,3,False,,,,,,,False,58.24310000002697,Positive directional derivative for linesearch
Obesity,7,42,10,300,0.0001,50,least_cost,Unweighted k-means,Random 75% immutable,α = 1,1.0,1594,4,3,True,,5.0,0.8847442966538537,4.4118447985377705,1.5003389374630536,0.5003389374630536,True,4.008699999985765,Optimization terminated successfully
Obesity,7,42,10,300,0.0001,50,least_cost,Unweighted k-means,Random 75% immutable,α < 1,0.9095151899524359,1594,4,3,True,,5.0,1.0452259253791634,4.795307118250258,1.3803625863305986,0.3803625863305986,True,3.885999999965861,Optimization terminated successfully
Obesity,7,42,10,300,0.0001,50,least_cost,Unweighted k-means,All features mutable,α = 1,1.0,417,2,3,True,,16.0,0.6826396833017905,3.875315862305857,1.9338550364253904,0.9338550364253904,True,7.5331000000460335,Optimization terminated successfully
Obesity,7,42,10,300,0.0001,50,least_cost,Unweighted k-means,All features mutable,α < 1,0.9095151899524359,417,2,3,True,,16.0,0.8154172126985604,4.2354667605080225,1.7718936209475766,0.7718936209475766,True,6.980600000133563,Optimization terminated successfully
Obesity,7,42,10,300,0.0001,50,least_cost,Unweighted k-means,Random 25% immutable,α = 1,1.0,417,2,3,False,,,,,,,False,27.142599999933736,Positive directional derivative for linesearch
Obesity,7,42,10,300,0.0001,50,least_cost,Unweighted k-means,Random 25% immutable,α < 1,0.9095151899524359,417,2,3,False,,,,,,,False,70.26580000001559,Positive directional derivative for linesearch
Obesity,7,42,10,300,0.0001,50,least_cost,Unweighted k-means,Random 50% immutable,α = 1,1.0,417,2,3,True,,8.0,0.729195924498041,4.00528530056935,1.828083410442513,0.828083410442513,True,5.13320000004569,Optimization terminated successfully
Obesity,7,42,10,300,0.0001,50,least_cost,Unweighted k-means,Random 50% immutable,α < 1,0.9095151899524359,417,2,3,True,,8.0,0.8721877034734696,4.380425718627852,1.6715260340022005,0.6715260340022005,True,4.768099999864717,Optimization terminated successfully
Obesity,7,42,10,300,0.0001,50,least_cost,Unweighted k-means,Random 75% immutable,α = 1,1.0,417,2,3,False,,,,,,,False,16.077799999948184,Positive directional derivative for linesearch
Obesity,7,42,10,300,0.0001,50,least_cost,Unweighted k-means,Random 75% immutable,α < 1,0.9095151899524359,417,2,3,False,,,,,,,False,49.79159999993499,Positive directional derivative for linesearch
Obesity,7,42,10,300,0.0001,50,least_cost,Unweighted k-means,All features mutable,α = 1,1.0,1746,4,1,True,,18.0,0.30543582677952225,2.5922168484039854,1.7957044945295697,0.7957044945295697,True,6.9524999998975545,Optimization terminated successfully
Obesity,7,42,10,300,0.0001,50,least_cost,Unweighted k-means,All features mutable,α < 1,0.9549066178381463,1746,4,1,True,,18.0,0.3302143808070504,2.6953137809455714,1.7270179677735809,0.7270179677735809,True,7.965900000044712,Optimization terminated successfully
Obesity,7,42,10,300,0.0001,50,least_cost,Unweighted k-means,Random 25% immutable,α = 1,1.0,1746,4,1,True,,13.0,0.6900198635463937,3.8962080280730214,1.0,0.0,False,5.879999999933716,Optimization terminated successfully
Obesity,7,42,10,300,0.0001,50,least_cost,Unweighted k-means,Random 25% immutable,α < 1,0.9549066178381463,1746,4,1,True,,13.0,0.8078128434573343,4.215671068295219,1.0,0.0,False,5.695999999943524,Optimization terminated successfully
Obesity,7,42,10,300,0.0001,50,least_cost,Unweighted k-means,Random 50% immutable,α = 1,1.0,1746,4,1,False,,,,,,,False,26.223899999877176,Positive directional derivative for linesearch
Obesity,7,42,10,300,0.0001,50,least_cost,Unweighted k-means,Random 50% immutable,α < 1,0.9549066178381463,1746,4,1,False,,,,,,,False,8.619299999963914,Inequality constraints incompatible
Obesity,7,42,10,300,0.0001,50,least_cost,Unweighted k-means,Random 75% immutable,α = 1,1.0,1746,4,1,False,,,,,,,False,7.797600000003513,Positive directional derivative for linesearch
Obesity,7,42,10,300,0.0001,50,least_cost,Unweighted k-means,Random 75% immutable,α < 1,0.9549066178381463,1746,4,1,False,,,,,,,False,20.418699999936507,Positive directional derivative for linesearch
Obesity,7,42,10,300,0.0001,50,least_cost,Unweighted k-means,All features mutable,α = 1,1.0,1161,2,4,True,,13.0,0.17571209941593705,1.9661297483001,1.5717815244937787,0.5717815244937787,True,7.531400000061694,Optimization terminated successfully
Obesity,7,42,10,300,0.0001,50,least_cost,Unweighted k-means,All features mutable,α < 1,0.9556192526905325,1161,2,4,True,,13.0,0.18840849001056892,2.035924060526943,1.5178986657192777,0.5178986657192777,True,7.4958000000151515,Optimization terminated successfully
Obesity,7,42,10,300,0.0001,50,least_cost,Unweighted k-means,Random 25% immutable,α = 1,1.0,1161,2,4,False,,,,,,,False,16.24020000008386,Positive directional derivative for linesearch
Obesity,7,42,10,300,0.0001,50,least_cost,Unweighted k-means,Random 25% immutable,α < 1,0.9556192526905325,1161,2,4,False,,,,,,,False,38.69600000007267,Positive directional derivative for linesearch
Obesity,7,42,10,300,0.0001,50,least_cost,Unweighted k-means,Random 50% immutable,α = 1,1.0,1161,2,4,False,,,,,,,False,45.78330000003916,Positive directional derivative for linesearch
Obesity,7,42,10,300,0.0001,50,least_cost,Unweighted k-means,Random 50% immutable,α < 1,0.9556192526905325,1161,2,4,False,,,,,,,False,16.433999999890148,Positive directional derivative for linesearch
Obesity,7,42,10,300,0.0001,50,least_cost,Unweighted k-means,Random 75% immutable,α = 1,1.0,1161,2,4,False,,,,,,,False,38.84240000002137,Positive directional derivative for linesearch
Obesity,7,42,10,300,0.0001,50,least_cost,Unweighted k-means,Random 75% immutable,α < 1,0.9556192526905325,1161,2,4,False,,,,,,,False,5.703400000129477,Positive directional derivative for linesearch
Obesity,7,42,10,300,0.0001,50,least_cost,Unweighted k-means,All features mutable,α = 1,1.0,1718,4,2,True,,14.0,0.09473761374648786,1.443685389003689,2.1503670537738335,1.1503670537738335,True,7.660700000087672,Optimization terminated successfully
Obesity,7,42,10,300,0.0001,50,least_cost,Unweighted k-means,All features mutable,α < 1,0.9865689209591888,1718,4,2,True,,14.0,0.09751724050482802,1.4647113337126247,2.119498515375355,1.119498515375355,True,7.078200000023571,Optimization terminated successfully
Obesity,7,42,10,300,0.0001,50,least_cost,Unweighted k-means,Random 25% immutable,α = 1,1.0,1718,4,2,True,,10.0,0.17816601295604423,1.9798111740852895,1.1434315731046858,0.1434315731046858,True,5.5853000001206965,Optimization terminated successfully
Obesity,7,42,10,300,0.0001,50,least_cost,Unweighted k-means,Random 25% immutable,α < 1,0.9865689209591888,1718,4,2,True,,10.0,0.18339345111344393,2.008645295838906,1.1270176027690126,0.12701760276901264,True,6.071499999961816,Optimization terminated successfully
Obesity,7,42,10,300,0.0001,50,least_cost,Unweighted k-means,Random 50% immutable,α = 1,1.0,1718,4,2,True,,7.0,0.1914761301085022,2.052431451324757,1.0639479950065591,0.06394799500655912,True,3.516600000011749,Optimization terminated successfully
Obesity,7,42,10,300,0.0001,50,least_cost,Unweighted k-means,Random 50% immutable,α < 1,0.9865689209591888,1718,4,2,True,,7.0,0.19709409063954572,2.0823232203646977,1.0486750113953318,0.04867501139533181,True,3.5149999998793646,Optimization terminated successfully
Obesity,7,42,10,300,0.0001,50,least_cost,Unweighted k-means,Random 75% immutable,α = 1,1.0,1718,4,2,False,,,,,,,False,5.386699999917255,Positive directional derivative for linesearch
Obesity,7,42,10,300,0.0001,50,least_cost,Unweighted k-means,Random 75% immutable,α < 1,0.9865689209591888,1718,4,2,False,,,,,,,False,16.203499999846827,Positive directional derivative for linesearch
Obesity,7,42,10,300,0.0001,50,least_cost,Unweighted k-means,All features mutable,α = 1,1.0,347,0,3,True,,12.0,1.0030258257403726,4.6975065903400495,1.9348133138877255,0.9348133138877255,True,7.007799999882991,Optimization terminated successfully
Obesity,7,42,10,300,0.0001,50,least_cost,Unweighted k-means,All features mutable,α < 1,0.9095151899524359,347,0,3,True,,12.0,1.2019284112955917,5.1422198561032975,1.7674853559014867,0.7674853559014867,True,7.093299999951341,Optimization terminated successfully
Obesity,7,42,10,300,0.0001,50,least_cost,Unweighted k-means,Random 25% immutable,α = 1,1.0,347,0,3,False,,,,,,,False,4.671899999948437,Positive directional derivative for linesearch
Obesity,7,42,10,300,0.0001,50,least_cost,Unweighted k-means,Random 25% immutable,α < 1,0.9095151899524359,347,0,3,False,,,,,,,False,4.457499999944048,Positive directional derivative for linesearch
Obesity,7,42,10,300,0.0001,50,least_cost,Unweighted k-means,Random 50% immutable,α = 1,1.0,347,0,3,True,,5.0,1.8435413378002077,6.368509200087927,1.0526846763740774,0.052684676374077366,True,4.682999999886306,Optimization terminated successfully
Obesity,7,42,10,300,0.0001,50,least_cost,Unweighted k-means,Random 50% immutable,α < 1,0.9095151899524359,347,0,3,True,,5.0,2.263665934270545,7.056957598990658,1.0,0.0,False,4.89360000005945,Optimization terminated successfully
Obesity,7,42,10,300,0.0001,50,least_cost,Unweighted k-means,Random 75% immutable,α = 1,1.0,347,0,3,False,,,,,,,False,57.74410000003627,Positive directional derivative for linesearch
Obesity,7,42,10,300,0.0001,50,least_cost,Unweighted k-means,Random 75% immutable,α < 1,0.9095151899524359,347,0,3,False,,,,,,,False,45.060400000011214,Positive directional derivative for linesearch
Obesity,7,42,10,300,0.0001,50,least_cost,Unweighted k-means,All features mutable,α = 1,1.0,1442,6,2,True,,15.0,0.14735266121924145,1.800488418963952,2.2567417829038785,1.2567417829038785,True,6.955199999993056,Optimization terminated successfully
Obesity,7,42,10,300,0.0001,50,least_cost,Unweighted k-means,All features mutable,α < 1,0.9865689209591888,1442,6,2,True,,15.0,0.15160409774712957,1.8262776761590367,2.222434550944959,1.2224345509449588,True,8.249999999861757,Optimization terminated successfully
Obesity,7,42,10,300,0.0001,50,least_cost,Unweighted k-means,Random 25% immutable,α = 1,1.0,1442,6,2,True,,10.0,0.23467159691034048,2.272174098089205,1.1701927371468026,0.1701927371468026,True,4.103900000018257,Optimization terminated successfully
Obesity,7,42,10,300,0.0001,50,least_cost,Unweighted k-means,Random 25% immutable,α < 1,0.9865689209591888,1442,6,2,True,,10.0,0.2415991903319028,2.3054678890198974,1.152490061122998,0.152490061122998,True,4.486600000063845,Optimization terminated successfully
Obesity,7,42,10,300,0.0001,50,least_cost,Unweighted k-means,Random 50% immutable,α = 1,1.0,1442,6,2,True,,7.0,0.39624744406568513,2.952531755874113,1.0453208827396534,0.0453208827396534,True,4.555700000082652,Optimization terminated successfully
Obesity,7,42,10,300,0.0001,50,least_cost,Unweighted k-means,Random 50% immutable,α < 1,0.9865689209591888,1442,6,2,True,,7.0,0.4074153245533617,2.9938498860453833,1.0308944076856197,0.030894407685619685,True,4.7779999999875145,Optimization terminated successfully
Obesity,7,42,10,300,0.0001,50,least_cost,Unweighted k-means,Random 75% immutable,α = 1,1.0,1442,6,2,True,,4.0,1.0022162218088662,4.695610384156149,1.0000000000000007,6.661338147750939e-16,True,3.843500000130007,Optimization terminated successfully
Obesity,7,42,10,300,0.0001,50,least_cost,Unweighted k-means,Random 75% immutable,α < 1,0.9865689209591888,1442,6,2,True,,4.0,1.085958977444337,4.887852033744006,1.0,0.0,False,3.870799999958763,Optimization terminated successfully
Obesity,7,42,10,300,0.0001,50,least_cost,Unweighted k-means,All features mutable,α = 1,1.0,1861,4,3,True,,18.0,0.7407302701881124,4.036838607640696,1.0,0.0,False,7.604900000160342,Optimization terminated successfully
Obesity,7,42,10,300,0.0001,50,least_cost,Unweighted k-means,All features mutable,α < 1,0.9095151899524359,1861,4,3,True,,18.0,0.8705696428321973,4.376360604692938,1.0,0.0,False,6.717199999911827,Optimization terminated successfully
Obesity,7,42,10,300,0.0001,50,least_cost,Unweighted k-means,Random 25% immutable,α = 1,1.0,1861,4,3,True,,12.0,0.8952317553816845,4.4379160220081975,1.0,0.0,False,5.7292000001325505,Optimization terminated successfully
Obesity,7,42,10,300,0.0001,50,least_cost,Unweighted k-means,Random 25% immutable,α < 1,0.9095151899524359,1861,4,3,True,,12.0,1.0523337982507568,4.8115843088858625,1.0,0.0,False,6.046100000048682,Optimization terminated successfully
Obesity,7,42,10,300,0.0001,50,least_cost,Unweighted k-means,Random 50% immutable,α = 1,1.0,1861,4,3,False,,,,,,,False,13.429000000087399,Positive directional derivative for linesearch
Obesity,7,42,10,300,0.0001,50,least_cost,Unweighted k-means,Random 50% immutable,α < 1,0.9095151899524359,1861,4,3,False,,,,,,,False,15.180899999904796,Positive directional derivative for linesearch
Obesity,7,42,10,300,0.0001,50,least_cost,Unweighted k-means,Random 75% immutable,α = 1,1.0,1861,4,3,False,,,,,,,False,66.8449000002056,Positive directional derivative for linesearch
Obesity,7,42,10,300,0.0001,50,least_cost,Unweighted k-means,Random 75% immutable,α < 1,0.9095151899524359,1861,4,3,False,,,,,,,False,2.7225999999700434,Positive directional derivative for linesearch
Obesity,7,42,10,300,0.0001,50,least_cost,Unweighted k-means,All features mutable,α = 1,1.0,1883,4,6,True,,14.0,0.07728099734301885,1.303910250571877,2.07078483503355,1.07078483503355,True,6.8306000000575295,Optimization terminated successfully
Obesity,7,42,10,300,0.0001,50,least_cost,Unweighted k-means,All features mutable,α < 1,0.9912793114617909,1883,4,6,True,,14.0,0.07892704833816025,1.317723439663849,2.0490776162015476,1.0490776162015476,True,4.949199999828124,Optimization terminated successfully
Obesity,7,42,10,300,0.0001,50,least_cost,Unweighted k-means,Random 25% immutable,α = 1,1.0,1883,4,6,True,,11.0,0.16227504758791736,1.8894578711720942,1.0,0.0,False,5.899600000020655,Optimization terminated successfully
Obesity,7,42,10,300,0.0001,50,least_cost,Unweighted k-means,Random 25% immutable,α < 1,0.9912793114617909,1883,4,6,True,,11.0,0.16573441075629133,1.9094913031062513,1.0,0.0,False,6.15549999997711,Optimization terminated successfully
Obesity,7,42,10,300,0.0001,50,least_cost,Unweighted k-means,Random 50% immutable,α = 1,1.0,1883,4,6,True,,7.0,0.08358135040990705,1.3560198040655433,2.284153768663504,1.2841537686635038,True,4.757800000106727,Optimization terminated successfully
Obesity,7,42,10,300,0.0001,50,least_cost,Unweighted k-means,Random 50% immutable,α < 1,0.9912793114617909,1883,4,6,True,,7.0,0.08536159613327465,1.370385024338796,2.2602098655828686,1.2602098655828686,True,4.797199999984514,Optimization terminated successfully
Obesity,7,42,10,300,0.0001,50,least_cost,Unweighted k-means,Random 75% immutable,α = 1,1.0,1883,4,6,False,,,,,,,False,10.985899999923276,Positive directional derivative for linesearch
Obesity,7,42,10,300,0.0001,50,least_cost,Unweighted k-means,Random 75% immutable,α < 1,0.9912793114617909,1883,4,6,False,,,,,,,False,6.944100000055187,Positive directional derivative for linesearch
Obesity,7,42,10,300,0.0001,50,least_cost,Unweighted k-means,All features mutable,α = 1,1.0,906,4,3,True,,17.0,0.6422755037025688,3.7589973505519407,1.0,0.0,False,11.551300000064657,Optimization terminated successfully
Obesity,7,42,10,300,0.0001,50,least_cost,Unweighted k-means,All features mutable,α < 1,0.9095151899524359,906,4,3,True,,17.0,0.7639839219060813,4.099712951163018,1.0,0.0,False,6.984000000102242,Optimization terminated successfully
Obesity,7,42,10,300,0.0001,50,least_cost,Unweighted k-means,Random 25% immutable,α = 1,1.0,906,4,3,True,,13.0,0.6627484804418637,3.8184377132174103,1.0,0.0,False,7.469500000070184,Optimization terminated successfully
Obesity,7,42,10,300,0.0001,50,least_cost,Unweighted k-means,Random 25% immutable,α < 1,0.9095151899524359,906,4,3,True,,13.0,0.7883508078458349,4.164578943015533,1.0,0.0,False,6.255699999883291,Optimization terminated successfully
Obesity,7,42,10,300,0.0001,50,least_cost,Unweighted k-means,Random 50% immutable,α = 1,1.0,906,4,3,True,,9.0,0.6780174560678801,3.8621734856804872,1.8821266736218536,0.8821266736218536,True,4.954900000029738,Optimization terminated successfully
Obesity,7,42,10,300,0.0001,50,least_cost,Unweighted k-means,Random 50% immutable,α < 1,0.9095151899524359,906,4,3,True,,9.0,0.8061597186606805,4.211355341280877,1.726071336847893,0.726071336847893,True,4.627900000059526,Optimization terminated successfully
Obesity,7,42,10,300,0.0001,50,least_cost,Unweighted k-means,Random 75% immutable,α = 1,1.0,906,4,3,False,,,,,,,False,4.516799999919385,Positive directional derivative for linesearch
Obesity,7,42,10,300,0.0001,50,least_cost,Unweighted k-means,Random 75% immutable,α < 1,0.9095151899524359,906,4,3,False,,,,,,,False,10.848099999975602,Inequality constraints incompatible
Obesity,7,42,10,300,0.0001,50,least_cost,Unweighted k-means,All features mutable,α = 1,1.0,192,4,6,True,,12.0,0.02242163026348192,0.7023360063364275,9.723412907134772,8.723412907134772,True,5.077700000128971,Optimization terminated successfully
Obesity,7,42,10,300,0.0001,50,least_cost,Unweighted k-means,All features mutable,α < 1,0.9912793114617909,192,4,6,True,,12.0,0.023735302807105136,0.7226179223879746,9.450503155603192,8.450503155603192,True,5.027499999869178,Optimization terminated successfully
Obesity,7,42,10,300,0.0001,50,least_cost,Unweighted k-means,Random 25% immutable,α = 1,1.0,192,4,6,True,,9.0,0.0241184793451947,0.7284274470352442,9.039324669753686,8.039324669753686,True,4.358800000090923,Optimization terminated successfully
Obesity,7,42,10,300,0.0001,50,least_cost,Unweighted k-means,Random 25% immutable,α < 1,0.9912793114617909,192,4,6,True,,9.0,0.025531570016219217,0.7494628345400609,8.785615350954524,7.785615350954524,True,4.037599999946906,Optimization terminated successfully
Obesity,7,42,10,300,0.0001,50,least_cost,Unweighted k-means,Random 50% immutable,α = 1,1.0,192,4,6,True,,6.0,0.02551347934968974,0.7491972675425173,9.331412739393695,8.331412739393695,True,3.3283999998729996,Optimization terminated successfully
Obesity,7,42,10,300,0.0001,50,least_cost,Unweighted k-means,Random 50% immutable,α < 1,0.9912793114617909,192,4,6,True,,6.0,0.02700830243278787,0.7708324419232321,9.069505312653337,8.069505312653337,True,3.424300000006042,Optimization terminated successfully
Obesity,7,42,10,300,0.0001,50,least_cost,Unweighted k-means,Random 75% immutable,α = 1,1.0,192,4,6,True,,2.0,0.6534370764417493,3.791518914857011,1.5709028476034739,0.5709028476034739,True,3.816099999994549,Optimization terminated successfully
Obesity,7,42,10,300,0.0001,50,least_cost,Unweighted k-means,Random 75% immutable,α < 1,0.9912793114617909,192,4,6,True,,2.0,0.6917216558136818,3.901009667752824,1.526811865586977,0.5268118655869769,True,4.028199999993376,Optimization terminated successfully
Obesity,7,42,10,300,0.0001,50,least_cost,Unweighted k-means,All features mutable,α = 1,1.0,1774,4,1,True,,18.0,0.3366293805311892,2.7213684740744246,1.7104832947333937,0.7104832947333937,True,7.895999999846026,Optimization terminated successfully
Obesity,7,42,10,300,0.0001,50,least_cost,Unweighted k-means,All features mutable,α < 1,0.9549066178381463,1774,4,1,True,,18.0,0.36261840150774816,2.824465406615995,1.6480482728151886,0.6480482728151886,True,7.691700000123092,Optimization terminated successfully
Obesity,7,42,10,300,0.0001,50,least_cost,Unweighted k-means,Random 25% immutable,α = 1,1.0,1774,4,1,True,,14.0,0.3566527185822165,2.801135449921828,1.6144526613909815,0.6144526613909815,True,6.158899999945788,Optimization terminated successfully
Obesity,7,42,10,300,0.0001,50,least_cost,Unweighted k-means,Random 25% immutable,α < 1,0.9549066178381463,1774,4,1,True,,14.0,0.38418761458551215,2.90725429243492,1.5555228938357095,0.5555228938357095,True,6.2110999999731575,Optimization terminated successfully
Obesity,7,42,10,300,0.0001,50,least_cost,Unweighted k-means,Random 50% immutable,α = 1,1.0,1774,4,1,True,,8.0,0.3954405137774674,2.9495239112616605,1.4560949451980973,0.45609494519809735,True,4.783500000030472,Optimization terminated successfully
Obesity,7,42,10,300,0.0001,50,least_cost,Unweighted k-means,Random 50% immutable,α < 1,0.9549066178381463,1774,4,1,True,,8.0,0.42596996961797495,3.061264335465895,1.4029454420094576,0.4029454420094576,True,4.576599999836617,Optimization terminated successfully
Obesity,7,42,10,300,0.0001,50,least_cost,Unweighted k-means,Random 75% immutable,α = 1,1.0,1774,4,1,False,,,,,,,False,4.468400000178008,Inequality constraints incompatible
Obesity,7,42,10,300,0.0001,50,least_cost,Unweighted k-means,Random 75% immutable,α < 1,0.9549066178381463,1774,4,1,False,,,,,,,False,4.532400000016423,Positive directional derivative for linesearch
Obesity,7,42,10,300,0.0001,50,least_cost,Unweighted k-means,All features mutable,α = 1,1.0,1932,4,2,True,,15.0,0.1357489020032785,1.7281423101330882,1.802225160301975,0.802225160301975,True,7.111399999985224,Optimization terminated successfully
Obesity,7,42,10,300,0.0001,50,least_cost,Unweighted k-means,All features mutable,α < 1,0.9865689209591888,1932,4,2,True,,15.0,0.13906146733333952,1.749100420597248,1.7806304962347266,0.7806304962347266,True,8.103399999981775,Optimization terminated successfully
Obesity,7,42,10,300,0.0001,50,least_cost,Unweighted k-means,Random 25% immutable,α = 1,1.0,1932,4,2,True,,12.0,0.2530689398868451,2.3595585768339364,1.0,0.0,False,6.094299999858777,Optimization terminated successfully
Obesity,7,42,10,300,0.0001,50,least_cost,Unweighted k-means,Random 25% immutable,α < 1,0.9865689209591888,1932,4,2,True,,12.0,0.2604797452123601,2.393857638764662,1.0,0.0,False,5.800299999918934,Optimization terminated successfully
Obesity,7,42,10,300,0.0001,50,least_cost,Unweighted k-means,Random 50% immutable,α = 1,1.0,1932,4,2,True,,8.0,0.14331497513351715,1.775649023015916,1.7070797128903252,0.7070797128903252,True,5.018600000084916,Optimization terminated successfully
Obesity,7,42,10,300,0.0001,50,least_cost,Unweighted k-means,Random 50% immutable,α < 1,0.9865689209591888,1932,4,2,True,,8.0,0.14681216892956267,1.7971832729163655,1.6866251022379615,0.6866251022379615,True,5.400199999940014,Optimization terminated successfully
Obesity,7,42,10,300,0.0001,50,least_cost,Unweighted k-means,Random 75% immutable,α = 1,1.0,1932,4,2,True,,4.0,0.36843043407104537,2.847010633904095,1.0,0.0,False,4.000399999995352,Optimization terminated successfully
Obesity,7,42,10,300,0.0001,50,least_cost,Unweighted k-means,Random 75% immutable,α < 1,0.9865689209591888,1932,4,2,True,,4.0,0.3912673642128026,2.9339192239531164,1.0,0.0,False,4.992500000071232,Optimization terminated successfully
Obesity,7,42,10,300,0.0001,50,least_cost,Unweighted k-means,All features mutable,α = 1,1.0,1327,6,2,True,,14.0,0.17692210996250093,1.9728878374542789,2.330688977244556,1.3306889772445558,True,4.9993000000085885,Optimization terminated successfully
Obesity,7,42,10,300,0.0001,50,least_cost,Unweighted k-means,All features mutable,α < 1,0.9865689209591888,1327,6,2,True,,14.0,0.18148351305075028,1.998158473974601,2.2946797545973707,1.2946797545973707,True,5.084699999997611,Optimization terminated successfully
Obesity,7,42,10,300,0.0001,50,least_cost,Unweighted k-means,Random 25% immutable,α = 1,1.0,1327,6,2,True,,11.0,0.17953046347848214,1.987377718634937,2.2768362578983248,1.2768362578983248,True,6.254499999840846,Optimization terminated successfully
Obesity,7,42,10,300,0.0001,50,least_cost,Unweighted k-means,Random 25% immutable,α < 1,0.9865689209591888,1327,6,2,True,,11.0,0.1841684797542599,2.0128851319918177,2.2416766774101244,1.2416766774101244,True,5.764900000031048,Optimization terminated successfully
Obesity,7,42,10,300,0.0001,50,least_cost,Unweighted k-means,Random 50% immutable,α = 1,1.0,1327,6,2,True,,7.0,0.3754958864813178,2.874179796496557,1.0321760377550344,0.032176037755034415,True,5.082000000129483,Optimization terminated successfully
Obesity,7,42,10,300,0.0001,50,least_cost,Unweighted k-means,Random 50% immutable,α < 1,0.9865689209591888,1327,6,2,True,,7.0,0.3853190386403981,2.9115320451763465,1.0166784937673494,0.016678493767349423,True,5.1538000000164175,Optimization terminated successfully
Obesity,7,42,10,300,0.0001,50,least_cost,Unweighted k-means,Random 75% immutable,α = 1,1.0,1327,6,2,True,,5.0,0.35881697757966535,2.8096215949399017,1.1129440866714193,0.11294408667141931,True,3.904200000079072,Optimization terminated successfully
Obesity,7,42,10,300,0.0001,50,least_cost,Unweighted k-means,Random 75% immutable,α < 1,0.9865689209591888,1327,6,2,True,,5.0,0.3678907669291706,2.8449247569033793,1.1019829477864913,0.10198294778649131,True,3.711700000167184,Optimization terminated successfully
Obesity,7,42,10,300,0.0001,50,least_cost,Unweighted k-means,All features mutable,α = 1,1.0,1351,6,4,True,,11.0,0.20271867876357147,2.111826444762583,1.4567434608835979,0.45674346088359785,True,7.568300000002637,Optimization terminated successfully
Obesity,7,42,10,300,0.0001,50,least_cost,Unweighted k-means,All features mutable,α < 1,0.9556192526905325,1351,6,4,True,,11.0,0.21709589885462743,2.185431256022894,1.4076806842883172,0.40768068428831716,True,7.902199999989534,Optimization terminated successfully
Obesity,7,42,10,300,0.0001,50,least_cost,Unweighted k-means,Random 25% immutable,α = 1,1.0,1351,6,4,True,,7.0,0.5257453997396859,3.4009408689762735,1.0,0.0,False,6.707799999958297,Optimization terminated successfully
Obesity,7,42,10,300,0.0001,50,least_cost,Unweighted k-means,Random 25% immutable,α < 1,0.9556192526905325,1351,6,4,True,,7.0,0.6447592320353474,3.7662585021182022,1.0,0.0,False,5.970699999807039,Optimization terminated successfully
Obesity,7,42,10,300,0.0001,50,least_cost,Unweighted k-means,Random 50% immutable,α = 1,1.0,1351,6,4,True,,6.0,0.5094445519106763,3.3478022853858733,1.211791132015113,0.2117911320151129,True,4.730600000129925,Optimization terminated successfully
Obesity,7,42,10,300,0.0001,50,least_cost,Unweighted k-means,Random 50% immutable,α < 1,0.9556192526905325,1351,6,4,True,,6.0,0.5455753933885427,3.464485337614801,1.1709782918049259,0.17097829180492585,True,4.721499999959633,Optimization terminated successfully
Obesity,7,42,10,300,0.0001,50,least_cost,Unweighted k-means,Random 75% immutable,α = 1,1.0,1351,6,4,True,,3.0,0.5071242996971613,3.3401698449835675,1.2173354618092118,0.21733546180921182,True,3.8559000001896493,Optimization terminated successfully
Obesity,7,42,10,300,0.0001,50,least_cost,Unweighted k-means,Random 75% immutable,α < 1,0.9556192526905325,1351,6,4,True,,3.0,0.5430905841793728,3.456586878981375,1.1763358894115619,0.17633588941156186,True,3.5895999999411288,Optimization terminated successfully
Obesity,7,42,10,300,0.0001,50,least_cost,Unweighted k-means,All features mutable,α = 1,1.0,1525,6,5,True,,15.0,2.163049931163824,6.898340270355191,2.0569428157656997,1.0569428157656997,True,7.010499999978492,Optimization terminated successfully
Obesity,7,42,10,300,0.0001,50,least_cost,Unweighted k-means,All features mutable,α < 1,0.09132005349365606,1525,6,5,True,,15.0,8.195411189349343,13.427548032522004,1.0549637968360543,0.054963796836054346,True,10.073099999999613,Optimization terminated successfully
Obesity,7,42,10,300,0.0001,50,least_cost,Unweighted k-means,Random 25% immutable,α = 1,1.0,1525,6,5,False,,,,,,,False,7.076200000028621,Positive directional derivative for linesearch
Obesity,7,42,10,300,0.0001,50,least_cost,Unweighted k-means,Random 25% immutable,α < 1,0.09132005349365606,1525,6,5,False,,,,,,,False,11.365200000000186,Positive directional derivative for linesearch
Obesity,7,42,10,300,0.0001,50,least_cost,Unweighted k-means,Random 50% immutable,α = 1,1.0,1525,6,5,False,,,,,,,False,12.126200000011522,Positive directional derivative for linesearch
Obesity,7,42,10,300,0.0001,50,least_cost,Unweighted k-means,Random 50% immutable,α < 1,0.09132005349365606,1525,6,5,False,,,,,,,False,6.911999999829277,Positive directional derivative for linesearch
Obesity,7,42,10,300,0.0001,50,least_cost,Unweighted k-means,Random 75% immutable,α = 1,1.0,1525,6,5,False,,,,,,,False,21.027399999866248,Positive directional derivative for linesearch
Obesity,7,42,10,300,0.0001,50,least_cost,Unweighted k-means,Random 75% immutable,α < 1,0.09132005349365606,1525,6,5,False,,,,,,,False,16.66920000002392,Positive directional derivative for linesearch
Obesity,7,42,10,300,0.0001,50,least_cost,Unweighted k-means,All features mutable,α = 1,1.0,942,6,4,True,,11.0,0.046605746535411455,1.0125840329469213,3.038157035816214,2.038157035816214,True,5.52630000015597,Optimization terminated successfully
Obesity,7,42,10,300,0.0001,50,least_cost,Unweighted k-means,All features mutable,α < 1,0.9556192526905325,942,6,4,True,,11.0,0.053627554785465464,1.086188844207231,2.8322784936604837,1.8322784936604837,True,5.190000000084183,Optimization terminated successfully
Obesity,7,42,10,300,0.0001,50,least_cost,Unweighted k-means,Random 25% immutable,α = 1,1.0,942,6,4,True,,10.0,0.04708745006273064,1.0178034689369426,3.0070767600114974,2.0070767600114974,True,4.334100000050967,Optimization terminated successfully
Obesity,7,42,10,300,0.0001,50,least_cost,Unweighted k-means,Random 25% immutable,α < 1,0.9556192526905325,942,6,4,True,,10.0,0.05418183369358323,1.0917876814009355,2.8033043496285868,1.8033043496285868,True,4.283299999997325,Optimization terminated successfully
Obesity,7,42,10,300,0.0001,50,least_cost,Unweighted k-means,Random 50% immutable,α = 1,1.0,942,6,4,True,,4.0,0.0477438515349127,1.024873032998761,2.965734263399677,1.965734263399677,True,5.1327999999557505,Optimization terminated successfully
Obesity,7,42,10,300,0.0001,50,least_cost,Unweighted k-means,Random 50% immutable,α < 1,0.9556192526905325,942,6,4,True,,4.0,0.05493713123793127,1.09937113261832,2.7647634004075305,1.7647634004075305,True,5.330099999810045,Optimization terminated successfully
Obesity,7,42,10,300,0.0001,50,least_cost,Unweighted k-means,Random 75% immutable,α = 1,1.0,942,6,4,True,,3.0,0.08125571834139635,1.3370212427297927,1.7425921428371594,0.7425921428371594,True,4.090800000085437,Optimization terminated successfully
Obesity,7,42,10,300,0.0001,50,least_cost,Unweighted k-means,Random 75% immutable,α < 1,0.9556192526905325,942,6,4,True,,3.0,0.09349802998380656,1.4342094197305164,1.62450663107766,0.6245066310776599,True,3.9978999998311338,Optimization terminated successfully
Obesity,7,42,10,300,0.0001,50,least_cost,Unweighted k-means,All features mutable,α = 1,1.0,2022,4,2,True,,15.0,0.1302481009244405,1.6927664399844684,1.8398885282500854,0.8398885282500854,True,7.305399999950168,Optimization terminated successfully
Obesity,7,42,10,300,0.0001,50,least_cost,Unweighted k-means,All features mutable,α < 1,0.9865689209591888,2022,4,2,True,,15.0,0.13349326521865243,1.7137245504486283,1.8173874858655579,0.8173874858655579,True,7.715599999983169,Optimization terminated successfully
Obesity,7,42,10,300,0.0001,50,least_cost,Unweighted k-means,Random 25% immutable,α = 1,1.0,2022,4,2,True,,11.0,0.2545147241774699,2.3662890634713962,1.0,0.0,False,6.533600000011575,Optimization terminated successfully
Obesity,7,42,10,300,0.0001,50,least_cost,Unweighted k-means,Random 25% immutable,α < 1,0.9865689209591888,2022,4,2,True,,11.0,0.26119767062231675,2.397154303271061,1.0,0.0,False,6.138899999996283,Optimization terminated successfully
Obesity,7,42,10,300,0.0001,50,least_cost,Unweighted k-means,Random 50% immutable,α = 1,1.0,2022,4,2,True,,8.0,0.27095096796142537,2.4414998044544993,1.0,0.0,False,4.835700000057841,Optimization terminated successfully
Obesity,7,42,10,300,0.0001,50,least_cost,Unweighted k-means,Random 50% immutable,α < 1,0.9865689209591888,2022,4,2,True,,8.0,0.2804385523853419,2.483877644425651,1.0,0.0,False,4.844099999900209,Optimization terminated successfully
Obesity,7,42,10,300,0.0001,50,least_cost,Unweighted k-means,Random 75% immutable,α = 1,1.0,2022,4,2,True,,5.0,0.27300922618647727,2.450755592894261,1.0,0.0,False,4.024700000172743,Optimization terminated successfully
Obesity,7,42,10,300,0.0001,50,least_cost,Unweighted k-means,Random 75% immutable,α < 1,0.9865689209591888,2022,4,2,True,,5.0,0.2849136402313253,2.503617399901422,1.0000000000000004,4.440892098500626e-16,True,3.6519999998745334,Optimization terminated successfully
Obesity,7,42,10,300,0.0001,50,least_cost,Unweighted k-means,All features mutable,α = 1,1.0,1489,6,0,True,,18.0,0.7423626549893607,4.041284252532347,1.8313672241090013,0.8313672241090013,True,7.503799999994953,Optimization terminated successfully
Obesity,7,42,10,300,0.0001,50,least_cost,Unweighted k-means,All features mutable,α < 1,0.5697899693643169,1489,6,0,True,,18.0,1.3505736940762503,5.450928477762069,1.357764195133351,0.357764195133351,True,7.135100000141392,Optimization terminated successfully
Obesity,7,42,10,300,0.0001,50,least_cost,Unweighted k-means,Random 25% immutable,α = 1,1.0,1489,6,0,True,,13.0,0.7678990953798258,4.110204386445541,1.7704652239457424,0.7704652239457424,True,6.156200000077661,Optimization terminated successfully
Obesity,7,42,10,300,0.0001,50,least_cost,Unweighted k-means,Random 25% immutable,α < 1,0.5697899693643169,1489,6,0,True,,13.0,1.3970319101515196,5.543888709501069,1.3126118324406977,0.3126118324406977,True,5.985499999951571,Optimization terminated successfully
Obesity,7,42,10,300,0.0001,50,least_cost,Unweighted k-means,Random 50% immutable,α = 1,1.0,1489,6,0,True,,10.0,3.915550493484904,9.281277436682295,1.0876401359869485,0.08764013598694853,True,4.935899999964022,Optimization terminated successfully
Obesity,7,42,10,300,0.0001,50,least_cost,Unweighted k-means,Random 50% immutable,α < 1,0.5697899693643169,1489,6,0,True,,10.0,8.151617599017793,13.391623769296666,1.0000000000000002,2.220446049250313e-16,True,5.116199999974924,Optimization terminated successfully
Obesity,7,42,10,300,0.0001,50,least_cost,Unweighted k-means,Random 75% immutable,α = 1,1.0,1489,6,0,False,,,,,,,False,39.61070000013933,Positive directional derivative for linesearch
Obesity,7,42,10,300,0.0001,50,least_cost,Unweighted k-means,Random 75% immutable,α < 1,0.5697899693643169,1489,6,0,False,,,,,,,False,2.8290000000197324,Positive directional derivative for linesearch
Obesity,7,42,10,300,0.0001,50,least_cost,Unweighted k-means,All features mutable,α = 1,1.0,133,6,3,True,,15.0,0.6662096603045001,3.828395555150878,1.8442315716521407,0.8442315716521407,True,7.7303000000483735,Optimization terminated successfully
Obesity,7,42,10,300,0.0001,50,least_cost,Unweighted k-means,All features mutable,α < 1,0.9095151899524359,133,6,3,True,,15.0,0.8148178565371931,4.2339098766764325,1.667595277886636,0.6675952778866361,True,7.187100000010105,Optimization terminated successfully
Obesity,7,42,10,300,0.0001,50,least_cost,Unweighted k-means,Random 25% immutable,α = 1,1.0,133,6,3,True,,10.0,0.7336389664657076,4.017469011983237,1.6747268817440888,0.6747268817440888,True,5.537900000035734,Optimization terminated successfully
Obesity,7,42,10,300,0.0001,50,least_cost,Unweighted k-means,Random 25% immutable,α < 1,0.9095151899524359,133,6,3,True,,10.0,0.8972882948808074,4.443010520736785,1.5143253248180464,0.5143253248180464,True,5.785700000160432,Optimization terminated successfully
Obesity,7,42,10,300,0.0001,50,least_cost,Unweighted k-means,Random 50% immutable,α = 1,1.0,133,6,3,False,,,,,,,False,11.742899999944711,Positive directional derivative for linesearch
Obesity,7,42,10,300,0.0001,50,least_cost,Unweighted k-means,Random 50% immutable,α < 1,0.9095151899524359,133,6,3,False,,,,,,,False,17.80830000006972,Positive directional derivative for linesearch
Obesity,7,42,10,300,0.0001,50,least_cost,Unweighted k-means,Random 75% immutable,α = 1,1.0,133,6,3,False,,,,,,,False,22.553199999947537,Positive directional derivative for linesearch
Obesity,7,42,10,300,0.0001,50,least_cost,Unweighted k-means,Random 75% immutable,α < 1,0.9095151899524359,133,6,3,False,,,,,,,False,12.98399999996036,Positive directional derivative for linesearch
Obesity,7,42,10,300,0.0001,50,least_cost,Unweighted k-means,All features mutable,α = 1,1.0,1579,4,5,True,,16.0,2.35756846976904,7.201840482468276,1.9949678244584732,0.9949678244584732,True,7.176399999934802,Optimization terminated successfully
Obesity,7,42,10,300,0.0001,50,least_cost,Unweighted k-means,All features mutable,α < 1,0.09132005349365606,1579,4,5,True,,16.0,8.625508627551472,13.775383472198964,1.042979284296296,0.04297928429629594,True,7.632700000158366,Optimization terminated successfully
Obesity,7,42,10,300,0.0001,50,least_cost,Unweighted k-means,Random 25% immutable,α = 1,1.0,1579,4,5,True,,10.0,2.3810357562288402,7.237595362897437,1.9753055942243491,0.9753055942243491,True,6.31159999988995,Optimization terminated successfully
Obesity,7,42,10,300,0.0001,50,least_cost,Unweighted k-means,Random 25% immutable,α < 1,0.09132005349365606,1579,4,5,True,,10.0,8.711367123038722,13.843773932958161,1.0326997777773412,0.03269977777734123,True,6.170700000211582,Optimization terminated successfully
Obesity,7,42,10,300,0.0001,50,least_cost,Unweighted k-means,Random 50% immutable,α = 1,1.0,1579,4,5,False,,,,,,,False,35.98099999999249,Positive directional derivative for linesearch
Obesity,7,42,10,300,0.0001,50,least_cost,Unweighted k-means,Random 50% immutable,α < 1,0.09132005349365606,1579,4,5,False,,,,,,,False,7.355499999903259,Positive directional derivative for linesearch
Obesity,7,42,10,300,0.0001,50,least_cost,Unweighted k-means,Random 75% immutable,α = 1,1.0,1579,4,5,False,,,,,,,False,4.430800000136514,Positive directional derivative for linesearch
Obesity,7,42,10,300,0.0001,50,least_cost,Unweighted k-means,Random 75% immutable,α < 1,0.09132005349365606,1579,4,5,False,,,,,,,False,6.8334000000049855,Positive directional derivative for linesearch
Obesity,7,42,10,300,0.0001,50,least_cost,Unweighted k-means,All features mutable,α = 1,1.0,927,4,5,True,,17.0,2.4004493205799076,7.267041010807492,1.1072455878070042,0.10724558780700422,True,7.622200000014345,Optimization terminated successfully
Obesity,7,42,10,300,0.0001,50,least_cost,Unweighted k-means,All features mutable,α < 1,0.09132005349365606,927,4,5,True,,17.0,8.695461725945695,13.831130032314977,1.0000000000000016,1.5543122344752192e-15,True,7.735400000001391,Optimization terminated successfully
Obesity,7,42,10,300,0.0001,50,least_cost,Unweighted k-means,Random 25% immutable,α = 1,1.0,927,4,5,False,,,,,,,False,17.116700000087803,Positive directional derivative for linesearch
Obesity,7,42,10,300,0.0001,50,least_cost,Unweighted k-means,Random 25% immutable,α < 1,0.09132005349365606,927,4,5,False,,,,,,,False,29.68460000010964,Positive directional derivative for linesearch
Obesity,7,42,10,300,0.0001,50,least_cost,Unweighted k-means,Random 50% immutable,α = 1,1.0,927,4,5,True,,9.0,2.531498377991365,7.462771892253577,1.879001621291177,0.8790016212911771,True,5.012699999952019,Optimization terminated successfully
Obesity,7,42,10,300,0.0001,50,least_cost,Unweighted k-means,Random 50% immutable,α < 1,0.09132005349365606,927,4,5,True,,9.0,9.25534986950663,14.2694673036223,1.0000000000000047,4.6629367034256575e-15,True,5.108600000085062,Optimization terminated successfully
Obesity,7,42,10,300,0.0001,50,least_cost,Unweighted k-means,Random 75% immutable,α = 1,1.0,927,4,5,True,,5.0,2.560861539329791,7.505927915005272,1.8574567361949663,0.8574567361949663,True,3.8787999999385647,Optimization terminated successfully
Obesity,7,42,10,300,0.0001,50,least_cost,Unweighted k-means,Random 75% immutable,α < 1,0.09132005349365606,927,4,5,False,,,,,,,False,22.09949999996752,Positive directional derivative for linesearch
Obesity,7,42,10,300,0.0001,50,least_cost,Unweighted k-means,All features mutable,α = 1,1.0,1800,4,0,True,,20.0,0.6163678443415364,3.6824030979122586,1.8511519132030763,0.8511519132030763,True,7.505999999921187,Optimization terminated successfully
Obesity,7,42,10,300,0.0001,50,least_cost,Unweighted k-means,All features mutable,α < 1,0.5697899693643169,1800,4,0,True,,20.0,1.195882267433154,5.129269917203557,1.4021474963412364,0.40214749634123637,True,7.52850000003491,Optimization terminated successfully
Obesity,7,42,10,300,0.0001,50,least_cost,Unweighted k-means,Random 25% immutable,α = 1,1.0,1800,4,0,True,,14.0,0.782108101350946,4.148057163265811,1.6239945005404486,0.6239945005404486,True,4.35879999986355,Optimization terminated successfully
Obesity,7,42,10,300,0.0001,50,least_cost,Unweighted k-means,Random 25% immutable,α < 1,0.5697899693643169,1800,4,0,True,,14.0,1.5163275585486717,5.775742920877865,1.166329955314948,0.16632995531494799,True,5.770299999994677,Optimization terminated successfully
Obesity,7,42,10,300,0.0001,50,least_cost,Unweighted k-means,Random 50% immutable,α = 1,1.0,1800,4,0,True,,9.0,3.9441035897828263,9.315056573914202,1.0000000000000002,2.220446049250313e-16,True,5.059399999936431,Optimization terminated successfully
Obesity,7,42,10,300,0.0001,50,least_cost,Unweighted k-means,Random 50% immutable,α < 1,0.5697899693643169,1800,4,0,True,,9.0,8.26026999316084,13.480576391591661,1.0,0.0,False,5.017299999963143,Optimization terminated successfully
Obesity,7,42,10,300,0.0001,50,least_cost,Unweighted k-means,Random 75% immutable,α = 1,1.0,1800,4,0,False,,,,,,,False,4.741599999988466,Positive directional derivative for linesearch
Obesity,7,42,10,300,0.0001,50,least_cost,Unweighted k-means,Random 75% immutable,α < 1,0.5697899693643169,1800,4,0,False,,,,,,,False,2.6539999998931307,Positive directional derivative for linesearch
Obesity,7,42,10,300,0.0001,50,least_cost,Unweighted k-means,All features mutable,α = 1,1.0,1139,4,0,True,,19.0,0.5126020708470093,3.3581610382222893,1.0,0.0,False,7.622999999966851,Optimization terminated successfully
Obesity,7,42,10,300,0.0001,50,least_cost,Unweighted k-means,All features mutable,α < 1,0.5697899693643169,1139,4,0,True,,19.0,1.050203876708446,4.806712523917549,1.0,0.0,False,6.920600000057675,Optimization terminated successfully
Obesity,7,42,10,300,0.0001,50,least_cost,Unweighted k-means,Random 25% immutable,α = 1,1.0,1139,4,0,True,,14.0,0.5386304531390436,3.4423640087967105,1.0,0.0,False,6.271900000001551,Optimization terminated successfully
Obesity,7,42,10,300,0.0001,50,least_cost,Unweighted k-means,Random 25% immutable,α < 1,0.5697899693643169,1139,4,0,True,,14.0,1.103601820648596,4.927396884184296,1.0,0.0,False,5.806500000062442,Optimization terminated successfully
Obesity,7,42,10,300,0.0001,50,least_cost,Unweighted k-means,Random 50% immutable,α = 1,1.0,1139,4,0,False,,,,,,,False,15.12589999992997,Positive directional derivative for linesearch
Obesity,7,42,10,300,0.0001,50,least_cost,Unweighted k-means,Random 50% immutable,α < 1,0.5697899693643169,1139,4,0,False,,,,,,,False,9.234999999989668,Positive directional derivative for linesearch
Obesity,7,42,10,300,0.0001,50,least_cost,Unweighted k-means,Random 75% immutable,α = 1,1.0,1139,4,0,False,,,,,,,False,17.026699999860284,Positive directional derivative for linesearch
Obesity,7,42,10,300,0.0001,50,least_cost,Unweighted k-means,Random 75% immutable,α < 1,0.5697899693643169,1139,4,0,False,,,,,,,False,8.05909999985488,Positive directional derivative for linesearch
Obesity,7,42,10,300,0.0001,50,least_cost,Unweighted k-means,All features mutable,α = 1,1.0,475,2,3,True,,13.0,0.6809875230787734,3.870623400401157,1.974317021493386,0.9743170214933861,True,7.616699999971388,Optimization terminated successfully
Obesity,7,42,10,300,0.0001,50,least_cost,Unweighted k-means,All features mutable,α < 1,0.9095151899524359,475,2,3,True,,13.0,0.8133377329353518,4.230062662015509,1.8065542448421037,0.8065542448421037,True,7.276499999989028,Optimization terminated successfully
Obesity,7,42,10,300,0.0001,50,least_cost,Unweighted k-means,Random 25% immutable,α = 1,1.0,475,2,3,False,,,,,,,False,29.27480000016658,Positive directional derivative for linesearch
Obesity,7,42,10,300,0.0001,50,least_cost,Unweighted k-means,Random 25% immutable,α < 1,0.9095151899524359,475,2,3,False,,,,,,,False,9.761000000025888,Positive directional derivative for linesearch
Obesity,7,42,10,300,0.0001,50,least_cost,Unweighted k-means,Random 50% immutable,α = 1,1.0,475,2,3,True,,7.0,0.7437409328673121,4.045034057097772,1.8077333106175844,0.8077333106175844,True,5.1746000001458015,Optimization terminated successfully
Obesity,7,42,10,300,0.0001,50,least_cost,Unweighted k-means,Random 50% immutable,α < 1,0.9095151899524359,475,2,3,True,,7.0,0.8882872941558266,4.420669685853964,1.6541255850531582,0.6541255850531582,True,5.067599999847516,Optimization terminated successfully
Obesity,7,42,10,300,0.0001,50,least_cost,Unweighted k-means,Random 75% immutable,α = 1,1.0,475,2,3,False,,,,,,,False,8.000000000038199,Positive directional derivative for linesearch
Obesity,7,42,10,300,0.0001,50,least_cost,Unweighted k-means,Random 75% immutable,α < 1,0.9095151899524359,475,2,3,False,,,,,,,False,6.438900000148351,Positive directional derivative for linesearch
Obesity,7,42,10,300,0.0001,50,least_cost,Unweighted k-means,All features mutable,α = 1,1.0,177,1,0,True,,13.0,0.5081655866386372,3.3435973002217265,2.3686408102032646,1.3686408102032646,True,7.890399999951114,Optimization terminated successfully
Obesity,7,42,10,300,0.0001,50,least_cost,Unweighted k-means,All features mutable,α < 1,0.5697899693643169,177,1,0,True,,13.0,1.0874539033207389,4.891215173457027,1.6054406795510785,0.6054406795510785,True,7.438800000045376,Optimization terminated successfully
Obesity,7,42,10,300,0.0001,50,least_cost,Unweighted k-means,Random 25% immutable,α = 1,1.0,177,1,0,True,,9.0,0.6036719408767893,3.64428082058578,1.9999482219984404,0.9999482219984404,True,6.300799999962692,Optimization terminated successfully
Obesity,7,42,10,300,0.0001,50,least_cost,Unweighted k-means,Random 25% immutable,α < 1,0.5697899693643169,177,1,0,True,,9.0,1.2916172604823366,5.330626579550607,1.3672638389869654,0.36726383898696535,True,6.208900000046924,Optimization terminated successfully
Obesity,7,42,10,300,0.0001,50,least_cost,Unweighted k-means,Random 50% immutable,α = 1,1.0,177,1,0,True,,6.0,2.547452158077245,7.4862505620436846,1.0,0.0,False,5.368600000110746,Optimization terminated successfully
Obesity,7,42,10,300,0.0001,50,least_cost,Unweighted k-means,Random 50% immutable,α < 1,0.5697899693643169,177,1,0,True,,6.0,6.948188489106994,12.363662352246354,1.0000000000000009,8.881784197001252e-16,True,5.124800000203322,Optimization terminated successfully
Obesity,7,42,10,300,0.0001,50,least_cost,Unweighted k-means,Random 75% immutable,α = 1,1.0,177,1,0,True,,3.0,4.270251504416237,9.69255039177807,1.0000000000000004,4.440892098500626e-16,True,3.989499999988766,Optimization terminated successfully
Obesity,7,42,10,300,0.0001,50,least_cost,Unweighted k-means,Random 75% immutable,α < 1,0.5697899693643169,177,1,0,True,,3.0,10.284272408700877,15.041741687431655,1.0,0.0,False,4.224799999974493,Optimization terminated successfully
Obesity,7,42,10,300,0.0001,50,least_cost,Unweighted k-means,All features mutable,α = 1,1.0,1630,2,3,True,,16.0,0.8042456461280524,4.206352840028657,1.8513252247442629,0.8513252247442629,True,7.658200000150828,Optimization terminated successfully
Obesity,7,42,10,300,0.0001,50,least_cost,Unweighted k-means,All features mutable,α < 1,0.9095151899524359,1630,2,3,True,,16.0,0.944780946732563,4.559076751724672,1.708093004054119,0.7080930040541189,True,7.609300000012809,Optimization terminated successfully
Obesity,7,42,10,300,0.0001,50,least_cost,Unweighted k-means,Random 25% immutable,α = 1,1.0,1630,2,3,True,,11.0,0.9675019418671124,4.613571579706602,1.5389325807081122,0.5389325807081122,True,5.648999999948501,Optimization terminated successfully
Obesity,7,42,10,300,0.0001,50,least_cost,Unweighted k-means,Random 25% immutable,α < 1,0.9095151899524359,1630,2,3,True,,11.0,1.136564935108475,5.000442837628128,1.4198693731715513,0.41986937317155126,True,13.088899999956993,Optimization terminated successfully
Obesity,7,42,10,300,0.0001,50,least_cost,Unweighted k-means,Random 50% immutable,α = 1,1.0,1630,2,3,True,,7.0,0.8826982943498514,4.406740572769939,1.6867827525708343,0.6867827525708343,True,5.221399999982168,Optimization terminated successfully
Obesity,7,42,10,300,0.0001,50,least_cost,Unweighted k-means,Random 50% immutable,α < 1,0.9095151899524359,1630,2,3,True,,7.0,1.0369425488717996,4.776268007051068,1.5562807579353857,0.5562807579353857,True,7.779999999911524,Optimization terminated successfully
Obesity,7,42,10,300,0.0001,50,least_cost,Unweighted k-means,Random 75% immutable,α = 1,1.0,1630,2,3,False,,,,,,,False,14.60969999993722,Positive directional derivative for linesearch
Obesity,7,42,10,300,0.0001,50,least_cost,Unweighted k-means,Random 75% immutable,α < 1,0.9095151899524359,1630,2,3,False,,,,,,,False,7.825299999922208,Positive directional derivative for linesearch
Obesity,7,42,10,300,0.0001,50,least_cost,Unweighted k-means,All features mutable,α = 1,1.0,1596,4,2,True,,14.0,0.1171177623159057,1.6051762429558711,1.9340265851002345,0.9340265851002345,True,4.695899999887843,Optimization terminated successfully
Obesity,7,42,10,300,0.0001,50,least_cost,Unweighted k-means,All features mutable,α < 1,0.9865689209591888,1596,4,2,True,,14.0,0.12020607068388804,1.626202187627829,1.9090206317909983,0.9090206317909983,True,5.159099999900718,Optimization terminated successfully
Obesity,7,42,10,300,0.0001,50,least_cost,Unweighted k-means,Random 25% immutable,α = 1,1.0,1596,4,2,True,,11.0,1.3243081712716713,5.397664288187694,1.0000000000000002,2.220446049250313e-16,True,6.056599999965329,Optimization terminated successfully
Obesity,7,42,10,300,0.0001,50,least_cost,Unweighted k-means,Random 25% immutable,α < 1,0.9865689209591888,1596,4,2,True,,11.0,1.359583054105988,5.469079190351127,1.0,0.0,False,6.243399999902977,Optimization terminated successfully
Obesity,7,42,10,300,0.0001,50,least_cost,Unweighted k-means,Random 50% immutable,α = 1,1.0,1596,4,2,True,,6.0,0.2536478824156638,2.362256000763804,1.0,0.0,False,5.409200000030978,Optimization terminated successfully
Obesity,7,42,10,300,0.0001,50,least_cost,Unweighted k-means,Random 50% immutable,α < 1,0.9865689209591888,1596,4,2,True,,6.0,0.26413338826546306,2.4105880074870085,1.0000000000000002,2.220446049250313e-16,True,5.128499999955238,Optimization terminated successfully
Obesity,7,42,10,300,0.0001,50,least_cost,Unweighted k-means,Random 75% immutable,α = 1,1.0,1596,4,2,True,,6.0,0.231519618683712,2.2568632238223176,1.0,0.0,False,2.7047000000948174,Optimization terminated successfully
Obesity,7,42,10,300,0.0001,50,least_cost,Unweighted k-means,Random 75% immutable,α < 1,0.9865689209591888,1596,4,2,True,,6.0,0.23922287523539737,2.2941018406293,1.0,0.0,False,2.4960999999166233,Optimization terminated successfully
Obesity,7,42,10,300,0.0001,50,least_cost,Unweighted k-means,All features mutable,α = 1,1.0,380,5,2,True,,12.0,2.2635723023672223,7.056811649185408,2.0070072032284783,1.0070072032284783,True,7.710800000040763,Optimization terminated successfully
Obesity,7,42,10,300,0.0001,50,least_cost,Unweighted k-means,All features mutable,α < 1,0.9865689209591888,380,5,2,True,,12.0,2.327204425876326,7.155312527715276,1.9793785048171557,0.9793785048171557,True,7.2765999998409825,Optimization terminated successfully
Obesity,7,42,10,300,0.0001,50,least_cost,Unweighted k-means,Random 25% immutable,α = 1,1.0,380,5,2,True,,8.0,2.316217133597509,7.138401567518123,1.961390313905983,0.961390313905983,True,5.9713999999075895,Optimization terminated successfully
Obesity,7,42,10,300,0.0001,50,least_cost,Unweighted k-means,Random 25% immutable,α < 1,0.9865689209591888,380,5,2,True,,8.0,2.3813291755521013,7.238041300113328,1.9343895824952402,0.9343895824952402,True,5.945499999825188,Optimization terminated successfully
Obesity,7,42,10,300,0.0001,50,least_cost,Unweighted k-means,Random 50% immutable,α = 1,1.0,380,5,2,True,,7.0,2.2976706027428437,7.109764641698245,1.9772224367889897,0.9772224367889897,True,4.841499999884036,Optimization terminated successfully
Obesity,7,42,10,300,0.0001,50,least_cost,Unweighted k-means,Random 50% immutable,α < 1,0.9865689209591888,380,5,2,True,,7.0,2.3622612762654382,7.209004652366347,1.9500037581563339,0.9500037581563339,True,5.333199999995486,Optimization terminated successfully
Obesity,7,42,10,300,0.0001,50,least_cost,Unweighted k-means,Random 75% immutable,α = 1,1.0,380,5,2,True,,3.0,2.3447573576222904,7.1822462967855945,1.9375163997882496,0.9375163997882496,True,4.166000000168424,Optimization terminated successfully
Obesity,7,42,10,300,0.0001,50,least_cost,Unweighted k-means,Random 75% immutable,α < 1,0.9865689209591888,380,5,2,True,,3.0,2.4106717044373243,7.282498025926346,1.9108443207893486,0.9108443207893486,True,3.9480000000367,Optimization terminated successfully
Obesity,7,42,10,300,0.0001,50,least_cost,Unweighted k-means,All features mutable,α = 1,1.0,772,4,3,True,,16.0,0.6403890554911232,3.753472954585488,1.3774879468854921,0.37748794688549214,True,7.646600000043691,Optimization terminated successfully
Obesity,7,42,10,300,0.0001,50,least_cost,Unweighted k-means,All features mutable,α < 1,0.9095151899524359,772,4,3,True,,16.0,0.7624237485586766,4.095524687789208,1.262442318456308,0.26244231845630805,True,7.626999999956752,Optimization terminated successfully
Obesity,7,42,10,300,0.0001,50,least_cost,Unweighted k-means,Random 25% immutable,α = 1,1.0,772,4,3,True,,12.0,0.6562434611204492,3.799652108371223,1.344208794816985,0.34420879481698496,True,5.683600000111255,Optimization terminated successfully
Obesity,7,42,10,300,0.0001,50,least_cost,Unweighted k-means,Random 25% immutable,α < 1,0.9095151899524359,772,4,3,True,,12.0,0.7812994230684646,4.145912120089646,1.2319425962183719,0.23194259621837188,True,6.045200000016848,Optimization terminated successfully
Obesity,7,42,10,300,0.0001,50,least_cost,Unweighted k-means,Random 50% immutable,α = 1,1.0,772,4,3,False,,,,,,,False,57.60910000003605,Positive directional derivative for linesearch
Obesity,7,42,10,300,0.0001,50,least_cost,Unweighted k-means,Random 50% immutable,α < 1,0.9095151899524359,772,4,3,False,,,,,,,False,13.836999999966793,Positive directional derivative for linesearch
Obesity,7,42,10,300,0.0001,50,least_cost,Unweighted k-means,Random 75% immutable,α = 1,1.0,772,4,3,True,,6.0,0.6986586517646324,3.920521692175917,1.8121163546716337,0.8121163546716337,True,3.985800000009476,Optimization terminated successfully
Obesity,7,42,10,300,0.0001,50,least_cost,Unweighted k-means,Random 75% immutable,α < 1,0.9095151899524359,772,4,3,True,,6.0,0.831797395151965,4.2777964763816465,1.6607712662786838,0.6607712662786838,True,3.7518999999974767,Optimization terminated successfully
Obesity,7,42,10,300,0.0001,50,least_cost,Unweighted k-means,All features mutable,α = 1,1.0,266,1,3,True,,11.0,0.6639551163606324,3.8219121601541177,1.9627294982421064,0.9627294982421064,True,6.880499999851963,Optimization terminated successfully
Obesity,7,42,10,300,0.0001,50,least_cost,Unweighted k-means,All features mutable,α < 1,0.9095151899524359,266,1,3,True,,11.0,0.7911143667299004,4.171872010028329,1.7980847883400009,0.7980847883400009,True,7.2893999999905645,Optimization terminated successfully
Obesity,7,42,10,300,0.0001,50,least_cost,Unweighted k-means,Random 25% immutable,α = 1,1.0,266,1,3,True,,8.0,0.8301548554172767,4.273570734079417,1.5697845759650777,0.5697845759650777,True,6.198900000072172,Optimization terminated successfully
Obesity,7,42,10,300,0.0001,50,least_cost,Unweighted k-means,Random 25% immutable,α < 1,0.9095151899524359,266,1,3,True,,8.0,0.9891443209761702,4.664887465038759,1.4381023070353731,0.4381023070353731,True,5.73989999998048,Optimization terminated successfully
Obesity,7,42,10,300,0.0001,50,least_cost,Unweighted k-means,Random 50% immutable,α = 1,1.0,266,1,3,True,,8.0,0.8071008683295937,4.213812893716457,1.6146238143660934,0.6146238143660934,True,4.94580000008682,Optimization terminated successfully
Obesity,7,42,10,300,0.0001,50,least_cost,Unweighted k-means,Random 50% immutable,α < 1,0.9095151899524359,266,1,3,True,,8.0,0.9616750840562948,4.5996577969712575,1.479180186117792,0.479180186117792,True,5.101400000057765,Optimization terminated successfully
Obesity,7,42,10,300,0.0001,50,least_cost,Unweighted k-means,Random 75% immutable,α = 1,1.0,266,1,3,False,,,,,,,False,27.496299999938856,Positive directional derivative for linesearch
Obesity,7,42,10,300,0.0001,50,least_cost,Unweighted k-means,Random 75% immutable,α < 1,0.9095151899524359,266,1,3,False,,,,,,,False,26.72579999989466,Positive directional derivative for linesearch
Obesity,7,42,10,300,0.0001,50,least_cost,Unweighted k-means,All features mutable,α = 1,1.0,195,0,6,True,,11.0,0.42739115830875074,3.0663668213037587,2.203106196852965,1.203106196852965,True,7.844100000056642,Optimization terminated successfully
Obesity,7,42,10,300,0.0001,50,least_cost,Unweighted k-means,All features mutable,α < 1,0.9912793114617909,195,0,6,True,,11.0,0.43616233265618054,3.0976719191089255,2.180841586577453,1.1808415865774529,True,7.609400000092137,Optimization terminated successfully
Obesity,7,42,10,300,0.0001,50,least_cost,Unweighted k-means,Random 25% immutable,α = 1,1.0,195,0,6,False,,,,,,,False,45.09419999999409,Positive directional derivative for linesearch
Obesity,7,42,10,300,0.0001,50,least_cost,Unweighted k-means,Random 25% immutable,α < 1,0.9912793114617909,195,0,6,False,,,,,,,False,86.52710000001207,Positive directional derivative for linesearch
Obesity,7,42,10,300,0.0001,50,least_cost,Unweighted k-means,Random 50% immutable,α = 1,1.0,195,0,6,True,,6.0,0.586858579890162,3.59317251987482,1.568823590655009,0.568823590655009,True,5.22280000018327,Optimization terminated successfully
Obesity,7,42,10,300,0.0001,50,least_cost,Unweighted k-means,Random 50% immutable,α < 1,0.9912793114617909,195,0,6,True,,6.0,0.6033248860299525,3.643233109843365,1.4822597413278091,0.48225974132780913,True,5.19439999993665,Optimization terminated successfully
Obesity,7,42,10,300,0.0001,50,least_cost,Unweighted k-means,Random 75% immutable,α = 1,1.0,195,0,6,False,,,,,,,False,4.2687000000114494,Positive directional derivative for linesearch
Obesity,7,42,10,300,0.0001,50,least_cost,Unweighted k-means,Random 75% immutable,α < 1,0.9912793114617909,195,0,6,False,,,,,,,False,24.542500000052314,Positive directional derivative for linesearch
Obesity,7,42,10,300,0.0001,50,least_cost,Unweighted k-means,All features mutable,α = 1,1.0,1737,4,3,True,,17.0,0.6268078016595079,3.713458177562954,1.0,0.0,False,7.8742000000602275,Optimization terminated successfully
Obesity,7,42,10,300,0.0001,50,least_cost,Unweighted k-means,All features mutable,α < 1,0.9095151899524359,1737,4,3,True,,17.0,0.7473107170245308,4.054730049527302,1.0,0.0,False,7.568900000023859,Optimization terminated successfully
Obesity,7,42,10,300,0.0001,50,least_cost,Unweighted k-means,Random 25% immutable,α = 1,1.0,1737,4,3,True,,11.0,0.6409792743507824,3.7552022629569786,1.9606369310847005,0.9606369310847005,True,6.308700000090539,Optimization terminated successfully
Obesity,7,42,10,300,0.0001,50,least_cost,Unweighted k-means,Random 25% immutable,α < 1,0.9095151899524359,1737,4,3,True,,11.0,0.7640723801088205,4.0999502877954574,1.795775014558354,0.795775014558354,True,5.824200000006385,Optimization terminated successfully
Obesity,7,42,10,300,0.0001,50,least_cost,Unweighted k-means,Random 50% immutable,α = 1,1.0,1737,4,3,False,,,,,,,False,9.225799999967421,Positive directional derivative for linesearch
Obesity,7,42,10,300,0.0001,50,least_cost,Unweighted k-means,Random 50% immutable,α < 1,0.9095151899524359,1737,4,3,False,,,,,,,False,5.3417999999965105,Positive directional derivative for linesearch
Obesity,7,42,10,300,0.0001,50,least_cost,Unweighted k-means,Random 75% immutable,α = 1,1.0,1737,4,3,False,,,,,,,False,3.012699999999313,Positive directional derivative for linesearch
Obesity,7,42,10,300,0.0001,50,least_cost,Unweighted k-means,Random 75% immutable,α < 1,0.9095151899524359,1737,4,3,False,,,,,,,False,48.850600000150735,Positive directional derivative for linesearch
Obesity,7,42,10,300,0.0001,50,least_cost,Ranked k-means,All features mutable,α = 1,1.0,840,4,5,True,,17.0,2.380126202994844,7.236212853826686,1.0,0.0,False,7.359100000030594,Optimization terminated successfully
Obesity,7,42,10,300,0.0001,50,least_cost,Ranked k-means,All features mutable,α < 1,0.09132005349365606,840,4,5,True,,17.0,8.666306632164664,13.807923301772158,1.0000000000000009,8.881784197001252e-16,True,7.501299999830735,Optimization terminated successfully
Obesity,7,42,10,300,0.0001,50,least_cost,Ranked k-means,Random 25% immutable,α = 1,1.0,840,4,5,True,,12.0,2.4292154151363086,7.310454098959844,1.0,0.0,False,5.982399999993504,Optimization terminated successfully
Obesity,7,42,10,300,0.0001,50,least_cost,Ranked k-means,Random 25% immutable,α < 1,0.09132005349365606,840,4,5,True,,12.0,8.845184017226211,13.949697071226195,1.0,0.0,False,5.82299999996394,Optimization terminated successfully
Obesity,7,42,10,300,0.0001,50,least_cost,Ranked k-means,Random 50% immutable,α = 1,1.0,840,4,5,True,,10.0,2.419724202794532,7.2961587470037745,1.9562674968112062,0.9562674968112062,True,4.682200000161174,Optimization terminated successfully
Obesity,7,42,10,300,0.0001,50,least_cost,Ranked k-means,Random 50% immutable,α < 1,0.09132005349365606,840,4,5,True,,10.0,8.798816968151018,13.913086404508611,1.0258858198878498,0.02588581988784977,True,5.002699999977267,Optimization terminated successfully
Obesity,7,42,10,300,0.0001,50,least_cost,Ranked k-means,Random 75% immutable,α = 1,1.0,840,4,5,True,,4.0,2.542546113836675,7.479038340883595,1.861766742230757,0.8617667422307571,True,4.004699999995864,Optimization terminated successfully
Obesity,7,42,10,300,0.0001,50,least_cost,Ranked k-means,Random 75% immutable,α < 1,0.09132005349365606,840,4,5,True,,4.0,10.364874548783686,15.10057085256187,1.0000000000000095,9.547918011776346e-15,True,4.2154000000209635,Optimization terminated successfully
Obesity,7,42,10,300,0.0001,50,least_cost,Ranked k-means,All features mutable,α = 1,1.0,1066,4,5,True,,16.0,2.335396016714387,7.167894556124311,1.9793465690467331,0.9793465690467331,True,7.336200000054305,Optimization terminated successfully
Obesity,7,42,10,300,0.0001,50,least_cost,Ranked k-means,All features mutable,α < 1,0.09132005349365606,1066,4,5,True,,16.0,8.572501683871696,13.732990826661807,1.0,0.0,False,7.513999999900989,Optimization terminated successfully
Obesity,7,42,10,300,0.0001,50,least_cost,Ranked k-means,Random 25% immutable,α = 1,1.0,1066,4,5,True,,11.0,2.3717078363620865,7.223404488187401,1.948740570041919,0.9487405700419189,True,6.010600000081467,Optimization terminated successfully
Obesity,7,42,10,300,0.0001,50,least_cost,Ranked k-means,Random 25% immutable,α < 1,0.09132005349365606,1066,4,5,True,,11.0,8.703599509111577,13.837600557916632,1.0,0.0,False,5.585699999983262,Optimization terminated successfully
Obesity,7,42,10,300,0.0001,50,least_cost,Ranked k-means,Random 50% immutable,α = 1,1.0,1066,4,5,False,,,,,,,False,3.5210999999435444,Positive directional derivative for linesearch
Obesity,7,42,10,300,0.0001,50,least_cost,Ranked k-means,Random 50% immutable,α < 1,0.09132005349365606,1066,4,5,False,,,,,,,False,5.475400000023001,Positive directional derivative for linesearch
Obesity,7,42,10,300,0.0001,50,least_cost,Ranked k-means,Random 75% immutable,α = 1,1.0,1066,4,5,False,,,,,,,False,2.6234000001750246,Positive directional derivative for linesearch
Obesity,7,42,10,300,0.0001,50,least_cost,Ranked k-means,Random 75% immutable,α < 1,0.09132005349365606,1066,4,5,False,,,,,,,False,29.55100000008315,Positive directional derivative for linesearch
Obesity,7,42,10,300,0.0001,50,least_cost,Ranked k-means,All features mutable,α = 1,1.0,937,4,6,True,,15.0,0.14473209153133004,1.7844063476936136,1.806232413075675,0.8062324130756751,True,7.2625000000243745,Optimization terminated successfully
Obesity,7,42,10,300,0.0001,50,least_cost,Ranked k-means,All features mutable,α < 1,0.9912793114617909,937,4,6,True,,15.0,0.1469801833911864,1.7982113431424296,1.7923658036080317,0.7923658036080317,True,7.271899999977904,Optimization terminated successfully
Obesity,7,42,10,300,0.0001,50,least_cost,Ranked k-means,Random 25% immutable,α = 1,1.0,937,4,6,True,,10.0,0.3131102999953797,2.6245812237190056,2.5990238457979484,1.5990238457979484,True,6.46839999990334,Optimization terminated successfully
Obesity,7,42,10,300,0.0001,50,least_cost,Ranked k-means,Random 25% immutable,α < 1,0.9912793114617909,937,4,6,True,,10.0,0.3179737736673849,2.644886201839782,2.5790711194744107,1.5790711194744107,True,5.572799999981726,Optimization terminated successfully
Obesity,7,42,10,300,0.0001,50,least_cost,Ranked k-means,Random 50% immutable,α = 1,1.0,937,4,6,False,,,,,,,False,38.76199999990604,Positive directional derivative for linesearch
Obesity,7,42,10,300,0.0001,50,least_cost,Ranked k-means,Random 50% immutable,α < 1,0.9912793114617909,937,4,6,False,,,,,,,False,57.94429999991735,Positive directional derivative for linesearch
Obesity,7,42,10,300,0.0001,50,least_cost,Ranked k-means,Random 75% immutable,α = 1,1.0,937,4,6,True,,5.0,0.4235426922407717,3.0525299718916727,1.0,0.0,False,3.549300000031508,Optimization terminated successfully
Obesity,7,42,10,300,0.0001,50,least_cost,Ranked k-means,Random 75% immutable,α < 1,0.9912793114617909,937,4,6,True,,5.0,0.4627128780980686,3.1905615991792904,1.0,0.0,False,3.72020000008888,Optimization terminated successfully
Obesity,7,42,10,300,0.0001,50,least_cost,Ranked k-means,All features mutable,α = 1,1.0,184,3,4,True,,12.0,0.794096645400559,4.179728005362586,1.7798726605070272,0.7798726605070272,True,7.414799999878596,Optimization terminated successfully
Obesity,7,42,10,300,0.0001,50,least_cost,Ranked k-means,All features mutable,α < 1,0.9556192526905325,184,3,4,True,,12.0,0.8589567659541533,4.347073596224403,1.7113544167230847,0.7113544167230847,True,7.406600000194885,Optimization terminated successfully
Obesity,7,42,10,300,0.0001,50,least_cost,Ranked k-means,Random 25% immutable,α = 1,1.0,184,3,4,True,,9.0,0.8121383022328977,4.226942470524498,1.7403327862831262,0.7403327862831262,True,6.485799999836672,Optimization terminated successfully
Obesity,7,42,10,300,0.0001,50,least_cost,Ranked k-means,Random 25% immutable,α < 1,0.9556192526905325,184,3,4,True,,9.0,0.8784720268420033,4.3961784074948635,1.6733366759363486,0.6733366759363486,True,5.8745000001181324,Optimization terminated successfully
Obesity,7,42,10,300,0.0001,50,least_cost,Ranked k-means,Random 50% immutable,α = 1,1.0,184,3,4,False,,,,,,,False,35.55630000005294,Positive directional derivative for linesearch
Obesity,7,42,10,300,0.0001,50,least_cost,Ranked k-means,Random 50% immutable,α < 1,0.9556192526905325,184,3,4,False,,,,,,,False,15.11949999985518,Positive directional derivative for linesearch
Obesity,7,42,10,300,0.0001,50,least_cost,Ranked k-means,Random 75% immutable,α = 1,1.0,184,3,4,True,,5.0,0.9887236701956339,4.663895447402734,1.4295105476641934,0.4295105476641934,True,3.7884000000758533,Optimization terminated successfully
Obesity,7,42,10,300,0.0001,50,least_cost,Ranked k-means,Random 75% immutable,α < 1,0.9556192526905325,184,3,4,True,,5.0,1.0694805110846064,4.850625861047349,1.3744798970303138,0.3744798970303138,True,3.941400000030626,Optimization terminated successfully
Obesity,7,42,10,300,0.0001,50,least_cost,Ranked k-means,All features mutable,α = 1,1.0,1643,4,2,True,,14.0,0.14919945540278878,1.811736189090827,1.7135240567438832,0.7135240567438832,True,6.881199999952514,Optimization terminated successfully
Obesity,7,42,10,300,0.0001,50,least_cost,Ranked k-means,All features mutable,α < 1,0.9865689209591888,1643,4,2,True,,14.0,0.15268259268592005,1.8327621337997575,1.6938660113647226,0.6938660113647226,True,7.9453999999259395,Optimization terminated successfully
Obesity,7,42,10,300,0.0001,50,least_cost,Ranked k-means,Random 25% immutable,α = 1,1.0,1643,4,2,True,,9.0,0.15675594862126563,1.8570489680317652,1.6309228402261375,0.6309228402261375,True,5.730300000095667,Optimization terminated successfully
Obesity,7,42,10,300,0.0001,50,least_cost,Ranked k-means,Random 25% immutable,α < 1,0.9865689209591888,1643,4,2,True,,9.0,0.16041549608758407,1.8786007862041498,1.612212420796209,0.612212420796209,True,5.529799999976603,Optimization terminated successfully
Obesity,7,42,10,300,0.0001,50,least_cost,Ranked k-means,Random 50% immutable,α = 1,1.0,1643,4,2,True,,7.0,0.36232175024712154,2.8233098493499917,1.0,0.0,False,4.87040000007255,Optimization terminated successfully
Obesity,7,42,10,300,0.0001,50,least_cost,Ranked k-means,Random 50% immutable,α < 1,0.9865689209591888,1643,4,2,True,,7.0,0.37949881149755593,2.8894590934889925,1.0,0.0,False,4.943300000149975,Optimization terminated successfully
Obesity,7,42,10,300,0.0001,50,least_cost,Ranked k-means,Random 75% immutable,α = 1,1.0,1643,4,2,True,,5.0,0.5258549234989953,3.401295094074887,1.0,0.0,False,4.138599999805592,Optimization terminated successfully
Obesity,7,42,10,300,0.0001,50,least_cost,Ranked k-means,Random 75% immutable,α < 1,0.9865689209591888,1643,4,2,True,,5.0,0.5621446483584727,3.5167004796949084,1.0,0.0,False,4.916300000104457,Optimization terminated successfully
Obesity,7,42,10,300,0.0001,50,least_cost,Ranked k-means,All features mutable,α = 1,1.0,2045,4,0,True,,20.0,0.6187921315416042,3.689637772724484,1.8475219650409316,0.8475219650409316,True,7.162099999959537,Optimization terminated successfully
Obesity,7,42,10,300,0.0001,50,least_cost,Ranked k-means,All features mutable,α < 1,0.5697899693643169,2045,4,0,True,,20.0,1.1984735547454444,5.134824067521669,1.3515015328218039,0.35150153282180385,True,7.5965000000906,Optimization terminated successfully
Obesity,7,42,10,300,0.0001,50,least_cost,Ranked k-means,Random 25% immutable,α = 1,1.0,2045,4,0,True,,14.0,2.624354826196405,7.598408134360835,1.0000000000000007,6.661338147750939e-16,True,6.233500000007552,Optimization terminated successfully
Obesity,7,42,10,300,0.0001,50,least_cost,Ranked k-means,Random 25% immutable,α < 1,0.5697899693643169,2045,4,0,True,,14.0,6.023365062774773,11.51147390133188,1.0000000000000002,2.220446049250313e-16,True,6.145999999944252,Optimization terminated successfully
Obesity,7,42,10,300,0.0001,50,least_cost,Ranked k-means,Random 50% immutable,α = 1,1.0,2045,4,0,True,,10.0,0.7470032620288152,4.053895874912667,1.703653430439441,0.7036534304394411,True,4.717199999959121,Optimization terminated successfully
Obesity,7,42,10,300,0.0001,50,least_cost,Ranked k-means,Random 50% immutable,α < 1,0.5697899693643169,2045,4,0,True,,10.0,1.4466672212713363,5.641513880862955,1.2242163642796533,0.2242163642796533,True,5.212300000039249,Optimization terminated successfully
Obesity,7,42,10,300,0.0001,50,least_cost,Ranked k-means,Random 75% immutable,α = 1,1.0,2045,4,0,True,,6.0,0.9063802879133981,4.465463731136415,1.4040846665324151,0.40408466653241515,True,3.6651999998866813,Optimization terminated successfully
Obesity,7,42,10,300,0.0001,50,least_cost,Ranked k-means,Random 75% immutable,α < 1,0.5697899693643169,2045,4,0,True,,6.0,1.7553211869109677,6.214263118990158,1.0089513460437256,0.008951346043725605,True,3.7264000000050146,Optimization terminated successfully
Obesity,7,42,10,300,0.0001,50,least_cost,Ranked k-means,All features mutable,α = 1,1.0,1343,2,4,True,,12.0,0.12071672645349757,1.6296527182123641,1.889017172152945,0.889017172152945,True,10.114800000110336,Optimization terminated successfully
Obesity,7,42,10,300,0.0001,50,least_cost,Ranked k-means,All features mutable,α < 1,0.9556192526905325,1343,2,4,True,,12.0,0.1313198224594087,1.6997164746236333,1.811150279282925,0.811150279282925,True,7.244899999932386,Optimization terminated successfully
Obesity,7,42,10,300,0.0001,50,least_cost,Ranked k-means,Random 25% immutable,α = 1,1.0,1343,2,4,True,,9.0,0.24611545655781042,2.326916423998041,1.0,0.0,False,6.461599999965983,Optimization terminated successfully
Obesity,7,42,10,300,0.0001,50,least_cost,Ranked k-means,Random 25% immutable,α < 1,0.9556192526905325,1343,2,4,True,,9.0,0.2755315727482118,2.462050893149989,1.0,0.0,False,4.206899999871894,Optimization terminated successfully
Obesity,7,42,10,300,0.0001,50,least_cost,Ranked k-means,Random 50% immutable,α = 1,1.0,1343,2,4,True,,7.0,0.23384306102817284,2.268159461462047,1.0,0.0,False,5.011799999920186,Optimization terminated successfully
Obesity,7,42,10,300,0.0001,50,least_cost,Ranked k-means,Random 50% immutable,α < 1,0.9556192526905325,1343,2,4,True,,7.0,0.26299493164199805,2.4053873900317924,1.0,0.0,False,4.82929999998305,Optimization terminated successfully
Obesity,7,42,10,300,0.0001,50,least_cost,Ranked k-means,Random 75% immutable,α = 1,1.0,1343,2,4,True,,5.0,0.2507615868153309,2.348777322339706,1.0,0.0,False,3.969000000097367,Optimization terminated successfully
Obesity,7,42,10,300,0.0001,50,least_cost,Ranked k-means,Random 75% immutable,α < 1,0.9556192526905325,1343,2,4,True,,5.0,0.29624168227070136,2.552903642904571,1.0,0.0,False,3.9517000000159896,Optimization terminated successfully
Obesity,7,42,10,300,0.0001,50,least_cost,Ranked k-means,All features mutable,α = 1,1.0,1473,2,6,True,,15.0,0.1190588994198721,1.6184238589557391,1.0,0.0,False,5.4231999999956315,Optimization terminated successfully
Obesity,7,42,10,300,0.0001,50,least_cost,Ranked k-means,All features mutable,α < 1,0.9912793114617909,1473,2,6,True,,15.0,0.12147201179503325,1.6347428725921185,1.0,0.0,False,7.138799999893308,Optimization terminated successfully
Obesity,7,42,10,300,0.0001,50,least_cost,Ranked k-means,Random 25% immutable,α = 1,1.0,1473,2,6,True,,10.0,0.23128762042265155,2.2557321758795603,1.0,0.0,False,4.053999999996449,Optimization terminated successfully
Obesity,7,42,10,300,0.0001,50,least_cost,Ranked k-means,Random 25% immutable,α < 1,0.9912793114617909,1473,2,6,True,,10.0,0.23597770615998573,2.278488432167187,1.0,0.0,False,7.077799999933632,Optimization terminated successfully
Obesity,7,42,10,300,0.0001,50,least_cost,Ranked k-means,Random 50% immutable,α = 1,1.0,1473,2,6,True,,8.0,0.36863254161968817,2.847791410134025,1.0,0.0,False,5.215700000007928,Optimization terminated successfully
Obesity,7,42,10,300,0.0001,50,least_cost,Ranked k-means,Random 50% immutable,α < 1,0.9912793114617909,1473,2,6,True,,8.0,0.37603836802693485,2.8762552210456858,1.0,0.0,False,5.1900999999361375,Optimization terminated successfully
Obesity,7,42,10,300,0.0001,50,least_cost,Ranked k-means,Random 75% immutable,α = 1,1.0,1473,2,6,True,,4.0,0.2439261677833173,2.3165439109226873,1.2534192142693943,0.2534192142693943,True,3.9326000000983186,Optimization terminated successfully
Obesity,7,42,10,300,0.0001,50,least_cost,Ranked k-means,Random 75% immutable,α < 1,0.9912793114617909,1473,2,6,True,,4.0,0.24881902812994772,2.3396620736462883,1.241034176817497,0.24103417681749706,True,3.9220999999542983,Optimization terminated successfully
Obesity,7,42,10,300,0.0001,50,least_cost,Ranked k-means,All features mutable,α = 1,1.0,581,2,3,True,,17.0,0.8315492036404549,4.277158224813529,1.8207662417534192,0.8207662417534192,True,6.99720000011439,Optimization terminated successfully
Obesity,7,42,10,300,0.0001,50,least_cost,Ranked k-means,All features mutable,α < 1,0.9095151899524359,581,2,3,True,,17.0,0.9743477283025044,4.629865011277877,1.6820588207675031,0.6820588207675031,True,7.429799999954412,Optimization terminated successfully
Obesity,7,42,10,300,0.0001,50,least_cost,Ranked k-means,Random 25% immutable,α = 1,1.0,581,2,3,True,,13.0,0.999147790562549,4.688416725545637,1.5153481056206424,0.5153481056206424,True,6.209099999978207,Optimization terminated successfully
Obesity,7,42,10,300,0.0001,50,least_cost,Ranked k-means,Random 25% immutable,α < 1,0.9095151899524359,581,2,3,True,,13.0,1.1707273312404185,5.075037072503924,1.3999076836921254,0.39990768369212537,True,6.180600000107006,Optimization terminated successfully
Obesity,7,42,10,300,0.0001,50,least_cost,Ranked k-means,Random 50% immutable,α = 1,1.0,581,2,3,False,,,,,,,False,8.135899999842877,Positive directional derivative for linesearch
Obesity,7,42,10,300,0.0001,50,least_cost,Ranked k-means,Random 50% immutable,α < 1,0.9095151899524359,581,2,3,False,,,,,,,False,6.057499999997162,Positive directional derivative for linesearch
Obesity,7,42,10,300,0.0001,50,least_cost,Ranked k-means,Random 75% immutable,α = 1,1.0,581,2,3,False,,,,,,,False,18.507100000078935,Positive directional derivative for linesearch
Obesity,7,42,10,300,0.0001,50,least_cost,Ranked k-means,Random 75% immutable,α < 1,0.9095151899524359,581,2,3,False,,,,,,,False,9.739200000012715,Inequality constraints incompatible
Obesity,7,42,10,300,0.0001,50,least_cost,Ranked k-means,All features mutable,α = 1,1.0,939,2,4,True,,12.0,0.14152391819736965,1.764518688011587,1.7446355080992404,0.7446355080992404,True,7.466099999874132,Optimization terminated successfully
Obesity,7,42,10,300,0.0001,50,least_cost,Ranked k-means,All features mutable,α < 1,0.9556192526905325,939,2,4,True,,12.0,0.1529860338811156,1.8345824444228562,1.6780068749176436,0.6780068749176436,True,7.364099999904283,Optimization terminated successfully
Obesity,7,42,10,300,0.0001,50,least_cost,Ranked k-means,Random 25% immutable,α = 1,1.0,939,2,4,True,,9.0,0.14517998701304238,1.7871652733552463,1.7007003481999712,0.7007003481999712,True,6.057599999849117,Optimization terminated successfully
Obesity,7,42,10,300,0.0001,50,least_cost,Ranked k-means,Random 25% immutable,α < 1,0.9556192526905325,939,2,4,True,,9.0,0.15693821012687326,1.858128257895889,1.6357496226887787,0.6357496226887787,True,5.860999999868,Optimization terminated successfully
Obesity,7,42,10,300,0.0001,50,least_cost,Ranked k-means,Random 50% immutable,α = 1,1.0,939,2,4,True,,6.0,0.15053109316861726,1.8198032997303801,1.6402435523399057,0.6402435523399057,True,4.840500000000247,Optimization terminated successfully
Obesity,7,42,10,300,0.0001,50,least_cost,Ranked k-means,Random 50% immutable,α < 1,0.9556192526905325,939,2,4,True,,6.0,0.162722705907131,1.8920622426222882,1.5776017063646075,0.5776017063646075,True,5.057900000110749,Optimization terminated successfully
Obesity,7,42,10,300,0.0001,50,least_cost,Ranked k-means,Random 75% immutable,α = 1,1.0,939,2,4,False,,,,,,,False,27.873600000020815,Positive directional derivative for linesearch
Obesity,7,42,10,300,0.0001,50,least_cost,Ranked k-means,Random 75% immutable,α < 1,0.9556192526905325,939,2,4,False,,,,,,,False,12.604300000020885,Positive directional derivative for linesearch
Obesity,7,42,10,300,0.0001,50,least_cost,Ranked k-means,All features mutable,α = 1,1.0,746,3,4,True,,12.0,0.7188146280661145,3.9766722039230893,1.870756151273991,0.870756151273991,True,8.348399999931644,Optimization terminated successfully
Obesity,7,42,10,300,0.0001,50,least_cost,Ranked k-means,All features mutable,α < 1,0.9556192526905325,746,3,4,True,,12.0,0.7805856128860922,4.144017794784914,1.7952104424755635,0.7952104424755635,True,7.017899999937072,Optimization terminated successfully
Obesity,7,42,10,300,0.0001,50,least_cost,Ranked k-means,Random 25% immutable,α = 1,1.0,746,3,4,True,,10.0,0.7284182764791203,4.0031490207761,1.846091631455488,0.846091631455488,True,5.625300000019706,Optimization terminated successfully
Obesity,7,42,10,300,0.0001,50,least_cost,Ranked k-means,Random 25% immutable,α < 1,0.9556192526905325,746,3,4,True,,10.0,0.7910145461460864,4.171608804192203,1.7715419345547727,0.7715419345547727,True,6.286199999976816,Optimization terminated successfully
Obesity,7,42,10,300,0.0001,50,least_cost,Ranked k-means,Random 50% immutable,α = 1,1.0,746,3,4,True,,6.0,0.780783698263338,4.144543564953014,1.7222784054156979,0.7222784054156979,True,5.075200000192126,Optimization terminated successfully
Obesity,7,42,10,300,0.0001,50,least_cost,Ranked k-means,Random 50% immutable,α < 1,0.9556192526905325,746,3,4,True,,6.0,0.847879964936244,4.318953487663112,1.6527285847822375,0.6527285847822375,True,5.233799999814437,Optimization terminated successfully
Obesity,7,42,10,300,0.0001,50,least_cost,Ranked k-means,Random 75% immutable,α = 1,1.0,746,3,4,False,,,,,,,False,13.909199999943667,Positive directional derivative for linesearch
Obesity,7,42,10,300,0.0001,50,least_cost,Ranked k-means,Random 75% immutable,α < 1,0.9556192526905325,746,3,4,False,,,,,,,False,7.863200000201687,Positive directional derivative for linesearch
Obesity,7,42,10,300,0.0001,50,least_cost,Ranked k-means,All features mutable,α = 1,1.0,1430,6,2,True,,14.0,0.30735563617849965,2.600350744789439,1.625832782628906,0.6258327826289061,True,7.773599999836733,Optimization terminated successfully
Obesity,7,42,10,300,0.0001,50,least_cost,Ranked k-means,All features mutable,α < 1,0.9865689209591888,1430,6,2,True,,14.0,0.3131635345646124,2.6248043280255144,1.6106859649444454,0.6106859649444454,True,7.4643999998897925,Optimization terminated successfully
Obesity,7,42,10,300,0.0001,50,least_cost,Ranked k-means,Random 25% immutable,α = 1,1.0,1430,6,2,True,,11.0,0.3889510337278569,2.9252218278299598,1.207706572490074,0.20770657249007396,True,5.958400000054098,Optimization terminated successfully
Obesity,7,42,10,300,0.0001,50,least_cost,Ranked k-means,Random 25% immutable,α < 1,0.9865689209591888,1430,6,2,True,,11.0,0.3970477503374954,2.955511885854107,1.1887834812476914,0.1887834812476914,True,5.933299999924202,Optimization terminated successfully
Obesity,7,42,10,300,0.0001,50,least_cost,Ranked k-means,Random 50% immutable,α = 1,1.0,1430,6,2,True,,6.0,0.6620974967244049,3.816561925075618,1.0000000000000002,2.220446049250313e-16,True,4.7001000000364,Optimization terminated successfully
Obesity,7,42,10,300,0.0001,50,least_cost,Ranked k-means,Random 50% immutable,α < 1,0.9865689209591888,1430,6,2,True,,6.0,0.6858025748194536,3.884283286016608,1.0,0.0,False,4.889399999910893,Optimization terminated successfully
Obesity,7,42,10,300,0.0001,50,least_cost,Ranked k-means,Random 75% immutable,α = 1,1.0,1430,6,2,False,,,,,,,False,51.79739999994126,Positive directional derivative for linesearch
Obesity,7,42,10,300,0.0001,50,least_cost,Ranked k-means,Random 75% immutable,α < 1,0.9865689209591888,1430,6,2,False,,,,,,,False,2.870099999881859,Positive directional derivative for linesearch
Obesity,7,42,10,300,0.0001,50,least_cost,Ranked k-means,All features mutable,α = 1,1.0,894,2,3,True,,16.0,0.6844621660700446,3.880485491989498,1.8623639365618618,0.8623639365618618,True,6.9358000000647735,Optimization terminated successfully
Obesity,7,42,10,300,0.0001,50,least_cost,Ranked k-means,All features mutable,α < 1,0.9095151899524359,894,2,3,True,,16.0,0.821102434511752,4.250206296082409,1.7407603563039156,0.7407603563039156,True,7.5824000000466185,Optimization terminated successfully
Obesity,7,42,10,300,0.0001,50,least_cost,Ranked k-means,Random 25% immutable,α = 1,1.0,894,2,3,False,,,,,,,False,40.12560000001031,Positive directional derivative for linesearch
Obesity,7,42,10,300,0.0001,50,least_cost,Ranked k-means,Random 25% immutable,α < 1,0.9095151899524359,894,2,3,False,,,,,,,False,55.20230000001902,Positive directional derivative for linesearch
Obesity,7,42,10,300,0.0001,50,least_cost,Ranked k-means,Random 50% immutable,α = 1,1.0,894,2,3,False,,,,,,,False,14.626399999997375,Positive directional derivative for linesearch
Obesity,7,42,10,300,0.0001,50,least_cost,Ranked k-means,Random 50% immutable,α < 1,0.9095151899524359,894,2,3,False,,,,,,,False,23.67380000009689,Positive directional derivative for linesearch
Obesity,7,42,10,300,0.0001,50,least_cost,Ranked k-means,Random 75% immutable,α = 1,1.0,894,2,3,False,,,,,,,False,26.10370000002149,Positive directional derivative for linesearch
Obesity,7,42,10,300,0.0001,50,least_cost,Ranked k-means,Random 75% immutable,α < 1,0.9095151899524359,894,2,3,False,,,,,,,False,2.705400000195368,Positive directional derivative for linesearch
Obesity,7,42,10,300,0.0001,50,least_cost,Ranked k-means,All features mutable,α = 1,1.0,143,6,5,True,,13.0,2.2515941353954774,7.038115584352143,2.0120621534646905,1.0120621534646905,True,7.762100000036298,Optimization terminated successfully
Obesity,7,42,10,300,0.0001,50,least_cost,Ranked k-means,All features mutable,α < 1,0.09132005349365606,143,6,5,True,,13.0,8.306829801485993,13.51851528950912,1.045213673754298,0.04521367375429808,True,7.166599999891332,Optimization terminated successfully
Obesity,7,42,10,300,0.0001,50,least_cost,Ranked k-means,Random 25% immutable,α = 1,1.0,143,6,5,False,,,,,,,False,15.102399999932459,Positive directional derivative for linesearch
Obesity,7,42,10,300,0.0001,50,least_cost,Ranked k-means,Random 25% immutable,α < 1,0.09132005349365606,143,6,5,False,,,,,,,False,34.461300000202755,Positive directional derivative for linesearch
Obesity,7,42,10,300,0.0001,50,least_cost,Ranked k-means,Random 50% immutable,α = 1,1.0,143,6,5,False,,,,,,,False,17.67410000002201,Positive directional derivative for linesearch
Obesity,7,42,10,300,0.0001,50,least_cost,Ranked k-means,Random 50% immutable,α < 1,0.09132005349365606,143,6,5,False,,,,,,,False,26.091400000041176,Positive directional derivative for linesearch
Obesity,7,42,10,300,0.0001,50,least_cost,Ranked k-means,Random 75% immutable,α = 1,1.0,143,6,5,False,,,,,,,False,2.9343000001063047,Positive directional derivative for linesearch
Obesity,7,42,10,300,0.0001,50,least_cost,Ranked k-means,Random 75% immutable,α < 1,0.09132005349365606,143,6,5,False,,,,,,,False,17.966999999998734,Positive directional derivative for linesearch
Obesity,7,42,10,300,0.0001,50,least_cost,Ranked k-means,All features mutable,α = 1,1.0,1632,4,2,True,,14.0,0.1411280772275453,1.7620492896074151,1.7618425985457933,0.7618425985457933,True,7.689799999980096,Optimization terminated successfully
Obesity,7,42,10,300,0.0001,50,least_cost,Ranked k-means,All features mutable,α < 1,0.9865689209591888,1632,4,2,True,,14.0,0.14451624051055995,1.7830752343163536,1.7410670256121454,0.7410670256121454,True,7.580599999982951,Optimization terminated successfully
Obesity,7,42,10,300,0.0001,50,least_cost,Ranked k-means,Random 25% immutable,α = 1,1.0,1632,4,2,True,,9.0,0.28521409699703354,2.5049371516935786,1.0,0.0,False,6.219500000042899,Optimization terminated successfully
Obesity,7,42,10,300,0.0001,50,least_cost,Ranked k-means,Random 25% immutable,α < 1,0.9865689209591888,1632,4,2,True,,9.0,0.2946862168535218,2.5461926028439956,1.0,0.0,False,6.226599999990867,Optimization terminated successfully
Obesity,7,42,10,300,0.0001,50,least_cost,Ranked k-means,Random 50% immutable,α = 1,1.0,1632,4,2,True,,10.0,0.1450927625138064,1.7866283260106843,1.7136999411764988,0.7136999411764988,True,5.057599999872764,Optimization terminated successfully
Obesity,7,42,10,300,0.0001,50,least_cost,Ranked k-means,Random 50% immutable,α < 1,0.9865689209591888,1632,4,2,True,,10.0,0.1485761088488365,1.8079475641385185,1.693492061726306,0.6934920617263061,True,4.55710000005638,Optimization terminated successfully
Obesity,7,42,10,300,0.0001,50,least_cost,Ranked k-means,Random 75% immutable,α = 1,1.0,1632,4,2,False,,,,,,,False,1.5665000000808504,Positive directional derivative for linesearch
Obesity,7,42,10,300,0.0001,50,least_cost,Ranked k-means,Random 75% immutable,α < 1,0.9865689209591888,1632,4,2,False,,,,,,,False,1.436099999864382,Positive directional derivative for linesearch
Obesity,7,42,10,300,0.0001,50,least_cost,Ranked k-means,All features mutable,α = 1,1.0,1090,2,0,True,,18.0,0.5408893519684683,3.449574719194571,2.1680762929114796,1.1680762929114796,True,7.347600000002785,Optimization terminated successfully
Obesity,7,42,10,300,0.0001,50,least_cost,Ranked k-means,All features mutable,α < 1,0.5697899693643169,1090,2,0,True,,18.0,1.0801176654271192,4.874688568452001,1.5342398033427331,0.5342398033427331,True,7.511799999974755,Optimization terminated successfully
Obesity,7,42,10,300,0.0001,50,least_cost,Ranked k-means,Random 25% immutable,α = 1,1.0,1090,2,0,True,,14.0,2.2202669027775315,6.988982176333381,1.0,0.0,False,5.94890000002124,Optimization terminated successfully
Obesity,7,42,10,300,0.0001,50,least_cost,Ranked k-means,Random 25% immutable,α < 1,0.5697899693643169,1090,2,0,True,,14.0,5.2780973395193715,10.775812798551494,1.0,0.0,False,5.826999999953841,Optimization terminated successfully
Obesity,7,42,10,300,0.0001,50,least_cost,Ranked k-means,Random 50% immutable,α = 1,1.0,1090,2,0,True,,10.0,0.6239060703195503,3.704852702474162,1.8795928373224393,0.8795928373224393,True,4.94909999997617,Optimization terminated successfully
Obesity,7,42,10,300,0.0001,50,least_cost,Ranked k-means,Random 50% immutable,α < 1,0.5697899693643169,1090,2,0,True,,10.0,1.2458961628045615,5.235428882307576,1.3300943966560403,0.33009439665604035,True,4.622300000164614,Optimization terminated successfully
Obesity,7,42,10,300,0.0001,50,least_cost,Ranked k-means,Random 75% immutable,α = 1,1.0,1090,2,0,False,,,,,,,False,53.72429999988526,Positive directional derivative for linesearch
Obesity,7,42,10,300,0.0001,50,least_cost,Ranked k-means,Random 75% immutable,α < 1,0.5697899693643169,1090,2,0,False,,,,,,,False,15.685800000028394,Positive directional derivative for linesearch
Obesity,7,42,10,300,0.0001,50,least_cost,Ranked k-means,All features mutable,α = 1,1.0,1041,6,1,True,,18.0,0.32430939620227567,2.6711058976480255,1.718007878140554,0.7180078781405539,True,13.393600000199513,Optimization terminated successfully
Obesity,7,42,10,300,0.0001,50,least_cost,Ranked k-means,All features mutable,α < 1,0.9549066178381463,1041,6,1,True,,18.0,0.35290437848296885,2.7863769175445943,1.6483274109002637,0.6483274109002637,True,7.4647000001277775,Optimization terminated successfully
Obesity,7,42,10,300,0.0001,50,least_cost,Ranked k-means,Random 25% immutable,α = 1,1.0,1041,6,1,True,,14.0,0.3553485945524735,2.796009492143118,1.5629959777972522,0.5629959777972522,True,6.05889999997089,Optimization terminated successfully
Obesity,7,42,10,300,0.0001,50,least_cost,Ranked k-means,Random 25% immutable,α < 1,0.9549066178381463,1041,6,1,True,,14.0,0.38616517788313914,2.914727073574653,1.5007246319438408,0.5007246319438408,True,5.918999999948937,Optimization terminated successfully
Obesity,7,42,10,300,0.0001,50,least_cost,Ranked k-means,Random 50% immutable,α = 1,1.0,1041,6,1,True,,10.0,0.9635762215047704,4.604202088647385,1.0,0.0,False,5.128699999886521,Optimization terminated successfully
Obesity,7,42,10,300,0.0001,50,least_cost,Ranked k-means,Random 50% immutable,α < 1,0.9549066178381463,1041,6,1,True,,10.0,1.231141522760787,5.204336028806875,1.0,0.0,False,4.801499999985026,Optimization terminated successfully
Obesity,7,42,10,300,0.0001,50,least_cost,Ranked k-means,Random 75% immutable,α = 1,1.0,1041,6,1,False,,,,,,,False,10.371800000029907,Positive directional derivative for linesearch
Obesity,7,42,10,300,0.0001,50,least_cost,Ranked k-means,Random 75% immutable,α < 1,0.9549066178381463,1041,6,1,False,,,,,,,False,7.17039999994995,Positive directional derivative for linesearch
Obesity,7,42,10,300,0.0001,50,least_cost,Ranked k-means,All features mutable,α = 1,1.0,1594,4,0,True,,19.0,0.532581644324668,3.4229805981253674,1.9875674781661803,0.9875674781661803,True,7.3813999999856605,Optimization terminated successfully
Obesity,7,42,10,300,0.0001,50,least_cost,Ranked k-means,All features mutable,α < 1,0.5697899693643169,1594,4,0,True,,19.0,1.0783800526027902,4.8707659723355,1.3967833764664548,0.3967833764664548,True,6.863900000098511,Optimization terminated successfully
Obesity,7,42,10,300,0.0001,50,least_cost,Ranked k-means,Random 25% immutable,α = 1,1.0,1594,4,0,True,,13.0,0.5573444395614082,3.5016535622975296,1.8992599136572044,0.8992599136572044,True,5.836199999976088,Optimization terminated successfully
Obesity,7,42,10,300,0.0001,50,least_cost,Ranked k-means,Random 25% immutable,α < 1,0.5697899693643169,1594,4,0,True,,13.0,1.1285201667328002,4.982714487919371,1.3347243130312556,0.3347243130312556,True,6.570600000031845,Optimization terminated successfully
Obesity,7,42,10,300,0.0001,50,least_cost,Ranked k-means,Random 50% immutable,α = 1,1.0,1594,4,0,False,,,,,,,False,10.006599999996979,Positive directional derivative for linesearch
Obesity,7,42,10,300,0.0001,50,least_cost,Ranked k-means,Random 50% immutable,α < 1,0.5697899693643169,1594,4,0,False,,,,,,,False,5.333500000006097,Positive directional derivative for linesearch
Obesity,7,42,10,300,0.0001,50,least_cost,Ranked k-means,Random 75% immutable,α = 1,1.0,1594,4,0,True,,5.0,3.7140657666083534,9.039327788358145,1.0,0.0,False,3.7205000000994914,Optimization terminated successfully
Obesity,7,42,10,300,0.0001,50,least_cost,Ranked k-means,Random 75% immutable,α < 1,0.5697899693643169,1594,4,0,True,,5.0,8.2632206618053,13.482983889322,1.0000000000000007,6.661338147750939e-16,True,3.6758999999619846,Optimization terminated successfully
Obesity,7,42,10,300,0.0001,50,least_cost,Ranked k-means,All features mutable,α = 1,1.0,417,2,1,True,,14.0,0.1603430469671836,1.8781765181361518,2.4020689039959016,1.4020689039959016,True,7.84879999991972,Optimization terminated successfully
Obesity,7,42,10,300,0.0001,50,least_cost,Ranked k-means,All features mutable,α < 1,0.9549066178381463,417,2,1,True,,14.0,0.17894330770938327,1.9841251900035017,2.2738027992644256,1.2738027992644256,True,7.51100000002225,Optimization terminated successfully
Obesity,7,42,10,300,0.0001,50,least_cost,Ranked k-means,Random 25% immutable,α = 1,1.0,417,2,1,True,,10.0,0.2734550808576326,2.4527559558317082,1.378660661930469,0.3786606619304691,True,6.227300000091418,Optimization terminated successfully
Obesity,7,42,10,300,0.0001,50,least_cost,Ranked k-means,Random 25% immutable,α < 1,0.9549066178381463,417,2,1,True,,10.0,0.30610201083836736,2.59504224213096,1.299249782594124,0.29924978259412405,True,6.1906000000817585,Optimization terminated successfully
Obesity,7,42,10,300,0.0001,50,least_cost,Ranked k-means,Random 50% immutable,α = 1,1.0,417,2,1,False,,,,,,,False,5.333100000143531,Positive directional derivative for linesearch
Obesity,7,42,10,300,0.0001,50,least_cost,Ranked k-means,Random 50% immutable,α < 1,0.9549066178381463,417,2,1,False,,,,,,,False,13.976699999830089,Positive directional derivative for linesearch
Obesity,7,42,10,300,0.0001,50,least_cost,Ranked k-means,Random 75% immutable,α = 1,1.0,417,2,1,False,,,,,,,False,8.78340000008393,Positive directional derivative for linesearch
Obesity,7,42,10,300,0.0001,50,least_cost,Ranked k-means,Random 75% immutable,α < 1,0.9549066178381463,417,2,1,False,,,,,,,False,16.194899999845802,Positive directional derivative for linesearch
Obesity,7,42,10,300,0.0001,50,least_cost,Ranked k-means,All features mutable,α = 1,1.0,1746,4,5,True,,17.0,2.399674137206207,7.265867533786764,1.9819030250395882,0.9819030250395882,True,7.270899999866742,Optimization terminated successfully
Obesity,7,42,10,300,0.0001,50,least_cost,Ranked k-means,All features mutable,α < 1,0.09132005349365606,1746,4,5,True,,17.0,8.688391243826187,13.825505682042017,1.0393843020799898,0.039384302079989775,True,7.562400000097114,Optimization terminated successfully
Obesity,7,42,10,300,0.0001,50,least_cost,Ranked k-means,Random 25% immutable,α = 1,1.0,1746,4,5,True,,12.0,2.473343538690391,7.376554605721331,1.922871353136365,0.922871353136365,True,6.703099999867845,Optimization terminated successfully
Obesity,7,42,10,300,0.0001,50,least_cost,Ranked k-means,Random 25% immutable,α < 1,0.09132005349365606,1746,4,5,True,,12.0,8.953736428200925,14.035034785151776,1.0106256006148329,0.010625600614832864,True,6.256200000052559,Optimization terminated successfully
Obesity,7,42,10,300,0.0001,50,least_cost,Ranked k-means,Random 50% immutable,α = 1,1.0,1746,4,5,True,,9.0,2.5206399879706565,7.446749608745714,1.8867912306157706,0.8867912306157706,True,4.717300000038449,Optimization terminated successfully
Obesity,7,42,10,300,0.0001,50,least_cost,Ranked k-means,Random 50% immutable,α < 1,0.09132005349365606,1746,4,5,True,,9.0,9.161221758770475,14.196720702082944,1.000000000000001,1.1102230246251565e-15,True,4.867800000056377,Optimization terminated successfully
Obesity,7,42,10,300,0.0001,50,least_cost,Ranked k-means,Random 75% immutable,α = 1,1.0,1746,4,5,True,,4.0,2.5457005863753297,7.4836764294200515,1.8682171200545772,0.8682171200545772,True,4.000399999995352,Optimization terminated successfully
Obesity,7,42,10,300,0.0001,50,least_cost,Ranked k-means,Random 75% immutable,α < 1,0.09132005349365606,1746,4,5,True,,4.0,9.4631362652953,14.42875593516283,1.000000000000001,1.1102230246251565e-15,True,3.9504999999735446,Optimization terminated successfully
Obesity,7,42,10,300,0.0001,50,least_cost,Ranked k-means,All features mutable,α = 1,1.0,1161,2,1,True,,16.0,0.2369792316725509,2.2833184396391406,2.0351623576154356,1.0351623576154356,True,7.926300000008268,Optimization terminated successfully
Obesity,7,42,10,300,0.0001,50,least_cost,Ranked k-means,All features mutable,α < 1,0.9549066178381463,1161,2,1,True,,16.0,0.25881152565463506,2.386179700777368,1.9474324301176495,0.9474324301176495,True,7.852400000047055,Optimization terminated successfully
Obesity,7,42,10,300,0.0001,50,least_cost,Ranked k-means,Random 25% immutable,α = 1,1.0,1161,2,1,True,,12.0,0.25662773221102797,2.3760913510727266,1.8793417536092807,0.8793417536092807,True,6.225599999879705,Optimization terminated successfully
Obesity,7,42,10,300,0.0001,50,least_cost,Ranked k-means,Random 25% immutable,α < 1,0.9549066178381463,1161,2,1,True,,12.0,0.28027019258210584,2.4831319410789128,1.7983288097106873,0.7983288097106873,True,5.822799999805284,Optimization terminated successfully
Obesity,7,42,10,300,0.0001,50,least_cost,Ranked k-means,Random 50% immutable,α = 1,1.0,1161,2,1,True,,10.0,0.5872737394441453,3.594443248650783,1.0,0.0,False,4.791599999862228,Optimization terminated successfully
Obesity,7,42,10,300,0.0001,50,least_cost,Ranked k-means,Random 50% immutable,α < 1,0.9549066178381463,1161,2,1,True,,10.0,0.6663377639196761,3.828763613261189,1.0000000000000002,2.220446049250313e-16,True,4.499800000075993,Optimization terminated successfully
Obesity,7,42,10,300,0.0001,50,least_cost,Ranked k-means,Random 75% immutable,α = 1,1.0,1161,2,1,True,,5.0,0.27426928006322104,2.4564047226364925,1.7584587340235753,0.7584587340235753,True,3.8836999999602995,Optimization terminated successfully
Obesity,7,42,10,300,0.0001,50,least_cost,Ranked k-means,Random 75% immutable,α < 1,0.9549066178381463,1161,2,1,True,,5.0,0.2995370113759329,2.5670633514330192,1.6826567010823363,0.6826567010823363,True,4.313700000011522,Optimization terminated successfully
Obesity,7,42,10,300,0.0001,50,least_cost,Ranked k-means,All features mutable,α = 1,1.0,1718,4,0,True,,19.0,0.5081652386244567,3.3435961553001654,2.0347567498078454,1.0347567498078454,True,7.593900000074427,Optimization terminated successfully
Obesity,7,42,10,300,0.0001,50,least_cost,Ranked k-means,All features mutable,α < 1,0.5697899693643169,1718,4,0,True,,19.0,1.0466403633934376,4.798550613951637,1.555520782926279,0.5555207829262789,True,7.667900000114969,Optimization terminated successfully
Obesity,7,42,10,300,0.0001,50,least_cost,Ranked k-means,Random 25% immutable,α = 1,1.0,1718,4,0,True,,14.0,0.5183625762560503,3.376977447012803,2.1686394996874587,1.1686394996874587,True,5.74030000007042,Optimization terminated successfully
Obesity,7,42,10,300,0.0001,50,least_cost,Ranked k-means,Random 25% immutable,α < 1,0.5697899693643169,1718,4,0,True,,14.0,1.0755838798834505,4.864447076229313,1.484142022741103,0.4841420227411031,True,5.904199999804405,Optimization terminated successfully
Obesity,7,42,10,300,0.0001,50,least_cost,Ranked k-means,Random 50% immutable,α = 1,1.0,1718,4,0,False,,,,,,,False,30.864600000086284,Positive directional derivative for linesearch
Obesity,7,42,10,300,0.0001,50,least_cost,Ranked k-means,Random 50% immutable,α < 1,0.5697899693643169,1718,4,0,False,,,,,,,False,3.548399999999674,Positive directional derivative for linesearch
Obesity,7,42,10,300,0.0001,50,least_cost,Ranked k-means,Random 75% immutable,α = 1,1.0,1718,4,0,True,,4.0,0.7418489725527005,4.039885814742715,1.5515697596963256,0.5515697596963256,True,3.905799999984083,Optimization terminated successfully
Obesity,7,42,10,300,0.0001,50,least_cost,Ranked k-means,Random 75% immutable,α < 1,0.5697899693643169,1718,4,0,True,,4.0,1.5233839438285481,5.789166327220877,1.0827404691372386,0.08274046913723865,True,4.509099999950195,Optimization terminated successfully
Obesity,7,42,10,300,0.0001,50,least_cost,Ranked k-means,All features mutable,α = 1,1.0,347,0,4,True,,9.0,0.3718069550011185,2.8600267498792045,2.143466769623436,1.1434667696234362,True,7.514099999980317,Optimization terminated successfully
Obesity,7,42,10,300,0.0001,50,least_cost,Ranked k-means,All features mutable,α < 1,0.9556192526905325,347,0,4,True,,9.0,0.41615157687421805,3.025778361220927,2.0260480160805203,1.0260480160805203,True,7.519900000033886,Optimization terminated successfully
Obesity,7,42,10,300,0.0001,50,least_cost,Ranked k-means,Random 25% immutable,α = 1,1.0,347,0,4,True,,7.0,0.3803452489194928,2.8926796359481015,2.0953484956828317,1.0953484956828317,True,5.836000000044805,Optimization terminated successfully
Obesity,7,42,10,300,0.0001,50,least_cost,Ranked k-means,Random 25% immutable,α < 1,0.9556192526905325,347,0,4,True,,7.0,0.4257082148826071,3.0603236311569004,1.9805656756517778,0.9805656756517778,True,6.165000000009968,Optimization terminated successfully
Obesity,7,42,10,300,0.0001,50,least_cost,Ranked k-means,Random 50% immutable,α = 1,1.0,347,0,4,False,,,,,,,False,3.680100000110542,Positive directional derivative for linesearch
Obesity,7,42,10,300,0.0001,50,least_cost,Ranked k-means,Random 50% immutable,α < 1,0.9556192526905325,347,0,4,False,,,,,,,False,147.2400000000107,Positive directional derivative for linesearch
Obesity,7,42,10,300,0.0001,50,least_cost,Ranked k-means,Random 75% immutable,α = 1,1.0,347,0,4,False,,,,,,,False,13.875399999960791,Positive directional derivative for linesearch
Obesity,7,42,10,300,0.0001,50,least_cost,Ranked k-means,Random 75% immutable,α < 1,0.9556192526905325,347,0,4,False,,,,,,,False,58.8626999999633,Positive directional derivative for linesearch
Obesity,7,42,10,300,0.0001,50,least_cost,Ranked k-means,All features mutable,α = 1,1.0,1442,6,4,True,,11.0,0.022913556676915303,0.7099987654159243,4.336732112588139,3.3367321125881393,True,4.680000000007567,Optimization terminated successfully
Obesity,7,42,10,300,0.0001,50,least_cost,Ranked k-means,All features mutable,α < 1,0.9556192526905325,1442,6,4,True,,11.0,0.027906089202539,0.7835393815602749,3.929699668063843,2.929699668063843,True,6.206600000041362,Optimization terminated successfully
Obesity,7,42,10,300,0.0001,50,least_cost,Ranked k-means,Random 25% immutable,α = 1,1.0,1442,6,4,True,,7.0,0.03801082598843646,0.9144605905918538,2.614254054916561,1.614254054916561,True,4.779299999881914,Optimization terminated successfully
Obesity,7,42,10,300,0.0001,50,least_cost,Ranked k-means,Random 25% immutable,α < 1,0.9556192526905325,1442,6,4,True,,7.0,0.046292836017635404,1.0091790685443187,2.3688881204142116,1.3688881204142116,True,4.058100000065679,Optimization terminated successfully
Obesity,7,42,10,300,0.0001,50,least_cost,Ranked k-means,Random 50% immutable,α = 1,1.0,1442,6,4,True,,6.0,0.4981213245564259,3.31038806490136,1.2010544538599244,0.20105445385992438,True,4.828699999961827,Optimization terminated successfully
Obesity,7,42,10,300,0.0001,50,least_cost,Ranked k-means,Random 50% immutable,α < 1,0.9556192526905325,1442,6,4,True,,6.0,0.606654767291641,3.6532731735275563,1.0883271442941573,0.08832714429415733,True,5.104600000095161,Optimization terminated successfully
Obesity,7,42,10,300,0.0001,50,least_cost,Ranked k-means,Random 75% immutable,α = 1,1.0,1442,6,4,True,,4.0,0.059190866016145344,1.141139365877454,1.7854210235291514,0.7854210235291514,True,3.7791999998262327,Optimization terminated successfully
Obesity,7,42,10,300,0.0001,50,least_cost,Ranked k-means,Random 75% immutable,α < 1,0.9556192526905325,1442,6,4,True,,4.0,0.07208770088450156,1.2593368967274143,1.6178468369206236,0.6178468369206236,True,3.564599999890561,Optimization terminated successfully
Obesity,7,42,10,300,0.0001,50,least_cost,Ranked k-means,All features mutable,α = 1,1.0,1861,4,3,True,,18.0,0.7407302701881124,4.036838607640696,1.0,0.0,False,6.764900000007401,Optimization terminated successfully
Obesity,7,42,10,300,0.0001,50,least_cost,Ranked k-means,All features mutable,α < 1,0.9095151899524359,1861,4,3,True,,18.0,0.8705696428321973,4.376360604692938,1.0,0.0,False,7.424099999980172,Optimization terminated successfully
Obesity,7,42,10,300,0.0001,50,least_cost,Ranked k-means,Random 25% immutable,α = 1,1.0,1861,4,3,True,,13.0,0.7617728595206522,4.093776118628661,1.0,0.0,False,6.312400000069829,Optimization terminated successfully
Obesity,7,42,10,300,0.0001,50,least_cost,Ranked k-means,Random 25% immutable,α < 1,0.9095151899524359,1861,4,3,True,,13.0,0.8953253173362757,4.438147922433194,1.0,0.0,False,6.570500000179891,Optimization terminated successfully
Obesity,7,42,10,300,0.0001,50,least_cost,Ranked k-means,Random 50% immutable,α = 1,1.0,1861,4,3,False,,,,,,,False,31.401599999981045,Positive directional derivative for linesearch
Obesity,7,42,10,300,0.0001,50,least_cost,Ranked k-means,Random 50% immutable,α < 1,0.9095151899524359,1861,4,3,False,,,,,,,False,43.8778000000184,Positive directional derivative for linesearch
Obesity,7,42,10,300,0.0001,50,least_cost,Ranked k-means,Random 75% immutable,α = 1,1.0,1861,4,3,True,,6.0,0.9194651318225627,4.497580783053972,1.4945218564440743,0.4945218564440743,True,3.8050999999086343,Optimization terminated successfully
Obesity,7,42,10,300,0.0001,50,least_cost,Ranked k-means,Random 75% immutable,α < 1,0.9095151899524359,1861,4,3,True,,6.0,1.0803431541124475,4.875197369386581,1.3787611366988606,0.3787611366988606,True,3.5276000000976637,Optimization terminated successfully
Obesity,7,42,10,300,0.0001,50,least_cost,Ranked k-means,All features mutable,α = 1,1.0,1883,4,3,True,,18.0,0.6632036388008329,3.8197486898509863,1.0262935411176295,0.026293541117629493,True,7.381099999975049,Optimization terminated successfully
Obesity,7,42,10,300,0.0001,50,least_cost,Ranked k-means,All features mutable,α < 1,0.9095151899524359,1883,4,3,True,,18.0,0.7861244557193329,4.158694269338072,1.0,0.0,False,7.1444999998675485,Optimization terminated successfully
Obesity,7,42,10,300,0.0001,50,least_cost,Ranked k-means,Random 25% immutable,α = 1,1.0,1883,4,3,True,,13.0,0.7832153011306506,4.150992245821993,1.0,0.0,False,5.818999999974039,Optimization terminated successfully
Obesity,7,42,10,300,0.0001,50,least_cost,Ranked k-means,Random 25% immutable,α < 1,0.9095151899524359,1883,4,3,True,,13.0,0.9286072152527526,4.519884814412924,1.0,0.0,False,5.962299999964671,Optimization terminated successfully
Obesity,7,42,10,300,0.0001,50,least_cost,Ranked k-means,Random 50% immutable,α = 1,1.0,1883,4,3,True,,10.0,0.8240547245283634,4.257840290525702,1.5781411822071976,0.5781411822071976,True,5.206400000133726,Optimization terminated successfully
Obesity,7,42,10,300,0.0001,50,least_cost,Ranked k-means,Random 50% immutable,α < 1,0.9095151899524359,1883,4,3,True,,10.0,0.9767562590746749,4.63558385747069,1.4495419150926663,0.4495419150926663,True,4.893999999922016,Optimization terminated successfully
Obesity,7,42,10,300,0.0001,50,least_cost,Ranked k-means,Random 75% immutable,α = 1,1.0,1883,4,3,False,,,,,,,False,8.053900000049907,Positive directional derivative for linesearch
Obesity,7,42,10,300,0.0001,50,least_cost,Ranked k-means,Random 75% immutable,α < 1,0.9095151899524359,1883,4,3,False,,,,,,,False,13.095900000053007,Positive directional derivative for linesearch
Obesity,7,42,10,300,0.0001,50,least_cost,Ranked k-means,All features mutable,α = 1,1.0,906,4,1,True,,18.0,0.25259444838530565,2.3573455123245566,1.974617361250815,0.9746173612508151,True,7.382199999938166,Optimization terminated successfully
Obesity,7,42,10,300,0.0001,50,least_cost,Ranked k-means,All features mutable,α < 1,0.9549066178381463,906,4,1,True,,18.0,0.2751716829317674,2.4604424448661426,1.8918773940764968,0.8918773940764968,True,6.781900000078167,Optimization terminated successfully
Obesity,7,42,10,300,0.0001,50,least_cost,Ranked k-means,Random 25% immutable,α = 1,1.0,906,4,1,True,,12.0,0.29014736619522613,2.5265078777425125,1.7190484653478246,0.7190484653478246,True,6.259999999883803,Optimization terminated successfully
Obesity,7,42,10,300,0.0001,50,least_cost,Ranked k-means,Random 25% immutable,α < 1,0.9549066178381463,906,4,1,True,,12.0,0.3160811314917422,2.6370030134260993,1.6470172769023999,0.6470172769023999,True,5.6292000001576525,Optimization terminated successfully
Obesity,7,42,10,300,0.0001,50,least_cost,Ranked k-means,Random 50% immutable,α = 1,1.0,906,4,1,True,,8.0,0.31808359787014034,2.645342917873425,1.5680701138668094,0.5680701138668094,True,3.216500000007727,Optimization terminated successfully
Obesity,7,42,10,300,0.0001,50,least_cost,Ranked k-means,Random 50% immutable,α < 1,0.9549066178381463,906,4,1,True,,8.0,0.3465143414609171,2.761035224719195,1.5023652025532268,0.5023652025532268,True,4.704299999957584,Optimization terminated successfully
Obesity,7,42,10,300,0.0001,50,least_cost,Ranked k-means,Random 75% immutable,α = 1,1.0,906,4,1,False,,,,,,,False,3.6182000001190318,Positive directional derivative for linesearch
Obesity,7,42,10,300,0.0001,50,least_cost,Ranked k-means,Random 75% immutable,α < 1,0.9549066178381463,906,4,1,False,,,,,,,False,5.662400000119305,Positive directional derivative for linesearch
Obesity,7,42,10,300,0.0001,50,least_cost,Ranked k-means,All features mutable,α = 1,1.0,192,4,0,True,,15.0,0.14569820212923784,1.790352045504803,3.8644401913983297,2.8644401913983297,True,5.036300000028859,Optimization terminated successfully
Obesity,7,42,10,300,0.0001,50,least_cost,Ranked k-means,All features mutable,α < 1,0.5697899693643169,192,4,0,True,,15.0,0.5178027386185121,3.375153366827538,2.0498945160814666,1.0498945160814666,True,6.844200000159617,Optimization terminated successfully
Obesity,7,42,10,300,0.0001,50,least_cost,Ranked k-means,Random 25% immutable,α = 1,1.0,192,4,0,True,,10.0,0.1526737718901429,1.8327091917658795,3.6878763292262686,2.6878763292262686,True,6.135099999937665,Optimization terminated successfully
Obesity,7,42,10,300,0.0001,50,least_cost,Ranked k-means,Random 25% immutable,α < 1,0.5697899693643169,192,4,0,True,,10.0,0.5425934983728228,3.4550046257859193,1.9562361158488721,0.9562361158488721,True,6.108199999971475,Optimization terminated successfully
Obesity,7,42,10,300,0.0001,50,least_cost,Ranked k-means,Random 50% immutable,α = 1,1.0,192,4,0,True,,9.0,0.9224939691851384,4.5049824996411525,1.3570477755646702,0.35704777556467016,True,5.320299999993949,Optimization terminated successfully
Obesity,7,42,10,300,0.0001,50,least_cost,Ranked k-means,Random 50% immutable,α < 1,0.5697899693643169,192,4,0,True,,9.0,3.6881526394133464,9.007738787681047,1.057883560424591,0.057883560424591085,True,5.258200000071156,Optimization terminated successfully
Obesity,7,42,10,300,0.0001,50,least_cost,Ranked k-means,Random 75% immutable,α = 1,1.0,192,4,0,False,,,,,,,False,7.499499999994441,Positive directional derivative for linesearch
Obesity,7,42,10,300,0.0001,50,least_cost,Ranked k-means,Random 75% immutable,α < 1,0.5697899693643169,192,4,0,False,,,,,,,False,4.2218000000957545,Positive directional derivative for linesearch
Obesity,7,42,10,300,0.0001,50,least_cost,Ranked k-means,All features mutable,α = 1,1.0,1774,4,2,True,,14.0,0.12256169804064053,1.6420588774139897,1.8905859831202798,0.8905859831202798,True,7.805399999824658,Optimization terminated successfully
Obesity,7,42,10,300,0.0001,50,least_cost,Ranked k-means,All features mutable,α < 1,0.9865689209591888,1774,4,2,True,,14.0,0.12572050570798382,1.6630848221229257,1.8666838004493396,0.8666838004493396,True,6.861999999955515,Optimization terminated successfully
Obesity,7,42,10,300,0.0001,50,least_cost,Ranked k-means,Random 25% immutable,α = 1,1.0,1774,4,2,True,,11.0,0.22645089950208308,2.2320214580164386,1.023239166275104,0.023239166275103917,True,5.739100000027975,Optimization terminated successfully
Obesity,7,42,10,300,0.0001,50,least_cost,Ranked k-means,Random 25% immutable,α < 1,0.9865689209591888,1774,4,2,True,,11.0,0.23228726477002165,2.260601651096556,1.0103026217694204,0.010302621769420428,True,5.725900000015827,Optimization terminated successfully
Obesity,7,42,10,300,0.0001,50,least_cost,Ranked k-means,Random 50% immutable,α = 1,1.0,1774,4,2,False,,,,,,,False,3.5731000000396307,Positive directional derivative for linesearch
Obesity,7,42,10,300,0.0001,50,least_cost,Ranked k-means,Random 50% immutable,α < 1,0.9865689209591888,1774,4,2,False,,,,,,,False,32.45739999988473,Positive directional derivative for linesearch
Obesity,7,42,10,300,0.0001,50,least_cost,Ranked k-means,Random 75% immutable,α = 1,1.0,1774,4,2,True,,4.0,0.13190433357396597,1.7034950362790175,1.756677909201484,0.7566779092014839,True,3.9047000000209664,Optimization terminated successfully
Obesity,7,42,10,300,0.0001,50,least_cost,Ranked k-means,Random 75% immutable,α < 1,0.9865689209591888,1774,4,2,True,,4.0,0.13530393089441983,1.725307647834796,1.7344686899282549,0.7344686899282549,True,3.962799999953859,Optimization terminated successfully
Obesity,7,42,10,300,0.0001,50,least_cost,Ranked k-means,All features mutable,α = 1,1.0,1932,4,6,True,,15.0,0.07669702146299495,1.2989743924288457,2.4812287356046157,1.4812287356046157,True,6.988899999896603,Optimization terminated successfully
Obesity,7,42,10,300,0.0001,50,least_cost,Ranked k-means,All features mutable,α < 1,0.9912793114617909,1932,4,6,True,,15.0,0.07833589662061381,1.3127793895599915,2.4551364742234902,1.4551364742234902,True,6.42880000009427,Optimization terminated successfully
Obesity,7,42,10,300,0.0001,50,least_cost,Ranked k-means,Random 25% immutable,α = 1,1.0,1932,4,6,True,,11.0,0.12323247197765261,1.6465461984130167,1.544258996881163,0.5442589968811631,True,6.061799999997675,Optimization terminated successfully
Obesity,7,42,10,300,0.0001,50,least_cost,Ranked k-means,Random 25% immutable,α < 1,0.9912793114617909,1932,4,6,True,,11.0,0.1258657243301124,1.6640450520531205,1.5280197957095958,0.5280197957095958,True,6.40520000001743,Optimization terminated successfully
Obesity,7,42,10,300,0.0001,50,least_cost,Ranked k-means,Random 50% immutable,α = 1,1.0,1932,4,6,False,,,,,,,False,15.0916000000052,Positive directional derivative for linesearch
Obesity,7,42,10,300,0.0001,50,least_cost,Ranked k-means,Random 50% immutable,α < 1,0.9912793114617909,1932,4,6,False,,,,,,,False,8.270000000038635,Positive directional derivative for linesearch
Obesity,7,42,10,300,0.0001,50,least_cost,Ranked k-means,Random 75% immutable,α = 1,1.0,1932,4,6,True,,4.0,0.21223389016807903,2.160820581098241,2.605037360599526,1.605037360599526,True,4.034600000068167,Optimization terminated successfully
Obesity,7,42,10,300,0.0001,50,least_cost,Ranked k-means,Random 75% immutable,α < 1,0.9912793114617909,1932,4,6,True,,4.0,0.21676893991258256,2.1837849431839245,2.577643170852677,1.577643170852677,True,4.02869999993527,Optimization terminated successfully
Obesity,7,42,10,300,0.0001,50,least_cost,Ranked k-means,All features mutable,α = 1,1.0,1327,6,2,True,,14.0,0.17692210996250093,1.9728878374542789,2.330688977244556,1.3306889772445558,True,5.521199999975579,Optimization terminated successfully
Obesity,7,42,10,300,0.0001,50,least_cost,Ranked k-means,All features mutable,α < 1,0.9865689209591888,1327,6,2,True,,14.0,0.18148351305075028,1.998158473974601,2.2946797545973707,1.2946797545973707,True,4.994500000066182,Optimization terminated successfully
Obesity,7,42,10,300,0.0001,50,least_cost,Ranked k-means,Random 25% immutable,α = 1,1.0,1327,6,2,True,,8.0,1.160891675484553,5.053673600526667,1.0,0.0,False,5.764600000020437,Optimization terminated successfully
Obesity,7,42,10,300,0.0001,50,least_cost,Ranked k-means,Random 25% immutable,α < 1,0.9865689209591888,1327,6,2,True,,8.0,1.1982450783757188,5.134334594109135,1.0,0.0,False,6.197400000019115,Optimization terminated successfully
Obesity,7,42,10,300,0.0001,50,least_cost,Ranked k-means,Random 50% immutable,α = 1,1.0,1327,6,2,True,,9.0,0.2612620217987006,2.397449578108247,1.1709671881357204,0.17096718813572043,True,4.817000000002736,Optimization terminated successfully
Obesity,7,42,10,300,0.0001,50,least_cost,Ranked k-means,Random 50% immutable,α < 1,0.9865689209591888,1327,6,2,True,,9.0,0.2684856679893605,2.4303671936079803,1.1526921191054162,0.15269211910541625,True,5.080099999986487,Optimization terminated successfully
Obesity,7,42,10,300,0.0001,50,least_cost,Ranked k-means,Random 75% immutable,α = 1,1.0,1327,6,2,False,,,,,,,False,19.772599999896556,Positive directional derivative for linesearch
Obesity,7,42,10,300,0.0001,50,least_cost,Ranked k-means,Random 75% immutable,α < 1,0.9865689209591888,1327,6,2,False,,,,,,,False,49.348600000030274,Positive directional derivative for linesearch
Obesity,7,42,10,300,0.0001,50,least_cost,Ranked k-means,All features mutable,α = 1,1.0,1351,6,4,True,,11.0,0.20271867876357147,2.111826444762583,1.4567434608835979,0.45674346088359785,True,7.983700000067984,Optimization terminated successfully
Obesity,7,42,10,300,0.0001,50,least_cost,Ranked k-means,All features mutable,α < 1,0.9556192526905325,1351,6,4,True,,11.0,0.21709589885462743,2.185431256022894,1.4076806842883172,0.40768068428831716,True,7.745499999828098,Optimization terminated successfully
Obesity,7,42,10,300,0.0001,50,least_cost,Ranked k-means,Random 25% immutable,α = 1,1.0,1351,6,4,True,,8.0,0.4889295007873179,3.2797025806193147,1.262636813460222,0.26263681346022194,True,6.05360000008659,Optimization terminated successfully
Obesity,7,42,10,300,0.0001,50,least_cost,Ranked k-means,Random 25% immutable,α < 1,0.9556192526905325,1351,6,4,True,,8.0,0.5236053732066897,3.3940121111373736,1.2201115020339461,0.22011150203394614,True,6.211899999925663,Optimization terminated successfully
Obesity,7,42,10,300,0.0001,50,least_cost,Ranked k-means,Random 50% immutable,α = 1,1.0,1351,6,4,True,,4.0,0.49837146893644985,3.3112191586486532,1.0000000000000009,8.881784197001252e-16,True,5.009199999904013,Optimization terminated successfully
Obesity,7,42,10,300,0.0001,50,least_cost,Ranked k-means,Random 50% immutable,α < 1,0.9556192526905325,1351,6,4,True,,4.0,0.6059263857994497,3.651079359256368,1.000000000000001,1.1102230246251565e-15,True,4.687800000056086,Optimization terminated successfully
Obesity,7,42,10,300,0.0001,50,least_cost,Ranked k-means,Random 75% immutable,α = 1,1.0,1351,6,4,False,,,,,,,False,4.735999999866181,Positive directional derivative for linesearch
Obesity,7,42,10,300,0.0001,50,least_cost,Ranked k-means,Random 75% immutable,α < 1,0.9556192526905325,1351,6,4,False,,,,,,,False,109.7004000000652,Positive directional derivative for linesearch
Obesity,7,42,10,300,0.0001,50,least_cost,Ranked k-means,All features mutable,α = 1,1.0,1525,6,2,True,,16.0,0.1921591439862624,2.0560888034561575,1.825064945322501,0.825064945322501,True,8.011899999928573,Optimization terminated successfully
Obesity,7,42,10,300,0.0001,50,least_cost,Ranked k-means,All features mutable,α < 1,0.9865689209591888,1525,6,2,True,,16.0,0.19702616366777415,2.0819643610520884,1.8026064364712497,0.8026064364712497,True,7.655200000044715,Optimization terminated successfully
Obesity,7,42,10,300,0.0001,50,least_cost,Ranked k-means,Random 25% immutable,α = 1,1.0,1525,6,2,True,,13.0,0.1954391973812667,2.0735627172545006,1.7812967291790287,0.7812967291790287,True,5.998399999953108,Optimization terminated successfully
Obesity,7,42,10,300,0.0001,50,least_cost,Ranked k-means,Random 25% immutable,α < 1,0.9865689209591888,1525,6,2,True,,13.0,0.20038849253820706,2.099653980026365,1.7593797591567701,0.7593797591567701,True,6.331300000056217,Optimization terminated successfully
Obesity,7,42,10,300,0.0001,50,least_cost,Ranked k-means,Random 50% immutable,α = 1,1.0,1525,6,2,True,,6.0,0.3767741194141836,2.8790676662961636,1.0,0.0,False,4.7766000000137865,Optimization terminated successfully
Obesity,7,42,10,300,0.0001,50,least_cost,Ranked k-means,Random 50% immutable,α < 1,0.9865689209591888,1525,6,2,True,,6.0,0.3887546776569937,2.924483357527251,1.0,0.0,False,5.277599999999438,Optimization terminated successfully
Obesity,7,42,10,300,0.0001,50,least_cost,Ranked k-means,Random 75% immutable,α = 1,1.0,1525,6,2,True,,5.0,0.5870628730920437,3.59379788079755,1.0,0.0,False,3.873500000054264,Optimization terminated successfully
Obesity,7,42,10,300,0.0001,50,least_cost,Ranked k-means,Random 75% immutable,α < 1,0.9865689209591888,1525,6,2,True,,5.0,0.6370402854146839,3.743646120979258,1.0,0.0,False,4.14279999995415,Optimization terminated successfully
Obesity,7,42,10,300,0.0001,50,least_cost,Ranked k-means,All features mutable,α = 1,1.0,942,6,2,True,,15.0,0.1711317897297557,1.9403348613202374,2.3855495419960966,1.3855495419960966,True,8.961200000157987,Optimization terminated successfully
Obesity,7,42,10,300,0.0001,50,least_cost,Ranked k-means,All features mutable,α < 1,0.9865689209591888,942,6,2,True,,15.0,0.17561141349201853,1.9655663552331188,2.3479468997620674,1.3479468997620674,True,7.2339999999258,Optimization terminated successfully
Obesity,7,42,10,300,0.0001,50,least_cost,Ranked k-means,Random 25% immutable,α = 1,1.0,942,6,2,True,,10.0,0.2454518574053166,2.3237772834152945,1.2478336931725036,0.2478336931725036,True,6.309399999963716,Optimization terminated successfully
Obesity,7,42,10,300,0.0001,50,least_cost,Ranked k-means,Random 25% immutable,α < 1,0.9865689209591888,942,6,2,True,,10.0,0.2523770084392085,2.356330661359434,1.2279606989566558,0.22796069895665583,True,6.001100000048609,Optimization terminated successfully
Obesity,7,42,10,300,0.0001,50,least_cost,Ranked k-means,Random 50% immutable,α = 1,1.0,942,6,2,True,,8.0,0.36430906561604964,2.831042112642108,1.0721984467964254,0.0721984467964254,True,4.639499999939289,Optimization terminated successfully
Obesity,7,42,10,300,0.0001,50,least_cost,Ranked k-means,Random 50% immutable,α < 1,0.9865689209591888,942,6,2,True,,8.0,0.37394021035497793,2.8682197663027,1.055613380271974,0.055613380271974044,True,4.772999999886451,Optimization terminated successfully
Obesity,7,42,10,300,0.0001,50,least_cost,Ranked k-means,Random 75% immutable,α = 1,1.0,942,6,2,True,,5.0,0.3577171589468875,2.805312370633888,1.1006531733245408,0.10065317332454082,True,4.023200000119687,Optimization terminated successfully
Obesity,7,42,10,300,0.0001,50,least_cost,Ranked k-means,Random 75% immutable,α < 1,0.9865689209591888,942,6,2,True,,5.0,0.3669023800342829,2.841100554495427,1.0894562321359809,0.08945623213598086,True,4.554399999960879,Optimization terminated successfully
Obesity,7,42,10,300,0.0001,50,least_cost,Ranked k-means,All features mutable,α = 1,1.0,2022,4,3,True,,18.0,0.7659650547063461,4.1050251160668445,1.8246265389263052,0.8246265389263052,True,7.003700000041135,Optimization terminated successfully
Obesity,7,42,10,300,0.0001,50,least_cost,Ranked k-means,All features mutable,α < 1,0.9095151899524359,2022,4,3,True,,18.0,0.897648583493214,4.44390243331812,1.6854865602603575,0.6854865602603575,True,7.703500000161512,Optimization terminated successfully
Obesity,7,42,10,300,0.0001,50,least_cost,Ranked k-means,Random 25% immutable,α = 1,1.0,2022,4,3,False,,,,,,,False,92.85350000004655,Positive directional derivative for linesearch
Obesity,7,42,10,300,0.0001,50,least_cost,Ranked k-means,Random 25% immutable,α < 1,0.9095151899524359,2022,4,3,False,,,,,,,False,20.574299999907453,Positive directional derivative for linesearch
Obesity,7,42,10,300,0.0001,50,least_cost,Ranked k-means,Random 50% immutable,α = 1,1.0,2022,4,3,False,,,,,,,False,3.9993000000322354,Positive directional derivative for linesearch
Obesity,7,42,10,300,0.0001,50,least_cost,Ranked k-means,Random 50% immutable,α < 1,0.9095151899524359,2022,4,3,False,,,,,,,False,5.962900000213267,Positive directional derivative for linesearch
Obesity,7,42,10,300,0.0001,50,least_cost,Ranked k-means,Random 75% immutable,α = 1,1.0,2022,4,3,True,,6.0,0.9635995089212376,4.604257724787702,1.450395254036758,0.45039525403675795,True,3.7769999998999992,Optimization terminated successfully
Obesity,7,42,10,300,0.0001,50,least_cost,Ranked k-means,Random 75% immutable,α < 1,0.9095151899524359,2022,4,3,True,,6.0,1.1292600477309243,4.98434760526193,1.3397929037597407,0.3397929037597407,True,3.744000000097003,Optimization terminated successfully
Obesity,7,42,10,300,0.0001,50,least_cost,Ranked k-means,All features mutable,α = 1,1.0,1489,6,5,True,,15.0,2.3950899901200673,7.2589241477399025,1.9556966229031219,0.9556966229031219,True,7.166200000028766,Optimization terminated successfully
Obesity,7,42,10,300,0.0001,50,least_cost,Ranked k-means,All features mutable,α < 1,0.09132005349365606,1489,6,5,True,,15.0,8.558655143843701,13.721895392567363,1.0345694253382782,0.034569425338278226,True,7.217500000024302,Optimization terminated successfully
Obesity,7,42,10,300,0.0001,50,least_cost,Ranked k-means,Random 25% immutable,α = 1,1.0,1489,6,5,False,,,,,,,False,60.82160000005388,Positive directional derivative for linesearch
Obesity,7,42,10,300,0.0001,50,least_cost,Ranked k-means,Random 25% immutable,α < 1,0.09132005349365606,1489,6,5,False,,,,,,,False,159.23850000012862,Positive directional derivative for linesearch
Obesity,7,42,10,300,0.0001,50,least_cost,Ranked k-means,Random 50% immutable,α = 1,1.0,1489,6,5,True,,7.0,2.448325186294391,7.339152137575335,1.9131728920187017,0.9131728920187017,True,5.097199999909208,Optimization terminated successfully
Obesity,7,42,10,300,0.0001,50,least_cost,Ranked k-means,Random 50% immutable,α < 1,0.09132005349365606,1489,6,5,True,,7.0,8.748886695664556,13.873554241960502,1.0120742498487105,0.012074249848710528,True,5.340500000102111,Optimization terminated successfully
Obesity,7,42,10,300,0.0001,50,least_cost,Ranked k-means,Random 75% immutable,α = 1,1.0,1489,6,5,True,,5.0,2.4771342509257277,7.382205193596694,1.8909227025472062,0.8909227025472062,True,4.420700000082434,Optimization terminated successfully
Obesity,7,42,10,300,0.0001,50,least_cost,Ranked k-means,Random 75% immutable,α < 1,0.09132005349365606,1489,6,5,True,,5.0,8.851833495247682,13.954939516008265,1.000303819211628,0.0003038192116280314,True,3.5785999998552143,Optimization terminated successfully
Obesity,7,42,10,300,0.0001,50,least_cost,Ranked k-means,All features mutable,α = 1,1.0,133,6,2,True,,13.0,0.4680676579780044,3.2089700022773813,1.1660369653923937,0.16603696539239365,True,8.522300000095129,Optimization terminated successfully
Obesity,7,42,10,300,0.0001,50,least_cost,Ranked k-means,All features mutable,α < 1,0.9865689209591888,133,6,2,True,,13.0,0.4786416199958521,3.24501396605758,1.1489492081160395,0.1489492081160395,True,7.631599999967875,Optimization terminated successfully
Obesity,7,42,10,300,0.0001,50,least_cost,Ranked k-means,Random 25% immutable,α = 1,1.0,133,6,2,True,,10.0,0.4804739183825706,3.2512191873844114,1.042279315208029,0.04227931520802897,True,6.377700000030018,Optimization terminated successfully
Obesity,7,42,10,300,0.0001,50,least_cost,Ranked k-means,Random 25% immutable,α < 1,0.9865689209591888,133,6,2,True,,10.0,0.4945655790537675,3.2985516123266714,1.0112879687590999,0.011287968759099876,True,5.862699999852339,Optimization terminated successfully
Obesity,7,42,10,300,0.0001,50,least_cost,Ranked k-means,Random 50% immutable,α = 1,1.0,133,6,2,False,,,,,,,False,6.66969999997491,Positive directional derivative for linesearch
Obesity,7,42,10,300,0.0001,50,least_cost,Ranked k-means,Random 50% immutable,α < 1,0.9865689209591888,133,6,2,False,,,,,,,False,45.71739999983038,Positive directional derivative for linesearch
Obesity,7,42,10,300,0.0001,50,least_cost,Ranked k-means,Random 75% immutable,α = 1,1.0,133,6,2,False,,,,,,,False,53.757200000063676,Positive directional derivative for linesearch
Obesity,7,42,10,300,0.0001,50,least_cost,Ranked k-means,Random 75% immutable,α < 1,0.9865689209591888,133,6,2,False,,,,,,,False,2.73790000005647,Positive directional derivative for linesearch
Obesity,7,42,10,300,0.0001,50,least_cost,Ranked k-means,All features mutable,α = 1,1.0,1579,4,5,True,,16.0,2.35756846976904,7.201840482468276,1.9949678244584732,0.9949678244584732,True,7.676700000047276,Optimization terminated successfully
Obesity,7,42,10,300,0.0001,50,least_cost,Ranked k-means,All features mutable,α < 1,0.09132005349365606,1579,4,5,True,,16.0,8.625508627551472,13.775383472198964,1.042979284296296,0.04297928429629594,True,7.93429999998807,Optimization terminated successfully
Obesity,7,42,10,300,0.0001,50,least_cost,Ranked k-means,Random 25% immutable,α = 1,1.0,1579,4,5,False,,,,,,,False,9.403000000020256,Positive directional derivative for linesearch
Obesity,7,42,10,300,0.0001,50,least_cost,Ranked k-means,Random 25% immutable,α < 1,0.09132005349365606,1579,4,5,False,,,,,,,False,27.27590000017699,Positive directional derivative for linesearch
Obesity,7,42,10,300,0.0001,50,least_cost,Ranked k-means,Random 50% immutable,α = 1,1.0,1579,4,5,True,,9.0,2.3970739054118346,7.261929903204819,1.9620893700140933,0.9620893700140933,True,4.786799999919822,Optimization terminated successfully
Obesity,7,42,10,300,0.0001,50,least_cost,Ranked k-means,Random 50% immutable,α < 1,0.09132005349365606,1579,4,5,True,,9.0,8.770045034591128,13.890320038105848,1.0257902766881852,0.025790276688185232,True,5.091100000072402,Optimization terminated successfully
Obesity,7,42,10,300,0.0001,50,least_cost,Ranked k-means,Random 75% immutable,α = 1,1.0,1579,4,5,False,,,,,,,False,6.248500000083368,Positive directional derivative for linesearch
Obesity,7,42,10,300,0.0001,50,least_cost,Ranked k-means,Random 75% immutable,α < 1,0.09132005349365606,1579,4,5,False,,,,,,,False,8.532099999911225,Positive directional derivative for linesearch
Obesity,7,42,10,300,0.0001,50,least_cost,Ranked k-means,All features mutable,α = 1,1.0,927,4,0,True,,19.0,0.45783018955972693,3.173683060785055,1.0,0.0,False,7.386699999869961,Optimization terminated successfully
Obesity,7,42,10,300,0.0001,50,least_cost,Ranked k-means,All features mutable,α < 1,0.5697899693643169,927,4,0,True,,19.0,0.9730228927935314,4.6267162914379885,1.0,0.0,False,7.711700000072597,Optimization terminated successfully
Obesity,7,42,10,300,0.0001,50,least_cost,Ranked k-means,Random 25% immutable,α = 1,1.0,927,4,0,True,,15.0,0.5274549555701367,3.4064657671174396,1.0,0.0,False,6.065900000066904,Optimization terminated successfully
Obesity,7,42,10,300,0.0001,50,least_cost,Ranked k-means,Random 25% immutable,α < 1,0.5697899693643169,927,4,0,True,,15.0,1.1218220759976782,4.967905561899192,1.0,0.0,False,5.717699999877368,Optimization terminated successfully
Obesity,7,42,10,300,0.0001,50,least_cost,Ranked k-means,Random 50% immutable,α = 1,1.0,927,4,0,True,,8.0,2.8242027950080337,7.882414699200794,1.0,0.0,False,4.9451999998382234,Optimization terminated successfully
Obesity,7,42,10,300,0.0001,50,least_cost,Ranked k-means,Random 50% immutable,α < 1,0.5697899693643169,927,4,0,True,,8.0,6.835021404776933,12.262563798206822,1.0,0.0,False,4.931799999894793,Optimization terminated successfully
Obesity,7,42,10,300,0.0001,50,least_cost,Ranked k-means,Random 75% immutable,α = 1,1.0,927,4,0,True,,6.0,3.2466142565315743,8.45136164435617,1.0,0.0,False,3.538700000035533,Optimization terminated successfully
Obesity,7,42,10,300,0.0001,50,least_cost,Ranked k-means,Random 75% immutable,α < 1,0.5697899693643169,927,4,0,True,,6.0,7.641315985992461,12.9656836183764,1.0000000000000007,6.661338147750939e-16,True,3.521999999975378,Optimization terminated successfully
Obesity,7,42,10,300,0.0001,50,least_cost,Ranked k-means,All features mutable,α = 1,1.0,1800,4,1,True,,16.0,0.2000241112562706,2.097744133024319,1.4065749893778685,0.4065749893778685,True,7.765099999915037,Optimization terminated successfully
Obesity,7,42,10,300,0.0001,50,least_cost,Ranked k-means,All features mutable,α < 1,0.9549066178381463,1800,4,1,True,,16.0,0.22021950924917028,2.201097272607857,1.340528921325541,0.3405289213255409,True,7.5110999998742045,Optimization terminated successfully
Obesity,7,42,10,300,0.0001,50,least_cost,Ranked k-means,Random 25% immutable,α = 1,1.0,1800,4,1,False,,,,,,,False,8.13760000005459,Positive directional derivative for linesearch
Obesity,7,42,10,300,0.0001,50,least_cost,Ranked k-means,Random 25% immutable,α < 1,0.9549066178381463,1800,4,1,False,,,,,,,False,36.927099999957136,Positive directional derivative for linesearch
Obesity,7,42,10,300,0.0001,50,least_cost,Ranked k-means,Random 50% immutable,α = 1,1.0,1800,4,1,False,,,,,,,False,10.746399999788991,Positive directional derivative for linesearch
Obesity,7,42,10,300,0.0001,50,least_cost,Ranked k-means,Random 50% immutable,α < 1,0.9549066178381463,1800,4,1,False,,,,,,,False,17.062500000065484,Positive directional derivative for linesearch
Obesity,7,42,10,300,0.0001,50,least_cost,Ranked k-means,Random 75% immutable,α = 1,1.0,1800,4,1,True,,5.0,0.36701637761637523,2.8415418891088433,1.221897715074537,0.22189771507453693,True,3.921600000012404,Optimization terminated successfully
Obesity,7,42,10,300,0.0001,50,least_cost,Ranked k-means,Random 75% immutable,α < 1,0.9549066178381463,1800,4,1,True,,5.0,0.4040721193933193,2.9815409818838683,1.1645231852122995,0.16452318521229947,True,4.085899999836329,Optimization terminated successfully
Obesity,7,42,10,300,0.0001,50,least_cost,Ranked k-means,All features mutable,α = 1,1.0,1139,4,5,True,,16.0,2.439837933844511,7.326420309030818,1.9654241821860137,0.9654241821860137,True,7.157799999959025,Optimization terminated successfully
Obesity,7,42,10,300,0.0001,50,least_cost,Ranked k-means,All features mutable,α < 1,0.09132005349365606,1139,4,5,True,,16.0,8.766805821183253,13.887754608504268,1.0349292935763033,0.034929293576303255,True,7.419700000127705,Optimization terminated successfully
Obesity,7,42,10,300,0.0001,50,least_cost,Ranked k-means,Random 25% immutable,α = 1,1.0,1139,4,5,False,,,,,,,False,24.7090999998818,Positive directional derivative for linesearch
Obesity,7,42,10,300,0.0001,50,least_cost,Ranked k-means,Random 25% immutable,α < 1,0.09132005349365606,1139,4,5,False,,,,,,,False,12.716100000034203,Positive directional derivative for linesearch
Obesity,7,42,10,300,0.0001,50,least_cost,Ranked k-means,Random 50% immutable,α = 1,1.0,1139,4,5,True,,9.0,2.4867824229090316,7.396567670480591,1.9283216902106606,0.9283216902106606,True,5.143999999972948,Optimization terminated successfully
Obesity,7,42,10,300,0.0001,50,least_cost,Ranked k-means,Random 50% immutable,α < 1,0.09132005349365606,1139,4,5,True,,9.0,8.932349522456422,14.018262713119672,1.017455760489907,0.017455760489907046,True,5.273900000020149,Optimization terminated successfully
Obesity,7,42,10,300,0.0001,50,least_cost,Ranked k-means,Random 75% immutable,α = 1,1.0,1139,4,5,False,,,,,,,False,90.26569999991807,Positive directional derivative for linesearch
Obesity,7,42,10,300,0.0001,50,least_cost,Ranked k-means,Random 75% immutable,α < 1,0.09132005349365606,1139,4,5,False,,,,,,,False,4.855899999938629,Positive directional derivative for linesearch
Obesity,7,42,10,300,0.0001,50,least_cost,Ranked k-means,All features mutable,α = 1,1.0,475,2,6,True,,15.0,0.4121852275549631,3.0113244604673852,1.3964275310921206,0.3964275310921206,True,7.798199999797362,Optimization terminated successfully
Obesity,7,42,10,300,0.0001,50,least_cost,Ranked k-means,All features mutable,α < 1,0.9912793114617909,475,2,6,True,,15.0,0.4165667865995835,3.0272874500434934,1.3890641205301764,0.38906412053017636,True,7.201600000144026,Optimization terminated successfully
Obesity,7,42,10,300,0.0001,50,least_cost,Ranked k-means,Random 25% immutable,α = 1,1.0,475,2,6,True,,11.0,0.41386292540234526,3.017446662138636,1.3907667570801077,0.39076675708010766,True,6.314100000054168,Optimization terminated successfully
Obesity,7,42,10,300,0.0001,50,least_cost,Ranked k-means,Random 25% immutable,α < 1,0.9912793114617909,475,2,6,True,,11.0,0.4182623184974986,3.0334421054216563,1.3834332001566558,0.38343320015665583,True,6.271399999832283,Optimization terminated successfully
Obesity,7,42,10,300,0.0001,50,least_cost,Ranked k-means,Random 50% immutable,α = 1,1.0,475,2,6,True,,9.0,0.5034593869959215,3.3280785017649857,1.1432636260304916,0.1432636260304916,True,4.738600000109727,Optimization terminated successfully
Obesity,7,42,10,300,0.0001,50,least_cost,Ranked k-means,Random 50% immutable,α < 1,0.9912793114617909,475,2,6,True,,9.0,0.5088111970153543,3.345720600160419,1.137235158895996,0.1372351588959959,True,5.490200000167533,Optimization terminated successfully
Obesity,7,42,10,300,0.0001,50,least_cost,Ranked k-means,Random 75% immutable,α = 1,1.0,475,2,6,True,,4.0,1.1734670377164549,5.080971839103422,1.4228242939630005,0.4228242939630005,True,4.03239999991456,Optimization terminated successfully
Obesity,7,42,10,300,0.0001,50,least_cost,Ranked k-means,Random 75% immutable,α < 1,0.9912793114617909,475,2,6,True,,4.0,1.185941077951157,5.107906000987631,1.4153216932398625,0.41532169323986246,True,3.997300000037285,Optimization terminated successfully
Obesity,7,42,10,300,0.0001,50,least_cost,Ranked k-means,All features mutable,α = 1,1.0,177,1,4,True,,10.0,0.13945687974223198,1.751585383111284,2.403989769671658,1.4039897696716581,True,7.942200000115918,Optimization terminated successfully
Obesity,7,42,10,300,0.0001,50,least_cost,Ranked k-means,All features mutable,α < 1,0.9556192526905325,177,1,4,True,,10.0,0.1578898860206701,1.8637536029354156,2.259307951823238,1.2593079518232382,True,7.7575999998771294,Optimization terminated successfully
Obesity,7,42,10,300,0.0001,50,least_cost,Ranked k-means,Random 25% immutable,α = 1,1.0,177,1,4,True,,7.0,0.3123207646757529,2.6212700781999865,1.0734249281589203,0.07342492815892032,True,6.305200000042532,Optimization terminated successfully
Obesity,7,42,10,300,0.0001,50,least_cost,Ranked k-means,Random 25% immutable,α < 1,0.9556192526905325,177,1,4,True,,7.0,0.3536024183797208,2.789131263378233,1.0088218804773874,0.008821880477387412,True,6.3890000001265435,Optimization terminated successfully
Obesity,7,42,10,300,0.0001,50,least_cost,Ranked k-means,Random 50% immutable,α = 1,1.0,177,1,4,True,,5.0,0.256994704286648,2.377789623643407,1.3213277917661341,0.32132779176613413,True,5.250299999943309,Optimization terminated successfully
Obesity,7,42,10,300,0.0001,50,least_cost,Ranked k-means,Random 50% immutable,α < 1,0.9556192526905325,177,1,4,True,,5.0,0.29096351963944495,2.5300587803582326,1.241804948017758,0.24180494801775798,True,5.2393999999367225,Optimization terminated successfully
Obesity,7,42,10,300,0.0001,50,least_cost,Ranked k-means,Random 75% immutable,α = 1,1.0,177,1,4,True,,4.0,0.2569953701891376,2.3777927042030025,1.3213243681351998,0.3213243681351998,True,3.7534999999024876,Optimization terminated successfully
Obesity,7,42,10,300,0.0001,50,least_cost,Ranked k-means,Random 75% immutable,α < 1,0.9556192526905325,177,1,4,True,,4.0,0.29096427355899607,2.5300620581910462,1.2418017304602635,0.24180173046026354,True,4.114300000082949,Optimization terminated successfully
Obesity,7,42,10,300,0.0001,50,least_cost,Ranked k-means,All features mutable,α = 1,1.0,1630,2,0,True,,18.0,0.570630086193127,3.5431429404201,2.1108212290224295,1.1108212290224295,True,7.57419999990816,Optimization terminated successfully
Obesity,7,42,10,300,0.0001,50,least_cost,Ranked k-means,All features mutable,α < 1,0.5697899693643169,1630,2,0,True,,18.0,1.123857113227238,4.972409525672562,1.486629892960539,0.48662989296053905,True,7.060599999931583,Optimization terminated successfully
Obesity,7,42,10,300,0.0001,50,least_cost,Ranked k-means,Random 25% immutable,α = 1,1.0,1630,2,0,True,,12.0,0.607623219321294,3.6561880182874167,1.98231084774017,0.9823108477401701,True,6.285999999818159,Optimization terminated successfully
Obesity,7,42,10,300,0.0001,50,least_cost,Ranked k-means,Random 25% immutable,α < 1,0.5697899693643169,1630,2,0,True,,12.0,1.1947171118134379,5.126770568291079,1.4136971674092322,0.41369716740923224,True,6.142599999975573,Optimization terminated successfully
Obesity,7,42,10,300,0.0001,50,least_cost,Ranked k-means,Random 50% immutable,α = 1,1.0,1630,2,0,True,,8.0,0.7379605120545025,4.029284212512075,1.632198560405345,0.6321985604053451,True,5.08639999998195,Optimization terminated successfully
Obesity,7,42,10,300,0.0001,50,least_cost,Ranked k-means,Random 50% immutable,α < 1,0.5697899693643169,1630,2,0,True,,8.0,1.4509880853120043,5.649932555072148,1.164012458321956,0.164012458321956,True,5.353900000045542,Optimization terminated successfully
Obesity,7,42,10,300,0.0001,50,least_cost,Ranked k-means,Random 75% immutable,α = 1,1.0,1630,2,0,False,,,,,,,False,5.961399999932837,Inequality constraints incompatible
Obesity,7,42,10,300,0.0001,50,least_cost,Ranked k-means,Random 75% immutable,α < 1,0.5697899693643169,1630,2,0,False,,,,,,,False,2.709300000105941,Positive directional derivative for linesearch
Obesity,7,42,10,300,0.0001,50,least_cost,Ranked k-means,All features mutable,α = 1,1.0,1596,4,0,True,,19.0,0.5009632372403342,3.3198179497206395,2.0493308153427634,1.0493308153427634,True,7.363599999962389,Optimization terminated successfully
Obesity,7,42,10,300,0.0001,50,least_cost,Ranked k-means,All features mutable,α < 1,0.5697899693643169,1596,4,0,True,,19.0,1.0331837024707173,4.767603323930776,1.4270074146979776,0.42700741469797765,True,7.611800000177027,Optimization terminated successfully
Obesity,7,42,10,300,0.0001,50,least_cost,Ranked k-means,Random 25% immutable,α = 1,1.0,1596,4,0,True,,13.0,0.5278806287654568,3.4078400538816447,1.944832517082702,0.9448325170827021,True,6.424599999945713,Optimization terminated successfully
Obesity,7,42,10,300,0.0001,50,least_cost,Ranked k-means,Random 25% immutable,α < 1,0.5697899693643169,1596,4,0,True,,13.0,1.088697976112789,4.894012206204779,1.3542422615278595,0.35424226152785954,True,5.793499999981577,Optimization terminated successfully
Obesity,7,42,10,300,0.0001,50,least_cost,Ranked k-means,Random 50% immutable,α = 1,1.0,1596,4,0,True,,10.0,0.6098076694691194,3.662754254426664,1.8741069709742084,0.8741069709742084,True,4.991999999901964,Optimization terminated successfully
Obesity,7,42,10,300,0.0001,50,least_cost,Ranked k-means,Random 50% immutable,α < 1,0.5697899693643169,1596,4,0,True,,10.0,1.2576638341924553,5.260095469878281,1.3049940465235994,0.3049940465235994,True,4.739900000004127,Optimization terminated successfully
Obesity,7,42,10,300,0.0001,50,least_cost,Ranked k-means,Random 75% immutable,α = 1,1.0,1596,4,0,True,,6.0,0.7051749330604224,3.938762309067316,1.6206543096812358,0.6206543096812358,True,3.6575000001448643,Optimization terminated successfully
Obesity,7,42,10,300,0.0001,50,least_cost,Ranked k-means,Random 75% immutable,α < 1,0.5697899693643169,1596,4,0,True,,6.0,1.4543487307420337,5.656471698534762,1.128507742996827,0.1285077429968271,True,3.829300000006697,Optimization terminated successfully
Obesity,7,42,10,300,0.0001,50,least_cost,Ranked k-means,All features mutable,α = 1,1.0,380,5,6,True,,13.0,2.4085293560895904,7.279261352223245,1.9328319250528632,0.9328319250528632,True,6.9993999998132495,Optimization terminated successfully
Obesity,7,42,10,300,0.0001,50,least_cost,Ranked k-means,All features mutable,α < 1,0.9912793114617909,380,5,6,True,,13.0,2.450351655649661,7.342188803367327,1.9166144737495059,0.9166144737495059,True,7.290300000022398,Optimization terminated successfully
Obesity,7,42,10,300,0.0001,50,least_cost,Ranked k-means,Random 25% immutable,α = 1,1.0,380,5,6,True,,10.0,2.413248059871338,7.286388496173494,1.9273152035893186,0.9273152035893186,True,5.75410000010379,Optimization terminated successfully
Obesity,7,42,10,300,0.0001,50,least_cost,Ranked k-means,Random 25% immutable,α < 1,0.9912793114617909,380,5,6,True,,10.0,2.4550797993539413,7.349269051122479,1.9111949264594688,0.9111949264594688,True,5.947999999989406,Optimization terminated successfully
Obesity,7,42,10,300,0.0001,50,least_cost,Ranked k-means,Random 50% immutable,α = 1,1.0,380,5,6,False,,,,,,,False,7.244599999921775,Positive directional derivative for linesearch
Obesity,7,42,10,300,0.0001,50,least_cost,Ranked k-means,Random 50% immutable,α < 1,0.9912793114617909,380,5,6,False,,,,,,,False,25.9661000000051,Positive directional derivative for linesearch
Obesity,7,42,10,300,0.0001,50,least_cost,Ranked k-means,Random 75% immutable,α = 1,1.0,380,5,6,False,,,,,,,False,9.696399999938876,Positive directional derivative for linesearch
Obesity,7,42,10,300,0.0001,50,least_cost,Ranked k-means,Random 75% immutable,α < 1,0.9912793114617909,380,5,6,False,,,,,,,False,4.612499999893771,Positive directional derivative for linesearch
Obesity,7,42,10,300,0.0001,50,least_cost,Ranked k-means,All features mutable,α = 1,1.0,772,4,1,True,,18.0,0.34289483364893314,2.746577204499544,1.6947840672472252,0.6947840672472252,True,6.839700000000448,Optimization terminated successfully
Obesity,7,42,10,300,0.0001,50,least_cost,Ranked k-means,All features mutable,α < 1,0.9549066178381463,772,4,1,True,,18.0,0.3691201221509533,2.849674137041106,1.6334693188144,0.6334693188144,True,7.432899999912479,Optimization terminated successfully
Obesity,7,42,10,300,0.0001,50,least_cost,Ranked k-means,Random 25% immutable,α = 1,1.0,772,4,1,True,,12.0,0.3651688847034243,2.834380966538432,1.5914080434528506,0.5914080434528506,True,6.22109999994791,Optimization terminated successfully
Obesity,7,42,10,300,0.0001,50,least_cost,Ranked k-means,Random 25% immutable,α < 1,0.9549066178381463,772,4,1,True,,12.0,0.39309773755722266,2.9407737461863497,1.53383329299525,0.5338332929952501,True,5.996500000037486,Optimization terminated successfully
Obesity,7,42,10,300,0.0001,50,least_cost,Ranked k-means,Random 50% immutable,α = 1,1.0,772,4,1,False,,,,,,,False,20.728599999984,Positive directional derivative for linesearch
Obesity,7,42,10,300,0.0001,50,least_cost,Ranked k-means,Random 50% immutable,α < 1,0.9549066178381463,772,4,1,False,,,,,,,False,3.89380000001438,Positive directional derivative for linesearch
Obesity,7,42,10,300,0.0001,50,least_cost,Ranked k-means,Random 75% immutable,α = 1,1.0,772,4,1,False,,,,,,,False,4.206899999871894,Positive directional derivative for linesearch
Obesity,7,42,10,300,0.0001,50,least_cost,Ranked k-means,Random 75% immutable,α < 1,0.9549066178381463,772,4,1,False,,,,,,,False,82.85090000003947,Positive directional derivative for linesearch
Obesity,7,42,10,300,0.0001,50,least_cost,Ranked k-means,All features mutable,α = 1,1.0,266,1,0,True,,15.0,0.7351389635696565,4.021573970292284,1.9499445232608328,0.9499445232608328,True,7.984100000157923,Optimization terminated successfully
Obesity,7,42,10,300,0.0001,50,least_cost,Ranked k-means,All features mutable,α < 1,0.5697899693643169,266,1,0,True,,16.0,1.418160354944526,5.585653749453109,1.3620771323235392,0.3620771323235392,True,7.839799999828756,Optimization terminated successfully
Obesity,7,42,10,300,0.0001,50,least_cost,Ranked k-means,Random 25% immutable,α = 1,1.0,266,1,0,True,,11.0,0.7505231139076184,4.063435554548343,1.8796509832249142,0.8796509832249142,True,6.331000000045606,Optimization terminated successfully
Obesity,7,42,10,300,0.0001,50,least_cost,Ranked k-means,Random 25% immutable,α < 1,0.5697899693643169,266,1,0,True,,13.0,1.4565632725778048,5.660776624873278,1.2994546805884433,0.29945468058844327,True,6.23289999998633,Optimization terminated successfully
Obesity,7,42,10,300,0.0001,50,least_cost,Ranked k-means,Random 50% immutable,α = 1,1.0,266,1,0,False,,,,,,,False,5.460300000095231,Positive directional derivative for linesearch
Obesity,7,42,10,300,0.0001,50,least_cost,Ranked k-means,Random 50% immutable,α < 1,0.5697899693643169,266,1,0,False,,,,,,,False,4.825400000072477,Positive directional derivative for linesearch
Obesity,7,42,10,300,0.0001,50,least_cost,Ranked k-means,Random 75% immutable,α = 1,1.0,266,1,0,False,,,,,,,False,9.757599999829836,Positive directional derivative for linesearch
Obesity,7,42,10,300,0.0001,50,least_cost,Ranked k-means,Random 75% immutable,α < 1,0.5697899693643169,266,1,0,False,,,,,,,False,11.604499999975815,Positive directional derivative for linesearch
Obesity,7,42,10,300,0.0001,50,least_cost,Ranked k-means,All features mutable,α = 1,1.0,195,0,1,True,,17.0,0.8155009429610328,4.235684212160146,1.6158192995148215,0.6158192995148215,True,7.83939999996619,Optimization terminated successfully
Obesity,7,42,10,300,0.0001,50,least_cost,Ranked k-means,All features mutable,α < 1,0.9549066178381463,195,0,1,True,,17.0,0.8826657759173232,4.406659400291916,1.5515980416503896,0.5515980416503896,True,7.274900000084017,Optimization terminated successfully
Obesity,7,42,10,300,0.0001,50,least_cost,Ranked k-means,Random 25% immutable,α = 1,1.0,195,0,1,False,,,,,,,False,51.43109999994522,Positive directional derivative for linesearch
Obesity,7,42,10,300,0.0001,50,least_cost,Ranked k-means,Random 25% immutable,α < 1,0.9549066178381463,195,0,1,False,,,,,,,False,25.06039999980203,Positive directional derivative for linesearch
Obesity,7,42,10,300,0.0001,50,least_cost,Ranked k-means,Random 50% immutable,α = 1,1.0,195,0,1,True,,10.0,1.0440747426259835,4.7926656818279785,1.0,0.0,False,5.254500000091866,Optimization terminated successfully
Obesity,7,42,10,300,0.0001,50,least_cost,Ranked k-means,Random 50% immutable,α < 1,0.9549066178381463,195,0,1,True,,10.0,1.1427818337390816,5.014100152795096,1.0000000000000002,2.220446049250313e-16,True,5.14389999989362,Optimization terminated successfully
Obesity,7,42,10,300,0.0001,50,least_cost,Ranked k-means,Random 75% immutable,α = 1,1.0,195,0,1,False,,,,,,,False,3.0088000000887405,Positive directional derivative for linesearch
Obesity,7,42,10,300,0.0001,50,least_cost,Ranked k-means,Random 75% immutable,α < 1,0.9549066178381463,195,0,1,False,,,,,,,False,8.462399999871195,Positive directional derivative for linesearch
Obesity,7,42,10,300,0.0001,50,least_cost,Ranked k-means,All features mutable,α = 1,1.0,1737,4,0,True,,19.0,0.5288395049161914,3.4109337589809936,1.994587191768342,0.994587191768342,True,6.866600000194012,Optimization terminated successfully
Obesity,7,42,10,300,0.0001,50,least_cost,Ranked k-means,All features mutable,α < 1,0.5697899693643169,1737,4,0,True,,19.0,1.0734128672441146,4.859535274012374,1.4509633881424497,0.45096338814244974,True,7.1652999999969325,Optimization terminated successfully
Obesity,7,42,10,300,0.0001,50,least_cost,Ranked k-means,Random 25% immutable,α = 1,1.0,1737,4,0,True,,13.0,2.1538934534643888,6.883723990415112,1.0,0.0,False,6.236100000023725,Optimization terminated successfully
Obesity,7,42,10,300,0.0001,50,least_cost,Ranked k-means,Random 25% immutable,α < 1,0.5697899693643169,1737,4,0,True,,13.0,5.332460384807321,10.831164686485062,1.0000000000000002,2.220446049250313e-16,True,6.350900000143156,Optimization terminated successfully
Obesity,7,42,10,300,0.0001,50,least_cost,Ranked k-means,Random 50% immutable,α = 1,1.0,1737,4,0,True,,9.0,0.6232949296078406,3.7030377329123305,1.6923232565163906,0.6923232565163906,True,5.345700000134457,Optimization terminated successfully
Obesity,7,42,10,300,0.0001,50,least_cost,Ranked k-means,Random 50% immutable,α < 1,0.5697899693643169,1737,4,0,True,,9.0,1.265035641617159,5.275488993029699,1.2248599766107098,0.22485997661070978,True,4.6832000000449625,Optimization terminated successfully
Obesity,7,42,10,300,0.0001,50,least_cost,Ranked k-means,Random 75% immutable,α = 1,1.0,1737,4,0,False,,,,,,,False,25.133299999879455,Positive directional derivative for linesearch
Obesity,7,42,10,300,0.0001,50,least_cost,Ranked k-means,Random 75% immutable,α < 1,0.5697899693643169,1737,4,0,False,,,,,,,False,2.913799999987532,Positive directional derivative for linesearch
Obesity,7,42,10,300,0.0001,50,least_cost,Ranked + weighted SHARK,All features mutable,α = 1,1.0,840,1,3,True,,14.0,1.8407561860036803e-14,3.4452382196353963,1.9699837347872922,0.9699837347872922,True,2.5353000000905013,Optimization terminated successfully
Obesity,7,42,10,300,0.0001,50,least_cost,Ranked + weighted SHARK,All features mutable,α < 1,0.01,840,1,3,True,,13.0,6.21141121425408e-14,7.501020478482966,1.0,0.0,False,2.678199999991193,Optimization terminated successfully
Obesity,7,42,10,300,0.0001,50,least_cost,Ranked + weighted SHARK,Random 25% immutable,α = 1,1.0,840,1,3,True,,9.0,1.8795647153295674e-14,3.4652293361022664,1.94731939058083,0.9473193905808299,True,2.1138000001883483,Optimization terminated successfully
Obesity,7,42,10,300,0.0001,50,least_cost,Ranked + weighted SHARK,Random 25% immutable,α < 1,0.01,840,1,3,True,,9.0,6.171342320339572e-14,7.363226100116385,1.0000000000000924,9.237055564881302e-14,True,2.2704000000430824,Optimization terminated successfully
Obesity,7,42,10,300,0.0001,50,least_cost,Ranked + weighted SHARK,Random 50% immutable,α = 1,1.0,840,1,3,True,,6.0,9.09690621711861e-15,5.678598427858841,1.0,0.0,False,2.2988999999142834,Optimization terminated successfully
Obesity,7,42,10,300,0.0001,50,least_cost,Ranked + weighted SHARK,Random 50% immutable,α < 1,0.01,840,1,3,True,,6.0,8.954842578400508e-15,5.6761929933586,1.0,0.0,False,1.8396000000393542,Optimization terminated successfully
Obesity,7,42,10,300,0.0001,50,least_cost,Ranked + weighted SHARK,Random 75% immutable,α = 1,1.0,840,1,3,True,,4.0,4.353189921008079e-15,4.109688429967898,1.0,0.0,False,1.5707000000020344,Optimization terminated successfully
Obesity,7,42,10,300,0.0001,50,least_cost,Ranked + weighted SHARK,Random 75% immutable,α < 1,0.01,840,1,3,True,,4.0,4.200258640026115e-15,4.033022008555924,1.000000000000557,5.571099137569036e-13,True,1.583600000003571,Optimization terminated successfully
Obesity,7,42,10,300,0.0001,50,least_cost,Ranked + weighted SHARK,All features mutable,α = 1,1.0,1066,1,0,True,,17.0,1.152215367793509,1.8626246427958886,1.0,0.0,False,10.160799999994197,Optimization terminated successfully
Obesity,7,42,10,300,0.0001,50,least_cost,Ranked + weighted SHARK,All features mutable,α < 1,0.01,1066,1,0,True,,17.0,4.562888077983985,4.45757941425677,1.0,0.0,False,9.760200000073382,Optimization terminated successfully
Obesity,7,42,10,300,0.0001,50,least_cost,Ranked + weighted SHARK,Random 25% immutable,α = 1,1.0,1066,1,0,True,,12.0,1.152215367785781,1.8632715543297822,1.852077461582951,0.852077461582951,True,7.805599999983315,Optimization terminated successfully
Obesity,7,42,10,300,0.0001,50,least_cost,Ranked + weighted SHARK,Random 25% immutable,α < 1,0.01,1066,1,0,True,,12.0,4.5628880780604835,5.929384171515042,1.000000000000001,1.1102230246251565e-15,True,9.93560000006255,Optimization terminated successfully
Obesity,7,42,10,300,0.0001,50,least_cost,Ranked + weighted SHARK,Random 50% immutable,α = 1,1.0,1066,1,0,False,,,,,,,False,29.79389999995874,Positive directional derivative for linesearch
Obesity,7,42,10,300,0.0001,50,least_cost,Ranked + weighted SHARK,Random 50% immutable,α < 1,0.01,1066,1,0,False,,,,,,,False,1102.3195000000214,Iteration limit reached
Obesity,7,42,10,300,0.0001,50,least_cost,Ranked + weighted SHARK,Random 75% immutable,α = 1,1.0,1066,1,0,False,,,,,,,False,1.520400000117661,Positive directional derivative for linesearch
Obesity,7,42,10,300,0.0001,50,least_cost,Ranked + weighted SHARK,Random 75% immutable,α < 1,0.01,1066,1,0,False,,,,,,,False,1.5838000001622277,Positive directional derivative for linesearch
Obesity,7,42,10,300,0.0001,50,least_cost,Ranked + weighted SHARK,All features mutable,α = 1,1.0,937,2,4,True,,17.0,6.275024423735178e-15,2.1482210755404356,1.9925024205485997,0.9925024205485997,True,2.685899999960384,Optimization terminated successfully
Obesity,7,42,10,300,0.0001,50,least_cost,Ranked + weighted SHARK,All features mutable,α < 1,0.01,937,2,4,True,,17.0,2.4749912912047564e-14,4.213529228550142,1.0,0.0,False,2.6404999998703715,Optimization terminated successfully
Obesity,7,42,10,300,0.0001,50,least_cost,Ranked + weighted SHARK,Random 25% immutable,α = 1,1.0,937,2,4,True,,12.0,8.587146619939038e-14,18.60663766782874,1.0,0.0,False,2.276000000165368,Optimization terminated successfully
Obesity,7,42,10,300,0.0001,50,least_cost,Ranked + weighted SHARK,Random 25% immutable,α < 1,0.01,937,2,4,True,,12.0,8.587146619939802e-14,18.606637667829602,1.0,0.0,False,2.3611000001437787,Optimization terminated successfully
Obesity,7,42,10,300,0.0001,50,least_cost,Ranked + weighted SHARK,Random 50% immutable,α = 1,1.0,937,2,4,True,,8.0,7.960903378232428e-15,3.2748232949620157,1.2214859751687486,0.22148597516874857,True,1.9863999998506188,Optimization terminated successfully
Obesity,7,42,10,300,0.0001,50,least_cost,Ranked + weighted SHARK,Random 50% immutable,α < 1,0.01,937,2,4,True,,8.0,3.3474332567120483e-14,7.346080252285438,1.0,0.0,False,1.9718999999440712,Optimization terminated successfully
Obesity,7,42,10,300,0.0001,50,least_cost,Ranked + weighted SHARK,Random 75% immutable,α = 1,1.0,937,2,4,True,,4.0,2.1486038425412465e-14,9.406890295444736,1.000000000004663,4.6629367034256575e-12,True,1.6407999999046297,Optimization terminated successfully
Obesity,7,42,10,300,0.0001,50,least_cost,Ranked + weighted SHARK,Random 75% immutable,α < 1,0.01,937,2,4,True,,4.0,2.1486038425583228e-14,9.406890295482086,1.0000000000007436,7.436273818939299e-13,True,1.5937999999096064,Optimization terminated successfully
Obesity,7,42,10,300,0.0001,50,least_cost,Ranked + weighted SHARK,All features mutable,α = 1,1.0,184,3,5,True,,1.0,0.5600025384285474,1.058302923012653,1.9999999999995053,0.9999999999995053,True,7.601799999974901,Optimization terminated successfully
Obesity,7,42,10,300,0.0001,50,least_cost,Ranked + weighted SHARK,All features mutable,α < 1,0.01,184,3,5,True,,1.0,2.217666052430885,2.1060228167951767,1.0050251256278935,0.005025125627893479,True,7.32689999995273,Optimization terminated successfully
Obesity,7,42,10,300,0.0001,50,least_cost,Ranked + weighted SHARK,Random 25% immutable,α = 1,1.0,184,3,5,True,,1.0,0.5600025384285474,1.058302923012653,1.9999999999995053,0.9999999999995053,True,6.44190000002709,Optimization terminated successfully
Obesity,7,42,10,300,0.0001,50,least_cost,Ranked + weighted SHARK,Random 25% immutable,α < 1,0.01,184,3,5,True,,1.0,2.217666052430885,2.1060228167951767,1.0050251256278935,0.005025125627893479,True,6.356699999969351,Optimization terminated successfully
Obesity,7,42,10,300,0.0001,50,least_cost,Ranked + weighted SHARK,Random 50% immutable,α = 1,1.0,184,3,5,True,,1.0,0.5600025384285474,1.058302923012653,1.9999999999995053,0.9999999999995053,True,5.1926999999523105,Optimization terminated successfully
Obesity,7,42,10,300,0.0001,50,least_cost,Ranked + weighted SHARK,Random 50% immutable,α < 1,0.01,184,3,5,True,,1.0,2.217666052430885,2.1060228167951767,1.0050251256278935,0.005025125627893479,True,5.165000000033615,Optimization terminated successfully
Obesity,7,42,10,300,0.0001,50,least_cost,Ranked + weighted SHARK,Random 75% immutable,α = 1,1.0,184,3,5,False,,,,,,,False,938.9349000000493,Iteration limit reached
Obesity,7,42,10,300,0.0001,50,least_cost,Ranked + weighted SHARK,Random 75% immutable,α < 1,0.01,184,3,5,False,,,,,,,False,921.5848999999707,Iteration limit reached
Obesity,7,42,10,300,0.0001,50,least_cost,Ranked + weighted SHARK,All features mutable,α = 1,1.0,1643,1,6,True,,2.0,1.152215367789681,1.5180351562396126,1.9999999999995703,0.9999999999995703,True,7.806300000083866,Optimization terminated successfully
Obesity,7,42,10,300,0.0001,50,least_cost,Ranked + weighted SHARK,All features mutable,α < 1,0.01,1643,1,6,True,,2.0,4.562888077983958,3.020889960916843,1.0050251256281317,0.0050251256281317325,True,7.8858000001673645,Optimization terminated successfully
Obesity,7,42,10,300,0.0001,50,least_cost,Ranked + weighted SHARK,Random 25% immutable,α = 1,1.0,1643,1,6,False,,,,,,,False,2.8479000000061205,Positive directional derivative for linesearch
Obesity,7,42,10,300,0.0001,50,least_cost,Ranked + weighted SHARK,Random 25% immutable,α < 1,0.01,1643,1,6,False,,,,,,,False,73.1657000001178,Positive directional derivative for linesearch
Obesity,7,42,10,300,0.0001,50,least_cost,Ranked + weighted SHARK,Random 50% immutable,α = 1,1.0,1643,1,6,False,,,,,,,False,1095.153900000014,Iteration limit reached
Obesity,7,42,10,300,0.0001,50,least_cost,Ranked + weighted SHARK,Random 50% immutable,α < 1,0.01,1643,1,6,False,,,,,,,False,1186.4439999999377,Iteration limit reached
Obesity,7,42,10,300,0.0001,50,least_cost,Ranked + weighted SHARK,Random 75% immutable,α = 1,1.0,1643,1,6,False,,,,,,,False,901.7335000000912,Iteration limit reached
Obesity,7,42,10,300,0.0001,50,least_cost,Ranked + weighted SHARK,Random 75% immutable,α < 1,0.01,1643,1,6,False,,,,,,,False,902.7553000000808,Iteration limit reached
Obesity,7,42,10,300,0.0001,50,least_cost,Ranked + weighted SHARK,All features mutable,α = 1,1.0,2045,2,0,True,,2.0,1.1522153677896898,1.5180351562396184,1.9999999999995481,0.9999999999995481,True,7.860500000106185,Optimization terminated successfully
Obesity,7,42,10,300,0.0001,50,least_cost,Ranked + weighted SHARK,All features mutable,α < 1,0.01,2045,2,0,True,,16.0,4.562888077789156,3.023192267999979,1.0,0.0,False,9.758800000099654,Optimization terminated successfully
Obesity,7,42,10,300,0.0001,50,least_cost,Ranked + weighted SHARK,Random 25% immutable,α = 1,1.0,2045,2,0,True,,2.0,1.1522153677896898,1.5180351562396184,1.9999999999995481,0.9999999999995481,True,6.294300000035946,Optimization terminated successfully
Obesity,7,42,10,300,0.0001,50,least_cost,Ranked + weighted SHARK,Random 25% immutable,α < 1,0.01,2045,2,0,True,,13.0,4.562888078308491,3.02341294943611,1.0,0.0,False,8.248999999977968,Optimization terminated successfully
Obesity,7,42,10,300,0.0001,50,least_cost,Ranked + weighted SHARK,Random 50% immutable,α = 1,1.0,2045,2,0,False,,,,,,,False,1125.411700000086,Iteration limit reached
Obesity,7,42,10,300,0.0001,50,least_cost,Ranked + weighted SHARK,Random 50% immutable,α < 1,0.01,2045,2,0,False,,,,,,,False,1106.4997999999377,Iteration limit reached
Obesity,7,42,10,300,0.0001,50,least_cost,Ranked + weighted SHARK,Random 75% immutable,α = 1,1.0,2045,2,0,False,,,,,,,False,1.9591000000218628,Positive directional derivative for linesearch
Obesity,7,42,10,300,0.0001,50,least_cost,Ranked + weighted SHARK,Random 75% immutable,α < 1,0.01,2045,2,0,False,,,,,,,False,906.7337999999836,Iteration limit reached
Obesity,7,42,10,300,0.0001,50,least_cost,Ranked + weighted SHARK,All features mutable,α = 1,1.0,1343,6,1,True,,2.0,1.152215367789685,1.5180351562396153,1.9999999999995814,0.9999999999995814,True,8.168800000021292,Optimization terminated successfully
Obesity,7,42,10,300,0.0001,50,least_cost,Ranked + weighted SHARK,All features mutable,α < 1,0.01,1343,6,1,True,,12.0,4.562888077929475,3.0361948540162373,1.0050251256246094,0.005025125624609439,True,11.220499999808453,Optimization terminated successfully
Obesity,7,42,10,300,0.0001,50,least_cost,Ranked + weighted SHARK,Random 25% immutable,α = 1,1.0,1343,6,1,False,,,,,,,False,1284.3669000001228,Iteration limit reached
Obesity,7,42,10,300,0.0001,50,least_cost,Ranked + weighted SHARK,Random 25% immutable,α < 1,0.01,1343,6,1,False,,,,,,,False,2.613500000052227,Positive directional derivative for linesearch
Obesity,7,42,10,300,0.0001,50,least_cost,Ranked + weighted SHARK,Random 50% immutable,α = 1,1.0,1343,6,1,True,,2.0,1.152215367789685,1.5180351562396153,1.9999999999995814,0.9999999999995814,True,5.659899999955087,Optimization terminated successfully
Obesity,7,42,10,300,0.0001,50,least_cost,Ranked + weighted SHARK,Random 50% immutable,α < 1,0.01,1343,6,1,True,,7.0,4.562888077924761,3.0423882629331995,1.0050251155200631,0.005025115520063128,True,6.331799999998111,Optimization terminated successfully
Obesity,7,42,10,300,0.0001,50,least_cost,Ranked + weighted SHARK,Random 75% immutable,α = 1,1.0,1343,6,1,False,,,,,,,False,940.3277999999773,Iteration limit reached
Obesity,7,42,10,300,0.0001,50,least_cost,Ranked + weighted SHARK,Random 75% immutable,α < 1,0.01,1343,6,1,False,,,,,,,False,1.5693000000283064,Positive directional derivative for linesearch
Obesity,7,42,10,300,0.0001,50,least_cost,Ranked + weighted SHARK,All features mutable,α = 1,1.0,1473,0,3,True,,16.0,1.1522153677897076,3.841420604210768,1.0,0.0,False,7.091000000173153,Optimization terminated successfully
Obesity,7,42,10,300,0.0001,50,least_cost,Ranked + weighted SHARK,All features mutable,α < 1,0.01,1473,0,3,True,,16.0,4.562888078086578,7.759046228029833,1.0,0.0,False,7.386199999928067,Optimization terminated successfully
Obesity,7,42,10,300,0.0001,50,least_cost,Ranked + weighted SHARK,Random 25% immutable,α = 1,1.0,1473,0,3,False,,,,,,,False,75.16469999995934,Positive directional derivative for linesearch
Obesity,7,42,10,300,0.0001,50,least_cost,Ranked + weighted SHARK,Random 25% immutable,α < 1,0.01,1473,0,3,False,,,,,,,False,1303.4488999999212,Iteration limit reached
Obesity,7,42,10,300,0.0001,50,least_cost,Ranked + weighted SHARK,Random 50% immutable,α = 1,1.0,1473,0,3,False,,,,,,,False,3.650800000059462,Positive directional derivative for linesearch
Obesity,7,42,10,300,0.0001,50,least_cost,Ranked + weighted SHARK,Random 50% immutable,α < 1,0.01,1473,0,3,False,,,,,,,False,10.100700000066354,Positive directional derivative for linesearch
Obesity,7,42,10,300,0.0001,50,least_cost,Ranked + weighted SHARK,Random 75% immutable,α = 1,1.0,1473,0,3,False,,,,,,,False,66.84050000012576,Positive directional derivative for linesearch
Obesity,7,42,10,300,0.0001,50,least_cost,Ranked + weighted SHARK,Random 75% immutable,α < 1,0.01,1473,0,3,False,,,,,,,False,925.9377000000768,Iteration limit reached
Obesity,7,42,10,300,0.0001,50,least_cost,Ranked + weighted SHARK,All features mutable,α = 1,1.0,581,6,3,True,,17.0,1.1522153677897085,4.0908267767588375,1.786845890061205,0.786845890061205,True,8.16009999994094,Optimization terminated successfully
Obesity,7,42,10,300,0.0001,50,least_cost,Ranked + weighted SHARK,All features mutable,α < 1,0.01,581,6,3,True,,17.0,4.562888077763853,8.678288750900471,1.0,0.0,False,7.565699999986464,Optimization terminated successfully
Obesity,7,42,10,300,0.0001,50,least_cost,Ranked + weighted SHARK,Random 25% immutable,α = 1,1.0,581,6,3,False,,,,,,,False,1296.994899999845,Iteration limit reached
Obesity,7,42,10,300,0.0001,50,least_cost,Ranked + weighted SHARK,Random 25% immutable,α < 1,0.01,581,6,3,False,,,,,,,False,2.674299999853247,Positive directional derivative for linesearch
Obesity,7,42,10,300,0.0001,50,least_cost,Ranked + weighted SHARK,Random 50% immutable,α = 1,1.0,581,6,3,False,,,,,,,False,1119.1705999999613,Iteration limit reached
Obesity,7,42,10,300,0.0001,50,least_cost,Ranked + weighted SHARK,Random 50% immutable,α < 1,0.01,581,6,3,False,,,,,,,False,1103.9265999997951,Iteration limit reached
Obesity,7,42,10,300,0.0001,50,least_cost,Ranked + weighted SHARK,Random 75% immutable,α = 1,1.0,581,6,3,False,,,,,,,False,910.5829000000085,Iteration limit reached
Obesity,7,42,10,300,0.0001,50,least_cost,Ranked + weighted SHARK,Random 75% immutable,α < 1,0.01,581,6,3,False,,,,,,,False,10.727900000119917,Positive directional derivative for linesearch
Obesity,7,42,10,300,0.0001,50,least_cost,Ranked + weighted SHARK,All features mutable,α = 1,1.0,939,6,3,True,,16.0,1.152215367789705,3.9519945790393307,1.8600747064399483,0.8600747064399483,True,7.276999999930922,Optimization terminated successfully
Obesity,7,42,10,300,0.0001,50,least_cost,Ranked + weighted SHARK,All features mutable,α < 1,0.01,939,6,3,True,,16.0,4.562888078086555,8.007593495509536,1.0000000000000013,1.3322676295501878e-15,True,7.897899999989022,Optimization terminated successfully
Obesity,7,42,10,300,0.0001,50,least_cost,Ranked + weighted SHARK,Random 25% immutable,α = 1,1.0,939,6,3,True,,12.0,1.1522153677897062,4.061061536815485,1.745495184912407,0.745495184912407,True,6.0335000000577566,Optimization terminated successfully
Obesity,7,42,10,300,0.0001,50,least_cost,Ranked + weighted SHARK,Random 25% immutable,α < 1,0.01,939,6,3,True,,12.0,4.5628880777638505,8.574271584882666,1.0000000000000002,2.220446049250313e-16,True,6.056300000182091,Optimization terminated successfully
Obesity,7,42,10,300,0.0001,50,least_cost,Ranked + weighted SHARK,Random 50% immutable,α = 1,1.0,939,6,3,False,,,,,,,False,2.108200000066063,Positive directional derivative for linesearch
Obesity,7,42,10,300,0.0001,50,least_cost,Ranked + weighted SHARK,Random 50% immutable,α < 1,0.01,939,6,3,False,,,,,,,False,62.884100000019316,Positive directional derivative for linesearch
Obesity,7,42,10,300,0.0001,50,least_cost,Ranked + weighted SHARK,Random 75% immutable,α = 1,1.0,939,6,3,False,,,,,,,False,921.6999000000214,Iteration limit reached
Obesity,7,42,10,300,0.0001,50,least_cost,Ranked + weighted SHARK,Random 75% immutable,α < 1,0.01,939,6,3,False,,,,,,,False,934.7964999999476,Iteration limit reached
Obesity,7,42,10,300,0.0001,50,least_cost,Ranked + weighted SHARK,All features mutable,α = 1,1.0,746,3,1,True,,13.0,1.612249838224304e-14,3.500392996679243,1.8796100446162076,0.8796100446162076,True,10.587900000018635,Optimization terminated successfully
Obesity,7,42,10,300,0.0001,50,least_cost,Ranked + weighted SHARK,All features mutable,α < 1,0.01,746,3,1,True,,13.0,6.234478051099277e-14,7.728951241097273,1.0000000000035205,3.5205172110863714e-12,True,14.00340000009237,Optimization terminated successfully
Obesity,7,42,10,300,0.0001,50,least_cost,Ranked + weighted SHARK,Random 25% immutable,α = 1,1.0,746,3,1,True,,7.0,1.6193162790854682e-14,3.5046221154073693,1.8750764315640833,0.8750764315640833,True,8.137099999885322,Optimization terminated successfully
Obesity,7,42,10,300,0.0001,50,least_cost,Ranked + weighted SHARK,Random 25% immutable,α < 1,0.01,746,3,1,True,,7.0,6.333422669074156e-14,7.8624248039889695,1.0,0.0,False,10.027600000057646,Optimization terminated successfully
Obesity,7,42,10,300,0.0001,50,least_cost,Ranked + weighted SHARK,Random 50% immutable,α = 1,1.0,746,3,1,True,,6.0,2.241762062476966,18.461417770704692,1.0,0.0,False,6.2579999998888525,Optimization terminated successfully
Obesity,7,42,10,300,0.0001,50,least_cost,Ranked + weighted SHARK,Random 50% immutable,α < 1,0.01,746,3,1,True,,6.0,0.0002241762062882923,12.718675581253978,1.0,0.0,False,3.4190000001217413,Optimization terminated successfully
Obesity,7,42,10,300,0.0001,50,least_cost,Ranked + weighted SHARK,Random 75% immutable,α = 1,1.0,746,3,1,True,,3.0,1.2796138514275652e-14,7.092694276342663,1.0,0.0,False,1.6276000001198554,Optimization terminated successfully
Obesity,7,42,10,300,0.0001,50,least_cost,Ranked + weighted SHARK,Random 75% immutable,α < 1,0.01,746,3,1,True,,3.0,1.2796138514275652e-14,7.092694276342663,1.0,0.0,False,1.6464000000269152,Optimization terminated successfully
Obesity,7,42,10,300,0.0001,50,least_cost,Ranked + weighted SHARK,All features mutable,α = 1,1.0,1430,1,0,True,,19.0,1.1522153677934168,1.8539112392071497,1.8823473606132168,0.8823473606132168,True,9.673799999973198,Optimization terminated successfully
Obesity,7,42,10,300,0.0001,50,least_cost,Ranked + weighted SHARK,All features mutable,α < 1,0.01,1430,1,0,True,,19.0,4.562888078270156,4.260287569859011,1.0000000000000004,4.440892098500626e-16,True,9.238399999958347,Optimization terminated successfully
Obesity,7,42,10,300,0.0001,50,least_cost,Ranked + weighted SHARK,Random 25% immutable,α = 1,1.0,1430,1,0,True,,14.0,1.1522153677934177,1.8539485216766733,1.8821176320407536,0.8821176320407536,True,8.335499999930107,Optimization terminated successfully
Obesity,7,42,10,300,0.0001,50,least_cost,Ranked + weighted SHARK,Random 25% immutable,α < 1,0.01,1430,1,0,True,,14.0,4.562888078272712,4.284569752880646,1.0,0.0,False,8.33650000004127,Optimization terminated successfully
Obesity,7,42,10,300,0.0001,50,least_cost,Ranked + weighted SHARK,Random 50% immutable,α = 1,1.0,1430,1,0,True,,10.0,2.368851317434639,11.571523446558025,1.0000000000023457,2.3456792064280307e-12,True,3.813300000047093,Optimization terminated successfully
Obesity,7,42,10,300,0.0001,50,least_cost,Ranked + weighted SHARK,Random 50% immutable,α < 1,0.01,1430,1,0,False,,,,,,,False,38.467299999865645,Positive directional derivative for linesearch
Obesity,7,42,10,300,0.0001,50,least_cost,Ranked + weighted SHARK,Random 75% immutable,α = 1,1.0,1430,1,0,False,,,,,,,False,927.5593999998364,Iteration limit reached
Obesity,7,42,10,300,0.0001,50,least_cost,Ranked + weighted SHARK,Random 75% immutable,α < 1,0.01,1430,1,0,False,,,,,,,False,955.8608999998341,Iteration limit reached
Obesity,7,42,10,300,0.0001,50,least_cost,Ranked + weighted SHARK,All features mutable,α = 1,1.0,894,6,2,True,,17.0,1.1522153678812175,1.8207243834446447,1.9933989617164873,0.9933989617164873,True,8.597400000098787,Optimization terminated successfully
Obesity,7,42,10,300,0.0001,50,least_cost,Ranked + weighted SHARK,All features mutable,α < 1,0.01,894,6,2,True,,12.0,4.562888078050891,4.021168418751141,1.0,0.0,False,13.259100000141189,Optimization terminated successfully
Obesity,7,42,10,300,0.0001,50,least_cost,Ranked + weighted SHARK,Random 25% immutable,α = 1,1.0,894,6,2,True,,13.0,1.1522153678820755,1.8216472009694133,1.9867909583014012,0.9867909583014012,True,5.768500000158383,Optimization terminated successfully
Obesity,7,42,10,300,0.0001,50,least_cost,Ranked + weighted SHARK,Random 25% immutable,α < 1,0.01,894,6,2,False,,,,,,,False,6.34900000000016,Positive directional derivative for linesearch
Obesity,7,42,10,300,0.0001,50,least_cost,Ranked + weighted SHARK,Random 50% immutable,α = 1,1.0,894,6,2,True,,8.0,1.1522153678821496,1.8216244734943676,1.9869532160129069,0.9869532160129069,True,4.7245999999177,Optimization terminated successfully
Obesity,7,42,10,300,0.0001,50,least_cost,Ranked + weighted SHARK,Random 50% immutable,α < 1,0.01,894,6,2,False,,,,,,,False,15.383100000008199,Positive directional derivative for linesearch
Obesity,7,42,10,300,0.0001,50,least_cost,Ranked + weighted SHARK,Random 75% immutable,α = 1,1.0,894,6,2,False,,,,,,,False,12.011399999892092,Positive directional derivative for linesearch
Obesity,7,42,10,300,0.0001,50,least_cost,Ranked + weighted SHARK,Random 75% immutable,α < 1,0.01,894,6,2,False,,,,,,,False,30.335599999943952,Positive directional derivative for linesearch
Obesity,7,42,10,300,0.0001,50,least_cost,Ranked + weighted SHARK,All features mutable,α = 1,1.0,143,2,3,True,,12.0,1.9163139258723317e-14,3.3295746177884356,1.859967489868698,0.859967489868698,True,2.9426999999486725,Optimization terminated successfully
Obesity,7,42,10,300,0.0001,50,least_cost,Ranked + weighted SHARK,All features mutable,α < 1,0.01,143,2,3,True,,12.0,7.359518668516455e-14,7.311853709140493,1.0,0.0,False,3.143399999999019,Optimization terminated successfully
Obesity,7,42,10,300,0.0001,50,least_cost,Ranked + weighted SHARK,Random 25% immutable,α = 1,1.0,143,2,3,True,,9.0,1.9189536824727817e-14,3.3305976371395296,1.857872048547174,0.857872048547174,True,2.4983000000702305,Optimization terminated successfully
Obesity,7,42,10,300,0.0001,50,least_cost,Ranked + weighted SHARK,Random 25% immutable,α < 1,0.01,143,2,3,True,,8.0,7.395964513344245e-14,7.335388723415053,1.0,0.0,False,2.163399999972171,Optimization terminated successfully
Obesity,7,42,10,300,0.0001,50,least_cost,Ranked + weighted SHARK,Random 50% immutable,α = 1,1.0,143,2,3,True,,4.0,2.293613015326232e-14,4.157036592430654,1.5735533586411736,0.5735533586411736,True,1.886000000013155,Optimization terminated successfully
Obesity,7,42,10,300,0.0001,50,least_cost,Ranked + weighted SHARK,Random 50% immutable,α < 1,0.01,143,2,3,True,,4.0,6.341929009784609e-14,8.088304437989798,1.0,0.0,False,2.0944000000326923,Optimization terminated successfully
Obesity,7,42,10,300,0.0001,50,least_cost,Ranked + weighted SHARK,Random 75% immutable,α = 1,1.0,143,2,3,True,,1.0,1.3195456461630517e-15,2.304689532260658,1.0000000000025762,2.5761615063402132e-12,True,1.5628999999535154,Optimization terminated successfully
Obesity,7,42,10,300,0.0001,50,least_cost,Ranked + weighted SHARK,Random 75% immutable,α < 1,0.01,143,2,3,True,,1.0,1.3195456461662568e-15,2.304689532263457,1.0000000000013616,1.361577517400292e-12,True,1.5971000000263302,Optimization terminated successfully
Obesity,7,42,10,300,0.0001,50,least_cost,Ranked + weighted SHARK,All features mutable,α = 1,1.0,1632,1,0,True,,17.0,1.1522153677936404,1.875748733366777,1.8180407570321513,0.8180407570321513,True,10.031600000047547,Optimization terminated successfully
Obesity,7,42,10,300,0.0001,50,least_cost,Ranked + weighted SHARK,All features mutable,α < 1,0.01,1632,1,0,True,,17.0,4.562888078255824,4.675022433082668,1.000000000000001,1.1102230246251565e-15,True,9.475900000097681,Optimization terminated successfully
Obesity,7,42,10,300,0.0001,50,least_cost,Ranked + weighted SHARK,Random 25% immutable,α = 1,1.0,1632,1,0,True,,14.0,1.152215367785664,1.875752312473329,1.818020650709594,0.818020650709594,True,8.141900000055102,Optimization terminated successfully
Obesity,7,42,10,300,0.0001,50,least_cost,Ranked + weighted SHARK,Random 25% immutable,α < 1,0.01,1632,1,0,True,,14.0,4.562888078256024,4.678472461828453,1.0,0.0,False,8.464399999866146,Optimization terminated successfully
Obesity,7,42,10,300,0.0001,50,least_cost,Ranked + weighted SHARK,Random 50% immutable,α = 1,1.0,1632,1,0,False,,,,,,,False,2.105099999880622,Positive directional derivative for linesearch
Obesity,7,42,10,300,0.0001,50,least_cost,Ranked + weighted SHARK,Random 50% immutable,α < 1,0.01,1632,1,0,False,,,,,,,False,40.54010000004382,Positive directional derivative for linesearch
Obesity,7,42,10,300,0.0001,50,least_cost,Ranked + weighted SHARK,Random 75% immutable,α = 1,1.0,1632,1,0,False,,,,,,,False,1.7418999998426443,Positive directional derivative for linesearch
Obesity,7,42,10,300,0.0001,50,least_cost,Ranked + weighted SHARK,Random 75% immutable,α < 1,0.01,1632,1,0,False,,,,,,,False,20.414099999925384,Positive directional derivative for linesearch
Obesity,7,42,10,300,0.0001,50,least_cost,Ranked + weighted SHARK,All features mutable,α = 1,1.0,1090,6,4,True,,18.0,1.152215367789688,4.0178740469106895,1.1685254742013398,0.1685254742013398,True,12.0460999999068,Optimization terminated successfully
Obesity,7,42,10,300,0.0001,50,least_cost,Ranked + weighted SHARK,All features mutable,α < 1,0.01,1090,6,4,True,,18.0,4.562888078086508,4.760236083376406,1.0050251256061642,0.005025125606164194,True,7.895299999972849,Optimization terminated successfully
Obesity,7,42,10,300,0.0001,50,least_cost,Ranked + weighted SHARK,Random 25% immutable,α = 1,1.0,1090,6,4,False,,,,,,,False,1280.8871999998246,Iteration limit reached
Obesity,7,42,10,300,0.0001,50,least_cost,Ranked + weighted SHARK,Random 25% immutable,α < 1,0.01,1090,6,4,False,,,,,,,False,30.62369999997827,Positive directional derivative for linesearch
Obesity,7,42,10,300,0.0001,50,least_cost,Ranked + weighted SHARK,Random 50% immutable,α = 1,1.0,1090,6,4,False,,,,,,,False,1114.0525000000707,Iteration limit reached
Obesity,7,42,10,300,0.0001,50,least_cost,Ranked + weighted SHARK,Random 50% immutable,α < 1,0.01,1090,6,4,False,,,,,,,False,34.488200000168945,Positive directional derivative for linesearch
Obesity,7,42,10,300,0.0001,50,least_cost,Ranked + weighted SHARK,Random 75% immutable,α = 1,1.0,1090,6,4,False,,,,,,,False,928.125399999999,Iteration limit reached
Obesity,7,42,10,300,0.0001,50,least_cost,Ranked + weighted SHARK,Random 75% immutable,α < 1,0.01,1090,6,4,False,,,,,,,False,42.903000000023894,Positive directional derivative for linesearch
Obesity,7,42,10,300,0.0001,50,least_cost,Ranked + weighted SHARK,All features mutable,α = 1,1.0,1041,6,1,True,,2.0,1.1522153677896754,1.5180351562396088,1.9999999999996005,0.9999999999996005,True,7.875799999965238,Optimization terminated successfully
Obesity,7,42,10,300,0.0001,50,least_cost,Ranked + weighted SHARK,All features mutable,α < 1,0.01,1041,6,1,True,,11.0,4.5628880780158525,3.175491502134909,1.005025101048848,0.005025101048848013,True,15.204900000071575,Optimization terminated successfully
Obesity,7,42,10,300,0.0001,50,least_cost,Ranked + weighted SHARK,Random 25% immutable,α = 1,1.0,1041,6,1,False,,,,,,,False,1321.7570000001615,Iteration limit reached
Obesity,7,42,10,300,0.0001,50,least_cost,Ranked + weighted SHARK,Random 25% immutable,α < 1,0.01,1041,6,1,False,,,,,,,False,5.036600000039471,Positive directional derivative for linesearch
Obesity,7,42,10,300,0.0001,50,least_cost,Ranked + weighted SHARK,Random 50% immutable,α = 1,1.0,1041,6,1,False,,,,,,,False,1123.1414999999743,Iteration limit reached
Obesity,7,42,10,300,0.0001,50,least_cost,Ranked + weighted SHARK,Random 50% immutable,α < 1,0.01,1041,6,1,False,,,,,,,False,12.91839999998956,Positive directional derivative for linesearch
Obesity,7,42,10,300,0.0001,50,least_cost,Ranked + weighted SHARK,Random 75% immutable,α = 1,1.0,1041,6,1,False,,,,,,,False,953.4412999998949,Iteration limit reached
Obesity,7,42,10,300,0.0001,50,least_cost,Ranked + weighted SHARK,Random 75% immutable,α < 1,0.01,1041,6,1,False,,,,,,,False,924.5012999999744,Iteration limit reached
Obesity,7,42,10,300,0.0001,50,least_cost,Ranked + weighted SHARK,All features mutable,α = 1,1.0,1594,1,0,True,,18.0,1.1522153677934583,1.8372582223547562,1.9355493960780517,0.9355493960780517,True,34.79109999989305,Optimization terminated successfully
Obesity,7,42,10,300,0.0001,50,least_cost,Ranked + weighted SHARK,All features mutable,α < 1,0.01,1594,1,0,True,,18.0,4.562888077814828,4.014798198728175,1.0,0.0,False,16.415699999924982,Optimization terminated successfully
Obesity,7,42,10,300,0.0001,50,least_cost,Ranked + weighted SHARK,Random 25% immutable,α = 1,1.0,1594,1,0,True,,12.0,1.1522153677932763,1.8379713109775668,1.9308249997411975,0.9308249997411975,True,11.639399999921807,Optimization terminated successfully
Obesity,7,42,10,300,0.0001,50,least_cost,Ranked + weighted SHARK,Random 25% immutable,α < 1,0.01,1594,1,0,True,,12.0,4.562888077840913,5.536066792924373,1.0000000000000009,8.881784197001252e-16,True,30.566199999839228,Optimization terminated successfully
Obesity,7,42,10,300,0.0001,50,least_cost,Ranked + weighted SHARK,Random 50% immutable,α = 1,1.0,1594,1,0,True,,10.0,2.241762062470515,2.2973499645743662,1.0279550957516972,0.02795509575169719,True,8.136400000012145,Optimization terminated successfully
Obesity,7,42,10,300,0.0001,50,least_cost,Ranked + weighted SHARK,Random 50% immutable,α < 1,0.01,1594,1,0,False,,,,,,,False,61.446300000170595,Positive directional derivative for linesearch
Obesity,7,42,10,300,0.0001,50,least_cost,Ranked + weighted SHARK,Random 75% immutable,α = 1,1.0,1594,1,0,False,,,,,,,False,2.4960000000646687,Positive directional derivative for linesearch
Obesity,7,42,10,300,0.0001,50,least_cost,Ranked + weighted SHARK,Random 75% immutable,α < 1,0.01,1594,1,0,False,,,,,,,False,65.44799999983297,Positive directional derivative for linesearch
Obesity,7,42,10,300,0.0001,50,least_cost,Ranked + weighted SHARK,All features mutable,α = 1,1.0,417,5,3,True,,15.0,0.5600025384285452,3.6305114849101785,1.954327240910907,0.9543272409109069,True,28.284900000016933,Optimization terminated successfully
Obesity,7,42,10,300,0.0001,50,least_cost,Ranked + weighted SHARK,All features mutable,α < 1,0.01,417,5,3,True,,15.0,2.2176660524308445,7.925546909802776,1.0000000000000002,2.220446049250313e-16,True,14.734699999962686,Optimization terminated successfully
Obesity,7,42,10,300,0.0001,50,least_cost,Ranked + weighted SHARK,Random 25% immutable,α = 1,1.0,417,5,3,False,,,,,,,False,2438.5298999998213,Iteration limit reached
Obesity,7,42,10,300,0.0001,50,least_cost,Ranked + weighted SHARK,Random 25% immutable,α < 1,0.01,417,5,3,False,,,,,,,False,1316.8769000001248,Iteration limit reached
Obesity,7,42,10,300,0.0001,50,least_cost,Ranked + weighted SHARK,Random 50% immutable,α = 1,1.0,417,5,3,True,,8.0,0.5600025384285403,3.7507122992291855,1.820410207198286,0.820410207198286,True,4.8903000001701,Optimization terminated successfully
Obesity,7,42,10,300,0.0001,50,least_cost,Ranked + weighted SHARK,Random 50% immutable,α < 1,0.01,417,5,3,False,,,,,,,False,12.746299999889743,Positive directional derivative for linesearch
Obesity,7,42,10,300,0.0001,50,least_cost,Ranked + weighted SHARK,Random 75% immutable,α = 1,1.0,417,5,3,False,,,,,,,False,1.5831000000616768,Positive directional derivative for linesearch
Obesity,7,42,10,300,0.0001,50,least_cost,Ranked + weighted SHARK,Random 75% immutable,α < 1,0.01,417,5,3,False,,,,,,,False,1.6920999999001651,Positive directional derivative for linesearch
Obesity,7,42,10,300,0.0001,50,least_cost,Ranked + weighted SHARK,All features mutable,α = 1,1.0,1746,1,3,True,,14.0,1.8678458094203806e-14,3.470496681997413,1.955646088048531,0.9556460880485309,True,2.7426999999988766,Optimization terminated successfully
Obesity,7,42,10,300,0.0001,50,least_cost,Ranked + weighted SHARK,All features mutable,α < 1,0.01,1746,1,3,True,,14.0,6.243589681408626e-14,7.593437528185535,1.0,0.0,False,2.7569999999741412,Optimization terminated successfully
Obesity,7,42,10,300,0.0001,50,least_cost,Ranked + weighted SHARK,Random 25% immutable,α = 1,1.0,1746,1,3,True,,8.0,1.2019191301526403e-14,6.9754351844681,1.0,0.0,False,2.346299999999246,Optimization terminated successfully
Obesity,7,42,10,300,0.0001,50,least_cost,Ranked + weighted SHARK,Random 25% immutable,α < 1,0.01,1746,1,3,True,,8.0,1.1284294928352619e-14,6.765700498390838,1.0,0.0,False,2.4429000000054657,Optimization terminated successfully
Obesity,7,42,10,300,0.0001,50,least_cost,Ranked + weighted SHARK,Random 50% immutable,α = 1,1.0,1746,1,3,True,,7.0,1.8835907596902897e-14,3.4784382148796644,1.9467265110779488,0.9467265110779488,True,1.9485000000258879,Optimization terminated successfully
Obesity,7,42,10,300,0.0001,50,least_cost,Ranked + weighted SHARK,Random 50% immutable,α < 1,0.01,1746,1,3,True,,7.0,6.77069246364702e-14,8.671812822446174,1.0000000000000242,2.4202861936828413e-14,True,2.0087999998850137,Optimization terminated successfully
Obesity,7,42,10,300,0.0001,50,least_cost,Ranked + weighted SHARK,Random 75% immutable,α = 1,1.0,1746,1,3,True,,4.0,1.0516060184460382e-14,5.668295739365555,1.0,0.0,False,2.1174999999402644,Optimization terminated successfully
Obesity,7,42,10,300,0.0001,50,least_cost,Ranked + weighted SHARK,Random 75% immutable,α < 1,0.01,1746,1,3,True,,4.0,1.0516060184460382e-14,5.668295739365555,1.0,0.0,False,1.4752000001863053,Optimization terminated successfully
Obesity,7,42,10,300,0.0001,50,least_cost,Ranked + weighted SHARK,All features mutable,α = 1,1.0,1161,6,1,False,,,,,,,False,23.817900000040026,Positive directional derivative for linesearch
Obesity,7,42,10,300,0.0001,50,least_cost,Ranked + weighted SHARK,All features mutable,α < 1,0.01,1161,6,1,True,,11.0,4.562888078004695,3.565630666989138,1.0050251256240967,0.005025125624096738,True,14.901000000008935,Optimization terminated successfully
Obesity,7,42,10,300,0.0001,50,least_cost,Ranked + weighted SHARK,Random 25% immutable,α = 1,1.0,1161,6,1,False,,,,,,,False,1302.379700000074,Iteration limit reached
Obesity,7,42,10,300,0.0001,50,least_cost,Ranked + weighted SHARK,Random 25% immutable,α < 1,0.01,1161,6,1,False,,,,,,,False,14.901699999882112,Positive directional derivative for linesearch
Obesity,7,42,10,300,0.0001,50,least_cost,Ranked + weighted SHARK,Random 50% immutable,α = 1,1.0,1161,6,1,False,,,,,,,False,16.24050000009447,Positive directional derivative for linesearch
Obesity,7,42,10,300,0.0001,50,least_cost,Ranked + weighted SHARK,Random 50% immutable,α < 1,0.01,1161,6,1,True,,5.0,4.562888077942837,4.492304734779209,1.0000000000512592,5.12592190915484e-11,True,11.851599999999962,Optimization terminated successfully
Obesity,7,42,10,300,0.0001,50,least_cost,Ranked + weighted SHARK,Random 75% immutable,α = 1,1.0,1161,6,1,False,,,,,,,False,937.9903000001377,Iteration limit reached
Obesity,7,42,10,300,0.0001,50,least_cost,Ranked + weighted SHARK,Random 75% immutable,α < 1,0.01,1161,6,1,False,,,,,,,False,1.720900000009351,Positive directional derivative for linesearch
Obesity,7,42,10,300,0.0001,50,least_cost,Ranked + weighted SHARK,All features mutable,α = 1,1.0,1718,1,6,True,,2.0,1.1522153677896925,1.5180351562396202,1.999999999999552,0.9999999999995519,True,6.9948000000295,Optimization terminated successfully
Obesity,7,42,10,300,0.0001,50,least_cost,Ranked + weighted SHARK,All features mutable,α < 1,0.01,1718,1,6,True,,2.0,4.56288807798396,3.0208899609168434,1.0050251256281315,0.00502512562813151,True,7.398700000067038,Optimization terminated successfully
Obesity,7,42,10,300,0.0001,50,least_cost,Ranked + weighted SHARK,Random 25% immutable,α = 1,1.0,1718,1,6,True,,2.0,1.1522153677896925,1.5180351562396202,1.999999999999552,0.9999999999995519,True,6.166399999983696,Optimization terminated successfully
Obesity,7,42,10,300,0.0001,50,least_cost,Ranked + weighted SHARK,Random 25% immutable,α < 1,0.01,1718,1,6,True,,2.0,4.56288807798396,3.0208899609168434,1.0050251256281315,0.00502512562813151,True,5.800799999860828,Optimization terminated successfully
Obesity,7,42,10,300,0.0001,50,least_cost,Ranked + weighted SHARK,Random 50% immutable,α = 1,1.0,1718,1,6,False,,,,,,,False,1.9464999998035637,Positive directional derivative for linesearch
Obesity,7,42,10,300,0.0001,50,least_cost,Ranked + weighted SHARK,Random 50% immutable,α < 1,0.01,1718,1,6,False,,,,,,,False,1099.1444000001138,Iteration limit reached
Obesity,7,42,10,300,0.0001,50,least_cost,Ranked + weighted SHARK,Random 75% immutable,α = 1,1.0,1718,1,6,False,,,,,,,False,1.4991999998983374,Positive directional derivative for linesearch
Obesity,7,42,10,300,0.0001,50,least_cost,Ranked + weighted SHARK,Random 75% immutable,α < 1,0.01,1718,1,6,False,,,,,,,False,927.4230000000898,Iteration limit reached
Obesity,7,42,10,300,0.0001,50,least_cost,Ranked + weighted SHARK,All features mutable,α = 1,1.0,347,4,5,True,,1.0,0.5600025384285201,1.0583029230126273,1.999999999999554,0.9999999999995539,True,7.358899999871937,Optimization terminated successfully
Obesity,7,42,10,300,0.0001,50,least_cost,Ranked + weighted SHARK,All features mutable,α < 1,0.01,347,4,5,True,,1.0,2.2176660524307725,2.1060228167951234,1.005025125627919,0.005025125627919014,True,7.337399999869376,Optimization terminated successfully
Obesity,7,42,10,300,0.0001,50,least_cost,Ranked + weighted SHARK,Random 25% immutable,α = 1,1.0,347,4,5,True,,1.0,0.5600025384285201,1.0583029230126273,1.999999999999554,0.9999999999995539,True,5.6394999999156425,Optimization terminated successfully
Obesity,7,42,10,300,0.0001,50,least_cost,Ranked + weighted SHARK,Random 25% immutable,α < 1,0.01,347,4,5,True,,1.0,2.2176660524307725,2.1060228167951234,1.005025125627919,0.005025125627919014,True,5.954100000053586,Optimization terminated successfully
Obesity,7,42,10,300,0.0001,50,least_cost,Ranked + weighted SHARK,Random 50% immutable,α = 1,1.0,347,4,5,False,,,,,,,False,1106.4673000000766,Iteration limit reached
Obesity,7,42,10,300,0.0001,50,least_cost,Ranked + weighted SHARK,Random 50% immutable,α < 1,0.01,347,4,5,False,,,,,,,False,1107.931699999881,Iteration limit reached
Obesity,7,42,10,300,0.0001,50,least_cost,Ranked + weighted SHARK,Random 75% immutable,α = 1,1.0,347,4,5,False,,,,,,,False,941.2131999999929,Iteration limit reached
Obesity,7,42,10,300,0.0001,50,least_cost,Ranked + weighted SHARK,Random 75% immutable,α < 1,0.01,347,4,5,False,,,,,,,False,933.5097999999107,Iteration limit reached
Obesity,7,42,10,300,0.0001,50,least_cost,Ranked + weighted SHARK,All features mutable,α = 1,1.0,1442,1,0,True,,19.0,1.1522153677933014,1.8227222933632177,1.9855467062424808,0.9855467062424808,True,10.469299999840587,Optimization terminated successfully
Obesity,7,42,10,300,0.0001,50,least_cost,Ranked + weighted SHARK,All features mutable,α < 1,0.01,1442,1,0,True,,19.0,4.562888078287618,3.830715385480736,1.0,0.0,False,9.597299999995812,Optimization terminated successfully
Obesity,7,42,10,300,0.0001,50,least_cost,Ranked + weighted SHARK,Random 25% immutable,α = 1,1.0,1442,1,0,True,,12.0,2.3688513174425507,12.81484370953611,1.0,0.0,False,4.398799999989933,Optimization terminated successfully
Obesity,7,42,10,300,0.0001,50,least_cost,Ranked + weighted SHARK,Random 25% immutable,α < 1,0.01,1442,1,0,False,,,,,,,False,14.605200000005425,Positive directional derivative for linesearch
Obesity,7,42,10,300,0.0001,50,least_cost,Ranked + weighted SHARK,Random 50% immutable,α = 1,1.0,1442,1,0,True,,11.0,1.1522153677931297,1.823407301171618,1.9806866161384755,0.9806866161384755,True,6.916699999919729,Optimization terminated successfully
Obesity,7,42,10,300,0.0001,50,least_cost,Ranked + weighted SHARK,Random 50% immutable,α < 1,0.01,1442,1,0,True,,11.0,4.56288807786698,4.554833454802521,1.0,0.0,False,7.744200000161072,Optimization terminated successfully
Obesity,7,42,10,300,0.0001,50,least_cost,Ranked + weighted SHARK,Random 75% immutable,α = 1,1.0,1442,1,0,False,,,,,,,False,912.6722999999402,Iteration limit reached
Obesity,7,42,10,300,0.0001,50,least_cost,Ranked + weighted SHARK,Random 75% immutable,α < 1,0.01,1442,1,0,False,,,,,,,False,923.6479999999574,Iteration limit reached
Obesity,7,42,10,300,0.0001,50,least_cost,Ranked + weighted SHARK,All features mutable,α = 1,1.0,1861,2,3,True,,14.0,2.005690360726796e-14,3.443659879204478,1.879133111737959,0.879133111737959,True,3.024399999958405,Optimization terminated successfully
Obesity,7,42,10,300,0.0001,50,least_cost,Ranked + weighted SHARK,All features mutable,α < 1,0.01,1861,2,3,True,,14.0,7.502815181849866e-14,7.603259444887821,1.0000000000000047,4.6629367034256575e-15,True,2.920500000072934,Optimization terminated successfully
Obesity,7,42,10,300,0.0001,50,least_cost,Ranked + weighted SHARK,Random 25% immutable,α = 1,1.0,1861,2,3,True,,10.0,2.0074121183646373e-14,3.448240744206205,1.8910937012555922,0.8910937012555922,True,2.4983000000702305,Optimization terminated successfully
Obesity,7,42,10,300,0.0001,50,least_cost,Ranked + weighted SHARK,Random 25% immutable,α < 1,0.01,1861,2,3,True,,10.0,7.514200998325468e-14,7.992540818961902,1.0,0.0,False,2.4720999999772175,Optimization terminated successfully
Obesity,7,42,10,300,0.0001,50,least_cost,Ranked + weighted SHARK,Random 50% immutable,α = 1,1.0,1861,2,3,True,,8.0,1.7724715334996074e-14,8.190285931654522,1.0,0.0,False,1.906600000211256,Optimization terminated successfully
Obesity,7,42,10,300,0.0001,50,least_cost,Ranked + weighted SHARK,Random 50% immutable,α < 1,0.01,1861,2,3,True,,8.0,1.4240009496055487e-14,7.2565415113062075,1.0000000000007205,7.205347429817266e-13,True,1.8637000000580883,Optimization terminated successfully
Obesity,7,42,10,300,0.0001,50,least_cost,Ranked + weighted SHARK,Random 75% immutable,α = 1,1.0,1861,2,3,True,,4.0,2.4523433872187358e-14,4.288400203159405,1.5205749082775348,0.5205749082775348,True,1.5323000000080356,Optimization terminated successfully
Obesity,7,42,10,300,0.0001,50,least_cost,Ranked + weighted SHARK,Random 75% immutable,α < 1,0.01,1861,2,3,True,,4.0,6.259521448790009e-14,7.992178575333032,1.0,0.0,False,1.550100000031307,Optimization terminated successfully
Obesity,7,42,10,300,0.0001,50,least_cost,Ranked + weighted SHARK,All features mutable,α = 1,1.0,1883,2,5,True,,1.0,0.5600025384285218,1.0583029230126288,1.999999999999551,0.999999999999551,True,6.924499999968248,Optimization terminated successfully
Obesity,7,42,10,300,0.0001,50,least_cost,Ranked + weighted SHARK,All features mutable,α < 1,0.01,1883,2,5,True,,1.0,2.21766605243078,2.106022816795127,1.0050251256279172,0.005025125627917237,True,7.4904000000515225,Optimization terminated successfully
Obesity,7,42,10,300,0.0001,50,least_cost,Ranked + weighted SHARK,Random 25% immutable,α = 1,1.0,1883,2,5,True,,1.0,0.5600025384285218,1.0583029230126288,1.999999999999551,0.999999999999551,True,5.779399999937596,Optimization terminated successfully
Obesity,7,42,10,300,0.0001,50,least_cost,Ranked + weighted SHARK,Random 25% immutable,α < 1,0.01,1883,2,5,True,,1.0,2.21766605243078,2.106022816795127,1.0050251256279172,0.005025125627917237,True,6.055400000150257,Optimization terminated successfully
Obesity,7,42,10,300,0.0001,50,least_cost,Ranked + weighted SHARK,Random 50% immutable,α = 1,1.0,1883,2,5,False,,,,,,,False,1.7746999999417312,Positive directional derivative for linesearch
Obesity,7,42,10,300,0.0001,50,least_cost,Ranked + weighted SHARK,Random 50% immutable,α < 1,0.01,1883,2,5,False,,,,,,,False,2.008500000101776,Positive directional derivative for linesearch
Obesity,7,42,10,300,0.0001,50,least_cost,Ranked + weighted SHARK,Random 75% immutable,α = 1,1.0,1883,2,5,False,,,,,,,False,904.7786999999516,Iteration limit reached
Obesity,7,42,10,300,0.0001,50,least_cost,Ranked + weighted SHARK,Random 75% immutable,α < 1,0.01,1883,2,5,False,,,,,,,False,905.148699999927,Iteration limit reached
Obesity,7,42,10,300,0.0001,50,least_cost,Ranked + weighted SHARK,All features mutable,α = 1,1.0,906,1,2,True,,15.0,5.277096097630368e-15,1.0090741889639598,1.9860067599264382,0.9860067599264382,True,10.810999999876003,Optimization terminated successfully
Obesity,7,42,10,300,0.0001,50,least_cost,Ranked + weighted SHARK,All features mutable,α < 1,0.01,906,1,2,True,,15.0,2.1135278935793816e-14,2.202043105259868,1.0000000000394416,3.9441561128228386e-11,True,9.780200000022887,Optimization terminated successfully
Obesity,7,42,10,300,0.0001,50,least_cost,Ranked + weighted SHARK,Random 25% immutable,α = 1,1.0,906,1,2,True,,10.0,5.282091940591891e-15,1.0093193951425226,1.985041907598043,0.985041907598043,True,8.736100000078295,Optimization terminated successfully
Obesity,7,42,10,300,0.0001,50,least_cost,Ranked + weighted SHARK,Random 25% immutable,α < 1,0.01,906,1,2,True,,10.0,2.1197774879974545e-14,2.2294766624971465,1.0,0.0,False,8.015200000045297,Optimization terminated successfully
Obesity,7,42,10,300,0.0001,50,least_cost,Ranked + weighted SHARK,Random 50% immutable,α = 1,1.0,906,1,2,True,,6.0,2.733867343544241e-15,3.316655931160443,1.0000000000001994,1.9939605522267811e-13,True,2.1615000000565487,Optimization terminated successfully
Obesity,7,42,10,300,0.0001,50,least_cost,Ranked + weighted SHARK,Random 50% immutable,α < 1,0.01,906,1,2,True,,6.0,4.5532125003990595e-15,4.304803678168443,1.0000000000015248,1.52478030202019e-12,True,2.1621000000777713,Optimization terminated successfully
Obesity,7,42,10,300,0.0001,50,least_cost,Ranked + weighted SHARK,Random 75% immutable,α = 1,1.0,906,1,2,True,,3.0,3.621104004976907e-15,3.0478044061012315,1.0000000000057832,5.7831517352724404e-12,True,1.7427000000225235,Optimization terminated successfully
Obesity,7,42,10,300,0.0001,50,least_cost,Ranked + weighted SHARK,Random 75% immutable,α < 1,0.01,906,1,2,True,,3.0,1.2585453478039843e-14,6.982287838713855,1.0,0.0,False,2.017199999954755,Optimization terminated successfully
Obesity,7,42,10,300,0.0001,50,least_cost,Ranked + weighted SHARK,All features mutable,α = 1,1.0,192,1,4,True,,11.0,1.232639646748924e-16,0.6533498346412339,6.4916838176259635,5.4916838176259635,True,2.793499999825144,Optimization terminated successfully
Obesity,7,42,10,300,0.0001,50,least_cost,Ranked + weighted SHARK,All features mutable,α < 1,0.01,192,1,4,True,,11.0,1.793200872106957e-15,2.4919664431931445,1.7020054720306093,0.7020054720306093,True,3.146200000173849,Optimization terminated successfully
Obesity,7,42,10,300,0.0001,50,least_cost,Ranked + weighted SHARK,Random 25% immutable,α = 1,1.0,192,1,4,True,,8.0,1.2974562417463245e-16,0.6679152019799801,6.211639936875046,5.211639936875046,True,2.4219000001721724,Optimization terminated successfully
Obesity,7,42,10,300,0.0001,50,least_cost,Ranked + weighted SHARK,Random 25% immutable,α < 1,0.01,192,1,4,True,,8.0,1.887493779691174e-15,2.54752076521604,1.6285828844922703,0.6285828844922703,True,2.423799999860421,Optimization terminated successfully
Obesity,7,42,10,300,0.0001,50,least_cost,Ranked + weighted SHARK,Random 50% immutable,α = 1,1.0,192,1,4,True,,6.0,3.216867317428552e-16,1.0045273253806242,2.746157363253574,1.746157363253574,True,1.988400000072943,Optimization terminated successfully
Obesity,7,42,10,300,0.0001,50,least_cost,Ranked + weighted SHARK,Random 50% immutable,α < 1,0.01,192,1,4,True,,6.0,8.27690146475078e-15,5.604611505790493,1.000000000000401,4.0101255649460654e-13,True,1.8382000000656262,Optimization terminated successfully
Obesity,7,42,10,300,0.0001,50,least_cost,Ranked + weighted SHARK,Random 75% immutable,α = 1,1.0,192,1,4,True,,2.0,2.374931949239962e-15,3.1259671274776277,2.410467024126116,1.410467024126116,True,1.5266000000337954,Optimization terminated successfully
Obesity,7,42,10,300,0.0001,50,least_cost,Ranked + weighted SHARK,Random 75% immutable,α < 1,0.01,192,1,4,True,,2.0,3.467148083064739e-14,11.947052998091438,1.0,0.0,False,1.480300000139323,Optimization terminated successfully
Obesity,7,42,10,300,0.0001,50,least_cost,Ranked + weighted SHARK,All features mutable,α = 1,1.0,1774,1,2,True,,15.0,6.326212453558312e-15,1.1048351492964816,1.8138707497003783,0.8138707497003783,True,9.845099999893137,Optimization terminated successfully
Obesity,7,42,10,300,0.0001,50,least_cost,Ranked + weighted SHARK,All features mutable,α < 1,0.01,1774,1,2,True,,17.0,2.314641846292604e-14,3.1735960680311477,1.0,0.0,False,12.0355000001382,Optimization terminated successfully
Obesity,7,42,10,300,0.0001,50,least_cost,Ranked + weighted SHARK,Random 25% immutable,α = 1,1.0,1774,1,2,True,,12.0,6.364140424519982e-15,1.106556183746338,1.808232885914392,0.8082328859143919,True,8.066500000040833,Optimization terminated successfully
Obesity,7,42,10,300,0.0001,50,least_cost,Ranked + weighted SHARK,Random 25% immutable,α < 1,0.01,1774,1,2,True,,9.0,0.00022417620636049006,7.049709255278028,1.0,0.0,False,4.423800000040501,Optimization terminated successfully
Obesity,7,42,10,300,0.0001,50,least_cost,Ranked + weighted SHARK,Random 50% immutable,α = 1,1.0,1774,1,2,True,,8.0,2.2417620624703,8.523899544045653,1.0,0.0,False,5.939599999919665,Optimization terminated successfully
Obesity,7,42,10,300,0.0001,50,least_cost,Ranked + weighted SHARK,Random 50% immutable,α < 1,0.01,1774,1,2,True,,5.0,0.00022417620624335231,3.0585065343600903,1.0,0.0,False,3.403900000193971,Optimization terminated successfully
Obesity,7,42,10,300,0.0001,50,least_cost,Ranked + weighted SHARK,Random 75% immutable,α = 1,1.0,1774,1,2,True,,4.0,2.1067783296280144e-15,2.907550095624219,1.0,0.0,False,1.512099999899874,Optimization terminated successfully
Obesity,7,42,10,300,0.0001,50,least_cost,Ranked + weighted SHARK,Random 75% immutable,α < 1,0.01,1774,1,2,True,,4.0,2.0475889537747913e-15,2.8679457070581917,1.0,0.0,False,1.550999999835767,Optimization terminated successfully
Obesity,7,42,10,300,0.0001,50,least_cost,Ranked + weighted SHARK,All features mutable,α = 1,1.0,1932,2,6,True,,13.0,1.1522153677896978,1.839587797165694,1.927247470794511,0.9272474707945111,True,7.130799999913506,Optimization terminated successfully
Obesity,7,42,10,300,0.0001,50,least_cost,Ranked + weighted SHARK,All features mutable,α < 1,0.01,1932,2,6,True,,13.0,4.562888077983974,3.755981121937357,1.0000000000000002,2.220446049250313e-16,True,7.975799999940136,Optimization terminated successfully
Obesity,7,42,10,300,0.0001,50,least_cost,Ranked + weighted SHARK,Random 25% immutable,α = 1,1.0,1932,2,6,False,,,,,,,False,2.5991999998495885,Positive directional derivative for linesearch
Obesity,7,42,10,300,0.0001,50,least_cost,Ranked + weighted SHARK,Random 25% immutable,α < 1,0.01,1932,2,6,False,,,,,,,False,2.6193000001057953,Positive directional derivative for linesearch
Obesity,7,42,10,300,0.0001,50,least_cost,Ranked + weighted SHARK,Random 50% immutable,α = 1,1.0,1932,2,6,False,,,,,,,False,2.26610000004257,Positive directional derivative for linesearch
Obesity,7,42,10,300,0.0001,50,least_cost,Ranked + weighted SHARK,Random 50% immutable,α < 1,0.01,1932,2,6,False,,,,,,,False,1.9556000002012297,Positive directional derivative for linesearch
Obesity,7,42,10,300,0.0001,50,least_cost,Ranked + weighted SHARK,Random 75% immutable,α = 1,1.0,1932,2,6,False,,,,,,,False,1.5274999998382555,Positive directional derivative for linesearch
Obesity,7,42,10,300,0.0001,50,least_cost,Ranked + weighted SHARK,Random 75% immutable,α < 1,0.01,1932,2,6,False,,,,,,,False,1.5107000001535198,Positive directional derivative for linesearch
Obesity,7,42,10,300,0.0001,50,least_cost,Ranked + weighted SHARK,All features mutable,α = 1,1.0,1327,1,2,True,,15.0,5.4183787572993415e-15,1.0225115327917,1.959945267466167,0.959945267466167,True,10.18219999991743,Optimization terminated successfully
Obesity,7,42,10,300,0.0001,50,least_cost,Ranked + weighted SHARK,All features mutable,α < 1,0.01,1327,1,2,True,,17.0,2.1302530390320017e-14,2.2995141661573704,1.0,0.0,False,13.260200000104305,Optimization terminated successfully
Obesity,7,42,10,300,0.0001,50,least_cost,Ranked + weighted SHARK,Random 25% immutable,α = 1,1.0,1327,1,2,True,,7.0,1.5033104368962056e-14,7.816434516290492,1.0,0.0,False,2.4842000000262487,Optimization terminated successfully
Obesity,7,42,10,300,0.0001,50,least_cost,Ranked + weighted SHARK,Random 25% immutable,α < 1,0.01,1327,1,2,True,,8.0,1.7316733713750467e-14,8.421392267653923,1.0,0.0,False,2.678700000160461,Optimization terminated successfully
Obesity,7,42,10,300,0.0001,50,least_cost,Ranked + weighted SHARK,Random 50% immutable,α = 1,1.0,1327,1,2,True,,7.0,5.455779671477027e-15,1.0243410831397448,1.9529502943851065,0.9529502943851065,True,2.074300000003859,Optimization terminated successfully
Obesity,7,42,10,300,0.0001,50,least_cost,Ranked + weighted SHARK,Random 50% immutable,α < 1,0.01,1327,1,2,True,,6.0,2.119176496435557e-14,2.341015318311935,1.0000000000000344,3.441691376337985e-14,True,2.0540999998956977,Optimization terminated successfully
Obesity,7,42,10,300,0.0001,50,least_cost,Ranked + weighted SHARK,Random 75% immutable,α = 1,1.0,1327,1,2,True,,1.0,7.705313908147271e-16,1.7077366583890305,1.0000000000011453,1.1453060722033115e-12,True,1.7124999999396096,Optimization terminated successfully
Obesity,7,42,10,300,0.0001,50,least_cost,Ranked + weighted SHARK,Random 75% immutable,α < 1,0.01,1327,1,2,True,,1.0,7.705313908164919e-16,1.7077366583909863,1.0,0.0,False,2.0984000000225933,Optimization terminated successfully
Obesity,7,42,10,300,0.0001,50,least_cost,Ranked + weighted SHARK,All features mutable,α = 1,1.0,1351,2,5,True,,1.0,0.5600025384285204,1.0583029230126275,1.9999999999995535,0.9999999999995535,True,7.536100000152146,Optimization terminated successfully
Obesity,7,42,10,300,0.0001,50,least_cost,Ranked + weighted SHARK,All features mutable,α < 1,0.01,1351,2,5,True,,1.0,2.2176660524307854,2.1060228167951296,1.005025125627916,0.005025125627915905,True,7.722299999841198,Optimization terminated successfully
Obesity,7,42,10,300,0.0001,50,least_cost,Ranked + weighted SHARK,Random 25% immutable,α = 1,1.0,1351,2,5,True,,1.0,0.5600025384285204,1.0583029230126275,1.9999999999995535,0.9999999999995535,True,6.508900000198992,Optimization terminated successfully
Obesity,7,42,10,300,0.0001,50,least_cost,Ranked + weighted SHARK,Random 25% immutable,α < 1,0.01,1351,2,5,True,,1.0,2.2176660524307854,2.1060228167951296,1.005025125627916,0.005025125627915905,True,6.550899999865578,Optimization terminated successfully
Obesity,7,42,10,300,0.0001,50,least_cost,Ranked + weighted SHARK,Random 50% immutable,α = 1,1.0,1351,2,5,True,,1.0,0.5600025384285204,1.0583029230126275,1.9999999999995535,0.9999999999995535,True,5.242100000032224,Optimization terminated successfully
Obesity,7,42,10,300,0.0001,50,least_cost,Ranked + weighted SHARK,Random 50% immutable,α < 1,0.01,1351,2,5,True,,1.0,2.2176660524307854,2.1060228167951296,1.005025125627916,0.005025125627915905,True,5.316900000025271,Optimization terminated successfully
Obesity,7,42,10,300,0.0001,50,least_cost,Ranked + weighted SHARK,Random 75% immutable,α = 1,1.0,1351,2,5,False,,,,,,,False,905.8474999999362,Iteration limit reached
Obesity,7,42,10,300,0.0001,50,least_cost,Ranked + weighted SHARK,Random 75% immutable,α < 1,0.01,1351,2,5,False,,,,,,,False,903.0930999999782,Iteration limit reached
Obesity,7,42,10,300,0.0001,50,least_cost,Ranked + weighted SHARK,All features mutable,α = 1,1.0,1525,1,6,True,,2.0,1.1522153677896914,1.5180351562396195,1.9999999999995544,0.9999999999995544,True,7.998799999995754,Optimization terminated successfully
Obesity,7,42,10,300,0.0001,50,least_cost,Ranked + weighted SHARK,All features mutable,α < 1,0.01,1525,1,6,True,,2.0,4.5628880779839776,3.0208899609168496,1.0050251256281317,0.0050251256281317325,True,7.668399999829489,Optimization terminated successfully
Obesity,7,42,10,300,0.0001,50,least_cost,Ranked + weighted SHARK,Random 25% immutable,α = 1,1.0,1525,1,6,True,,1.0,2.2417620624704893,2.117433381464716,1.027955095751702,0.027955095751702075,True,6.801699999869015,Optimization terminated successfully
Obesity,7,42,10,300,0.0001,50,least_cost,Ranked + weighted SHARK,Random 25% immutable,α < 1,0.01,1525,1,6,False,,,,,,,False,14.670999999907508,Positive directional derivative for linesearch
Obesity,7,42,10,300,0.0001,50,least_cost,Ranked + weighted SHARK,Random 50% immutable,α = 1,1.0,1525,1,6,True,,2.0,1.1522153677896898,1.5180351562396184,1.9999999999995561,0.9999999999995561,True,4.8725999999987835,Optimization terminated successfully
Obesity,7,42,10,300,0.0001,50,least_cost,Ranked + weighted SHARK,Random 50% immutable,α < 1,0.01,1525,1,6,True,,2.0,4.562888077983972,3.020889960916848,1.0050251256281322,0.0050251256281321766,True,4.940499999975145,Optimization terminated successfully
Obesity,7,42,10,300,0.0001,50,least_cost,Ranked + weighted SHARK,Random 75% immutable,α = 1,1.0,1525,1,6,False,,,,,,,False,914.7829999999431,Iteration limit reached
Obesity,7,42,10,300,0.0001,50,least_cost,Ranked + weighted SHARK,Random 75% immutable,α < 1,0.01,1525,1,6,False,,,,,,,False,928.0221999999867,Iteration limit reached
Obesity,7,42,10,300,0.0001,50,least_cost,Ranked + weighted SHARK,All features mutable,α = 1,1.0,942,2,0,True,,2.0,1.1522153677896927,1.5180351562396204,1.9999999999995473,0.9999999999995473,True,8.374099999855389,Optimization terminated successfully
Obesity,7,42,10,300,0.0001,50,least_cost,Ranked + weighted SHARK,All features mutable,α < 1,0.01,942,2,0,True,,17.0,4.562888078284132,3.276069737623608,1.0050250878951206,0.005025087895120572,True,9.734600000001592,Optimization terminated successfully
Obesity,7,42,10,300,0.0001,50,least_cost,Ranked + weighted SHARK,Random 25% immutable,α = 1,1.0,942,2,0,True,,1.0,2.241762062470475,2.1174333814647093,1.0279550957517054,0.027955095751705406,True,15.730699999949138,Optimization terminated successfully
Obesity,7,42,10,300,0.0001,50,least_cost,Ranked + weighted SHARK,Random 25% immutable,α < 1,0.01,942,2,0,False,,,,,,,False,4.821100000071965,Positive directional derivative for linesearch
Obesity,7,42,10,300,0.0001,50,least_cost,Ranked + weighted SHARK,Random 50% immutable,α = 1,1.0,942,2,0,True,,2.0,1.1522153677896927,1.5180351562396204,1.9999999999995473,0.9999999999995473,True,5.245099999910963,Optimization terminated successfully
Obesity,7,42,10,300,0.0001,50,least_cost,Ranked + weighted SHARK,Random 50% immutable,α < 1,0.01,942,2,0,True,,7.0,4.562888078300926,3.3480524358349095,1.0050251255742066,0.005025125574206646,True,6.313200000022334,Optimization terminated successfully
Obesity,7,42,10,300,0.0001,50,least_cost,Ranked + weighted SHARK,Random 75% immutable,α = 1,1.0,942,2,0,False,,,,,,,False,2.981999999974505,Positive directional derivative for linesearch
Obesity,7,42,10,300,0.0001,50,least_cost,Ranked + weighted SHARK,Random 75% immutable,α < 1,0.01,942,2,0,False,,,,,,,False,2.7371999999559193,Positive directional derivative for linesearch
Obesity,7,42,10,300,0.0001,50,least_cost,Ranked + weighted SHARK,All features mutable,α = 1,1.0,2022,2,0,True,,2.0,1.1522153677896902,1.5180351562396186,1.9999999999995486,0.9999999999995486,True,7.789600000023711,Optimization terminated successfully
Obesity,7,42,10,300,0.0001,50,least_cost,Ranked + weighted SHARK,All features mutable,α < 1,0.01,2022,2,0,True,,17.0,4.562888077983963,3.0212066506846065,1.005025125628133,0.005025125628133065,True,9.783400000060283,Optimization terminated successfully
Obesity,7,42,10,300,0.0001,50,least_cost,Ranked + weighted SHARK,Random 25% immutable,α = 1,1.0,2022,2,0,True,,1.0,2.2417620624705052,2.1174333814647235,1.0279550957516983,0.0279550957516983,True,6.135999999969499,Optimization terminated successfully
Obesity,7,42,10,300,0.0001,50,least_cost,Ranked + weighted SHARK,Random 25% immutable,α < 1,0.01,2022,2,0,False,,,,,,,False,12.71509999992304,Positive directional derivative for linesearch
Obesity,7,42,10,300,0.0001,50,least_cost,Ranked + weighted SHARK,Random 50% immutable,α = 1,1.0,2022,2,0,False,,,,,,,False,1132.728699999916,Iteration limit reached
Obesity,7,42,10,300,0.0001,50,least_cost,Ranked + weighted SHARK,Random 50% immutable,α < 1,0.01,2022,2,0,False,,,,,,,False,1130.6459999998424,Iteration limit reached
Obesity,7,42,10,300,0.0001,50,least_cost,Ranked + weighted SHARK,Random 75% immutable,α = 1,1.0,2022,2,0,False,,,,,,,False,4.319599999917045,Positive directional derivative for linesearch
Obesity,7,42,10,300,0.0001,50,least_cost,Ranked + weighted SHARK,Random 75% immutable,α < 1,0.01,2022,2,0,False,,,,,,,False,9.151900000006208,Positive directional derivative for linesearch
Obesity,7,42,10,300,0.0001,50,least_cost,Ranked + weighted SHARK,All features mutable,α = 1,1.0,1489,2,3,True,,14.0,1.9560173276996028e-14,3.3799199037449577,1.8634262858938622,0.8634262858938622,True,3.4837000000607077,Optimization terminated successfully
Obesity,7,42,10,300,0.0001,50,least_cost,Ranked + weighted SHARK,All features mutable,α < 1,0.01,1489,2,3,True,,14.0,7.357491100275853e-14,7.3783631983866576,1.0000000000000235,2.353672812205332e-14,True,2.6882000001933193,Optimization terminated successfully
Obesity,7,42,10,300,0.0001,50,least_cost,Ranked + weighted SHARK,Random 25% immutable,α = 1,1.0,1489,2,3,True,,9.0,1.9807001172807034e-14,3.397025461509731,1.868674928223687,0.868674928223687,True,2.4344000000837696,Optimization terminated successfully
Obesity,7,42,10,300,0.0001,50,least_cost,Ranked + weighted SHARK,Random 25% immutable,α < 1,0.01,1489,2,3,True,,9.0,7.107437129215984e-14,7.15163970050142,1.0000000000001152,1.1524114995609125e-13,True,2.5408000001334585,Optimization terminated successfully
Obesity,7,42,10,300,0.0001,50,least_cost,Ranked + weighted SHARK,Random 50% immutable,α = 1,1.0,1489,2,3,True,,3.0,2.2005002986924466e-15,2.7836588207514095,1.0,0.0,False,2.239900000176931,Optimization terminated successfully
Obesity,7,42,10,300,0.0001,50,least_cost,Ranked + weighted SHARK,Random 50% immutable,α < 1,0.01,1489,2,3,True,,3.0,2.1855601726698886e-15,2.78314283432676,1.0000000000000415,4.1522341120980855e-14,True,1.8376999998963583,Optimization terminated successfully
Obesity,7,42,10,300,0.0001,50,least_cost,Ranked + weighted SHARK,Random 75% immutable,α = 1,1.0,1489,2,3,True,,2.0,6.813786921879977e-15,5.083061775665071,1.0,0.0,False,1.5142999998261075,Optimization terminated successfully
Obesity,7,42,10,300,0.0001,50,least_cost,Ranked + weighted SHARK,Random 75% immutable,α < 1,0.01,1489,2,3,True,,2.0,6.2621631948174286e-15,4.852875037385386,1.0,0.0,False,1.5543000001798646,Optimization terminated successfully
Obesity,7,42,10,300,0.0001,50,least_cost,Ranked + weighted SHARK,All features mutable,α = 1,1.0,133,5,4,True,,15.0,0.5600025378863579,1.5349426370106998,1.841879861564,0.841879861564,True,5.251600000065082,Optimization terminated successfully
Obesity,7,42,10,300,0.0001,50,least_cost,Ranked + weighted SHARK,All features mutable,α < 1,0.01,133,5,4,True,,16.0,2.2176660524308205,4.256355441272586,1.0000000120011294,1.2001129423566681e-08,True,7.6888000000963075,Optimization terminated successfully
Obesity,7,42,10,300,0.0001,50,least_cost,Ranked + weighted SHARK,Random 25% immutable,α = 1,1.0,133,5,4,False,,,,,,,False,2.608100000088598,Positive directional derivative for linesearch
Obesity,7,42,10,300,0.0001,50,least_cost,Ranked + weighted SHARK,Random 25% immutable,α < 1,0.01,133,5,4,False,,,,,,,False,2.5359999999636784,Positive directional derivative for linesearch
Obesity,7,42,10,300,0.0001,50,least_cost,Ranked + weighted SHARK,Random 50% immutable,α = 1,1.0,133,5,4,False,,,,,,,False,1.9301999998333486,Positive directional derivative for linesearch
Obesity,7,42,10,300,0.0001,50,least_cost,Ranked + weighted SHARK,Random 50% immutable,α < 1,0.01,133,5,4,False,,,,,,,False,1.9886000000042259,Positive directional derivative for linesearch
Obesity,7,42,10,300,0.0001,50,least_cost,Ranked + weighted SHARK,Random 75% immutable,α = 1,1.0,133,5,4,False,,,,,,,False,20.101199999999153,Positive directional derivative for linesearch
Obesity,7,42,10,300,0.0001,50,least_cost,Ranked + weighted SHARK,Random 75% immutable,α < 1,0.01,133,5,4,False,,,,,,,False,23.269400000117457,Positive directional derivative for linesearch
Obesity,7,42,10,300,0.0001,50,least_cost,Ranked + weighted SHARK,All features mutable,α = 1,1.0,1579,1,3,True,,13.0,1.9216026809952788e-14,3.51957332224596,1.9280456599492763,0.9280456599492763,True,2.910800000108793,Optimization terminated successfully
Obesity,7,42,10,300,0.0001,50,least_cost,Ranked + weighted SHARK,All features mutable,α < 1,0.01,1579,1,3,True,,13.0,6.352686734118717e-14,7.785953568646148,1.0,0.0,False,2.8380000001106964,Optimization terminated successfully
Obesity,7,42,10,300,0.0001,50,least_cost,Ranked + weighted SHARK,Random 25% immutable,α = 1,1.0,1579,1,3,True,,7.0,1.7056258084388206e-14,7.334795931872541,1.0,0.0,False,2.45279999990089,Optimization terminated successfully
Obesity,7,42,10,300,0.0001,50,least_cost,Ranked + weighted SHARK,Random 25% immutable,α < 1,0.01,1579,1,3,True,,8.0,1.9905442270488203e-14,8.059517594582228,1.0,0.0,False,2.345499999819367,Optimization terminated successfully
Obesity,7,42,10,300,0.0001,50,least_cost,Ranked + weighted SHARK,Random 50% immutable,α = 1,1.0,1579,1,3,True,,3.0,1.6003341177943704e-14,7.119461918975816,1.0000000000005815,5.81534820298657e-13,True,1.9407000002047425,Optimization terminated successfully
Obesity,7,42,10,300,0.0001,50,least_cost,Ranked + weighted SHARK,Random 50% immutable,α < 1,0.01,1579,1,3,True,,3.0,1.2889378852249357e-14,6.1479977920339826,1.0,0.0,False,1.8654999998943822,Optimization terminated successfully
Obesity,7,42,10,300,0.0001,50,least_cost,Ranked + weighted SHARK,Random 75% immutable,α = 1,1.0,1579,1,3,True,,2.0,1.005206157594081e-14,5.131835708463461,1.0,0.0,False,1.5893999998297659,Optimization terminated successfully
Obesity,7,42,10,300,0.0001,50,least_cost,Ranked + weighted SHARK,Random 75% immutable,α < 1,0.01,1579,1,3,True,,2.0,1.005206157594081e-14,5.131835708463461,1.0,0.0,False,1.5974000000369415,Optimization terminated successfully
Obesity,7,42,10,300,0.0001,50,least_cost,Ranked + weighted SHARK,All features mutable,α = 1,1.0,927,1,0,True,,18.0,1.1522153677935272,1.8647543213594189,1.738236145642697,0.7382361456426969,True,10.156900000083624,Optimization terminated successfully
Obesity,7,42,10,300,0.0001,50,least_cost,Ranked + weighted SHARK,All features mutable,α < 1,0.01,927,1,0,True,,18.0,4.56288807826422,4.466680564547315,1.0000000218565415,2.185654146558136e-08,True,9.82590000012351,Optimization terminated successfully
Obesity,7,42,10,300,0.0001,50,least_cost,Ranked + weighted SHARK,Random 25% immutable,α = 1,1.0,927,1,0,True,,13.0,1.1522153678015041,1.8648194274085939,1.8492700255870533,0.8492700255870533,True,8.081399999809946,Optimization terminated successfully
Obesity,7,42,10,300,0.0001,50,least_cost,Ranked + weighted SHARK,Random 25% immutable,α < 1,0.01,927,1,0,True,,13.0,4.562888078267944,4.517844880729607,1.000000021097782,2.1097781965906393e-08,True,7.9710999998496845,Optimization terminated successfully
Obesity,7,42,10,300,0.0001,50,least_cost,Ranked + weighted SHARK,Random 50% immutable,α = 1,1.0,927,1,0,True,,8.0,2.3688513174457495,11.656503396875271,1.0,0.0,False,4.541199999948731,Optimization terminated successfully
Obesity,7,42,10,300,0.0001,50,least_cost,Ranked + weighted SHARK,Random 50% immutable,α < 1,0.01,927,1,0,False,,,,,,,False,6.559100000004037,Positive directional derivative for linesearch
Obesity,7,42,10,300,0.0001,50,least_cost,Ranked + weighted SHARK,Random 75% immutable,α = 1,1.0,927,1,0,False,,,,,,,False,925.6571999999323,Iteration limit reached
Obesity,7,42,10,300,0.0001,50,least_cost,Ranked + weighted SHARK,Random 75% immutable,α < 1,0.01,927,1,0,False,,,,,,,False,939.8814000001039,Iteration limit reached
Obesity,7,42,10,300,0.0001,50,least_cost,Ranked + weighted SHARK,All features mutable,α = 1,1.0,1800,2,3,True,,14.0,2.0475110755780482e-14,3.441441828529486,1.7921236120254604,0.7921236120254604,True,2.844500000037442,Optimization terminated successfully
Obesity,7,42,10,300,0.0001,50,least_cost,Ranked + weighted SHARK,All features mutable,α < 1,0.01,1800,2,3,True,,14.0,7.548305568730354e-14,7.543183824218391,1.0,0.0,False,2.7665000000069995,Optimization terminated successfully
Obesity,7,42,10,300,0.0001,50,least_cost,Ranked + weighted SHARK,Random 25% immutable,α = 1,1.0,1800,2,3,True,,10.0,2.0477845868256604e-14,3.4456724826552274,1.8041500393207142,0.8041500393207142,True,2.3617000001650013,Optimization terminated successfully
Obesity,7,42,10,300,0.0001,50,least_cost,Ranked + weighted SHARK,Random 25% immutable,α < 1,0.01,1800,2,3,True,,9.0,7.527109246563806e-14,7.880998181479814,1.0,0.0,False,2.3434999998244166,Optimization terminated successfully
Obesity,7,42,10,300,0.0001,50,least_cost,Ranked + weighted SHARK,Random 50% immutable,α = 1,1.0,1800,2,3,True,,5.0,2.453230500734597e-14,4.301303237177598,1.5216632975212385,0.5216632975212385,True,1.9615999999587075,Optimization terminated successfully
Obesity,7,42,10,300,0.0001,50,least_cost,Ranked + weighted SHARK,Random 50% immutable,α < 1,0.01,1800,2,3,True,,5.0,6.491336730428309e-14,8.520255800712405,1.0,0.0,False,2.0090000000436703,Optimization terminated successfully
Obesity,7,42,10,300,0.0001,50,least_cost,Ranked + weighted SHARK,Random 75% immutable,α = 1,1.0,1800,2,3,True,,3.0,4.8008163161895735e-15,4.403831170210279,1.0000000000029545,2.9545255131324666e-12,True,1.6604999998435233,Optimization terminated successfully
Obesity,7,42,10,300,0.0001,50,least_cost,Ranked + weighted SHARK,Random 75% immutable,α < 1,0.01,1800,2,3,True,,3.0,2.001220704922462e-15,2.793930728373727,1.0,0.0,False,1.656700000012279,Optimization terminated successfully
Obesity,7,42,10,300,0.0001,50,least_cost,Ranked + weighted SHARK,All features mutable,α = 1,1.0,1139,1,4,True,,16.0,1.2069593478549145e-15,2.051110546311613,2.1193349092460934,1.1193349092460934,True,2.6920999998765183,Optimization terminated successfully
Obesity,7,42,10,300,0.0001,50,least_cost,Ranked + weighted SHARK,All features mutable,α < 1,0.01,1139,1,4,True,,16.0,4.2414710045019184e-15,3.8450411943903555,1.1305444936070213,0.13054449360702125,True,2.8013999999529915,Optimization terminated successfully
Obesity,7,42,10,300,0.0001,50,least_cost,Ranked + weighted SHARK,Random 25% immutable,α = 1,1.0,1139,1,4,True,,11.0,1.889988327143471e-15,2.66470394688623,1.8029762536003757,0.8029762536003757,True,2.362499999890133,Optimization terminated successfully
Obesity,7,42,10,300,0.0001,50,least_cost,Ranked + weighted SHARK,Random 25% immutable,α < 1,0.01,1139,1,4,True,,11.0,6.62955324602227e-15,5.000142445317657,1.0,0.0,False,2.4544000000332744,Optimization terminated successfully
Obesity,7,42,10,300,0.0001,50,least_cost,Ranked + weighted SHARK,Random 50% immutable,α = 1,1.0,1139,1,4,True,,7.0,3.4359386795515407e-15,3.563169064428422,1.0083587678371733,0.008358767837173264,True,1.8620999999257037,Optimization terminated successfully
Obesity,7,42,10,300,0.0001,50,least_cost,Ranked + weighted SHARK,Random 50% immutable,α < 1,0.01,1139,1,4,True,,7.0,1.530858571348621e-14,7.7887390156740395,1.0,0.0,False,2.076799999940704,Optimization terminated successfully
Obesity,7,42,10,300,0.0001,50,least_cost,Ranked + weighted SHARK,Random 75% immutable,α = 1,1.0,1139,1,4,True,,5.0,2.8576238355628935e-15,3.0651375289359386,1.0000000000000027,2.6645352591003757e-15,True,1.5998000001218315,Optimization terminated successfully
Obesity,7,42,10,300,0.0001,50,least_cost,Ranked + weighted SHARK,Random 75% immutable,α < 1,0.01,1139,1,4,True,,5.0,2.0353857054951564e-14,8.99216767372811,1.0,0.0,False,1.5802999998868472,Optimization terminated successfully
Obesity,7,42,10,300,0.0001,50,least_cost,Ranked + weighted SHARK,All features mutable,α = 1,1.0,475,0,2,True,,2.0,1.152215367789676,1.5180351562396093,1.9999999999995952,0.9999999999995952,True,7.57530000009865,Optimization terminated successfully
Obesity,7,42,10,300,0.0001,50,least_cost,Ranked + weighted SHARK,All features mutable,α < 1,0.01,475,0,2,True,,11.0,4.562888077959171,3.0537253155610165,1.0050251256265355,0.005025125626535454,True,13.08100000005652,Optimization terminated successfully
Obesity,7,42,10,300,0.0001,50,least_cost,Ranked + weighted SHARK,Random 25% immutable,α = 1,1.0,475,0,2,False,,,,,,,False,2.6021000001037464,Positive directional derivative for linesearch
Obesity,7,42,10,300,0.0001,50,least_cost,Ranked + weighted SHARK,Random 25% immutable,α < 1,0.01,475,0,2,False,,,,,,,False,2.3923999999624357,Positive directional derivative for linesearch
Obesity,7,42,10,300,0.0001,50,least_cost,Ranked + weighted SHARK,Random 50% immutable,α = 1,1.0,475,0,2,False,,,,,,,False,1112.4700000000303,Iteration limit reached
Obesity,7,42,10,300,0.0001,50,least_cost,Ranked + weighted SHARK,Random 50% immutable,α < 1,0.01,475,0,2,False,,,,,,,False,1103.916700000127,Iteration limit reached
Obesity,7,42,10,300,0.0001,50,least_cost,Ranked + weighted SHARK,Random 75% immutable,α = 1,1.0,475,0,2,False,,,,,,,False,938.4379000000536,Iteration limit reached
Obesity,7,42,10,300,0.0001,50,least_cost,Ranked + weighted SHARK,Random 75% immutable,α < 1,0.01,475,0,2,False,,,,,,,False,939.0339999999924,Iteration limit reached
Obesity,7,42,10,300,0.0001,50,least_cost,Ranked + weighted SHARK,All features mutable,α = 1,1.0,177,4,1,True,,10.0,1.935479379457941e-15,2.5392587864182334,1.4148749671837355,0.4148749671837355,True,12.268799999901603,Optimization terminated successfully
Obesity,7,42,10,300,0.0001,50,least_cost,Ranked + weighted SHARK,All features mutable,α < 1,0.01,177,4,1,True,,10.0,7.547777868291095e-15,5.1770351542694755,1.0,0.0,False,15.192299999853276,Optimization terminated successfully
Obesity,7,42,10,300,0.0001,50,least_cost,Ranked + weighted SHARK,Random 25% immutable,α = 1,1.0,177,4,1,True,,7.0,1.9613709453807634e-15,2.554158278361953,1.398415960642274,0.3984159606422739,True,10.669599999800994,Optimization terminated successfully
Obesity,7,42,10,300,0.0001,50,least_cost,Ranked + weighted SHARK,Random 25% immutable,α < 1,0.01,177,4,1,True,,7.0,8.09120869184813e-15,5.378514169833285,1.0,0.0,False,11.863300000186427,Optimization terminated successfully
Obesity,7,42,10,300,0.0001,50,least_cost,Ranked + weighted SHARK,Random 50% immutable,α = 1,1.0,177,4,1,True,,6.0,4.537115657245073e-15,3.936136482628575,1.0,0.0,False,1.7852999999377062,Optimization terminated successfully
Obesity,7,42,10,300,0.0001,50,least_cost,Ranked + weighted SHARK,Random 50% immutable,α < 1,0.01,177,4,1,True,,6.0,6.113756967238131e-14,15.82218391446134,1.0000000000007785,7.784883848671598e-13,True,1.8749000000752858,Optimization terminated successfully
Obesity,7,42,10,300,0.0001,50,least_cost,Ranked + weighted SHARK,Random 75% immutable,α = 1,1.0,177,4,1,True,,3.0,7.059017047915429e-14,17.17682894080104,1.0000000000001228,1.2279066652354231e-13,True,1.5597000001434935,Optimization terminated successfully
Obesity,7,42,10,300,0.0001,50,least_cost,Ranked + weighted SHARK,Random 75% immutable,α < 1,0.01,177,4,1,True,,3.0,7.49612520641631e-14,17.71008199902838,1.000000000000727,7.269740365245525e-13,True,1.5963000000738248,Optimization terminated successfully
Obesity,7,42,10,300,0.0001,50,least_cost,Ranked + weighted SHARK,All features mutable,α = 1,1.0,1630,6,3,True,,16.0,1.1522153677897062,3.959846099214237,1.855750440644663,0.855750440644663,True,7.54929999993692,Optimization terminated successfully
Obesity,7,42,10,300,0.0001,50,least_cost,Ranked + weighted SHARK,All features mutable,α < 1,0.01,1630,6,3,True,,16.0,4.5628880780865675,8.1242047066796,1.0000000000000002,2.220446049250313e-16,True,7.344999999986612,Optimization terminated successfully
Obesity,7,42,10,300,0.0001,50,least_cost,Ranked + weighted SHARK,Random 25% immutable,α = 1,1.0,1630,6,3,False,,,,,,,False,2.583800000138581,Positive directional derivative for linesearch
Obesity,7,42,10,300,0.0001,50,least_cost,Ranked + weighted SHARK,Random 25% immutable,α < 1,0.01,1630,6,3,False,,,,,,,False,2.402099999926577,Positive directional derivative for linesearch
Obesity,7,42,10,300,0.0001,50,least_cost,Ranked + weighted SHARK,Random 50% immutable,α = 1,1.0,1630,6,3,False,,,,,,,False,24.674999999888314,Positive directional derivative for linesearch
Obesity,7,42,10,300,0.0001,50,least_cost,Ranked + weighted SHARK,Random 50% immutable,α < 1,0.01,1630,6,3,False,,,,,,,False,24.11800000004405,Positive directional derivative for linesearch
Obesity,7,42,10,300,0.0001,50,least_cost,Ranked + weighted SHARK,Random 75% immutable,α = 1,1.0,1630,6,3,False,,,,,,,False,919.6646000000328,Iteration limit reached
Obesity,7,42,10,300,0.0001,50,least_cost,Ranked + weighted SHARK,Random 75% immutable,α < 1,0.01,1630,6,3,False,,,,,,,False,907.9301000001578,Iteration limit reached
Obesity,7,42,10,300,0.0001,50,least_cost,Ranked + weighted SHARK,All features mutable,α = 1,1.0,1596,1,0,True,,18.0,1.1522153677934304,1.8347256654196387,1.9440070284243187,0.9440070284243187,True,12.157199999819568,Optimization terminated successfully
Obesity,7,42,10,300,0.0001,50,least_cost,Ranked + weighted SHARK,All features mutable,α < 1,0.01,1596,1,0,True,,18.0,4.562888078283699,3.9809398651405647,1.0,0.0,False,10.196100000030128,Optimization terminated successfully
Obesity,7,42,10,300,0.0001,50,least_cost,Ranked + weighted SHARK,Random 25% immutable,α = 1,1.0,1596,1,0,True,,13.0,2.241762062470505,2.2952627840422113,1.0279550957516994,0.02795509575169941,True,6.720600000107879,Optimization terminated successfully
Obesity,7,42,10,300,0.0001,50,least_cost,Ranked + weighted SHARK,Random 25% immutable,α < 1,0.01,1596,1,0,False,,,,,,,False,31.44830000019283,Positive directional derivative for linesearch
Obesity,7,42,10,300,0.0001,50,least_cost,Ranked + weighted SHARK,Random 50% immutable,α = 1,1.0,1596,1,0,False,,,,,,,False,2.159200000050987,Positive directional derivative for linesearch
Obesity,7,42,10,300,0.0001,50,least_cost,Ranked + weighted SHARK,Random 50% immutable,α < 1,0.01,1596,1,0,False,,,,,,,False,39.76469999997789,Positive directional derivative for linesearch
Obesity,7,42,10,300,0.0001,50,least_cost,Ranked + weighted SHARK,Random 75% immutable,α = 1,1.0,1596,1,0,False,,,,,,,False,1.7164000000775559,Positive directional derivative for linesearch
Obesity,7,42,10,300,0.0001,50,least_cost,Ranked + weighted SHARK,Random 75% immutable,α < 1,0.01,1596,1,0,False,,,,,,,False,1.4314999998532585,Positive directional derivative for linesearch
Obesity,7,42,10,300,0.0001,50,least_cost,Ranked + weighted SHARK,All features mutable,α = 1,1.0,380,6,4,True,,2.0,1.152215367789686,1.518035156239616,1.999999990600513,0.999999990600513,True,7.660500000156389,Optimization terminated successfully
Obesity,7,42,10,300,0.0001,50,least_cost,Ranked + weighted SHARK,All features mutable,α < 1,0.01,380,6,4,True,,2.0,4.562888077983938,3.0208899609168363,1.0050251219680835,0.005025121968083468,True,7.0574999999735155,Optimization terminated successfully
Obesity,7,42,10,300,0.0001,50,least_cost,Ranked + weighted SHARK,Random 25% immutable,α = 1,1.0,380,6,4,True,,2.0,1.152215367789686,1.518035156239616,1.999999990600513,0.999999990600513,True,5.7188000000678585,Optimization terminated successfully
Obesity,7,42,10,300,0.0001,50,least_cost,Ranked + weighted SHARK,Random 25% immutable,α < 1,0.01,380,6,4,True,,2.0,4.562888077983938,3.0208899609168363,1.0050251219680835,0.005025121968083468,True,6.057700000155819,Optimization terminated successfully
Obesity,7,42,10,300,0.0001,50,least_cost,Ranked + weighted SHARK,Random 50% immutable,α = 1,1.0,380,6,4,False,,,,,,,False,2.0433000001958135,Positive directional derivative for linesearch
Obesity,7,42,10,300,0.0001,50,least_cost,Ranked + weighted SHARK,Random 50% immutable,α < 1,0.01,380,6,4,False,,,,,,,False,17.442800000026182,Positive directional derivative for linesearch
Obesity,7,42,10,300,0.0001,50,least_cost,Ranked + weighted SHARK,Random 75% immutable,α = 1,1.0,380,6,4,False,,,,,,,False,907.740399999966,Iteration limit reached
Obesity,7,42,10,300,0.0001,50,least_cost,Ranked + weighted SHARK,Random 75% immutable,α < 1,0.01,380,6,4,False,,,,,,,False,1.5800999999555643,Positive directional derivative for linesearch
Obesity,7,42,10,300,0.0001,50,least_cost,Ranked + weighted SHARK,All features mutable,α = 1,1.0,772,1,4,True,,16.0,9.263968117600785e-16,1.7969718437237472,2.419064164859423,1.419064164859423,True,3.134399999908055,Optimization terminated successfully
Obesity,7,42,10,300,0.0001,50,least_cost,Ranked + weighted SHARK,All features mutable,α < 1,0.01,772,1,4,True,,16.0,3.699318560511959e-15,3.5909024861735905,1.2105564480350794,0.21055644803507945,True,2.885300000116331,Optimization terminated successfully
Obesity,7,42,10,300,0.0001,50,least_cost,Ranked + weighted SHARK,Random 25% immutable,α = 1,1.0,772,1,4,True,,13.0,9.748550640031166e-16,1.8382580700186768,2.311622804690685,1.311622804690685,True,2.756300000100964,Optimization terminated successfully
Obesity,7,42,10,300,0.0001,50,least_cost,Ranked + weighted SHARK,Random 25% immutable,α < 1,0.01,772,1,4,True,,13.0,3.892823619991165e-15,3.673405047335005,1.1567902829724777,0.15679028297247766,True,2.4855999999999767,Optimization terminated successfully
Obesity,7,42,10,300,0.0001,50,least_cost,Ranked + weighted SHARK,Random 50% immutable,α = 1,1.0,772,1,4,True,,7.0,2.7784483123269597e-15,3.2035568410459825,1.0928870363998868,0.09288703639988682,True,2.06649999995534,Optimization terminated successfully
Obesity,7,42,10,300,0.0001,50,least_cost,Ranked + weighted SHARK,Random 50% immutable,α < 1,0.01,772,1,4,True,,7.0,1.8946687820924075e-14,8.729603265209224,1.0,0.0,False,2.02909999984513,Optimization terminated successfully
Obesity,7,42,10,300,0.0001,50,least_cost,Ranked + weighted SHARK,Random 75% immutable,α = 1,1.0,772,1,4,True,,3.0,1.5505032097249283e-14,8.003610240314323,1.0000000000008864,8.86402062860725e-13,True,1.6548999999486114,Optimization terminated successfully
Obesity,7,42,10,300,0.0001,50,least_cost,Ranked + weighted SHARK,Random 75% immutable,α < 1,0.01,772,1,4,True,,3.0,1.550503209729843e-14,8.003610240299949,1.0000000000026066,2.6065816172149425e-12,True,1.726499999904263,Optimization terminated successfully
Obesity,7,42,10,300,0.0001,50,least_cost,Ranked + weighted SHARK,All features mutable,α = 1,1.0,266,2,3,True,,8.0,1.7826723673100182e-14,3.257776776766713,2.042870649427952,1.042870649427952,True,2.9593000001568726,Optimization terminated successfully
Obesity,7,42,10,300,0.0001,50,least_cost,Ranked + weighted SHARK,All features mutable,α < 1,0.01,266,2,3,True,,8.0,7.317143564493272e-14,7.3278223075204725,1.0,0.0,False,2.9789999998683925,Optimization terminated successfully
Obesity,7,42,10,300,0.0001,50,least_cost,Ranked + weighted SHARK,Random 25% immutable,α = 1,1.0,266,2,3,True,,6.0,1.7850839854525622e-14,3.261398199066412,2.051859756905369,1.051859756905369,True,2.21929999997883,Optimization terminated successfully
Obesity,7,42,10,300,0.0001,50,least_cost,Ranked + weighted SHARK,Random 25% immutable,α < 1,0.01,266,2,3,True,,6.0,7.471774175687217e-14,7.841159151494585,1.0,0.0,False,2.615899999909743,Optimization terminated successfully
Obesity,7,42,10,300,0.0001,50,least_cost,Ranked + weighted SHARK,Random 50% immutable,α = 1,1.0,266,2,3,True,,6.0,1.761000898756278e-14,8.229407201145246,1.0000000000028333,2.8332891588433995e-12,True,2.1005999999488267,Optimization terminated successfully
Obesity,7,42,10,300,0.0001,50,least_cost,Ranked + weighted SHARK,Random 50% immutable,α < 1,0.01,266,2,3,True,,6.0,1.3820609412519244e-14,7.214057608537249,1.0,0.0,False,1.9506000001001667,Optimization terminated successfully
Obesity,7,42,10,300,0.0001,50,least_cost,Ranked + weighted SHARK,Random 75% immutable,α = 1,1.0,266,2,3,True,,2.0,8.69684096152181e-16,1.8510774701226549,1.0000000000022962,2.2961632595297488e-12,True,1.614699999890945,Optimization terminated successfully
Obesity,7,42,10,300,0.0001,50,least_cost,Ranked + weighted SHARK,Random 75% immutable,α < 1,0.01,266,2,3,True,,2.0,6.630765335250938e-16,1.6362773545164073,1.0000000000004523,4.5230486023228877e-13,True,1.739100000122562,Optimization terminated successfully
Obesity,7,42,10,300,0.0001,50,least_cost,Ranked + weighted SHARK,All features mutable,α = 1,1.0,195,4,6,True,,2.0,1.1522153677896898,1.5180351562396184,1.9999999999995544,0.9999999999995544,True,7.792699999981778,Optimization terminated successfully
Obesity,7,42,10,300,0.0001,50,least_cost,Ranked + weighted SHARK,All features mutable,α < 1,0.01,195,4,6,True,,2.0,4.5628880779839465,3.020889960916839,1.0050251256281326,0.005025125628132621,True,8.601900000030582,Optimization terminated successfully
Obesity,7,42,10,300,0.0001,50,least_cost,Ranked + weighted SHARK,Random 25% immutable,α = 1,1.0,195,4,6,True,,2.0,1.1522153677896898,1.5180351562396184,1.9999999999995544,0.9999999999995544,True,6.374399999913294,Optimization terminated successfully
Obesity,7,42,10,300,0.0001,50,least_cost,Ranked + weighted SHARK,Random 25% immutable,α < 1,0.01,195,4,6,True,,2.0,4.5628880779839465,3.020889960916839,1.0050251256281326,0.005025125628132621,True,6.5121000000090135,Optimization terminated successfully
Obesity,7,42,10,300,0.0001,50,least_cost,Ranked + weighted SHARK,Random 50% immutable,α = 1,1.0,195,4,6,True,,2.0,1.1522153677896898,1.5180351562396184,1.9999999999995544,0.9999999999995544,True,5.370200000015757,Optimization terminated successfully
Obesity,7,42,10,300,0.0001,50,least_cost,Ranked + weighted SHARK,Random 50% immutable,α < 1,0.01,195,4,6,True,,2.0,4.5628880779839465,3.020889960916839,1.0050251256281326,0.005025125628132621,True,5.216499999960433,Optimization terminated successfully
Obesity,7,42,10,300,0.0001,50,least_cost,Ranked + weighted SHARK,Random 75% immutable,α = 1,1.0,195,4,6,False,,,,,,,False,1.613299999917217,Positive directional derivative for linesearch
Obesity,7,42,10,300,0.0001,50,least_cost,Ranked + weighted SHARK,Random 75% immutable,α < 1,0.01,195,4,6,False,,,,,,,False,1.4653000000635075,Positive directional derivative for linesearch
Obesity,7,42,10,300,0.0001,50,least_cost,Ranked + weighted SHARK,All features mutable,α = 1,1.0,1737,1,4,True,,16.0,1.2448025715241798e-15,2.0830178212783963,2.086871389693307,1.0868713896933069,True,2.858600000081424,Optimization terminated successfully
Obesity,7,42,10,300,0.0001,50,least_cost,Ranked + weighted SHARK,All features mutable,α < 1,0.01,1737,1,4,True,,16.0,4.312156938629632e-15,3.876948437337554,1.1212401248739388,0.12124012487393876,True,2.8509999999641877,Optimization terminated successfully
Obesity,7,42,10,300,0.0001,50,least_cost,Ranked + weighted SHARK,Random 25% immutable,α = 1,1.0,1737,1,4,True,,14.0,1.9052845630608186e-15,2.6775969583777406,1.8134326734835722,0.8134326734835722,True,2.332600000045204,Optimization terminated successfully
Obesity,7,42,10,300,0.0001,50,least_cost,Ranked + weighted SHARK,Random 25% immutable,α < 1,0.01,1737,1,4,True,,14.0,6.594093362905622e-15,4.984768355521308,1.0000000000000042,4.218847493575595e-15,True,2.3352999999133317,Optimization terminated successfully
Obesity,7,42,10,300,0.0001,50,least_cost,Ranked + weighted SHARK,Random 50% immutable,α = 1,1.0,1737,1,4,True,,8.0,1.9156597689867e-15,2.5254768921784607,1.4196943630970085,0.41969436309700847,True,1.9768999998177605,Optimization terminated successfully
Obesity,7,42,10,300,0.0001,50,least_cost,Ranked + weighted SHARK,Random 50% immutable,α < 1,0.01,1737,1,4,True,,8.0,7.45841800687066e-15,5.144584439587583,1.0,0.0,False,1.9991000001482462,Optimization terminated successfully
Obesity,7,42,10,300,0.0001,50,least_cost,Ranked + weighted SHARK,Random 75% immutable,α = 1,1.0,1737,1,4,True,,5.0,2.016401368855008e-15,2.58358493557567,1.356551134907812,0.3565511349078121,True,1.6170000001238805,Optimization terminated successfully
Obesity,7,42,10,300,0.0001,50,least_cost,Ranked + weighted SHARK,Random 75% immutable,α < 1,0.01,1737,1,4,True,,5.0,1.1644897100520912e-14,6.65179252248819,1.0,0.0,False,1.605499999868698,Optimization terminated successfully
