dataset,n_clusters,seed,n_init,max_iter,tol,n_factuals,solution_type,cf_mode,mask_scenario,alpha_case,alpha,factual_idx,source_cluster,target_cluster,feasible,rank_step,changed_features,weighted_squared_distance,euclidean_distance,rho,tau,positive_tau,runtime_ms,solver_message
Iris,3,42,10,300,0.0001,50,most_parsimonious,Unweighted k-means,All features mutable,α = 1,1.0,51,2,0,True,1.0,1.0,0.04809042684848347,0.43859059200344674,5.801595669650572,4.801595669650572,True,0.9469000000024153,Optimization terminated successfully
Iris,3,42,10,300,0.0001,50,most_parsimonious,Unweighted k-means,All features mutable,α < 1,0.9838316312572207,51,2,0,True,1.0,1.0,0.053184433152465835,0.4612350080055322,5.516765282669432,4.516765282669432,True,1.2562999999943258,Optimization terminated successfully
Iris,3,42,10,300,0.0001,50,most_parsimonious,Unweighted k-means,Random 25% immutable,α = 1,1.0,51,2,0,True,1.0,1.0,0.04809042684848347,0.43859059200344674,5.801595669650572,4.801595669650572,True,0.9512999999969907,Optimization terminated successfully
Iris,3,42,10,300,0.0001,50,most_parsimonious,Unweighted k-means,Random 25% immutable,α < 1,0.9838316312572207,51,2,0,True,1.0,1.0,0.053184433152465835,0.4612350080055322,5.516765282669432,4.516765282669432,True,0.9273999999948046,Optimization terminated successfully
Iris,3,42,10,300,0.0001,50,most_parsimonious,Unweighted k-means,Random 50% immutable,α = 1,1.0,51,2,0,True,1.0,1.0,0.07090481475545057,0.5325591601144443,5.214135422978943,4.214135422978943,True,0.9445999999968535,Optimization terminated successfully
Iris,3,42,10,300,0.0001,50,most_parsimonious,Unweighted k-means,Random 50% immutable,α < 1,0.9838316312572207,51,2,0,True,1.0,1.0,0.07841544830596908,0.5600551698037224,4.958146502884371,3.9581465028843708,True,1.2676999999996497,Optimization terminated successfully
Iris,3,42,10,300,0.0001,50,most_parsimonious,Unweighted k-means,Random 75% immutable,α = 1,1.0,51,2,0,True,1.0,1.0,0.04809042684848347,0.43859059200344674,5.801595669650572,4.801595669650572,True,0.9453000000121392,Optimization terminated successfully
Iris,3,42,10,300,0.0001,50,most_parsimonious,Unweighted k-means,Random 75% immutable,α < 1,0.9838316312572207,51,2,0,True,1.0,1.0,0.053184433152465835,0.4612350080055322,5.516765282669432,4.516765282669432,True,1.5749000000084834,Optimization terminated successfully
Iris,3,42,10,300,0.0001,50,most_parsimonious,Unweighted k-means,All features mutable,α = 1,1.0,60,0,2,True,2.0,2.0,2.707201189096728,3.290714930890689,1.3833183784802676,0.3833183784802676,True,3.6138000000107695,Optimization terminated successfully
Iris,3,42,10,300,0.0001,50,most_parsimonious,Unweighted k-means,All features mutable,α < 1,0.9568464819465536,60,0,2,True,2.0,2.0,2.7845070038806656,3.3373684266982964,1.3639807926612677,0.3639807926612677,True,7.840700000002698,Optimization terminated successfully
Iris,3,42,10,300,0.0001,50,most_parsimonious,Unweighted k-means,Random 25% immutable,α = 1,1.0,60,0,2,True,2.0,2.0,3.4972629071504318,3.7401940629600663,1.0708148687244132,0.07081486872441323,True,4.091599999981099,Optimization terminated successfully
Iris,3,42,10,300,0.0001,50,most_parsimonious,Unweighted k-means,Random 25% immutable,α < 1,0.9568464819465536,60,0,2,True,2.0,2.0,3.5971294259890776,3.7932199651425846,1.0558458174358567,0.055845817435856704,True,8.361800000017183,Optimization terminated successfully
Iris,3,42,10,300,0.0001,50,most_parsimonious,Unweighted k-means,Random 50% immutable,α = 1,1.0,60,0,2,True,2.0,2.0,2.707201189096728,3.290714930890689,1.3833183784802676,0.3833183784802676,True,3.276199999987739,Optimization terminated successfully
Iris,3,42,10,300,0.0001,50,most_parsimonious,Unweighted k-means,Random 50% immutable,α < 1,0.9568464819465536,60,0,2,True,2.0,2.0,2.7845070038806656,3.3373684266982964,1.3639807926612677,0.3639807926612677,True,8.969900000010966,Optimization terminated successfully
Iris,3,42,10,300,0.0001,50,most_parsimonious,Unweighted k-means,Random 75% immutable,α = 1,1.0,60,0,2,False,,,,,,,False,1.6885000000002037,No feasible counterfactual found.
Iris,3,42,10,300,0.0001,50,most_parsimonious,Unweighted k-means,Random 75% immutable,α < 1,0.9568464819465536,60,0,2,False,,,,,,,False,8.084499999995387,No feasible counterfactual found.
Iris,3,42,10,300,0.0001,50,most_parsimonious,Unweighted k-means,All features mutable,α = 1,1.0,54,0,1,True,2.0,2.0,1.7628436471328173,2.6554424468497277,1.6830298926185832,0.6830298926185832,True,363.36359999998535,Optimization terminated successfully
Iris,3,42,10,300,0.0001,50,most_parsimonious,Unweighted k-means,All features mutable,α < 1,0.8507238734290548,54,0,1,True,2.0,2.0,2.3436305224175547,3.061784135054302,1.2755782355358627,0.2755782355358627,True,11.985900000013316,Optimization terminated successfully
Iris,3,42,10,300,0.0001,50,most_parsimonious,Unweighted k-means,Random 25% immutable,α = 1,1.0,54,0,1,True,2.0,2.0,1.934405329305877,2.7816580158645503,1.0,0.0,False,6.936400000000731,Optimization terminated successfully
Iris,3,42,10,300,0.0001,50,most_parsimonious,Unweighted k-means,Random 25% immutable,α < 1,0.8507238734290548,54,0,1,True,2.0,2.0,2.710700684030286,3.2928411343581616,1.000000000000003,3.1086244689504383e-15,True,11.429300000003195,Optimization terminated successfully
Iris,3,42,10,300,0.0001,50,most_parsimonious,Unweighted k-means,Random 50% immutable,α = 1,1.0,54,0,1,True,2.0,2.0,1.7628436471328173,2.6554424468497277,1.6830298926185832,0.6830298926185832,True,5.932599999994181,Optimization terminated successfully
Iris,3,42,10,300,0.0001,50,most_parsimonious,Unweighted k-means,Random 50% immutable,α < 1,0.8507238734290548,54,0,1,True,2.0,2.0,2.3436305224175547,3.061784135054302,1.2755782355358627,0.2755782355358627,True,11.148599999984299,Optimization terminated successfully
Iris,3,42,10,300,0.0001,50,most_parsimonious,Unweighted k-means,Random 75% immutable,α = 1,1.0,54,0,1,False,,,,,,,False,2.3536999999862473,No feasible counterfactual found.
Iris,3,42,10,300,0.0001,50,most_parsimonious,Unweighted k-means,Random 75% immutable,α < 1,0.8507238734290548,54,0,1,False,,,,,,,False,5.553999999989401,No feasible counterfactual found.
Iris,3,42,10,300,0.0001,50,most_parsimonious,Unweighted k-means,All features mutable,α = 1,1.0,9,1,2,True,3.0,3.0,1.9743516424428416,2.810232476107869,1.685580005728528,0.685580005728528,True,4.2121000000179265,Optimization terminated successfully
Iris,3,42,10,300,0.0001,50,most_parsimonious,Unweighted k-means,All features mutable,α < 1,0.9568464819465536,9,1,2,True,3.0,3.0,2.0866218312695155,2.889028785782181,1.6406699014634158,0.6406699014634158,True,9.359799999998586,Optimization terminated successfully
Iris,3,42,10,300,0.0001,50,most_parsimonious,Unweighted k-means,Random 25% immutable,α = 1,1.0,9,1,2,True,3.0,3.0,1.9121120571212422,2.765582800873076,1.7411384123537574,0.7411384123537574,True,4.079900000022008,Optimization terminated successfully
Iris,3,42,10,300,0.0001,50,most_parsimonious,Unweighted k-means,Random 25% immutable,α < 1,0.9568464819465536,9,1,2,True,3.0,3.0,2.024312681474698,2.845566854933968,1.6933886491739119,0.6933886491739119,True,10.138699999998835,Optimization terminated successfully
Iris,3,42,10,300,0.0001,50,most_parsimonious,Unweighted k-means,Random 50% immutable,α = 1,1.0,9,1,2,False,,,,,,,False,3.947699999997667,No feasible counterfactual found.
Iris,3,42,10,300,0.0001,50,most_parsimonious,Unweighted k-means,Random 50% immutable,α < 1,0.9568464819465536,9,1,2,False,,,,,,,False,11.199000000004844,No feasible counterfactual found.
Iris,3,42,10,300,0.0001,50,most_parsimonious,Unweighted k-means,Random 75% immutable,α = 1,1.0,9,1,2,False,,,,,,,False,2.7887999999904878,No feasible counterfactual found.
Iris,3,42,10,300,0.0001,50,most_parsimonious,Unweighted k-means,Random 75% immutable,α < 1,0.9568464819465536,9,1,2,False,,,,,,,False,3.4958000000244738,No feasible counterfactual found.
Iris,3,42,10,300,0.0001,50,most_parsimonious,Unweighted k-means,All features mutable,α = 1,1.0,116,2,0,True,1.0,1.0,0.13470654534640963,0.7340478059265885,3.631498014486161,2.631498014486161,True,0.9337999999843305,Optimization terminated successfully
Iris,3,42,10,300,0.0001,50,most_parsimonious,Unweighted k-means,All features mutable,α < 1,0.9838316312572207,116,2,0,True,1.0,1.0,0.1431457796818386,0.7566922219286745,3.522823510681726,2.522823510681726,True,0.9263000000032662,Optimization terminated successfully
Iris,3,42,10,300,0.0001,50,most_parsimonious,Unweighted k-means,Random 25% immutable,α = 1,1.0,116,2,0,True,1.0,1.0,0.13470654534640963,0.7340478059265885,3.631498014486161,2.631498014486161,True,0.9263999999973294,Optimization terminated successfully
Iris,3,42,10,300,0.0001,50,most_parsimonious,Unweighted k-means,Random 25% immutable,α < 1,0.9838316312572207,116,2,0,True,1.0,1.0,0.1431457796818386,0.7566922219286745,3.522823510681726,2.522823510681726,True,0.918699999999717,Optimization terminated successfully
Iris,3,42,10,300,0.0001,50,most_parsimonious,Unweighted k-means,Random 50% immutable,α = 1,1.0,116,2,0,True,1.0,1.0,0.45035700921923694,1.3421728789082827,1.9065775502763835,0.9065775502763835,True,1.2791000000049735,Optimization terminated successfully
Iris,3,42,10,300,0.0001,50,most_parsimonious,Unweighted k-means,Random 50% immutable,α < 1,0.9838316312572207,116,2,0,True,1.0,1.0,0.47857143878262826,1.3835771590809502,1.8495222060590808,0.8495222060590808,True,1.296599999989212,Optimization terminated successfully
Iris,3,42,10,300,0.0001,50,most_parsimonious,Unweighted k-means,Random 75% immutable,α = 1,1.0,116,2,0,True,1.0,1.0,0.3507472883941085,1.1844784310304828,1.8869406413630454,0.8869406413630454,True,1.2700000000052114,Optimization terminated successfully
Iris,3,42,10,300,0.0001,50,most_parsimonious,Unweighted k-means,Random 75% immutable,α < 1,0.9838316312572207,116,2,0,True,1.0,1.0,0.37272126561742874,1.2210180434660722,1.830472942058089,0.830472942058089,True,1.257199999997738,Optimization terminated successfully
Iris,3,42,10,300,0.0001,50,most_parsimonious,Unweighted k-means,All features mutable,α = 1,1.0,141,2,0,True,1.0,1.0,0.7159477126951835,1.6922738699101674,1.861616306645548,0.861616306645548,True,1.2576999999964755,Optimization terminated successfully
Iris,3,42,10,300,0.0001,50,most_parsimonious,Unweighted k-means,All features mutable,α < 1,0.9838316312572207,141,2,0,True,1.0,1.0,0.7352361818079066,1.7149182858759267,1.837034835701123,0.837034835701123,True,1.4228000000002794,Optimization terminated successfully
Iris,3,42,10,300,0.0001,50,most_parsimonious,Unweighted k-means,Random 25% immutable,α = 1,1.0,141,2,0,True,1.0,1.0,0.7159477126951835,1.6922738699101674,1.861616306645548,0.861616306645548,True,2.0843000000070333,Optimization terminated successfully
Iris,3,42,10,300,0.0001,50,most_parsimonious,Unweighted k-means,Random 25% immutable,α < 1,0.9838316312572207,141,2,0,True,1.0,1.0,0.7352361818079066,1.7149182858759267,1.837034835701123,0.837034835701123,True,1.2911999999971613,Optimization terminated successfully
Iris,3,42,10,300,0.0001,50,most_parsimonious,Unweighted k-means,Random 50% immutable,α = 1,1.0,141,2,0,True,1.0,1.0,1.0555976168912018,2.054845606746358,1.2387464090224387,0.2387464090224387,True,1.2704999999755273,Optimization terminated successfully
Iris,3,42,10,300,0.0001,50,most_parsimonious,Unweighted k-means,Random 50% immutable,α < 1,0.9838316312572207,141,2,0,True,1.0,1.0,1.0840366518484053,2.0823416164005417,1.2223895428131168,0.22238954281311685,True,1.2684999999805768,Optimization terminated successfully
Iris,3,42,10,300,0.0001,50,most_parsimonious,Unweighted k-means,Random 75% immutable,α = 1,1.0,141,2,0,False,,,,,,,False,3.7169999999946413,No feasible counterfactual found.
Iris,3,42,10,300,0.0001,50,most_parsimonious,Unweighted k-means,Random 75% immutable,α < 1,0.9838316312572207,141,2,0,False,,,,,,,False,4.47810000000004,No feasible counterfactual found.
Iris,3,42,10,300,0.0001,50,most_parsimonious,Unweighted k-means,All features mutable,α = 1,1.0,81,0,2,True,1.0,1.0,2.0060301033235595,2.8326878425435864,1.026597017494308,0.026597017494307984,True,1.3887000000067928,Optimization terminated successfully
Iris,3,42,10,300,0.0001,50,most_parsimonious,Unweighted k-means,All features mutable,α < 1,0.9568464819465536,81,0,2,True,1.0,1.0,2.0925444948335827,2.893125987463099,1.005151142137989,0.005151142137989062,True,1.2577999999905387,Optimization terminated successfully
Iris,3,42,10,300,0.0001,50,most_parsimonious,Unweighted k-means,Random 25% immutable,α = 1,1.0,81,0,2,True,1.0,1.0,2.0060301033235595,2.8326878425435864,1.026597017494308,0.026597017494307984,True,1.2438999999915268,Optimization terminated successfully
Iris,3,42,10,300,0.0001,50,most_parsimonious,Unweighted k-means,Random 25% immutable,α < 1,0.9568464819465536,81,0,2,True,1.0,1.0,2.0925444948335827,2.893125987463099,1.005151142137989,0.005151142137989062,True,1.2420999999847027,Optimization terminated successfully
Iris,3,42,10,300,0.0001,50,most_parsimonious,Unweighted k-means,Random 50% immutable,α = 1,1.0,81,0,2,True,1.0,1.0,2.0060301033235595,2.8326878425435864,1.026597017494308,0.026597017494307984,True,1.2423000000012507,Optimization terminated successfully
Iris,3,42,10,300,0.0001,50,most_parsimonious,Unweighted k-means,Random 50% immutable,α < 1,0.9568464819465536,81,0,2,True,1.0,1.0,2.0925444948335827,2.893125987463099,1.005151142137989,0.005151142137989062,True,1.3576999999997952,Optimization terminated successfully
Iris,3,42,10,300,0.0001,50,most_parsimonious,Unweighted k-means,Random 75% immutable,α = 1,1.0,81,0,2,False,,,,,,,False,6.125700000012557,No feasible counterfactual found.
Iris,3,42,10,300,0.0001,50,most_parsimonious,Unweighted k-means,Random 75% immutable,α < 1,0.9568464819465536,81,0,2,False,,,,,,,False,0.9349000000042906,No feasible counterfactual found.
Iris,3,42,10,300,0.0001,50,most_parsimonious,Unweighted k-means,All features mutable,α = 1,1.0,100,2,0,True,1.0,1.0,0.8003709515564518,1.7892690703820393,1.3543840046123403,0.3543840046123403,True,1.2992999999994481,Optimization terminated successfully
Iris,3,42,10,300,0.0001,50,most_parsimonious,Unweighted k-means,All features mutable,α < 1,0.9838316312572207,100,2,0,True,1.0,1.0,0.8207576205022581,1.8119134863477981,1.3374575702053473,0.3374575702053473,True,1.4534000000026026,Optimization terminated successfully
Iris,3,42,10,300,0.0001,50,most_parsimonious,Unweighted k-means,Random 25% immutable,α = 1,1.0,100,2,0,True,1.0,1.0,1.1800717484122203,2.17262214700322,1.3846119311938654,0.3846119311938654,True,1.2509999999963384,Optimization terminated successfully
Iris,3,42,10,300,0.0001,50,most_parsimonious,Unweighted k-means,Random 25% immutable,α < 1,0.9838316312572207,100,2,0,True,1.0,1.0,1.210129975813394,2.2001181566574046,1.3673077228211448,0.36730772282114477,True,1.2471000000005006,Optimization terminated successfully
Iris,3,42,10,300,0.0001,50,most_parsimonious,Unweighted k-means,Random 50% immutable,α = 1,1.0,100,2,0,True,1.0,1.0,1.1800717484122203,2.17262214700322,1.3846119311938654,0.3846119311938654,True,1.2356000000011136,Optimization terminated successfully
Iris,3,42,10,300,0.0001,50,most_parsimonious,Unweighted k-means,Random 50% immutable,α < 1,0.9838316312572207,100,2,0,True,1.0,1.0,1.210129975813394,2.2001181566574046,1.3673077228211448,0.36730772282114477,True,1.2360999999998512,Optimization terminated successfully
Iris,3,42,10,300,0.0001,50,most_parsimonious,Unweighted k-means,Random 75% immutable,α = 1,1.0,100,2,0,True,1.0,1.0,0.8003709515564518,1.7892690703820393,1.3543840046123403,0.3543840046123403,True,1.243299999998726,Optimization terminated successfully
Iris,3,42,10,300,0.0001,50,most_parsimonious,Unweighted k-means,Random 75% immutable,α < 1,0.9838316312572207,100,2,0,True,1.0,1.0,0.8207576205022581,1.8119134863477981,1.3374575702053473,0.3374575702053473,True,1.2332999999955518,Optimization terminated successfully
Iris,3,42,10,300,0.0001,50,most_parsimonious,Unweighted k-means,All features mutable,α = 1,1.0,38,1,2,True,3.0,3.0,2.765529350982303,3.32597615805183,1.6637511640973435,0.6637511640973435,True,13.403300000021545,Optimization terminated successfully
Iris,3,42,10,300,0.0001,50,most_parsimonious,Unweighted k-means,All features mutable,α < 1,0.9568464819465536,38,1,2,True,3.0,3.0,2.8895763816718114,3.3997508036159423,1.626092891074589,0.6260928910745891,True,11.616899999978614,Optimization terminated successfully
Iris,3,42,10,300,0.0001,50,most_parsimonious,Unweighted k-means,Random 25% immutable,α = 1,1.0,38,1,2,True,3.0,3.0,2.765529350982303,3.32597615805183,1.6637511640973435,0.6637511640973435,True,15.324600000013788,Optimization terminated successfully
Iris,3,42,10,300,0.0001,50,most_parsimonious,Unweighted k-means,Random 25% immutable,α < 1,0.9568464819465536,38,1,2,True,3.0,3.0,2.8895763816718114,3.3997508036159423,1.626092891074589,0.6260928910745891,True,12.01650000001564,Optimization terminated successfully
Iris,3,42,10,300,0.0001,50,most_parsimonious,Unweighted k-means,Random 50% immutable,α = 1,1.0,38,1,2,False,,,,,,,False,5.247800000006464,No feasible counterfactual found.
Iris,3,42,10,300,0.0001,50,most_parsimonious,Unweighted k-means,Random 50% immutable,α < 1,0.9568464819465536,38,1,2,False,,,,,,,False,8.19530000001123,No feasible counterfactual found.
Iris,3,42,10,300,0.0001,50,most_parsimonious,Unweighted k-means,Random 75% immutable,α = 1,1.0,38,1,2,False,,,,,,,False,3.699699999998529,No feasible counterfactual found.
Iris,3,42,10,300,0.0001,50,most_parsimonious,Unweighted k-means,Random 75% immutable,α < 1,0.9568464819465536,38,1,2,False,,,,,,,False,7.08499999998935,No feasible counterfactual found.
Iris,3,42,10,300,0.0001,50,most_parsimonious,Unweighted k-means,All features mutable,α = 1,1.0,65,2,0,True,1.0,1.0,0.06223639721489717,0.4989444747259846,5.828361747556564,4.828361747556564,True,1.1603000000093289,Optimization terminated successfully
Iris,3,42,10,300,0.0001,50,most_parsimonious,Unweighted k-means,All features mutable,α < 1,0.9838316312572207,65,2,0,True,1.0,1.0,0.06801374273273464,0.52158889072807,5.57532750858325,4.57532750858325,True,0.9357000000136395,Optimization terminated successfully
Iris,3,42,10,300,0.0001,50,most_parsimonious,Unweighted k-means,Random 25% immutable,α = 1,1.0,65,2,0,True,1.0,1.0,0.06223639721489717,0.4989444747259846,5.828361747556564,4.828361747556564,True,0.911400000006779,Optimization terminated successfully
Iris,3,42,10,300,0.0001,50,most_parsimonious,Unweighted k-means,Random 25% immutable,α < 1,0.9838316312572207,65,2,0,True,1.0,1.0,0.06801374273273464,0.52158889072807,5.57532750858325,4.57532750858325,True,0.9699999999952524,Optimization terminated successfully
Iris,3,42,10,300,0.0001,50,most_parsimonious,Unweighted k-means,Random 50% immutable,α = 1,1.0,65,2,0,True,1.0,1.0,0.06223639721489717,0.4989444747259846,5.828361747556564,4.828361747556564,True,0.9177999999963049,Optimization terminated successfully
Iris,3,42,10,300,0.0001,50,most_parsimonious,Unweighted k-means,Random 50% immutable,α < 1,0.9838316312572207,65,2,0,True,1.0,1.0,0.06801374273273464,0.52158889072807,5.57532750858325,4.57532750858325,True,0.8842999999956191,Optimization terminated successfully
Iris,3,42,10,300,0.0001,50,most_parsimonious,Unweighted k-means,Random 75% immutable,α = 1,1.0,65,2,0,True,1.0,1.0,0.20807153536751724,0.9122971782648837,2.1193027685472146,1.1193027685472146,True,1.2369000000092,Optimization terminated successfully
Iris,3,42,10,300,0.0001,50,most_parsimonious,Unweighted k-means,Random 75% immutable,α < 1,0.9838316312572207,65,2,0,True,1.0,1.0,0.22738661795647802,0.9537014584375512,2.0272947247057,1.0272947247056998,True,0.949200000007977,Optimization terminated successfully
Iris,3,42,10,300,0.0001,50,most_parsimonious,Unweighted k-means,All features mutable,α = 1,1.0,143,2,1,True,3.0,3.0,2.049198087871149,2.863004078146693,1.3659854122545136,0.36598541225451364,True,13.74110000000428,Optimization terminated successfully
Iris,3,42,10,300,0.0001,50,most_parsimonious,Unweighted k-means,All features mutable,α < 1,0.8507238734290548,143,2,1,True,3.0,3.0,2.5763513016226813,3.210203296754074,1.2165397851753992,0.21653978517539918,True,10.428600000011556,Optimization terminated successfully
Iris,3,42,10,300,0.0001,50,most_parsimonious,Unweighted k-means,Random 25% immutable,α = 1,1.0,143,2,1,True,2.0,2.0,3.2291933603000853,3.593991296761908,1.0000000000000027,2.6645352591003757e-15,True,3.6589999999989686,Optimization terminated successfully
Iris,3,42,10,300,0.0001,50,most_parsimonious,Unweighted k-means,Random 25% immutable,α < 1,0.8507238734290548,143,2,1,True,2.0,2.0,4.140019705461677,4.069407674569692,1.0,0.0,False,5.395399999997608,Optimization terminated successfully
Iris,3,42,10,300,0.0001,50,most_parsimonious,Unweighted k-means,Random 50% immutable,α = 1,1.0,143,2,1,True,2.0,2.0,3.5724844517623238,3.7802034081579916,1.0,0.0,False,3.514700000010862,Optimization terminated successfully
Iris,3,42,10,300,0.0001,50,most_parsimonious,Unweighted k-means,Random 50% immutable,α < 1,0.8507238734290548,143,2,1,False,,,,,,,False,6.365200000004734,No feasible counterfactual found.
Iris,3,42,10,300,0.0001,50,most_parsimonious,Unweighted k-means,Random 75% immutable,α = 1,1.0,143,2,1,False,,,,,,,False,7.725399999998217,No feasible counterfactual found.
Iris,3,42,10,300,0.0001,50,most_parsimonious,Unweighted k-means,Random 75% immutable,α < 1,0.8507238734290548,143,2,1,False,,,,,,,False,7.344299999999748,No feasible counterfactual found.
Iris,3,42,10,300,0.0001,50,most_parsimonious,Unweighted k-means,All features mutable,α = 1,1.0,101,0,2,True,1.0,1.0,0.13277640135562904,0.7287699262610362,3.4915344165907047,2.4915344165907047,True,0.9747999999945023,Optimization terminated successfully
Iris,3,42,10,300,0.0001,50,most_parsimonious,Unweighted k-means,All features mutable,α < 1,0.9568464819465536,101,0,2,True,1.0,1.0,0.15571234494238784,0.7892080712774999,3.224150096688477,2.224150096688477,True,1.0798999999792613,Optimization terminated successfully
Iris,3,42,10,300,0.0001,50,most_parsimonious,Unweighted k-means,Random 25% immutable,α = 1,1.0,101,0,2,True,1.0,1.0,0.13277640135562904,0.7287699262610362,3.4915344165907047,2.4915344165907047,True,0.99989999998229,Optimization terminated successfully
Iris,3,42,10,300,0.0001,50,most_parsimonious,Unweighted k-means,Random 25% immutable,α < 1,0.9568464819465536,101,0,2,True,1.0,1.0,0.15571234494238784,0.7892080712774999,3.224150096688477,2.224150096688477,True,1.1472999999853073,Optimization terminated successfully
Iris,3,42,10,300,0.0001,50,most_parsimonious,Unweighted k-means,Random 50% immutable,α = 1,1.0,101,0,2,True,1.0,1.0,0.13277640135562904,0.7287699262610362,3.4915344165907047,2.4915344165907047,True,0.9945999999843025,Optimization terminated successfully
Iris,3,42,10,300,0.0001,50,most_parsimonious,Unweighted k-means,Random 50% immutable,α < 1,0.9568464819465536,101,0,2,True,1.0,1.0,0.15571234494238784,0.7892080712774999,3.224150096688477,2.224150096688477,True,0.9928999999999633,Optimization terminated successfully
Iris,3,42,10,300,0.0001,50,most_parsimonious,Unweighted k-means,Random 75% immutable,α = 1,1.0,101,0,2,False,,,,,,,False,8.480300000002217,No feasible counterfactual found.
Iris,3,42,10,300,0.0001,50,most_parsimonious,Unweighted k-means,Random 75% immutable,α < 1,0.9568464819465536,101,0,2,False,,,,,,,False,3.724400000010064,No feasible counterfactual found.
Iris,3,42,10,300,0.0001,50,most_parsimonious,Unweighted k-means,All features mutable,α = 1,1.0,104,2,1,True,3.0,3.0,1.8785992569018837,2.7412400528971435,1.449071589808785,0.4490715898087849,True,48.822900000004665,Optimization terminated successfully
Iris,3,42,10,300,0.0001,50,most_parsimonious,Unweighted k-means,All features mutable,α < 1,0.8507238734290548,104,2,1,True,3.0,3.0,2.330313126699272,3.05307263372444,1.2789328335538415,0.27893283355384146,True,17.777200000011817,Optimization terminated successfully
Iris,3,42,10,300,0.0001,50,most_parsimonious,Unweighted k-means,Random 25% immutable,α = 1,1.0,104,2,1,True,2.0,2.0,3.716790870957868,3.8557960895036283,1.0000000000000007,6.661338147750939e-16,True,9.298700000016424,Optimization terminated successfully
Iris,3,42,10,300,0.0001,50,most_parsimonious,Unweighted k-means,Random 25% immutable,α < 1,0.8507238734290548,104,2,1,True,3.0,3.0,2.049152933546707,2.8629725346546424,1.394862899643618,0.3948628996436181,True,15.227600000002894,Optimization terminated successfully
Iris,3,42,10,300,0.0001,50,most_parsimonious,Unweighted k-means,Random 50% immutable,α = 1,1.0,104,2,1,False,,,,,,,False,10.560300000008738,No feasible counterfactual found.
Iris,3,42,10,300,0.0001,50,most_parsimonious,Unweighted k-means,Random 50% immutable,α < 1,0.8507238734290548,104,2,1,False,,,,,,,False,8.53040000001215,No feasible counterfactual found.
Iris,3,42,10,300,0.0001,50,most_parsimonious,Unweighted k-means,Random 75% immutable,α = 1,1.0,104,2,1,False,,,,,,,False,7.511300000004439,No feasible counterfactual found.
Iris,3,42,10,300,0.0001,50,most_parsimonious,Unweighted k-means,Random 75% immutable,α < 1,0.8507238734290548,104,2,1,False,,,,,,,False,5.2250999999898795,No feasible counterfactual found.
Iris,3,42,10,300,0.0001,50,most_parsimonious,Unweighted k-means,All features mutable,α = 1,1.0,144,2,0,True,1.0,1.0,1.1887969186043768,2.180639281132372,1.3335671405210758,0.33356714052107583,True,1.3053000000127213,Optimization terminated successfully
Iris,3,42,10,300,0.0001,50,most_parsimonious,Unweighted k-means,All features mutable,α < 1,0.9838316312572207,144,2,0,True,1.0,1.0,1.2136147624746012,2.20328369709813,1.3198613026900246,0.31986130269002455,True,1.2668999999903008,Optimization terminated successfully
Iris,3,42,10,300,0.0001,50,most_parsimonious,Unweighted k-means,Random 25% immutable,α = 1,1.0,144,2,0,True,1.0,1.0,1.1887969186043768,2.180639281132372,1.3335671405210758,0.33356714052107583,True,1.2733000000082484,Optimization terminated successfully
Iris,3,42,10,300,0.0001,50,most_parsimonious,Unweighted k-means,Random 25% immutable,α < 1,0.9838316312572207,144,2,0,True,1.0,1.0,1.2136147624746012,2.20328369709813,1.3198613026900246,0.31986130269002455,True,1.272099999994225,Optimization terminated successfully
Iris,3,42,10,300,0.0001,50,most_parsimonious,Unweighted k-means,Random 50% immutable,α = 1,1.0,144,2,0,True,1.0,1.0,1.752769332165832,2.6478439018687125,1.1361087202284206,0.13610872022842058,True,1.2781000000074982,Optimization terminated successfully
Iris,3,42,10,300,0.0001,50,most_parsimonious,Unweighted k-means,Random 50% immutable,α < 1,0.9838316312572207,144,2,0,True,1.0,1.0,1.7893609105468313,2.6753399115228937,1.1244322763473817,0.12443227634738174,True,1.2823000000139473,Optimization terminated successfully
Iris,3,42,10,300,0.0001,50,most_parsimonious,Unweighted k-means,Random 75% immutable,α = 1,1.0,144,2,0,True,1.0,1.0,1.752769332165832,2.6478439018687125,1.1361087202284206,0.13610872022842058,True,1.2547000000040498,Optimization terminated successfully
Iris,3,42,10,300,0.0001,50,most_parsimonious,Unweighted k-means,Random 75% immutable,α < 1,0.9838316312572207,144,2,0,True,1.0,1.0,1.7893609105468313,2.6753399115228937,1.1244322763473817,0.12443227634738174,True,1.2777000000028238,Optimization terminated successfully
Iris,3,42,10,300,0.0001,50,most_parsimonious,Unweighted k-means,All features mutable,α = 1,1.0,115,2,1,True,2.0,2.0,3.205239660060009,3.5806366249928288,1.0,0.0,False,3.4344000000032793,Optimization terminated successfully
Iris,3,42,10,300,0.0001,50,most_parsimonious,Unweighted k-means,All features mutable,α < 1,0.8507238734290548,115,2,1,True,3.0,3.0,1.7852809946686667,2.672288154124601,1.2876141949256075,0.28761419492560747,True,29.685999999998103,Optimization terminated successfully
Iris,3,42,10,300,0.0001,50,most_parsimonious,Unweighted k-means,Random 25% immutable,α = 1,1.0,115,2,1,True,2.0,2.0,2.8308174255236236,3.365006642206594,1.0,0.0,False,13.672200000002022,Optimization terminated successfully
Iris,3,42,10,300,0.0001,50,most_parsimonious,Unweighted k-means,Random 25% immutable,α < 1,0.8507238734290548,115,2,1,True,3.0,3.0,1.646811795109219,2.5665633014669393,1.374069794202576,0.3740697942025759,True,16.699600000009696,Optimization terminated successfully
Iris,3,42,10,300,0.0001,50,most_parsimonious,Unweighted k-means,Random 50% immutable,α = 1,1.0,115,2,1,True,2.0,2.0,1.6296747006707268,2.5531742601481215,1.3080527109164173,0.3080527109164173,True,3.497299999992265,Optimization terminated successfully
Iris,3,42,10,300,0.0001,50,most_parsimonious,Unweighted k-means,Random 50% immutable,α < 1,0.8507238734290548,115,2,1,True,2.0,2.0,2.031356326606088,2.850513165453609,1.1716088696435187,0.17160886964351874,True,3.6710999999911564,Optimization terminated successfully
Iris,3,42,10,300,0.0001,50,most_parsimonious,Unweighted k-means,Random 75% immutable,α = 1,1.0,115,2,1,False,,,,,,,False,0.9262999999748445,No feasible counterfactual found.
Iris,3,42,10,300,0.0001,50,most_parsimonious,Unweighted k-means,Random 75% immutable,α < 1,0.8507238734290548,115,2,1,False,,,,,,,False,1.9957000000090375,No feasible counterfactual found.
Iris,3,42,10,300,0.0001,50,most_parsimonious,Unweighted k-means,All features mutable,α = 1,1.0,58,0,1,True,2.0,2.0,1.3454318902257498,2.319855073254146,1.9071906332858044,0.9071906332858044,True,3.454200000021501,Optimization terminated successfully
Iris,3,42,10,300,0.0001,50,most_parsimonious,Unweighted k-means,All features mutable,α < 1,0.8507238734290548,58,0,1,True,2.0,2.0,1.8776780145561982,2.740567834997848,1.416688855582716,0.41668885558271596,True,8.275200000014138,Optimization terminated successfully
Iris,3,42,10,300,0.0001,50,most_parsimonious,Unweighted k-means,Random 25% immutable,α = 1,1.0,58,0,1,True,2.0,2.0,0.9334743725973178,1.9323295501516482,1.2819417507709747,0.2819417507709747,True,14.917499999995698,Optimization terminated successfully
Iris,3,42,10,300,0.0001,50,most_parsimonious,Unweighted k-means,Random 25% immutable,α < 1,0.8507238734290548,58,0,1,True,2.0,2.0,1.4471353913895784,2.405938811682108,1.0,0.0,False,3.213699999975006,Optimization terminated successfully
Iris,3,42,10,300,0.0001,50,most_parsimonious,Unweighted k-means,Random 50% immutable,α = 1,1.0,58,0,1,True,2.0,2.0,0.9996583371856521,1.9996583079972958,1.1583465188899218,0.1583465188899218,True,3.260799999992514,Optimization terminated successfully
Iris,3,42,10,300,0.0001,50,most_parsimonious,Unweighted k-means,Random 50% immutable,α < 1,0.8507238734290548,58,0,1,True,2.0,2.0,1.319049049480191,2.296997213302786,1.0084022827072239,0.008402282707223874,True,6.89230000000407,Optimization terminated successfully
Iris,3,42,10,300,0.0001,50,most_parsimonious,Unweighted k-means,Random 75% immutable,α = 1,1.0,58,0,1,False,,,,,,,False,0.9683000000109132,No feasible counterfactual found.
Iris,3,42,10,300,0.0001,50,most_parsimonious,Unweighted k-means,Random 75% immutable,α < 1,0.8507238734290548,58,0,1,False,,,,,,,False,0.9629000000188626,No feasible counterfactual found.
Iris,3,42,10,300,0.0001,50,most_parsimonious,Unweighted k-means,All features mutable,α = 1,1.0,120,2,1,True,3.0,3.0,2.0388717305098747,2.85578131551411,1.3124661476155004,0.3124661476155004,True,4.5101999999985765,Optimization terminated successfully
Iris,3,42,10,300,0.0001,50,most_parsimonious,Unweighted k-means,All features mutable,α < 1,0.8507238734290548,120,2,1,True,3.0,3.0,2.568534614862961,3.205329695905219,1.1686576547192622,0.1686576547192622,True,9.661100000016631,Optimization terminated successfully
Iris,3,42,10,300,0.0001,50,most_parsimonious,Unweighted k-means,Random 25% immutable,α = 1,1.0,120,2,1,True,3.0,3.0,2.0388717305098747,2.85578131551411,1.3124661476155004,0.3124661476155004,True,4.442399999987856,Optimization terminated successfully
Iris,3,42,10,300,0.0001,50,most_parsimonious,Unweighted k-means,Random 25% immutable,α < 1,0.8507238734290548,120,2,1,True,3.0,3.0,2.568534614862961,3.205329695905219,1.1686576547192622,0.1686576547192622,True,9.512699999987717,Optimization terminated successfully
Iris,3,42,10,300,0.0001,50,most_parsimonious,Unweighted k-means,Random 50% immutable,α = 1,1.0,120,2,1,True,2.0,2.0,2.218002683614145,2.9785920725162383,1.2255303628583534,0.22553036285835337,True,4.599499999983436,Optimization terminated successfully
Iris,3,42,10,300,0.0001,50,most_parsimonious,Unweighted k-means,Random 50% immutable,α < 1,0.8507238734290548,120,2,1,True,2.0,2.0,2.6829309428629853,3.2759309778217154,1.1142954633152542,0.1142954633152542,True,8.300899999994726,Optimization terminated successfully
Iris,3,42,10,300,0.0001,50,most_parsimonious,Unweighted k-means,Random 75% immutable,α = 1,1.0,120,2,1,False,,,,,,,False,0.9297999999944295,No feasible counterfactual found.
Iris,3,42,10,300,0.0001,50,most_parsimonious,Unweighted k-means,Random 75% immutable,α < 1,0.8507238734290548,120,2,1,False,,,,,,,False,6.674599999996644,No feasible counterfactual found.
Iris,3,42,10,300,0.0001,50,most_parsimonious,Unweighted k-means,All features mutable,α = 1,1.0,107,2,1,True,2.0,2.0,5.501321485592639,4.690979209330452,1.0000000000000038,3.774758283725532e-15,True,6.835300000005873,Optimization terminated successfully
Iris,3,42,10,300,0.0001,50,most_parsimonious,Unweighted k-means,All features mutable,α < 1,0.8507238734290548,107,2,1,True,3.0,3.0,3.123317733358219,3.534582144105987,1.2040643853666348,0.20406438536663485,True,14.63810000001331,Optimization terminated successfully
Iris,3,42,10,300,0.0001,50,most_parsimonious,Unweighted k-means,Random 25% immutable,α = 1,1.0,107,2,1,True,2.0,2.0,4.62399619738267,4.300695849456304,1.000000000000006,5.995204332975845e-15,True,6.797400000010612,Optimization terminated successfully
Iris,3,42,10,300,0.0001,50,most_parsimonious,Unweighted k-means,Random 25% immutable,α < 1,0.8507238734290548,107,2,1,True,3.0,3.0,3.076731442737733,3.5081228272326683,1.017193535804093,0.017193535804093107,True,19.574699999992617,Optimization terminated successfully
Iris,3,42,10,300,0.0001,50,most_parsimonious,Unweighted k-means,Random 50% immutable,α = 1,1.0,107,2,1,False,,,,,,,False,2.893499999998994,No feasible counterfactual found.
Iris,3,42,10,300,0.0001,50,most_parsimonious,Unweighted k-means,Random 50% immutable,α < 1,0.8507238734290548,107,2,1,False,,,,,,,False,4.491799999982504,No feasible counterfactual found.
Iris,3,42,10,300,0.0001,50,most_parsimonious,Unweighted k-means,Random 75% immutable,α = 1,1.0,107,2,1,False,,,,,,,False,9.135500000013508,No feasible counterfactual found.
Iris,3,42,10,300,0.0001,50,most_parsimonious,Unweighted k-means,Random 75% immutable,α < 1,0.8507238734290548,107,2,1,False,,,,,,,False,1.2195999999846663,No feasible counterfactual found.
Iris,3,42,10,300,0.0001,50,most_parsimonious,Unweighted k-means,All features mutable,α = 1,1.0,21,1,0,True,2.0,2.0,1.7082862474459986,2.6140284982731146,1.7246749877661618,0.7246749877661618,True,2.782700000011573,Optimization terminated successfully
Iris,3,42,10,300,0.0001,50,most_parsimonious,Unweighted k-means,All features mutable,α < 1,0.9838316312572207,21,1,0,True,2.0,2.0,1.7567454651334422,2.650845499182057,1.7007213581620573,0.7007213581620573,True,2.856600000001208,Optimization terminated successfully
Iris,3,42,10,300,0.0001,50,most_parsimonious,Unweighted k-means,Random 25% immutable,α = 1,1.0,21,1,0,True,2.0,2.0,2.0973631577619845,2.896455183676754,1.0,0.0,False,2.7229000000090764,Optimization terminated successfully
Iris,3,42,10,300,0.0001,50,most_parsimonious,Unweighted k-means,Random 25% immutable,α < 1,0.9838316312572207,21,1,0,True,2.0,2.0,2.2051549877947965,2.96995285335966,1.0000000000000009,8.881784197001252e-16,True,2.670700000010129,Optimization terminated successfully
Iris,3,42,10,300,0.0001,50,most_parsimonious,Unweighted k-means,Random 50% immutable,α = 1,1.0,21,1,0,False,,,,,,,False,12.44030000000862,No feasible counterfactual found.
Iris,3,42,10,300,0.0001,50,most_parsimonious,Unweighted k-means,Random 50% immutable,α < 1,0.9838316312572207,21,1,0,False,,,,,,,False,13.215500000001157,No feasible counterfactual found.
Iris,3,42,10,300,0.0001,50,most_parsimonious,Unweighted k-means,Random 75% immutable,α = 1,1.0,21,1,0,True,1.0,1.0,2.243675945084936,2.9957809967251854,1.3131301692430661,0.31313016924306614,True,1.3775999999836586,Optimization terminated successfully
Iris,3,42,10,300,0.0001,50,most_parsimonious,Unweighted k-means,Random 75% immutable,α < 1,0.9838316312572207,21,1,0,True,1.0,1.0,2.307322644345957,3.0379747492999063,1.2948923976907478,0.2948923976907478,True,1.323599999977887,Optimization terminated successfully
Iris,3,42,10,300,0.0001,50,most_parsimonious,Unweighted k-means,All features mutable,α = 1,1.0,99,0,1,True,2.0,2.0,0.7372170870160691,1.7172269355167582,2.022240829486518,1.0222408294865182,True,5.593599999997423,Optimization terminated successfully
Iris,3,42,10,300,0.0001,50,most_parsimonious,Unweighted k-means,All features mutable,α < 1,0.8507238734290548,99,0,1,True,2.0,2.0,1.0579600313766213,2.0571436812985344,1.6880913394862593,0.6880913394862593,True,3.356800000005933,Optimization terminated successfully
Iris,3,42,10,300,0.0001,50,most_parsimonious,Unweighted k-means,Random 25% immutable,α = 1,1.0,99,0,1,True,2.0,2.0,0.7372170870160691,1.7172269355167582,2.022240829486518,1.0222408294865182,True,4.964499999999816,Optimization terminated successfully
Iris,3,42,10,300,0.0001,50,most_parsimonious,Unweighted k-means,Random 25% immutable,α < 1,0.8507238734290548,99,0,1,True,2.0,2.0,1.0579600313766213,2.0571436812985344,1.6880913394862593,0.6880913394862593,True,3.042899999996962,Optimization terminated successfully
Iris,3,42,10,300,0.0001,50,most_parsimonious,Unweighted k-means,Random 50% immutable,α = 1,1.0,99,0,1,True,1.0,1.0,1.2376070647672208,2.224955788115549,1.6640543879070426,0.6640543879070426,True,1.24510000000555,Optimization terminated successfully
Iris,3,42,10,300,0.0001,50,most_parsimonious,Unweighted k-means,Random 50% immutable,α < 1,0.8507238734290548,99,0,1,True,2.0,2.0,0.7236513046728,1.7013539369252948,1.496764214026833,0.4967642140268329,True,5.779100000012249,Optimization terminated successfully
Iris,3,42,10,300,0.0001,50,most_parsimonious,Unweighted k-means,Random 75% immutable,α = 1,1.0,99,0,1,False,,,,,,,False,3.014799999988327,No feasible counterfactual found.
Iris,3,42,10,300,0.0001,50,most_parsimonious,Unweighted k-means,Random 75% immutable,α < 1,0.8507238734290548,99,0,1,False,,,,,,,False,1.858200000015131,No feasible counterfactual found.
Iris,3,42,10,300,0.0001,50,most_parsimonious,Unweighted k-means,All features mutable,α = 1,1.0,74,0,1,True,2.0,2.0,1.0267683852953027,2.026591606905844,2.0115568416391354,1.0115568416391354,True,5.1843000000246775,Optimization terminated successfully
Iris,3,42,10,300,0.0001,50,most_parsimonious,Unweighted k-means,All features mutable,α < 1,0.8507238734290548,74,0,1,True,2.0,2.0,1.4541704503347477,2.411779799513005,1.6220313694984978,0.6220313694984978,True,2.986399999997502,Optimization terminated successfully
Iris,3,42,10,300,0.0001,50,most_parsimonious,Unweighted k-means,Random 25% immutable,α = 1,1.0,74,0,1,True,2.0,2.0,1.091317428336565,2.0893227882130274,1.0399395005600731,0.039939500560073116,True,5.199900000008029,Optimization terminated successfully
Iris,3,42,10,300,0.0001,50,most_parsimonious,Unweighted k-means,Random 25% immutable,α < 1,0.8507238734290548,74,0,1,True,2.0,2.0,1.5409232945614777,2.4826786296751964,1.000000000000001,1.1102230246251565e-15,True,3.1550999999865326,Optimization terminated successfully
Iris,3,42,10,300,0.0001,50,most_parsimonious,Unweighted k-means,Random 50% immutable,α = 1,1.0,74,0,1,True,2.0,2.0,0.7494337035682372,1.7313967812933433,1.3685764138002225,0.36857641380022255,True,3.393899999991845,Optimization terminated successfully
Iris,3,42,10,300,0.0001,50,most_parsimonious,Unweighted k-means,Random 50% immutable,α < 1,0.8507238734290548,74,0,1,True,2.0,2.0,1.2217175421739195,2.2106266461561703,1.0000000000000016,1.5543122344752192e-15,True,5.5474000000117485,Optimization terminated successfully
Iris,3,42,10,300,0.0001,50,most_parsimonious,Unweighted k-means,Random 75% immutable,α = 1,1.0,74,0,1,False,,,,,,,False,0.9148000000038792,No feasible counterfactual found.
Iris,3,42,10,300,0.0001,50,most_parsimonious,Unweighted k-means,Random 75% immutable,α < 1,0.8507238734290548,74,0,1,False,,,,,,,False,1.9839999999931024,No feasible counterfactual found.
Iris,3,42,10,300,0.0001,50,most_parsimonious,Unweighted k-means,All features mutable,α = 1,1.0,105,2,0,True,1.0,1.0,1.7601717225146716,2.653429269842836,1.5069328472725139,0.5069328472725139,True,1.2553999999909138,Optimization terminated successfully
Iris,3,42,10,300,0.0001,50,most_parsimonious,Unweighted k-means,All features mutable,α < 1,0.9838316312572207,105,2,0,True,1.0,1.0,1.7903425929692984,2.676073685808594,1.4941814740920731,0.49418147409207314,True,1.269600000000537,Optimization terminated successfully
Iris,3,42,10,300,0.0001,50,most_parsimonious,Unweighted k-means,Random 25% immutable,α = 1,1.0,105,2,0,True,1.0,1.0,1.7601717225146716,2.653429269842836,1.5069328472725139,0.5069328472725139,True,1.2531999999794152,Optimization terminated successfully
Iris,3,42,10,300,0.0001,50,most_parsimonious,Unweighted k-means,Random 25% immutable,α < 1,0.9838316312572207,105,2,0,True,1.0,1.0,1.7903425929692984,2.676073685808594,1.4941814740920731,0.49418147409207314,True,1.2551999999743657,Optimization terminated successfully
Iris,3,42,10,300,0.0001,50,most_parsimonious,Unweighted k-means,Random 50% immutable,α = 1,1.0,105,2,0,True,2.0,2.0,1.6569517957371773,2.574452792915168,1.1249031118185406,0.12490311181854064,True,13.224199999996245,Optimization terminated successfully
Iris,3,42,10,300,0.0001,50,most_parsimonious,Unweighted k-means,Random 50% immutable,α < 1,0.9838316312572207,105,2,0,True,2.0,2.0,1.6853533870928952,2.596423222121459,1.115384387679359,0.11538438767935899,True,8.588800000012498,Optimization terminated successfully
Iris,3,42,10,300,0.0001,50,most_parsimonious,Unweighted k-means,Random 75% immutable,α = 1,1.0,105,2,0,False,,,,,,,False,0.9241999999858308,No feasible counterfactual found.
Iris,3,42,10,300,0.0001,50,most_parsimonious,Unweighted k-means,Random 75% immutable,α < 1,0.9838316312572207,105,2,0,False,,,,,,,False,2.8561999999965337,No feasible counterfactual found.
Iris,3,42,10,300,0.0001,50,most_parsimonious,Unweighted k-means,All features mutable,α = 1,1.0,23,1,2,True,1.0,1.0,2.1438463456282157,2.928375895016359,1.1585604082440666,0.1585604082440666,True,1.4209999999934553,Optimization terminated successfully
Iris,3,42,10,300,0.0001,50,most_parsimonious,Unweighted k-means,All features mutable,α < 1,0.9568464819465536,23,1,2,True,1.0,1.0,2.3797535663712943,3.0852899807773624,1.0996374388015937,0.0996374388015937,True,1.6151000000093063,Optimization terminated successfully
Iris,3,42,10,300,0.0001,50,most_parsimonious,Unweighted k-means,Random 25% immutable,α = 1,1.0,23,1,2,True,1.0,1.0,2.1438463456282157,2.928375895016359,1.1585604082440666,0.1585604082440666,True,1.3999999999896318,Optimization terminated successfully
Iris,3,42,10,300,0.0001,50,most_parsimonious,Unweighted k-means,Random 25% immutable,α < 1,0.9568464819465536,23,1,2,True,1.0,1.0,2.3797535663712943,3.0852899807773624,1.0996374388015937,0.0996374388015937,True,1.3804000000163796,Optimization terminated successfully
Iris,3,42,10,300,0.0001,50,most_parsimonious,Unweighted k-means,Random 50% immutable,α = 1,1.0,23,1,2,False,,,,,,,False,80.18430000001331,No feasible counterfactual found.
Iris,3,42,10,300,0.0001,50,most_parsimonious,Unweighted k-means,Random 50% immutable,α < 1,0.9568464819465536,23,1,2,False,,,,,,,False,54.79010000001949,No feasible counterfactual found.
Iris,3,42,10,300,0.0001,50,most_parsimonious,Unweighted k-means,Random 75% immutable,α = 1,1.0,23,1,2,False,,,,,,,False,0.9617999999989024,No feasible counterfactual found.
Iris,3,42,10,300,0.0001,50,most_parsimonious,Unweighted k-means,Random 75% immutable,α < 1,0.9568464819465536,23,1,2,False,,,,,,,False,5.289800000014111,No feasible counterfactual found.
Iris,3,42,10,300,0.0001,50,most_parsimonious,Unweighted k-means,All features mutable,α = 1,1.0,75,2,1,True,2.0,2.0,1.1620745367722376,2.1559912214777106,1.8842004797587113,0.8842004797587113,True,7.493399999987105,Optimization terminated successfully
Iris,3,42,10,300,0.0001,50,most_parsimonious,Unweighted k-means,All features mutable,α < 1,0.8507238734290548,75,2,1,True,2.0,2.0,1.6864353381903947,2.597256504999377,1.4039640510002773,0.4039640510002773,True,6.561300000015535,Optimization terminated successfully
Iris,3,42,10,300,0.0001,50,most_parsimonious,Unweighted k-means,Random 25% immutable,α = 1,1.0,75,2,1,True,2.0,2.0,1.1620745367722376,2.1559912214777106,1.8842004797587113,0.8842004797587113,True,6.719900000007328,Optimization terminated successfully
Iris,3,42,10,300,0.0001,50,most_parsimonious,Unweighted k-means,Random 25% immutable,α < 1,0.8507238734290548,75,2,1,True,2.0,2.0,1.6864353381903947,2.597256504999377,1.4039640510002773,0.4039640510002773,True,5.674699999985933,Optimization terminated successfully
Iris,3,42,10,300,0.0001,50,most_parsimonious,Unweighted k-means,Random 50% immutable,α = 1,1.0,75,2,1,True,2.0,2.0,1.1641020529326471,2.1578712222305083,1.0374163155513438,0.03741631555134384,True,6.861499999985199,Optimization terminated successfully
Iris,3,42,10,300,0.0001,50,most_parsimonious,Unweighted k-means,Random 50% immutable,α < 1,0.8507238734290548,75,2,1,True,2.0,2.0,1.6267969329583067,2.5509189975052573,1.0000000000000007,6.661338147750939e-16,True,7.134699999994609,Optimization terminated successfully
Iris,3,42,10,300,0.0001,50,most_parsimonious,Unweighted k-means,Random 75% immutable,α = 1,1.0,75,2,1,False,,,,,,,False,2.0418000000006487,No feasible counterfactual found.
Iris,3,42,10,300,0.0001,50,most_parsimonious,Unweighted k-means,Random 75% immutable,α < 1,0.8507238734290548,75,2,1,False,,,,,,,False,4.081799999994473,No feasible counterfactual found.
Iris,3,42,10,300,0.0001,50,most_parsimonious,Unweighted k-means,All features mutable,α = 1,1.0,119,0,2,True,1.0,1.0,0.8066773651749397,1.7963043897679922,1.2816255148865512,0.2816255148865512,True,1.2725999999929627,Optimization terminated successfully
Iris,3,42,10,300,0.0001,50,most_parsimonious,Unweighted k-means,All features mutable,α < 1,0.9568464819465536,119,0,2,True,1.0,1.0,0.8618732100294432,1.8567425346875028,1.2399077930408067,0.23990779304080667,True,1.260599999994838,Optimization terminated successfully
Iris,3,42,10,300,0.0001,50,most_parsimonious,Unweighted k-means,Random 25% immutable,α = 1,1.0,119,0,2,True,1.0,1.0,0.8066773651749397,1.7963043897679922,1.2816255148865512,0.2816255148865512,True,1.2461999999970885,Optimization terminated successfully
Iris,3,42,10,300,0.0001,50,most_parsimonious,Unweighted k-means,Random 25% immutable,α < 1,0.9568464819465536,119,0,2,True,1.0,1.0,0.8618732100294432,1.8567425346875028,1.2399077930408067,0.23990779304080667,True,1.2502999999810527,Optimization terminated successfully
Iris,3,42,10,300,0.0001,50,most_parsimonious,Unweighted k-means,Random 50% immutable,α = 1,1.0,119,0,2,True,1.0,1.0,1.18936996260966,2.1811647921325523,2.334012199017648,1.3340121990176481,True,1.246600000001763,Optimization terminated successfully
Iris,3,42,10,300,0.0001,50,most_parsimonious,Unweighted k-means,Random 50% immutable,α < 1,0.9568464819465536,119,0,2,True,1.0,1.0,1.2707510484872435,2.254551883179665,2.2580386243874604,1.2580386243874604,True,1.2498999999763782,Optimization terminated successfully
Iris,3,42,10,300,0.0001,50,most_parsimonious,Unweighted k-means,Random 75% immutable,α = 1,1.0,119,0,2,False,,,,,,,False,0.9207999999887306,No feasible counterfactual found.
Iris,3,42,10,300,0.0001,50,most_parsimonious,Unweighted k-means,Random 75% immutable,α < 1,0.9568464819465536,119,0,2,False,,,,,,,False,5.207200000000967,No feasible counterfactual found.
Iris,3,42,10,300,0.0001,50,most_parsimonious,Unweighted k-means,All features mutable,α = 1,1.0,132,2,0,True,1.0,1.0,0.08665434700155575,0.588742208446297,4.321968499645597,3.321968499645597,True,0.919399999986581,Optimization terminated successfully
Iris,3,42,10,300,0.0001,50,most_parsimonious,Unweighted k-means,All features mutable,α < 1,0.9838316312572207,132,2,0,True,1.0,1.0,0.09344840113859693,0.6113866244483827,4.16189229133439,3.1618922913343903,True,0.9027000000116914,Optimization terminated successfully
Iris,3,42,10,300,0.0001,50,most_parsimonious,Unweighted k-means,Random 25% immutable,α = 1,1.0,132,2,0,True,1.0,1.0,0.08665434700155575,0.588742208446297,4.321968499645597,3.321968499645597,True,1.0331999999948493,Optimization terminated successfully
Iris,3,42,10,300,0.0001,50,most_parsimonious,Unweighted k-means,Random 25% immutable,α < 1,0.9838316312572207,132,2,0,True,1.0,1.0,0.09344840113859693,0.6113866244483827,4.16189229133439,3.1618922913343903,True,1.1182000000076187,Optimization terminated successfully
Iris,3,42,10,300,0.0001,50,most_parsimonious,Unweighted k-means,Random 50% immutable,α = 1,1.0,132,2,0,True,1.0,1.0,0.2897067284378011,1.0764882320542126,2.429959107415373,1.4299591074153728,True,1.2849999999957618,Optimization terminated successfully
Iris,3,42,10,300,0.0001,50,most_parsimonious,Unweighted k-means,Random 50% immutable,α < 1,0.9838316312572207,132,2,0,True,1.0,1.0,0.31242091722323206,1.1178925122268815,2.3399587660666916,1.3399587660666916,True,1.2929000000099222,Optimization terminated successfully
Iris,3,42,10,300,0.0001,50,most_parsimonious,Unweighted k-means,Random 75% immutable,α = 1,1.0,132,2,0,True,1.0,1.0,0.22562955022116832,0.950009579364689,2.906215295484913,1.906215295484913,True,1.3650999999867963,Optimization terminated successfully
Iris,3,42,10,300,0.0001,50,most_parsimonious,Unweighted k-means,Random 75% immutable,α < 1,0.9838316312572207,132,2,0,True,1.0,1.0,0.24331982696044543,0.986549191800278,2.7985754723174354,1.7985754723174354,True,1.263200000011011,Optimization terminated successfully
Iris,3,42,10,300,0.0001,50,most_parsimonious,Unweighted k-means,All features mutable,α = 1,1.0,45,1,2,True,2.0,2.0,3.2646372783455546,3.6136614552808095,1.0422773128161678,0.042277312816167756,True,4.1829999999833944,Optimization terminated successfully
Iris,3,42,10,300,0.0001,50,most_parsimonious,Unweighted k-means,All features mutable,α < 1,0.9568464819465536,45,1,2,True,2.0,2.0,3.4907197232195926,3.7366935776001715,1.006439092821688,0.006439092821687975,True,8.45499999999788,Optimization terminated successfully
Iris,3,42,10,300,0.0001,50,most_parsimonious,Unweighted k-means,Random 25% immutable,α = 1,1.0,45,1,2,True,2.0,2.0,3.2646372783455546,3.6136614552808095,1.0422773128161678,0.042277312816167756,True,4.1290000000060445,Optimization terminated successfully
Iris,3,42,10,300,0.0001,50,most_parsimonious,Unweighted k-means,Random 25% immutable,α < 1,0.9568464819465536,45,1,2,True,2.0,2.0,3.4907197232195926,3.7366935776001715,1.006439092821688,0.006439092821687975,True,8.368300000000772,Optimization terminated successfully
Iris,3,42,10,300,0.0001,50,most_parsimonious,Unweighted k-means,Random 50% immutable,α = 1,1.0,45,1,2,False,,,,,,,False,37.45660000001294,No feasible counterfactual found.
Iris,3,42,10,300,0.0001,50,most_parsimonious,Unweighted k-means,Random 50% immutable,α < 1,0.9568464819465536,45,1,2,False,,,,,,,False,26.296399999978348,No feasible counterfactual found.
Iris,3,42,10,300,0.0001,50,most_parsimonious,Unweighted k-means,Random 75% immutable,α = 1,1.0,45,1,2,False,,,,,,,False,2.269000000012511,No feasible counterfactual found.
Iris,3,42,10,300,0.0001,50,most_parsimonious,Unweighted k-means,Random 75% immutable,α < 1,0.9568464819465536,45,1,2,False,,,,,,,False,7.0052000000089265,No feasible counterfactual found.
Iris,3,42,10,300,0.0001,50,most_parsimonious,Unweighted k-means,All features mutable,α = 1,1.0,12,1,2,True,3.0,3.0,2.2511361139543014,3.0007573137155235,1.633189161915536,0.6331891619155361,True,17.184399999990774,Optimization terminated successfully
Iris,3,42,10,300,0.0001,50,most_parsimonious,Unweighted k-means,All features mutable,α < 1,0.9568464819465536,12,1,2,True,3.0,3.0,2.363514628316712,3.074745276159774,1.5923196165690316,0.5923196165690316,True,21.145700000005263,Optimization terminated successfully
Iris,3,42,10,300,0.0001,50,most_parsimonious,Unweighted k-means,Random 25% immutable,α = 1,1.0,12,1,2,True,2.0,2.0,3.0575571257781,3.4971743598385827,1.2242072443877472,0.2242072443877472,True,5.965199999991455,Optimization terminated successfully
Iris,3,42,10,300,0.0001,50,most_parsimonious,Unweighted k-means,Random 25% immutable,α < 1,0.9568464819465536,12,1,2,True,2.0,2.0,3.1509804751136805,3.550200262021105,1.2059224519563339,0.20592245195633385,True,4.420500000009042,Optimization terminated successfully
Iris,3,42,10,300,0.0001,50,most_parsimonious,Unweighted k-means,Random 50% immutable,α = 1,1.0,12,1,2,True,2.0,2.0,3.0575571257781,3.4971743598385827,1.2242072443877472,0.2242072443877472,True,5.366999999978361,Optimization terminated successfully
Iris,3,42,10,300,0.0001,50,most_parsimonious,Unweighted k-means,Random 50% immutable,α < 1,0.9568464819465536,12,1,2,True,2.0,2.0,3.1509804751136805,3.550200262021105,1.2059224519563339,0.20592245195633385,True,3.706899999997404,Optimization terminated successfully
Iris,3,42,10,300,0.0001,50,most_parsimonious,Unweighted k-means,Random 75% immutable,α = 1,1.0,12,1,2,False,,,,,,,False,0.9335999999962041,No feasible counterfactual found.
Iris,3,42,10,300,0.0001,50,most_parsimonious,Unweighted k-means,Random 75% immutable,α < 1,0.9568464819465536,12,1,2,False,,,,,,,False,11.943700000017543,No feasible counterfactual found.
Iris,3,42,10,300,0.0001,50,most_parsimonious,Unweighted k-means,All features mutable,α = 1,1.0,91,0,1,True,2.0,2.0,0.8944600220323105,1.8915179322780002,2.0004148792273573,1.0004148792273573,True,4.057900000020709,Optimization terminated successfully
Iris,3,42,10,300,0.0001,50,most_parsimonious,Unweighted k-means,All features mutable,α < 1,0.8507238734290548,91,0,1,True,2.0,2.0,1.2945937979215145,2.2756043574589273,1.470460895639343,0.470460895639343,True,8.162799999979597,Optimization terminated successfully
Iris,3,42,10,300,0.0001,50,most_parsimonious,Unweighted k-means,Random 25% immutable,α = 1,1.0,91,0,1,True,2.0,2.0,0.6111661515260456,1.5635423262912271,1.8913819303694825,0.8913819303694825,True,2.528800000021647,Optimization terminated successfully
Iris,3,42,10,300,0.0001,50,most_parsimonious,Unweighted k-means,Random 25% immutable,α < 1,0.8507238734290548,91,0,1,True,2.0,2.0,0.9074994749059226,1.9052553371198546,1.2629408113643295,0.26294081136432945,True,2.725800000007439,Optimization terminated successfully
Iris,3,42,10,300,0.0001,50,most_parsimonious,Unweighted k-means,Random 50% immutable,α = 1,1.0,91,0,1,True,2.0,2.0,0.8944600220323105,1.8915179322780002,2.0004148792273573,1.0004148792273573,True,3.2656000000201857,Optimization terminated successfully
Iris,3,42,10,300,0.0001,50,most_parsimonious,Unweighted k-means,Random 50% immutable,α < 1,0.8507238734290548,91,0,1,True,2.0,2.0,1.2945937979215145,2.2756043574589273,1.470460895639343,0.470460895639343,True,9.522200000020575,Optimization terminated successfully
Iris,3,42,10,300,0.0001,50,most_parsimonious,Unweighted k-means,Random 75% immutable,α = 1,1.0,91,0,1,False,,,,,,,False,1.0174999999890133,No feasible counterfactual found.
Iris,3,42,10,300,0.0001,50,most_parsimonious,Unweighted k-means,Random 75% immutable,α < 1,0.8507238734290548,91,0,1,False,,,,,,,False,1.1235999999996693,No feasible counterfactual found.
Iris,3,42,10,300,0.0001,50,most_parsimonious,Unweighted k-means,All features mutable,α = 1,1.0,114,0,1,True,2.0,2.0,3.878672768006795,3.938869263129608,1.0,0.0,False,9.712199999995619,Optimization terminated successfully
Iris,3,42,10,300,0.0001,50,most_parsimonious,Unweighted k-means,All features mutable,α < 1,0.8507238734290548,114,0,1,True,3.0,3.0,2.032594224770199,2.851381577250017,1.2739300851255724,0.2739300851255724,True,11.327600000015536,Optimization terminated successfully
Iris,3,42,10,300,0.0001,50,most_parsimonious,Unweighted k-means,Random 25% immutable,α = 1,1.0,114,0,1,True,2.0,2.0,3.878672768006795,3.938869263129608,1.0,0.0,False,3.249899999985928,Optimization terminated successfully
Iris,3,42,10,300,0.0001,50,most_parsimonious,Unweighted k-means,Random 25% immutable,α < 1,0.8507238734290548,114,0,1,True,3.0,3.0,2.151914293093487,2.93388090630379,1.6072922106047909,0.6072922106047909,True,10.212100000018154,Optimization terminated successfully
Iris,3,42,10,300,0.0001,50,most_parsimonious,Unweighted k-means,Random 50% immutable,α = 1,1.0,114,0,1,True,2.0,2.0,2.183441906262696,2.9552948457050414,1.0775074656442185,0.07750746564421851,True,8.182799999985946,Optimization terminated successfully
Iris,3,42,10,300,0.0001,50,most_parsimonious,Unweighted k-means,Random 50% immutable,α < 1,0.8507238734290548,114,0,1,True,2.0,2.0,2.646253449856318,3.253461817729735,1.0,0.0,False,3.0148000000167485,Optimization terminated successfully
Iris,3,42,10,300,0.0001,50,most_parsimonious,Unweighted k-means,Random 75% immutable,α = 1,1.0,114,0,1,False,,,,,,,False,8.084400000001324,No feasible counterfactual found.
Iris,3,42,10,300,0.0001,50,most_parsimonious,Unweighted k-means,Random 75% immutable,α < 1,0.8507238734290548,114,0,1,False,,,,,,,False,8.680900000001657,No feasible counterfactual found.
Iris,3,42,10,300,0.0001,50,most_parsimonious,Unweighted k-means,All features mutable,α = 1,1.0,88,0,1,True,2.0,2.0,0.3932589201404713,1.2542071920388136,2.5710267143165555,1.5710267143165555,True,15.435699999983399,Optimization terminated successfully
Iris,3,42,10,300,0.0001,50,most_parsimonious,Unweighted k-means,All features mutable,α < 1,0.8507238734290548,88,0,1,True,2.0,2.0,0.635307782283157,1.5941239378205911,2.0228039883488727,1.0228039883488727,True,8.659999999991896,Optimization terminated successfully
Iris,3,42,10,300,0.0001,50,most_parsimonious,Unweighted k-means,Random 25% immutable,α = 1,1.0,88,0,1,True,2.0,2.0,0.3932589201404713,1.2542071920388136,2.5710267143165555,1.5710267143165555,True,15.46790000000442,Optimization terminated successfully
Iris,3,42,10,300,0.0001,50,most_parsimonious,Unweighted k-means,Random 25% immutable,α < 1,0.8507238734290548,88,0,1,True,2.0,2.0,0.635307782283157,1.5941239378205911,2.0228039883488727,1.0228039883488727,True,8.037000000001626,Optimization terminated successfully
Iris,3,42,10,300,0.0001,50,most_parsimonious,Unweighted k-means,Random 50% immutable,α = 1,1.0,88,0,1,True,2.0,2.0,0.4654376011176196,1.36445974820457,1.364964331927981,0.36496433192798095,True,15.056899999990492,Optimization terminated successfully
Iris,3,42,10,300,0.0001,50,most_parsimonious,Unweighted k-means,Random 50% immutable,α < 1,0.8507238734290548,88,0,1,True,2.0,2.0,0.7519120737340312,1.7342572747248677,1.0739115287052485,0.07391152870524853,True,8.773300000001427,Optimization terminated successfully
Iris,3,42,10,300,0.0001,50,most_parsimonious,Unweighted k-means,Random 75% immutable,α = 1,1.0,88,0,1,True,1.0,1.0,0.5613200912389783,1.4984259624539056,1.17645907628289,0.17645907628288993,True,1.3624000000049818,Optimization terminated successfully
Iris,3,42,10,300,0.0001,50,most_parsimonious,Unweighted k-means,Random 75% immutable,α < 1,0.8507238734290548,88,0,1,False,,,,,,,False,10.46349999998597,No feasible counterfactual found.
Iris,3,42,10,300,0.0001,50,most_parsimonious,Unweighted k-means,All features mutable,α = 1,1.0,67,0,1,True,2.0,2.0,0.6982405053404321,1.6712157315444731,2.2263389098829918,1.2263389098829918,True,2.688900000009653,Optimization terminated successfully
Iris,3,42,10,300,0.0001,50,most_parsimonious,Unweighted k-means,All features mutable,α < 1,0.8507238734290548,67,0,1,True,2.0,2.0,1.0111634603391062,2.0111324773262513,1.8500484729411721,0.8500484729411721,True,2.370499999983622,Optimization terminated successfully
Iris,3,42,10,300,0.0001,50,most_parsimonious,Unweighted k-means,Random 25% immutable,α = 1,1.0,67,0,1,True,1.0,1.0,0.9170743065212184,1.9152799341310067,2.0539297348352137,1.0539297348352137,True,1.4092999999775202,Optimization terminated successfully
Iris,3,42,10,300,0.0001,50,most_parsimonious,Unweighted k-means,Random 25% immutable,α < 1,0.8507238734290548,67,0,1,True,1.0,1.0,2.511117671900638,3.169301293282567,1.2412358571218276,0.2412358571218276,True,1.41889999997602,Optimization terminated successfully
Iris,3,42,10,300,0.0001,50,most_parsimonious,Unweighted k-means,Random 50% immutable,α = 1,1.0,67,0,1,True,2.0,2.0,0.5342732058073999,1.461879893571835,1.1883486002572374,0.18834860025723743,True,3.3037999999976364,Optimization terminated successfully
Iris,3,42,10,300,0.0001,50,most_parsimonious,Unweighted k-means,Random 50% immutable,α < 1,0.8507238734290548,67,0,1,True,2.0,2.0,0.7738173704420592,1.7593377963791481,1.0000000000000007,6.661338147750939e-16,True,4.279099999990876,Optimization terminated successfully
Iris,3,42,10,300,0.0001,50,most_parsimonious,Unweighted k-means,Random 75% immutable,α = 1,1.0,67,0,1,True,1.0,1.0,0.9170743065212184,1.9152799341310067,2.0539297348352137,1.0539297348352137,True,1.2659999999868887,Optimization terminated successfully
Iris,3,42,10,300,0.0001,50,most_parsimonious,Unweighted k-means,Random 75% immutable,α < 1,0.8507238734290548,67,0,1,True,1.0,1.0,2.511117671900638,3.169301293282567,1.2412358571218276,0.2412358571218276,True,1.427299999988918,Optimization terminated successfully
Iris,3,42,10,300,0.0001,50,most_parsimonious,Unweighted k-means,All features mutable,α = 1,1.0,83,0,2,True,1.0,1.0,0.13354069833987128,0.7308644151684258,3.1499543426243313,2.1499543426243313,True,0.9785999999962769,Optimization terminated successfully
Iris,3,42,10,300,0.0001,50,most_parsimonious,Unweighted k-means,All features mutable,α < 1,0.9568464819465536,83,0,2,True,1.0,1.0,0.1565399349365365,0.7913025589154543,2.909366982946089,1.9093669829460889,True,1.0287000000062108,Optimization terminated successfully
Iris,3,42,10,300,0.0001,50,most_parsimonious,Unweighted k-means,Random 25% immutable,α = 1,1.0,83,0,2,True,1.0,1.0,0.13354069833987128,0.7308644151684258,3.1499543426243313,2.1499543426243313,True,0.9233000000108404,Optimization terminated successfully
Iris,3,42,10,300,0.0001,50,most_parsimonious,Unweighted k-means,Random 25% immutable,α < 1,0.9568464819465536,83,0,2,True,1.0,1.0,0.1565399349365365,0.7913025589154543,2.909366982946089,1.9093669829460889,True,0.9962999999970634,Optimization terminated successfully
Iris,3,42,10,300,0.0001,50,most_parsimonious,Unweighted k-means,Random 50% immutable,α = 1,1.0,83,0,2,True,1.0,1.0,0.13354069833987128,0.7308644151684258,3.1499543426243313,2.1499543426243313,True,0.9645000000091386,Optimization terminated successfully
Iris,3,42,10,300,0.0001,50,most_parsimonious,Unweighted k-means,Random 50% immutable,α < 1,0.9568464819465536,83,0,2,True,1.0,1.0,0.1565399349365365,0.7913025589154543,2.909366982946089,1.9093669829460889,True,0.9935999999868272,Optimization terminated successfully
Iris,3,42,10,300,0.0001,50,most_parsimonious,Unweighted k-means,Random 75% immutable,α = 1,1.0,83,0,2,True,1.0,1.0,0.19689320878281588,0.8874530044634834,4.432742226866586,3.432742226866586,True,1.0010999999963133,Optimization terminated successfully
Iris,3,42,10,300,0.0001,50,most_parsimonious,Unweighted k-means,Random 75% immutable,α < 1,0.9568464819465536,83,0,2,True,1.0,1.0,0.23080342228520326,0.9608400955105969,4.094178027775193,3.094178027775193,True,1.2188000000037391,Optimization terminated successfully
Iris,3,42,10,300,0.0001,50,most_parsimonious,Unweighted k-means,All features mutable,α = 1,1.0,59,0,2,True,1.0,1.0,1.2503331635333628,2.2363659481698095,1.46287887483528,0.4628788748352799,True,1.2528999999972257,Optimization terminated successfully
Iris,3,42,10,300,0.0001,50,most_parsimonious,Unweighted k-means,All features mutable,α < 1,0.9568464819465536,59,0,2,True,1.0,1.0,1.318827260507961,2.296804093089318,1.4243846533633646,0.4243846533633646,True,1.2518999999997504,Optimization terminated successfully
Iris,3,42,10,300,0.0001,50,most_parsimonious,Unweighted k-means,Random 25% immutable,α = 1,1.0,59,0,2,True,2.0,2.0,1.2793097794945176,2.262131543031499,1.3632105892074353,0.3632105892074353,True,2.618799999993371,Optimization terminated successfully
Iris,3,42,10,300,0.0001,50,most_parsimonious,Unweighted k-means,Random 25% immutable,α < 1,0.9568464819465536,59,0,2,True,2.0,2.0,1.349391235104015,2.323266007244125,1.327339058573364,0.327339058573364,True,8.180700000025354,Optimization terminated successfully
Iris,3,42,10,300,0.0001,50,most_parsimonious,Unweighted k-means,Random 50% immutable,α = 1,1.0,59,0,2,True,1.0,1.0,1.2503331635333628,2.2363659481698095,1.46287887483528,0.4628788748352799,True,1.372199999991608,Optimization terminated successfully
Iris,3,42,10,300,0.0001,50,most_parsimonious,Unweighted k-means,Random 50% immutable,α < 1,0.9568464819465536,59,0,2,True,1.0,1.0,1.318827260507961,2.296804093089318,1.4243846533633646,0.4243846533633646,True,1.5487999999947988,Optimization terminated successfully
Iris,3,42,10,300,0.0001,50,most_parsimonious,Unweighted k-means,Random 75% immutable,α = 1,1.0,59,0,2,False,,,,,,,False,1.5078000000130487,No feasible counterfactual found.
Iris,3,42,10,300,0.0001,50,most_parsimonious,Unweighted k-means,Random 75% immutable,α < 1,0.9568464819465536,59,0,2,False,,,,,,,False,7.417099999997845,No feasible counterfactual found.
Iris,3,42,10,300,0.0001,50,most_parsimonious,Unweighted k-means,All features mutable,α = 1,1.0,109,2,0,True,1.0,1.0,3.0321222306469413,3.48259801334977,1.008978994818308,0.008978994818308106,True,1.3661000000126933,Optimization terminated successfully
Iris,3,42,10,300,0.0001,50,most_parsimonious,Unweighted k-means,All features mutable,α < 1,0.9838316312572207,109,2,0,True,1.0,1.0,3.071681122068449,3.505242429315524,1.002460832231809,0.0024608322318089293,True,1.3619000000062442,Optimization terminated successfully
Iris,3,42,10,300,0.0001,50,most_parsimonious,Unweighted k-means,Random 25% immutable,α = 1,1.0,109,2,0,True,1.0,1.0,3.0321222306469413,3.48259801334977,1.008978994818308,0.008978994818308106,True,1.3515999999924588,Optimization terminated successfully
Iris,3,42,10,300,0.0001,50,most_parsimonious,Unweighted k-means,Random 25% immutable,α < 1,0.9838316312572207,109,2,0,True,1.0,1.0,3.071681122068449,3.505242429315524,1.002460832231809,0.0024608322318089293,True,1.3513000000102693,Optimization terminated successfully
Iris,3,42,10,300,0.0001,50,most_parsimonious,Unweighted k-means,Random 50% immutable,α = 1,1.0,109,2,0,True,2.0,2.0,3.102392014723087,3.5227216834277937,1.2616652236235888,0.2616652236235888,True,4.855600000013283,Optimization terminated successfully
Iris,3,42,10,300,0.0001,50,most_parsimonious,Unweighted k-means,Random 50% immutable,α < 1,0.9838316312572207,109,2,0,True,2.0,2.0,3.1428676880376276,3.5456269899907,1.2535146698379591,0.2535146698379591,True,2.4066999999945438,Optimization terminated successfully
Iris,3,42,10,300,0.0001,50,most_parsimonious,Unweighted k-means,Random 75% immutable,α = 1,1.0,109,2,0,True,1.0,1.0,3.0321222306469413,3.48259801334977,1.008978994818308,0.008978994818308106,True,1.2694000000124106,Optimization terminated successfully
Iris,3,42,10,300,0.0001,50,most_parsimonious,Unweighted k-means,Random 75% immutable,α < 1,0.9838316312572207,109,2,0,True,1.0,1.0,3.071681122068449,3.505242429315524,1.002460832231809,0.0024608322318089293,True,1.26400000002036,Optimization terminated successfully
Iris,3,42,10,300,0.0001,50,most_parsimonious,Unweighted k-means,All features mutable,α = 1,1.0,82,0,1,True,2.0,2.0,0.7927805088342904,1.7807644525139088,2.0893794340277667,1.0893794340277667,True,2.3317000000133703,Optimization terminated successfully
Iris,3,42,10,300,0.0001,50,most_parsimonious,Unweighted k-means,All features mutable,α < 1,0.8507238734290548,82,0,1,True,2.0,2.0,1.1243221862012074,2.120681198295687,1.7544799817242456,0.7544799817242456,True,3.7532999999996264,Optimization terminated successfully
Iris,3,42,10,300,0.0001,50,most_parsimonious,Unweighted k-means,Random 25% immutable,α = 1,1.0,82,0,1,True,2.0,2.0,0.7927805088342904,1.7807644525139088,2.0893794340277667,1.0893794340277667,True,2.334799999999859,Optimization terminated successfully
Iris,3,42,10,300,0.0001,50,most_parsimonious,Unweighted k-means,Random 25% immutable,α < 1,0.8507238734290548,82,0,1,True,2.0,2.0,1.1243221862012074,2.120681198295687,1.7544799817242456,0.7544799817242456,True,3.8839999999993324,Optimization terminated successfully
Iris,3,42,10,300,0.0001,50,most_parsimonious,Unweighted k-means,Random 50% immutable,α = 1,1.0,82,0,1,True,2.0,2.0,0.9719101967374508,1.971710117372684,1.0,0.0,False,2.5076000000012755,Optimization terminated successfully
Iris,3,42,10,300,0.0001,50,most_parsimonious,Unweighted k-means,Random 50% immutable,α < 1,0.8507238734290548,82,0,1,False,,,,,,,False,8.463200000022653,No feasible counterfactual found.
Iris,3,42,10,300,0.0001,50,most_parsimonious,Unweighted k-means,Random 75% immutable,α = 1,1.0,82,0,1,False,,,,,,,False,7.533199999983253,No feasible counterfactual found.
Iris,3,42,10,300,0.0001,50,most_parsimonious,Unweighted k-means,Random 75% immutable,α < 1,0.8507238734290548,82,0,1,False,,,,,,,False,7.310200000006262,No feasible counterfactual found.
Iris,3,42,10,300,0.0001,50,most_parsimonious,Unweighted k-means,All features mutable,α = 1,1.0,8,1,0,True,1.0,1.0,2.9057123725354743,3.4092300435936993,1.2439393679217525,0.24393936792175253,True,1.2913999999852876,Optimization terminated successfully
Iris,3,42,10,300,0.0001,50,most_parsimonious,Unweighted k-means,All features mutable,α < 1,0.9838316312572207,8,1,0,True,1.0,1.0,3.035607840181684,3.484599167870924,1.2170339431375554,0.21703394313755542,True,1.294300000012072,Optimization terminated successfully
Iris,3,42,10,300,0.0001,50,most_parsimonious,Unweighted k-means,Random 25% immutable,α = 1,1.0,8,1,0,True,1.0,1.0,2.9057123725354743,3.4092300435936993,1.2439393679217525,0.24393936792175253,True,1.4917999999966014,Optimization terminated successfully
Iris,3,42,10,300,0.0001,50,most_parsimonious,Unweighted k-means,Random 25% immutable,α < 1,0.9838316312572207,8,1,0,True,1.0,1.0,3.035607840181684,3.484599167870924,1.2170339431375554,0.21703394313755542,True,1.7201000000000022,Optimization terminated successfully
Iris,3,42,10,300,0.0001,50,most_parsimonious,Unweighted k-means,Random 50% immutable,α = 1,1.0,8,1,0,True,1.0,1.0,0.9106720087943857,1.908582729455955,1.0911901559447383,0.09119015594473834,True,1.2770000000159598,Optimization terminated successfully
Iris,3,42,10,300,0.0001,50,most_parsimonious,Unweighted k-means,Random 50% immutable,α < 1,0.9838316312572207,8,1,0,True,1.0,1.0,0.9513822207109975,1.9507764820306785,1.0675885758170247,0.06758857581702471,True,1.3534999999933461,Optimization terminated successfully
Iris,3,42,10,300,0.0001,50,most_parsimonious,Unweighted k-means,Random 75% immutable,α = 1,1.0,8,1,0,True,1.0,1.0,0.9106720087943857,1.908582729455955,1.0911901559447383,0.09119015594473834,True,1.4415999999926044,Optimization terminated successfully
Iris,3,42,10,300,0.0001,50,most_parsimonious,Unweighted k-means,Random 75% immutable,α < 1,0.9838316312572207,8,1,0,True,1.0,1.0,0.9513822207109975,1.9507764820306785,1.0675885758170247,0.06758857581702471,True,1.2518000000056873,Optimization terminated successfully
Iris,3,42,10,300,0.0001,50,most_parsimonious,Unweighted k-means,All features mutable,α = 1,1.0,86,2,1,True,2.0,2.0,1.4167278907977854,2.3805275808507536,1.54827718771176,0.54827718771176,True,5.630300000007082,Optimization terminated successfully
Iris,3,42,10,300,0.0001,50,most_parsimonious,Unweighted k-means,All features mutable,α < 1,0.8507238734290548,86,2,1,True,2.0,2.0,2.0364244441538935,2.854066883696942,1.2197280547848226,0.2197280547848226,True,4.941500000001042,Optimization terminated successfully
Iris,3,42,10,300,0.0001,50,most_parsimonious,Unweighted k-means,Random 25% immutable,α = 1,1.0,86,2,1,True,2.0,2.0,1.4167278907977854,2.3805275808507536,1.54827718771176,0.54827718771176,True,5.559699999992063,Optimization terminated successfully
Iris,3,42,10,300,0.0001,50,most_parsimonious,Unweighted k-means,Random 25% immutable,α < 1,0.8507238734290548,86,2,1,True,2.0,2.0,2.0364244441538935,2.854066883696942,1.2197280547848226,0.2197280547848226,True,5.493699999988166,Optimization terminated successfully
Iris,3,42,10,300,0.0001,50,most_parsimonious,Unweighted k-means,Random 50% immutable,α = 1,1.0,86,2,1,True,2.0,2.0,1.4529033486289524,2.410728809824077,1.0000000000000002,2.220446049250313e-16,True,6.247999999999365,Optimization terminated successfully
Iris,3,42,10,300,0.0001,50,most_parsimonious,Unweighted k-means,Random 50% immutable,α < 1,0.8507238734290548,86,2,1,True,2.0,2.0,2.115619487006751,2.9090338513030414,1.0,0.0,False,5.4850000000215005,Optimization terminated successfully
Iris,3,42,10,300,0.0001,50,most_parsimonious,Unweighted k-means,Random 75% immutable,α = 1,1.0,86,2,1,False,,,,,,,False,4.457800000011503,No feasible counterfactual found.
Iris,3,42,10,300,0.0001,50,most_parsimonious,Unweighted k-means,Random 75% immutable,α < 1,0.8507238734290548,86,2,1,False,,,,,,,False,3.9146000000016556,No feasible counterfactual found.
Iris,3,42,10,300,0.0001,50,most_parsimonious,Unweighted k-means,All features mutable,α = 1,1.0,57,0,1,True,2.0,2.0,0.4647684633436942,1.3634785855944995,1.0915294751946851,0.09152947519468513,True,5.840599999999085,Optimization terminated successfully
Iris,3,42,10,300,0.0001,50,most_parsimonious,Unweighted k-means,All features mutable,α < 1,0.8507238734290548,57,0,1,True,2.0,2.0,0.7290147149504298,1.707647170759147,1.0,0.0,False,2.712800000011839,Optimization terminated successfully
Iris,3,42,10,300,0.0001,50,most_parsimonious,Unweighted k-means,Random 25% immutable,α = 1,1.0,57,0,1,True,2.0,2.0,0.49484608954222875,1.4069059521406948,1.0251843694002785,0.02518436940027846,True,6.054499999976315,Optimization terminated successfully
Iris,3,42,10,300,0.0001,50,most_parsimonious,Unweighted k-means,Random 25% immutable,α < 1,0.8507238734290548,57,0,1,True,3.0,3.0,0.46934956424180624,1.3701818335415286,1.3503390508756385,0.35033905087563855,True,10.315899999994826,Optimization terminated successfully
Iris,3,42,10,300,0.0001,50,most_parsimonious,Unweighted k-means,Random 50% immutable,α = 1,1.0,57,0,1,False,,,,,,,False,14.949099999995497,No feasible counterfactual found.
Iris,3,42,10,300,0.0001,50,most_parsimonious,Unweighted k-means,Random 50% immutable,α < 1,0.8507238734290548,57,0,1,False,,,,,,,False,2.0303000000012617,No feasible counterfactual found.
Iris,3,42,10,300,0.0001,50,most_parsimonious,Unweighted k-means,Random 75% immutable,α = 1,1.0,57,0,1,False,,,,,,,False,14.663400000017646,No feasible counterfactual found.
Iris,3,42,10,300,0.0001,50,most_parsimonious,Unweighted k-means,Random 75% immutable,α < 1,0.8507238734290548,57,0,1,False,,,,,,,False,7.1613000000070315,No feasible counterfactual found.
Iris,3,42,10,300,0.0001,50,most_parsimonious,Unweighted k-means,All features mutable,α = 1,1.0,117,2,1,True,3.0,3.0,3.012776120496972,3.4714700750529146,1.3133170361072293,0.3133170361072293,True,9.706600000015442,Optimization terminated successfully
Iris,3,42,10,300,0.0001,50,most_parsimonious,Unweighted k-means,All features mutable,α < 1,0.8507238734290548,117,2,1,True,3.0,3.0,3.671281285851867,3.832117579538429,1.1897184063731878,0.18971840637318782,True,5.450499999994918,Optimization terminated successfully
Iris,3,42,10,300,0.0001,50,most_parsimonious,Unweighted k-means,Random 25% immutable,α = 1,1.0,117,2,1,True,3.0,3.0,3.012776120496972,3.4714700750529146,1.3133170361072293,0.3133170361072293,True,10.223499999995056,Optimization terminated successfully
Iris,3,42,10,300,0.0001,50,most_parsimonious,Unweighted k-means,Random 25% immutable,α < 1,0.8507238734290548,117,2,1,True,3.0,3.0,3.671281285851867,3.832117579538429,1.1897184063731878,0.18971840637318782,True,6.402199999996583,Optimization terminated successfully
Iris,3,42,10,300,0.0001,50,most_parsimonious,Unweighted k-means,Random 50% immutable,α = 1,1.0,117,2,1,False,,,,,,,False,7.677200000017592,No feasible counterfactual found.
Iris,3,42,10,300,0.0001,50,most_parsimonious,Unweighted k-means,Random 50% immutable,α < 1,0.8507238734290548,117,2,1,False,,,,,,,False,3.880299999991621,No feasible counterfactual found.
Iris,3,42,10,300,0.0001,50,most_parsimonious,Unweighted k-means,Random 75% immutable,α = 1,1.0,117,2,1,False,,,,,,,False,1.7704999999921256,No feasible counterfactual found.
Iris,3,42,10,300,0.0001,50,most_parsimonious,Unweighted k-means,Random 75% immutable,α < 1,0.8507238734290548,117,2,1,False,,,,,,,False,0.9743999999898278,No feasible counterfactual found.
Iris,3,42,10,300,0.0001,50,most_parsimonious,Unweighted k-means,All features mutable,α = 1,1.0,70,2,0,True,1.0,1.0,0.007266091174026642,0.17048274017068873,11.371743116971214,10.371743116971214,True,0.9238000000095781,Optimization terminated successfully
Iris,3,42,10,300,0.0001,50,most_parsimonious,Unweighted k-means,All features mutable,α < 1,0.9838316312572207,70,2,0,True,1.0,1.0,0.009324524612845815,0.19312715617277457,10.038391107276714,9.038391107276714,True,0.9396000000094773,Optimization terminated successfully
Iris,3,42,10,300,0.0001,50,most_parsimonious,Unweighted k-means,Random 25% immutable,α = 1,1.0,70,2,0,True,1.0,1.0,0.01071316855460227,0.20700887473344973,13.414089541620704,12.414089541620704,True,1.0536999999999352,Optimization terminated successfully
Iris,3,42,10,300,0.0001,50,most_parsimonious,Unweighted k-means,Random 25% immutable,α < 1,0.9838316312572207,70,2,0,True,1.0,1.0,0.013748135204529223,0.23450488442272774,11.841269696451207,10.841269696451207,True,0.965399999984129,Optimization terminated successfully
Iris,3,42,10,300,0.0001,50,most_parsimonious,Unweighted k-means,Random 50% immutable,α = 1,1.0,70,2,0,True,1.0,1.0,0.007266091174026642,0.17048274017068873,11.371743116971214,10.371743116971214,True,0.9684999999990396,Optimization terminated successfully
Iris,3,42,10,300,0.0001,50,most_parsimonious,Unweighted k-means,Random 50% immutable,α < 1,0.9838316312572207,70,2,0,True,1.0,1.0,0.009324524612845815,0.19312715617277457,10.038391107276714,9.038391107276714,True,1.0171000000127606,Optimization terminated successfully
Iris,3,42,10,300,0.0001,50,most_parsimonious,Unweighted k-means,Random 75% immutable,α = 1,1.0,70,2,0,True,1.0,1.0,0.018919361119093082,0.2750953370676652,8.124603325354075,7.124603325354075,True,1.0024000000043998,Optimization terminated successfully
Iris,3,42,10,300,0.0001,50,most_parsimonious,Unweighted k-means,Random 75% immutable,α < 1,0.9838316312572207,70,2,0,True,1.0,1.0,0.024279085437973934,0.3116349495032541,7.171982776296452,6.171982776296452,True,1.0163000000034117,Optimization terminated successfully
Iris,3,42,10,300,0.0001,50,most_parsimonious,Unweighted k-means,All features mutable,α = 1,1.0,29,1,0,True,2.0,2.0,0.9983558175482135,1.998355141158061,1.5924919268807813,0.5924919268807813,True,3.3025000000179716,Optimization terminated successfully
Iris,3,42,10,300,0.0001,50,most_parsimonious,Unweighted k-means,All features mutable,α < 1,0.9838316312572207,29,1,0,True,2.0,2.0,1.035481411961395,2.0351721420669997,1.563683162249306,0.5636831622493059,True,4.9409000000082415,Optimization terminated successfully
Iris,3,42,10,300,0.0001,50,most_parsimonious,Unweighted k-means,Random 25% immutable,α = 1,1.0,29,1,0,True,2.0,2.0,0.9983558175482135,1.998355141158061,1.5924919268807813,0.5924919268807813,True,3.6834999999939555,Optimization terminated successfully
Iris,3,42,10,300,0.0001,50,most_parsimonious,Unweighted k-means,Random 25% immutable,α < 1,0.9838316312572207,29,1,0,True,2.0,2.0,1.035481411961395,2.0351721420669997,1.563683162249306,0.5636831622493059,True,9.36980000000176,Optimization terminated successfully
Iris,3,42,10,300,0.0001,50,most_parsimonious,Unweighted k-means,Random 50% immutable,α = 1,1.0,29,1,0,True,2.0,2.0,0.9983558175482135,1.998355141158061,1.5924919268807813,0.5924919268807813,True,3.3377000000029966,Optimization terminated successfully
Iris,3,42,10,300,0.0001,50,most_parsimonious,Unweighted k-means,Random 50% immutable,α < 1,0.9838316312572207,29,1,0,True,2.0,2.0,1.035481411961395,2.0351721420669997,1.563683162249306,0.5636831622493059,True,4.918699999990395,Optimization terminated successfully
Iris,3,42,10,300,0.0001,50,most_parsimonious,Unweighted k-means,Random 75% immutable,α = 1,1.0,29,1,0,True,1.0,1.0,1.4250081813654876,2.3874741308466465,1.2623727614429021,0.2623727614429021,True,1.402699999999868,Optimization terminated successfully
Iris,3,42,10,300,0.0001,50,most_parsimonious,Unweighted k-means,Random 75% immutable,α < 1,0.9838316312572207,29,1,0,True,1.0,1.0,1.4779995846777467,2.4314601248449432,1.239535981130915,0.239535981130915,True,1.327099999997472,Optimization terminated successfully
Iris,3,42,10,300,0.0001,50,most_parsimonious,Unweighted k-means,All features mutable,α = 1,1.0,106,0,2,True,1.0,1.0,1.625601936854515,2.549981911194285,1.4255144702603275,0.4255144702603275,True,1.2997999999981857,Optimization terminated successfully
Iris,3,42,10,300,0.0001,50,most_parsimonious,Unweighted k-means,All features mutable,α < 1,0.9568464819465536,106,0,2,True,1.0,1.0,1.7035732173402847,2.610420056113793,1.392510031018196,0.3925100310181959,True,1.3115999999797623,Optimization terminated successfully
Iris,3,42,10,300,0.0001,50,most_parsimonious,Unweighted k-means,Random 25% immutable,α = 1,1.0,106,0,2,True,1.0,1.0,1.625601936854515,2.549981911194285,1.4255144702603275,0.4255144702603275,True,1.481499999982816,Optimization terminated successfully
Iris,3,42,10,300,0.0001,50,most_parsimonious,Unweighted k-means,Random 25% immutable,α < 1,0.9568464819465536,106,0,2,True,1.0,1.0,1.7035732173402847,2.610420056113793,1.392510031018196,0.3925100310181959,True,1.302600000002485,Optimization terminated successfully
Iris,3,42,10,300,0.0001,50,most_parsimonious,Unweighted k-means,Random 50% immutable,α = 1,1.0,106,0,2,True,2.0,2.0,1.6646671510001223,2.5804396144844177,1.0,0.0,False,9.679000000005544,Optimization terminated successfully
Iris,3,42,10,300,0.0001,50,most_parsimonious,Unweighted k-means,Random 50% immutable,α < 1,0.9568464819465536,106,0,2,True,2.0,2.0,1.7463720351259715,2.643007404549576,1.0,0.0,False,2.638799999999719,Optimization terminated successfully
Iris,3,42,10,300,0.0001,50,most_parsimonious,Unweighted k-means,Random 75% immutable,α = 1,1.0,106,0,2,False,,,,,,,False,9.273100000001477,No feasible counterfactual found.
Iris,3,42,10,300,0.0001,50,most_parsimonious,Unweighted k-means,Random 75% immutable,α < 1,0.9568464819465536,106,0,2,False,,,,,,,False,1.3805000000104428,No feasible counterfactual found.
Iris,3,42,10,300,0.0001,50,most_parsimonious,Unweighted k-means,All features mutable,α = 1,1.0,97,0,2,True,1.0,1.0,0.09018524585371221,0.6006171687646373,3.4295619650347744,2.4295619650347744,True,1.4003999999943062,Optimization terminated successfully
Iris,3,42,10,300,0.0001,50,most_parsimonious,Unweighted k-means,All features mutable,α < 1,0.9568464819465536,97,0,2,True,1.0,1.0,0.10924853193751077,0.6610553136841448,3.116008229420692,2.116008229420692,True,1.398700000009967,Optimization terminated successfully
Iris,3,42,10,300,0.0001,50,most_parsimonious,Unweighted k-means,Random 25% immutable,α = 1,1.0,97,0,2,True,1.0,1.0,0.09018524585371221,0.6006171687646373,3.4295619650347744,2.4295619650347744,True,1.3878000000033808,Optimization terminated successfully
Iris,3,42,10,300,0.0001,50,most_parsimonious,Unweighted k-means,Random 25% immutable,α < 1,0.9568464819465536,97,0,2,True,1.0,1.0,0.10924853193751077,0.6610553136841448,3.116008229420692,2.116008229420692,True,1.3811000000032436,Optimization terminated successfully
Iris,3,42,10,300,0.0001,50,most_parsimonious,Unweighted k-means,Random 50% immutable,α = 1,1.0,97,0,2,True,1.0,1.0,0.1329696693122298,0.7293001283757732,4.759418436839129,3.7594184368391286,True,1.5079000000071119,Optimization terminated successfully
Iris,3,42,10,300,0.0001,50,most_parsimonious,Unweighted k-means,Random 50% immutable,α < 1,0.9568464819465536,97,0,2,True,1.0,1.0,0.1610766930562114,0.8026872194228868,4.324280233932711,3.3242802339327113,True,1.35780000002228,Optimization terminated successfully
Iris,3,42,10,300,0.0001,50,most_parsimonious,Unweighted k-means,Random 75% immutable,α = 1,1.0,97,0,2,True,1.0,1.0,0.3015113899940558,1.0982010562625695,1.3463002018521677,0.3463002018521677,True,1.3454999999851225,Optimization terminated successfully
Iris,3,42,10,300,0.0001,50,most_parsimonious,Unweighted k-means,Random 75% immutable,α < 1,0.9568464819465536,97,0,2,True,1.0,1.0,0.3652446296228958,1.208709443369904,1.2232123376139539,0.22321233761395387,True,1.3515999999924588,Optimization terminated successfully
Iris,3,42,10,300,0.0001,50,most_parsimonious,Unweighted k-means,All features mutable,α = 1,1.0,78,0,1,True,2.0,2.0,1.0899497171232209,2.0880131389655774,1.9051391235394552,0.9051391235394552,True,8.400600000015856,Optimization terminated successfully
Iris,3,42,10,300,0.0001,50,most_parsimonious,Unweighted k-means,All features mutable,α < 1,0.8507238734290548,78,0,1,True,2.0,2.0,1.4935654633702462,2.444230319237732,1.4385271197146297,0.43852711971462965,True,2.4839000000156375,Optimization terminated successfully
Iris,3,42,10,300,0.0001,50,most_parsimonious,Unweighted k-means,Random 25% immutable,α = 1,1.0,78,0,1,True,2.0,2.0,1.0899497171232209,2.0880131389655774,1.9051391235394552,0.9051391235394552,True,8.122999999983449,Optimization terminated successfully
Iris,3,42,10,300,0.0001,50,most_parsimonious,Unweighted k-means,Random 25% immutable,α < 1,0.8507238734290548,78,0,1,True,2.0,2.0,1.4935654633702462,2.444230319237732,1.4385271197146297,0.43852711971462965,True,2.3588999999901716,Optimization terminated successfully
Iris,3,42,10,300,0.0001,50,most_parsimonious,Unweighted k-means,Random 50% immutable,α = 1,1.0,78,0,1,True,2.0,2.0,0.7455324505951817,1.726884420678097,1.6649114850750786,0.6649114850750786,True,5.309899999986101,Optimization terminated successfully
Iris,3,42,10,300,0.0001,50,most_parsimonious,Unweighted k-means,Random 50% immutable,α < 1,0.8507238734290548,78,0,1,True,2.0,2.0,1.0227007835618225,2.022573394032288,1.2718523563425748,0.27185235634257476,True,2.3582000000033077,Optimization terminated successfully
Iris,3,42,10,300,0.0001,50,most_parsimonious,Unweighted k-means,Random 75% immutable,α = 1,1.0,78,0,1,False,,,,,,,False,6.151599999981272,No feasible counterfactual found.
Iris,3,42,10,300,0.0001,50,most_parsimonious,Unweighted k-means,Random 75% immutable,α < 1,0.8507238734290548,78,0,1,False,,,,,,,False,5.97490000001244,No feasible counterfactual found.
Iris,3,42,10,300,0.0001,50,most_parsimonious,Unweighted k-means,All features mutable,α = 1,1.0,22,1,2,True,3.0,3.0,2.3997379821384444,3.098217540547109,1.5567184286704816,0.5567184286704816,True,34.72009999998704,Optimization terminated successfully
Iris,3,42,10,300,0.0001,50,most_parsimonious,Unweighted k-means,All features mutable,α < 1,0.9568464819465536,22,1,2,True,3.0,3.0,2.556820071843723,3.198011927334683,1.5038737253051344,0.5038737253051344,True,13.895199999979013,Optimization terminated successfully
Iris,3,42,10,300,0.0001,50,most_parsimonious,Unweighted k-means,Random 25% immutable,α = 1,1.0,22,1,2,True,3.0,3.0,2.3997379821384444,3.098217540547109,1.5567184286704816,0.5567184286704816,True,35.401600000000144,Optimization terminated successfully
Iris,3,42,10,300,0.0001,50,most_parsimonious,Unweighted k-means,Random 25% immutable,α < 1,0.9568464819465536,22,1,2,True,3.0,3.0,2.556820071843723,3.198011927334683,1.5038737253051344,0.5038737253051344,True,12.75730000000408,Optimization terminated successfully
Iris,3,42,10,300,0.0001,50,most_parsimonious,Unweighted k-means,Random 50% immutable,α = 1,1.0,22,1,2,True,2.0,2.0,2.4851725168169123,3.1528859902108177,1.45649328640505,0.45649328640504994,True,3.8777000000038697,Optimization terminated successfully
Iris,3,42,10,300,0.0001,50,most_parsimonious,Unweighted k-means,Random 50% immutable,α < 1,0.9568464819465536,22,1,2,True,2.0,2.0,2.6569425858651776,3.2600261261929653,1.4086259091761897,0.4086259091761897,True,8.850400000000036,Optimization terminated successfully
Iris,3,42,10,300,0.0001,50,most_parsimonious,Unweighted k-means,Random 75% immutable,α = 1,1.0,22,1,2,False,,,,,,,False,2.6464000000032684,No feasible counterfactual found.
Iris,3,42,10,300,0.0001,50,most_parsimonious,Unweighted k-means,Random 75% immutable,α < 1,0.9568464819465536,22,1,2,False,,,,,,,False,6.723399999998492,No feasible counterfactual found.
Iris,3,42,10,300,0.0001,50,most_parsimonious,Unweighted k-means,All features mutable,α = 1,1.0,121,0,2,True,1.0,1.0,0.1448781347613511,0.7612572095194925,3.660866505242104,2.660866505242104,True,0.9910999999931391,Optimization terminated successfully
Iris,3,42,10,300,0.0001,50,most_parsimonious,Unweighted k-means,All features mutable,α < 1,0.9568464819465536,121,0,2,True,1.0,1.0,0.1687958133749163,0.8216953532177635,3.3915988563043684,2.3915988563043684,True,1.046099999996386,Optimization terminated successfully
Iris,3,42,10,300,0.0001,50,most_parsimonious,Unweighted k-means,Random 25% immutable,α = 1,1.0,121,0,2,True,1.0,1.0,0.1448781347613511,0.7612572095194925,3.660866505242104,2.660866505242104,True,0.9373999999979787,Optimization terminated successfully
Iris,3,42,10,300,0.0001,50,most_parsimonious,Unweighted k-means,Random 25% immutable,α < 1,0.9568464819465536,121,0,2,True,1.0,1.0,0.1687958133749163,0.8216953532177635,3.3915988563043684,2.3915988563043684,True,0.988599999999451,Optimization terminated successfully
Iris,3,42,10,300,0.0001,50,most_parsimonious,Unweighted k-means,Random 50% immutable,α = 1,1.0,121,0,2,True,2.0,2.0,0.21269781735961257,0.9223834720106656,1.0,0.0,False,2.944400000018277,Optimization terminated successfully
Iris,3,42,10,300,0.0001,50,most_parsimonious,Unweighted k-means,Random 50% immutable,α < 1,0.9568464819465536,121,0,2,True,2.0,2.0,0.2515026003324972,1.0030006985690434,1.0,0.0,False,5.6476000000031945,Optimization terminated successfully
Iris,3,42,10,300,0.0001,50,most_parsimonious,Unweighted k-means,Random 75% immutable,α = 1,1.0,121,0,2,False,,,,,,,False,1.8782999999871208,No feasible counterfactual found.
Iris,3,42,10,300,0.0001,50,most_parsimonious,Unweighted k-means,Random 75% immutable,α < 1,0.9568464819465536,121,0,2,False,,,,,,,False,4.606300000006058,No feasible counterfactual found.
Iris,3,42,10,300,0.0001,50,most_parsimonious,Unweighted k-means,All features mutable,α = 1,1.0,15,1,2,True,2.0,2.0,2.734868235847237,3.3074874063840287,1.0,0.0,False,2.5142000000073494,Optimization terminated successfully
Iris,3,42,10,300,0.0001,50,most_parsimonious,Unweighted k-means,All features mutable,α < 1,0.9568464819465536,15,1,2,True,2.0,2.0,3.2290723976236384,3.5939239822921345,1.0,0.0,False,2.5141000000132863,Optimization terminated successfully
Iris,3,42,10,300,0.0001,50,most_parsimonious,Unweighted k-means,Random 25% immutable,α = 1,1.0,15,1,2,True,2.0,2.0,2.734868235847237,3.3074874063840287,1.0,0.0,False,2.3673000000030697,Optimization terminated successfully
Iris,3,42,10,300,0.0001,50,most_parsimonious,Unweighted k-means,Random 25% immutable,α < 1,0.9568464819465536,15,1,2,True,2.0,2.0,3.2290723976236384,3.5939239822921345,1.0,0.0,False,2.394699999996419,Optimization terminated successfully
Iris,3,42,10,300,0.0001,50,most_parsimonious,Unweighted k-means,Random 50% immutable,α = 1,1.0,15,1,2,True,2.0,2.0,1.30380617080487,2.2836866429568397,1.7095561857101722,0.7095561857101722,True,2.4014999999906195,Optimization terminated successfully
Iris,3,42,10,300,0.0001,50,most_parsimonious,Unweighted k-means,Random 50% immutable,α < 1,0.9568464819465536,15,1,2,True,2.0,2.0,1.429013171722933,2.3908267789389788,1.6329458270415025,0.6329458270415025,True,2.7378000000055636,Optimization terminated successfully
Iris,3,42,10,300,0.0001,50,most_parsimonious,Unweighted k-means,Random 75% immutable,α = 1,1.0,15,1,2,False,,,,,,,False,3.772700000013174,No feasible counterfactual found.
Iris,3,42,10,300,0.0001,50,most_parsimonious,Unweighted k-means,Random 75% immutable,α < 1,0.9568464819465536,15,1,2,False,,,,,,,False,1.7678999999759526,No feasible counterfactual found.
Iris,3,42,10,300,0.0001,50,most_parsimonious,Unweighted k-means,All features mutable,α = 1,1.0,10,1,0,True,2.0,2.0,1.7439905700003728,2.6412047024040928,1.7069292414595623,0.7069292414595623,True,3.7673999999867647,Optimization terminated successfully
Iris,3,42,10,300,0.0001,50,most_parsimonious,Unweighted k-means,All features mutable,α < 1,0.9838316312572207,10,1,0,True,2.0,2.0,1.7929500608539024,2.6780217033130276,1.6834626565454716,0.6834626565454716,True,3.484500000013213,Optimization terminated successfully
Iris,3,42,10,300,0.0001,50,most_parsimonious,Unweighted k-means,Random 25% immutable,α = 1,1.0,10,1,0,True,1.0,1.0,2.290570269599078,3.0269260113845387,1.2996189508594997,0.29961895085949974,True,1.2372000000198113,Optimization terminated successfully
Iris,3,42,10,300,0.0001,50,most_parsimonious,Unweighted k-means,Random 25% immutable,α < 1,0.9838316312572207,10,1,0,True,1.0,1.0,2.3548740313813443,3.0691197639592653,1.2817520037634855,0.2817520037634855,True,1.3462999999944714,Optimization terminated successfully
Iris,3,42,10,300,0.0001,50,most_parsimonious,Unweighted k-means,Random 50% immutable,α = 1,1.0,10,1,0,True,1.0,1.0,2.290570269599078,3.0269260113845387,1.2996189508594997,0.29961895085949974,True,1.3452999999969961,Optimization terminated successfully
Iris,3,42,10,300,0.0001,50,most_parsimonious,Unweighted k-means,Random 50% immutable,α < 1,0.9838316312572207,10,1,0,True,1.0,1.0,2.3548740313813443,3.0691197639592653,1.2817520037634855,0.2817520037634855,True,1.341899999999896,Optimization terminated successfully
Iris,3,42,10,300,0.0001,50,most_parsimonious,Unweighted k-means,Random 75% immutable,α = 1,1.0,10,1,0,True,1.0,1.0,2.290570269599078,3.0269260113845387,1.2996189508594997,0.29961895085949974,True,1.340500000026168,Optimization terminated successfully
Iris,3,42,10,300,0.0001,50,most_parsimonious,Unweighted k-means,Random 75% immutable,α < 1,0.9838316312572207,10,1,0,True,1.0,1.0,2.3548740313813443,3.0691197639592653,1.2817520037634855,0.2817520037634855,True,1.3399000000049455,Optimization terminated successfully
Iris,3,42,10,300,0.0001,50,most_parsimonious,Unweighted k-means,All features mutable,α = 1,1.0,137,2,1,True,2.0,2.0,2.140600736748655,2.9261583940372433,1.1079071372887885,0.10790713728878853,True,5.132199999991371,Optimization terminated successfully
Iris,3,42,10,300,0.0001,50,most_parsimonious,Unweighted k-means,All features mutable,α < 1,0.8507238734290548,137,2,1,True,2.0,2.0,3.39264093348984,3.6838246068399294,1.0,0.0,False,2.4008000000037555,Optimization terminated successfully
Iris,3,42,10,300,0.0001,50,most_parsimonious,Unweighted k-means,Random 25% immutable,α = 1,1.0,137,2,1,True,2.0,2.0,2.140600736748655,2.9261583940372433,1.1079071372887885,0.10790713728878853,True,5.406899999996995,Optimization terminated successfully
Iris,3,42,10,300,0.0001,50,most_parsimonious,Unweighted k-means,Random 25% immutable,α < 1,0.8507238734290548,137,2,1,True,2.0,2.0,3.39264093348984,3.6838246068399294,1.0,0.0,False,2.3803999999927328,Optimization terminated successfully
Iris,3,42,10,300,0.0001,50,most_parsimonious,Unweighted k-means,Random 50% immutable,α = 1,1.0,137,2,1,True,2.0,2.0,1.909873730382798,2.763963625218536,1.0000000000000002,2.220446049250313e-16,True,7.101699999992661,Optimization terminated successfully
Iris,3,42,10,300,0.0001,50,most_parsimonious,Unweighted k-means,Random 50% immutable,α < 1,0.8507238734290548,137,2,1,False,,,,,,,False,20.92949999999405,No feasible counterfactual found.
Iris,3,42,10,300,0.0001,50,most_parsimonious,Unweighted k-means,Random 75% immutable,α = 1,1.0,137,2,1,False,,,,,,,False,5.812600000012935,No feasible counterfactual found.
Iris,3,42,10,300,0.0001,50,most_parsimonious,Unweighted k-means,Random 75% immutable,α < 1,0.8507238734290548,137,2,1,False,,,,,,,False,5.143500000002632,No feasible counterfactual found.
Iris,3,42,10,300,0.0001,50,most_parsimonious,Ranked k-means,All features mutable,α = 1,1.0,51,2,1,True,2.0,2.0,0.5652782633640556,1.5036997883408185,1.7971318653503485,0.7971318653503485,True,6.010599999996202,Optimization terminated successfully
Iris,3,42,10,300,0.0001,50,most_parsimonious,Ranked k-means,All features mutable,α < 1,0.8507238734290548,51,2,1,True,2.0,2.0,0.810935094002801,1.8010386936463092,1.500437944842717,0.500437944842717,True,2.6252000000113185,Optimization terminated successfully
Iris,3,42,10,300,0.0001,50,most_parsimonious,Ranked k-means,Random 25% immutable,α = 1,1.0,51,2,1,True,2.0,2.0,0.8743530179473108,1.8701369125786602,1.1618643261535593,0.16186432615355928,True,6.803499999989526,Optimization terminated successfully
Iris,3,42,10,300,0.0001,50,most_parsimonious,Ranked k-means,Random 25% immutable,α < 1,0.8507238734290548,51,2,1,True,2.0,2.0,1.2571856269028883,2.2424857876052533,1.0,0.0,False,2.593399999994972,Optimization terminated successfully
Iris,3,42,10,300,0.0001,50,most_parsimonious,Ranked k-means,Random 50% immutable,α = 1,1.0,51,2,1,True,2.0,2.0,0.8457942894559087,1.8393415011420895,1.8037787322813836,0.8037787322813836,True,7.816800000000512,Optimization terminated successfully
Iris,3,42,10,300,0.0001,50,most_parsimonious,Ranked k-means,Random 50% immutable,α < 1,0.8507238734290548,51,2,1,True,2.0,2.0,1.3322076677018124,2.3084260158833874,1.3276314271805165,0.3276314271805165,True,4.159799999996494,Optimization terminated successfully
Iris,3,42,10,300,0.0001,50,most_parsimonious,Ranked k-means,Random 75% immutable,α = 1,1.0,51,2,1,False,,,,,,,False,6.709099999994805,No feasible counterfactual found.
Iris,3,42,10,300,0.0001,50,most_parsimonious,Ranked k-means,Random 75% immutable,α < 1,0.8507238734290548,51,2,1,False,,,,,,,False,2.5162000000023,No feasible counterfactual found.
Iris,3,42,10,300,0.0001,50,most_parsimonious,Ranked k-means,All features mutable,α = 1,1.0,60,0,2,True,3.0,3.0,2.6992763068415404,3.2858948898840574,1.256436138549093,0.256436138549093,True,9.069899999985864,Optimization terminated successfully
Iris,3,42,10,300,0.0001,50,most_parsimonious,Ranked k-means,All features mutable,α < 1,0.9568464819465536,60,0,2,True,3.0,3.0,2.7763558216806445,3.3324800504613044,1.2388722539935624,0.23887225399356238,True,13.94310000000587,Optimization terminated successfully
Iris,3,42,10,300,0.0001,50,most_parsimonious,Ranked k-means,Random 25% immutable,α = 1,1.0,60,0,2,True,2.0,2.0,3.4972629071504318,3.7401940629600663,1.0708148687244132,0.07081486872441323,True,2.3349999999879856,Optimization terminated successfully
Iris,3,42,10,300,0.0001,50,most_parsimonious,Ranked k-means,Random 25% immutable,α < 1,0.9568464819465536,60,0,2,True,2.0,2.0,3.5971294259890776,3.7932199651425846,1.0558458174358567,0.055845817435856704,True,4.586200000005647,Optimization terminated successfully
Iris,3,42,10,300,0.0001,50,most_parsimonious,Ranked k-means,Random 50% immutable,α = 1,1.0,60,0,2,True,2.0,2.0,3.4972629071504318,3.7401940629600663,1.0708148687244132,0.07081486872441323,True,2.6177999999958956,Optimization terminated successfully
Iris,3,42,10,300,0.0001,50,most_parsimonious,Ranked k-means,Random 50% immutable,α < 1,0.9568464819465536,60,0,2,True,2.0,2.0,3.5971294259890776,3.7932199651425846,1.0558458174358567,0.055845817435856704,True,4.579699999993636,Optimization terminated successfully
Iris,3,42,10,300,0.0001,50,most_parsimonious,Ranked k-means,Random 75% immutable,α = 1,1.0,60,0,2,False,,,,,,,False,1.5531999999893742,No feasible counterfactual found.
Iris,3,42,10,300,0.0001,50,most_parsimonious,Ranked k-means,Random 75% immutable,α < 1,0.9568464819465536,60,0,2,False,,,,,,,False,7.886000000013382,No feasible counterfactual found.
Iris,3,42,10,300,0.0001,50,most_parsimonious,Ranked k-means,All features mutable,α = 1,1.0,54,0,1,True,2.0,2.0,1.3266481135343131,2.303604231229239,1.1730950894419643,0.17309508944196428,True,4.100999999991473,Optimization terminated successfully
Iris,3,42,10,300,0.0001,50,most_parsimonious,Ranked k-means,All features mutable,α < 1,0.8507238734290548,54,0,1,True,2.0,2.0,1.6912262998717866,2.600943136534735,1.0389872709475134,0.03898727094751342,True,7.67290000001708,Optimization terminated successfully
Iris,3,42,10,300,0.0001,50,most_parsimonious,Ranked k-means,Random 25% immutable,α = 1,1.0,54,0,1,True,2.0,2.0,1.3266481135343131,2.303604231229239,1.1730950894419643,0.17309508944196428,True,4.141400000008844,Optimization terminated successfully
Iris,3,42,10,300,0.0001,50,most_parsimonious,Ranked k-means,Random 25% immutable,α < 1,0.8507238734290548,54,0,1,True,2.0,2.0,1.6912262998717866,2.600943136534735,1.0389872709475134,0.03898727094751342,True,7.94840000000363,Optimization terminated successfully
Iris,3,42,10,300,0.0001,50,most_parsimonious,Ranked k-means,Random 50% immutable,α = 1,1.0,54,0,1,True,2.0,2.0,1.3266481135343131,2.303604231229239,1.1730950894419643,0.17309508944196428,True,4.054499999995187,Optimization terminated successfully
Iris,3,42,10,300,0.0001,50,most_parsimonious,Ranked k-means,Random 50% immutable,α < 1,0.8507238734290548,54,0,1,True,2.0,2.0,1.6912262998717866,2.600943136534735,1.0389872709475134,0.03898727094751342,True,7.376899999997022,Optimization terminated successfully
Iris,3,42,10,300,0.0001,50,most_parsimonious,Ranked k-means,Random 75% immutable,α = 1,1.0,54,0,1,False,,,,,,,False,0.9433999999828302,No feasible counterfactual found.
Iris,3,42,10,300,0.0001,50,most_parsimonious,Ranked k-means,Random 75% immutable,α < 1,0.8507238734290548,54,0,1,False,,,,,,,False,4.630300000002308,No feasible counterfactual found.
Iris,3,42,10,300,0.0001,50,most_parsimonious,Ranked k-means,All features mutable,α = 1,1.0,9,1,0,True,1.0,1.0,1.3779027733008629,2.347682068169251,1.3440283602479217,0.3440283602479217,True,1.297700000009172,Optimization terminated successfully
Iris,3,42,10,300,0.0001,50,most_parsimonious,Ranked k-means,All features mutable,α < 1,0.9838316312572207,9,1,0,True,1.0,1.0,1.4339643065800292,2.3949649739234427,1.3174937065137353,0.3174937065137353,True,1.341200000013032,Optimization terminated successfully
Iris,3,42,10,300,0.0001,50,most_parsimonious,Ranked k-means,Random 25% immutable,α = 1,1.0,9,1,0,True,1.0,1.0,1.3779027733008629,2.347682068169251,1.3440283602479217,0.3440283602479217,True,1.3153000000158954,Optimization terminated successfully
Iris,3,42,10,300,0.0001,50,most_parsimonious,Ranked k-means,Random 25% immutable,α < 1,0.9838316312572207,9,1,0,True,1.0,1.0,1.4339643065800292,2.3949649739234427,1.3174937065137353,0.3174937065137353,True,1.4915000000144119,Optimization terminated successfully
Iris,3,42,10,300,0.0001,50,most_parsimonious,Ranked k-means,Random 50% immutable,α = 1,1.0,9,1,0,True,1.0,1.0,1.3779027733008629,2.347682068169251,1.3440283602479217,0.3440283602479217,True,1.2701999999933378,Optimization terminated successfully
Iris,3,42,10,300,0.0001,50,most_parsimonious,Ranked k-means,Random 50% immutable,α < 1,0.9838316312572207,9,1,0,True,1.0,1.0,1.4339643065800292,2.3949649739234427,1.3174937065137353,0.3174937065137353,True,1.2934000000086598,Optimization terminated successfully
Iris,3,42,10,300,0.0001,50,most_parsimonious,Ranked k-means,Random 75% immutable,α = 1,1.0,9,1,0,True,1.0,1.0,1.0972524562262633,2.094996378255832,1.2150057359868847,0.21500573598688466,True,1.2796999999977743,Optimization terminated successfully
Iris,3,42,10,300,0.0001,50,most_parsimonious,Ranked k-means,Random 75% immutable,α < 1,0.9838316312572207,9,1,0,True,1.0,1.0,1.141895413829881,2.1371901308305548,1.1910183280995121,0.19101832809951214,True,1.3325999999835858,Optimization terminated successfully
Iris,3,42,10,300,0.0001,50,most_parsimonious,Ranked k-means,All features mutable,α = 1,1.0,116,2,1,True,2.0,2.0,1.6818499543307932,2.593723157417378,1.2651393054489142,0.2651393054489142,True,10.314399999998614,Optimization terminated successfully
Iris,3,42,10,300,0.0001,50,most_parsimonious,Ranked k-means,All features mutable,α < 1,0.8507238734290548,116,2,1,True,2.0,2.0,2.089559962628855,2.8910620627228707,1.1350227087136648,0.13502270871366484,True,2.4675000000229375,Optimization terminated successfully
Iris,3,42,10,300,0.0001,50,most_parsimonious,Ranked k-means,Random 25% immutable,α = 1,1.0,116,2,1,True,2.0,2.0,2.8205508083030715,3.35889911030568,1.0,0.0,False,10.904100000004746,Optimization terminated successfully
Iris,3,42,10,300,0.0001,50,most_parsimonious,Ranked k-means,Random 25% immutable,α < 1,0.8507238734290548,116,2,1,True,3.0,3.0,1.7496092542527255,2.645455918553719,1.2715140667220053,0.2715140667220053,True,41.270599999990054,Optimization terminated successfully
Iris,3,42,10,300,0.0001,50,most_parsimonious,Ranked k-means,Random 50% immutable,α = 1,1.0,116,2,1,True,2.0,2.0,2.506587528234095,3.1664412378783187,1.1024995206010422,0.10249952060104217,True,9.584499999988338,Optimization terminated successfully
Iris,3,42,10,300,0.0001,50,most_parsimonious,Ranked k-means,Random 50% immutable,α < 1,0.8507238734290548,116,2,1,True,2.0,2.0,3.872063845278273,3.935512086261849,1.0,0.0,False,6.3478999999802,Optimization terminated successfully
Iris,3,42,10,300,0.0001,50,most_parsimonious,Ranked k-means,Random 75% immutable,α = 1,1.0,116,2,1,False,,,,,,,False,4.133199999984072,No feasible counterfactual found.
Iris,3,42,10,300,0.0001,50,most_parsimonious,Ranked k-means,Random 75% immutable,α < 1,0.8507238734290548,116,2,1,False,,,,,,,False,10.189900000000307,No feasible counterfactual found.
Iris,3,42,10,300,0.0001,50,most_parsimonious,Ranked k-means,All features mutable,α = 1,1.0,141,2,1,True,2.0,2.0,2.1103411066021946,2.905402627246141,1.096010660319374,0.096010660319374,True,2.2850999999946,Optimization terminated successfully
Iris,3,42,10,300,0.0001,50,most_parsimonious,Ranked k-means,All features mutable,α < 1,0.8507238734290548,141,2,1,True,2.0,2.0,2.5644860209793277,3.2028025358921695,1.0,0.0,False,5.121199999990722,Optimization terminated successfully
Iris,3,42,10,300,0.0001,50,most_parsimonious,Ranked k-means,Random 25% immutable,α = 1,1.0,141,2,1,True,2.0,2.0,2.1103411066021946,2.905402627246141,1.096010660319374,0.096010660319374,True,2.2802000000012868,Optimization terminated successfully
Iris,3,42,10,300,0.0001,50,most_parsimonious,Ranked k-means,Random 25% immutable,α < 1,0.8507238734290548,141,2,1,True,2.0,2.0,2.5644860209793277,3.2028025358921695,1.0,0.0,False,5.15559999999482,Optimization terminated successfully
Iris,3,42,10,300,0.0001,50,most_parsimonious,Ranked k-means,Random 50% immutable,α = 1,1.0,141,2,1,True,2.0,2.0,2.1103411066021946,2.905402627246141,1.096010660319374,0.096010660319374,True,2.2650999999882515,Optimization terminated successfully
Iris,3,42,10,300,0.0001,50,most_parsimonious,Ranked k-means,Random 50% immutable,α < 1,0.8507238734290548,141,2,1,True,2.0,2.0,2.5644860209793277,3.2028025358921695,1.0,0.0,False,5.134200000014744,Optimization terminated successfully
Iris,3,42,10,300,0.0001,50,most_parsimonious,Ranked k-means,Random 75% immutable,α = 1,1.0,141,2,1,False,,,,,,,False,4.155200000013792,No feasible counterfactual found.
Iris,3,42,10,300,0.0001,50,most_parsimonious,Ranked k-means,Random 75% immutable,α < 1,0.8507238734290548,141,2,1,False,,,,,,,False,3.862400000002708,No feasible counterfactual found.
Iris,3,42,10,300,0.0001,50,most_parsimonious,Ranked k-means,All features mutable,α = 1,1.0,81,0,1,True,2.0,2.0,0.6971271190342567,1.669882773172125,1.040326282924418,0.04032628292441798,True,2.4598999999909665,Optimization terminated successfully
Iris,3,42,10,300,0.0001,50,most_parsimonious,Ranked k-means,All features mutable,α < 1,0.8507238734290548,81,0,1,True,3.0,3.0,0.8181138808433899,1.8089929583537796,1.044323622596961,0.04432362259696099,True,68.82390000001237,Optimization terminated successfully
Iris,3,42,10,300,0.0001,50,most_parsimonious,Ranked k-means,Random 25% immutable,α = 1,1.0,81,0,1,True,2.0,2.0,0.6971271190342567,1.669882773172125,1.040326282924418,0.04032628292441798,True,2.309200000013334,Optimization terminated successfully
Iris,3,42,10,300,0.0001,50,most_parsimonious,Ranked k-means,Random 25% immutable,α < 1,0.8507238734290548,81,0,1,True,3.0,3.0,0.6113356538484036,1.5637591295956084,1.3975557365412006,0.3975557365412006,True,77.65090000000896,Optimization terminated successfully
Iris,3,42,10,300,0.0001,50,most_parsimonious,Ranked k-means,Random 50% immutable,α = 1,1.0,81,0,1,True,2.0,2.0,0.6661457208760582,1.6323550114801109,1.0887102291203832,0.08871022912038318,True,2.315800000019408,Optimization terminated successfully
Iris,3,42,10,300,0.0001,50,most_parsimonious,Ranked k-means,Random 50% immutable,α < 1,0.8507238734290548,81,0,1,True,2.0,2.0,0.9287284161015502,1.9274111300929548,1.0000000000000002,2.220446049250313e-16,True,5.105600000007371,Optimization terminated successfully
Iris,3,42,10,300,0.0001,50,most_parsimonious,Ranked k-means,Random 75% immutable,α = 1,1.0,81,0,1,False,,,,,,,False,1.3471000000038202,No feasible counterfactual found.
Iris,3,42,10,300,0.0001,50,most_parsimonious,Ranked k-means,Random 75% immutable,α < 1,0.8507238734290548,81,0,1,False,,,,,,,False,3.2998000000077354,No feasible counterfactual found.
Iris,3,42,10,300,0.0001,50,most_parsimonious,Ranked k-means,All features mutable,α = 1,1.0,100,2,0,True,1.0,1.0,2.0839962983731035,2.887210625065725,1.0928718719276462,0.09287187192764623,True,1.3045000000033724,Optimization terminated successfully
Iris,3,42,10,300,0.0001,50,most_parsimonious,Ranked k-means,All features mutable,α < 1,0.9838316312572207,100,2,0,True,1.0,1.0,2.137078862822238,2.9237502375013076,1.0792136893203268,0.0792136893203268,True,1.2997999999981857,Optimization terminated successfully
Iris,3,42,10,300,0.0001,50,most_parsimonious,Ranked k-means,Random 25% immutable,α = 1,1.0,100,2,0,True,2.0,2.0,0.6160914749557362,1.5698298951870375,1.759494595833117,0.759494595833117,True,6.54169999998544,Optimization terminated successfully
Iris,3,42,10,300,0.0001,50,most_parsimonious,Ranked k-means,Random 25% immutable,α < 1,0.9838316312572207,100,2,0,True,2.0,2.0,0.6317842645501489,1.5896971592729843,1.7375052820130747,0.7375052820130747,True,9.631600000005847,Optimization terminated successfully
Iris,3,42,10,300,0.0001,50,most_parsimonious,Ranked k-means,Random 50% immutable,α = 1,1.0,100,2,0,True,1.0,1.0,2.0839962983731035,2.887210625065725,1.0928718719276462,0.09287187192764623,True,1.2934000000086598,Optimization terminated successfully
Iris,3,42,10,300,0.0001,50,most_parsimonious,Ranked k-means,Random 50% immutable,α < 1,0.9838316312572207,100,2,0,True,1.0,1.0,2.137078862822238,2.9237502375013076,1.0792136893203268,0.0792136893203268,True,1.2749999999925876,Optimization terminated successfully
Iris,3,42,10,300,0.0001,50,most_parsimonious,Ranked k-means,Random 75% immutable,α = 1,1.0,100,2,0,True,1.0,1.0,0.8003709515564518,1.7892690703820393,1.3543840046123403,0.3543840046123403,True,1.269600000000537,Optimization terminated successfully
Iris,3,42,10,300,0.0001,50,most_parsimonious,Ranked k-means,Random 75% immutable,α < 1,0.9838316312572207,100,2,0,True,1.0,1.0,0.8207576205022581,1.8119134863477981,1.3374575702053473,0.3374575702053473,True,1.2700999999992746,Optimization terminated successfully
Iris,3,42,10,300,0.0001,50,most_parsimonious,Ranked k-means,All features mutable,α = 1,1.0,38,1,2,True,3.0,3.0,2.90215759951442,3.407144023674033,1.614836488953843,0.6148364889538429,True,10.328200000003562,Optimization terminated successfully
Iris,3,42,10,300,0.0001,50,most_parsimonious,Ranked k-means,All features mutable,α < 1,0.9568464819465536,38,1,2,True,3.0,3.0,2.982061319537224,3.453729184251263,1.5930549899497115,0.5930549899497115,True,4.6457999999915955,Optimization terminated successfully
Iris,3,42,10,300,0.0001,50,most_parsimonious,Ranked k-means,Random 25% immutable,α = 1,1.0,38,1,2,True,2.0,2.0,3.529347636545223,3.7573116115356857,1.3278686333714238,0.3278686333714238,True,8.452299999987645,Optimization terminated successfully
Iris,3,42,10,300,0.0001,50,most_parsimonious,Ranked k-means,Random 25% immutable,α < 1,0.9568464819465536,38,1,2,True,2.0,2.0,3.6265194805074086,3.8086845395792017,1.3099578483707173,0.30995784837071727,True,3.5434999999779393,Optimization terminated successfully
Iris,3,42,10,300,0.0001,50,most_parsimonious,Ranked k-means,Random 50% immutable,α = 1,1.0,38,1,2,False,,,,,,,False,12.350300000008474,No feasible counterfactual found.
Iris,3,42,10,300,0.0001,50,most_parsimonious,Ranked k-means,Random 50% immutable,α < 1,0.9568464819465536,38,1,2,False,,,,,,,False,18.77010000001178,No feasible counterfactual found.
Iris,3,42,10,300,0.0001,50,most_parsimonious,Ranked k-means,Random 75% immutable,α = 1,1.0,38,1,2,False,,,,,,,False,6.933399999979883,No feasible counterfactual found.
Iris,3,42,10,300,0.0001,50,most_parsimonious,Ranked k-means,Random 75% immutable,α < 1,0.9568464819465536,38,1,2,False,,,,,,,False,2.5628000000210704,No feasible counterfactual found.
Iris,3,42,10,300,0.0001,50,most_parsimonious,Ranked k-means,All features mutable,α = 1,1.0,65,2,1,True,2.0,2.0,0.7262997706834986,1.704464456283555,1.4722055379346428,0.4722055379346428,True,6.379800000019031,Optimization terminated successfully
Iris,3,42,10,300,0.0001,50,most_parsimonious,Ranked k-means,All features mutable,α < 1,0.8507238734290548,65,2,1,True,2.0,2.0,1.0018041746173036,2.0018033615890483,1.253530727728096,0.25353072772809604,True,7.813599999991538,Optimization terminated successfully
Iris,3,42,10,300,0.0001,50,most_parsimonious,Ranked k-means,Random 25% immutable,α = 1,1.0,65,2,1,True,2.0,2.0,1.0106273393103304,2.010599253267871,1.1134047672918315,0.11340476729183147,True,10.722100000009505,Optimization terminated successfully
Iris,3,42,10,300,0.0001,50,most_parsimonious,Ranked k-means,Random 25% immutable,α < 1,0.8507238734290548,65,2,1,True,2.0,2.0,1.4050409343282326,2.3706884521828107,1.0,0.0,False,10.291899999998577,Optimization terminated successfully
Iris,3,42,10,300,0.0001,50,most_parsimonious,Ranked k-means,Random 50% immutable,α = 1,1.0,65,2,1,True,2.0,2.0,1.0872446986577762,2.0854205318427037,1.8172499273582268,0.8172499273582268,True,8.536200000008876,Optimization terminated successfully
Iris,3,42,10,300,0.0001,50,most_parsimonious,Ranked k-means,Random 50% immutable,α < 1,0.8507238734290548,65,2,1,True,2.0,2.0,1.6299543918851938,2.5533933436783247,1.3807239329475052,0.3807239329475052,True,4.010999999991327,Optimization terminated successfully
Iris,3,42,10,300,0.0001,50,most_parsimonious,Ranked k-means,Random 75% immutable,α = 1,1.0,65,2,1,False,,,,,,,False,2.5353999999992993,No feasible counterfactual found.
Iris,3,42,10,300,0.0001,50,most_parsimonious,Ranked k-means,Random 75% immutable,α < 1,0.8507238734290548,65,2,1,False,,,,,,,False,6.327900000002273,No feasible counterfactual found.
Iris,3,42,10,300,0.0001,50,most_parsimonious,Ranked k-means,All features mutable,α = 1,1.0,143,2,0,True,2.0,2.0,1.4791555781169092,2.4324108025717277,1.2435116592096955,0.24351165920969553,True,10.024299999997766,Optimization terminated successfully
Iris,3,42,10,300,0.0001,50,most_parsimonious,Ranked k-means,All features mutable,α < 1,0.9838316312572207,143,2,0,True,2.0,2.0,1.5126632075470452,2.4598074782771477,1.2165054514686977,0.2165054514686977,True,2.4788999999998396,Optimization terminated successfully
Iris,3,42,10,300,0.0001,50,most_parsimonious,Ranked k-means,Random 25% immutable,α = 1,1.0,143,2,0,True,2.0,2.0,0.7301074048666188,1.7089264523280325,2.0853594288642032,1.0853594288642032,True,9.051999999996951,Optimization terminated successfully
Iris,3,42,10,300,0.0001,50,most_parsimonious,Ranked k-means,Random 25% immutable,α < 1,0.9838316312572207,143,2,0,True,2.0,2.0,0.7466466849318105,1.7281743950560204,2.0621332611015606,1.0621332611015606,True,2.3533000000099946,Optimization terminated successfully
Iris,3,42,10,300,0.0001,50,most_parsimonious,Ranked k-means,Random 50% immutable,α = 1,1.0,143,2,0,True,2.0,2.0,1.4791555781169092,2.4324108025717277,1.2435116592096955,0.24351165920969553,True,9.814699999992627,Optimization terminated successfully
Iris,3,42,10,300,0.0001,50,most_parsimonious,Ranked k-means,Random 50% immutable,α < 1,0.9838316312572207,143,2,0,True,2.0,2.0,1.5126632075470452,2.4598074782771477,1.2165054514686977,0.2165054514686977,True,2.5387999999963995,Optimization terminated successfully
Iris,3,42,10,300,0.0001,50,most_parsimonious,Ranked k-means,Random 75% immutable,α = 1,1.0,143,2,0,False,,,,,,,False,0.9840999999823907,No feasible counterfactual found.
Iris,3,42,10,300,0.0001,50,most_parsimonious,Ranked k-means,Random 75% immutable,α < 1,0.9838316312572207,143,2,0,False,,,,,,,False,9.286599999995815,No feasible counterfactual found.
Iris,3,42,10,300,0.0001,50,most_parsimonious,Ranked k-means,All features mutable,α = 1,1.0,101,0,1,True,2.0,2.0,1.8011977252499858,2.684174156235013,1.1863433810194646,0.18634338101946457,True,5.553500000019085,Optimization terminated successfully
Iris,3,42,10,300,0.0001,50,most_parsimonious,Ranked k-means,All features mutable,α < 1,0.8507238734290548,101,0,1,True,2.0,2.0,2.222355034034165,2.981513061540509,1.0680322905588981,0.06803229055889815,True,2.232800000001589,Optimization terminated successfully
Iris,3,42,10,300,0.0001,50,most_parsimonious,Ranked k-means,Random 25% immutable,α = 1,1.0,101,0,1,True,3.0,3.0,1.4654669316553557,2.421129432025769,1.5909634962111525,0.5909634962111525,True,11.036799999999403,Optimization terminated successfully
Iris,3,42,10,300,0.0001,50,most_parsimonious,Ranked k-means,Random 25% immutable,α < 1,0.8507238734290548,101,0,1,True,3.0,3.0,1.8081234320473465,2.689329605717638,1.4323006718230535,0.43230067182305354,True,7.176200000003519,Optimization terminated successfully
Iris,3,42,10,300,0.0001,50,most_parsimonious,Ranked k-means,Random 50% immutable,α = 1,1.0,101,0,1,False,,,,,,,False,9.480899999999792,No feasible counterfactual found.
Iris,3,42,10,300,0.0001,50,most_parsimonious,Ranked k-means,Random 50% immutable,α < 1,0.8507238734290548,101,0,1,False,,,,,,,False,5.573499999997011,No feasible counterfactual found.
Iris,3,42,10,300,0.0001,50,most_parsimonious,Ranked k-means,Random 75% immutable,α = 1,1.0,101,0,1,False,,,,,,,False,1.6931000000113272,No feasible counterfactual found.
Iris,3,42,10,300,0.0001,50,most_parsimonious,Ranked k-means,Random 75% immutable,α < 1,0.8507238734290548,101,0,1,False,,,,,,,False,5.73029999998198,No feasible counterfactual found.
Iris,3,42,10,300,0.0001,50,most_parsimonious,Ranked k-means,All features mutable,α = 1,1.0,104,2,1,True,2.0,2.0,2.3667128839160583,3.0768249114410513,1.211645843070955,0.2116458430709549,True,6.916300000000319,Optimization terminated successfully
Iris,3,42,10,300,0.0001,50,most_parsimonious,Ranked k-means,All features mutable,α < 1,0.8507238734290548,104,2,1,True,2.0,2.0,2.846245365560418,3.3741638167465537,1.1048728834629398,0.10487288346293977,True,6.669700000003331,Optimization terminated successfully
Iris,3,42,10,300,0.0001,50,most_parsimonious,Ranked k-means,Random 25% immutable,α = 1,1.0,104,2,1,True,2.0,2.0,2.3667128839160583,3.0768249114410513,1.211645843070955,0.2116458430709549,True,6.957699999986744,Optimization terminated successfully
Iris,3,42,10,300,0.0001,50,most_parsimonious,Ranked k-means,Random 25% immutable,α < 1,0.8507238734290548,104,2,1,True,2.0,2.0,2.846245365560418,3.3741638167465537,1.1048728834629398,0.10487288346293977,True,6.667599999985896,Optimization terminated successfully
Iris,3,42,10,300,0.0001,50,most_parsimonious,Ranked k-means,Random 50% immutable,α = 1,1.0,104,2,1,False,,,,,,,False,47.16480000001866,No feasible counterfactual found.
Iris,3,42,10,300,0.0001,50,most_parsimonious,Ranked k-means,Random 50% immutable,α < 1,0.8507238734290548,104,2,1,False,,,,,,,False,17.950899999988223,No feasible counterfactual found.
Iris,3,42,10,300,0.0001,50,most_parsimonious,Ranked k-means,Random 75% immutable,α = 1,1.0,104,2,1,False,,,,,,,False,5.095100000005459,No feasible counterfactual found.
Iris,3,42,10,300,0.0001,50,most_parsimonious,Ranked k-means,Random 75% immutable,α < 1,0.8507238734290548,104,2,1,False,,,,,,,False,5.026700000001938,No feasible counterfactual found.
Iris,3,42,10,300,0.0001,50,most_parsimonious,Ranked k-means,All features mutable,α = 1,1.0,144,2,1,True,2.0,2.0,2.0700244771880962,2.8775159267591177,1.2685785701358556,0.2685785701358556,True,5.645700000002307,Optimization terminated successfully
Iris,3,42,10,300,0.0001,50,most_parsimonious,Ranked k-means,All features mutable,α < 1,0.8507238734290548,144,2,1,True,2.0,2.0,2.5199258011710257,3.174854832064626,1.1497707020896646,0.1497707020896646,True,13.085200000006125,Optimization terminated successfully
Iris,3,42,10,300,0.0001,50,most_parsimonious,Ranked k-means,Random 25% immutable,α = 1,1.0,144,2,1,True,2.0,2.0,3.2018428199999427,3.5787387834263304,1.0408353177504723,0.04083531775047233,True,5.22620000000984,Optimization terminated successfully
Iris,3,42,10,300,0.0001,50,most_parsimonious,Ranked k-means,Random 25% immutable,α < 1,0.8507238734290548,144,2,1,True,2.0,2.0,3.92951004906051,3.964598365060708,1.0,0.0,False,12.16820000001917,Optimization terminated successfully
Iris,3,42,10,300,0.0001,50,most_parsimonious,Ranked k-means,Random 50% immutable,α = 1,1.0,144,2,1,True,2.0,2.0,2.946353136914371,3.432988865064593,1.0000000000000004,4.440892098500626e-16,True,5.751400000008289,Optimization terminated successfully
Iris,3,42,10,300,0.0001,50,most_parsimonious,Ranked k-means,Random 50% immutable,α < 1,0.8507238734290548,144,2,1,True,2.0,2.0,3.817036561865531,3.9074475361112815,1.0,0.0,False,5.264500000009775,Optimization terminated successfully
Iris,3,42,10,300,0.0001,50,most_parsimonious,Ranked k-means,Random 75% immutable,α = 1,1.0,144,2,1,False,,,,,,,False,6.022000000001526,No feasible counterfactual found.
Iris,3,42,10,300,0.0001,50,most_parsimonious,Ranked k-means,Random 75% immutable,α < 1,0.8507238734290548,144,2,1,False,,,,,,,False,0.9546000000000276,No feasible counterfactual found.
Iris,3,42,10,300,0.0001,50,most_parsimonious,Ranked k-means,All features mutable,α = 1,1.0,115,2,1,True,2.0,2.0,1.6296747006707268,2.5531742601481215,1.3080527109164173,0.3080527109164173,True,3.0631999999854997,Optimization terminated successfully
Iris,3,42,10,300,0.0001,50,most_parsimonious,Ranked k-means,All features mutable,α < 1,0.8507238734290548,115,2,1,True,2.0,2.0,2.031356326606088,2.850513165453609,1.1716088696435187,0.17160886964351874,True,7.343099999985725,Optimization terminated successfully
Iris,3,42,10,300,0.0001,50,most_parsimonious,Ranked k-means,Random 25% immutable,α = 1,1.0,115,2,1,True,2.0,2.0,2.2915799829143806,3.0275930921538188,1.0000000000000002,2.220446049250313e-16,True,2.325000000013233,Optimization terminated successfully
Iris,3,42,10,300,0.0001,50,most_parsimonious,Ranked k-means,Random 25% immutable,α < 1,0.8507238734290548,115,2,1,True,2.0,2.0,3.0337762302023106,3.48354774917888,1.0,0.0,False,3.404600000010305,Optimization terminated successfully
Iris,3,42,10,300,0.0001,50,most_parsimonious,Ranked k-means,Random 50% immutable,α = 1,1.0,115,2,1,True,2.0,2.0,3.205239660060009,3.5806366249928288,1.0,0.0,False,3.4593000000029406,Optimization terminated successfully
Iris,3,42,10,300,0.0001,50,most_parsimonious,Ranked k-means,Random 50% immutable,α < 1,0.8507238734290548,115,2,1,False,,,,,,,False,27.291600000012295,No feasible counterfactual found.
Iris,3,42,10,300,0.0001,50,most_parsimonious,Ranked k-means,Random 75% immutable,α = 1,1.0,115,2,1,False,,,,,,,False,2.068400000013071,No feasible counterfactual found.
Iris,3,42,10,300,0.0001,50,most_parsimonious,Ranked k-means,Random 75% immutable,α < 1,0.8507238734290548,115,2,1,False,,,,,,,False,3.8969999999949323,No feasible counterfactual found.
Iris,3,42,10,300,0.0001,50,most_parsimonious,Ranked k-means,All features mutable,α = 1,1.0,58,0,1,True,2.0,2.0,0.9996583371856521,1.9996583079972958,1.1583465188899218,0.1583465188899218,True,2.444599999989805,Optimization terminated successfully
Iris,3,42,10,300,0.0001,50,most_parsimonious,Ranked k-means,All features mutable,α < 1,0.8507238734290548,58,0,1,True,2.0,2.0,1.319049049480191,2.296997213302786,1.0084022827072239,0.008402282707223874,True,2.354400000001533,Optimization terminated successfully
Iris,3,42,10,300,0.0001,50,most_parsimonious,Ranked k-means,Random 25% immutable,α = 1,1.0,58,0,1,True,2.0,2.0,1.3909987119761538,2.3588121688478325,1.004867537474079,0.004867537474078976,True,3.251200000022436,Optimization terminated successfully
Iris,3,42,10,300,0.0001,50,most_parsimonious,Ranked k-means,Random 25% immutable,α < 1,0.8507238734290548,58,0,1,True,2.0,2.0,1.9199052872859212,2.771212938253516,1.0000000000000016,1.5543122344752192e-15,True,6.700499999993781,Optimization terminated successfully
Iris,3,42,10,300,0.0001,50,most_parsimonious,Ranked k-means,Random 50% immutable,α = 1,1.0,58,0,1,True,2.0,2.0,0.9334743725973178,1.9323295501516482,1.2819417507709747,0.2819417507709747,True,2.977999999984604,Optimization terminated successfully
Iris,3,42,10,300,0.0001,50,most_parsimonious,Ranked k-means,Random 50% immutable,α < 1,0.8507238734290548,58,0,1,True,2.0,2.0,1.4471353913895784,2.405938811682108,1.0,0.0,False,6.529099999994514,Optimization terminated successfully
Iris,3,42,10,300,0.0001,50,most_parsimonious,Ranked k-means,Random 75% immutable,α = 1,1.0,58,0,1,False,,,,,,,False,2.0108000000220727,No feasible counterfactual found.
Iris,3,42,10,300,0.0001,50,most_parsimonious,Ranked k-means,Random 75% immutable,α < 1,0.8507238734290548,58,0,1,False,,,,,,,False,6.472400000006928,No feasible counterfactual found.
Iris,3,42,10,300,0.0001,50,most_parsimonious,Ranked k-means,All features mutable,α = 1,1.0,120,2,1,True,2.0,2.0,2.218002683614145,2.9785920725162383,1.2255303628583534,0.22553036285835337,True,5.947100000014416,Optimization terminated successfully
Iris,3,42,10,300,0.0001,50,most_parsimonious,Ranked k-means,All features mutable,α < 1,0.8507238734290548,120,2,1,True,2.0,2.0,2.6829309428629853,3.2759309778217154,1.1142954633152542,0.1142954633152542,True,8.574600000002874,Optimization terminated successfully
Iris,3,42,10,300,0.0001,50,most_parsimonious,Ranked k-means,Random 25% immutable,α = 1,1.0,120,2,1,True,2.0,2.0,2.218002683614145,2.9785920725162383,1.2255303628583534,0.22553036285835337,True,5.633700000004183,Optimization terminated successfully
Iris,3,42,10,300,0.0001,50,most_parsimonious,Ranked k-means,Random 25% immutable,α < 1,0.8507238734290548,120,2,1,True,2.0,2.0,2.6829309428629853,3.2759309778217154,1.1142954633152542,0.1142954633152542,True,8.014199999990979,Optimization terminated successfully
Iris,3,42,10,300,0.0001,50,most_parsimonious,Ranked k-means,Random 50% immutable,α = 1,1.0,120,2,1,True,2.0,2.0,3.2151678367403935,3.5861778186478115,1.0,0.0,False,4.52640000000315,Optimization terminated successfully
Iris,3,42,10,300,0.0001,50,most_parsimonious,Ranked k-means,Random 50% immutable,α < 1,0.8507238734290548,120,2,1,True,2.0,2.0,4.168151706370293,4.083210357730933,1.000000000000003,3.1086244689504383e-15,True,7.778200000018387,Optimization terminated successfully
Iris,3,42,10,300,0.0001,50,most_parsimonious,Ranked k-means,Random 75% immutable,α = 1,1.0,120,2,1,False,,,,,,,False,0.9022000000129538,No feasible counterfactual found.
Iris,3,42,10,300,0.0001,50,most_parsimonious,Ranked k-means,Random 75% immutable,α < 1,0.8507238734290548,120,2,1,False,,,,,,,False,8.07469999998034,No feasible counterfactual found.
Iris,3,42,10,300,0.0001,50,most_parsimonious,Ranked k-means,All features mutable,α = 1,1.0,107,2,0,True,2.0,2.0,1.1356349507181194,2.1313234862104995,1.3986276106544087,0.39862761065440866,True,11.38420000000906,Optimization terminated successfully
Iris,3,42,10,300,0.0001,50,most_parsimonious,Ranked k-means,All features mutable,α < 1,0.9838316312572207,107,2,0,True,2.0,2.0,1.1650181843655698,2.158720161915916,1.3808773887055532,0.3808773887055532,True,17.99510000000737,Optimization terminated successfully
Iris,3,42,10,300,0.0001,50,most_parsimonious,Ranked k-means,Random 25% immutable,α = 1,1.0,107,2,0,True,2.0,2.0,0.5605465030258651,1.4973930720099717,2.833539039107765,1.833539039107765,True,11.535899999984167,Optimization terminated successfully
Iris,3,42,10,300,0.0001,50,most_parsimonious,Ranked k-means,Random 25% immutable,α < 1,0.9838316312572207,107,2,0,True,2.0,2.0,0.5750499918963472,1.5166410147379599,2.7975781119750476,1.7975781119750476,True,17.992100000014943,Optimization terminated successfully
Iris,3,42,10,300,0.0001,50,most_parsimonious,Ranked k-means,Random 50% immutable,α = 1,1.0,107,2,0,True,2.0,2.0,0.7303316040007579,1.709188818124853,1.524939158213929,0.5249391582139289,True,11.679899999990084,Optimization terminated successfully
Iris,3,42,10,300,0.0001,50,most_parsimonious,Ranked k-means,Random 50% immutable,α < 1,0.9838316312572207,107,2,0,True,2.0,2.0,0.7492280849050321,1.7311592473311428,1.5055858926637395,0.5055858926637395,True,20.43360000001826,Optimization terminated successfully
Iris,3,42,10,300,0.0001,50,most_parsimonious,Ranked k-means,Random 75% immutable,α = 1,1.0,107,2,0,True,1.0,1.0,0.775827661811366,1.7616215959295753,2.063460235562903,1.063460235562903,True,1.2844999999970241,Optimization terminated successfully
Iris,3,42,10,300,0.0001,50,most_parsimonious,Ranked k-means,Random 75% immutable,α < 1,0.9838316312572207,107,2,0,True,1.0,1.0,0.79590130030122,1.784266011895334,2.037272519386404,1.0372725193864039,True,1.3745000000255914,Optimization terminated successfully
Iris,3,42,10,300,0.0001,50,most_parsimonious,Ranked k-means,All features mutable,α = 1,1.0,21,1,2,True,2.0,2.0,1.4828421485033496,2.435440123265895,1.5119741899806913,0.5119741899806913,True,12.11310000002186,Optimization terminated successfully
Iris,3,42,10,300,0.0001,50,most_parsimonious,Ranked k-means,All features mutable,α < 1,0.9568464819465536,21,1,2,True,2.0,2.0,1.5732209412662417,2.5085620911320827,1.4679017171291626,0.4679017171291626,True,2.314400000017258,Optimization terminated successfully
Iris,3,42,10,300,0.0001,50,most_parsimonious,Ranked k-means,Random 25% immutable,α = 1,1.0,21,1,2,True,2.0,2.0,1.4358909249913383,2.3965733245543217,1.7537503752768318,0.7537503752768318,True,6.652599999995346,Optimization terminated successfully
Iris,3,42,10,300,0.0001,50,most_parsimonious,Ranked k-means,Random 25% immutable,α < 1,0.9568464819465536,21,1,2,True,2.0,2.0,1.5671452731178592,2.5037134605364564,1.678703024005423,0.678703024005423,True,9.613500000000386,Optimization terminated successfully
Iris,3,42,10,300,0.0001,50,most_parsimonious,Ranked k-means,Random 50% immutable,α = 1,1.0,21,1,2,True,2.0,2.0,1.4828421485033496,2.435440123265895,1.5119741899806913,0.5119741899806913,True,15.224899999992658,Optimization terminated successfully
Iris,3,42,10,300,0.0001,50,most_parsimonious,Ranked k-means,Random 50% immutable,α < 1,0.9568464819465536,21,1,2,True,2.0,2.0,1.5732209412662417,2.5085620911320827,1.4679017171291626,0.4679017171291626,True,3.0400999999926626,Optimization terminated successfully
Iris,3,42,10,300,0.0001,50,most_parsimonious,Ranked k-means,Random 75% immutable,α = 1,1.0,21,1,2,False,,,,,,,False,5.495999999993728,No feasible counterfactual found.
Iris,3,42,10,300,0.0001,50,most_parsimonious,Ranked k-means,Random 75% immutable,α < 1,0.9568464819465536,21,1,2,False,,,,,,,False,8.238500000004478,No feasible counterfactual found.
Iris,3,42,10,300,0.0001,50,most_parsimonious,Ranked k-means,All features mutable,α = 1,1.0,99,0,1,True,2.0,2.0,0.5640969457422574,1.5021277518803218,1.5420108283043916,0.5420108283043916,True,5.082500000014534,Optimization terminated successfully
Iris,3,42,10,300,0.0001,50,most_parsimonious,Ranked k-means,All features mutable,α < 1,0.8507238734290548,99,0,1,True,2.0,2.0,0.809520062580869,1.7994666571858107,1.287213217706091,0.2872132177060911,True,14.8762999999974,Optimization terminated successfully
Iris,3,42,10,300,0.0001,50,most_parsimonious,Ranked k-means,Random 25% immutable,α = 1,1.0,99,0,1,True,2.0,2.0,0.5640969457422574,1.5021277518803218,1.5420108283043916,0.5420108283043916,True,5.169300000005705,Optimization terminated successfully
Iris,3,42,10,300,0.0001,50,most_parsimonious,Ranked k-means,Random 25% immutable,α < 1,0.8507238734290548,99,0,1,True,2.0,2.0,0.809520062580869,1.7994666571858107,1.287213217706091,0.2872132177060911,True,14.311399999996866,Optimization terminated successfully
Iris,3,42,10,300,0.0001,50,most_parsimonious,Ranked k-means,Random 50% immutable,α = 1,1.0,99,0,1,True,2.0,2.0,0.8725467463308441,1.8682042140310509,1.0,0.0,False,4.883299999988822,Optimization terminated successfully
Iris,3,42,10,300,0.0001,50,most_parsimonious,Ranked k-means,Random 50% immutable,α < 1,0.8507238734290548,99,0,1,False,,,,,,,False,27.24430000000666,No feasible counterfactual found.
Iris,3,42,10,300,0.0001,50,most_parsimonious,Ranked k-means,Random 75% immutable,α = 1,1.0,99,0,1,True,1.0,1.0,1.2376070647672208,2.224955788115549,1.6640543879070426,0.6640543879070426,True,1.4007999999989806,Optimization terminated successfully
Iris,3,42,10,300,0.0001,50,most_parsimonious,Ranked k-means,Random 75% immutable,α < 1,0.8507238734290548,99,0,1,False,,,,,,,False,4.2775000000006,No feasible counterfactual found.
Iris,3,42,10,300,0.0001,50,most_parsimonious,Ranked k-means,All features mutable,α = 1,1.0,74,0,1,True,2.0,2.0,0.7842886958556365,1.771201508418098,1.3077547957177802,0.3077547957177802,True,2.309300000007397,Optimization terminated successfully
Iris,3,42,10,300,0.0001,50,most_parsimonious,Ranked k-means,All features mutable,α < 1,0.8507238734290548,74,0,1,True,2.0,2.0,1.0697148608019402,2.06854041372359,1.1197737574898476,0.11977375748984764,True,5.985900000013089,Optimization terminated successfully
Iris,3,42,10,300,0.0001,50,most_parsimonious,Ranked k-means,Random 25% immutable,α = 1,1.0,74,0,1,True,2.0,2.0,0.7842886958556365,1.771201508418098,1.3077547957177802,0.3077547957177802,True,2.292799999992212,Optimization terminated successfully
Iris,3,42,10,300,0.0001,50,most_parsimonious,Ranked k-means,Random 25% immutable,α < 1,0.8507238734290548,74,0,1,True,2.0,2.0,1.0697148608019402,2.06854041372359,1.1197737574898476,0.11977375748984764,True,6.37699999998631,Optimization terminated successfully
Iris,3,42,10,300,0.0001,50,most_parsimonious,Ranked k-means,Random 50% immutable,α = 1,1.0,74,0,1,True,2.0,2.0,0.7494337035682372,1.7313967812933433,1.3685764138002225,0.36857641380022255,True,3.052099999990787,Optimization terminated successfully
Iris,3,42,10,300,0.0001,50,most_parsimonious,Ranked k-means,Random 50% immutable,α < 1,0.8507238734290548,74,0,1,True,2.0,2.0,1.2217175421739195,2.2106266461561703,1.0000000000000016,1.5543122344752192e-15,True,6.275100000010525,Optimization terminated successfully
Iris,3,42,10,300,0.0001,50,most_parsimonious,Ranked k-means,Random 75% immutable,α = 1,1.0,74,0,1,False,,,,,,,False,3.6762000000010175,No feasible counterfactual found.
Iris,3,42,10,300,0.0001,50,most_parsimonious,Ranked k-means,Random 75% immutable,α < 1,0.8507238734290548,74,0,1,False,,,,,,,False,1.5697999999986223,No feasible counterfactual found.
Iris,3,42,10,300,0.0001,50,most_parsimonious,Ranked k-means,All features mutable,α = 1,1.0,105,2,1,True,2.0,2.0,3.7829918938551144,3.889982978808578,1.0,0.0,False,2.288100000015447,Optimization terminated successfully
Iris,3,42,10,300,0.0001,50,most_parsimonious,Ranked k-means,All features mutable,α < 1,0.8507238734290548,105,2,1,True,3.0,3.0,3.7064651312358876,3.850436407076937,1.0903087792260777,0.09030877922607772,True,9.27540000000704,Optimization terminated successfully
Iris,3,42,10,300,0.0001,50,most_parsimonious,Ranked k-means,Random 25% immutable,α = 1,1.0,105,2,1,True,2.0,2.0,3.7829918938551144,3.889982978808578,1.0,0.0,False,2.4065000000064174,Optimization terminated successfully
Iris,3,42,10,300,0.0001,50,most_parsimonious,Ranked k-means,Random 25% immutable,α < 1,0.8507238734290548,105,2,1,True,3.0,3.0,3.8936976512998935,3.9464909229845664,1.0000000000000016,1.5543122344752192e-15,True,9.478500000000167,Optimization terminated successfully
Iris,3,42,10,300,0.0001,50,most_parsimonious,Ranked k-means,Random 50% immutable,α = 1,1.0,105,2,1,False,,,,,,,False,3.753799999998364,No feasible counterfactual found.
Iris,3,42,10,300,0.0001,50,most_parsimonious,Ranked k-means,Random 50% immutable,α < 1,0.8507238734290548,105,2,1,False,,,,,,,False,26.052399999997533,No feasible counterfactual found.
Iris,3,42,10,300,0.0001,50,most_parsimonious,Ranked k-means,Random 75% immutable,α = 1,1.0,105,2,1,False,,,,,,,False,1.0120999999969627,No feasible counterfactual found.
Iris,3,42,10,300,0.0001,50,most_parsimonious,Ranked k-means,Random 75% immutable,α < 1,0.8507238734290548,105,2,1,False,,,,,,,False,7.71869999999808,No feasible counterfactual found.
Iris,3,42,10,300,0.0001,50,most_parsimonious,Ranked k-means,All features mutable,α = 1,1.0,23,1,2,True,2.0,2.0,2.534269198384854,3.183877634825091,1.1014788507181739,0.10147885071817386,True,7.350799999983337,Optimization terminated successfully
Iris,3,42,10,300,0.0001,50,most_parsimonious,Ranked k-means,All features mutable,α < 1,0.9568464819465536,23,1,2,True,2.0,2.0,2.65201160298277,3.2569996026912684,1.076749880400354,0.07674988040035391,True,2.2513000000117245,Optimization terminated successfully
Iris,3,42,10,300,0.0001,50,most_parsimonious,Ranked k-means,Random 25% immutable,α = 1,1.0,23,1,2,True,2.0,2.0,2.534269198384854,3.183877634825091,1.1014788507181739,0.10147885071817386,True,7.559399999991001,Optimization terminated successfully
Iris,3,42,10,300,0.0001,50,most_parsimonious,Ranked k-means,Random 25% immutable,α < 1,0.9568464819465536,23,1,2,True,2.0,2.0,2.65201160298277,3.2569996026912684,1.076749880400354,0.07674988040035391,True,2.490700000009838,Optimization terminated successfully
Iris,3,42,10,300,0.0001,50,most_parsimonious,Ranked k-means,Random 50% immutable,α = 1,1.0,23,1,2,True,2.0,2.0,2.534269198384854,3.183877634825091,1.1014788507181739,0.10147885071817386,True,8.584200000001374,Optimization terminated successfully
Iris,3,42,10,300,0.0001,50,most_parsimonious,Ranked k-means,Random 50% immutable,α < 1,0.9568464819465536,23,1,2,True,2.0,2.0,2.65201160298277,3.2569996026912684,1.076749880400354,0.07674988040035391,True,2.8445000000090204,Optimization terminated successfully
Iris,3,42,10,300,0.0001,50,most_parsimonious,Ranked k-means,Random 75% immutable,α = 1,1.0,23,1,2,False,,,,,,,False,5.956599999990431,No feasible counterfactual found.
Iris,3,42,10,300,0.0001,50,most_parsimonious,Ranked k-means,Random 75% immutable,α < 1,0.9568464819465536,23,1,2,False,,,,,,,False,1.0931999999854725,No feasible counterfactual found.
Iris,3,42,10,300,0.0001,50,most_parsimonious,Ranked k-means,All features mutable,α = 1,1.0,75,2,0,True,1.0,1.0,0.022812667915049177,0.3020772610776864,5.657984994151245,4.657984994151245,True,0.9140999999885935,Optimization terminated successfully
Iris,3,42,10,300,0.0001,50,most_parsimonious,Ranked k-means,All features mutable,α < 1,0.9838316312572207,75,2,0,True,1.0,1.0,0.02866534677776942,0.33861687363608695,5.047440760700801,4.047440760700801,True,1.0609999999928732,Optimization terminated successfully
Iris,3,42,10,300,0.0001,50,most_parsimonious,Ranked k-means,Random 25% immutable,α = 1,1.0,75,2,0,True,1.0,1.0,0.022812667915049177,0.3020772610776864,5.657984994151245,4.657984994151245,True,0.8971000000030926,Optimization terminated successfully
Iris,3,42,10,300,0.0001,50,most_parsimonious,Ranked k-means,Random 25% immutable,α < 1,0.9838316312572207,75,2,0,True,1.0,1.0,0.02866534677776942,0.33861687363608695,5.047440760700801,4.047440760700801,True,0.9033999999985554,Optimization terminated successfully
Iris,3,42,10,300,0.0001,50,most_parsimonious,Ranked k-means,Random 50% immutable,α = 1,1.0,75,2,0,True,1.0,1.0,0.022812667915049177,0.3020772610776864,5.657984994151245,4.657984994151245,True,0.9043999999960306,Optimization terminated successfully
Iris,3,42,10,300,0.0001,50,most_parsimonious,Ranked k-means,Random 50% immutable,α < 1,0.9838316312572207,75,2,0,True,1.0,1.0,0.02866534677776942,0.33861687363608695,5.047440760700801,4.047440760700801,True,0.9109000000080414,Optimization terminated successfully
Iris,3,42,10,300,0.0001,50,most_parsimonious,Ranked k-means,Random 75% immutable,α = 1,1.0,75,2,0,True,1.0,1.0,0.00876133833673758,0.18720404201552465,14.886756665077069,13.886756665077069,True,0.8976999999958934,Optimization terminated successfully
Iris,3,42,10,300,0.0001,50,most_parsimonious,Ranked k-means,Random 75% immutable,α < 1,0.9838316312572207,75,2,0,True,1.0,1.0,0.011009093833092213,0.20984845801761054,13.280350241935565,12.280350241935565,True,0.8975000000077671,Optimization terminated successfully
Iris,3,42,10,300,0.0001,50,most_parsimonious,Ranked k-means,All features mutable,α = 1,1.0,119,0,2,True,3.0,3.0,0.47926179870899066,1.3845747342906278,1.851122943897715,0.851122943897715,True,6.190400000008367,Optimization terminated successfully
Iris,3,42,10,300,0.0001,50,most_parsimonious,Ranked k-means,All features mutable,α < 1,0.9568464819465536,119,0,2,True,3.0,3.0,0.5120546611695529,1.4311598948678697,1.7908676912228194,0.7908676912228194,True,14.136799999988625,Optimization terminated successfully
Iris,3,42,10,300,0.0001,50,most_parsimonious,Ranked k-means,Random 25% immutable,α = 1,1.0,119,0,2,True,3.0,3.0,0.47926179870899066,1.3845747342906278,1.851122943897715,0.851122943897715,True,6.531400000000076,Optimization terminated successfully
Iris,3,42,10,300,0.0001,50,most_parsimonious,Ranked k-means,Random 25% immutable,α < 1,0.9568464819465536,119,0,2,True,3.0,3.0,0.5120546611695529,1.4311598948678697,1.7908676912228194,0.7908676912228194,True,14.601299999981165,Optimization terminated successfully
Iris,3,42,10,300,0.0001,50,most_parsimonious,Ranked k-means,Random 50% immutable,α = 1,1.0,119,0,2,True,2.0,2.0,0.6209458836025515,1.5760023903567553,1.4287436935352678,0.42874369353526776,True,2.341799999982186,Optimization terminated successfully
Iris,3,42,10,300,0.0001,50,most_parsimonious,Ranked k-means,Random 50% immutable,α < 1,0.9568464819465536,119,0,2,True,2.0,2.0,0.6634332944733574,1.6290282925392763,1.3822371698909623,0.38223716989096235,True,6.351999999992586,Optimization terminated successfully
Iris,3,42,10,300,0.0001,50,most_parsimonious,Ranked k-means,Random 75% immutable,α = 1,1.0,119,0,2,True,1.0,1.0,1.18936996260966,2.1811647921325523,2.334012199017648,1.3340121990176481,True,1.2802000000249336,Optimization terminated successfully
Iris,3,42,10,300,0.0001,50,most_parsimonious,Ranked k-means,Random 75% immutable,α < 1,0.9568464819465536,119,0,2,True,1.0,1.0,1.2707510484872435,2.254551883179665,2.2580386243874604,1.2580386243874604,True,1.263699999981327,Optimization terminated successfully
Iris,3,42,10,300,0.0001,50,most_parsimonious,Ranked k-means,All features mutable,α = 1,1.0,132,2,1,True,2.0,2.0,2.7142985295137665,3.2950256627308785,1.08426707546661,0.08426707546660994,True,2.3055999999996857,Optimization terminated successfully
Iris,3,42,10,300,0.0001,50,most_parsimonious,Ranked k-means,All features mutable,α < 1,0.8507238734290548,132,2,1,True,2.0,2.0,3.2263826442442,3.592426836690874,1.0000000000000004,4.440892098500626e-16,True,4.147700000004306,Optimization terminated successfully
Iris,3,42,10,300,0.0001,50,most_parsimonious,Ranked k-means,Random 25% immutable,α = 1,1.0,132,2,1,True,3.0,3.0,2.086838008620963,2.8891784359024713,1.3966834470200482,0.3966834470200482,True,7.618500000006634,Optimization terminated successfully
Iris,3,42,10,300,0.0001,50,most_parsimonious,Ranked k-means,Random 25% immutable,α < 1,0.8507238734290548,132,2,1,True,3.0,3.0,2.506227370063984,3.166213745194082,1.2318635191818563,0.23186351918185633,True,37.15830000001574,Optimization terminated successfully
Iris,3,42,10,300,0.0001,50,most_parsimonious,Ranked k-means,Random 50% immutable,α = 1,1.0,132,2,1,True,2.0,2.0,4.805994462396185,4.384515691565574,1.0,0.0,False,2.266399999996338,Optimization terminated successfully
Iris,3,42,10,300,0.0001,50,most_parsimonious,Ranked k-means,Random 50% immutable,α < 1,0.8507238734290548,132,2,1,False,,,,,,,False,16.226000000017393,No feasible counterfactual found.
Iris,3,42,10,300,0.0001,50,most_parsimonious,Ranked k-means,Random 75% immutable,α = 1,1.0,132,2,1,False,,,,,,,False,3.2773999999733405,No feasible counterfactual found.
Iris,3,42,10,300,0.0001,50,most_parsimonious,Ranked k-means,Random 75% immutable,α < 1,0.8507238734290548,132,2,1,False,,,,,,,False,3.490799999980254,No feasible counterfactual found.
Iris,3,42,10,300,0.0001,50,most_parsimonious,Ranked k-means,All features mutable,α = 1,1.0,45,1,2,True,3.0,3.0,2.170893289028686,2.946790314242726,1.6537256633411463,0.6537256633411463,True,11.312699999990627,Optimization terminated successfully
Iris,3,42,10,300,0.0001,50,most_parsimonious,Ranked k-means,All features mutable,α < 1,0.9568464819465536,45,1,2,True,3.0,3.0,2.240074183313414,2.993375474819966,1.6279891402031021,0.6279891402031021,True,8.5837999999967,Optimization terminated successfully
Iris,3,42,10,300,0.0001,50,most_parsimonious,Ranked k-means,Random 25% immutable,α = 1,1.0,45,1,2,True,2.0,2.0,2.8126741067073437,3.3542057818251663,1.2763874601627954,0.27638746016279536,True,3.502300000008063,Optimization terminated successfully
Iris,3,42,10,300,0.0001,50,most_parsimonious,Ranked k-means,Random 25% immutable,α < 1,0.9568464819465536,45,1,2,True,2.0,2.0,2.902306937126467,3.407231684007688,1.2565233589689342,0.2565233589689342,True,7.735900000000129,Optimization terminated successfully
Iris,3,42,10,300,0.0001,50,most_parsimonious,Ranked k-means,Random 50% immutable,α = 1,1.0,45,1,2,False,,,,,,,False,6.825300000002699,No feasible counterfactual found.
Iris,3,42,10,300,0.0001,50,most_parsimonious,Ranked k-means,Random 50% immutable,α < 1,0.9568464819465536,45,1,2,False,,,,,,,False,2.9619000000025153,No feasible counterfactual found.
Iris,3,42,10,300,0.0001,50,most_parsimonious,Ranked k-means,Random 75% immutable,α = 1,1.0,45,1,2,False,,,,,,,False,2.271500000006199,No feasible counterfactual found.
Iris,3,42,10,300,0.0001,50,most_parsimonious,Ranked k-means,Random 75% immutable,α < 1,0.9568464819465536,45,1,2,False,,,,,,,False,6.499800000000278,No feasible counterfactual found.
Iris,3,42,10,300,0.0001,50,most_parsimonious,Ranked k-means,All features mutable,α = 1,1.0,12,1,0,True,1.0,1.0,1.2382253444164988,2.2255114867522017,1.4178094785166566,0.4178094785166566,True,1.3513000000102693,Optimization terminated successfully
Iris,3,42,10,300,0.0001,50,most_parsimonious,Ranked k-means,All features mutable,α < 1,0.9838316312572207,12,1,0,True,1.0,1.0,1.291398587652127,2.272794392506394,1.3883135627527257,0.38831356275272566,True,1.2341000000049007,Optimization terminated successfully
Iris,3,42,10,300,0.0001,50,most_parsimonious,Ranked k-means,Random 25% immutable,α = 1,1.0,12,1,0,True,1.0,1.0,1.2382253444164988,2.2255114867522017,1.4178094785166566,0.4178094785166566,True,1.2485000000026503,Optimization terminated successfully
Iris,3,42,10,300,0.0001,50,most_parsimonious,Ranked k-means,Random 25% immutable,α < 1,0.9838316312572207,12,1,0,True,1.0,1.0,1.291398587652127,2.272794392506394,1.3883135627527257,0.38831356275272566,True,1.2330000000133623,Optimization terminated successfully
Iris,3,42,10,300,0.0001,50,most_parsimonious,Ranked k-means,Random 50% immutable,α = 1,1.0,12,1,0,True,1.0,1.0,1.0715691305936645,2.070332466628164,1.510681868648203,0.5106818686482031,True,1.3534999999933461,Optimization terminated successfully
Iris,3,42,10,300,0.0001,50,most_parsimonious,Ranked k-means,Random 50% immutable,α < 1,0.9838316312572207,12,1,0,True,1.0,1.0,1.1175856382364628,2.114318460626462,1.4792538482978494,0.47925384829784945,True,1.2394000000028882,Optimization terminated successfully
Iris,3,42,10,300,0.0001,50,most_parsimonious,Ranked k-means,Random 75% immutable,α = 1,1.0,12,1,0,True,1.0,1.0,3.146141932983296,3.5474734293484405,1.0588392157296826,0.05883921572968265,True,1.2438999999915268,Optimization terminated successfully
Iris,3,42,10,300,0.0001,50,most_parsimonious,Ranked k-means,Random 75% immutable,α < 1,0.9838316312572207,12,1,0,True,1.0,1.0,3.281247042090181,3.622842553625637,1.0368112685421809,0.036811268542180864,True,1.229500000022199,Optimization terminated successfully
Iris,3,42,10,300,0.0001,50,most_parsimonious,Ranked k-means,All features mutable,α = 1,1.0,91,0,2,True,1.0,1.0,0.08269990511432951,0.5751518238320366,2.5144711540294966,1.5144711540294966,True,0.9368000000051779,Optimization terminated successfully
Iris,3,42,10,300,0.0001,50,most_parsimonious,Ranked k-means,All features mutable,α < 1,0.9568464819465536,91,0,2,True,1.0,1.0,0.113123374709674,0.6726763700611877,2.149923402365928,1.149923402365928,True,0.9352000000149019,Optimization terminated successfully
Iris,3,42,10,300,0.0001,50,most_parsimonious,Ranked k-means,Random 25% immutable,α = 1,1.0,91,0,2,True,1.0,1.0,0.08269990511432951,0.5751518238320366,2.5144711540294966,1.5144711540294966,True,1.1132000000202424,Optimization terminated successfully
Iris,3,42,10,300,0.0001,50,most_parsimonious,Ranked k-means,Random 25% immutable,α < 1,0.9568464819465536,91,0,2,True,1.0,1.0,0.113123374709674,0.6726763700611877,2.149923402365928,1.149923402365928,True,1.0622000000068965,Optimization terminated successfully
Iris,3,42,10,300,0.0001,50,most_parsimonious,Ranked k-means,Random 50% immutable,α = 1,1.0,91,0,2,True,1.0,1.0,0.08269990511432951,0.5751518238320366,2.5144711540294966,1.5144711540294966,True,0.9977999999932763,Optimization terminated successfully
Iris,3,42,10,300,0.0001,50,most_parsimonious,Ranked k-means,Random 50% immutable,α < 1,0.9568464819465536,91,0,2,True,1.0,1.0,0.113123374709674,0.6726763700611877,2.149923402365928,1.149923402365928,True,0.9619999999870288,Optimization terminated successfully
Iris,3,42,10,300,0.0001,50,most_parsimonious,Ranked k-means,Random 75% immutable,α = 1,1.0,91,0,2,True,1.0,1.0,0.08269990511432951,0.5751518238320366,2.5144711540294966,1.5144711540294966,True,1.103599999993321,Optimization terminated successfully
Iris,3,42,10,300,0.0001,50,most_parsimonious,Ranked k-means,Random 75% immutable,α < 1,0.9568464819465536,91,0,2,True,1.0,1.0,0.113123374709674,0.6726763700611877,2.149923402365928,1.149923402365928,True,0.9593999999992775,Optimization terminated successfully
Iris,3,42,10,300,0.0001,50,most_parsimonious,Ranked k-means,All features mutable,α = 1,1.0,114,0,1,True,2.0,2.0,2.183441906262696,2.9552948457050414,1.0775074656442185,0.07750746564421851,True,9.448900000023741,Optimization terminated successfully
Iris,3,42,10,300,0.0001,50,most_parsimonious,Ranked k-means,All features mutable,α < 1,0.8507238734290548,114,0,1,True,2.0,2.0,2.646253449856318,3.253461817729735,1.0,0.0,False,10.722000000015441,Optimization terminated successfully
Iris,3,42,10,300,0.0001,50,most_parsimonious,Ranked k-means,Random 25% immutable,α = 1,1.0,114,0,1,True,2.0,2.0,2.183441906262696,2.9552948457050414,1.0775074656442185,0.07750746564421851,True,9.228699999994205,Optimization terminated successfully
Iris,3,42,10,300,0.0001,50,most_parsimonious,Ranked k-means,Random 25% immutable,α < 1,0.8507238734290548,114,0,1,True,2.0,2.0,2.646253449856318,3.253461817729735,1.0,0.0,False,9.919400000001133,Optimization terminated successfully
Iris,3,42,10,300,0.0001,50,most_parsimonious,Ranked k-means,Random 50% immutable,α = 1,1.0,114,0,1,True,2.0,2.0,3.878672768006795,3.938869263129608,1.0,0.0,False,3.0340999999793894,Optimization terminated successfully
Iris,3,42,10,300,0.0001,50,most_parsimonious,Ranked k-means,Random 50% immutable,α < 1,0.8507238734290548,114,0,1,False,,,,,,,False,8.170000000006894,No feasible counterfactual found.
Iris,3,42,10,300,0.0001,50,most_parsimonious,Ranked k-means,Random 75% immutable,α = 1,1.0,114,0,1,False,,,,,,,False,1.622900000000982,No feasible counterfactual found.
Iris,3,42,10,300,0.0001,50,most_parsimonious,Ranked k-means,Random 75% immutable,α < 1,0.8507238734290548,114,0,1,False,,,,,,,False,2.7377000000115004,No feasible counterfactual found.
Iris,3,42,10,300,0.0001,50,most_parsimonious,Ranked k-means,All features mutable,α = 1,1.0,88,0,2,True,2.0,2.0,0.5263018441508907,1.4509332777917676,1.4502281982965772,0.45022819829657723,True,12.810800000011113,Optimization terminated successfully
Iris,3,42,10,300,0.0001,50,most_parsimonious,Ranked k-means,All features mutable,α < 1,0.9568464819465536,88,0,2,True,2.0,2.0,0.5806860979543808,1.5240552456579528,1.3806483460839727,0.3806483460839727,True,3.343000000000984,Optimization terminated successfully
Iris,3,42,10,300,0.0001,50,most_parsimonious,Ranked k-means,Random 25% immutable,α = 1,1.0,88,0,2,True,2.0,2.0,0.5263018441508907,1.4509332777917676,1.4502281982965772,0.45022819829657723,True,13.670799999999872,Optimization terminated successfully
Iris,3,42,10,300,0.0001,50,most_parsimonious,Ranked k-means,Random 25% immutable,α < 1,0.9568464819465536,88,0,2,True,2.0,2.0,0.5806860979543808,1.5240552456579528,1.3806483460839727,0.3806483460839727,True,2.9313999999942553,Optimization terminated successfully
Iris,3,42,10,300,0.0001,50,most_parsimonious,Ranked k-means,Random 50% immutable,α = 1,1.0,88,0,2,True,2.0,2.0,0.3678843992051646,1.2130694938133835,2.3726402874866763,1.3726402874866763,True,5.064599999997199,Optimization terminated successfully
Iris,3,42,10,300,0.0001,50,most_parsimonious,Ranked k-means,Random 50% immutable,α < 1,0.9568464819465536,88,0,2,True,2.0,2.0,0.4058989316622882,1.2742039580260112,2.2588044182833116,1.2588044182833116,True,6.550699999991139,Optimization terminated successfully
Iris,3,42,10,300,0.0001,50,most_parsimonious,Ranked k-means,Random 75% immutable,α = 1,1.0,88,0,2,False,,,,,,,False,12.355899999988651,No feasible counterfactual found.
Iris,3,42,10,300,0.0001,50,most_parsimonious,Ranked k-means,Random 75% immutable,α < 1,0.9568464819465536,88,0,2,False,,,,,,,False,1.65819999998007,No feasible counterfactual found.
Iris,3,42,10,300,0.0001,50,most_parsimonious,Ranked k-means,All features mutable,α = 1,1.0,67,0,1,True,2.0,2.0,0.5342732058073999,1.461879893571835,1.1883486002572374,0.18834860025723743,True,3.8151000000254953,Optimization terminated successfully
Iris,3,42,10,300,0.0001,50,most_parsimonious,Ranked k-means,All features mutable,α < 1,0.8507238734290548,67,0,1,True,2.0,2.0,0.7738173704420592,1.7593377963791481,1.0000000000000007,6.661338147750939e-16,True,7.94300000001158,Optimization terminated successfully
Iris,3,42,10,300,0.0001,50,most_parsimonious,Ranked k-means,Random 25% immutable,α = 1,1.0,67,0,1,True,2.0,2.0,0.7434273425996005,1.724444655649581,1.1836194976597791,0.18361949765977914,True,3.32229999997935,Optimization terminated successfully
Iris,3,42,10,300,0.0001,50,most_parsimonious,Ranked k-means,Random 25% immutable,α < 1,0.8507238734290548,67,0,1,True,2.0,2.0,1.07745478321813,2.0760103884307806,1.0,0.0,False,4.246099999988928,Optimization terminated successfully
Iris,3,42,10,300,0.0001,50,most_parsimonious,Ranked k-means,Random 50% immutable,α = 1,1.0,67,0,1,True,2.0,2.0,0.5342732058073999,1.461879893571835,1.1883486002572374,0.18834860025723743,True,3.4274000000209526,Optimization terminated successfully
Iris,3,42,10,300,0.0001,50,most_parsimonious,Ranked k-means,Random 50% immutable,α < 1,0.8507238734290548,67,0,1,True,2.0,2.0,0.7738173704420592,1.7593377963791481,1.0000000000000007,6.661338147750939e-16,True,8.112400000015896,Optimization terminated successfully
Iris,3,42,10,300,0.0001,50,most_parsimonious,Ranked k-means,Random 75% immutable,α = 1,1.0,67,0,1,False,,,,,,,False,1.3132999999925232,No feasible counterfactual found.
Iris,3,42,10,300,0.0001,50,most_parsimonious,Ranked k-means,Random 75% immutable,α < 1,0.8507238734290548,67,0,1,False,,,,,,,False,0.9595000000217624,No feasible counterfactual found.
Iris,3,42,10,300,0.0001,50,most_parsimonious,Ranked k-means,All features mutable,α = 1,1.0,83,0,2,True,1.0,1.0,0.3477116699304754,1.1793416297756565,1.0033197339090383,0.0033197339090382805,True,1.2948000000108095,Optimization terminated successfully
Iris,3,42,10,300,0.0001,50,most_parsimonious,Ranked k-means,All features mutable,α < 1,0.9568464819465536,83,0,2,True,2.0,2.0,0.22913880284002125,0.9573689003514189,1.6158125541751296,0.6158125541751296,True,9.326700000002575,Optimization terminated successfully
Iris,3,42,10,300,0.0001,50,most_parsimonious,Ranked k-means,Random 25% immutable,α = 1,1.0,83,0,2,True,2.0,2.0,0.10279394261553877,0.6412298889338792,3.3267207133387346,2.3267207133387346,True,4.736000000008289,Optimization terminated successfully
Iris,3,42,10,300,0.0001,50,most_parsimonious,Ranked k-means,Random 25% immutable,α < 1,0.9568464819465536,83,0,2,True,2.0,2.0,0.12049777588837685,0.694255791155902,3.0726322776343973,2.0726322776343973,True,13.709899999980735,Optimization terminated successfully
Iris,3,42,10,300,0.0001,50,most_parsimonious,Ranked k-means,Random 50% immutable,α = 1,1.0,83,0,2,True,2.0,2.0,0.10279394261553877,0.6412298889338792,3.3267207133387346,2.3267207133387346,True,4.534800000016048,Optimization terminated successfully
Iris,3,42,10,300,0.0001,50,most_parsimonious,Ranked k-means,Random 50% immutable,α < 1,0.9568464819465536,83,0,2,True,2.0,2.0,0.12049777588837685,0.694255791155902,3.0726322776343973,2.0726322776343973,True,12.860600000010436,Optimization terminated successfully
Iris,3,42,10,300,0.0001,50,most_parsimonious,Ranked k-means,Random 75% immutable,α = 1,1.0,83,0,2,True,1.0,1.0,0.19689320878281588,0.8874530044634834,4.432742226866586,3.432742226866586,True,1.0480999999913365,Optimization terminated successfully
Iris,3,42,10,300,0.0001,50,most_parsimonious,Ranked k-means,Random 75% immutable,α < 1,0.9568464819465536,83,0,2,True,1.0,1.0,0.23080342228520326,0.9608400955105969,4.094178027775193,3.094178027775193,True,0.9268000000020038,Optimization terminated successfully
Iris,3,42,10,300,0.0001,50,most_parsimonious,Ranked k-means,All features mutable,α = 1,1.0,59,0,2,True,3.0,3.0,0.7428458350390759,1.7237700949245822,1.7563705979741346,0.7563705979741346,True,17.709999999993897,Optimization terminated successfully
Iris,3,42,10,300,0.0001,50,most_parsimonious,Ranked k-means,All features mutable,α < 1,0.9568464819465536,59,0,2,True,3.0,3.0,0.7835394326707327,1.7703552555018247,1.7101534204875588,0.7101534204875588,True,10.352199999999812,Optimization terminated successfully
Iris,3,42,10,300,0.0001,50,most_parsimonious,Ranked k-means,Random 25% immutable,α = 1,1.0,59,0,2,True,2.0,2.0,0.9033834663738777,1.9009297371274696,1.4442511294081068,0.44425112940810685,True,12.326300000012225,Optimization terminated successfully
Iris,3,42,10,300,0.0001,50,most_parsimonious,Ranked k-means,Random 25% immutable,α < 1,0.9568464819465536,59,0,2,True,2.0,2.0,0.952871424108442,1.9523026651709943,1.4062470597566,0.4062470597565999,True,4.20969999998988,Optimization terminated successfully
Iris,3,42,10,300,0.0001,50,most_parsimonious,Ranked k-means,Random 50% immutable,α = 1,1.0,59,0,2,True,2.0,2.0,0.9033834663738777,1.9009297371274696,1.4442511294081068,0.44425112940810685,True,10.369600000018409,Optimization terminated successfully
Iris,3,42,10,300,0.0001,50,most_parsimonious,Ranked k-means,Random 50% immutable,α < 1,0.9568464819465536,59,0,2,True,2.0,2.0,0.952871424108442,1.9523026651709943,1.4062470597566,0.4062470597565999,True,4.273299999994151,Optimization terminated successfully
Iris,3,42,10,300,0.0001,50,most_parsimonious,Ranked k-means,Random 75% immutable,α = 1,1.0,59,0,2,False,,,,,,,False,1.5468999999939115,No feasible counterfactual found.
Iris,3,42,10,300,0.0001,50,most_parsimonious,Ranked k-means,Random 75% immutable,α < 1,0.9568464819465536,59,0,2,False,,,,,,,False,6.412100000005694,No feasible counterfactual found.
Iris,3,42,10,300,0.0001,50,most_parsimonious,Ranked k-means,All features mutable,α = 1,1.0,109,2,1,True,2.0,2.0,2.5801749367404803,3.212584589853148,1.2686995318127008,0.2686995318127008,True,3.237699999999677,Optimization terminated successfully
Iris,3,42,10,300,0.0001,50,most_parsimonious,Ranked k-means,All features mutable,α < 1,0.8507238734290548,109,2,1,True,2.0,2.0,3.1925386469944925,3.573535306664532,1.1405524815374033,0.1405524815374033,True,2.3615000000063446,Optimization terminated successfully
Iris,3,42,10,300,0.0001,50,most_parsimonious,Ranked k-means,Random 25% immutable,α = 1,1.0,109,2,1,True,2.0,2.0,2.9736108608837952,3.4488321854702035,1.0800403045498348,0.0800403045498348,True,3.5661000000004606,Optimization terminated successfully
Iris,3,42,10,300,0.0001,50,most_parsimonious,Ranked k-means,Random 25% immutable,α < 1,0.8507238734290548,109,2,1,True,2.0,2.0,3.6510663701044646,3.821552757769786,1.0,0.0,False,2.3778000000049815,Optimization terminated successfully
Iris,3,42,10,300,0.0001,50,most_parsimonious,Ranked k-means,Random 50% immutable,α = 1,1.0,109,2,1,True,2.0,2.0,2.7353194304520936,3.3077602273756748,1.1250736938916839,0.12507369389168388,True,2.777399999985164,Optimization terminated successfully
Iris,3,42,10,300,0.0001,50,most_parsimonious,Ranked k-means,Random 50% immutable,α < 1,0.8507238734290548,109,2,1,True,2.0,2.0,3.3755845766299473,3.6745528036102284,1.0300246103311952,0.03002461033119519,True,5.313599999993812,Optimization terminated successfully
Iris,3,42,10,300,0.0001,50,most_parsimonious,Ranked k-means,Random 75% immutable,α = 1,1.0,109,2,1,False,,,,,,,False,6.334099999975251,No feasible counterfactual found.
Iris,3,42,10,300,0.0001,50,most_parsimonious,Ranked k-means,Random 75% immutable,α < 1,0.8507238734290548,109,2,1,False,,,,,,,False,1.9068000000004304,No feasible counterfactual found.
Iris,3,42,10,300,0.0001,50,most_parsimonious,Ranked k-means,All features mutable,α = 1,1.0,82,0,1,True,2.0,2.0,0.6066124504621906,1.5577065840037918,1.3630760148458239,0.36307601484582386,True,9.75660000000289,Optimization terminated successfully
Iris,3,42,10,300,0.0001,50,most_parsimonious,Ranked k-means,All features mutable,α < 1,0.8507238734290548,82,0,1,True,2.0,2.0,0.8602984418516798,1.8550454893092836,1.1445932164814487,0.14459321648144874,True,9.41810000000487,Optimization terminated successfully
Iris,3,42,10,300,0.0001,50,most_parsimonious,Ranked k-means,Random 25% immutable,α = 1,1.0,82,0,1,True,2.0,2.0,0.6066124504621906,1.5577065840037918,1.3630760148458239,0.36307601484582386,True,8.700999999973646,Optimization terminated successfully
Iris,3,42,10,300,0.0001,50,most_parsimonious,Ranked k-means,Random 25% immutable,α < 1,0.8507238734290548,82,0,1,True,2.0,2.0,0.8602984418516798,1.8550454893092836,1.1445932164814487,0.14459321648144874,True,8.398599999992484,Optimization terminated successfully
Iris,3,42,10,300,0.0001,50,most_parsimonious,Ranked k-means,Random 50% immutable,α = 1,1.0,82,0,1,True,2.0,2.0,0.5796536629722933,1.5226997904673045,1.4264705298794376,0.42647052987943757,True,8.80559999998809,Optimization terminated successfully
Iris,3,42,10,300,0.0001,50,most_parsimonious,Ranked k-means,Random 50% immutable,α < 1,0.8507238734290548,82,0,1,True,2.0,2.0,0.8220654598973877,1.8133565119935877,1.1978264712871483,0.19782647128714825,True,8.523200000013276,Optimization terminated successfully
Iris,3,42,10,300,0.0001,50,most_parsimonious,Ranked k-means,Random 75% immutable,α = 1,1.0,82,0,1,False,,,,,,,False,0.9626000000082513,No feasible counterfactual found.
Iris,3,42,10,300,0.0001,50,most_parsimonious,Ranked k-means,Random 75% immutable,α < 1,0.8507238734290548,82,0,1,False,,,,,,,False,2.4032000000033804,No feasible counterfactual found.
Iris,3,42,10,300,0.0001,50,most_parsimonious,Ranked k-means,All features mutable,α = 1,1.0,8,1,0,True,1.0,1.0,1.1435996149882308,2.1387843416186034,1.413830394960328,0.4138303949603279,True,1.3126000000056592,Optimization terminated successfully
Iris,3,42,10,300,0.0001,50,most_parsimonious,Ranked k-means,All features mutable,α < 1,0.9838316312572207,8,1,0,True,1.0,1.0,1.1947225025090213,2.1860672473727987,1.383250361616127,0.3832503616161269,True,1.322899999991023,Optimization terminated successfully
Iris,3,42,10,300,0.0001,50,most_parsimonious,Ranked k-means,Random 25% immutable,α = 1,1.0,8,1,0,True,1.0,1.0,1.1435996149882308,2.1387843416186034,1.413830394960328,0.4138303949603279,True,1.405199999993556,Optimization terminated successfully
Iris,3,42,10,300,0.0001,50,most_parsimonious,Ranked k-means,Random 25% immutable,α < 1,0.9838316312572207,8,1,0,True,1.0,1.0,1.1947225025090213,2.1860672473727987,1.383250361616127,0.3832503616161269,True,1.3108999999928983,Optimization terminated successfully
Iris,3,42,10,300,0.0001,50,most_parsimonious,Ranked k-means,Random 50% immutable,α = 1,1.0,8,1,0,True,1.0,1.0,0.9896793428644186,1.989652575566316,1.57193962293576,0.5719396229357601,True,1.2867000000085227,Optimization terminated successfully
Iris,3,42,10,300,0.0001,50,most_parsimonious,Ranked k-means,Random 50% immutable,α < 1,0.9838316312572207,8,1,0,True,1.0,1.0,1.0339214579052036,2.0336385695646153,1.5379398120278933,0.5379398120278933,True,1.2819000000092728,Optimization terminated successfully
Iris,3,42,10,300,0.0001,50,most_parsimonious,Ranked k-means,Random 75% immutable,α = 1,1.0,8,1,0,True,1.0,1.0,2.9057123725354743,3.4092300435936993,1.2439393679217525,0.24393936792175253,True,1.2921000000005733,Optimization terminated successfully
Iris,3,42,10,300,0.0001,50,most_parsimonious,Ranked k-means,Random 75% immutable,α < 1,0.9838316312572207,8,1,0,True,1.0,1.0,3.035607840181684,3.484599167870924,1.2170339431375554,0.21703394313755542,True,1.2930999999980486,Optimization terminated successfully
Iris,3,42,10,300,0.0001,50,most_parsimonious,Ranked k-means,All features mutable,α = 1,1.0,86,2,0,True,1.0,1.0,0.29546614213341343,1.087135947585974,1.6930923720794997,0.6930923720794997,True,1.2888999999915995,Optimization terminated successfully
Iris,3,42,10,300,0.0001,50,most_parsimonious,Ranked k-means,All features mutable,α < 1,0.9838316312572207,86,2,0,True,1.0,1.0,0.31566169104744274,1.123675560021562,1.6380364989302716,0.6380364989302716,True,1.2527000000090993,Optimization terminated successfully
Iris,3,42,10,300,0.0001,50,most_parsimonious,Ranked k-means,Random 25% immutable,α = 1,1.0,86,2,0,True,1.0,1.0,0.29546614213341343,1.087135947585974,1.6930923720794997,0.6930923720794997,True,1.3088000000038846,Optimization terminated successfully
Iris,3,42,10,300,0.0001,50,most_parsimonious,Ranked k-means,Random 25% immutable,α < 1,0.9838316312572207,86,2,0,True,1.0,1.0,0.31566169104744274,1.123675560021562,1.6380364989302716,0.6380364989302716,True,1.337100000000646,Optimization terminated successfully
Iris,3,42,10,300,0.0001,50,most_parsimonious,Ranked k-means,Random 50% immutable,α = 1,1.0,86,2,0,True,1.0,1.0,0.37937641287545715,1.2318707933471873,1.7079965358098572,0.7079965358098572,True,1.3380000000040582,Optimization terminated successfully
Iris,3,42,10,300,0.0001,50,most_parsimonious,Ranked k-means,Random 50% immutable,α < 1,0.9838316312572207,86,2,0,True,1.0,1.0,0.40530735321174777,1.2732750735198546,1.6524560099852825,0.6524560099852825,True,1.293299999986175,Optimization terminated successfully
Iris,3,42,10,300,0.0001,50,most_parsimonious,Ranked k-means,Random 75% immutable,α = 1,1.0,86,2,0,True,1.0,1.0,0.16730895736531473,0.8180683525606274,3.111515814644525,2.111515814644525,True,0.924299999979894,Optimization terminated successfully
Iris,3,42,10,300,0.0001,50,most_parsimonious,Ranked k-means,Random 75% immutable,α < 1,0.9838316312572207,86,2,0,True,1.0,1.0,0.1787447726767721,0.8455643622499049,3.0103357356258673,2.0103357356258673,True,0.92950000001224,Optimization terminated successfully
Iris,3,42,10,300,0.0001,50,most_parsimonious,Ranked k-means,All features mutable,α = 1,1.0,57,0,2,True,3.0,3.0,2.015927954083888,2.839667553840687,1.4538733656096152,0.4538733656096152,True,6.268099999999777,Optimization terminated successfully
Iris,3,42,10,300,0.0001,50,most_parsimonious,Ranked k-means,All features mutable,α < 1,0.9568464819465536,57,0,2,True,3.0,3.0,2.082613682871214,2.8862527144179277,1.4304073108471231,0.43040731084712314,True,10.94069999999192,Optimization terminated successfully
Iris,3,42,10,300,0.0001,50,most_parsimonious,Ranked k-means,Random 25% immutable,α = 1,1.0,57,0,2,True,2.0,2.0,2.4515934494328917,3.131513020527229,1.195509776690443,0.195509776690443,True,4.486399999990454,Optimization terminated successfully
Iris,3,42,10,300,0.0001,50,most_parsimonious,Ranked k-means,Random 25% immutable,α < 1,0.9568464819465536,57,0,2,True,2.0,2.0,2.532690740402282,3.1828859485707506,1.176213821920277,0.1762138219202769,True,5.044700000013336,Optimization terminated successfully
Iris,3,42,10,300,0.0001,50,most_parsimonious,Ranked k-means,Random 50% immutable,α = 1,1.0,57,0,2,True,2.0,2.0,2.0218465744306044,2.8438330291566727,1.6558903206088702,0.6558903206088702,True,2.324100000009821,Optimization terminated successfully
Iris,3,42,10,300,0.0001,50,most_parsimonious,Ranked k-means,Random 50% immutable,α < 1,0.9568464819465536,57,0,2,True,2.0,2.0,2.0887280877500283,2.890486524964286,1.6291636496836115,0.6291636496836115,True,5.068299999976489,Optimization terminated successfully
Iris,3,42,10,300,0.0001,50,most_parsimonious,Ranked k-means,Random 75% immutable,α = 1,1.0,57,0,2,False,,,,,,,False,0.9244999999964421,No feasible counterfactual found.
Iris,3,42,10,300,0.0001,50,most_parsimonious,Ranked k-means,Random 75% immutable,α < 1,0.9568464819465536,57,0,2,False,,,,,,,False,3.6704999999983556,No feasible counterfactual found.
Iris,3,42,10,300,0.0001,50,most_parsimonious,Ranked k-means,All features mutable,α = 1,1.0,117,2,1,True,2.0,2.0,3.017844198650663,3.4743886936557127,1.130965005363128,0.13096500536312794,True,5.770899999987478,Optimization terminated successfully
Iris,3,42,10,300,0.0001,50,most_parsimonious,Ranked k-means,All features mutable,α < 1,0.8507238734290548,117,2,1,True,2.0,2.0,3.677457098370517,3.835339410467093,1.0245278519070957,0.02452785190709572,True,2.3521999999900345,Optimization terminated successfully
Iris,3,42,10,300,0.0001,50,most_parsimonious,Ranked k-means,Random 25% immutable,α = 1,1.0,117,2,1,True,2.0,2.0,3.017844198650663,3.4743886936557127,1.130965005363128,0.13096500536312794,True,5.735899999990579,Optimization terminated successfully
Iris,3,42,10,300,0.0001,50,most_parsimonious,Ranked k-means,Random 25% immutable,α < 1,0.8507238734290548,117,2,1,True,2.0,2.0,3.677457098370517,3.835339410467093,1.0245278519070957,0.02452785190709572,True,2.364900000003445,Optimization terminated successfully
Iris,3,42,10,300,0.0001,50,most_parsimonious,Ranked k-means,Random 50% immutable,α = 1,1.0,117,2,1,True,2.0,2.0,3.017844198650663,3.4743886936557127,1.130965005363128,0.13096500536312794,True,5.865900000003421,Optimization terminated successfully
Iris,3,42,10,300,0.0001,50,most_parsimonious,Ranked k-means,Random 50% immutable,α < 1,0.8507238734290548,117,2,1,True,2.0,2.0,3.677457098370517,3.835339410467093,1.0245278519070957,0.02452785190709572,True,2.2527999999795156,Optimization terminated successfully
Iris,3,42,10,300,0.0001,50,most_parsimonious,Ranked k-means,Random 75% immutable,α = 1,1.0,117,2,1,False,,,,,,,False,3.0349999999828015,No feasible counterfactual found.
Iris,3,42,10,300,0.0001,50,most_parsimonious,Ranked k-means,Random 75% immutable,α < 1,0.8507238734290548,117,2,1,False,,,,,,,False,1.6383000000246284,No feasible counterfactual found.
Iris,3,42,10,300,0.0001,50,most_parsimonious,Ranked k-means,All features mutable,α = 1,1.0,70,2,1,True,2.0,2.0,0.6710696596145245,1.638376830420309,1.8013870685103008,0.8013870685103008,True,6.954500000006192,Optimization terminated successfully
Iris,3,42,10,300,0.0001,50,most_parsimonious,Ranked k-means,All features mutable,α < 1,0.8507238734290548,70,2,1,True,2.0,2.0,0.9367488523841188,1.9357157357258,1.5246819489441346,0.5246819489441346,True,3.9883999999972275,Optimization terminated successfully
Iris,3,42,10,300,0.0001,50,most_parsimonious,Ranked k-means,Random 25% immutable,α = 1,1.0,70,2,1,True,2.0,2.0,0.9337760687296983,1.9326417864981584,1.2945889883907586,0.29458898839075864,True,2.2695000000112486,Optimization terminated successfully
Iris,3,42,10,300,0.0001,50,most_parsimonious,Ranked k-means,Random 25% immutable,α < 1,0.8507238734290548,70,2,1,True,2.0,2.0,1.3034617915355395,2.28338502363096,1.0957314412699861,0.09573144126998612,True,7.498400000002903,Optimization terminated successfully
Iris,3,42,10,300,0.0001,50,most_parsimonious,Ranked k-means,Random 50% immutable,α = 1,1.0,70,2,1,True,2.0,2.0,0.9326699855464615,1.931496813920708,1.461374354033616,0.46137435403361593,True,2.2671000000116237,Optimization terminated successfully
Iris,3,42,10,300,0.0001,50,most_parsimonious,Ranked k-means,Random 50% immutable,α < 1,0.8507238734290548,70,2,1,True,2.0,2.0,1.4097048153243765,2.374619814053927,1.0579201621869234,0.05792016218692342,True,2.624499999996033,Optimization terminated successfully
Iris,3,42,10,300,0.0001,50,most_parsimonious,Ranked k-means,Random 75% immutable,α = 1,1.0,70,2,1,False,,,,,,,False,6.041800000019748,No feasible counterfactual found.
Iris,3,42,10,300,0.0001,50,most_parsimonious,Ranked k-means,Random 75% immutable,α < 1,0.8507238734290548,70,2,1,False,,,,,,,False,6.557000000015023,No feasible counterfactual found.
Iris,3,42,10,300,0.0001,50,most_parsimonious,Ranked k-means,All features mutable,α = 1,1.0,29,1,2,True,3.0,3.0,1.9061391202362037,2.7612599444718735,1.821770609127127,0.8217706091271271,True,8.228500000001304,Optimization terminated successfully
Iris,3,42,10,300,0.0001,50,most_parsimonious,Ranked k-means,All features mutable,α < 1,0.9568464819465536,29,1,2,True,3.0,3.0,1.9709985334870734,2.807845105049118,1.7915454802752866,0.7915454802752866,True,18.447699999995848,Optimization terminated successfully
Iris,3,42,10,300,0.0001,50,most_parsimonious,Ranked k-means,Random 25% immutable,α = 1,1.0,29,1,2,True,3.0,3.0,1.9061391202362037,2.7612599444718735,1.821770609127127,0.8217706091271271,True,8.927799999980834,Optimization terminated successfully
Iris,3,42,10,300,0.0001,50,most_parsimonious,Ranked k-means,Random 25% immutable,α < 1,0.9568464819465536,29,1,2,True,3.0,3.0,1.9709985334870734,2.807845105049118,1.7915454802752866,0.7915454802752866,True,17.601400000017975,Optimization terminated successfully
Iris,3,42,10,300,0.0001,50,most_parsimonious,Ranked k-means,Random 50% immutable,α = 1,1.0,29,1,2,False,,,,,,,False,10.313899999999876,No feasible counterfactual found.
Iris,3,42,10,300,0.0001,50,most_parsimonious,Ranked k-means,Random 50% immutable,α < 1,0.9568464819465536,29,1,2,False,,,,,,,False,33.490599999993265,No feasible counterfactual found.
Iris,3,42,10,300,0.0001,50,most_parsimonious,Ranked k-means,Random 75% immutable,α = 1,1.0,29,1,2,True,1.0,1.0,3.629795237446235,3.81040430266723,1.0175749201948818,0.017574920194881827,True,1.2547000000040498,Optimization terminated successfully
Iris,3,42,10,300,0.0001,50,most_parsimonious,Ranked k-means,Random 75% immutable,α < 1,0.9568464819465536,29,1,2,False,,,,,,,False,0.9077999999931308,No feasible counterfactual found.
Iris,3,42,10,300,0.0001,50,most_parsimonious,Ranked k-means,All features mutable,α = 1,1.0,106,0,1,True,2.0,2.0,1.1476128889348352,2.1425339100558807,1.2687544659362273,0.2687544659362273,True,7.951300000001993,Optimization terminated successfully
Iris,3,42,10,300,0.0001,50,most_parsimonious,Ranked k-means,All features mutable,α < 1,0.8507238734290548,106,0,1,True,2.0,2.0,1.4882448387848597,2.4398728153613742,1.1141357296967151,0.11413572969671515,True,4.100499999992735,Optimization terminated successfully
Iris,3,42,10,300,0.0001,50,most_parsimonious,Ranked k-means,Random 25% immutable,α = 1,1.0,106,0,1,True,2.0,2.0,1.1476128889348352,2.1425339100558807,1.2687544659362273,0.2687544659362273,True,7.700599999992619,Optimization terminated successfully
Iris,3,42,10,300,0.0001,50,most_parsimonious,Ranked k-means,Random 25% immutable,α < 1,0.8507238734290548,106,0,1,True,2.0,2.0,1.4882448387848597,2.4398728153613742,1.1141357296967151,0.11413572969671515,True,4.058300000025383,Optimization terminated successfully
Iris,3,42,10,300,0.0001,50,most_parsimonious,Ranked k-means,Random 50% immutable,α = 1,1.0,106,0,1,True,2.0,2.0,1.0258813866692162,2.025716057762505,1.4193053729051688,0.4193053729051688,True,2.466699999985167,Optimization terminated successfully
Iris,3,42,10,300,0.0001,50,most_parsimonious,Ranked k-means,Random 50% immutable,α < 1,0.8507238734290548,106,0,1,True,2.0,2.0,1.3303812580329155,2.3068430878869206,1.246339538231593,0.24633953823159294,True,14.152599999988524,Optimization terminated successfully
Iris,3,42,10,300,0.0001,50,most_parsimonious,Ranked k-means,Random 75% immutable,α = 1,1.0,106,0,1,False,,,,,,,False,0.9558999999796924,No feasible counterfactual found.
Iris,3,42,10,300,0.0001,50,most_parsimonious,Ranked k-means,Random 75% immutable,α < 1,0.8507238734290548,106,0,1,False,,,,,,,False,12.835400000000163,No feasible counterfactual found.
Iris,3,42,10,300,0.0001,50,most_parsimonious,Ranked k-means,All features mutable,α = 1,1.0,97,0,1,True,2.0,2.0,0.6952650932586181,1.6676511544787993,1.3889579046374576,0.3889579046374576,True,3.8171999999860873,Optimization terminated successfully
Iris,3,42,10,300,0.0001,50,most_parsimonious,Ranked k-means,All features mutable,α < 1,0.8507238734290548,97,0,1,True,2.0,2.0,0.9652964837627687,1.9649900597842918,1.178783205695056,0.178783205695056,True,7.404799999989109,Optimization terminated successfully
Iris,3,42,10,300,0.0001,50,most_parsimonious,Ranked k-means,Random 25% immutable,α = 1,1.0,97,0,1,True,2.0,2.0,0.6952650932586181,1.6676511544787993,1.3889579046374576,0.3889579046374576,True,4.249700000002576,Optimization terminated successfully
Iris,3,42,10,300,0.0001,50,most_parsimonious,Ranked k-means,Random 25% immutable,α < 1,0.8507238734290548,97,0,1,True,2.0,2.0,0.9652964837627687,1.9649900597842918,1.178783205695056,0.178783205695056,True,7.294099999995751,Optimization terminated successfully
Iris,3,42,10,300,0.0001,50,most_parsimonious,Ranked k-means,Random 50% immutable,α = 1,1.0,97,0,1,True,2.0,2.0,0.6643664463811569,1.630173544603343,1.4535561523352811,0.4535561523352811,True,4.110499999995909,Optimization terminated successfully
Iris,3,42,10,300,0.0001,50,most_parsimonious,Ranked k-means,Random 50% immutable,α < 1,0.8507238734290548,97,0,1,True,2.0,2.0,0.9327282448352531,1.9315571385131252,1.1028172877619478,0.10281728776194776,True,6.915500000019392,Optimization terminated successfully
Iris,3,42,10,300,0.0001,50,most_parsimonious,Ranked k-means,Random 75% immutable,α = 1,1.0,97,0,1,False,,,,,,,False,1.0836000000153945,No feasible counterfactual found.
Iris,3,42,10,300,0.0001,50,most_parsimonious,Ranked k-means,Random 75% immutable,α < 1,0.8507238734290548,97,0,1,False,,,,,,,False,5.483099999992191,No feasible counterfactual found.
Iris,3,42,10,300,0.0001,50,most_parsimonious,Ranked k-means,All features mutable,α = 1,1.0,78,0,2,True,1.0,1.0,0.24845025073456184,0.9968956830773456,1.3188237470697644,0.31882374706976435,True,1.2488000000132615,Optimization terminated successfully
Iris,3,42,10,300,0.0001,50,most_parsimonious,Ranked k-means,All features mutable,α < 1,0.9568464819465536,78,0,2,True,1.0,1.0,0.299438909578821,1.0944202293064964,1.2013024476227423,0.2013024476227423,True,1.2370999999973264,Optimization terminated successfully
Iris,3,42,10,300,0.0001,50,most_parsimonious,Ranked k-means,Random 25% immutable,α = 1,1.0,78,0,2,True,1.0,1.0,0.24845025073456184,0.9968956830773456,1.3188237470697644,0.31882374706976435,True,1.2496999999882519,Optimization terminated successfully
Iris,3,42,10,300,0.0001,50,most_parsimonious,Ranked k-means,Random 25% immutable,α < 1,0.9568464819465536,78,0,2,True,1.0,1.0,0.299438909578821,1.0944202293064964,1.2013024476227423,0.2013024476227423,True,1.2948000000108095,Optimization terminated successfully
Iris,3,42,10,300,0.0001,50,most_parsimonious,Ranked k-means,Random 50% immutable,α = 1,1.0,78,0,2,True,1.0,1.0,0.24845025073456184,0.9968956830773456,1.3188237470697644,0.31882374706976435,True,1.2743000000057236,Optimization terminated successfully
Iris,3,42,10,300,0.0001,50,most_parsimonious,Ranked k-means,Random 50% immutable,α < 1,0.9568464819465536,78,0,2,True,1.0,1.0,0.299438909578821,1.0944202293064964,1.2013024476227423,0.2013024476227423,True,1.3472999999919466,Optimization terminated successfully
Iris,3,42,10,300,0.0001,50,most_parsimonious,Ranked k-means,Random 75% immutable,α = 1,1.0,78,0,2,True,1.0,1.0,0.3190083446485921,1.1296164741160464,1.2081772238759434,0.2081772238759434,True,1.280299999990575,Optimization terminated successfully
Iris,3,42,10,300,0.0001,50,most_parsimonious,Ranked k-means,Random 75% immutable,α < 1,0.9568464819465536,78,0,2,True,1.0,1.0,0.38447741785607714,1.2401248612233804,1.100515712906285,0.10051571290628503,True,1.2828999999783264,Optimization terminated successfully
Iris,3,42,10,300,0.0001,50,most_parsimonious,Ranked k-means,All features mutable,α = 1,1.0,22,1,0,True,2.0,2.0,1.899054599126144,2.756123799197811,1.3797233556918724,0.37972335569187243,True,2.3637999999834847,Optimization terminated successfully
Iris,3,42,10,300,0.0001,50,most_parsimonious,Ranked k-means,All features mutable,α < 1,0.9838316312572207,22,1,0,True,2.0,2.0,1.943694815860487,2.7883291167726143,1.3539142135781754,0.35391421357817543,True,3.504899999995814,Optimization terminated successfully
Iris,3,42,10,300,0.0001,50,most_parsimonious,Ranked k-means,Random 25% immutable,α = 1,1.0,22,1,0,True,3.0,3.0,1.5450839613075436,2.4860281263956314,1.9798283252819806,0.9798283252819806,True,8.548300000001063,Optimization terminated successfully
Iris,3,42,10,300,0.0001,50,most_parsimonious,Ranked k-means,Random 25% immutable,α < 1,0.9838316312572207,22,1,0,True,3.0,3.0,1.5814035505059045,2.515077374957601,1.9569612189241397,0.9569612189241397,True,5.756700000006276,Optimization terminated successfully
Iris,3,42,10,300,0.0001,50,most_parsimonious,Ranked k-means,Random 50% immutable,α = 1,1.0,22,1,0,False,,,,,,,False,6.995799999998553,No feasible counterfactual found.
Iris,3,42,10,300,0.0001,50,most_parsimonious,Ranked k-means,Random 50% immutable,α < 1,0.9838316312572207,22,1,0,False,,,,,,,False,4.05910000000631,No feasible counterfactual found.
Iris,3,42,10,300,0.0001,50,most_parsimonious,Ranked k-means,Random 75% immutable,α = 1,1.0,22,1,0,False,,,,,,,False,0.981799999976829,No feasible counterfactual found.
Iris,3,42,10,300,0.0001,50,most_parsimonious,Ranked k-means,Random 75% immutable,α < 1,0.9838316312572207,22,1,0,False,,,,,,,False,1.6168999999877087,No feasible counterfactual found.
Iris,3,42,10,300,0.0001,50,most_parsimonious,Ranked k-means,All features mutable,α = 1,1.0,121,0,1,True,2.0,2.0,1.4523602739960817,2.4102782196220267,1.2567088592872586,0.2567088592872586,True,6.83380000000966,Optimization terminated successfully
Iris,3,42,10,300,0.0001,50,most_parsimonious,Ranked k-means,All features mutable,α < 1,0.8507238734290548,121,0,1,True,2.0,2.0,1.8327976238001946,2.7076171249275216,1.118702482256507,0.11870248225650704,True,2.2577999999953136,Optimization terminated successfully
Iris,3,42,10,300,0.0001,50,most_parsimonious,Ranked k-means,Random 25% immutable,α = 1,1.0,121,0,1,True,3.0,3.0,1.1161298202482395,2.1129409080693566,1.635288259181321,0.6352882591813209,True,17.61539999998263,Optimization terminated successfully
Iris,3,42,10,300,0.0001,50,most_parsimonious,Ranked k-means,Random 25% immutable,α < 1,0.8507238734290548,121,0,1,True,3.0,3.0,1.4084935528944498,2.3735994210434495,1.4557079398497665,0.45570793984976654,True,7.431599999989658,Optimization terminated successfully
Iris,3,42,10,300,0.0001,50,most_parsimonious,Ranked k-means,Random 50% immutable,α = 1,1.0,121,0,1,True,2.0,2.0,1.3878151563421377,2.3561113355205756,1.592363441921814,0.592363441921814,True,7.218699999981482,Optimization terminated successfully
Iris,3,42,10,300,0.0001,50,most_parsimonious,Ranked k-means,Random 50% immutable,α < 1,0.8507238734290548,121,0,1,True,2.0,2.0,1.7603060742743954,2.653530534419678,1.3123060036959473,0.3123060036959473,True,2.664899999984982,Optimization terminated successfully
Iris,3,42,10,300,0.0001,50,most_parsimonious,Ranked k-means,Random 75% immutable,α = 1,1.0,121,0,1,False,,,,,,,False,9.297299999985853,No feasible counterfactual found.
Iris,3,42,10,300,0.0001,50,most_parsimonious,Ranked k-means,Random 75% immutable,α < 1,0.8507238734290548,121,0,1,False,,,,,,,False,16.205499999983886,No feasible counterfactual found.
Iris,3,42,10,300,0.0001,50,most_parsimonious,Ranked k-means,All features mutable,α = 1,1.0,15,1,0,True,4.0,4.0,1.6235286128641175,2.5483552443598736,2.6170885872191683,1.6170885872191683,True,10.838500000005524,Optimization terminated successfully
Iris,3,42,10,300,0.0001,50,most_parsimonious,Ranked k-means,All features mutable,α < 1,0.9838316312572207,15,1,0,True,4.0,4.0,1.6624590451819523,2.5787276282554172,2.597668327286971,1.597668327286971,True,32.60330000000522,Optimization terminated successfully
Iris,3,42,10,300,0.0001,50,most_parsimonious,Ranked k-means,Random 25% immutable,α = 1,1.0,15,1,0,True,3.0,3.0,2.1471908918791858,2.930659237700068,1.69754434952,0.69754434952,True,26.26620000000912,Optimization terminated successfully
Iris,3,42,10,300,0.0001,50,most_parsimonious,Ranked k-means,Random 25% immutable,α < 1,0.9838316312572207,15,1,0,True,3.0,3.0,2.1939804408227404,2.962418228962778,1.6862886755717914,0.6862886755717914,True,6.42389999998727,Optimization terminated successfully
Iris,3,42,10,300,0.0001,50,most_parsimonious,Ranked k-means,Random 50% immutable,α = 1,1.0,15,1,0,True,2.0,2.0,2.3060911394779415,3.0371639004030992,1.4605348067725155,0.46053480677251546,True,2.054199999975026,Optimization terminated successfully
Iris,3,42,10,300,0.0001,50,most_parsimonious,Ranked k-means,Random 50% immutable,α < 1,0.9838316312572207,15,1,0,True,2.0,2.0,2.3525628093591555,3.0676132802940828,1.4460374197714898,0.4460374197714898,True,3.0163000000129614,Optimization terminated successfully
Iris,3,42,10,300,0.0001,50,most_parsimonious,Ranked k-means,Random 75% immutable,α = 1,1.0,15,1,0,True,1.0,1.0,4.428084152258234,4.208602690802843,1.3195997748387707,0.31959977483877067,True,1.3741999999865584,Optimization terminated successfully
Iris,3,42,10,300,0.0001,50,most_parsimonious,Ranked k-means,Random 75% immutable,α < 1,0.9838316312572207,15,1,0,True,1.0,1.0,4.517317600757873,4.250796443377581,1.3065013197283242,0.3065013197283242,True,1.3729000000068936,Optimization terminated successfully
Iris,3,42,10,300,0.0001,50,most_parsimonious,Ranked k-means,All features mutable,α = 1,1.0,10,1,2,True,2.0,2.0,1.2962862682213618,2.277091362437056,1.8899732419153246,0.8899732419153246,True,2.3193999999762127,Optimization terminated successfully
Iris,3,42,10,300,0.0001,50,most_parsimonious,Ranked k-means,All features mutable,α < 1,0.9568464819465536,10,1,2,True,2.0,2.0,1.4178103920889646,2.3814368705375877,1.8071617939554514,0.8071617939554514,True,8.166900000020405,Optimization terminated successfully
Iris,3,42,10,300,0.0001,50,most_parsimonious,Ranked k-means,Random 25% immutable,α = 1,1.0,10,1,2,True,2.0,2.0,1.3666515261711734,2.3380774377006195,1.7976271227416223,0.7976271227416223,True,9.749599999992142,Optimization terminated successfully
Iris,3,42,10,300,0.0001,50,most_parsimonious,Ranked k-means,Random 25% immutable,α < 1,0.9568464819465536,10,1,2,True,2.0,2.0,1.494772245661744,2.445217573682754,1.7188619261667064,0.7188619261667064,True,4.919700000016292,Optimization terminated successfully
Iris,3,42,10,300,0.0001,50,most_parsimonious,Ranked k-means,Random 50% immutable,α = 1,1.0,10,1,2,True,2.0,2.0,2.6185472331571757,3.236385164443303,1.0000000000000002,2.220446049250313e-16,True,4.349799999999959,Optimization terminated successfully
Iris,3,42,10,300,0.0001,50,most_parsimonious,Ranked k-means,Random 50% immutable,α < 1,0.9568464819465536,10,1,2,False,,,,,,,False,11.214899999998806,No feasible counterfactual found.
Iris,3,42,10,300,0.0001,50,most_parsimonious,Ranked k-means,Random 75% immutable,α = 1,1.0,10,1,2,False,,,,,,,False,0.5593999999859989,No feasible counterfactual found.
Iris,3,42,10,300,0.0001,50,most_parsimonious,Ranked k-means,Random 75% immutable,α < 1,0.9568464819465536,10,1,2,False,,,,,,,False,17.1331999999893,No feasible counterfactual found.
Iris,3,42,10,300,0.0001,50,most_parsimonious,Ranked k-means,All features mutable,α = 1,1.0,137,2,0,True,1.0,1.0,0.4202096701126239,1.2964716273218229,1.7239409202856,0.7239409202856,True,1.237700000018549,Optimization terminated successfully
Iris,3,42,10,300,0.0001,50,most_parsimonious,Ranked k-means,All features mutable,α < 1,0.9838316312572207,137,2,0,True,1.0,1.0,0.44422974132989906,1.3330112397574134,1.6766854049453432,0.6766854049453432,True,1.5251000000091608,Optimization terminated successfully
Iris,3,42,10,300,0.0001,50,most_parsimonious,Ranked k-means,Random 25% immutable,α = 1,1.0,137,2,0,True,1.0,1.0,0.4202096701126239,1.2964716273218229,1.7239409202856,0.7239409202856,True,1.4103999999974803,Optimization terminated successfully
Iris,3,42,10,300,0.0001,50,most_parsimonious,Ranked k-means,Random 25% immutable,α < 1,0.9838316312572207,137,2,0,True,1.0,1.0,0.44422974132989906,1.3330112397574134,1.6766854049453432,0.6766854049453432,True,1.2852999999779513,Optimization terminated successfully
Iris,3,42,10,300,0.0001,50,most_parsimonious,Ranked k-means,Random 50% immutable,α = 1,1.0,137,2,0,True,1.0,1.0,0.5395462104450659,1.4690761865132331,1.7418815327678068,0.7418815327678068,True,1.2400999999897522,Optimization terminated successfully
Iris,3,42,10,300,0.0001,50,most_parsimonious,Ranked k-means,Random 50% immutable,α < 1,0.9838316312572207,137,2,0,True,1.0,1.0,0.5703878100599149,1.5104804666859017,1.6941342413588985,0.6941342413588985,True,1.2322999999980766,Optimization terminated successfully
Iris,3,42,10,300,0.0001,50,most_parsimonious,Ranked k-means,Random 75% immutable,α = 1,1.0,137,2,0,True,1.0,1.0,0.23794550906671072,0.9755931714945748,2.6091127847410727,1.6091127847410727,True,0.9421000000031654,Optimization terminated successfully
Iris,3,42,10,300,0.0001,50,most_parsimonious,Ranked k-means,Random 75% immutable,α < 1,0.9838316312572207,137,2,0,True,1.0,1.0,0.25154697633442286,1.0030891811487608,2.5375935303553936,1.5375935303553936,True,0.9361999999839554,Optimization terminated successfully
Iris,3,42,10,300,0.0001,50,most_parsimonious,Ranked + weighted SHARK,All features mutable,α = 1,1.0,51,0,1,True,1.0,1.0,0.05600079348137563,0.3520302793001676,3.734706295172692,2.734706295172692,True,0.8832000000040807,Optimization terminated successfully
Iris,3,42,10,300,0.0001,50,most_parsimonious,Ranked + weighted SHARK,All features mutable,α < 1,0.9279072178473525,51,0,1,True,1.0,1.0,0.07654426794903267,0.41156578858793125,3.1944581805609538,2.1944581805609538,True,0.9306000000037784,Optimization terminated successfully
Iris,3,42,10,300,0.0001,50,most_parsimonious,Ranked + weighted SHARK,Random 25% immutable,α = 1,1.0,51,0,1,True,1.0,1.0,0.05600079348137563,0.3520302793001676,3.734706295172692,2.734706295172692,True,0.90720000000033,Optimization terminated successfully
Iris,3,42,10,300,0.0001,50,most_parsimonious,Ranked + weighted SHARK,Random 25% immutable,α < 1,0.9279072178473525,51,0,1,True,1.0,1.0,0.07654426794903267,0.41156578858793125,3.1944581805609538,2.1944581805609538,True,0.9466999999858672,Optimization terminated successfully
Iris,3,42,10,300,0.0001,50,most_parsimonious,Ranked + weighted SHARK,Random 50% immutable,α = 1,1.0,51,0,1,True,1.0,1.0,0.10468811947825317,0.494550173707626,2.7596328305991076,1.7596328305991076,True,1.2416999999800282,Optimization terminated successfully
Iris,3,42,10,300,0.0001,50,most_parsimonious,Ranked + weighted SHARK,Random 50% immutable,α < 1,0.9279072178473525,51,0,1,True,1.0,1.0,0.143092178416215,0.5781887099427407,2.360435048752877,1.3604350487528771,True,1.2421000000131244,Optimization terminated successfully
Iris,3,42,10,300,0.0001,50,most_parsimonious,Ranked + weighted SHARK,Random 75% immutable,α = 1,1.0,51,0,1,False,,,,,,,False,24.887000000006765,No feasible counterfactual found.
Iris,3,42,10,300,0.0001,50,most_parsimonious,Ranked + weighted SHARK,Random 75% immutable,α < 1,0.9279072178473525,51,0,1,False,,,,,,,False,10.841900000002624,No feasible counterfactual found.
Iris,3,42,10,300,0.0001,50,most_parsimonious,Ranked + weighted SHARK,All features mutable,α = 1,1.0,60,0,1,True,1.0,1.0,1.559773526234862,1.8578630711860813,1.0614854134710785,0.0614854134710785,True,1.2784000000181095,Optimization terminated successfully
Iris,3,42,10,300,0.0001,50,most_parsimonious,Ranked + weighted SHARK,All features mutable,α < 1,0.9279072178473525,60,0,1,True,1.0,1.0,1.661341615002416,1.9173985818766186,1.0285261337579867,0.028526133757986738,True,1.2891000000081476,Optimization terminated successfully
Iris,3,42,10,300,0.0001,50,most_parsimonious,Ranked + weighted SHARK,Random 25% immutable,α = 1,1.0,60,0,1,True,1.0,1.0,1.559773526234862,1.8578630711860813,1.0614854134710785,0.0614854134710785,True,1.2757000000078733,Optimization terminated successfully
Iris,3,42,10,300,0.0001,50,most_parsimonious,Ranked + weighted SHARK,Random 25% immutable,α < 1,0.9279072178473525,60,0,1,True,1.0,1.0,1.661341615002416,1.9173985818766186,1.0285261337579867,0.028526133757986738,True,1.3143000000184202,Optimization terminated successfully
Iris,3,42,10,300,0.0001,50,most_parsimonious,Ranked + weighted SHARK,Random 50% immutable,α = 1,1.0,60,0,1,False,,,,,,,False,27.391999999991867,No feasible counterfactual found.
Iris,3,42,10,300,0.0001,50,most_parsimonious,Ranked + weighted SHARK,Random 50% immutable,α < 1,0.9279072178473525,60,0,1,False,,,,,,,False,6.408800000002657,No feasible counterfactual found.
Iris,3,42,10,300,0.0001,50,most_parsimonious,Ranked + weighted SHARK,Random 75% immutable,α = 1,1.0,60,0,1,False,,,,,,,False,9.790900000012925,No feasible counterfactual found.
Iris,3,42,10,300,0.0001,50,most_parsimonious,Ranked + weighted SHARK,Random 75% immutable,α < 1,0.9279072178473525,60,0,1,False,,,,,,,False,0.9630999999785672,No feasible counterfactual found.
Iris,3,42,10,300,0.0001,50,most_parsimonious,Ranked + weighted SHARK,All features mutable,α = 1,1.0,54,0,1,True,1.0,1.0,0.05736531366187904,0.35629326762715485,3.690021169778441,2.690021169778441,True,1.1441999999988184,Optimization terminated successfully
Iris,3,42,10,300,0.0001,50,most_parsimonious,Ranked + weighted SHARK,All features mutable,α < 1,0.9279072178473525,54,0,1,True,1.0,1.0,0.07813816802504439,0.41582877831769416,3.161709262915133,2.161709262915133,True,1.0074999999858392,Optimization terminated successfully
Iris,3,42,10,300,0.0001,50,most_parsimonious,Ranked + weighted SHARK,Random 25% immutable,α = 1,1.0,54,0,1,True,1.0,1.0,0.05736531366187904,0.35629326762715485,3.690021169778441,2.690021169778441,True,0.9919999999965512,Optimization terminated successfully
Iris,3,42,10,300,0.0001,50,most_parsimonious,Ranked + weighted SHARK,Random 25% immutable,α < 1,0.9279072178473525,54,0,1,True,1.0,1.0,0.07813816802504439,0.41582877831769416,3.161709262915133,2.161709262915133,True,0.9870999999748165,Optimization terminated successfully
Iris,3,42,10,300,0.0001,50,most_parsimonious,Ranked + weighted SHARK,Random 50% immutable,α = 1,1.0,54,0,1,True,1.0,1.0,0.05736531366187904,0.35629326762715485,3.690021169778441,2.690021169778441,True,0.9813000000065131,Optimization terminated successfully
Iris,3,42,10,300,0.0001,50,most_parsimonious,Ranked + weighted SHARK,Random 50% immutable,α < 1,0.9279072178473525,54,0,1,True,1.0,1.0,0.07813816802504439,0.41582877831769416,3.161709262915133,2.161709262915133,True,1.0752999999965596,Optimization terminated successfully
Iris,3,42,10,300,0.0001,50,most_parsimonious,Ranked + weighted SHARK,Random 75% immutable,α = 1,1.0,54,0,1,False,,,,,,,False,8.567099999993388,No feasible counterfactual found.
Iris,3,42,10,300,0.0001,50,most_parsimonious,Ranked + weighted SHARK,Random 75% immutable,α < 1,0.9279072178473525,54,0,1,False,,,,,,,False,15.752499999990732,No feasible counterfactual found.
Iris,3,42,10,300,0.0001,50,most_parsimonious,Ranked + weighted SHARK,All features mutable,α = 1,1.0,9,2,1,True,2.0,2.0,4.021235769182432,3.011900084900899,1.3104766095460925,0.31047660954609246,True,2.8151000000207205,Optimization terminated successfully
Iris,3,42,10,300,0.0001,50,most_parsimonious,Ranked + weighted SHARK,All features mutable,α < 1,0.9279072178473525,9,2,1,True,2.0,2.0,4.151835618959814,3.0604188449624634,1.2897008001265184,0.28970080012651844,True,7.700999999997293,Optimization terminated successfully
Iris,3,42,10,300,0.0001,50,most_parsimonious,Ranked + weighted SHARK,Random 25% immutable,α = 1,1.0,9,2,1,True,2.0,2.0,4.021235769182432,3.011900084900899,1.3104766095460925,0.31047660954609246,True,2.611599999994496,Optimization terminated successfully
Iris,3,42,10,300,0.0001,50,most_parsimonious,Ranked + weighted SHARK,Random 25% immutable,α < 1,0.9279072178473525,9,2,1,True,2.0,2.0,4.151835618959814,3.0604188449624634,1.2897008001265184,0.28970080012651844,True,6.953400000014653,Optimization terminated successfully
Iris,3,42,10,300,0.0001,50,most_parsimonious,Ranked + weighted SHARK,Random 50% immutable,α = 1,1.0,9,2,1,False,,,,,,,False,4.014299999994364,No feasible counterfactual found.
Iris,3,42,10,300,0.0001,50,most_parsimonious,Ranked + weighted SHARK,Random 50% immutable,α < 1,0.9279072178473525,9,2,1,False,,,,,,,False,17.547199999995655,No feasible counterfactual found.
Iris,3,42,10,300,0.0001,50,most_parsimonious,Ranked + weighted SHARK,Random 75% immutable,α = 1,1.0,9,2,1,False,,,,,,,False,0.9890000000041255,No feasible counterfactual found.
Iris,3,42,10,300,0.0001,50,most_parsimonious,Ranked + weighted SHARK,Random 75% immutable,α < 1,0.9279072178473525,9,2,1,False,,,,,,,False,5.771000000009963,No feasible counterfactual found.
Iris,3,42,10,300,0.0001,50,most_parsimonious,Ranked + weighted SHARK,All features mutable,α = 1,1.0,116,1,2,True,2.0,2.0,1.9779976117819582,2.1239240580258216,1.5904028790445321,0.5904028790445321,True,14.94550000001027,Optimization terminated successfully
Iris,3,42,10,300,0.0001,50,most_parsimonious,Ranked + weighted SHARK,All features mutable,α < 1,0.30512052245041466,116,1,2,True,2.0,2.0,3.8033247528934453,2.945152638994841,1.1469337632589607,0.14693376325896068,True,6.696599999997943,Optimization terminated successfully
Iris,3,42,10,300,0.0001,50,most_parsimonious,Ranked + weighted SHARK,Random 25% immutable,α = 1,1.0,116,1,2,True,3.0,3.0,3.0466708955451365,3.815391042335987,1.043228937090431,0.043228937090431074,True,8.525399999996353,Optimization terminated successfully
Iris,3,42,10,300,0.0001,50,most_parsimonious,Ranked + weighted SHARK,Random 25% immutable,α < 1,0.30512052245041466,116,1,2,False,,,,,,,False,30.628000000007205,No feasible counterfactual found.
Iris,3,42,10,300,0.0001,50,most_parsimonious,Ranked + weighted SHARK,Random 50% immutable,α = 1,1.0,116,1,2,False,,,,,,,False,2.9138000000159536,No feasible counterfactual found.
Iris,3,42,10,300,0.0001,50,most_parsimonious,Ranked + weighted SHARK,Random 50% immutable,α < 1,0.30512052245041466,116,1,2,False,,,,,,,False,2.857199999994009,No feasible counterfactual found.
Iris,3,42,10,300,0.0001,50,most_parsimonious,Ranked + weighted SHARK,Random 75% immutable,α = 1,1.0,116,1,2,False,,,,,,,False,15.100200000006225,No feasible counterfactual found.
Iris,3,42,10,300,0.0001,50,most_parsimonious,Ranked + weighted SHARK,Random 75% immutable,α < 1,0.30512052245041466,116,1,2,False,,,,,,,False,4.495800000000827,No feasible counterfactual found.
Iris,3,42,10,300,0.0001,50,most_parsimonious,Ranked + weighted SHARK,All features mutable,α = 1,1.0,141,1,2,True,2.0,2.0,2.5890495677985816,2.429944114822722,1.2796571831082997,0.2796571831082997,True,2.8281000000163203,Optimization terminated successfully
Iris,3,42,10,300,0.0001,50,most_parsimonious,Ranked + weighted SHARK,All features mutable,α < 1,0.30512052245041466,141,1,2,True,2.0,2.0,4.6454719768388095,3.250702201845705,1.000000000000002,1.9984014443252818e-15,True,4.641499999991083,Optimization terminated successfully
Iris,3,42,10,300,0.0001,50,most_parsimonious,Ranked + weighted SHARK,Random 25% immutable,α = 1,1.0,141,1,2,True,2.0,2.0,2.5890495677985816,2.429944114822722,1.2796571831082997,0.2796571831082997,True,2.8425999999797114,Optimization terminated successfully
Iris,3,42,10,300,0.0001,50,most_parsimonious,Ranked + weighted SHARK,Random 25% immutable,α < 1,0.30512052245041466,141,1,2,True,2.0,2.0,4.6454719768388095,3.250702201845705,1.000000000000002,1.9984014443252818e-15,True,4.5084999999858155,Optimization terminated successfully
Iris,3,42,10,300,0.0001,50,most_parsimonious,Ranked + weighted SHARK,Random 50% immutable,α = 1,1.0,141,1,2,False,,,,,,,False,27.587100000005194,No feasible counterfactual found.
Iris,3,42,10,300,0.0001,50,most_parsimonious,Ranked + weighted SHARK,Random 50% immutable,α < 1,0.30512052245041466,141,1,2,False,,,,,,,False,6.082600000013372,No feasible counterfactual found.
Iris,3,42,10,300,0.0001,50,most_parsimonious,Ranked + weighted SHARK,Random 75% immutable,α = 1,1.0,141,1,2,False,,,,,,,False,15.931899999998222,No feasible counterfactual found.
Iris,3,42,10,300,0.0001,50,most_parsimonious,Ranked + weighted SHARK,Random 75% immutable,α < 1,0.30512052245041466,141,1,2,False,,,,,,,False,4.776599999985365,No feasible counterfactual found.
Iris,3,42,10,300,0.0001,50,most_parsimonious,Ranked + weighted SHARK,All features mutable,α = 1,1.0,81,0,1,True,1.0,1.0,1.1902572520250947,1.6229433024720057,1.2151345936033537,0.21513459360335374,True,1.257199999997738,Optimization terminated successfully
Iris,3,42,10,300,0.0001,50,most_parsimonious,Ranked + weighted SHARK,All features mutable,α < 1,0.9279072178473525,81,0,1,True,1.0,1.0,1.2791849708714562,1.6824788131625437,1.1721363353061622,0.17213633530616224,True,1.2585999999998876,Optimization terminated successfully
Iris,3,42,10,300,0.0001,50,most_parsimonious,Ranked + weighted SHARK,Random 25% immutable,α = 1,1.0,81,0,1,True,1.0,1.0,1.1902572520250947,1.6229433024720057,1.2151345936033537,0.21513459360335374,True,1.4073000000109914,Optimization terminated successfully
Iris,3,42,10,300,0.0001,50,most_parsimonious,Ranked + weighted SHARK,Random 25% immutable,α < 1,0.9279072178473525,81,0,1,True,1.0,1.0,1.2791849708714562,1.6824788131625437,1.1721363353061622,0.17213633530616224,True,1.3829000000100677,Optimization terminated successfully
Iris,3,42,10,300,0.0001,50,most_parsimonious,Ranked + weighted SHARK,Random 50% immutable,α = 1,1.0,81,0,1,True,2.0,2.0,1.7701130431092365,2.858098643072836,1.0032514665877612,0.0032514665877612092,True,2.8031999999882373,Optimization terminated successfully
Iris,3,42,10,300,0.0001,50,most_parsimonious,Ranked + weighted SHARK,Random 50% immutable,α < 1,0.9279072178473525,81,0,1,True,2.0,2.0,1.9100612600392612,3.1548385399302052,1.0000000000000009,8.881784197001252e-16,True,6.9187999999940075,Optimization terminated successfully
Iris,3,42,10,300,0.0001,50,most_parsimonious,Ranked + weighted SHARK,Random 75% immutable,α = 1,1.0,81,0,1,False,,,,,,,False,0.9379999999907795,No feasible counterfactual found.
Iris,3,42,10,300,0.0001,50,most_parsimonious,Ranked + weighted SHARK,Random 75% immutable,α < 1,0.9279072178473525,81,0,1,False,,,,,,,False,5.4839999999956035,No feasible counterfactual found.
Iris,3,42,10,300,0.0001,50,most_parsimonious,Ranked + weighted SHARK,All features mutable,α = 1,1.0,100,1,2,True,2.0,2.0,3.6506198744744474,2.8854224712278373,1.31421575566504,0.31421575566504,True,3.515500000020211,Optimization terminated successfully
Iris,3,42,10,300,0.0001,50,most_parsimonious,Ranked + weighted SHARK,All features mutable,α < 1,0.30512052245041466,100,1,2,True,2.0,2.0,6.024363938543348,3.7066510529126653,1.0230441301207935,0.023044130120793538,True,2.7533999999889147,Optimization terminated successfully
Iris,3,42,10,300,0.0001,50,most_parsimonious,Ranked + weighted SHARK,Random 25% immutable,α = 1,1.0,100,1,2,False,,,,,,,False,9.726000000000568,No feasible counterfactual found.
Iris,3,42,10,300,0.0001,50,most_parsimonious,Ranked + weighted SHARK,Random 25% immutable,α < 1,0.30512052245041466,100,1,2,False,,,,,,,False,14.111999999983027,No feasible counterfactual found.
Iris,3,42,10,300,0.0001,50,most_parsimonious,Ranked + weighted SHARK,Random 50% immutable,α = 1,1.0,100,1,2,False,,,,,,,False,5.2984000000151354,No feasible counterfactual found.
Iris,3,42,10,300,0.0001,50,most_parsimonious,Ranked + weighted SHARK,Random 50% immutable,α < 1,0.30512052245041466,100,1,2,False,,,,,,,False,7.080300000012585,No feasible counterfactual found.
Iris,3,42,10,300,0.0001,50,most_parsimonious,Ranked + weighted SHARK,Random 75% immutable,α = 1,1.0,100,1,2,False,,,,,,,False,4.0403000000139855,No feasible counterfactual found.
Iris,3,42,10,300,0.0001,50,most_parsimonious,Ranked + weighted SHARK,Random 75% immutable,α < 1,0.30512052245041466,100,1,2,False,,,,,,,False,5.692500000009204,No feasible counterfactual found.
Iris,3,42,10,300,0.0001,50,most_parsimonious,Ranked + weighted SHARK,All features mutable,α = 1,1.0,38,2,0,True,1.0,1.0,1.5897768963281487,1.8756466275206487,1.6121791099012894,0.6121791099012894,True,1.3696999999979198,Optimization terminated successfully
Iris,3,42,10,300,0.0001,50,most_parsimonious,Ranked + weighted SHARK,All features mutable,α < 1,0.8609434863422094,38,2,0,True,1.0,1.0,2.024564423793803,2.1166484379434003,1.4286162294309426,0.4286162294309426,True,1.2380000000007385,Optimization terminated successfully
Iris,3,42,10,300,0.0001,50,most_parsimonious,Ranked + weighted SHARK,Random 25% immutable,α = 1,1.0,38,2,0,True,1.0,1.0,1.5897768963281487,1.8756466275206487,1.6121791099012894,0.6121791099012894,True,1.2306000000137374,Optimization terminated successfully
Iris,3,42,10,300,0.0001,50,most_parsimonious,Ranked + weighted SHARK,Random 25% immutable,α < 1,0.8609434863422094,38,2,0,True,1.0,1.0,2.024564423793803,2.1166484379434003,1.4286162294309426,0.4286162294309426,True,1.2415000000203236,Optimization terminated successfully
Iris,3,42,10,300,0.0001,50,most_parsimonious,Ranked + weighted SHARK,Random 50% immutable,α = 1,1.0,38,2,0,False,,,,,,,False,10.435299999983272,No feasible counterfactual found.
Iris,3,42,10,300,0.0001,50,most_parsimonious,Ranked + weighted SHARK,Random 50% immutable,α < 1,0.8609434863422094,38,2,0,False,,,,,,,False,5.932000000001381,No feasible counterfactual found.
Iris,3,42,10,300,0.0001,50,most_parsimonious,Ranked + weighted SHARK,Random 75% immutable,α = 1,1.0,38,2,0,False,,,,,,,False,2.0296000000143977,No feasible counterfactual found.
Iris,3,42,10,300,0.0001,50,most_parsimonious,Ranked + weighted SHARK,Random 75% immutable,α < 1,0.8609434863422094,38,2,0,False,,,,,,,False,1.6661000000226522,No feasible counterfactual found.
Iris,3,42,10,300,0.0001,50,most_parsimonious,Ranked + weighted SHARK,All features mutable,α = 1,1.0,65,0,1,True,1.0,1.0,0.1063427737509529,0.4851063078838031,2.981207720266375,1.981207720266375,True,0.9546000000000276,Optimization terminated successfully
Iris,3,42,10,300,0.0001,50,most_parsimonious,Ranked + weighted SHARK,All features mutable,α < 1,0.9279072178473525,65,0,1,True,1.0,1.0,0.13404669436039687,0.5446418185743427,2.6553279988648293,1.6553279988648293,True,1.2562999999943258,Optimization terminated successfully
Iris,3,42,10,300,0.0001,50,most_parsimonious,Ranked + weighted SHARK,Random 25% immutable,α = 1,1.0,65,0,1,True,1.0,1.0,0.1063427737509529,0.4851063078838031,2.981207720266375,1.981207720266375,True,1.0086999999998625,Optimization terminated successfully
Iris,3,42,10,300,0.0001,50,most_parsimonious,Ranked + weighted SHARK,Random 25% immutable,α < 1,0.9279072178473525,65,0,1,True,1.0,1.0,0.13404669436039687,0.5446418185743427,2.6553279988648293,1.6553279988648293,True,1.2493000000119991,Optimization terminated successfully
Iris,3,42,10,300,0.0001,50,most_parsimonious,Ranked + weighted SHARK,Random 50% immutable,α = 1,1.0,65,0,1,True,1.0,1.0,0.1987976312606278,0.6815021999344251,2.086042568707923,1.086042568707923,True,0.9905999999944015,Optimization terminated successfully
Iris,3,42,10,300,0.0001,50,most_parsimonious,Ranked + weighted SHARK,Random 50% immutable,α < 1,0.9279072178473525,65,0,1,True,1.0,1.0,0.25058745768257185,0.7651407361695395,1.858014522724747,0.8580145227247471,True,1.4625999999964279,Optimization terminated successfully
Iris,3,42,10,300,0.0001,50,most_parsimonious,Ranked + weighted SHARK,Random 75% immutable,α = 1,1.0,65,0,1,False,,,,,,,False,0.9194999999806441,No feasible counterfactual found.
Iris,3,42,10,300,0.0001,50,most_parsimonious,Ranked + weighted SHARK,Random 75% immutable,α < 1,0.9279072178473525,65,0,1,False,,,,,,,False,8.790099999998802,No feasible counterfactual found.
Iris,3,42,10,300,0.0001,50,most_parsimonious,Ranked + weighted SHARK,All features mutable,α = 1,1.0,143,1,2,True,2.0,2.0,3.279185633785889,2.734696307759188,1.3589173544222497,0.3589173544222497,True,7.035000000001901,Optimization terminated successfully
Iris,3,42,10,300,0.0001,50,most_parsimonious,Ranked + weighted SHARK,All features mutable,α < 1,0.30512052245041466,143,1,2,True,2.0,2.0,5.544379531943589,3.555924886706979,1.0450800918760463,0.045080091876046335,True,12.978399999980184,Optimization terminated successfully
Iris,3,42,10,300,0.0001,50,most_parsimonious,Ranked + weighted SHARK,Random 25% immutable,α = 1,1.0,143,1,2,False,,,,,,,False,10.937099999978273,No feasible counterfactual found.
Iris,3,42,10,300,0.0001,50,most_parsimonious,Ranked + weighted SHARK,Random 25% immutable,α < 1,0.30512052245041466,143,1,2,False,,,,,,,False,17.47929999999087,No feasible counterfactual found.
Iris,3,42,10,300,0.0001,50,most_parsimonious,Ranked + weighted SHARK,Random 50% immutable,α = 1,1.0,143,1,2,False,,,,,,,False,5.985699999996541,No feasible counterfactual found.
Iris,3,42,10,300,0.0001,50,most_parsimonious,Ranked + weighted SHARK,Random 50% immutable,α < 1,0.30512052245041466,143,1,2,False,,,,,,,False,11.246599999992668,No feasible counterfactual found.
Iris,3,42,10,300,0.0001,50,most_parsimonious,Ranked + weighted SHARK,Random 75% immutable,α = 1,1.0,143,1,2,False,,,,,,,False,2.8052000000116095,No feasible counterfactual found.
Iris,3,42,10,300,0.0001,50,most_parsimonious,Ranked + weighted SHARK,Random 75% immutable,α < 1,0.30512052245041466,143,1,2,False,,,,,,,False,14.738800000003494,No feasible counterfactual found.
Iris,3,42,10,300,0.0001,50,most_parsimonious,Ranked + weighted SHARK,All features mutable,α = 1,1.0,101,1,2,True,2.0,2.0,1.8012676787733377,2.0268202326078804,1.534174285623336,0.534174285623336,True,3.608500000012782,Optimization terminated successfully
Iris,3,42,10,300,0.0001,50,most_parsimonious,Ranked + weighted SHARK,All features mutable,α < 1,0.30512052245041466,101,1,2,True,2.0,2.0,3.5566624603091515,2.8480488123015286,1.0917985228640599,0.09179852286405987,True,3.792700000019522,Optimization terminated successfully
Iris,3,42,10,300,0.0001,50,most_parsimonious,Ranked + weighted SHARK,Random 25% immutable,α = 1,1.0,101,1,2,True,3.0,3.0,3.2867821213506763,4.476353198695918,1.0000000000000013,1.3322676295501878e-15,True,7.077899999984538,Optimization terminated successfully
Iris,3,42,10,300,0.0001,50,most_parsimonious,Ranked + weighted SHARK,Random 25% immutable,α < 1,0.30512052245041466,101,1,2,False,,,,,,,False,6.423800000021629,No feasible counterfactual found.
Iris,3,42,10,300,0.0001,50,most_parsimonious,Ranked + weighted SHARK,Random 50% immutable,α = 1,1.0,101,1,2,False,,,,,,,False,6.854800000013483,No feasible counterfactual found.
Iris,3,42,10,300,0.0001,50,most_parsimonious,Ranked + weighted SHARK,Random 50% immutable,α < 1,0.30512052245041466,101,1,2,False,,,,,,,False,5.22229999998558,No feasible counterfactual found.
Iris,3,42,10,300,0.0001,50,most_parsimonious,Ranked + weighted SHARK,Random 75% immutable,α = 1,1.0,101,1,2,False,,,,,,,False,2.6594999999929314,No feasible counterfactual found.
Iris,3,42,10,300,0.0001,50,most_parsimonious,Ranked + weighted SHARK,Random 75% immutable,α < 1,0.30512052245041466,101,1,2,False,,,,,,,False,1.69940000000679,No feasible counterfactual found.
Iris,3,42,10,300,0.0001,50,most_parsimonious,Ranked + weighted SHARK,All features mutable,α = 1,1.0,104,1,0,True,1.0,1.0,0.5282846374993161,1.081227095833264,2.5535175552357883,1.5535175552357883,True,1.4749000000051637,Optimization terminated successfully
Iris,3,42,10,300,0.0001,50,most_parsimonious,Ranked + weighted SHARK,All features mutable,α < 1,0.8609434863422094,104,1,0,True,1.0,1.0,0.646460295193239,1.1960624553278272,2.3083513391030297,1.3083513391030297,True,1.3866000000177792,Optimization terminated successfully
Iris,3,42,10,300,0.0001,50,most_parsimonious,Ranked + weighted SHARK,Random 25% immutable,α = 1,1.0,104,1,0,True,1.0,1.0,0.5282846374993161,1.081227095833264,2.5535175552357883,1.5535175552357883,True,1.3859000000024935,Optimization terminated successfully
Iris,3,42,10,300,0.0001,50,most_parsimonious,Ranked + weighted SHARK,Random 25% immutable,α < 1,0.8609434863422094,104,1,0,True,1.0,1.0,0.646460295193239,1.1960624553278272,2.3083513391030297,1.3083513391030297,True,1.2888999999915995,Optimization terminated successfully
Iris,3,42,10,300,0.0001,50,most_parsimonious,Ranked + weighted SHARK,Random 50% immutable,α = 1,1.0,104,1,0,True,1.0,1.0,0.987577536882731,1.51896323025257,1.7969847703490807,0.7969847703490807,True,1.268799999991188,Optimization terminated successfully
Iris,3,42,10,300,0.0001,50,most_parsimonious,Ranked + weighted SHARK,Random 50% immutable,α < 1,0.8609434863422094,104,1,0,True,1.0,1.0,1.208495611459552,1.6802898278538367,1.6244541544183815,0.6244541544183815,True,1.2706999999920754,Optimization terminated successfully
Iris,3,42,10,300,0.0001,50,most_parsimonious,Ranked + weighted SHARK,Random 75% immutable,α = 1,1.0,104,1,0,False,,,,,,,False,0.9290000000135024,No feasible counterfactual found.
Iris,3,42,10,300,0.0001,50,most_parsimonious,Ranked + weighted SHARK,Random 75% immutable,α < 1,0.8609434863422094,104,1,0,False,,,,,,,False,0.9245999999905052,No feasible counterfactual found.
Iris,3,42,10,300,0.0001,50,most_parsimonious,Ranked + weighted SHARK,All features mutable,α = 1,1.0,144,1,0,True,1.0,1.0,1.042380276242412,1.5187840319978854,2.07755099736877,1.0775509973687698,True,1.2820999999973992,Optimization terminated successfully
Iris,3,42,10,300,0.0001,50,most_parsimonious,Ranked + weighted SHARK,All features mutable,α < 1,0.8609434863422094,144,1,0,True,1.0,1.0,1.205968322258606,1.633619391492447,1.9315094427119235,0.9315094427119235,True,1.2925000000052478,Optimization terminated successfully
Iris,3,42,10,300,0.0001,50,most_parsimonious,Ranked + weighted SHARK,Random 25% immutable,α = 1,1.0,144,1,0,True,1.0,1.0,1.9486300994470147,2.13366563619239,1.2526274230410237,0.2526274230410237,True,1.2733000000082484,Optimization terminated successfully
Iris,3,42,10,300,0.0001,50,most_parsimonious,Ranked + weighted SHARK,Random 25% immutable,α < 1,0.8609434863422094,144,1,0,True,1.0,1.0,2.2544422849250467,2.294992233793656,1.1645739136453925,0.16457391364539253,True,1.3156999999921482,Optimization terminated successfully
Iris,3,42,10,300,0.0001,50,most_parsimonious,Ranked + weighted SHARK,Random 50% immutable,α = 1,1.0,144,1,0,False,,,,,,,False,5.13440000000287,No feasible counterfactual found.
Iris,3,42,10,300,0.0001,50,most_parsimonious,Ranked + weighted SHARK,Random 50% immutable,α < 1,0.8609434863422094,144,1,0,False,,,,,,,False,11.413000000004558,No feasible counterfactual found.
Iris,3,42,10,300,0.0001,50,most_parsimonious,Ranked + weighted SHARK,Random 75% immutable,α = 1,1.0,144,1,0,True,1.0,1.0,1.042380276242412,1.5187840319978854,2.07755099736877,1.0775509973687698,True,1.3144000000124834,Optimization terminated successfully
Iris,3,42,10,300,0.0001,50,most_parsimonious,Ranked + weighted SHARK,Random 75% immutable,α < 1,0.8609434863422094,144,1,0,True,1.0,1.0,1.205968322258606,1.633619391492447,1.9315094427119235,0.9315094427119235,True,1.3095999999848118,Optimization terminated successfully
Iris,3,42,10,300,0.0001,50,most_parsimonious,Ranked + weighted SHARK,All features mutable,α = 1,1.0,115,1,0,True,1.0,1.0,0.4734523109945632,1.0235782530077882,2.8257784218518496,1.8257784218518496,True,1.3035999999999603,Optimization terminated successfully
Iris,3,42,10,300,0.0001,50,most_parsimonious,Ranked + weighted SHARK,All features mutable,α < 1,0.8609434863422094,115,1,0,True,1.0,1.0,0.5856448121656607,1.13841361250235,2.5407332701059473,1.5407332701059473,True,1.330400000000509,Optimization terminated successfully
Iris,3,42,10,300,0.0001,50,most_parsimonious,Ranked + weighted SHARK,Random 25% immutable,α = 1,1.0,115,1,0,True,1.0,1.0,0.4734523109945632,1.0235782530077882,2.8257784218518496,1.8257784218518496,True,1.3014000000168835,Optimization terminated successfully
Iris,3,42,10,300,0.0001,50,most_parsimonious,Ranked + weighted SHARK,Random 25% immutable,α < 1,0.8609434863422094,115,1,0,True,1.0,1.0,0.5856448121656607,1.13841361250235,2.5407332701059473,1.5407332701059473,True,1.2365000000045256,Optimization terminated successfully
Iris,3,42,10,300,0.0001,50,most_parsimonious,Ranked + weighted SHARK,Random 50% immutable,α = 1,1.0,115,1,0,False,,,,,,,False,16.964400000006208,No feasible counterfactual found.
Iris,3,42,10,300,0.0001,50,most_parsimonious,Ranked + weighted SHARK,Random 50% immutable,α < 1,0.8609434863422094,115,1,0,False,,,,,,,False,10.13969999999631,No feasible counterfactual found.
Iris,3,42,10,300,0.0001,50,most_parsimonious,Ranked + weighted SHARK,Random 75% immutable,α = 1,1.0,115,1,0,False,,,,,,,False,9.994699999992918,No feasible counterfactual found.
Iris,3,42,10,300,0.0001,50,most_parsimonious,Ranked + weighted SHARK,Random 75% immutable,α < 1,0.8609434863422094,115,1,0,False,,,,,,,False,7.30930000000285,No feasible counterfactual found.
Iris,3,42,10,300,0.0001,50,most_parsimonious,Ranked + weighted SHARK,All features mutable,α = 1,1.0,58,0,2,True,2.0,2.0,0.7747930662528223,1.3292876370065971,1.793740025807382,0.7937400258073819,True,3.663999999986345,Optimization terminated successfully
Iris,3,42,10,300,0.0001,50,most_parsimonious,Ranked + weighted SHARK,All features mutable,α < 1,0.30512052245041466,58,0,2,True,2.0,2.0,2.027837910696721,2.150516217238578,1.1087553954602347,0.10875539546023472,True,5.18699999997807,Optimization terminated successfully
Iris,3,42,10,300,0.0001,50,most_parsimonious,Ranked + weighted SHARK,Random 25% immutable,α = 1,1.0,58,0,2,True,2.0,2.0,0.7747930662528223,1.3292876370065971,1.793740025807382,0.7937400258073819,True,3.3229000000005726,Optimization terminated successfully
Iris,3,42,10,300,0.0001,50,most_parsimonious,Ranked + weighted SHARK,Random 25% immutable,α < 1,0.30512052245041466,58,0,2,True,2.0,2.0,2.027837910696721,2.150516217238578,1.1087553954602347,0.10875539546023472,True,5.94300000000203,Optimization terminated successfully
Iris,3,42,10,300,0.0001,50,most_parsimonious,Ranked + weighted SHARK,Random 50% immutable,α = 1,1.0,58,0,2,True,2.0,2.0,0.7747930662528223,1.3292876370065971,1.793740025807382,0.7937400258073819,True,3.403699999978471,Optimization terminated successfully
Iris,3,42,10,300,0.0001,50,most_parsimonious,Ranked + weighted SHARK,Random 50% immutable,α < 1,0.30512052245041466,58,0,2,True,2.0,2.0,2.027837910696721,2.150516217238578,1.1087553954602347,0.10875539546023472,True,5.387299999995321,Optimization terminated successfully
Iris,3,42,10,300,0.0001,50,most_parsimonious,Ranked + weighted SHARK,Random 75% immutable,α = 1,1.0,58,0,2,True,1.0,1.0,1.4117836289332804,1.816124972469251,1.1272161192903505,0.12721611929035048,True,1.4421999999854052,Optimization terminated successfully
Iris,3,42,10,300,0.0001,50,most_parsimonious,Ranked + weighted SHARK,Random 75% immutable,α < 1,0.30512052245041466,58,0,2,False,,,,,,,False,1.556399999998348,No feasible counterfactual found.
Iris,3,42,10,300,0.0001,50,most_parsimonious,Ranked + weighted SHARK,All features mutable,α = 1,1.0,120,1,2,True,2.0,2.0,3.1070365799759783,2.661946275907525,1.3390741890637596,0.33907418906375963,True,2.9973999999981515,Optimization terminated successfully
Iris,3,42,10,300,0.0001,50,most_parsimonious,Ranked + weighted SHARK,All features mutable,α < 1,0.30512052245041466,120,1,2,True,2.0,2.0,5.319837264798053,3.48317485522126,1.0233605044252747,0.02336050442527471,True,4.884699999990971,Optimization terminated successfully
Iris,3,42,10,300,0.0001,50,most_parsimonious,Ranked + weighted SHARK,Random 25% immutable,α = 1,1.0,120,1,2,True,2.0,2.0,3.1070365799759783,2.661946275907525,1.3390741890637596,0.33907418906375963,True,2.814700000016046,Optimization terminated successfully
Iris,3,42,10,300,0.0001,50,most_parsimonious,Ranked + weighted SHARK,Random 25% immutable,α < 1,0.30512052245041466,120,1,2,True,2.0,2.0,5.319837264798053,3.48317485522126,1.0233605044252747,0.02336050442527471,True,5.054999999998699,Optimization terminated successfully
Iris,3,42,10,300,0.0001,50,most_parsimonious,Ranked + weighted SHARK,Random 50% immutable,α = 1,1.0,120,1,2,False,,,,,,,False,7.583899999985988,No feasible counterfactual found.
Iris,3,42,10,300,0.0001,50,most_parsimonious,Ranked + weighted SHARK,Random 50% immutable,α < 1,0.30512052245041466,120,1,2,False,,,,,,,False,13.472300000017867,No feasible counterfactual found.
Iris,3,42,10,300,0.0001,50,most_parsimonious,Ranked + weighted SHARK,Random 75% immutable,α = 1,1.0,120,1,2,False,,,,,,,False,10.02330000000029,No feasible counterfactual found.
Iris,3,42,10,300,0.0001,50,most_parsimonious,Ranked + weighted SHARK,Random 75% immutable,α < 1,0.30512052245041466,120,1,2,False,,,,,,,False,5.259300000005851,No feasible counterfactual found.
Iris,3,42,10,300,0.0001,50,most_parsimonious,Ranked + weighted SHARK,All features mutable,α = 1,1.0,107,1,0,True,1.0,1.0,0.3560309765201439,0.8876194754788668,2.5180165060298596,1.5180165060298596,True,1.2819000000092728,Optimization terminated successfully
Iris,3,42,10,300,0.0001,50,most_parsimonious,Ranked + weighted SHARK,All features mutable,α < 1,0.8609434863422094,107,1,0,True,1.0,1.0,0.4541128276462799,1.0024548349734297,2.2295672706178262,1.2295672706178262,True,1.2681999999983873,Optimization terminated successfully
Iris,3,42,10,300,0.0001,50,most_parsimonious,Ranked + weighted SHARK,Random 25% immutable,α = 1,1.0,107,1,0,True,1.0,1.0,0.3560309765201439,0.8876194754788668,2.5180165060298596,1.5180165060298596,True,1.3007000000015978,Optimization terminated successfully
Iris,3,42,10,300,0.0001,50,most_parsimonious,Ranked + weighted SHARK,Random 25% immutable,α < 1,0.8609434863422094,107,1,0,True,1.0,1.0,0.4541128276462799,1.0024548349734297,2.2295672706178262,1.2295672706178262,True,1.278700000000299,Optimization terminated successfully
Iris,3,42,10,300,0.0001,50,most_parsimonious,Ranked + weighted SHARK,Random 50% immutable,α = 1,1.0,107,1,0,True,1.0,1.0,0.6655658141226415,1.2469733240170169,2.416958128439678,1.4169581284396782,True,1.268699999997125,Optimization terminated successfully
Iris,3,42,10,300,0.0001,50,most_parsimonious,Ranked + weighted SHARK,Random 50% immutable,α < 1,0.8609434863422094,107,1,0,True,1.0,1.0,0.8489204416707004,1.4082999216182814,2.1400855493672917,1.1400855493672917,True,1.3020000000096843,Optimization terminated successfully
Iris,3,42,10,300,0.0001,50,most_parsimonious,Ranked + weighted SHARK,Random 75% immutable,α = 1,1.0,107,1,0,False,,,,,,,False,2.191600000003291,No feasible counterfactual found.
Iris,3,42,10,300,0.0001,50,most_parsimonious,Ranked + weighted SHARK,Random 75% immutable,α < 1,0.8609434863422094,107,1,0,False,,,,,,,False,3.7633999999968637,No feasible counterfactual found.
Iris,3,42,10,300,0.0001,50,most_parsimonious,Ranked + weighted SHARK,All features mutable,α = 1,1.0,21,2,1,True,2.0,2.0,2.959464030412337,2.583850162032651,1.3366280285258356,0.3366280285258356,True,3.1682000000046173,Optimization terminated successfully
Iris,3,42,10,300,0.0001,50,most_parsimonious,Ranked + weighted SHARK,All features mutable,α < 1,0.9279072178473525,21,2,1,True,2.0,2.0,3.071651390249774,2.6323689225743236,1.311991855723619,0.311991855723619,True,2.789200000023584,Optimization terminated successfully
Iris,3,42,10,300,0.0001,50,most_parsimonious,Ranked + weighted SHARK,Random 25% immutable,α = 1,1.0,21,2,1,True,2.0,2.0,3.9961091471875134,3.880245812931152,1.0,0.0,False,2.773399999995263,Optimization terminated successfully
Iris,3,42,10,300,0.0001,50,most_parsimonious,Ranked + weighted SHARK,Random 25% immutable,α < 1,0.9279072178473525,21,2,1,True,2.0,2.0,4.168062830443359,4.168240438556009,1.0000000000000018,1.7763568394002505e-15,True,2.444599999989805,Optimization terminated successfully
Iris,3,42,10,300,0.0001,50,most_parsimonious,Ranked + weighted SHARK,Random 50% immutable,α = 1,1.0,21,2,1,True,2.0,2.0,3.9961091471875134,3.880245812931152,1.0,0.0,False,2.642100000002756,Optimization terminated successfully
Iris,3,42,10,300,0.0001,50,most_parsimonious,Ranked + weighted SHARK,Random 50% immutable,α < 1,0.9279072178473525,21,2,1,True,2.0,2.0,4.168062830443359,4.168240438556009,1.0000000000000018,1.7763568394002505e-15,True,2.256000000016911,Optimization terminated successfully
Iris,3,42,10,300,0.0001,50,most_parsimonious,Ranked + weighted SHARK,Random 75% immutable,α = 1,1.0,21,2,1,False,,,,,,,False,28.722399999992376,No feasible counterfactual found.
Iris,3,42,10,300,0.0001,50,most_parsimonious,Ranked + weighted SHARK,Random 75% immutable,α < 1,0.9279072178473525,21,2,1,False,,,,,,,False,18.62180000000535,No feasible counterfactual found.
Iris,3,42,10,300,0.0001,50,most_parsimonious,Ranked + weighted SHARK,All features mutable,α = 1,1.0,99,0,2,True,1.0,1.0,1.0601493907462443,1.5316744360110874,1.0300332780516968,0.030033278051696755,True,1.2899000000174965,Optimization terminated successfully
Iris,3,42,10,300,0.0001,50,most_parsimonious,Ranked + weighted SHARK,All features mutable,α < 1,0.30512052245041466,99,0,2,True,2.0,2.0,1.5262524837951674,1.8656891879279045,1.2601680704375986,0.2601680704375986,True,2.714099999991504,Optimization terminated successfully
Iris,3,42,10,300,0.0001,50,most_parsimonious,Ranked + weighted SHARK,Random 25% immutable,α = 1,1.0,99,0,2,True,1.0,1.0,1.0601493907462443,1.5316744360110874,1.0300332780516968,0.030033278051696755,True,1.2710999999967498,Optimization terminated successfully
Iris,3,42,10,300,0.0001,50,most_parsimonious,Ranked + weighted SHARK,Random 25% immutable,α < 1,0.30512052245041466,99,0,2,True,2.0,2.0,1.5262524837951674,1.8656891879279045,1.2601680704375986,0.2601680704375986,True,2.8327999999930853,Optimization terminated successfully
Iris,3,42,10,300,0.0001,50,most_parsimonious,Ranked + weighted SHARK,Random 50% immutable,α = 1,1.0,99,0,2,True,1.0,1.0,1.0601493907462443,1.5316744360110874,1.0300332780516968,0.030033278051696755,True,1.282000000003336,Optimization terminated successfully
Iris,3,42,10,300,0.0001,50,most_parsimonious,Ranked + weighted SHARK,Random 50% immutable,α < 1,0.30512052245041466,99,0,2,False,,,,,,,False,8.905199999986735,No feasible counterfactual found.
Iris,3,42,10,300,0.0001,50,most_parsimonious,Ranked + weighted SHARK,Random 75% immutable,α = 1,1.0,99,0,2,False,,,,,,,False,1.381500000007918,No feasible counterfactual found.
Iris,3,42,10,300,0.0001,50,most_parsimonious,Ranked + weighted SHARK,Random 75% immutable,α < 1,0.30512052245041466,99,0,2,False,,,,,,,False,1.2488000000132615,No feasible counterfactual found.
Iris,3,42,10,300,0.0001,50,most_parsimonious,Ranked + weighted SHARK,All features mutable,α = 1,1.0,74,0,1,True,1.0,1.0,0.24956094864779435,0.7431410364229634,2.1229828026002595,1.1229828026002595,True,1.2379000000066753,Optimization terminated successfully
Iris,3,42,10,300,0.0001,50,most_parsimonious,Ranked + weighted SHARK,All features mutable,α < 1,0.9279072178473525,74,0,1,True,1.0,1.0,0.2911489899470536,0.8026765471135022,1.9655185465502252,0.9655185465502252,True,1.2132999999892036,Optimization terminated successfully
Iris,3,42,10,300,0.0001,50,most_parsimonious,Ranked + weighted SHARK,Random 25% immutable,α = 1,1.0,74,0,1,True,1.0,1.0,0.4665302934689736,1.044002609228302,1.4161921537853568,0.4161921537853568,True,1.2224999999830288,Optimization terminated successfully
Iris,3,42,10,300,0.0001,50,most_parsimonious,Ranked + weighted SHARK,Random 25% immutable,α < 1,0.9279072178473525,74,0,1,True,1.0,1.0,0.5442751538618771,1.127641145463416,1.311151432943636,0.311151432943636,True,1.365800000002082,Optimization terminated successfully
Iris,3,42,10,300,0.0001,50,most_parsimonious,Ranked + weighted SHARK,Random 50% immutable,α = 1,1.0,74,0,1,True,1.0,1.0,0.24956094864779435,0.7431410364229634,2.1229828026002595,1.1229828026002595,True,1.2705999999980122,Optimization terminated successfully
Iris,3,42,10,300,0.0001,50,most_parsimonious,Ranked + weighted SHARK,Random 50% immutable,α < 1,0.9279072178473525,74,0,1,True,1.0,1.0,0.2911489899470536,0.8026765471135022,1.9655185465502252,0.9655185465502252,True,1.2541999999768905,Optimization terminated successfully
Iris,3,42,10,300,0.0001,50,most_parsimonious,Ranked + weighted SHARK,Random 75% immutable,α = 1,1.0,74,0,1,False,,,,,,,False,1.6023000000018328,No feasible counterfactual found.
Iris,3,42,10,300,0.0001,50,most_parsimonious,Ranked + weighted SHARK,Random 75% immutable,α < 1,0.9279072178473525,74,0,1,False,,,,,,,False,3.8806000000022323,No feasible counterfactual found.
Iris,3,42,10,300,0.0001,50,most_parsimonious,Ranked + weighted SHARK,All features mutable,α = 1,1.0,105,1,2,True,2.0,2.0,3.857773466606033,2.9661592468904545,1.339777709546643,0.339777709546643,True,2.805499999993799,Optimization terminated successfully
Iris,3,42,10,300,0.0001,50,most_parsimonious,Ranked + weighted SHARK,All features mutable,α < 1,0.30512052245041466,105,1,2,True,2.0,2.0,6.289662647335357,3.7873878277531663,1.04927044027904,0.04927044027904004,True,5.919900000009193,Optimization terminated successfully
Iris,3,42,10,300,0.0001,50,most_parsimonious,Ranked + weighted SHARK,Random 25% immutable,α = 1,1.0,105,1,2,False,,,,,,,False,33.300700000012284,No feasible counterfactual found.
Iris,3,42,10,300,0.0001,50,most_parsimonious,Ranked + weighted SHARK,Random 25% immutable,α < 1,0.30512052245041466,105,1,2,False,,,,,,,False,37.73029999999267,No feasible counterfactual found.
Iris,3,42,10,300,0.0001,50,most_parsimonious,Ranked + weighted SHARK,Random 50% immutable,α = 1,1.0,105,1,2,False,,,,,,,False,11.184000000014294,No feasible counterfactual found.
Iris,3,42,10,300,0.0001,50,most_parsimonious,Ranked + weighted SHARK,Random 50% immutable,α < 1,0.30512052245041466,105,1,2,False,,,,,,,False,17.57810000000859,No feasible counterfactual found.
Iris,3,42,10,300,0.0001,50,most_parsimonious,Ranked + weighted SHARK,Random 75% immutable,α = 1,1.0,105,1,2,False,,,,,,,False,0.9154999999907432,No feasible counterfactual found.
Iris,3,42,10,300,0.0001,50,most_parsimonious,Ranked + weighted SHARK,Random 75% immutable,α < 1,0.30512052245041466,105,1,2,False,,,,,,,False,4.363600000004908,No feasible counterfactual found.
Iris,3,42,10,300,0.0001,50,most_parsimonious,Ranked + weighted SHARK,All features mutable,α = 1,1.0,23,2,0,True,1.0,1.0,0.6587244020377717,1.2073545019922225,2.1778685514889577,1.1778685514889577,True,1.7594999999914762,Optimization terminated successfully
Iris,3,42,10,300,0.0001,50,most_parsimonious,Ranked + weighted SHARK,All features mutable,α < 1,0.8609434863422094,23,2,0,True,1.0,1.0,0.9479490008527689,1.4483563124149796,1.8154782617014529,0.8154782617014529,True,1.322099999981674,Optimization terminated successfully
Iris,3,42,10,300,0.0001,50,most_parsimonious,Ranked + weighted SHARK,Random 25% immutable,α = 1,1.0,23,2,0,True,1.0,1.0,0.6587244020377717,1.2073545019922225,2.1778685514889577,1.1778685514889577,True,1.3714000000106807,Optimization terminated successfully
Iris,3,42,10,300,0.0001,50,most_parsimonious,Ranked + weighted SHARK,Random 25% immutable,α < 1,0.8609434863422094,23,2,0,True,1.0,1.0,0.9479490008527689,1.4483563124149796,1.8154782617014529,0.8154782617014529,True,1.3462000000004082,Optimization terminated successfully
Iris,3,42,10,300,0.0001,50,most_parsimonious,Ranked + weighted SHARK,Random 50% immutable,α = 1,1.0,23,2,0,True,1.0,1.0,0.6587244020377717,1.2073545019922225,2.1778685514889577,1.1778685514889577,True,1.270600000026434,Optimization terminated successfully
Iris,3,42,10,300,0.0001,50,most_parsimonious,Ranked + weighted SHARK,Random 50% immutable,α < 1,0.8609434863422094,23,2,0,True,1.0,1.0,0.9479490008527689,1.4483563124149796,1.8154782617014529,0.8154782617014529,True,1.59260000000927,Optimization terminated successfully
Iris,3,42,10,300,0.0001,50,most_parsimonious,Ranked + weighted SHARK,Random 75% immutable,α = 1,1.0,23,2,0,True,1.0,1.0,0.6587244020377717,1.2073545019922225,2.1778685514889577,1.1778685514889577,True,1.4439999999922293,Optimization terminated successfully
Iris,3,42,10,300,0.0001,50,most_parsimonious,Ranked + weighted SHARK,Random 75% immutable,α < 1,0.8609434863422094,23,2,0,True,1.0,1.0,0.9479490008527689,1.4483563124149796,1.8154782617014529,0.8154782617014529,True,1.4061000000253898,Optimization terminated successfully
Iris,3,42,10,300,0.0001,50,most_parsimonious,Ranked + weighted SHARK,All features mutable,α = 1,1.0,75,0,1,True,1.0,1.0,0.12174363940083165,0.5190462648090601,2.786269294790361,1.786269294790361,True,1.5593999999907737,Optimization terminated successfully
Iris,3,42,10,300,0.0001,50,most_parsimonious,Ranked + weighted SHARK,All features mutable,α < 1,0.9279072178473525,75,0,1,True,1.0,1.0,0.15127377332979744,0.5785817754995997,2.499564852287871,1.4995648522878708,True,1.3768999999967946,Optimization terminated successfully
Iris,3,42,10,300,0.0001,50,most_parsimonious,Ranked + weighted SHARK,Random 25% immutable,α = 1,1.0,75,0,1,True,1.0,1.0,0.12174363940083165,0.5190462648090601,2.786269294790361,1.786269294790361,True,1.8306999999992968,Optimization terminated successfully
Iris,3,42,10,300,0.0001,50,most_parsimonious,Ranked + weighted SHARK,Random 25% immutable,α < 1,0.9279072178473525,75,0,1,True,1.0,1.0,0.15127377332979744,0.5785817754995997,2.499564852287871,1.4995648522878708,True,1.4740999999958149,Optimization terminated successfully
Iris,3,42,10,300,0.0001,50,most_parsimonious,Ranked + weighted SHARK,Random 50% immutable,α = 1,1.0,75,0,1,True,1.0,1.0,0.12174363940083165,0.5190462648090601,2.786269294790361,1.786269294790361,True,1.3907999999958065,Optimization terminated successfully
Iris,3,42,10,300,0.0001,50,most_parsimonious,Ranked + weighted SHARK,Random 50% immutable,α < 1,0.9279072178473525,75,0,1,True,1.0,1.0,0.15127377332979744,0.5785817754995997,2.499564852287871,1.4995648522878708,True,1.3855999999918822,Optimization terminated successfully
Iris,3,42,10,300,0.0001,50,most_parsimonious,Ranked + weighted SHARK,Random 75% immutable,α = 1,1.0,75,0,1,False,,,,,,,False,1.7751999999973123,No feasible counterfactual found.
Iris,3,42,10,300,0.0001,50,most_parsimonious,Ranked + weighted SHARK,Random 75% immutable,α < 1,0.9279072178473525,75,0,1,False,,,,,,,False,5.595200000016121,No feasible counterfactual found.
Iris,3,42,10,300,0.0001,50,most_parsimonious,Ranked + weighted SHARK,All features mutable,α = 1,1.0,119,0,1,True,1.0,1.0,0.06519025108579213,0.3798168754781035,3.4614831121939744,2.4614831121939744,True,1.2839999999982865,Optimization terminated successfully
Iris,3,42,10,300,0.0001,50,most_parsimonious,Ranked + weighted SHARK,All features mutable,α < 1,0.9279072178473525,119,0,1,True,1.0,1.0,0.0872288444148382,0.4393523861686428,2.9924264476148443,1.9924264476148443,True,1.2868000000025859,Optimization terminated successfully
Iris,3,42,10,300,0.0001,50,most_parsimonious,Ranked + weighted SHARK,Random 25% immutable,α = 1,1.0,119,0,1,True,1.0,1.0,0.06519025108579213,0.3798168754781035,3.4614831121939744,2.4614831121939744,True,1.0888999999849602,Optimization terminated successfully
Iris,3,42,10,300,0.0001,50,most_parsimonious,Ranked + weighted SHARK,Random 25% immutable,α < 1,0.9279072178473525,119,0,1,True,1.0,1.0,0.0872288444148382,0.4393523861686428,2.9924264476148443,1.9924264476148443,True,1.09140000000707,Optimization terminated successfully
Iris,3,42,10,300,0.0001,50,most_parsimonious,Ranked + weighted SHARK,Random 50% immutable,α = 1,1.0,119,0,1,True,1.0,1.0,0.12186693124529219,0.5335862098757704,2.0248806205980183,1.0248806205980183,True,1.3855999999918822,Optimization terminated successfully
Iris,3,42,10,300,0.0001,50,most_parsimonious,Ranked + weighted SHARK,Random 50% immutable,α < 1,0.9279072178473525,119,0,1,True,1.0,1.0,0.16306597087530186,0.6172247461108853,1.7504942609700398,0.7504942609700398,True,1.415300000019215,Optimization terminated successfully
Iris,3,42,10,300,0.0001,50,most_parsimonious,Ranked + weighted SHARK,Random 75% immutable,α = 1,1.0,119,0,1,False,,,,,,,False,2.0015999999998257,No feasible counterfactual found.
Iris,3,42,10,300,0.0001,50,most_parsimonious,Ranked + weighted SHARK,Random 75% immutable,α < 1,0.9279072178473525,119,0,1,False,,,,,,,False,5.700999999987744,No feasible counterfactual found.
Iris,3,42,10,300,0.0001,50,most_parsimonious,Ranked + weighted SHARK,All features mutable,α = 1,1.0,132,1,2,True,2.0,2.0,2.849240574273203,2.549122246542037,1.3685895999028872,0.3685895999028872,True,5.719600000020364,Optimization terminated successfully
Iris,3,42,10,300,0.0001,50,most_parsimonious,Ranked + weighted SHARK,All features mutable,α < 1,0.30512052245041466,132,1,2,True,2.0,2.0,4.980787502298979,3.370350823402318,1.035115479312281,0.035115479312280984,True,4.984699999994291,Optimization terminated successfully
Iris,3,42,10,300,0.0001,50,most_parsimonious,Ranked + weighted SHARK,Random 25% immutable,α = 1,1.0,132,1,2,True,2.0,2.0,2.849240574273203,2.549122246542037,1.3685895999028872,0.3685895999028872,True,6.157799999982672,Optimization terminated successfully
Iris,3,42,10,300,0.0001,50,most_parsimonious,Ranked + weighted SHARK,Random 25% immutable,α < 1,0.30512052245041466,132,1,2,True,2.0,2.0,4.980787502298979,3.370350823402318,1.035115479312281,0.035115479312280984,True,4.6079999999903976,Optimization terminated successfully
Iris,3,42,10,300,0.0001,50,most_parsimonious,Ranked + weighted SHARK,Random 50% immutable,α = 1,1.0,132,1,2,False,,,,,,,False,28.683300000011513,No feasible counterfactual found.
Iris,3,42,10,300,0.0001,50,most_parsimonious,Ranked + weighted SHARK,Random 50% immutable,α < 1,0.30512052245041466,132,1,2,False,,,,,,,False,7.091000000002623,No feasible counterfactual found.
Iris,3,42,10,300,0.0001,50,most_parsimonious,Ranked + weighted SHARK,Random 75% immutable,α = 1,1.0,132,1,2,False,,,,,,,False,1.584299999990435,No feasible counterfactual found.
Iris,3,42,10,300,0.0001,50,most_parsimonious,Ranked + weighted SHARK,Random 75% immutable,α < 1,0.30512052245041466,132,1,2,False,,,,,,,False,0.990999999999076,No feasible counterfactual found.
Iris,3,42,10,300,0.0001,50,most_parsimonious,Ranked + weighted SHARK,All features mutable,α = 1,1.0,45,2,0,True,1.0,1.0,1.1882564302786636,1.6215786453614058,1.78369723152193,0.7836972315219299,True,1.4295000000004165,Optimization terminated successfully
Iris,3,42,10,300,0.0001,50,most_parsimonious,Ranked + weighted SHARK,All features mutable,α < 1,0.8609434863422094,45,2,0,True,1.0,1.0,1.5677045662615656,1.862580455784163,1.5529022284347405,0.5529022284347405,True,1.7819999999915126,Optimization terminated successfully
Iris,3,42,10,300,0.0001,50,most_parsimonious,Ranked + weighted SHARK,Random 25% immutable,α = 1,1.0,45,2,0,True,1.0,1.0,1.1882564302786636,1.6215786453614058,1.78369723152193,0.7836972315219299,True,1.4280999999982669,Optimization terminated successfully
Iris,3,42,10,300,0.0001,50,most_parsimonious,Ranked + weighted SHARK,Random 25% immutable,α < 1,0.8609434863422094,45,2,0,True,1.0,1.0,1.5677045662615656,1.862580455784163,1.5529022284347405,0.5529022284347405,True,1.5503999999850748,Optimization terminated successfully
Iris,3,42,10,300,0.0001,50,most_parsimonious,Ranked + weighted SHARK,Random 50% immutable,α = 1,1.0,45,2,0,True,1.0,1.0,1.1882564302786636,1.6215786453614058,1.78369723152193,0.7836972315219299,True,1.3705000000072687,Optimization terminated successfully
Iris,3,42,10,300,0.0001,50,most_parsimonious,Ranked + weighted SHARK,Random 50% immutable,α < 1,0.8609434863422094,45,2,0,True,1.0,1.0,1.5677045662615656,1.862580455784163,1.5529022284347405,0.5529022284347405,True,1.6857999999899675,Optimization terminated successfully
Iris,3,42,10,300,0.0001,50,most_parsimonious,Ranked + weighted SHARK,Random 75% immutable,α = 1,1.0,45,2,0,True,1.0,1.0,0.9769165020887712,1.5107422753940418,2.0702496847737404,1.0702496847737404,True,1.5530000000012478,Optimization terminated successfully
Iris,3,42,10,300,0.0001,50,most_parsimonious,Ranked + weighted SHARK,Random 75% immutable,α < 1,0.8609434863422094,45,2,0,True,1.0,1.0,1.288877065720303,1.7352713936663262,1.8023772712582873,0.8023772712582873,True,1.4596999999980653,Optimization terminated successfully
Iris,3,42,10,300,0.0001,50,most_parsimonious,Ranked + weighted SHARK,All features mutable,α = 1,1.0,12,2,1,True,2.0,2.0,4.184808715618042,3.0725474451766024,1.284609803172419,0.2846098031724189,True,9.68059999999582,Optimization terminated successfully
Iris,3,42,10,300,0.0001,50,most_parsimonious,Ranked + weighted SHARK,All features mutable,α < 1,0.9279072178473525,12,2,1,True,2.0,2.0,4.318017300570259,3.121066205334393,1.2646398172046205,0.2646398172046205,True,18.920500000007223,Optimization terminated successfully
Iris,3,42,10,300,0.0001,50,most_parsimonious,Ranked + weighted SHARK,Random 25% immutable,α = 1,1.0,12,2,1,False,,,,,,,False,20.319999999998117,No feasible counterfactual found.
Iris,3,42,10,300,0.0001,50,most_parsimonious,Ranked + weighted SHARK,Random 25% immutable,α < 1,0.9279072178473525,12,2,1,False,,,,,,,False,22.433800000015935,No feasible counterfactual found.
Iris,3,42,10,300,0.0001,50,most_parsimonious,Ranked + weighted SHARK,Random 50% immutable,α = 1,1.0,12,2,1,False,,,,,,,False,14.737199999984796,No feasible counterfactual found.
Iris,3,42,10,300,0.0001,50,most_parsimonious,Ranked + weighted SHARK,Random 50% immutable,α < 1,0.9279072178473525,12,2,1,False,,,,,,,False,17.1478000000036,No feasible counterfactual found.
Iris,3,42,10,300,0.0001,50,most_parsimonious,Ranked + weighted SHARK,Random 75% immutable,α = 1,1.0,12,2,1,False,,,,,,,False,1.9132999999840195,No feasible counterfactual found.
Iris,3,42,10,300,0.0001,50,most_parsimonious,Ranked + weighted SHARK,Random 75% immutable,α < 1,0.9279072178473525,12,2,1,False,,,,,,,False,4.432499999978745,No feasible counterfactual found.
Iris,3,42,10,300,0.0001,50,most_parsimonious,Ranked + weighted SHARK,All features mutable,α = 1,1.0,91,0,2,True,2.0,2.0,0.7976342971098742,1.3487393014844569,1.9151930608825296,0.9151930608825296,True,4.2473000000029515,Optimization terminated successfully
Iris,3,42,10,300,0.0001,50,most_parsimonious,Ranked + weighted SHARK,All features mutable,α < 1,0.30512052245041466,91,0,2,True,2.0,2.0,2.064687866783475,2.1699678805513543,1.1903844888475827,0.19038448884758274,True,3.032400000023472,Optimization terminated successfully
Iris,3,42,10,300,0.0001,50,most_parsimonious,Ranked + weighted SHARK,Random 25% immutable,α = 1,1.0,91,0,2,True,1.0,1.0,1.4534036139244113,1.8427006002431285,1.110959286247032,0.11095928624703211,True,1.4310999999906926,Optimization terminated successfully
Iris,3,42,10,300,0.0001,50,most_parsimonious,Ranked + weighted SHARK,Random 25% immutable,α < 1,0.30512052245041466,91,0,2,False,,,,,,,False,24.64330000000814,No feasible counterfactual found.
Iris,3,42,10,300,0.0001,50,most_parsimonious,Ranked + weighted SHARK,Random 50% immutable,α = 1,1.0,91,0,2,True,2.0,2.0,0.7976342971098742,1.3487393014844569,1.9151930608825296,0.9151930608825296,True,3.9580000000114524,Optimization terminated successfully
Iris,3,42,10,300,0.0001,50,most_parsimonious,Ranked + weighted SHARK,Random 50% immutable,α < 1,0.30512052245041466,91,0,2,True,2.0,2.0,2.064687866783475,2.1699678805513543,1.1903844888475827,0.19038448884758274,True,3.815199999991137,Optimization terminated successfully
Iris,3,42,10,300,0.0001,50,most_parsimonious,Ranked + weighted SHARK,Random 75% immutable,α = 1,1.0,91,0,2,False,,,,,,,False,6.857000000024982,No feasible counterfactual found.
Iris,3,42,10,300,0.0001,50,most_parsimonious,Ranked + weighted SHARK,Random 75% immutable,α < 1,0.30512052245041466,91,0,2,False,,,,,,,False,6.0294999999825905,No feasible counterfactual found.
Iris,3,42,10,300,0.0001,50,most_parsimonious,Ranked + weighted SHARK,All features mutable,α = 1,1.0,114,1,2,True,2.0,2.0,2.647784206087025,2.4573521442264084,1.2653845801133488,0.26538458011334876,True,12.259199999988368,Optimization terminated successfully
Iris,3,42,10,300,0.0001,50,most_parsimonious,Ranked + weighted SHARK,All features mutable,α < 1,0.30512052245041466,114,1,2,True,2.0,2.0,4.728487992249551,3.278837090741907,1.000000000000002,1.9984014443252818e-15,True,7.330899999999474,Optimization terminated successfully
Iris,3,42,10,300,0.0001,50,most_parsimonious,Ranked + weighted SHARK,Random 25% immutable,α = 1,1.0,114,1,2,True,2.0,2.0,2.647784206087025,2.4573521442264084,1.2653845801133488,0.26538458011334876,True,12.199000000009619,Optimization terminated successfully
Iris,3,42,10,300,0.0001,50,most_parsimonious,Ranked + weighted SHARK,Random 25% immutable,α < 1,0.30512052245041466,114,1,2,True,2.0,2.0,4.728487992249551,3.278837090741907,1.000000000000002,1.9984014443252818e-15,True,7.910100000003695,Optimization terminated successfully
Iris,3,42,10,300,0.0001,50,most_parsimonious,Ranked + weighted SHARK,Random 50% immutable,α = 1,1.0,114,1,2,False,,,,,,,False,18.57889999999429,No feasible counterfactual found.
Iris,3,42,10,300,0.0001,50,most_parsimonious,Ranked + weighted SHARK,Random 50% immutable,α < 1,0.30512052245041466,114,1,2,False,,,,,,,False,15.724799999986772,No feasible counterfactual found.
Iris,3,42,10,300,0.0001,50,most_parsimonious,Ranked + weighted SHARK,Random 75% immutable,α = 1,1.0,114,1,2,False,,,,,,,False,11.90070000001242,No feasible counterfactual found.
Iris,3,42,10,300,0.0001,50,most_parsimonious,Ranked + weighted SHARK,Random 75% immutable,α < 1,0.30512052245041466,114,1,2,False,,,,,,,False,5.7537000000138505,No feasible counterfactual found.
Iris,3,42,10,300,0.0001,50,most_parsimonious,Ranked + weighted SHARK,All features mutable,α = 1,1.0,88,0,1,True,1.0,1.0,0.41126590021483206,0.9539910071147402,1.6537636397684943,0.6537636397684943,True,1.3663000000008196,Optimization terminated successfully
Iris,3,42,10,300,0.0001,50,most_parsimonious,Ranked + weighted SHARK,All features mutable,α < 1,0.9279072178473525,88,0,1,True,1.0,1.0,0.46419918351737616,1.0135265178052788,1.5566199921920456,0.5566199921920456,True,1.3778999999942698,Optimization terminated successfully
Iris,3,42,10,300,0.0001,50,most_parsimonious,Ranked + weighted SHARK,Random 25% immutable,α = 1,1.0,88,0,1,True,1.0,1.0,0.7688222142150551,1.3402154527788201,1.188047569812522,0.1880475698125219,True,1.3430999999854976,Optimization terminated successfully
Iris,3,42,10,300,0.0001,50,most_parsimonious,Ranked + weighted SHARK,Random 25% immutable,α < 1,0.9279072178473525,88,0,1,True,1.0,1.0,0.8677759180185491,1.4238539890139357,1.1182605267003134,0.1182605267003134,True,1.4299999999991542,Optimization terminated successfully
Iris,3,42,10,300,0.0001,50,most_parsimonious,Ranked + weighted SHARK,Random 50% immutable,α = 1,1.0,88,0,1,True,1.0,1.0,0.41126590021483206,0.9539910071147402,1.6537636397684943,0.6537636397684943,True,1.4303000000097654,Optimization terminated successfully
Iris,3,42,10,300,0.0001,50,most_parsimonious,Ranked + weighted SHARK,Random 50% immutable,α < 1,0.9279072178473525,88,0,1,True,1.0,1.0,0.46419918351737616,1.0135265178052788,1.5566199921920456,0.5566199921920456,True,1.3584000000150809,Optimization terminated successfully
Iris,3,42,10,300,0.0001,50,most_parsimonious,Ranked + weighted SHARK,Random 75% immutable,α = 1,1.0,88,0,1,True,1.0,1.0,0.41126590021483206,0.9539910071147402,1.6537636397684943,0.6537636397684943,True,1.340199999987135,Optimization terminated successfully
Iris,3,42,10,300,0.0001,50,most_parsimonious,Ranked + weighted SHARK,Random 75% immutable,α < 1,0.9279072178473525,88,0,1,True,1.0,1.0,0.46419918351737616,1.0135265178052788,1.5566199921920456,0.5566199921920456,True,1.387400000027128,Optimization terminated successfully
Iris,3,42,10,300,0.0001,50,most_parsimonious,Ranked + weighted SHARK,All features mutable,α = 1,1.0,67,0,1,True,1.0,1.0,0.8348489994123165,1.35921104632114,1.4509112147287977,0.4509112147287977,True,1.4046000000007552,Optimization terminated successfully
Iris,3,42,10,300,0.0001,50,most_parsimonious,Ranked + weighted SHARK,All features mutable,α < 1,0.9279072178473525,67,0,1,True,1.0,1.0,0.9095860296838263,1.418746557011679,1.3900259637947239,0.3900259637947239,True,1.4220999999849937,Optimization terminated successfully
Iris,3,42,10,300,0.0001,50,most_parsimonious,Ranked + weighted SHARK,Random 25% immutable,α = 1,1.0,67,0,1,True,1.0,1.0,0.8348489994123165,1.35921104632114,1.4509112147287977,0.4509112147287977,True,1.371700000021292,Optimization terminated successfully
Iris,3,42,10,300,0.0001,50,most_parsimonious,Ranked + weighted SHARK,Random 25% immutable,α < 1,0.9279072178473525,67,0,1,True,1.0,1.0,0.9095860296838263,1.418746557011679,1.3900259637947239,0.3900259637947239,True,1.4328000000034535,Optimization terminated successfully
Iris,3,42,10,300,0.0001,50,most_parsimonious,Ranked + weighted SHARK,Random 50% immutable,α = 1,1.0,67,0,1,True,2.0,2.0,1.2415610998692352,2.3936502294316844,1.048176145415972,0.04817614541597193,True,6.34220000000596,Optimization terminated successfully
Iris,3,42,10,300,0.0001,50,most_parsimonious,Ranked + weighted SHARK,Random 50% immutable,α < 1,0.9279072178473525,67,0,1,True,2.0,2.0,1.3527076539237282,2.498495830927118,1.0041910675141548,0.004191067514154767,True,4.527300000006562,Optimization terminated successfully
Iris,3,42,10,300,0.0001,50,most_parsimonious,Ranked + weighted SHARK,Random 75% immutable,α = 1,1.0,67,0,1,False,,,,,,,False,4.7147999999879175,No feasible counterfactual found.
Iris,3,42,10,300,0.0001,50,most_parsimonious,Ranked + weighted SHARK,Random 75% immutable,α < 1,0.9279072178473525,67,0,1,False,,,,,,,False,1.0466999999891868,No feasible counterfactual found.
Iris,3,42,10,300,0.0001,50,most_parsimonious,Ranked + weighted SHARK,All features mutable,α = 1,1.0,83,0,1,True,1.0,1.0,0.007541482763330921,0.12918476552320768,9.159413847152083,8.159413847152083,True,1.1642000000051667,Optimization terminated successfully
Iris,3,42,10,300,0.0001,50,most_parsimonious,Ranked + weighted SHARK,All features mutable,α < 1,0.9279072178473525,83,0,1,True,1.0,1.0,0.016094269375256837,0.18872027594048024,6.269897202500626,5.269897202500626,True,1.0968999999931839,Optimization terminated successfully
Iris,3,42,10,300,0.0001,50,most_parsimonious,Ranked + weighted SHARK,Random 25% immutable,α = 1,1.0,83,0,1,True,1.0,1.0,0.014098079640805474,0.1814853775392008,5.640028335536008,4.640028335536008,True,0.9853000000248358,Optimization terminated successfully
Iris,3,42,10,300,0.0001,50,most_parsimonious,Ranked + weighted SHARK,Random 25% immutable,α < 1,0.9279072178473525,83,0,1,True,1.0,1.0,0.030086695552401347,0.26512391557441417,3.8607708006607444,2.8607708006607444,True,1.0310000000117725,Optimization terminated successfully
Iris,3,42,10,300,0.0001,50,most_parsimonious,Ranked + weighted SHARK,Random 50% immutable,α = 1,1.0,83,0,1,True,1.0,1.0,0.05485153764152116,0.8598802157722862,2.677337489805722,1.6773374898057218,True,0.9763999999847783,Optimization terminated successfully
Iris,3,42,10,300,0.0001,50,most_parsimonious,Ranked + weighted SHARK,Random 50% immutable,α < 1,0.9279072178473525,83,0,1,True,1.0,1.0,0.11705860058636403,1.2561607445525027,1.8327189003581799,0.8327189003581799,True,1.0512000000062471,Optimization terminated successfully
Iris,3,42,10,300,0.0001,50,most_parsimonious,Ranked + weighted SHARK,Random 75% immutable,α = 1,1.0,83,0,1,True,1.0,1.0,0.16561278658194356,1.8996785496113286,2.0707979294969476,1.0707979294969476,True,1.3438000000007833,Optimization terminated successfully
Iris,3,42,10,300,0.0001,50,most_parsimonious,Ranked + weighted SHARK,Random 75% immutable,α < 1,0.9279072178473525,83,0,1,True,1.0,1.0,0.35343405042265974,2.7751558678678427,1.417524130011223,0.4175241300112229,True,1.3418000000058328,Optimization terminated successfully
Iris,3,42,10,300,0.0001,50,most_parsimonious,Ranked + weighted SHARK,All features mutable,α = 1,1.0,59,0,2,True,1.0,1.0,1.003414367350314,1.4901263261137812,1.146982360018618,0.14698236001861797,True,1.3950000000022555,Optimization terminated successfully
Iris,3,42,10,300,0.0001,50,most_parsimonious,Ranked + weighted SHARK,All features mutable,α < 1,0.30512052245041466,59,0,2,True,2.0,2.0,1.4802497309553448,1.8373572122242452,1.1970449688445373,0.19704496884453726,True,4.440200000004779,Optimization terminated successfully
Iris,3,42,10,300,0.0001,50,most_parsimonious,Ranked + weighted SHARK,Random 25% immutable,α = 1,1.0,59,0,2,True,1.0,1.0,1.003414367350314,1.4901263261137812,1.146982360018618,0.14698236001861797,True,1.3884000000246033,Optimization terminated successfully
Iris,3,42,10,300,0.0001,50,most_parsimonious,Ranked + weighted SHARK,Random 25% immutable,α < 1,0.30512052245041466,59,0,2,True,2.0,2.0,1.4802497309553448,1.8373572122242452,1.1970449688445373,0.19704496884453726,True,4.711100000008628,Optimization terminated successfully
Iris,3,42,10,300,0.0001,50,most_parsimonious,Ranked + weighted SHARK,Random 50% immutable,α = 1,1.0,59,0,2,True,1.0,1.0,0.8249499257223515,1.3882748412957617,1.1878810784679399,0.1878810784679399,True,1.3338999999916723,Optimization terminated successfully
Iris,3,42,10,300,0.0001,50,most_parsimonious,Ranked + weighted SHARK,Random 50% immutable,α < 1,0.30512052245041466,59,0,2,False,,,,,,,False,16.34999999998854,No feasible counterfactual found.
Iris,3,42,10,300,0.0001,50,most_parsimonious,Ranked + weighted SHARK,Random 75% immutable,α = 1,1.0,59,0,2,True,1.0,1.0,1.003414367350314,1.4901263261137812,1.146982360018618,0.14698236001861797,True,1.441400000004478,Optimization terminated successfully
Iris,3,42,10,300,0.0001,50,most_parsimonious,Ranked + weighted SHARK,Random 75% immutable,α < 1,0.30512052245041466,59,0,2,False,,,,,,,False,2.809700000000248,No feasible counterfactual found.
Iris,3,42,10,300,0.0001,50,most_parsimonious,Ranked + weighted SHARK,All features mutable,α = 1,1.0,109,1,2,True,2.0,2.0,3.863345890721689,2.9683007334951075,1.3030717977506747,0.3030717977506747,True,14.409399999976813,Optimization terminated successfully
Iris,3,42,10,300,0.0001,50,most_parsimonious,Ranked + weighted SHARK,All features mutable,α < 1,0.30512052245041466,109,1,2,True,2.0,2.0,6.296777329758985,3.789529313897275,1.020683214706382,0.020683214706382014,True,2.979100000004564,Optimization terminated successfully
Iris,3,42,10,300,0.0001,50,most_parsimonious,Ranked + weighted SHARK,Random 25% immutable,α = 1,1.0,109,1,2,False,,,,,,,False,10.355199999992237,No feasible counterfactual found.
Iris,3,42,10,300,0.0001,50,most_parsimonious,Ranked + weighted SHARK,Random 25% immutable,α < 1,0.30512052245041466,109,1,2,False,,,,,,,False,10.35980000000336,No feasible counterfactual found.
Iris,3,42,10,300,0.0001,50,most_parsimonious,Ranked + weighted SHARK,Random 50% immutable,α = 1,1.0,109,1,2,False,,,,,,,False,8.143300000000409,No feasible counterfactual found.
Iris,3,42,10,300,0.0001,50,most_parsimonious,Ranked + weighted SHARK,Random 50% immutable,α < 1,0.30512052245041466,109,1,2,False,,,,,,,False,10.411299999987023,No feasible counterfactual found.
Iris,3,42,10,300,0.0001,50,most_parsimonious,Ranked + weighted SHARK,Random 75% immutable,α = 1,1.0,109,1,2,False,,,,,,,False,7.818899999989526,No feasible counterfactual found.
Iris,3,42,10,300,0.0001,50,most_parsimonious,Ranked + weighted SHARK,Random 75% immutable,α < 1,0.30512052245041466,109,1,2,False,,,,,,,False,1.089600000000246,No feasible counterfactual found.
Iris,3,42,10,300,0.0001,50,most_parsimonious,Ranked + weighted SHARK,All features mutable,α = 1,1.0,82,0,1,True,1.0,1.0,0.6262537828593154,1.1772212989699398,1.4518498873129044,0.45184988731290443,True,1.4167999999870062,Optimization terminated successfully
Iris,3,42,10,300,0.0001,50,most_parsimonious,Ranked + weighted SHARK,All features mutable,α < 1,0.9279072178473525,82,0,1,True,1.0,1.0,0.6911984583154945,1.2367568096604793,1.3819601371114036,0.38196013711140364,True,1.4023999999892567,Optimization terminated successfully
Iris,3,42,10,300,0.0001,50,most_parsimonious,Ranked + weighted SHARK,Random 25% immutable,α = 1,1.0,82,0,1,True,1.0,1.0,0.6262537828593154,1.1772212989699398,1.4518498873129044,0.45184988731290443,True,1.4141000000051918,Optimization terminated successfully
Iris,3,42,10,300,0.0001,50,most_parsimonious,Ranked + weighted SHARK,Random 25% immutable,α < 1,0.9279072178473525,82,0,1,True,1.0,1.0,0.6911984583154945,1.2367568096604793,1.3819601371114036,0.38196013711140364,True,1.3820000000066557,Optimization terminated successfully
Iris,3,42,10,300,0.0001,50,most_parsimonious,Ranked + weighted SHARK,Random 50% immutable,α = 1,1.0,82,0,1,True,1.0,1.0,1.1707214717946355,1.653820805912597,1.0315332311569247,0.031533231156924746,True,1.57849999999371,Optimization terminated successfully
Iris,3,42,10,300,0.0001,50,most_parsimonious,Ranked + weighted SHARK,Random 50% immutable,α < 1,0.9279072178473525,82,0,1,True,2.0,2.0,1.1907634855788243,2.1445831582720287,1.0654608562456784,0.06546085624567843,True,4.789999999985639,Optimization terminated successfully
Iris,3,42,10,300,0.0001,50,most_parsimonious,Ranked + weighted SHARK,Random 75% immutable,α = 1,1.0,82,0,1,True,1.0,1.0,1.1707214717946355,1.653820805912597,1.0315332311569247,0.031533231156924746,True,1.4713999999855787,Optimization terminated successfully
Iris,3,42,10,300,0.0001,50,most_parsimonious,Ranked + weighted SHARK,Random 75% immutable,α < 1,0.9279072178473525,82,0,1,False,,,,,,,False,1.7677999999818894,No feasible counterfactual found.
Iris,3,42,10,300,0.0001,50,most_parsimonious,Ranked + weighted SHARK,All features mutable,α = 1,1.0,8,2,1,True,2.0,2.0,4.0900674782284305,3.037568138886783,1.2452610422529946,0.2452610422529946,True,11.004900000017415,Optimization terminated successfully
Iris,3,42,10,300,0.0001,50,most_parsimonious,Ranked + weighted SHARK,All features mutable,α < 1,0.9279072178473525,8,2,1,True,2.0,2.0,4.221771434905447,3.0860868989415615,1.2256833354126808,0.22568333541268082,True,6.8558999999766,Optimization terminated successfully
Iris,3,42,10,300,0.0001,50,most_parsimonious,Ranked + weighted SHARK,Random 25% immutable,α = 1,1.0,8,2,1,False,,,,,,,False,15.727099999992333,No feasible counterfactual found.
Iris,3,42,10,300,0.0001,50,most_parsimonious,Ranked + weighted SHARK,Random 25% immutable,α < 1,0.9279072178473525,8,2,1,False,,,,,,,False,28.766100000012784,No feasible counterfactual found.
Iris,3,42,10,300,0.0001,50,most_parsimonious,Ranked + weighted SHARK,Random 50% immutable,α = 1,1.0,8,2,1,False,,,,,,,False,3.6333999999840216,No feasible counterfactual found.
Iris,3,42,10,300,0.0001,50,most_parsimonious,Ranked + weighted SHARK,Random 50% immutable,α < 1,0.9279072178473525,8,2,1,False,,,,,,,False,22.280099999989034,No feasible counterfactual found.
Iris,3,42,10,300,0.0001,50,most_parsimonious,Ranked + weighted SHARK,Random 75% immutable,α = 1,1.0,8,2,1,False,,,,,,,False,8.08170000001951,No feasible counterfactual found.
Iris,3,42,10,300,0.0001,50,most_parsimonious,Ranked + weighted SHARK,Random 75% immutable,α < 1,0.9279072178473525,8,2,1,False,,,,,,,False,5.0247000000069875,No feasible counterfactual found.
Iris,3,42,10,300,0.0001,50,most_parsimonious,Ranked + weighted SHARK,All features mutable,α = 1,1.0,86,0,1,True,1.0,1.0,0.024364360062974946,0.23219904776731937,5.66208049875895,4.66208049875895,True,1.023799999984476,Optimization terminated successfully
Iris,3,42,10,300,0.0001,50,most_parsimonious,Ranked + weighted SHARK,All features mutable,α < 1,0.9279072178473525,86,0,1,True,1.0,1.0,0.03846005451906749,0.29173455818459193,4.5065956819618735,3.5065956819618735,True,0.9905000000003383,Optimization terminated successfully
Iris,3,42,10,300,0.0001,50,most_parsimonious,Ranked + weighted SHARK,Random 25% immutable,α = 1,1.0,86,0,1,True,1.0,1.0,0.045546838222478556,0.3262051225282112,3.8351497305360596,2.8351497305360596,True,1.0453000000154589,Optimization terminated successfully
Iris,3,42,10,300,0.0001,50,most_parsimonious,Ranked + weighted SHARK,Random 25% immutable,α < 1,0.9279072178473525,86,0,1,True,1.0,1.0,0.0718973893293293,0.4098436587633255,3.052494435411038,2.052494435411038,True,1.3769000000252163,Optimization terminated successfully
Iris,3,42,10,300,0.0001,50,most_parsimonious,Ranked + weighted SHARK,Random 50% immutable,α = 1,1.0,86,0,1,True,1.0,1.0,0.024364360062974946,0.23219904776731937,5.66208049875895,4.66208049875895,True,0.9871999999973013,Optimization terminated successfully
Iris,3,42,10,300,0.0001,50,most_parsimonious,Ranked + weighted SHARK,Random 50% immutable,α < 1,0.9279072178473525,86,0,1,True,1.0,1.0,0.03846005451906749,0.29173455818459193,4.5065956819618735,3.5065956819618735,True,0.9857000000010885,Optimization terminated successfully
Iris,3,42,10,300,0.0001,50,most_parsimonious,Ranked + weighted SHARK,Random 75% immutable,α = 1,1.0,86,0,1,True,1.0,1.0,0.045546838222478556,0.3262051225282112,3.8351497305360596,2.8351497305360596,True,1.012500000001637,Optimization terminated successfully
Iris,3,42,10,300,0.0001,50,most_parsimonious,Ranked + weighted SHARK,Random 75% immutable,α < 1,0.9279072178473525,86,0,1,True,1.0,1.0,0.0718973893293293,0.4098436587633255,3.052494435411038,2.052494435411038,True,1.383900000007543,Optimization terminated successfully
Iris,3,42,10,300,0.0001,50,most_parsimonious,Ranked + weighted SHARK,All features mutable,α = 1,1.0,57,0,1,True,1.0,1.0,1.6211751614918894,1.894078177800093,1.0411896263865548,0.04118962638655477,True,1.3486999999940963,Optimization terminated successfully
Iris,3,42,10,300,0.0001,50,most_parsimonious,Ranked + weighted SHARK,All features mutable,α < 1,0.9279072178473525,57,0,1,True,1.0,1.0,1.7246918829643123,1.95361368849063,1.009459834310566,0.009459834310566073,True,1.4132999999958429,Optimization terminated successfully
Iris,3,42,10,300,0.0001,50,most_parsimonious,Ranked + weighted SHARK,Random 25% immutable,α = 1,1.0,57,0,1,True,1.0,1.0,1.6211751614918894,1.894078177800093,1.0411896263865548,0.04118962638655477,True,1.341899999999896,Optimization terminated successfully
Iris,3,42,10,300,0.0001,50,most_parsimonious,Ranked + weighted SHARK,Random 25% immutable,α < 1,0.9279072178473525,57,0,1,True,1.0,1.0,1.7246918829643123,1.95361368849063,1.009459834310566,0.009459834310566073,True,1.3596999999947457,Optimization terminated successfully
Iris,3,42,10,300,0.0001,50,most_parsimonious,Ranked + weighted SHARK,Random 50% immutable,α = 1,1.0,57,0,1,True,1.0,1.0,1.6211751614918894,1.894078177800093,1.0411896263865548,0.04118962638655477,True,1.33779999998751,Optimization terminated successfully
Iris,3,42,10,300,0.0001,50,most_parsimonious,Ranked + weighted SHARK,Random 50% immutable,α < 1,0.9279072178473525,57,0,1,True,1.0,1.0,1.7246918829643123,1.95361368849063,1.009459834310566,0.009459834310566073,True,1.3218999999935477,Optimization terminated successfully
Iris,3,42,10,300,0.0001,50,most_parsimonious,Ranked + weighted SHARK,Random 75% immutable,α = 1,1.0,57,0,1,False,,,,,,,False,4.556100000002061,No feasible counterfactual found.
Iris,3,42,10,300,0.0001,50,most_parsimonious,Ranked + weighted SHARK,Random 75% immutable,α < 1,0.9279072178473525,57,0,1,False,,,,,,,False,9.878899999989699,No feasible counterfactual found.
Iris,3,42,10,300,0.0001,50,most_parsimonious,Ranked + weighted SHARK,All features mutable,α = 1,1.0,117,1,2,True,2.0,2.0,3.857582601007337,2.9660858703753363,1.4068014087493335,0.40680140874933346,True,7.950700000009192,Optimization terminated successfully
Iris,3,42,10,300,0.0001,50,most_parsimonious,Ranked + weighted SHARK,All features mutable,α < 1,0.30512052245041466,117,1,2,True,2.0,2.0,6.289418936816088,3.7873144519217425,1.1017553236573676,0.10175532365736761,True,6.854399999980387,Optimization terminated successfully
Iris,3,42,10,300,0.0001,50,most_parsimonious,Ranked + weighted SHARK,Random 25% immutable,α = 1,1.0,117,1,2,True,2.0,2.0,3.857582601007337,2.9660858703753363,1.4068014087493335,0.40680140874933346,True,8.570999999989226,Optimization terminated successfully
Iris,3,42,10,300,0.0001,50,most_parsimonious,Ranked + weighted SHARK,Random 25% immutable,α < 1,0.30512052245041466,117,1,2,True,2.0,2.0,6.289418936816088,3.7873144519217425,1.1017553236573676,0.10175532365736761,True,3.090399999990723,Optimization terminated successfully
Iris,3,42,10,300,0.0001,50,most_parsimonious,Ranked + weighted SHARK,Random 50% immutable,α = 1,1.0,117,1,2,True,2.0,2.0,3.857582601007337,2.9660858703753363,1.4068014087493335,0.40680140874933346,True,7.3554000000228825,Optimization terminated successfully
Iris,3,42,10,300,0.0001,50,most_parsimonious,Ranked + weighted SHARK,Random 50% immutable,α < 1,0.30512052245041466,117,1,2,True,2.0,2.0,6.289418936816088,3.7873144519217425,1.1017553236573676,0.10175532365736761,True,2.885400000025129,Optimization terminated successfully
Iris,3,42,10,300,0.0001,50,most_parsimonious,Ranked + weighted SHARK,Random 75% immutable,α = 1,1.0,117,1,2,False,,,,,,,False,5.230299999993804,No feasible counterfactual found.
Iris,3,42,10,300,0.0001,50,most_parsimonious,Ranked + weighted SHARK,Random 75% immutable,α < 1,0.30512052245041466,117,1,2,False,,,,,,,False,0.9187999999937801,No feasible counterfactual found.
Iris,3,42,10,300,0.0001,50,most_parsimonious,Ranked + weighted SHARK,All features mutable,α = 1,1.0,70,1,2,True,2.0,2.0,1.318615999698622,1.7341444619944433,1.661898122971794,0.661898122971794,True,13.996600000012904,Optimization terminated successfully
Iris,3,42,10,300,0.0001,50,most_parsimonious,Ranked + weighted SHARK,All features mutable,α < 1,0.30512052245041466,70,1,2,True,2.0,2.0,2.863231161897287,2.5553730418938443,1.1278084924957994,0.1278084924957994,True,9.657500000002983,Optimization terminated successfully
Iris,3,42,10,300,0.0001,50,most_parsimonious,Ranked + weighted SHARK,Random 25% immutable,α = 1,1.0,70,1,2,True,3.0,3.0,2.390426868589027,3.494748430637022,1.074492958970667,0.0744929589706671,True,25.189100000005737,Optimization terminated successfully
Iris,3,42,10,300,0.0001,50,most_parsimonious,Ranked + weighted SHARK,Random 25% immutable,α < 1,0.30512052245041466,70,1,2,False,,,,,,,False,26.58850000000257,No feasible counterfactual found.
Iris,3,42,10,300,0.0001,50,most_parsimonious,Ranked + weighted SHARK,Random 50% immutable,α = 1,1.0,70,1,2,True,2.0,2.0,2.1799015368888215,3.004229058083106,1.005277241235748,0.00527724123574802,True,12.205999999991946,Optimization terminated successfully
Iris,3,42,10,300,0.0001,50,most_parsimonious,Ranked + weighted SHARK,Random 50% immutable,α < 1,0.30512052245041466,70,1,2,False,,,,,,,False,22.849199999996017,No feasible counterfactual found.
Iris,3,42,10,300,0.0001,50,most_parsimonious,Ranked + weighted SHARK,Random 75% immutable,α = 1,1.0,70,1,2,False,,,,,,,False,7.945500000005268,No feasible counterfactual found.
Iris,3,42,10,300,0.0001,50,most_parsimonious,Ranked + weighted SHARK,Random 75% immutable,α < 1,0.30512052245041466,70,1,2,False,,,,,,,False,1.731299999988778,No feasible counterfactual found.
Iris,3,42,10,300,0.0001,50,most_parsimonious,Ranked + weighted SHARK,All features mutable,α = 1,1.0,29,2,1,True,2.0,2.0,3.6987706503640734,2.8886138796150473,1.3094741678337793,0.30947416783377935,True,2.928900000000567,Optimization terminated successfully
Iris,3,42,10,300,0.0001,50,most_parsimonious,Ranked + weighted SHARK,All features mutable,α < 1,0.9279072178473525,29,2,1,True,2.0,2.0,3.8240673665435194,2.9371326394935866,1.2878428494869183,0.2878428494869183,True,6.726499999984981,Optimization terminated successfully
Iris,3,42,10,300,0.0001,50,most_parsimonious,Ranked + weighted SHARK,Random 25% immutable,α = 1,1.0,29,2,1,True,2.0,2.0,3.6987706503640734,2.8886138796150473,1.3094741678337793,0.30947416783377935,True,3.083199999991848,Optimization terminated successfully
Iris,3,42,10,300,0.0001,50,most_parsimonious,Ranked + weighted SHARK,Random 25% immutable,α < 1,0.9279072178473525,29,2,1,True,2.0,2.0,3.8240673665435194,2.9371326394935866,1.2878428494869183,0.2878428494869183,True,6.925499999994145,Optimization terminated successfully
Iris,3,42,10,300,0.0001,50,most_parsimonious,Ranked + weighted SHARK,Random 50% immutable,α = 1,1.0,29,2,1,False,,,,,,,False,9.577100000001337,No feasible counterfactual found.
Iris,3,42,10,300,0.0001,50,most_parsimonious,Ranked + weighted SHARK,Random 50% immutable,α < 1,0.9279072178473525,29,2,1,False,,,,,,,False,15.102200000001176,No feasible counterfactual found.
Iris,3,42,10,300,0.0001,50,most_parsimonious,Ranked + weighted SHARK,Random 75% immutable,α = 1,1.0,29,2,1,False,,,,,,,False,1.0227999999870008,No feasible counterfactual found.
Iris,3,42,10,300,0.0001,50,most_parsimonious,Ranked + weighted SHARK,Random 75% immutable,α < 1,0.9279072178473525,29,2,1,False,,,,,,,False,4.520800000022973,No feasible counterfactual found.
Iris,3,42,10,300,0.0001,50,most_parsimonious,Ranked + weighted SHARK,All features mutable,α = 1,1.0,106,0,1,True,1.0,1.0,0.1007996534739644,0.472294022939432,2.2269681788665627,1.2269681788665627,True,0.9713000000033389,Optimization terminated successfully
Iris,3,42,10,300,0.0001,50,most_parsimonious,Ranked + weighted SHARK,All features mutable,α < 1,0.9279072178473525,106,0,1,True,1.0,1.0,0.12781418118080526,0.5318295336299711,1.9776708393309819,0.9776708393309819,True,1.288399999992862,Optimization terminated successfully
Iris,3,42,10,300,0.0001,50,most_parsimonious,Ranked + weighted SHARK,Random 25% immutable,α = 1,1.0,106,0,1,True,1.0,1.0,0.1884352987580098,0.6635028454962903,2.0569269672403943,1.0569269672403943,True,0.9702000000118005,Optimization terminated successfully
Iris,3,42,10,300,0.0001,50,most_parsimonious,Ranked + weighted SHARK,Random 25% immutable,α < 1,0.9279072178473525,106,0,1,True,1.0,1.0,0.2389363711705246,0.7471413817314043,1.8266648443154907,0.8266648443154907,True,1.5344999999911124,Optimization terminated successfully
Iris,3,42,10,300,0.0001,50,most_parsimonious,Ranked + weighted SHARK,Random 50% immutable,α = 1,1.0,106,0,1,True,1.0,1.0,0.1007996534739644,0.472294022939432,2.2269681788665627,1.2269681788665627,True,1.398599999987482,Optimization terminated successfully
Iris,3,42,10,300,0.0001,50,most_parsimonious,Ranked + weighted SHARK,Random 50% immutable,α < 1,0.9279072178473525,106,0,1,True,1.0,1.0,0.12781418118080526,0.5318295336299711,1.9776708393309819,0.9776708393309819,True,1.74039999998854,Optimization terminated successfully
Iris,3,42,10,300,0.0001,50,most_parsimonious,Ranked + weighted SHARK,Random 75% immutable,α = 1,1.0,106,0,1,True,1.0,1.0,0.1884352987580098,0.6635028454962903,2.0569269672403943,1.0569269672403943,True,0.9553000000153133,Optimization terminated successfully
Iris,3,42,10,300,0.0001,50,most_parsimonious,Ranked + weighted SHARK,Random 75% immutable,α < 1,0.9279072178473525,106,0,1,True,1.0,1.0,0.2389363711705246,0.7471413817314043,1.8266648443154907,0.8266648443154907,True,1.2681999999983873,Optimization terminated successfully
Iris,3,42,10,300,0.0001,50,most_parsimonious,Ranked + weighted SHARK,All features mutable,α = 1,1.0,97,0,2,True,2.0,2.0,0.592505838731133,1.162445016576054,2.0511907154381026,1.0511907154381026,True,5.706299999985731,Optimization terminated successfully
Iris,3,42,10,300,0.0001,50,most_parsimonious,Ranked + weighted SHARK,All features mutable,α < 1,0.30512052245041466,97,0,2,True,2.0,2.0,1.725393746774738,1.983673596737466,1.2020104781815029,0.20201047818150286,True,10.466999999977133,Optimization terminated successfully
Iris,3,42,10,300,0.0001,50,most_parsimonious,Ranked + weighted SHARK,Random 25% immutable,α = 1,1.0,97,0,2,True,2.0,2.0,0.592505838731133,1.162445016576054,2.0511907154381026,1.0511907154381026,True,5.68590000000313,Optimization terminated successfully
Iris,3,42,10,300,0.0001,50,most_parsimonious,Ranked + weighted SHARK,Random 25% immutable,α < 1,0.30512052245041466,97,0,2,True,2.0,2.0,1.725393746774738,1.983673596737466,1.2020104781815029,0.20201047818150286,True,10.553400000020474,Optimization terminated successfully
Iris,3,42,10,300,0.0001,50,most_parsimonious,Ranked + weighted SHARK,Random 50% immutable,α = 1,1.0,97,0,2,True,1.0,1.0,1.079630264615983,1.5881780325324673,1.181585561067735,0.18158556106773505,True,1.382199999994782,Optimization terminated successfully
Iris,3,42,10,300,0.0001,50,most_parsimonious,Ranked + weighted SHARK,Random 50% immutable,α < 1,0.30512052245041466,97,0,2,False,,,,,,,False,9.157499999986385,No feasible counterfactual found.
Iris,3,42,10,300,0.0001,50,most_parsimonious,Ranked + weighted SHARK,Random 75% immutable,α = 1,1.0,97,0,2,True,1.0,1.0,1.079630264615983,1.5881780325324673,1.181585561067735,0.18158556106773505,True,1.338599999996859,Optimization terminated successfully
Iris,3,42,10,300,0.0001,50,most_parsimonious,Ranked + weighted SHARK,Random 75% immutable,α < 1,0.30512052245041466,97,0,2,False,,,,,,,False,3.698100000008253,No feasible counterfactual found.
Iris,3,42,10,300,0.0001,50,most_parsimonious,Ranked + weighted SHARK,All features mutable,α = 1,1.0,78,0,2,True,2.0,2.0,0.8643419738278406,1.404005808925548,1.8906241949060787,0.8906241949060787,True,14.56949999999324,Optimization terminated successfully
Iris,3,42,10,300,0.0001,50,most_parsimonious,Ranked + weighted SHARK,All features mutable,α < 1,0.30512052245041466,78,0,2,True,2.0,2.0,2.1711974490316575,2.225234389479551,1.1928843701698466,0.1928843701698466,True,16.447500000026594,Optimization terminated successfully
Iris,3,42,10,300,0.0001,50,most_parsimonious,Ranked + weighted SHARK,Random 25% immutable,α = 1,1.0,78,0,2,True,2.0,2.0,0.8643419738278406,1.404005808925548,1.8906241949060787,0.8906241949060787,True,15.425700000008646,Optimization terminated successfully
Iris,3,42,10,300,0.0001,50,most_parsimonious,Ranked + weighted SHARK,Random 25% immutable,α < 1,0.30512052245041466,78,0,2,True,2.0,2.0,2.1711974490316575,2.225234389479551,1.1928843701698466,0.1928843701698466,True,15.718099999986634,Optimization terminated successfully
Iris,3,42,10,300,0.0001,50,most_parsimonious,Ranked + weighted SHARK,Random 50% immutable,α = 1,1.0,78,0,2,True,1.0,1.0,1.5749545286351916,1.9182078732685932,1.0375828748071998,0.037582874807199795,True,1.349199999992834,Optimization terminated successfully
Iris,3,42,10,300,0.0001,50,most_parsimonious,Ranked + weighted SHARK,Random 50% immutable,α < 1,0.30512052245041466,78,0,2,False,,,,,,,False,8.300599999984115,No feasible counterfactual found.
Iris,3,42,10,300,0.0001,50,most_parsimonious,Ranked + weighted SHARK,Random 75% immutable,α = 1,1.0,78,0,2,False,,,,,,,False,12.8516999999988,No feasible counterfactual found.
Iris,3,42,10,300,0.0001,50,most_parsimonious,Ranked + weighted SHARK,Random 75% immutable,α < 1,0.30512052245041466,78,0,2,False,,,,,,,False,13.559000000014976,No feasible counterfactual found.
Iris,3,42,10,300,0.0001,50,most_parsimonious,Ranked + weighted SHARK,All features mutable,α = 1,1.0,22,2,0,True,1.0,1.0,2.155430997466386,2.183986713638957,1.3845680889730374,0.3845680889730374,True,1.3227000000028966,Optimization terminated successfully
Iris,3,42,10,300,0.0001,50,most_parsimonious,Ranked + weighted SHARK,All features mutable,α < 1,0.8609434863422094,22,2,0,True,1.0,1.0,2.657379103728771,2.424988524061714,1.246966029093109,0.24696602909310905,True,1.3048000000139837,Optimization terminated successfully
Iris,3,42,10,300,0.0001,50,most_parsimonious,Ranked + weighted SHARK,Random 25% immutable,α = 1,1.0,22,2,0,True,1.0,1.0,2.155430997466386,2.183986713638957,1.3845680889730374,0.3845680889730374,True,1.65590000000293,Optimization terminated successfully
Iris,3,42,10,300,0.0001,50,most_parsimonious,Ranked + weighted SHARK,Random 25% immutable,α < 1,0.8609434863422094,22,2,0,True,1.0,1.0,2.657379103728771,2.424988524061714,1.246966029093109,0.24696602909310905,True,1.3194999999939228,Optimization terminated successfully
Iris,3,42,10,300,0.0001,50,most_parsimonious,Ranked + weighted SHARK,Random 50% immutable,α = 1,1.0,22,2,0,False,,,,,,,False,5.151000000012118,No feasible counterfactual found.
Iris,3,42,10,300,0.0001,50,most_parsimonious,Ranked + weighted SHARK,Random 50% immutable,α < 1,0.8609434863422094,22,2,0,False,,,,,,,False,20.41560000000686,No feasible counterfactual found.
Iris,3,42,10,300,0.0001,50,most_parsimonious,Ranked + weighted SHARK,Random 75% immutable,α = 1,1.0,22,2,0,False,,,,,,,False,13.494699999995419,No feasible counterfactual found.
Iris,3,42,10,300,0.0001,50,most_parsimonious,Ranked + weighted SHARK,Random 75% immutable,α < 1,0.8609434863422094,22,2,0,False,,,,,,,False,2.5025999999854776,No feasible counterfactual found.
Iris,3,42,10,300,0.0001,50,most_parsimonious,Ranked + weighted SHARK,All features mutable,α = 1,1.0,121,1,2,True,2.0,2.0,1.7442963108798997,1.9945100729525982,1.4829771026307466,0.48297710263074656,True,6.290699999993876,Optimization terminated successfully
Iris,3,42,10,300,0.0001,50,most_parsimonious,Ranked + weighted SHARK,All features mutable,α < 1,0.30512052245041466,121,1,2,True,2.0,2.0,3.476421919199164,2.8157386528626884,1.0504571378537488,0.050457137853748835,True,4.337200000009034,Optimization terminated successfully
Iris,3,42,10,300,0.0001,50,most_parsimonious,Ranked + weighted SHARK,Random 25% immutable,α = 1,1.0,121,1,2,True,2.0,2.0,1.7442963108798997,1.9945100729525982,1.4829771026307466,0.48297710263074656,True,6.597300000009909,Optimization terminated successfully
Iris,3,42,10,300,0.0001,50,most_parsimonious,Ranked + weighted SHARK,Random 25% immutable,α < 1,0.30512052245041466,121,1,2,True,2.0,2.0,3.476421919199164,2.8157386528626884,1.0504571378537488,0.050457137853748835,True,4.430299999995668,Optimization terminated successfully
Iris,3,42,10,300,0.0001,50,most_parsimonious,Ranked + weighted SHARK,Random 50% immutable,α = 1,1.0,121,1,2,False,,,,,,,False,2.091199999995297,No feasible counterfactual found.
Iris,3,42,10,300,0.0001,50,most_parsimonious,Ranked + weighted SHARK,Random 50% immutable,α < 1,0.30512052245041466,121,1,2,False,,,,,,,False,4.865899999998646,No feasible counterfactual found.
Iris,3,42,10,300,0.0001,50,most_parsimonious,Ranked + weighted SHARK,Random 75% immutable,α = 1,1.0,121,1,2,False,,,,,,,False,2.382500000010168,No feasible counterfactual found.
Iris,3,42,10,300,0.0001,50,most_parsimonious,Ranked + weighted SHARK,Random 75% immutable,α < 1,0.30512052245041466,121,1,2,False,,,,,,,False,4.995400000012751,No feasible counterfactual found.
Iris,3,42,10,300,0.0001,50,most_parsimonious,Ranked + weighted SHARK,All features mutable,α = 1,1.0,15,2,1,True,2.0,2.0,2.564090608066074,2.405068644166746,1.4359866879133891,0.4359866879133891,True,9.294999999980291,Optimization terminated successfully
Iris,3,42,10,300,0.0001,50,most_parsimonious,Ranked + weighted SHARK,All features mutable,α < 1,0.9279072178473525,15,2,1,True,2.0,2.0,2.6685877134207665,2.453587403071089,1.4075905853649573,0.4075905853649573,True,9.445099999993545,Optimization terminated successfully
Iris,3,42,10,300,0.0001,50,most_parsimonious,Ranked + weighted SHARK,Random 25% immutable,α = 1,1.0,15,2,1,True,2.0,2.0,2.564090608066074,2.405068644166746,1.4359866879133891,0.4359866879133891,True,8.219199999984994,Optimization terminated successfully
Iris,3,42,10,300,0.0001,50,most_parsimonious,Ranked + weighted SHARK,Random 25% immutable,α < 1,0.9279072178473525,15,2,1,True,2.0,2.0,2.6685877134207665,2.453587403071089,1.4075905853649573,0.4075905853649573,True,8.614900000026182,Optimization terminated successfully
Iris,3,42,10,300,0.0001,50,most_parsimonious,Ranked + weighted SHARK,Random 50% immutable,α = 1,1.0,15,2,1,True,2.0,2.0,3.4599886701290754,3.516910684220253,1.064165324216996,0.06416532421699594,True,8.544499999999289,Optimization terminated successfully
Iris,3,42,10,300,0.0001,50,most_parsimonious,Ranked + weighted SHARK,Random 50% immutable,α < 1,0.9279072178473525,15,2,1,True,2.0,2.0,3.600997260298261,3.587859194835779,1.0431218541670075,0.043121854167007534,True,15.606399999995801,Optimization terminated successfully
Iris,3,42,10,300,0.0001,50,most_parsimonious,Ranked + weighted SHARK,Random 75% immutable,α = 1,1.0,15,2,1,False,,,,,,,False,3.4452000000158023,No feasible counterfactual found.
Iris,3,42,10,300,0.0001,50,most_parsimonious,Ranked + weighted SHARK,Random 75% immutable,α < 1,0.9279072178473525,15,2,1,False,,,,,,,False,3.030499999994163,No feasible counterfactual found.
Iris,3,42,10,300,0.0001,50,most_parsimonious,Ranked + weighted SHARK,All features mutable,α = 1,1.0,10,2,1,True,2.0,2.0,3.361171757483623,2.7536335540542813,1.3736632607812416,0.37366326078124157,True,6.673199999994495,Optimization terminated successfully
Iris,3,42,10,300,0.0001,50,most_parsimonious,Ranked + weighted SHARK,All features mutable,α < 1,0.9279072178473525,10,2,1,True,2.0,2.0,3.4806623196562647,2.8021523138556668,1.349878532033165,0.349878532033165,True,3.5551999999938744,Optimization terminated successfully
Iris,3,42,10,300,0.0001,50,most_parsimonious,Ranked + weighted SHARK,Random 25% immutable,α = 1,1.0,10,2,1,True,2.0,2.0,3.361171757483623,2.7536335540542813,1.3736632607812416,0.37366326078124157,True,6.935700000013867,Optimization terminated successfully
Iris,3,42,10,300,0.0001,50,most_parsimonious,Ranked + weighted SHARK,Random 25% immutable,α < 1,0.9279072178473525,10,2,1,True,2.0,2.0,3.4806623196562647,2.8021523138556668,1.349878532033165,0.349878532033165,True,3.4331000000236145,Optimization terminated successfully
Iris,3,42,10,300,0.0001,50,most_parsimonious,Ranked + weighted SHARK,Random 50% immutable,α = 1,1.0,10,2,1,False,,,,,,,False,18.775000000005093,No feasible counterfactual found.
Iris,3,42,10,300,0.0001,50,most_parsimonious,Ranked + weighted SHARK,Random 50% immutable,α < 1,0.9279072178473525,10,2,1,False,,,,,,,False,9.738900000002104,No feasible counterfactual found.
Iris,3,42,10,300,0.0001,50,most_parsimonious,Ranked + weighted SHARK,Random 75% immutable,α = 1,1.0,10,2,1,False,,,,,,,False,6.017799999995077,No feasible counterfactual found.
Iris,3,42,10,300,0.0001,50,most_parsimonious,Ranked + weighted SHARK,Random 75% immutable,α < 1,0.9279072178473525,10,2,1,False,,,,,,,False,2.0777999999950225,No feasible counterfactual found.
Iris,3,42,10,300,0.0001,50,most_parsimonious,Ranked + weighted SHARK,All features mutable,α = 1,1.0,137,1,0,True,1.0,1.0,0.08411271301458881,0.4314333869987081,5.180499603606351,4.180499603606351,True,1.380600000004506,Optimization terminated successfully
Iris,3,42,10,300,0.0001,50,most_parsimonious,Ranked + weighted SHARK,All features mutable,α < 1,0.8609434863422094,137,1,0,True,1.0,1.0,0.1348487261821974,0.5462687464932716,4.091466891849508,3.0914668918495076,True,1.3084999999932734,Optimization terminated successfully
Iris,3,42,10,300,0.0001,50,most_parsimonious,Ranked + weighted SHARK,Random 25% immutable,α = 1,1.0,137,1,0,True,1.0,1.0,0.08411271301458881,0.4314333869987081,5.180499603606351,4.180499603606351,True,1.2930000000039854,Optimization terminated successfully
Iris,3,42,10,300,0.0001,50,most_parsimonious,Ranked + weighted SHARK,Random 25% immutable,α < 1,0.8609434863422094,137,1,0,True,1.0,1.0,0.1348487261821974,0.5462687464932716,4.091466891849508,3.0914668918495076,True,1.3145000000065465,Optimization terminated successfully
Iris,3,42,10,300,0.0001,50,most_parsimonious,Ranked + weighted SHARK,Random 50% immutable,α = 1,1.0,137,1,0,True,1.0,1.0,0.1572406616491462,0.6060997302785169,4.222005969777374,3.222005969777374,True,1.2868000000025859,Optimization terminated successfully
Iris,3,42,10,300,0.0001,50,most_parsimonious,Ranked + weighted SHARK,Random 50% immutable,α < 1,0.8609434863422094,137,1,0,True,1.0,1.0,0.2520867793642033,0.7674263278797809,3.3344655852323344,2.3344655852323344,True,1.268699999997125,Optimization terminated successfully
Iris,3,42,10,300,0.0001,50,most_parsimonious,Ranked + weighted SHARK,Random 75% immutable,α = 1,1.0,137,1,0,True,1.0,1.0,0.08411271301458881,0.4314333869987081,5.180499603606351,4.180499603606351,True,1.3186000000189324,Optimization terminated successfully
Iris,3,42,10,300,0.0001,50,most_parsimonious,Ranked + weighted SHARK,Random 75% immutable,α < 1,0.8609434863422094,137,1,0,True,1.0,1.0,0.1348487261821974,0.5462687464932716,4.091466891849508,3.0914668918495076,True,1.32959999999116,Optimization terminated successfully
